child_id,clip_id,backend_name,model_name,split,premise_text,full_prompt_text,candidate_labels,predicted_label,confidence,evidence,limitations,timestamp,prompt_version,feature_summary
1Ab4vLMMAbY_2354-2439:person_1,1Ab4vLMMAbY_2354-2439,rule-based,rule-based,test,"Child gaze behavior summary. split=test, observed_frames=86, visible_ratio=0.919, on_screen_ratio=0.919, gaze_shift_ratio=0.047, occlusion_ratio=0.000, eyes_closed_ratio=0.000, mean_head_motion=2.26, mean_gaze_motion=19.52, attention_stability_score=0.822, dominant_gaze_class=inside_visible, num_segments=6, num_interactions=6, segment_types=['outside', 'stable', 'shift', 'stable', 'shift', 'stable'], interaction_events=['reduced_visual_availability', 'focused_attention', 'attention_shift', 'monitoring', 'attention_shift', 'monitoring'].",,"[""focused_attention"", ""exploratory_attention"", ""occluded_attention"", ""reduced_visual_availability"", ""mixed_attention""]",focused_attention,0.84,"[""visible_ratio=0.919"", ""gaze_shift_ratio=0.047"", ""occlusion_ratio=0.000"", ""eyes_closed_ratio=0.000"", ""mean_gaze_motion=19.52"", ""attention_stability_score=0.822"", ""max_visible_streak=43"", ""segments=6"", ""interactions=6""]","[""Interpretation is limited to annotation-derived behavior and not video context.""]",2026-04-06T15:39:30+00:00,childplay-behavior-v1,visible_ratio=0.919; gaze_shift_ratio=0.047; occlusion_ratio=0.000; eyes_closed_ratio=0.000; mean_gaze_motion=19.52; attention_stability_score=0.822; dominant_gaze_class=inside_visible; observed_frames=86
1Ab4vLMMAbY_412-554:person_1,1Ab4vLMMAbY_412-554,rule-based,rule-based,test,"Child gaze behavior summary. split=test, observed_frames=143, visible_ratio=0.783, on_screen_ratio=0.972, gaze_shift_ratio=0.028, occlusion_ratio=0.189, eyes_closed_ratio=0.000, mean_head_motion=3.06, mean_gaze_motion=26.93, attention_stability_score=0.741, dominant_gaze_class=inside_visible, num_segments=13, num_interactions=14, segment_types=['stable', 'occluded', 'stable', 'occluded', 'stable', 'shift', 'stable', 'shift'], interaction_events=['monitoring', 'reduced_visual_availability', 'monitoring', 'reduced_visual_availability', 'monitoring', 'attention_shift', 'monitoring', 'attention_shift'].",,"[""focused_attention"", ""exploratory_attention"", ""occluded_attention"", ""reduced_visual_availability"", ""mixed_attention""]",focused_attention,0.84,"[""visible_ratio=0.783"", ""gaze_shift_ratio=0.028"", ""occlusion_ratio=0.189"", ""eyes_closed_ratio=0.000"", ""mean_gaze_motion=26.93"", ""attention_stability_score=0.741"", ""max_visible_streak=61"", ""segments=13"", ""interactions=14""]","[""Interpretation is limited to annotation-derived behavior and not video context.""]",2026-04-06T15:39:30+00:00,childplay-behavior-v1,visible_ratio=0.783; gaze_shift_ratio=0.028; occlusion_ratio=0.189; eyes_closed_ratio=0.000; mean_gaze_motion=26.93; attention_stability_score=0.741; dominant_gaze_class=inside_visible; observed_frames=143
1Ab4vLMMAbY_557-690:person_1,1Ab4vLMMAbY_557-690,rule-based,rule-based,test,"Child gaze behavior summary. split=test, observed_frames=134, visible_ratio=1.000, on_screen_ratio=1.000, gaze_shift_ratio=0.000, occlusion_ratio=0.000, eyes_closed_ratio=0.000, mean_head_motion=7.52, mean_gaze_motion=26.65, attention_stability_score=0.987, dominant_gaze_class=inside_visible, num_segments=7, num_interactions=8, segment_types=['stable', 'shift', 'stable', 'shift', 'stable', 'shift', 'stable'], interaction_events=['focused_attention', 'attention_shift', 'focused_attention', 'attention_shift', 'focused_attention', 'attention_shift', 'focused_attention', 'exploratory_behavior'].",,"[""focused_attention"", ""exploratory_attention"", ""occluded_attention"", ""reduced_visual_availability"", ""mixed_attention""]",focused_attention,0.84,"[""visible_ratio=1.000"", ""gaze_shift_ratio=0.000"", ""occlusion_ratio=0.000"", ""eyes_closed_ratio=0.000"", ""mean_gaze_motion=26.65"", ""attention_stability_score=0.987"", ""max_visible_streak=134"", ""segments=7"", ""interactions=8""]","[""Interpretation is limited to annotation-derived behavior and not video context.""]",2026-04-06T15:39:30+00:00,childplay-behavior-v1,visible_ratio=1.000; gaze_shift_ratio=0.000; occlusion_ratio=0.000; eyes_closed_ratio=0.000; mean_gaze_motion=26.65; attention_stability_score=0.987; dominant_gaze_class=inside_visible; observed_frames=134
31lG75MDwSA_2857-2928:person_1,31lG75MDwSA_2857-2928,rule-based,rule-based,test,"Child gaze behavior summary. split=test, observed_frames=72, visible_ratio=1.000, on_screen_ratio=1.000, gaze_shift_ratio=0.000, occlusion_ratio=0.000, eyes_closed_ratio=0.000, mean_head_motion=3.06, mean_gaze_motion=26.70, attention_stability_score=0.987, dominant_gaze_class=inside_visible, num_segments=5, num_interactions=5, segment_types=['stable', 'shift', 'stable', 'shift', 'stable'], interaction_events=['monitoring', 'attention_shift', 'monitoring', 'attention_shift', 'focused_attention'].",,"[""focused_attention"", ""exploratory_attention"", ""occluded_attention"", ""reduced_visual_availability"", ""mixed_attention""]",focused_attention,0.84,"[""visible_ratio=1.000"", ""gaze_shift_ratio=0.000"", ""occlusion_ratio=0.000"", ""eyes_closed_ratio=0.000"", ""mean_gaze_motion=26.70"", ""attention_stability_score=0.987"", ""max_visible_streak=72"", ""segments=5"", ""interactions=5""]","[""Interpretation is limited to annotation-derived behavior and not video context.""]",2026-04-06T15:39:30+00:00,childplay-behavior-v1,visible_ratio=1.000; gaze_shift_ratio=0.000; occlusion_ratio=0.000; eyes_closed_ratio=0.000; mean_gaze_motion=26.70; attention_stability_score=0.987; dominant_gaze_class=inside_visible; observed_frames=72
31lG75MDwSA_3180-3306:person_1,31lG75MDwSA_3180-3306,rule-based,rule-based,test,"Child gaze behavior summary. split=test, observed_frames=127, visible_ratio=0.976, on_screen_ratio=0.976, gaze_shift_ratio=0.024, occlusion_ratio=0.000, eyes_closed_ratio=0.000, mean_head_motion=1.80, mean_gaze_motion=15.54, attention_stability_score=0.854, dominant_gaze_class=inside_visible, num_segments=9, num_interactions=10, segment_types=['stable', 'shift', 'stable', 'shift', 'stable', 'shift', 'stable', 'shift'], interaction_events=['monitoring', 'attention_shift', 'focused_attention', 'attention_shift', 'monitoring', 'attention_shift', 'monitoring', 'attention_shift'].",,"[""focused_attention"", ""exploratory_attention"", ""occluded_attention"", ""reduced_visual_availability"", ""mixed_attention""]",focused_attention,0.84,"[""visible_ratio=0.976"", ""gaze_shift_ratio=0.024"", ""occlusion_ratio=0.000"", ""eyes_closed_ratio=0.000"", ""mean_gaze_motion=15.54"", ""attention_stability_score=0.854"", ""max_visible_streak=64"", ""segments=9"", ""interactions=10""]","[""Interpretation is limited to annotation-derived behavior and not video context.""]",2026-04-06T15:39:30+00:00,childplay-behavior-v1,visible_ratio=0.976; gaze_shift_ratio=0.024; occlusion_ratio=0.000; eyes_closed_ratio=0.000; mean_gaze_motion=15.54; attention_stability_score=0.854; dominant_gaze_class=inside_visible; observed_frames=127
31lG75MDwSA_4686-4764:person_2,31lG75MDwSA_4686-4764,rule-based,rule-based,test,"Child gaze behavior summary. split=test, observed_frames=79, visible_ratio=0.671, on_screen_ratio=0.823, gaze_shift_ratio=0.177, occlusion_ratio=0.152, eyes_closed_ratio=0.000, mean_head_motion=3.47, mean_gaze_motion=18.14, attention_stability_score=0.649, dominant_gaze_class=inside_visible, num_segments=5, num_interactions=5, segment_types=['stable', 'occluded', 'stable', 'shift', 'stable'], interaction_events=['monitoring', 'reduced_visual_availability', 'monitoring', 'attention_shift', 'monitoring'].",,"[""focused_attention"", ""exploratory_attention"", ""occluded_attention"", ""reduced_visual_availability"", ""mixed_attention""]",mixed_attention,0.68,"[""visible_ratio=0.671"", ""gaze_shift_ratio=0.177"", ""occlusion_ratio=0.152"", ""eyes_closed_ratio=0.000"", ""mean_gaze_motion=18.14"", ""attention_stability_score=0.649"", ""max_visible_streak=26"", ""segments=5"", ""interactions=5""]","[""Interpretation is limited to annotation-derived behavior and not video context.""]",2026-04-06T15:39:30+00:00,childplay-behavior-v1,visible_ratio=0.671; gaze_shift_ratio=0.177; occlusion_ratio=0.152; eyes_closed_ratio=0.000; mean_gaze_motion=18.14; attention_stability_score=0.649; dominant_gaze_class=inside_visible; observed_frames=79
6mA6UAoT3M0_6165-6361:person_1,6mA6UAoT3M0_6165-6361,rule-based,rule-based,test,"Child gaze behavior summary. split=test, observed_frames=197, visible_ratio=0.756, on_screen_ratio=0.873, gaze_shift_ratio=0.127, occlusion_ratio=0.117, eyes_closed_ratio=0.000, mean_head_motion=1.94, mean_gaze_motion=18.16, attention_stability_score=0.719, dominant_gaze_class=inside_visible, num_segments=11, num_interactions=12, segment_types=['stable', 'shift', 'stable', 'shift', 'stable', 'shift', 'stable', 'shift'], interaction_events=['monitoring', 'attention_shift', 'focused_attention', 'attention_shift', 'monitoring', 'attention_shift', 'monitoring', 'attention_shift'].",,"[""focused_attention"", ""exploratory_attention"", ""occluded_attention"", ""reduced_visual_availability"", ""mixed_attention""]",mixed_attention,0.68,"[""visible_ratio=0.756"", ""gaze_shift_ratio=0.127"", ""occlusion_ratio=0.117"", ""eyes_closed_ratio=0.000"", ""mean_gaze_motion=18.16"", ""attention_stability_score=0.719"", ""max_visible_streak=84"", ""segments=11"", ""interactions=12""]","[""Interpretation is limited to annotation-derived behavior and not video context.""]",2026-04-06T15:39:30+00:00,childplay-behavior-v1,visible_ratio=0.756; gaze_shift_ratio=0.127; occlusion_ratio=0.117; eyes_closed_ratio=0.000; mean_gaze_motion=18.16; attention_stability_score=0.719; dominant_gaze_class=inside_visible; observed_frames=197
6mA6UAoT3M0_6165-6361:person_3,6mA6UAoT3M0_6165-6361,rule-based,rule-based,test,"Child gaze behavior summary. split=test, observed_frames=197, visible_ratio=0.970, on_screen_ratio=1.000, gaze_shift_ratio=0.000, occlusion_ratio=0.030, eyes_closed_ratio=0.000, mean_head_motion=2.31, mean_gaze_motion=10.28, attention_stability_score=0.974, dominant_gaze_class=inside_visible, num_segments=8, num_interactions=9, segment_types=['stable', 'shift', 'stable', 'shift', 'stable', 'shift', 'stable', 'occluded'], interaction_events=['focused_attention', 'attention_shift', 'monitoring', 'attention_shift', 'focused_attention', 'attention_shift', 'monitoring', 'reduced_visual_availability'].",,"[""focused_attention"", ""exploratory_attention"", ""occluded_attention"", ""reduced_visual_availability"", ""mixed_attention""]",focused_attention,0.84,"[""visible_ratio=0.970"", ""gaze_shift_ratio=0.000"", ""occlusion_ratio=0.030"", ""eyes_closed_ratio=0.000"", ""mean_gaze_motion=10.28"", ""attention_stability_score=0.974"", ""max_visible_streak=191"", ""segments=8"", ""interactions=9""]","[""Interpretation is limited to annotation-derived behavior and not video context.""]",2026-04-06T15:39:30+00:00,childplay-behavior-v1,visible_ratio=0.970; gaze_shift_ratio=0.000; occlusion_ratio=0.030; eyes_closed_ratio=0.000; mean_gaze_motion=10.28; attention_stability_score=0.974; dominant_gaze_class=inside_visible; observed_frames=197
9DNwRwt5kI4_10666-10822:person_2,9DNwRwt5kI4_10666-10822,rule-based,rule-based,test,"Child gaze behavior summary. split=test, observed_frames=157, visible_ratio=0.943, on_screen_ratio=0.962, gaze_shift_ratio=0.038, occlusion_ratio=0.019, eyes_closed_ratio=0.000, mean_head_motion=6.13, mean_gaze_motion=33.92, attention_stability_score=0.829, dominant_gaze_class=inside_visible, num_segments=17, num_interactions=18, segment_types=['stable', 'shift', 'stable', 'shift', 'stable', 'shift', 'occluded', 'shift'], interaction_events=['monitoring', 'attention_shift', 'monitoring', 'attention_shift', 'monitoring', 'attention_shift', 'reduced_visual_availability', 'attention_shift'].",,"[""focused_attention"", ""exploratory_attention"", ""occluded_attention"", ""reduced_visual_availability"", ""mixed_attention""]",focused_attention,0.84,"[""visible_ratio=0.943"", ""gaze_shift_ratio=0.038"", ""occlusion_ratio=0.019"", ""eyes_closed_ratio=0.000"", ""mean_gaze_motion=33.92"", ""attention_stability_score=0.829"", ""max_visible_streak=80"", ""segments=17"", ""interactions=18""]","[""Interpretation is limited to annotation-derived behavior and not video context.""]",2026-04-06T15:39:30+00:00,childplay-behavior-v1,visible_ratio=0.943; gaze_shift_ratio=0.038; occlusion_ratio=0.019; eyes_closed_ratio=0.000; mean_gaze_motion=33.92; attention_stability_score=0.829; dominant_gaze_class=inside_visible; observed_frames=157
9DNwRwt5kI4_10666-10822:person_3,9DNwRwt5kI4_10666-10822,rule-based,rule-based,test,"Child gaze behavior summary. split=test, observed_frames=157, visible_ratio=0.389, on_screen_ratio=0.389, gaze_shift_ratio=0.172, occlusion_ratio=0.000, eyes_closed_ratio=0.000, mean_head_motion=2.18, mean_gaze_motion=44.05, attention_stability_score=0.495, dominant_gaze_class=outside_frame, num_segments=16, num_interactions=17, segment_types=['outside', 'shift', 'outside', 'shift', 'stable', 'shift', 'stable', 'shift'], interaction_events=['reduced_visual_availability', 'attention_shift', 'reduced_visual_availability', 'attention_shift', 'focused_attention', 'attention_shift', 'monitoring', 'attention_shift'].",,"[""focused_attention"", ""exploratory_attention"", ""occluded_attention"", ""reduced_visual_availability"", ""mixed_attention""]",mixed_attention,0.68,"[""visible_ratio=0.389"", ""gaze_shift_ratio=0.172"", ""occlusion_ratio=0.000"", ""eyes_closed_ratio=0.000"", ""mean_gaze_motion=44.05"", ""attention_stability_score=0.495"", ""max_visible_streak=43"", ""segments=16"", ""interactions=17""]","[""Interpretation is limited to annotation-derived behavior and not video context.""]",2026-04-06T15:39:30+00:00,childplay-behavior-v1,visible_ratio=0.389; gaze_shift_ratio=0.172; occlusion_ratio=0.000; eyes_closed_ratio=0.000; mean_gaze_motion=44.05; attention_stability_score=0.495; dominant_gaze_class=outside_frame; observed_frames=157
9DNwRwt5kI4_14988-15270:person_2,9DNwRwt5kI4_14988-15270,rule-based,rule-based,test,"Child gaze behavior summary. split=test, observed_frames=283, visible_ratio=0.597, on_screen_ratio=0.823, gaze_shift_ratio=0.177, occlusion_ratio=0.226, eyes_closed_ratio=0.000, mean_head_motion=3.49, mean_gaze_motion=14.16, attention_stability_score=0.585, dominant_gaze_class=inside_visible, num_segments=16, num_interactions=17, segment_types=['stable', 'shift', 'stable', 'shift', 'stable', 'shift', 'stable', 'occluded'], interaction_events=['monitoring', 'attention_shift', 'monitoring', 'attention_shift', 'focused_attention', 'attention_shift', 'focused_attention', 'reduced_visual_availability'].",,"[""focused_attention"", ""exploratory_attention"", ""occluded_attention"", ""reduced_visual_availability"", ""mixed_attention""]",mixed_attention,0.68,"[""visible_ratio=0.597"", ""gaze_shift_ratio=0.177"", ""occlusion_ratio=0.226"", ""eyes_closed_ratio=0.000"", ""mean_gaze_motion=14.16"", ""attention_stability_score=0.585"", ""max_visible_streak=56"", ""segments=16"", ""interactions=17""]","[""Interpretation is partially limited by occluded or uncertain gaze frames.""]",2026-04-06T15:39:30+00:00,childplay-behavior-v1,visible_ratio=0.597; gaze_shift_ratio=0.177; occlusion_ratio=0.226; eyes_closed_ratio=0.000; mean_gaze_motion=14.16; attention_stability_score=0.585; dominant_gaze_class=inside_visible; observed_frames=283
9DNwRwt5kI4_14988-15270:person_3,9DNwRwt5kI4_14988-15270,rule-based,rule-based,test,"Child gaze behavior summary. split=test, observed_frames=283, visible_ratio=0.760, on_screen_ratio=0.827, gaze_shift_ratio=0.173, occlusion_ratio=0.067, eyes_closed_ratio=0.000, mean_head_motion=3.21, mean_gaze_motion=31.66, attention_stability_score=0.651, dominant_gaze_class=inside_visible, num_segments=18, num_interactions=19, segment_types=['stable', 'shift', 'stable', 'shift', 'stable', 'occluded', 'shift', 'stable'], interaction_events=['monitoring', 'attention_shift', 'focused_attention', 'attention_shift', 'focused_attention', 'reduced_visual_availability', 'attention_shift', 'focused_attention'].",,"[""focused_attention"", ""exploratory_attention"", ""occluded_attention"", ""reduced_visual_availability"", ""mixed_attention""]",mixed_attention,0.68,"[""visible_ratio=0.760"", ""gaze_shift_ratio=0.173"", ""occlusion_ratio=0.067"", ""eyes_closed_ratio=0.000"", ""mean_gaze_motion=31.66"", ""attention_stability_score=0.651"", ""max_visible_streak=58"", ""segments=18"", ""interactions=19""]","[""Interpretation is limited to annotation-derived behavior and not video context.""]",2026-04-06T15:39:30+00:00,childplay-behavior-v1,visible_ratio=0.760; gaze_shift_ratio=0.173; occlusion_ratio=0.067; eyes_closed_ratio=0.000; mean_gaze_motion=31.66; attention_stability_score=0.651; dominant_gaze_class=inside_visible; observed_frames=283
9DNwRwt5kI4_2442-3179:person_1,9DNwRwt5kI4_2442-3179,rule-based,rule-based,test,"Child gaze behavior summary. split=test, observed_frames=487, visible_ratio=0.772, on_screen_ratio=0.862, gaze_shift_ratio=0.018, occlusion_ratio=0.090, eyes_closed_ratio=0.000, mean_head_motion=3.98, mean_gaze_motion=26.81, attention_stability_score=0.700, dominant_gaze_class=inside_visible, num_segments=43, num_interactions=44, segment_types=['stable', 'shift', 'stable', 'shift', 'outside', 'shift', 'stable', 'shift'], interaction_events=['monitoring', 'attention_shift', 'monitoring', 'attention_shift', 'reduced_visual_availability', 'attention_shift', 'focused_attention', 'attention_shift'].",,"[""focused_attention"", ""exploratory_attention"", ""occluded_attention"", ""reduced_visual_availability"", ""mixed_attention""]",focused_attention,0.84,"[""visible_ratio=0.772"", ""gaze_shift_ratio=0.018"", ""occlusion_ratio=0.090"", ""eyes_closed_ratio=0.000"", ""mean_gaze_motion=26.81"", ""attention_stability_score=0.700"", ""max_visible_streak=133"", ""segments=43"", ""interactions=44""]","[""Interpretation is limited to annotation-derived behavior and not video context.""]",2026-04-06T15:39:30+00:00,childplay-behavior-v1,visible_ratio=0.772; gaze_shift_ratio=0.018; occlusion_ratio=0.090; eyes_closed_ratio=0.000; mean_gaze_motion=26.81; attention_stability_score=0.700; dominant_gaze_class=inside_visible; observed_frames=487
9DNwRwt5kI4_2442-3179:person_3,9DNwRwt5kI4_2442-3179,rule-based,rule-based,test,"Child gaze behavior summary. split=test, observed_frames=738, visible_ratio=0.665, on_screen_ratio=0.692, gaze_shift_ratio=0.049, occlusion_ratio=0.027, eyes_closed_ratio=0.000, mean_head_motion=2.15, mean_gaze_motion=16.85, attention_stability_score=0.616, dominant_gaze_class=inside_visible, num_segments=53, num_interactions=54, segment_types=['stable', 'shift', 'stable', 'shift', 'stable', 'shift', 'stable', 'shift'], interaction_events=['focused_attention', 'attention_shift', 'focused_attention', 'attention_shift', 'monitoring', 'attention_shift', 'monitoring', 'attention_shift'].",,"[""focused_attention"", ""exploratory_attention"", ""occluded_attention"", ""reduced_visual_availability"", ""mixed_attention""]",mixed_attention,0.68,"[""visible_ratio=0.665"", ""gaze_shift_ratio=0.049"", ""occlusion_ratio=0.027"", ""eyes_closed_ratio=0.000"", ""mean_gaze_motion=16.85"", ""attention_stability_score=0.616"", ""max_visible_streak=96"", ""segments=53"", ""interactions=54""]","[""Interpretation is limited to annotation-derived behavior and not video context.""]",2026-04-06T15:39:30+00:00,childplay-behavior-v1,visible_ratio=0.665; gaze_shift_ratio=0.049; occlusion_ratio=0.027; eyes_closed_ratio=0.000; mean_gaze_motion=16.85; attention_stability_score=0.616; dominant_gaze_class=inside_visible; observed_frames=738
LHT2zVYvObg_1790-1917:person_1,LHT2zVYvObg_1790-1917,rule-based,rule-based,test,"Child gaze behavior summary. split=test, observed_frames=128, visible_ratio=0.836, on_screen_ratio=0.836, gaze_shift_ratio=0.016, occlusion_ratio=0.000, eyes_closed_ratio=0.000, mean_head_motion=4.17, mean_gaze_motion=4.30, attention_stability_score=0.881, dominant_gaze_class=inside_visible, num_segments=7, num_interactions=8, segment_types=['stable', 'shift', 'stable', 'shift', 'stable', 'shift', 'outside'], interaction_events=['monitoring', 'attention_shift', 'focused_attention', 'attention_shift', 'focused_attention', 'attention_shift', 'reduced_visual_availability', 'exploratory_behavior'].",,"[""focused_attention"", ""exploratory_attention"", ""occluded_attention"", ""reduced_visual_availability"", ""mixed_attention""]",focused_attention,0.84,"[""visible_ratio=0.836"", ""gaze_shift_ratio=0.016"", ""occlusion_ratio=0.000"", ""eyes_closed_ratio=0.000"", ""mean_gaze_motion=4.30"", ""attention_stability_score=0.881"", ""max_visible_streak=107"", ""segments=7"", ""interactions=8""]","[""Interpretation is limited to annotation-derived behavior and not video context.""]",2026-04-06T15:39:30+00:00,childplay-behavior-v1,visible_ratio=0.836; gaze_shift_ratio=0.016; occlusion_ratio=0.000; eyes_closed_ratio=0.000; mean_gaze_motion=4.30; attention_stability_score=0.881; dominant_gaze_class=inside_visible; observed_frames=128
LHT2zVYvObg_1790-1917:person_2,LHT2zVYvObg_1790-1917,rule-based,rule-based,test,"Child gaze behavior summary. split=test, observed_frames=128, visible_ratio=0.625, on_screen_ratio=0.625, gaze_shift_ratio=0.016, occlusion_ratio=0.000, eyes_closed_ratio=0.000, mean_head_motion=1.35, mean_gaze_motion=3.69, attention_stability_score=0.733, dominant_gaze_class=inside_visible, num_segments=5, num_interactions=5, segment_types=['outside', 'shift', 'stable', 'shift', 'stable'], interaction_events=['reduced_visual_availability', 'attention_shift', 'focused_attention', 'attention_shift', 'monitoring'].",,"[""focused_attention"", ""exploratory_attention"", ""occluded_attention"", ""reduced_visual_availability"", ""mixed_attention""]",mixed_attention,0.68,"[""visible_ratio=0.625"", ""gaze_shift_ratio=0.016"", ""occlusion_ratio=0.000"", ""eyes_closed_ratio=0.000"", ""mean_gaze_motion=3.69"", ""attention_stability_score=0.733"", ""max_visible_streak=80"", ""segments=5"", ""interactions=5""]","[""Interpretation is limited to annotation-derived behavior and not video context.""]",2026-04-06T15:39:30+00:00,childplay-behavior-v1,visible_ratio=0.625; gaze_shift_ratio=0.016; occlusion_ratio=0.000; eyes_closed_ratio=0.000; mean_gaze_motion=3.69; attention_stability_score=0.733; dominant_gaze_class=inside_visible; observed_frames=128
LHT2zVYvObg_1921-2099:person_1,LHT2zVYvObg_1921-2099,rule-based,rule-based,test,"Child gaze behavior summary. split=test, observed_frames=179, visible_ratio=0.765, on_screen_ratio=0.771, gaze_shift_ratio=0.056, occlusion_ratio=0.006, eyes_closed_ratio=0.000, mean_head_motion=2.91, mean_gaze_motion=17.93, attention_stability_score=0.740, dominant_gaze_class=inside_visible, num_segments=11, num_interactions=12, segment_types=['stable', 'shift', 'stable', 'occluded', 'stable', 'shift', 'stable', 'shift'], interaction_events=['focused_attention', 'attention_shift', 'focused_attention', 'reduced_visual_availability', 'monitoring', 'attention_shift', 'monitoring', 'attention_shift'].",,"[""focused_attention"", ""exploratory_attention"", ""occluded_attention"", ""reduced_visual_availability"", ""mixed_attention""]",focused_attention,0.84,"[""visible_ratio=0.765"", ""gaze_shift_ratio=0.056"", ""occlusion_ratio=0.006"", ""eyes_closed_ratio=0.000"", ""mean_gaze_motion=17.93"", ""attention_stability_score=0.740"", ""max_visible_streak=81"", ""segments=11"", ""interactions=12""]","[""Interpretation is limited to annotation-derived behavior and not video context.""]",2026-04-06T15:39:30+00:00,childplay-behavior-v1,visible_ratio=0.765; gaze_shift_ratio=0.056; occlusion_ratio=0.006; eyes_closed_ratio=0.000; mean_gaze_motion=17.93; attention_stability_score=0.740; dominant_gaze_class=inside_visible; observed_frames=179
LS9Hztyrmmw_1768-1839:person_2,LS9Hztyrmmw_1768-1839,rule-based,rule-based,test,"Child gaze behavior summary. split=test, observed_frames=72, visible_ratio=0.917, on_screen_ratio=0.917, gaze_shift_ratio=0.083, occlusion_ratio=0.000, eyes_closed_ratio=0.000, mean_head_motion=1.00, mean_gaze_motion=12.12, attention_stability_score=0.881, dominant_gaze_class=inside_visible, num_segments=5, num_interactions=5, segment_types=['stable', 'shift', 'stable', 'shift', 'stable'], interaction_events=['focused_attention', 'attention_shift', 'monitoring', 'attention_shift', 'monitoring'].",,"[""focused_attention"", ""exploratory_attention"", ""occluded_attention"", ""reduced_visual_availability"", ""mixed_attention""]",focused_attention,0.84,"[""visible_ratio=0.917"", ""gaze_shift_ratio=0.083"", ""occlusion_ratio=0.000"", ""eyes_closed_ratio=0.000"", ""mean_gaze_motion=12.12"", ""attention_stability_score=0.881"", ""max_visible_streak=54"", ""segments=5"", ""interactions=5""]","[""Interpretation is limited to annotation-derived behavior and not video context.""]",2026-04-06T15:39:30+00:00,childplay-behavior-v1,visible_ratio=0.917; gaze_shift_ratio=0.083; occlusion_ratio=0.000; eyes_closed_ratio=0.000; mean_gaze_motion=12.12; attention_stability_score=0.881; dominant_gaze_class=inside_visible; observed_frames=72
LS9Hztyrmmw_1768-1839:person_3,LS9Hztyrmmw_1768-1839,rule-based,rule-based,test,"Child gaze behavior summary. split=test, observed_frames=72, visible_ratio=0.472, on_screen_ratio=0.472, gaze_shift_ratio=0.125, occlusion_ratio=0.000, eyes_closed_ratio=0.000, mean_head_motion=0.87, mean_gaze_motion=16.69, attention_stability_score=0.597, dominant_gaze_class=inside_visible, num_segments=5, num_interactions=5, segment_types=['stable', 'shift', 'outside', 'shift', 'stable'], interaction_events=['focused_attention', 'attention_shift', 'reduced_visual_availability', 'attention_shift', 'monitoring'].",,"[""focused_attention"", ""exploratory_attention"", ""occluded_attention"", ""reduced_visual_availability"", ""mixed_attention""]",mixed_attention,0.68,"[""visible_ratio=0.472"", ""gaze_shift_ratio=0.125"", ""occlusion_ratio=0.000"", ""eyes_closed_ratio=0.000"", ""mean_gaze_motion=16.69"", ""attention_stability_score=0.597"", ""max_visible_streak=32"", ""segments=5"", ""interactions=5""]","[""Interpretation is limited to annotation-derived behavior and not video context.""]",2026-04-06T15:39:30+00:00,childplay-behavior-v1,visible_ratio=0.472; gaze_shift_ratio=0.125; occlusion_ratio=0.000; eyes_closed_ratio=0.000; mean_gaze_motion=16.69; attention_stability_score=0.597; dominant_gaze_class=inside_visible; observed_frames=72
LS9Hztyrmmw_2667-2845:person_2,LS9Hztyrmmw_2667-2845,rule-based,rule-based,test,"Child gaze behavior summary. split=test, observed_frames=179, visible_ratio=0.866, on_screen_ratio=1.000, gaze_shift_ratio=0.000, occlusion_ratio=0.134, eyes_closed_ratio=0.000, mean_head_motion=6.57, mean_gaze_motion=5.06, attention_stability_score=0.904, dominant_gaze_class=inside_visible, num_segments=6, num_interactions=6, segment_types=['occluded', 'stable', 'shift', 'stable', 'shift', 'stable'], interaction_events=['reduced_visual_availability', 'focused_attention', 'attention_shift', 'focused_attention', 'attention_shift', 'focused_attention'].",,"[""focused_attention"", ""exploratory_attention"", ""occluded_attention"", ""reduced_visual_availability"", ""mixed_attention""]",focused_attention,0.84,"[""visible_ratio=0.866"", ""gaze_shift_ratio=0.000"", ""occlusion_ratio=0.134"", ""eyes_closed_ratio=0.000"", ""mean_gaze_motion=5.06"", ""attention_stability_score=0.904"", ""max_visible_streak=155"", ""segments=6"", ""interactions=6""]","[""Interpretation is limited to annotation-derived behavior and not video context.""]",2026-04-06T15:39:30+00:00,childplay-behavior-v1,visible_ratio=0.866; gaze_shift_ratio=0.000; occlusion_ratio=0.134; eyes_closed_ratio=0.000; mean_gaze_motion=5.06; attention_stability_score=0.904; dominant_gaze_class=inside_visible; observed_frames=179
LS9Hztyrmmw_2667-2845:person_3,LS9Hztyrmmw_2667-2845,rule-based,rule-based,test,"Child gaze behavior summary. split=test, observed_frames=179, visible_ratio=0.950, on_screen_ratio=0.950, gaze_shift_ratio=0.050, occlusion_ratio=0.000, eyes_closed_ratio=0.000, mean_head_motion=3.88, mean_gaze_motion=19.50, attention_stability_score=0.812, dominant_gaze_class=inside_visible, num_segments=17, num_interactions=18, segment_types=['stable', 'shift', 'stable', 'shift', 'stable', 'shift', 'stable', 'shift'], interaction_events=['monitoring', 'attention_shift', 'monitoring', 'attention_shift', 'monitoring', 'attention_shift', 'monitoring', 'attention_shift'].",,"[""focused_attention"", ""exploratory_attention"", ""occluded_attention"", ""reduced_visual_availability"", ""mixed_attention""]",focused_attention,0.84,"[""visible_ratio=0.950"", ""gaze_shift_ratio=0.050"", ""occlusion_ratio=0.000"", ""eyes_closed_ratio=0.000"", ""mean_gaze_motion=19.50"", ""attention_stability_score=0.812"", ""max_visible_streak=73"", ""segments=17"", ""interactions=18""]","[""Interpretation is limited to annotation-derived behavior and not video context.""]",2026-04-06T15:39:30+00:00,childplay-behavior-v1,visible_ratio=0.950; gaze_shift_ratio=0.050; occlusion_ratio=0.000; eyes_closed_ratio=0.000; mean_gaze_motion=19.50; attention_stability_score=0.812; dominant_gaze_class=inside_visible; observed_frames=179
Lva4fn4_q88_1270-1473:person_2,Lva4fn4_q88_1270-1473,rule-based,rule-based,test,"Child gaze behavior summary. split=test, observed_frames=204, visible_ratio=0.971, on_screen_ratio=0.971, gaze_shift_ratio=0.029, occlusion_ratio=0.000, eyes_closed_ratio=0.000, mean_head_motion=0.89, mean_gaze_motion=14.41, attention_stability_score=0.882, dominant_gaze_class=inside_visible, num_segments=14, num_interactions=15, segment_types=['stable', 'shift', 'stable', 'shift', 'stable', 'shift', 'stable', 'shift'], interaction_events=['monitoring', 'attention_shift', 'focused_attention', 'attention_shift', 'monitoring', 'attention_shift', 'monitoring', 'attention_shift'].",,"[""focused_attention"", ""exploratory_attention"", ""occluded_attention"", ""reduced_visual_availability"", ""mixed_attention""]",focused_attention,0.84,"[""visible_ratio=0.971"", ""gaze_shift_ratio=0.029"", ""occlusion_ratio=0.000"", ""eyes_closed_ratio=0.000"", ""mean_gaze_motion=14.41"", ""attention_stability_score=0.882"", ""max_visible_streak=128"", ""segments=14"", ""interactions=15""]","[""Interpretation is limited to annotation-derived behavior and not video context.""]",2026-04-06T15:39:30+00:00,childplay-behavior-v1,visible_ratio=0.971; gaze_shift_ratio=0.029; occlusion_ratio=0.000; eyes_closed_ratio=0.000; mean_gaze_motion=14.41; attention_stability_score=0.882; dominant_gaze_class=inside_visible; observed_frames=204
Lva4fn4_q88_1270-1473:person_3,Lva4fn4_q88_1270-1473,rule-based,rule-based,test,"Child gaze behavior summary. split=test, observed_frames=204, visible_ratio=0.309, on_screen_ratio=0.309, gaze_shift_ratio=0.691, occlusion_ratio=0.000, eyes_closed_ratio=0.000, mean_head_motion=1.63, mean_gaze_motion=12.25, attention_stability_score=0.361, dominant_gaze_class=gaze_shift, num_segments=6, num_interactions=7, segment_types=['stable', 'shift', 'stable', 'shift', 'stable', 'shift'], interaction_events=['monitoring', 'attention_shift', 'monitoring', 'attention_shift', 'monitoring', 'attention_shift', 'exploratory_behavior'].",,"[""focused_attention"", ""exploratory_attention"", ""occluded_attention"", ""reduced_visual_availability"", ""mixed_attention""]",exploratory_attention,0.8,"[""visible_ratio=0.309"", ""gaze_shift_ratio=0.691"", ""occlusion_ratio=0.000"", ""eyes_closed_ratio=0.000"", ""mean_gaze_motion=12.25"", ""attention_stability_score=0.361"", ""max_visible_streak=26"", ""segments=6"", ""interactions=7""]","[""Interpretation is limited to annotation-derived behavior and not video context.""]",2026-04-06T15:39:30+00:00,childplay-behavior-v1,visible_ratio=0.309; gaze_shift_ratio=0.691; occlusion_ratio=0.000; eyes_closed_ratio=0.000; mean_gaze_motion=12.25; attention_stability_score=0.361; dominant_gaze_class=gaze_shift; observed_frames=204
Lva4fn4_q88_4391-4523:person_2,Lva4fn4_q88_4391-4523,rule-based,rule-based,test,"Child gaze behavior summary. split=test, observed_frames=124, visible_ratio=1.000, on_screen_ratio=1.000, gaze_shift_ratio=0.000, occlusion_ratio=0.000, eyes_closed_ratio=0.000, mean_head_motion=1.35, mean_gaze_motion=12.61, attention_stability_score=0.994, dominant_gaze_class=inside_visible, num_segments=7, num_interactions=8, segment_types=['stable', 'shift', 'stable', 'shift', 'stable', 'shift', 'stable'], interaction_events=['focused_attention', 'attention_shift', 'monitoring', 'attention_shift', 'monitoring', 'attention_shift', 'focused_attention', 'exploratory_behavior'].",,"[""focused_attention"", ""exploratory_attention"", ""occluded_attention"", ""reduced_visual_availability"", ""mixed_attention""]",focused_attention,0.84,"[""visible_ratio=1.000"", ""gaze_shift_ratio=0.000"", ""occlusion_ratio=0.000"", ""eyes_closed_ratio=0.000"", ""mean_gaze_motion=12.61"", ""attention_stability_score=0.994"", ""max_visible_streak=124"", ""segments=7"", ""interactions=8""]","[""Interpretation is limited to annotation-derived behavior and not video context.""]",2026-04-06T15:39:30+00:00,childplay-behavior-v1,visible_ratio=1.000; gaze_shift_ratio=0.000; occlusion_ratio=0.000; eyes_closed_ratio=0.000; mean_gaze_motion=12.61; attention_stability_score=0.994; dominant_gaze_class=inside_visible; observed_frames=124
Lva4fn4_q88_4391-4523:person_3,Lva4fn4_q88_4391-4523,rule-based,rule-based,test,"Child gaze behavior summary. split=test, observed_frames=133, visible_ratio=1.000, on_screen_ratio=1.000, gaze_shift_ratio=0.000, occlusion_ratio=0.000, eyes_closed_ratio=0.000, mean_head_motion=1.58, mean_gaze_motion=6.79, attention_stability_score=0.997, dominant_gaze_class=inside_visible, num_segments=3, num_interactions=3, segment_types=['stable', 'shift', 'stable'], interaction_events=['focused_attention', 'attention_shift', 'focused_attention'].",,"[""focused_attention"", ""exploratory_attention"", ""occluded_attention"", ""reduced_visual_availability"", ""mixed_attention""]",focused_attention,0.84,"[""visible_ratio=1.000"", ""gaze_shift_ratio=0.000"", ""occlusion_ratio=0.000"", ""eyes_closed_ratio=0.000"", ""mean_gaze_motion=6.79"", ""attention_stability_score=0.997"", ""max_visible_streak=133"", ""segments=3"", ""interactions=3""]","[""Interpretation is limited to annotation-derived behavior and not video context.""]",2026-04-06T15:39:30+00:00,childplay-behavior-v1,visible_ratio=1.000; gaze_shift_ratio=0.000; occlusion_ratio=0.000; eyes_closed_ratio=0.000; mean_gaze_motion=6.79; attention_stability_score=0.997; dominant_gaze_class=inside_visible; observed_frames=133
Lva4fn4_q88_4691-4775:person_2,Lva4fn4_q88_4691-4775,rule-based,rule-based,test,"Child gaze behavior summary. split=test, observed_frames=85, visible_ratio=1.000, on_screen_ratio=1.000, gaze_shift_ratio=0.000, occlusion_ratio=0.000, eyes_closed_ratio=0.000, mean_head_motion=0.61, mean_gaze_motion=14.89, attention_stability_score=0.993, dominant_gaze_class=inside_visible, num_segments=5, num_interactions=5, segment_types=['stable', 'shift', 'stable', 'shift', 'stable'], interaction_events=['focused_attention', 'attention_shift', 'monitoring', 'attention_shift', 'monitoring'].",,"[""focused_attention"", ""exploratory_attention"", ""occluded_attention"", ""reduced_visual_availability"", ""mixed_attention""]",focused_attention,0.84,"[""visible_ratio=1.000"", ""gaze_shift_ratio=0.000"", ""occlusion_ratio=0.000"", ""eyes_closed_ratio=0.000"", ""mean_gaze_motion=14.89"", ""attention_stability_score=0.993"", ""max_visible_streak=85"", ""segments=5"", ""interactions=5""]","[""Interpretation is limited to annotation-derived behavior and not video context.""]",2026-04-06T15:39:30+00:00,childplay-behavior-v1,visible_ratio=1.000; gaze_shift_ratio=0.000; occlusion_ratio=0.000; eyes_closed_ratio=0.000; mean_gaze_motion=14.89; attention_stability_score=0.993; dominant_gaze_class=inside_visible; observed_frames=85
Lva4fn4_q88_4691-4775:person_3,Lva4fn4_q88_4691-4775,rule-based,rule-based,test,"Child gaze behavior summary. split=test, observed_frames=85, visible_ratio=0.941, on_screen_ratio=0.941, gaze_shift_ratio=0.059, occlusion_ratio=0.000, eyes_closed_ratio=0.000, mean_head_motion=0.49, mean_gaze_motion=17.04, attention_stability_score=0.856, dominant_gaze_class=inside_visible, num_segments=7, num_interactions=8, segment_types=['stable', 'shift', 'stable', 'shift', 'stable', 'shift', 'stable'], interaction_events=['focused_attention', 'attention_shift', 'monitoring', 'attention_shift', 'monitoring', 'attention_shift', 'monitoring', 'exploratory_behavior'].",,"[""focused_attention"", ""exploratory_attention"", ""occluded_attention"", ""reduced_visual_availability"", ""mixed_attention""]",focused_attention,0.84,"[""visible_ratio=0.941"", ""gaze_shift_ratio=0.059"", ""occlusion_ratio=0.000"", ""eyes_closed_ratio=0.000"", ""mean_gaze_motion=17.04"", ""attention_stability_score=0.856"", ""max_visible_streak=51"", ""segments=7"", ""interactions=8""]","[""Interpretation is limited to annotation-derived behavior and not video context.""]",2026-04-06T15:39:30+00:00,childplay-behavior-v1,visible_ratio=0.941; gaze_shift_ratio=0.059; occlusion_ratio=0.000; eyes_closed_ratio=0.000; mean_gaze_motion=17.04; attention_stability_score=0.856; dominant_gaze_class=inside_visible; observed_frames=85
Lva4fn4_q88_5291-5420:person_2,Lva4fn4_q88_5291-5420,rule-based,rule-based,test,"Child gaze behavior summary. split=test, observed_frames=130, visible_ratio=1.000, on_screen_ratio=1.000, gaze_shift_ratio=0.000, occlusion_ratio=0.000, eyes_closed_ratio=0.000, mean_head_motion=0.75, mean_gaze_motion=7.72, attention_stability_score=0.996, dominant_gaze_class=inside_visible, num_segments=5, num_interactions=5, segment_types=['stable', 'shift', 'stable', 'shift', 'stable'], interaction_events=['monitoring', 'attention_shift', 'monitoring', 'attention_shift', 'focused_attention'].",,"[""focused_attention"", ""exploratory_attention"", ""occluded_attention"", ""reduced_visual_availability"", ""mixed_attention""]",focused_attention,0.84,"[""visible_ratio=1.000"", ""gaze_shift_ratio=0.000"", ""occlusion_ratio=0.000"", ""eyes_closed_ratio=0.000"", ""mean_gaze_motion=7.72"", ""attention_stability_score=0.996"", ""max_visible_streak=130"", ""segments=5"", ""interactions=5""]","[""Interpretation is limited to annotation-derived behavior and not video context.""]",2026-04-06T15:39:30+00:00,childplay-behavior-v1,visible_ratio=1.000; gaze_shift_ratio=0.000; occlusion_ratio=0.000; eyes_closed_ratio=0.000; mean_gaze_motion=7.72; attention_stability_score=0.996; dominant_gaze_class=inside_visible; observed_frames=130
Lva4fn4_q88_5291-5420:person_3,Lva4fn4_q88_5291-5420,rule-based,rule-based,test,"Child gaze behavior summary. split=test, observed_frames=130, visible_ratio=0.977, on_screen_ratio=0.977, gaze_shift_ratio=0.023, occlusion_ratio=0.000, eyes_closed_ratio=0.000, mean_head_motion=0.54, mean_gaze_motion=8.63, attention_stability_score=0.886, dominant_gaze_class=inside_visible, num_segments=5, num_interactions=5, segment_types=['stable', 'shift', 'stable', 'shift', 'stable'], interaction_events=['monitoring', 'attention_shift', 'monitoring', 'attention_shift', 'focused_attention'].",,"[""focused_attention"", ""exploratory_attention"", ""occluded_attention"", ""reduced_visual_availability"", ""mixed_attention""]",focused_attention,0.84,"[""visible_ratio=0.977"", ""gaze_shift_ratio=0.023"", ""occlusion_ratio=0.000"", ""eyes_closed_ratio=0.000"", ""mean_gaze_motion=8.63"", ""attention_stability_score=0.886"", ""max_visible_streak=80"", ""segments=5"", ""interactions=5""]","[""Interpretation is limited to annotation-derived behavior and not video context.""]",2026-04-06T15:39:30+00:00,childplay-behavior-v1,visible_ratio=0.977; gaze_shift_ratio=0.023; occlusion_ratio=0.000; eyes_closed_ratio=0.000; mean_gaze_motion=8.63; attention_stability_score=0.886; dominant_gaze_class=inside_visible; observed_frames=130
ND7pXuhs3VM_1800-1925:person_2,ND7pXuhs3VM_1800-1925,rule-based,rule-based,test,"Child gaze behavior summary. split=test, observed_frames=126, visible_ratio=0.667, on_screen_ratio=0.667, gaze_shift_ratio=0.111, occlusion_ratio=0.000, eyes_closed_ratio=0.000, mean_head_motion=2.50, mean_gaze_motion=31.59, attention_stability_score=0.724, dominant_gaze_class=inside_visible, num_segments=15, num_interactions=16, segment_types=['stable', 'shift', 'outside', 'shift', 'stable', 'shift', 'stable', 'shift'], interaction_events=['monitoring', 'attention_shift', 'reduced_visual_availability', 'attention_shift', 'monitoring', 'attention_shift', 'monitoring', 'attention_shift'].",,"[""focused_attention"", ""exploratory_attention"", ""occluded_attention"", ""reduced_visual_availability"", ""mixed_attention""]",mixed_attention,0.68,"[""visible_ratio=0.667"", ""gaze_shift_ratio=0.111"", ""occlusion_ratio=0.000"", ""eyes_closed_ratio=0.000"", ""mean_gaze_motion=31.59"", ""attention_stability_score=0.724"", ""max_visible_streak=79"", ""segments=15"", ""interactions=16""]","[""Interpretation is limited to annotation-derived behavior and not video context.""]",2026-04-06T15:39:30+00:00,childplay-behavior-v1,visible_ratio=0.667; gaze_shift_ratio=0.111; occlusion_ratio=0.000; eyes_closed_ratio=0.000; mean_gaze_motion=31.59; attention_stability_score=0.724; dominant_gaze_class=inside_visible; observed_frames=126
ND7pXuhs3VM_3066-3159:person_1,ND7pXuhs3VM_3066-3159,rule-based,rule-based,test,"Child gaze behavior summary. split=test, observed_frames=94, visible_ratio=0.309, on_screen_ratio=0.309, gaze_shift_ratio=0.053, occlusion_ratio=0.000, eyes_closed_ratio=0.000, mean_head_motion=8.16, mean_gaze_motion=6.36, attention_stability_score=0.505, dominant_gaze_class=outside_frame, num_segments=5, num_interactions=5, segment_types=['stable', 'shift', 'stable', 'shift', 'outside'], interaction_events=['monitoring', 'attention_shift', 'monitoring', 'attention_shift', 'reduced_visual_availability'].",,"[""focused_attention"", ""exploratory_attention"", ""occluded_attention"", ""reduced_visual_availability"", ""mixed_attention""]",mixed_attention,0.68,"[""visible_ratio=0.309"", ""gaze_shift_ratio=0.053"", ""occlusion_ratio=0.000"", ""eyes_closed_ratio=0.000"", ""mean_gaze_motion=6.36"", ""attention_stability_score=0.505"", ""max_visible_streak=29"", ""segments=5"", ""interactions=5""]","[""Interpretation is limited to annotation-derived behavior and not video context.""]",2026-04-06T15:39:30+00:00,childplay-behavior-v1,visible_ratio=0.309; gaze_shift_ratio=0.053; occlusion_ratio=0.000; eyes_closed_ratio=0.000; mean_gaze_motion=6.36; attention_stability_score=0.505; dominant_gaze_class=outside_frame; observed_frames=94
NIk1-ck4c6Q_13651-13719:person_2,NIk1-ck4c6Q_13651-13719,rule-based,rule-based,test,"Child gaze behavior summary. split=test, observed_frames=69, visible_ratio=0.841, on_screen_ratio=0.841, gaze_shift_ratio=0.159, occlusion_ratio=0.000, eyes_closed_ratio=0.000, mean_head_motion=3.02, mean_gaze_motion=7.26, attention_stability_score=0.778, dominant_gaze_class=inside_visible, num_segments=3, num_interactions=3, segment_types=['stable', 'shift', 'stable'], interaction_events=['monitoring', 'attention_shift', 'focused_attention'].",,"[""focused_attention"", ""exploratory_attention"", ""occluded_attention"", ""reduced_visual_availability"", ""mixed_attention""]",mixed_attention,0.68,"[""visible_ratio=0.841"", ""gaze_shift_ratio=0.159"", ""occlusion_ratio=0.000"", ""eyes_closed_ratio=0.000"", ""mean_gaze_motion=7.26"", ""attention_stability_score=0.778"", ""max_visible_streak=35"", ""segments=3"", ""interactions=3""]","[""Interpretation is limited to annotation-derived behavior and not video context.""]",2026-04-06T15:39:30+00:00,childplay-behavior-v1,visible_ratio=0.841; gaze_shift_ratio=0.159; occlusion_ratio=0.000; eyes_closed_ratio=0.000; mean_gaze_motion=7.26; attention_stability_score=0.778; dominant_gaze_class=inside_visible; observed_frames=69
NIk1-ck4c6Q_13651-13719:person_3,NIk1-ck4c6Q_13651-13719,rule-based,rule-based,test,"Child gaze behavior summary. split=test, observed_frames=69, visible_ratio=0.696, on_screen_ratio=0.696, gaze_shift_ratio=0.304, occlusion_ratio=0.000, eyes_closed_ratio=0.000, mean_head_motion=3.67, mean_gaze_motion=24.85, attention_stability_score=0.675, dominant_gaze_class=inside_visible, num_segments=7, num_interactions=8, segment_types=['stable', 'shift', 'stable', 'shift', 'stable', 'shift', 'stable'], interaction_events=['monitoring', 'attention_shift', 'monitoring', 'attention_shift', 'focused_attention', 'attention_shift', 'monitoring', 'exploratory_behavior'].",,"[""focused_attention"", ""exploratory_attention"", ""occluded_attention"", ""reduced_visual_availability"", ""mixed_attention""]",exploratory_attention,0.8,"[""visible_ratio=0.696"", ""gaze_shift_ratio=0.304"", ""occlusion_ratio=0.000"", ""eyes_closed_ratio=0.000"", ""mean_gaze_motion=24.85"", ""attention_stability_score=0.675"", ""max_visible_streak=33"", ""segments=7"", ""interactions=8""]","[""Interpretation is limited to annotation-derived behavior and not video context.""]",2026-04-06T15:39:30+00:00,childplay-behavior-v1,visible_ratio=0.696; gaze_shift_ratio=0.304; occlusion_ratio=0.000; eyes_closed_ratio=0.000; mean_gaze_motion=24.85; attention_stability_score=0.675; dominant_gaze_class=inside_visible; observed_frames=69
NIk1-ck4c6Q_22766-22806:person_2,NIk1-ck4c6Q_22766-22806,rule-based,rule-based,test,"Child gaze behavior summary. split=test, observed_frames=41, visible_ratio=1.000, on_screen_ratio=1.000, gaze_shift_ratio=0.000, occlusion_ratio=0.000, eyes_closed_ratio=0.000, mean_head_motion=0.66, mean_gaze_motion=1.74, attention_stability_score=0.999, dominant_gaze_class=inside_visible, num_segments=1, num_interactions=1, segment_types=['stable'], interaction_events=['focused_attention'].",,"[""focused_attention"", ""exploratory_attention"", ""occluded_attention"", ""reduced_visual_availability"", ""mixed_attention""]",focused_attention,0.84,"[""visible_ratio=1.000"", ""gaze_shift_ratio=0.000"", ""occlusion_ratio=0.000"", ""eyes_closed_ratio=0.000"", ""mean_gaze_motion=1.74"", ""attention_stability_score=0.999"", ""max_visible_streak=41"", ""segments=1"", ""interactions=1""]","[""Short clips provide less temporal evidence than longer sequences.""]",2026-04-06T15:39:30+00:00,childplay-behavior-v1,visible_ratio=1.000; gaze_shift_ratio=0.000; occlusion_ratio=0.000; eyes_closed_ratio=0.000; mean_gaze_motion=1.74; attention_stability_score=0.999; dominant_gaze_class=inside_visible; observed_frames=41
NIk1-ck4c6Q_22766-22806:person_3,NIk1-ck4c6Q_22766-22806,rule-based,rule-based,test,"Child gaze behavior summary. split=test, observed_frames=41, visible_ratio=0.927, on_screen_ratio=0.927, gaze_shift_ratio=0.073, occlusion_ratio=0.000, eyes_closed_ratio=0.000, mean_head_motion=0.85, mean_gaze_motion=9.04, attention_stability_score=0.909, dominant_gaze_class=inside_visible, num_segments=3, num_interactions=3, segment_types=['stable', 'shift', 'stable'], interaction_events=['focused_attention', 'attention_shift', 'monitoring'].",,"[""focused_attention"", ""exploratory_attention"", ""occluded_attention"", ""reduced_visual_availability"", ""mixed_attention""]",focused_attention,0.84,"[""visible_ratio=0.927"", ""gaze_shift_ratio=0.073"", ""occlusion_ratio=0.000"", ""eyes_closed_ratio=0.000"", ""mean_gaze_motion=9.04"", ""attention_stability_score=0.909"", ""max_visible_streak=34"", ""segments=3"", ""interactions=3""]","[""Short clips provide less temporal evidence than longer sequences.""]",2026-04-06T15:39:30+00:00,childplay-behavior-v1,visible_ratio=0.927; gaze_shift_ratio=0.073; occlusion_ratio=0.000; eyes_closed_ratio=0.000; mean_gaze_motion=9.04; attention_stability_score=0.909; dominant_gaze_class=inside_visible; observed_frames=41
N_9vfhsDz8w_5785-5911:person_2,N_9vfhsDz8w_5785-5911,rule-based,rule-based,test,"Child gaze behavior summary. split=test, observed_frames=127, visible_ratio=1.000, on_screen_ratio=1.000, gaze_shift_ratio=0.000, occlusion_ratio=0.000, eyes_closed_ratio=0.000, mean_head_motion=0.94, mean_gaze_motion=1.16, attention_stability_score=0.999, dominant_gaze_class=inside_visible, num_segments=1, num_interactions=1, segment_types=['stable'], interaction_events=['focused_attention'].",,"[""focused_attention"", ""exploratory_attention"", ""occluded_attention"", ""reduced_visual_availability"", ""mixed_attention""]",focused_attention,0.84,"[""visible_ratio=1.000"", ""gaze_shift_ratio=0.000"", ""occlusion_ratio=0.000"", ""eyes_closed_ratio=0.000"", ""mean_gaze_motion=1.16"", ""attention_stability_score=0.999"", ""max_visible_streak=127"", ""segments=1"", ""interactions=1""]","[""Interpretation is limited to annotation-derived behavior and not video context.""]",2026-04-06T15:39:30+00:00,childplay-behavior-v1,visible_ratio=1.000; gaze_shift_ratio=0.000; occlusion_ratio=0.000; eyes_closed_ratio=0.000; mean_gaze_motion=1.16; attention_stability_score=0.999; dominant_gaze_class=inside_visible; observed_frames=127
N_9vfhsDz8w_5785-5911:person_3,N_9vfhsDz8w_5785-5911,rule-based,rule-based,test,"Child gaze behavior summary. split=test, observed_frames=127, visible_ratio=1.000, on_screen_ratio=1.000, gaze_shift_ratio=0.000, occlusion_ratio=0.000, eyes_closed_ratio=0.000, mean_head_motion=1.88, mean_gaze_motion=8.23, attention_stability_score=0.996, dominant_gaze_class=inside_visible, num_segments=11, num_interactions=12, segment_types=['stable', 'shift', 'stable', 'shift', 'stable', 'shift', 'stable', 'shift'], interaction_events=['monitoring', 'attention_shift', 'monitoring', 'attention_shift', 'focused_attention', 'attention_shift', 'monitoring', 'attention_shift'].",,"[""focused_attention"", ""exploratory_attention"", ""occluded_attention"", ""reduced_visual_availability"", ""mixed_attention""]",focused_attention,0.84,"[""visible_ratio=1.000"", ""gaze_shift_ratio=0.000"", ""occlusion_ratio=0.000"", ""eyes_closed_ratio=0.000"", ""mean_gaze_motion=8.23"", ""attention_stability_score=0.996"", ""max_visible_streak=127"", ""segments=11"", ""interactions=12""]","[""Interpretation is limited to annotation-derived behavior and not video context.""]",2026-04-06T15:39:30+00:00,childplay-behavior-v1,visible_ratio=1.000; gaze_shift_ratio=0.000; occlusion_ratio=0.000; eyes_closed_ratio=0.000; mean_gaze_motion=8.23; attention_stability_score=0.996; dominant_gaze_class=inside_visible; observed_frames=127
N_9vfhsDz8w_6085-6298:person_2,N_9vfhsDz8w_6085-6298,rule-based,rule-based,test,"Child gaze behavior summary. split=test, observed_frames=214, visible_ratio=0.850, on_screen_ratio=0.850, gaze_shift_ratio=0.000, occlusion_ratio=0.000, eyes_closed_ratio=0.000, mean_head_motion=0.55, mean_gaze_motion=6.05, attention_stability_score=0.890, dominant_gaze_class=inside_visible, num_segments=10, num_interactions=11, segment_types=['stable', 'shift', 'outside', 'stable', 'shift', 'stable', 'shift', 'stable'], interaction_events=['monitoring', 'attention_shift', 'reduced_visual_availability', 'monitoring', 'attention_shift', 'focused_attention', 'attention_shift', 'focused_attention'].",,"[""focused_attention"", ""exploratory_attention"", ""occluded_attention"", ""reduced_visual_availability"", ""mixed_attention""]",focused_attention,0.84,"[""visible_ratio=0.850"", ""gaze_shift_ratio=0.000"", ""occlusion_ratio=0.000"", ""eyes_closed_ratio=0.000"", ""mean_gaze_motion=6.05"", ""attention_stability_score=0.890"", ""max_visible_streak=180"", ""segments=10"", ""interactions=11""]","[""Interpretation is limited to annotation-derived behavior and not video context.""]",2026-04-06T15:39:30+00:00,childplay-behavior-v1,visible_ratio=0.850; gaze_shift_ratio=0.000; occlusion_ratio=0.000; eyes_closed_ratio=0.000; mean_gaze_motion=6.05; attention_stability_score=0.890; dominant_gaze_class=inside_visible; observed_frames=214
N_9vfhsDz8w_6085-6298:person_3,N_9vfhsDz8w_6085-6298,rule-based,rule-based,test,"Child gaze behavior summary. split=test, observed_frames=214, visible_ratio=1.000, on_screen_ratio=1.000, gaze_shift_ratio=0.000, occlusion_ratio=0.000, eyes_closed_ratio=0.000, mean_head_motion=0.98, mean_gaze_motion=5.90, attention_stability_score=0.997, dominant_gaze_class=inside_visible, num_segments=8, num_interactions=9, segment_types=['stable', 'shift', 'stable', 'shift', 'stable', 'shift', 'stable', 'shift'], interaction_events=['focused_attention', 'attention_shift', 'monitoring', 'attention_shift', 'focused_attention', 'attention_shift', 'focused_attention', 'attention_shift'].",,"[""focused_attention"", ""exploratory_attention"", ""occluded_attention"", ""reduced_visual_availability"", ""mixed_attention""]",focused_attention,0.84,"[""visible_ratio=1.000"", ""gaze_shift_ratio=0.000"", ""occlusion_ratio=0.000"", ""eyes_closed_ratio=0.000"", ""mean_gaze_motion=5.90"", ""attention_stability_score=0.997"", ""max_visible_streak=214"", ""segments=8"", ""interactions=9""]","[""Interpretation is limited to annotation-derived behavior and not video context.""]",2026-04-06T15:39:30+00:00,childplay-behavior-v1,visible_ratio=1.000; gaze_shift_ratio=0.000; occlusion_ratio=0.000; eyes_closed_ratio=0.000; mean_gaze_motion=5.90; attention_stability_score=0.997; dominant_gaze_class=inside_visible; observed_frames=214
Pyb0z_YQjjI_7332-7429:person_2,Pyb0z_YQjjI_7332-7429,rule-based,rule-based,test,"Child gaze behavior summary. split=test, observed_frames=98, visible_ratio=0.776, on_screen_ratio=0.776, gaze_shift_ratio=0.224, occlusion_ratio=0.000, eyes_closed_ratio=0.000, mean_head_motion=8.83, mean_gaze_motion=70.93, attention_stability_score=0.639, dominant_gaze_class=inside_visible, num_segments=17, num_interactions=18, segment_types=['stable', 'shift', 'stable', 'shift', 'stable', 'shift', 'stable', 'shift'], interaction_events=['monitoring', 'attention_shift', 'monitoring', 'attention_shift', 'monitoring', 'attention_shift', 'monitoring', 'attention_shift'].",,"[""focused_attention"", ""exploratory_attention"", ""occluded_attention"", ""reduced_visual_availability"", ""mixed_attention""]",exploratory_attention,0.8,"[""visible_ratio=0.776"", ""gaze_shift_ratio=0.224"", ""occlusion_ratio=0.000"", ""eyes_closed_ratio=0.000"", ""mean_gaze_motion=70.93"", ""attention_stability_score=0.639"", ""max_visible_streak=23"", ""segments=17"", ""interactions=18""]","[""Interpretation is limited to annotation-derived behavior and not video context.""]",2026-04-06T15:39:30+00:00,childplay-behavior-v1,visible_ratio=0.776; gaze_shift_ratio=0.224; occlusion_ratio=0.000; eyes_closed_ratio=0.000; mean_gaze_motion=70.93; attention_stability_score=0.639; dominant_gaze_class=inside_visible; observed_frames=98
Pyb0z_YQjjI_7332-7429:person_3,Pyb0z_YQjjI_7332-7429,rule-based,rule-based,test,"Child gaze behavior summary. split=test, observed_frames=98, visible_ratio=1.000, on_screen_ratio=1.000, gaze_shift_ratio=0.000, occlusion_ratio=0.000, eyes_closed_ratio=0.000, mean_head_motion=7.70, mean_gaze_motion=32.29, attention_stability_score=0.984, dominant_gaze_class=inside_visible, num_segments=13, num_interactions=14, segment_types=['stable', 'shift', 'stable', 'shift', 'stable', 'shift', 'stable', 'shift'], interaction_events=['monitoring', 'attention_shift', 'monitoring', 'attention_shift', 'monitoring', 'attention_shift', 'monitoring', 'attention_shift'].",,"[""focused_attention"", ""exploratory_attention"", ""occluded_attention"", ""reduced_visual_availability"", ""mixed_attention""]",focused_attention,0.84,"[""visible_ratio=1.000"", ""gaze_shift_ratio=0.000"", ""occlusion_ratio=0.000"", ""eyes_closed_ratio=0.000"", ""mean_gaze_motion=32.29"", ""attention_stability_score=0.984"", ""max_visible_streak=98"", ""segments=13"", ""interactions=14""]","[""Interpretation is limited to annotation-derived behavior and not video context.""]",2026-04-06T15:39:30+00:00,childplay-behavior-v1,visible_ratio=1.000; gaze_shift_ratio=0.000; occlusion_ratio=0.000; eyes_closed_ratio=0.000; mean_gaze_motion=32.29; attention_stability_score=0.984; dominant_gaze_class=inside_visible; observed_frames=98
Pyb0z_YQjjI_7632-7685:person_2,Pyb0z_YQjjI_7632-7685,rule-based,rule-based,test,"Child gaze behavior summary. split=test, observed_frames=54, visible_ratio=0.944, on_screen_ratio=0.944, gaze_shift_ratio=0.056, occlusion_ratio=0.000, eyes_closed_ratio=0.000, mean_head_motion=2.35, mean_gaze_motion=43.05, attention_stability_score=0.885, dominant_gaze_class=inside_visible, num_segments=5, num_interactions=5, segment_types=['stable', 'shift', 'stable', 'shift', 'stable'], interaction_events=['monitoring', 'attention_shift', 'focused_attention', 'attention_shift', 'monitoring'].",,"[""focused_attention"", ""exploratory_attention"", ""occluded_attention"", ""reduced_visual_availability"", ""mixed_attention""]",focused_attention,0.84,"[""visible_ratio=0.944"", ""gaze_shift_ratio=0.056"", ""occlusion_ratio=0.000"", ""eyes_closed_ratio=0.000"", ""mean_gaze_motion=43.05"", ""attention_stability_score=0.885"", ""max_visible_streak=41"", ""segments=5"", ""interactions=5""]","[""Short clips provide less temporal evidence than longer sequences.""]",2026-04-06T15:39:30+00:00,childplay-behavior-v1,visible_ratio=0.944; gaze_shift_ratio=0.056; occlusion_ratio=0.000; eyes_closed_ratio=0.000; mean_gaze_motion=43.05; attention_stability_score=0.885; dominant_gaze_class=inside_visible; observed_frames=54
Pyb0z_YQjjI_7632-7685:person_3,Pyb0z_YQjjI_7632-7685,rule-based,rule-based,test,"Child gaze behavior summary. split=test, observed_frames=54, visible_ratio=0.926, on_screen_ratio=0.926, gaze_shift_ratio=0.074, occlusion_ratio=0.000, eyes_closed_ratio=0.000, mean_head_motion=17.21, mean_gaze_motion=33.24, attention_stability_score=0.879, dominant_gaze_class=inside_visible, num_segments=5, num_interactions=5, segment_types=['stable', 'shift', 'stable', 'shift', 'stable'], interaction_events=['monitoring', 'attention_shift', 'focused_attention', 'attention_shift', 'monitoring'].",,"[""focused_attention"", ""exploratory_attention"", ""occluded_attention"", ""reduced_visual_availability"", ""mixed_attention""]",focused_attention,0.84,"[""visible_ratio=0.926"", ""gaze_shift_ratio=0.074"", ""occlusion_ratio=0.000"", ""eyes_closed_ratio=0.000"", ""mean_gaze_motion=33.24"", ""attention_stability_score=0.879"", ""max_visible_streak=41"", ""segments=5"", ""interactions=5""]","[""Short clips provide less temporal evidence than longer sequences.""]",2026-04-06T15:39:30+00:00,childplay-behavior-v1,visible_ratio=0.926; gaze_shift_ratio=0.074; occlusion_ratio=0.000; eyes_closed_ratio=0.000; mean_gaze_motion=33.24; attention_stability_score=0.879; dominant_gaze_class=inside_visible; observed_frames=54
UUwGLDeYN8c_266-474:person_1,UUwGLDeYN8c_266-474,rule-based,rule-based,test,"Child gaze behavior summary. split=test, observed_frames=209, visible_ratio=0.766, on_screen_ratio=0.895, gaze_shift_ratio=0.019, occlusion_ratio=0.129, eyes_closed_ratio=0.000, mean_head_motion=3.87, mean_gaze_motion=9.53, attention_stability_score=0.717, dominant_gaze_class=inside_visible, num_segments=9, num_interactions=9, segment_types=['stable', 'occluded', 'stable', 'outside', 'stable', 'shift', 'stable', 'shift'], interaction_events=['focused_attention', 'reduced_visual_availability', 'monitoring', 'reduced_visual_availability', 'focused_attention', 'attention_shift', 'focused_attention', 'attention_shift'].",,"[""focused_attention"", ""exploratory_attention"", ""occluded_attention"", ""reduced_visual_availability"", ""mixed_attention""]",focused_attention,0.84,"[""visible_ratio=0.766"", ""gaze_shift_ratio=0.019"", ""occlusion_ratio=0.129"", ""eyes_closed_ratio=0.000"", ""mean_gaze_motion=9.53"", ""attention_stability_score=0.717"", ""max_visible_streak=67"", ""segments=9"", ""interactions=9""]","[""Interpretation is limited to annotation-derived behavior and not video context.""]",2026-04-06T15:39:30+00:00,childplay-behavior-v1,visible_ratio=0.766; gaze_shift_ratio=0.019; occlusion_ratio=0.129; eyes_closed_ratio=0.000; mean_gaze_motion=9.53; attention_stability_score=0.717; dominant_gaze_class=inside_visible; observed_frames=209
WpbXt04qWEk_1166-1611:person_1,WpbXt04qWEk_1166-1611,rule-based,rule-based,test,"Child gaze behavior summary. split=test, observed_frames=446, visible_ratio=0.762, on_screen_ratio=0.762, gaze_shift_ratio=0.085, occlusion_ratio=0.000, eyes_closed_ratio=0.000, mean_head_motion=2.79, mean_gaze_motion=3.66, attention_stability_score=0.733, dominant_gaze_class=inside_visible, num_segments=10, num_interactions=11, segment_types=['shift', 'stable', 'shift', 'stable', 'shift', 'stable', 'shift', 'stable'], interaction_events=['attention_shift', 'focused_attention', 'attention_shift', 'focused_attention', 'attention_shift', 'monitoring', 'attention_shift', 'focused_attention'].",,"[""focused_attention"", ""exploratory_attention"", ""occluded_attention"", ""reduced_visual_availability"", ""mixed_attention""]",focused_attention,0.84,"[""visible_ratio=0.762"", ""gaze_shift_ratio=0.085"", ""occlusion_ratio=0.000"", ""eyes_closed_ratio=0.000"", ""mean_gaze_motion=3.66"", ""attention_stability_score=0.733"", ""max_visible_streak=186"", ""segments=10"", ""interactions=11""]","[""Interpretation is limited to annotation-derived behavior and not video context.""]",2026-04-06T15:39:30+00:00,childplay-behavior-v1,visible_ratio=0.762; gaze_shift_ratio=0.085; occlusion_ratio=0.000; eyes_closed_ratio=0.000; mean_gaze_motion=3.66; attention_stability_score=0.733; dominant_gaze_class=inside_visible; observed_frames=446
WpbXt04qWEk_924-1135:person_1,WpbXt04qWEk_924-1135,rule-based,rule-based,test,"Child gaze behavior summary. split=test, observed_frames=212, visible_ratio=1.000, on_screen_ratio=1.000, gaze_shift_ratio=0.000, occlusion_ratio=0.000, eyes_closed_ratio=0.000, mean_head_motion=1.49, mean_gaze_motion=5.58, attention_stability_score=0.997, dominant_gaze_class=inside_visible, num_segments=7, num_interactions=8, segment_types=['stable', 'shift', 'stable', 'shift', 'stable', 'shift', 'stable'], interaction_events=['focused_attention', 'attention_shift', 'focused_attention', 'attention_shift', 'monitoring', 'attention_shift', 'focused_attention', 'exploratory_behavior'].",,"[""focused_attention"", ""exploratory_attention"", ""occluded_attention"", ""reduced_visual_availability"", ""mixed_attention""]",focused_attention,0.84,"[""visible_ratio=1.000"", ""gaze_shift_ratio=0.000"", ""occlusion_ratio=0.000"", ""eyes_closed_ratio=0.000"", ""mean_gaze_motion=5.58"", ""attention_stability_score=0.997"", ""max_visible_streak=212"", ""segments=7"", ""interactions=8""]","[""Interpretation is limited to annotation-derived behavior and not video context.""]",2026-04-06T15:39:30+00:00,childplay-behavior-v1,visible_ratio=1.000; gaze_shift_ratio=0.000; occlusion_ratio=0.000; eyes_closed_ratio=0.000; mean_gaze_motion=5.58; attention_stability_score=0.997; dominant_gaze_class=inside_visible; observed_frames=212
aWV7UUMddCU_5934-6205:person_2,aWV7UUMddCU_5934-6205,rule-based,rule-based,test,"Child gaze behavior summary. split=test, observed_frames=272, visible_ratio=0.857, on_screen_ratio=0.857, gaze_shift_ratio=0.118, occlusion_ratio=0.000, eyes_closed_ratio=0.000, mean_head_motion=8.75, mean_gaze_motion=11.80, attention_stability_score=0.735, dominant_gaze_class=inside_visible, num_segments=19, num_interactions=20, segment_types=['stable', 'shift', 'stable', 'shift', 'stable', 'shift', 'stable', 'shift'], interaction_events=['monitoring', 'attention_shift', 'monitoring', 'attention_shift', 'monitoring', 'attention_shift', 'focused_attention', 'attention_shift'].",,"[""focused_attention"", ""exploratory_attention"", ""occluded_attention"", ""reduced_visual_availability"", ""mixed_attention""]",mixed_attention,0.68,"[""visible_ratio=0.857"", ""gaze_shift_ratio=0.118"", ""occlusion_ratio=0.000"", ""eyes_closed_ratio=0.000"", ""mean_gaze_motion=11.80"", ""attention_stability_score=0.735"", ""max_visible_streak=79"", ""segments=19"", ""interactions=20""]","[""Interpretation is limited to annotation-derived behavior and not video context.""]",2026-04-06T15:39:30+00:00,childplay-behavior-v1,visible_ratio=0.857; gaze_shift_ratio=0.118; occlusion_ratio=0.000; eyes_closed_ratio=0.000; mean_gaze_motion=11.80; attention_stability_score=0.735; dominant_gaze_class=inside_visible; observed_frames=272
aWV7UUMddCU_6517-7514:person_1,aWV7UUMddCU_6517-7514,rule-based,rule-based,test,"Child gaze behavior summary. split=test, observed_frames=923, visible_ratio=0.878, on_screen_ratio=0.878, gaze_shift_ratio=0.109, occlusion_ratio=0.000, eyes_closed_ratio=0.000, mean_head_motion=4.96, mean_gaze_motion=11.16, attention_stability_score=0.730, dominant_gaze_class=inside_visible, num_segments=53, num_interactions=54, segment_types=['stable', 'shift', 'stable', 'shift', 'outside', 'shift', 'stable', 'shift'], interaction_events=['monitoring', 'attention_shift', 'monitoring', 'attention_shift', 'reduced_visual_availability', 'attention_shift', 'focused_attention', 'attention_shift'].",,"[""focused_attention"", ""exploratory_attention"", ""occluded_attention"", ""reduced_visual_availability"", ""mixed_attention""]",mixed_attention,0.68,"[""visible_ratio=0.878"", ""gaze_shift_ratio=0.109"", ""occlusion_ratio=0.000"", ""eyes_closed_ratio=0.000"", ""mean_gaze_motion=11.16"", ""attention_stability_score=0.730"", ""max_visible_streak=210"", ""segments=53"", ""interactions=54""]","[""Interpretation is limited to annotation-derived behavior and not video context.""]",2026-04-06T15:39:30+00:00,childplay-behavior-v1,visible_ratio=0.878; gaze_shift_ratio=0.109; occlusion_ratio=0.000; eyes_closed_ratio=0.000; mean_gaze_motion=11.16; attention_stability_score=0.730; dominant_gaze_class=inside_visible; observed_frames=923
dUYIh1U2z-8_3300-3427:person_1,dUYIh1U2z-8_3300-3427,rule-based,rule-based,test,"Child gaze behavior summary. split=test, observed_frames=128, visible_ratio=1.000, on_screen_ratio=1.000, gaze_shift_ratio=0.000, occlusion_ratio=0.000, eyes_closed_ratio=0.000, mean_head_motion=2.64, mean_gaze_motion=24.60, attention_stability_score=0.988, dominant_gaze_class=inside_visible, num_segments=15, num_interactions=16, segment_types=['stable', 'shift', 'stable', 'shift', 'stable', 'shift', 'stable', 'shift'], interaction_events=['focused_attention', 'attention_shift', 'monitoring', 'attention_shift', 'monitoring', 'attention_shift', 'monitoring', 'attention_shift'].",,"[""focused_attention"", ""exploratory_attention"", ""occluded_attention"", ""reduced_visual_availability"", ""mixed_attention""]",focused_attention,0.84,"[""visible_ratio=1.000"", ""gaze_shift_ratio=0.000"", ""occlusion_ratio=0.000"", ""eyes_closed_ratio=0.000"", ""mean_gaze_motion=24.60"", ""attention_stability_score=0.988"", ""max_visible_streak=128"", ""segments=15"", ""interactions=16""]","[""Interpretation is limited to annotation-derived behavior and not video context.""]",2026-04-06T15:39:30+00:00,childplay-behavior-v1,visible_ratio=1.000; gaze_shift_ratio=0.000; occlusion_ratio=0.000; eyes_closed_ratio=0.000; mean_gaze_motion=24.60; attention_stability_score=0.988; dominant_gaze_class=inside_visible; observed_frames=128
dUYIh1U2z-8_3300-3427:person_2,dUYIh1U2z-8_3300-3427,rule-based,rule-based,test,"Child gaze behavior summary. split=test, observed_frames=128, visible_ratio=1.000, on_screen_ratio=1.000, gaze_shift_ratio=0.000, occlusion_ratio=0.000, eyes_closed_ratio=0.000, mean_head_motion=4.46, mean_gaze_motion=14.12, attention_stability_score=0.993, dominant_gaze_class=inside_visible, num_segments=5, num_interactions=5, segment_types=['stable', 'shift', 'stable', 'shift', 'stable'], interaction_events=['monitoring', 'attention_shift', 'monitoring', 'attention_shift', 'focused_attention'].",,"[""focused_attention"", ""exploratory_attention"", ""occluded_attention"", ""reduced_visual_availability"", ""mixed_attention""]",focused_attention,0.84,"[""visible_ratio=1.000"", ""gaze_shift_ratio=0.000"", ""occlusion_ratio=0.000"", ""eyes_closed_ratio=0.000"", ""mean_gaze_motion=14.12"", ""attention_stability_score=0.993"", ""max_visible_streak=128"", ""segments=5"", ""interactions=5""]","[""Interpretation is limited to annotation-derived behavior and not video context.""]",2026-04-06T15:39:30+00:00,childplay-behavior-v1,visible_ratio=1.000; gaze_shift_ratio=0.000; occlusion_ratio=0.000; eyes_closed_ratio=0.000; mean_gaze_motion=14.12; attention_stability_score=0.993; dominant_gaze_class=inside_visible; observed_frames=128
dUYIh1U2z-8_4007-4220:person_1,dUYIh1U2z-8_4007-4220,rule-based,rule-based,test,"Child gaze behavior summary. split=test, observed_frames=214, visible_ratio=0.902, on_screen_ratio=0.902, gaze_shift_ratio=0.065, occlusion_ratio=0.000, eyes_closed_ratio=0.000, mean_head_motion=1.97, mean_gaze_motion=3.38, attention_stability_score=0.811, dominant_gaze_class=inside_visible, num_segments=5, num_interactions=5, segment_types=['stable', 'shift', 'outside', 'shift', 'stable'], interaction_events=['focused_attention', 'attention_shift', 'reduced_visual_availability', 'attention_shift', 'focused_attention'].",,"[""focused_attention"", ""exploratory_attention"", ""occluded_attention"", ""reduced_visual_availability"", ""mixed_attention""]",focused_attention,0.84,"[""visible_ratio=0.902"", ""gaze_shift_ratio=0.065"", ""occlusion_ratio=0.000"", ""eyes_closed_ratio=0.000"", ""mean_gaze_motion=3.38"", ""attention_stability_score=0.811"", ""max_visible_streak=100"", ""segments=5"", ""interactions=5""]","[""Interpretation is limited to annotation-derived behavior and not video context.""]",2026-04-06T15:39:30+00:00,childplay-behavior-v1,visible_ratio=0.902; gaze_shift_ratio=0.065; occlusion_ratio=0.000; eyes_closed_ratio=0.000; mean_gaze_motion=3.38; attention_stability_score=0.811; dominant_gaze_class=inside_visible; observed_frames=214
dUYIh1U2z-8_4007-4220:person_2,dUYIh1U2z-8_4007-4220,rule-based,rule-based,test,"Child gaze behavior summary. split=test, observed_frames=214, visible_ratio=1.000, on_screen_ratio=1.000, gaze_shift_ratio=0.000, occlusion_ratio=0.000, eyes_closed_ratio=0.000, mean_head_motion=1.75, mean_gaze_motion=5.74, attention_stability_score=0.997, dominant_gaze_class=inside_visible, num_segments=9, num_interactions=10, segment_types=['stable', 'shift', 'stable', 'shift', 'stable', 'shift', 'stable', 'shift'], interaction_events=['focused_attention', 'attention_shift', 'focused_attention', 'attention_shift', 'focused_attention', 'attention_shift', 'monitoring', 'attention_shift'].",,"[""focused_attention"", ""exploratory_attention"", ""occluded_attention"", ""reduced_visual_availability"", ""mixed_attention""]",focused_attention,0.84,"[""visible_ratio=1.000"", ""gaze_shift_ratio=0.000"", ""occlusion_ratio=0.000"", ""eyes_closed_ratio=0.000"", ""mean_gaze_motion=5.74"", ""attention_stability_score=0.997"", ""max_visible_streak=214"", ""segments=9"", ""interactions=10""]","[""Interpretation is limited to annotation-derived behavior and not video context.""]",2026-04-06T15:39:30+00:00,childplay-behavior-v1,visible_ratio=1.000; gaze_shift_ratio=0.000; occlusion_ratio=0.000; eyes_closed_ratio=0.000; mean_gaze_motion=5.74; attention_stability_score=0.997; dominant_gaze_class=inside_visible; observed_frames=214
dUYIh1U2z-8_4007-4220:person_3,dUYIh1U2z-8_4007-4220,rule-based,rule-based,test,"Child gaze behavior summary. split=test, observed_frames=214, visible_ratio=1.000, on_screen_ratio=1.000, gaze_shift_ratio=0.000, occlusion_ratio=0.000, eyes_closed_ratio=0.000, mean_head_motion=0.88, mean_gaze_motion=3.22, attention_stability_score=0.998, dominant_gaze_class=inside_visible, num_segments=3, num_interactions=3, segment_types=['stable', 'shift', 'stable'], interaction_events=['focused_attention', 'attention_shift', 'focused_attention'].",,"[""focused_attention"", ""exploratory_attention"", ""occluded_attention"", ""reduced_visual_availability"", ""mixed_attention""]",focused_attention,0.84,"[""visible_ratio=1.000"", ""gaze_shift_ratio=0.000"", ""occlusion_ratio=0.000"", ""eyes_closed_ratio=0.000"", ""mean_gaze_motion=3.22"", ""attention_stability_score=0.998"", ""max_visible_streak=214"", ""segments=3"", ""interactions=3""]","[""Interpretation is limited to annotation-derived behavior and not video context.""]",2026-04-06T15:39:30+00:00,childplay-behavior-v1,visible_ratio=1.000; gaze_shift_ratio=0.000; occlusion_ratio=0.000; eyes_closed_ratio=0.000; mean_gaze_motion=3.22; attention_stability_score=0.998; dominant_gaze_class=inside_visible; observed_frames=214
f6wqlpG9rd0_1402-1688:person_1,f6wqlpG9rd0_1402-1688,rule-based,rule-based,test,"Child gaze behavior summary. split=test, observed_frames=287, visible_ratio=0.955, on_screen_ratio=0.955, gaze_shift_ratio=0.017, occlusion_ratio=0.000, eyes_closed_ratio=0.000, mean_head_motion=0.65, mean_gaze_motion=7.66, attention_stability_score=0.945, dominant_gaze_class=inside_visible, num_segments=12, num_interactions=13, segment_types=['stable', 'shift', 'stable', 'shift', 'stable', 'shift', 'stable', 'shift'], interaction_events=['focused_attention', 'attention_shift', 'focused_attention', 'attention_shift', 'monitoring', 'attention_shift', 'monitoring', 'attention_shift'].",,"[""focused_attention"", ""exploratory_attention"", ""occluded_attention"", ""reduced_visual_availability"", ""mixed_attention""]",focused_attention,0.84,"[""visible_ratio=0.955"", ""gaze_shift_ratio=0.017"", ""occlusion_ratio=0.000"", ""eyes_closed_ratio=0.000"", ""mean_gaze_motion=7.66"", ""attention_stability_score=0.945"", ""max_visible_streak=255"", ""segments=12"", ""interactions=13""]","[""Interpretation is limited to annotation-derived behavior and not video context.""]",2026-04-06T15:39:30+00:00,childplay-behavior-v1,visible_ratio=0.955; gaze_shift_ratio=0.017; occlusion_ratio=0.000; eyes_closed_ratio=0.000; mean_gaze_motion=7.66; attention_stability_score=0.945; dominant_gaze_class=inside_visible; observed_frames=287
f6wqlpG9rd0_203-262:person_1,f6wqlpG9rd0_203-262,rule-based,rule-based,test,"Child gaze behavior summary. split=test, observed_frames=60, visible_ratio=1.000, on_screen_ratio=1.000, gaze_shift_ratio=0.000, occlusion_ratio=0.000, eyes_closed_ratio=0.000, mean_head_motion=4.02, mean_gaze_motion=7.64, attention_stability_score=0.996, dominant_gaze_class=inside_visible, num_segments=3, num_interactions=3, segment_types=['stable', 'shift', 'stable'], interaction_events=['monitoring', 'attention_shift', 'focused_attention'].",,"[""focused_attention"", ""exploratory_attention"", ""occluded_attention"", ""reduced_visual_availability"", ""mixed_attention""]",focused_attention,0.84,"[""visible_ratio=1.000"", ""gaze_shift_ratio=0.000"", ""occlusion_ratio=0.000"", ""eyes_closed_ratio=0.000"", ""mean_gaze_motion=7.64"", ""attention_stability_score=0.996"", ""max_visible_streak=60"", ""segments=3"", ""interactions=3""]","[""Interpretation is limited to annotation-derived behavior and not video context.""]",2026-04-06T15:39:30+00:00,childplay-behavior-v1,visible_ratio=1.000; gaze_shift_ratio=0.000; occlusion_ratio=0.000; eyes_closed_ratio=0.000; mean_gaze_motion=7.64; attention_stability_score=0.996; dominant_gaze_class=inside_visible; observed_frames=60
f6wqlpG9rd0_9404-9541:person_1,f6wqlpG9rd0_9404-9541,rule-based,rule-based,test,"Child gaze behavior summary. split=test, observed_frames=138, visible_ratio=0.652, on_screen_ratio=0.928, gaze_shift_ratio=0.072, occlusion_ratio=0.275, eyes_closed_ratio=0.000, mean_head_motion=1.91, mean_gaze_motion=32.53, attention_stability_score=0.651, dominant_gaze_class=inside_visible, num_segments=13, num_interactions=14, segment_types=['stable', 'shift', 'stable', 'shift', 'stable', 'shift', 'stable', 'shift'], interaction_events=['focused_attention', 'attention_shift', 'monitoring', 'attention_shift', 'monitoring', 'attention_shift', 'monitoring', 'attention_shift'].",,"[""focused_attention"", ""exploratory_attention"", ""occluded_attention"", ""reduced_visual_availability"", ""mixed_attention""]",mixed_attention,0.68,"[""visible_ratio=0.652"", ""gaze_shift_ratio=0.072"", ""occlusion_ratio=0.275"", ""eyes_closed_ratio=0.000"", ""mean_gaze_motion=32.53"", ""attention_stability_score=0.651"", ""max_visible_streak=47"", ""segments=13"", ""interactions=14""]","[""Interpretation is partially limited by occluded or uncertain gaze frames.""]",2026-04-06T15:39:30+00:00,childplay-behavior-v1,visible_ratio=0.652; gaze_shift_ratio=0.072; occlusion_ratio=0.275; eyes_closed_ratio=0.000; mean_gaze_motion=32.53; attention_stability_score=0.651; dominant_gaze_class=inside_visible; observed_frames=138
f6wqlpG9rd0_9704-9949:person_1,f6wqlpG9rd0_9704-9949,rule-based,rule-based,test,"Child gaze behavior summary. split=test, observed_frames=246, visible_ratio=0.833, on_screen_ratio=0.846, gaze_shift_ratio=0.154, occlusion_ratio=0.012, eyes_closed_ratio=0.000, mean_head_motion=1.34, mean_gaze_motion=19.61, attention_stability_score=0.718, dominant_gaze_class=inside_visible, num_segments=26, num_interactions=27, segment_types=['stable', 'shift', 'stable', 'shift', 'stable', 'shift', 'stable', 'shift'], interaction_events=['focused_attention', 'attention_shift', 'monitoring', 'attention_shift', 'monitoring', 'attention_shift', 'monitoring', 'attention_shift'].",,"[""focused_attention"", ""exploratory_attention"", ""occluded_attention"", ""reduced_visual_availability"", ""mixed_attention""]",mixed_attention,0.68,"[""visible_ratio=0.833"", ""gaze_shift_ratio=0.154"", ""occlusion_ratio=0.012"", ""eyes_closed_ratio=0.000"", ""mean_gaze_motion=19.61"", ""attention_stability_score=0.718"", ""max_visible_streak=75"", ""segments=26"", ""interactions=27""]","[""Interpretation is limited to annotation-derived behavior and not video context.""]",2026-04-06T15:39:30+00:00,childplay-behavior-v1,visible_ratio=0.833; gaze_shift_ratio=0.154; occlusion_ratio=0.012; eyes_closed_ratio=0.000; mean_gaze_motion=19.61; attention_stability_score=0.718; dominant_gaze_class=inside_visible; observed_frames=246
fvJbRuIu4-0_1308-1370:person_1,fvJbRuIu4-0_1308-1370,rule-based,rule-based,test,"Child gaze behavior summary. split=test, observed_frames=63, visible_ratio=0.952, on_screen_ratio=0.952, gaze_shift_ratio=0.048, occlusion_ratio=0.000, eyes_closed_ratio=0.000, mean_head_motion=0.20, mean_gaze_motion=8.87, attention_stability_score=0.840, dominant_gaze_class=inside_visible, num_segments=5, num_interactions=5, segment_types=['stable', 'shift', 'stable', 'shift', 'stable'], interaction_events=['monitoring', 'attention_shift', 'monitoring', 'attention_shift', 'monitoring'].",,"[""focused_attention"", ""exploratory_attention"", ""occluded_attention"", ""reduced_visual_availability"", ""mixed_attention""]",focused_attention,0.84,"[""visible_ratio=0.952"", ""gaze_shift_ratio=0.048"", ""occlusion_ratio=0.000"", ""eyes_closed_ratio=0.000"", ""mean_gaze_motion=8.87"", ""attention_stability_score=0.840"", ""max_visible_streak=31"", ""segments=5"", ""interactions=5""]","[""Interpretation is limited to annotation-derived behavior and not video context.""]",2026-04-06T15:39:30+00:00,childplay-behavior-v1,visible_ratio=0.952; gaze_shift_ratio=0.048; occlusion_ratio=0.000; eyes_closed_ratio=0.000; mean_gaze_motion=8.87; attention_stability_score=0.840; dominant_gaze_class=inside_visible; observed_frames=63
fvJbRuIu4-0_1308-1370:person_2,fvJbRuIu4-0_1308-1370,rule-based,rule-based,test,"Child gaze behavior summary. split=test, observed_frames=63, visible_ratio=0.968, on_screen_ratio=0.968, gaze_shift_ratio=0.032, occlusion_ratio=0.000, eyes_closed_ratio=0.000, mean_head_motion=0.83, mean_gaze_motion=26.50, attention_stability_score=0.872, dominant_gaze_class=inside_visible, num_segments=7, num_interactions=8, segment_types=['stable', 'shift', 'stable', 'shift', 'stable', 'shift', 'stable'], interaction_events=['monitoring', 'attention_shift', 'monitoring', 'attention_shift', 'monitoring', 'attention_shift', 'monitoring', 'exploratory_behavior'].",,"[""focused_attention"", ""exploratory_attention"", ""occluded_attention"", ""reduced_visual_availability"", ""mixed_attention""]",focused_attention,0.84,"[""visible_ratio=0.968"", ""gaze_shift_ratio=0.032"", ""occlusion_ratio=0.000"", ""eyes_closed_ratio=0.000"", ""mean_gaze_motion=26.50"", ""attention_stability_score=0.872"", ""max_visible_streak=39"", ""segments=7"", ""interactions=8""]","[""Interpretation is limited to annotation-derived behavior and not video context.""]",2026-04-06T15:39:30+00:00,childplay-behavior-v1,visible_ratio=0.968; gaze_shift_ratio=0.032; occlusion_ratio=0.000; eyes_closed_ratio=0.000; mean_gaze_motion=26.50; attention_stability_score=0.872; dominant_gaze_class=inside_visible; observed_frames=63
fvJbRuIu4-0_1907-2018:person_1,fvJbRuIu4-0_1907-2018,rule-based,rule-based,test,"Child gaze behavior summary. split=test, observed_frames=112, visible_ratio=0.554, on_screen_ratio=0.732, gaze_shift_ratio=0.036, occlusion_ratio=0.179, eyes_closed_ratio=0.000, mean_head_motion=0.94, mean_gaze_motion=15.95, attention_stability_score=0.674, dominant_gaze_class=inside_visible, num_segments=8, num_interactions=9, segment_types=['occluded', 'outside', 'shift', 'stable', 'shift', 'stable', 'shift', 'stable'], interaction_events=['reduced_visual_availability', 'reduced_visual_availability', 'attention_shift', 'monitoring', 'attention_shift', 'monitoring', 'attention_shift', 'focused_attention'].",,"[""focused_attention"", ""exploratory_attention"", ""occluded_attention"", ""reduced_visual_availability"", ""mixed_attention""]",mixed_attention,0.68,"[""visible_ratio=0.554"", ""gaze_shift_ratio=0.036"", ""occlusion_ratio=0.179"", ""eyes_closed_ratio=0.000"", ""mean_gaze_motion=15.95"", ""attention_stability_score=0.674"", ""max_visible_streak=62"", ""segments=8"", ""interactions=9""]","[""Interpretation is limited to annotation-derived behavior and not video context.""]",2026-04-06T15:39:30+00:00,childplay-behavior-v1,visible_ratio=0.554; gaze_shift_ratio=0.036; occlusion_ratio=0.179; eyes_closed_ratio=0.000; mean_gaze_motion=15.95; attention_stability_score=0.674; dominant_gaze_class=inside_visible; observed_frames=112
fvJbRuIu4-0_1907-2018:person_2,fvJbRuIu4-0_1907-2018,rule-based,rule-based,test,"Child gaze behavior summary. split=test, observed_frames=112, visible_ratio=1.000, on_screen_ratio=1.000, gaze_shift_ratio=0.000, occlusion_ratio=0.000, eyes_closed_ratio=0.000, mean_head_motion=0.86, mean_gaze_motion=11.53, attention_stability_score=0.994, dominant_gaze_class=inside_visible, num_segments=7, num_interactions=8, segment_types=['stable', 'shift', 'stable', 'shift', 'stable', 'shift', 'stable'], interaction_events=['focused_attention', 'attention_shift', 'monitoring', 'attention_shift', 'monitoring', 'attention_shift', 'monitoring', 'exploratory_behavior'].",,"[""focused_attention"", ""exploratory_attention"", ""occluded_attention"", ""reduced_visual_availability"", ""mixed_attention""]",focused_attention,0.84,"[""visible_ratio=1.000"", ""gaze_shift_ratio=0.000"", ""occlusion_ratio=0.000"", ""eyes_closed_ratio=0.000"", ""mean_gaze_motion=11.53"", ""attention_stability_score=0.994"", ""max_visible_streak=112"", ""segments=7"", ""interactions=8""]","[""Interpretation is limited to annotation-derived behavior and not video context.""]",2026-04-06T15:39:30+00:00,childplay-behavior-v1,visible_ratio=1.000; gaze_shift_ratio=0.000; occlusion_ratio=0.000; eyes_closed_ratio=0.000; mean_gaze_motion=11.53; attention_stability_score=0.994; dominant_gaze_class=inside_visible; observed_frames=112
ivX3JXIV1W4_1-1920:person_1,ivX3JXIV1W4_1-1920,rule-based,rule-based,test,"Child gaze behavior summary. split=test, observed_frames=1920, visible_ratio=0.728, on_screen_ratio=0.731, gaze_shift_ratio=0.219, occlusion_ratio=0.003, eyes_closed_ratio=0.000, mean_head_motion=0.72, mean_gaze_motion=1.85, attention_stability_score=0.660, dominant_gaze_class=inside_visible, num_segments=36, num_interactions=37, segment_types=['stable', 'shift', 'outside', 'shift', 'outside', 'shift', 'stable', 'shift'], interaction_events=['focused_attention', 'attention_shift', 'reduced_visual_availability', 'attention_shift', 'reduced_visual_availability', 'attention_shift', 'monitoring', 'attention_shift'].",,"[""focused_attention"", ""exploratory_attention"", ""occluded_attention"", ""reduced_visual_availability"", ""mixed_attention""]",exploratory_attention,0.8,"[""visible_ratio=0.728"", ""gaze_shift_ratio=0.219"", ""occlusion_ratio=0.003"", ""eyes_closed_ratio=0.000"", ""mean_gaze_motion=1.85"", ""attention_stability_score=0.660"", ""max_visible_streak=505"", ""segments=36"", ""interactions=37""]","[""Interpretation is limited to annotation-derived behavior and not video context.""]",2026-04-06T15:39:30+00:00,childplay-behavior-v1,visible_ratio=0.728; gaze_shift_ratio=0.219; occlusion_ratio=0.003; eyes_closed_ratio=0.000; mean_gaze_motion=1.85; attention_stability_score=0.660; dominant_gaze_class=inside_visible; observed_frames=1920
ivX3JXIV1W4_1-1920:person_2,ivX3JXIV1W4_1-1920,rule-based,rule-based,test,"Child gaze behavior summary. split=test, observed_frames=1920, visible_ratio=0.957, on_screen_ratio=0.957, gaze_shift_ratio=0.038, occlusion_ratio=0.001, eyes_closed_ratio=0.000, mean_head_motion=2.36, mean_gaze_motion=5.11, attention_stability_score=0.790, dominant_gaze_class=inside_visible, num_segments=60, num_interactions=61, segment_types=['stable', 'shift', 'stable', 'shift', 'stable', 'shift', 'outside', 'stable'], interaction_events=['focused_attention', 'attention_shift', 'focused_attention', 'attention_shift', 'monitoring', 'attention_shift', 'reduced_visual_availability', 'monitoring'].",,"[""focused_attention"", ""exploratory_attention"", ""occluded_attention"", ""reduced_visual_availability"", ""mixed_attention""]",focused_attention,0.84,"[""visible_ratio=0.957"", ""gaze_shift_ratio=0.038"", ""occlusion_ratio=0.001"", ""eyes_closed_ratio=0.000"", ""mean_gaze_motion=5.11"", ""attention_stability_score=0.790"", ""max_visible_streak=521"", ""segments=60"", ""interactions=61""]","[""Interpretation is limited to annotation-derived behavior and not video context.""]",2026-04-06T15:39:30+00:00,childplay-behavior-v1,visible_ratio=0.957; gaze_shift_ratio=0.038; occlusion_ratio=0.001; eyes_closed_ratio=0.000; mean_gaze_motion=5.11; attention_stability_score=0.790; dominant_gaze_class=inside_visible; observed_frames=1920
odFKscFdEas_14127-14292:person_2,odFKscFdEas_14127-14292,rule-based,rule-based,test,"Child gaze behavior summary. split=test, observed_frames=166, visible_ratio=0.663, on_screen_ratio=0.663, gaze_shift_ratio=0.114, occlusion_ratio=0.000, eyes_closed_ratio=0.000, mean_head_motion=0.29, mean_gaze_motion=8.57, attention_stability_score=0.669, dominant_gaze_class=inside_visible, num_segments=7, num_interactions=8, segment_types=['stable', 'shift', 'stable', 'shift', 'outside', 'shift', 'stable'], interaction_events=['focused_attention', 'attention_shift', 'focused_attention', 'attention_shift', 'reduced_visual_availability', 'attention_shift', 'monitoring', 'exploratory_behavior'].",,"[""focused_attention"", ""exploratory_attention"", ""occluded_attention"", ""reduced_visual_availability"", ""mixed_attention""]",mixed_attention,0.68,"[""visible_ratio=0.663"", ""gaze_shift_ratio=0.114"", ""occlusion_ratio=0.000"", ""eyes_closed_ratio=0.000"", ""mean_gaze_motion=8.57"", ""attention_stability_score=0.669"", ""max_visible_streak=61"", ""segments=7"", ""interactions=8""]","[""Interpretation is limited to annotation-derived behavior and not video context.""]",2026-04-06T15:39:30+00:00,childplay-behavior-v1,visible_ratio=0.663; gaze_shift_ratio=0.114; occlusion_ratio=0.000; eyes_closed_ratio=0.000; mean_gaze_motion=8.57; attention_stability_score=0.669; dominant_gaze_class=inside_visible; observed_frames=166
odFKscFdEas_15822-16030:person_2,odFKscFdEas_15822-16030,rule-based,rule-based,test,"Child gaze behavior summary. split=test, observed_frames=209, visible_ratio=0.914, on_screen_ratio=0.914, gaze_shift_ratio=0.086, occlusion_ratio=0.000, eyes_closed_ratio=0.000, mean_head_motion=0.16, mean_gaze_motion=6.81, attention_stability_score=0.764, dominant_gaze_class=inside_visible, num_segments=9, num_interactions=10, segment_types=['stable', 'shift', 'stable', 'shift', 'stable', 'shift', 'stable', 'shift'], interaction_events=['focused_attention', 'attention_shift', 'monitoring', 'attention_shift', 'focused_attention', 'attention_shift', 'focused_attention', 'attention_shift'].",,"[""focused_attention"", ""exploratory_attention"", ""occluded_attention"", ""reduced_visual_availability"", ""mixed_attention""]",focused_attention,0.84,"[""visible_ratio=0.914"", ""gaze_shift_ratio=0.086"", ""occlusion_ratio=0.000"", ""eyes_closed_ratio=0.000"", ""mean_gaze_motion=6.81"", ""attention_stability_score=0.764"", ""max_visible_streak=58"", ""segments=9"", ""interactions=10""]","[""Interpretation is limited to annotation-derived behavior and not video context.""]",2026-04-06T15:39:30+00:00,childplay-behavior-v1,visible_ratio=0.914; gaze_shift_ratio=0.086; occlusion_ratio=0.000; eyes_closed_ratio=0.000; mean_gaze_motion=6.81; attention_stability_score=0.764; dominant_gaze_class=inside_visible; observed_frames=209
whHPATlDw8M_33039-33248-downsampled:person_1,whHPATlDw8M_33039-33248-downsampled,rule-based,rule-based,test,"Child gaze behavior summary. split=test, observed_frames=105, visible_ratio=1.000, on_screen_ratio=1.000, gaze_shift_ratio=0.000, occlusion_ratio=0.000, eyes_closed_ratio=0.000, mean_head_motion=1.40, mean_gaze_motion=6.23, attention_stability_score=0.997, dominant_gaze_class=inside_visible, num_segments=7, num_interactions=8, segment_types=['stable', 'shift', 'stable', 'shift', 'stable', 'shift', 'stable'], interaction_events=['monitoring', 'attention_shift', 'monitoring', 'attention_shift', 'monitoring', 'attention_shift', 'monitoring', 'exploratory_behavior'].",,"[""focused_attention"", ""exploratory_attention"", ""occluded_attention"", ""reduced_visual_availability"", ""mixed_attention""]",focused_attention,0.84,"[""visible_ratio=1.000"", ""gaze_shift_ratio=0.000"", ""occlusion_ratio=0.000"", ""eyes_closed_ratio=0.000"", ""mean_gaze_motion=6.23"", ""attention_stability_score=0.997"", ""max_visible_streak=105"", ""segments=7"", ""interactions=8""]","[""Interpretation is limited to annotation-derived behavior and not video context.""]",2026-04-06T15:39:30+00:00,childplay-behavior-v1,visible_ratio=1.000; gaze_shift_ratio=0.000; occlusion_ratio=0.000; eyes_closed_ratio=0.000; mean_gaze_motion=6.23; attention_stability_score=0.997; dominant_gaze_class=inside_visible; observed_frames=105
whHPATlDw8M_5014-5313-downsampled:person_2,whHPATlDw8M_5014-5313-downsampled,rule-based,rule-based,test,"Child gaze behavior summary. split=test, observed_frames=150, visible_ratio=0.907, on_screen_ratio=0.907, gaze_shift_ratio=0.093, occlusion_ratio=0.000, eyes_closed_ratio=0.000, mean_head_motion=1.27, mean_gaze_motion=8.46, attention_stability_score=0.810, dominant_gaze_class=inside_visible, num_segments=7, num_interactions=8, segment_types=['stable', 'shift', 'stable', 'shift', 'stable', 'shift', 'stable'], interaction_events=['focused_attention', 'attention_shift', 'monitoring', 'attention_shift', 'monitoring', 'attention_shift', 'monitoring', 'exploratory_behavior'].",,"[""focused_attention"", ""exploratory_attention"", ""occluded_attention"", ""reduced_visual_availability"", ""mixed_attention""]",focused_attention,0.84,"[""visible_ratio=0.907"", ""gaze_shift_ratio=0.093"", ""occlusion_ratio=0.000"", ""eyes_closed_ratio=0.000"", ""mean_gaze_motion=8.46"", ""attention_stability_score=0.810"", ""max_visible_streak=72"", ""segments=7"", ""interactions=8""]","[""Interpretation is limited to annotation-derived behavior and not video context.""]",2026-04-06T15:39:30+00:00,childplay-behavior-v1,visible_ratio=0.907; gaze_shift_ratio=0.093; occlusion_ratio=0.000; eyes_closed_ratio=0.000; mean_gaze_motion=8.46; attention_stability_score=0.810; dominant_gaze_class=inside_visible; observed_frames=150
zmZpa1p5zaE_1028-1129:person_1,zmZpa1p5zaE_1028-1129,rule-based,rule-based,test,"Child gaze behavior summary. split=test, observed_frames=102, visible_ratio=1.000, on_screen_ratio=1.000, gaze_shift_ratio=0.000, occlusion_ratio=0.000, eyes_closed_ratio=0.000, mean_head_motion=0.38, mean_gaze_motion=1.92, attention_stability_score=0.999, dominant_gaze_class=inside_visible, num_segments=1, num_interactions=1, segment_types=['stable'], interaction_events=['focused_attention'].",,"[""focused_attention"", ""exploratory_attention"", ""occluded_attention"", ""reduced_visual_availability"", ""mixed_attention""]",focused_attention,0.84,"[""visible_ratio=1.000"", ""gaze_shift_ratio=0.000"", ""occlusion_ratio=0.000"", ""eyes_closed_ratio=0.000"", ""mean_gaze_motion=1.92"", ""attention_stability_score=0.999"", ""max_visible_streak=102"", ""segments=1"", ""interactions=1""]","[""Interpretation is limited to annotation-derived behavior and not video context.""]",2026-04-06T15:39:30+00:00,childplay-behavior-v1,visible_ratio=1.000; gaze_shift_ratio=0.000; occlusion_ratio=0.000; eyes_closed_ratio=0.000; mean_gaze_motion=1.92; attention_stability_score=0.999; dominant_gaze_class=inside_visible; observed_frames=102
zmZpa1p5zaE_1028-1129:person_2,zmZpa1p5zaE_1028-1129,rule-based,rule-based,test,"Child gaze behavior summary. split=test, observed_frames=102, visible_ratio=0.833, on_screen_ratio=0.833, gaze_shift_ratio=0.167, occlusion_ratio=0.000, eyes_closed_ratio=0.000, mean_head_motion=1.42, mean_gaze_motion=7.38, attention_stability_score=0.752, dominant_gaze_class=inside_visible, num_segments=5, num_interactions=5, segment_types=['stable', 'shift', 'stable', 'shift', 'stable'], interaction_events=['monitoring', 'attention_shift', 'focused_attention', 'attention_shift', 'monitoring'].",,"[""focused_attention"", ""exploratory_attention"", ""occluded_attention"", ""reduced_visual_availability"", ""mixed_attention""]",mixed_attention,0.68,"[""visible_ratio=0.833"", ""gaze_shift_ratio=0.167"", ""occlusion_ratio=0.000"", ""eyes_closed_ratio=0.000"", ""mean_gaze_motion=7.38"", ""attention_stability_score=0.752"", ""max_visible_streak=43"", ""segments=5"", ""interactions=5""]","[""Interpretation is limited to annotation-derived behavior and not video context.""]",2026-04-06T15:39:30+00:00,childplay-behavior-v1,visible_ratio=0.833; gaze_shift_ratio=0.167; occlusion_ratio=0.000; eyes_closed_ratio=0.000; mean_gaze_motion=7.38; attention_stability_score=0.752; dominant_gaze_class=inside_visible; observed_frames=102
1Aea8BH-PCs_1256-1506:person_1,1Aea8BH-PCs_1256-1506,rule-based,rule-based,train,"Child gaze behavior summary. split=train, observed_frames=251, visible_ratio=0.976, on_screen_ratio=0.976, gaze_shift_ratio=0.024, occlusion_ratio=0.000, eyes_closed_ratio=0.000, mean_head_motion=3.42, mean_gaze_motion=11.34, attention_stability_score=0.926, dominant_gaze_class=inside_visible, num_segments=17, num_interactions=18, segment_types=['stable', 'shift', 'stable', 'shift', 'stable', 'shift', 'stable', 'shift'], interaction_events=['monitoring', 'attention_shift', 'focused_attention', 'attention_shift', 'monitoring', 'attention_shift', 'monitoring', 'attention_shift'].",,"[""focused_attention"", ""exploratory_attention"", ""occluded_attention"", ""reduced_visual_availability"", ""mixed_attention""]",focused_attention,0.84,"[""visible_ratio=0.976"", ""gaze_shift_ratio=0.024"", ""occlusion_ratio=0.000"", ""eyes_closed_ratio=0.000"", ""mean_gaze_motion=11.34"", ""attention_stability_score=0.926"", ""max_visible_streak=197"", ""segments=17"", ""interactions=18""]","[""Interpretation is limited to annotation-derived behavior and not video context.""]",2026-04-06T15:39:30+00:00,childplay-behavior-v1,visible_ratio=0.976; gaze_shift_ratio=0.024; occlusion_ratio=0.000; eyes_closed_ratio=0.000; mean_gaze_motion=11.34; attention_stability_score=0.926; dominant_gaze_class=inside_visible; observed_frames=251
1Aea8BH-PCs_3248-3602:person_1,1Aea8BH-PCs_3248-3602,rule-based,rule-based,train,"Child gaze behavior summary. split=train, observed_frames=355, visible_ratio=1.000, on_screen_ratio=1.000, gaze_shift_ratio=0.000, occlusion_ratio=0.000, eyes_closed_ratio=0.000, mean_head_motion=4.60, mean_gaze_motion=12.41, attention_stability_score=0.994, dominant_gaze_class=inside_visible, num_segments=35, num_interactions=36, segment_types=['stable', 'shift', 'stable', 'shift', 'stable', 'shift', 'stable', 'shift'], interaction_events=['focused_attention', 'attention_shift', 'monitoring', 'attention_shift', 'monitoring', 'attention_shift', 'monitoring', 'attention_shift'].",,"[""focused_attention"", ""exploratory_attention"", ""occluded_attention"", ""reduced_visual_availability"", ""mixed_attention""]",focused_attention,0.84,"[""visible_ratio=1.000"", ""gaze_shift_ratio=0.000"", ""occlusion_ratio=0.000"", ""eyes_closed_ratio=0.000"", ""mean_gaze_motion=12.41"", ""attention_stability_score=0.994"", ""max_visible_streak=355"", ""segments=35"", ""interactions=36""]","[""Interpretation is limited to annotation-derived behavior and not video context.""]",2026-04-06T15:39:30+00:00,childplay-behavior-v1,visible_ratio=1.000; gaze_shift_ratio=0.000; occlusion_ratio=0.000; eyes_closed_ratio=0.000; mean_gaze_motion=12.41; attention_stability_score=0.994; dominant_gaze_class=inside_visible; observed_frames=355
1Aea8BH-PCs_3612-3844:person_1,1Aea8BH-PCs_3612-3844,rule-based,rule-based,train,"Child gaze behavior summary. split=train, observed_frames=233, visible_ratio=0.991, on_screen_ratio=0.991, gaze_shift_ratio=0.009, occlusion_ratio=0.000, eyes_closed_ratio=0.000, mean_head_motion=9.56, mean_gaze_motion=48.08, attention_stability_score=0.959, dominant_gaze_class=inside_visible, num_segments=35, num_interactions=36, segment_types=['stable', 'shift', 'stable', 'shift', 'stable', 'shift', 'stable', 'shift'], interaction_events=['monitoring', 'attention_shift', 'monitoring', 'attention_shift', 'monitoring', 'attention_shift', 'monitoring', 'attention_shift'].",,"[""focused_attention"", ""exploratory_attention"", ""occluded_attention"", ""reduced_visual_availability"", ""mixed_attention""]",focused_attention,0.84,"[""visible_ratio=0.991"", ""gaze_shift_ratio=0.009"", ""occlusion_ratio=0.000"", ""eyes_closed_ratio=0.000"", ""mean_gaze_motion=48.08"", ""attention_stability_score=0.959"", ""max_visible_streak=222"", ""segments=35"", ""interactions=36""]","[""Interpretation is limited to annotation-derived behavior and not video context.""]",2026-04-06T15:39:30+00:00,childplay-behavior-v1,visible_ratio=0.991; gaze_shift_ratio=0.009; occlusion_ratio=0.000; eyes_closed_ratio=0.000; mean_gaze_motion=48.08; attention_stability_score=0.959; dominant_gaze_class=inside_visible; observed_frames=233
1Aea8BH-PCs_948-1055:person_2,1Aea8BH-PCs_948-1055,rule-based,rule-based,train,"Child gaze behavior summary. split=train, observed_frames=108, visible_ratio=1.000, on_screen_ratio=1.000, gaze_shift_ratio=0.000, occlusion_ratio=0.000, eyes_closed_ratio=0.000, mean_head_motion=1.13, mean_gaze_motion=10.53, attention_stability_score=0.995, dominant_gaze_class=inside_visible, num_segments=1, num_interactions=1, segment_types=['stable'], interaction_events=['focused_attention'].",,"[""focused_attention"", ""exploratory_attention"", ""occluded_attention"", ""reduced_visual_availability"", ""mixed_attention""]",focused_attention,0.84,"[""visible_ratio=1.000"", ""gaze_shift_ratio=0.000"", ""occlusion_ratio=0.000"", ""eyes_closed_ratio=0.000"", ""mean_gaze_motion=10.53"", ""attention_stability_score=0.995"", ""max_visible_streak=108"", ""segments=1"", ""interactions=1""]","[""Interpretation is limited to annotation-derived behavior and not video context.""]",2026-04-06T15:39:30+00:00,childplay-behavior-v1,visible_ratio=1.000; gaze_shift_ratio=0.000; occlusion_ratio=0.000; eyes_closed_ratio=0.000; mean_gaze_motion=10.53; attention_stability_score=0.995; dominant_gaze_class=inside_visible; observed_frames=108
2AT3ped6GsI_238-377:person_2,2AT3ped6GsI_238-377,rule-based,rule-based,train,"Child gaze behavior summary. split=train, observed_frames=140, visible_ratio=0.893, on_screen_ratio=0.893, gaze_shift_ratio=0.107, occlusion_ratio=0.000, eyes_closed_ratio=0.000, mean_head_motion=0.55, mean_gaze_motion=8.75, attention_stability_score=0.855, dominant_gaze_class=inside_visible, num_segments=3, num_interactions=3, segment_types=['stable', 'shift', 'stable'], interaction_events=['monitoring', 'attention_shift', 'focused_attention'].",,"[""focused_attention"", ""exploratory_attention"", ""occluded_attention"", ""reduced_visual_availability"", ""mixed_attention""]",mixed_attention,0.68,"[""visible_ratio=0.893"", ""gaze_shift_ratio=0.107"", ""occlusion_ratio=0.000"", ""eyes_closed_ratio=0.000"", ""mean_gaze_motion=8.75"", ""attention_stability_score=0.855"", ""max_visible_streak=97"", ""segments=3"", ""interactions=3""]","[""Interpretation is limited to annotation-derived behavior and not video context.""]",2026-04-06T15:39:30+00:00,childplay-behavior-v1,visible_ratio=0.893; gaze_shift_ratio=0.107; occlusion_ratio=0.000; eyes_closed_ratio=0.000; mean_gaze_motion=8.75; attention_stability_score=0.855; dominant_gaze_class=inside_visible; observed_frames=140
2AT3ped6GsI_238-377:person_3,2AT3ped6GsI_238-377,rule-based,rule-based,train,"Child gaze behavior summary. split=train, observed_frames=140, visible_ratio=0.979, on_screen_ratio=0.979, gaze_shift_ratio=0.021, occlusion_ratio=0.000, eyes_closed_ratio=0.000, mean_head_motion=0.30, mean_gaze_motion=4.40, attention_stability_score=0.965, dominant_gaze_class=inside_visible, num_segments=7, num_interactions=8, segment_types=['stable', 'shift', 'stable', 'shift', 'stable', 'shift', 'stable'], interaction_events=['focused_attention', 'attention_shift', 'monitoring', 'attention_shift', 'focused_attention', 'attention_shift', 'monitoring', 'exploratory_behavior'].",,"[""focused_attention"", ""exploratory_attention"", ""occluded_attention"", ""reduced_visual_availability"", ""mixed_attention""]",focused_attention,0.84,"[""visible_ratio=0.979"", ""gaze_shift_ratio=0.021"", ""occlusion_ratio=0.000"", ""eyes_closed_ratio=0.000"", ""mean_gaze_motion=4.40"", ""attention_stability_score=0.965"", ""max_visible_streak=129"", ""segments=7"", ""interactions=8""]","[""Interpretation is limited to annotation-derived behavior and not video context.""]",2026-04-06T15:39:30+00:00,childplay-behavior-v1,visible_ratio=0.979; gaze_shift_ratio=0.021; occlusion_ratio=0.000; eyes_closed_ratio=0.000; mean_gaze_motion=4.40; attention_stability_score=0.965; dominant_gaze_class=inside_visible; observed_frames=140
2b1zXYv7Fn8_230-1773:person_1,2b1zXYv7Fn8_230-1773,rule-based,rule-based,train,"Child gaze behavior summary. split=train, observed_frames=1544, visible_ratio=0.873, on_screen_ratio=0.898, gaze_shift_ratio=0.100, occlusion_ratio=0.025, eyes_closed_ratio=0.000, mean_head_motion=0.84, mean_gaze_motion=5.78, attention_stability_score=0.733, dominant_gaze_class=inside_visible, num_segments=52, num_interactions=53, segment_types=['stable', 'shift', 'stable', 'shift', 'occluded', 'shift', 'stable', 'shift'], interaction_events=['monitoring', 'attention_shift', 'focused_attention', 'attention_shift', 'reduced_visual_availability', 'attention_shift', 'monitoring', 'attention_shift'].",,"[""focused_attention"", ""exploratory_attention"", ""occluded_attention"", ""reduced_visual_availability"", ""mixed_attention""]",focused_attention,0.84,"[""visible_ratio=0.873"", ""gaze_shift_ratio=0.100"", ""occlusion_ratio=0.025"", ""eyes_closed_ratio=0.000"", ""mean_gaze_motion=5.78"", ""attention_stability_score=0.733"", ""max_visible_streak=357"", ""segments=52"", ""interactions=53""]","[""Interpretation is limited to annotation-derived behavior and not video context.""]",2026-04-06T15:39:30+00:00,childplay-behavior-v1,visible_ratio=0.873; gaze_shift_ratio=0.100; occlusion_ratio=0.025; eyes_closed_ratio=0.000; mean_gaze_motion=5.78; attention_stability_score=0.733; dominant_gaze_class=inside_visible; observed_frames=1544
2b1zXYv7Fn8_3325-5040:person_1,2b1zXYv7Fn8_3325-5040,rule-based,rule-based,train,"Child gaze behavior summary. split=train, observed_frames=1716, visible_ratio=0.843, on_screen_ratio=0.857, gaze_shift_ratio=0.133, occlusion_ratio=0.013, eyes_closed_ratio=0.000, mean_head_motion=0.89, mean_gaze_motion=6.13, attention_stability_score=0.689, dominant_gaze_class=inside_visible, num_segments=58, num_interactions=59, segment_types=['stable', 'shift', 'stable', 'shift', 'stable', 'shift', 'stable', 'occluded'], interaction_events=['focused_attention', 'attention_shift', 'monitoring', 'attention_shift', 'monitoring', 'attention_shift', 'monitoring', 'reduced_visual_availability'].",,"[""focused_attention"", ""exploratory_attention"", ""occluded_attention"", ""reduced_visual_availability"", ""mixed_attention""]",mixed_attention,0.68,"[""visible_ratio=0.843"", ""gaze_shift_ratio=0.133"", ""occlusion_ratio=0.013"", ""eyes_closed_ratio=0.000"", ""mean_gaze_motion=6.13"", ""attention_stability_score=0.689"", ""max_visible_streak=221"", ""segments=58"", ""interactions=59""]","[""Interpretation is limited to annotation-derived behavior and not video context.""]",2026-04-06T15:39:30+00:00,childplay-behavior-v1,visible_ratio=0.843; gaze_shift_ratio=0.133; occlusion_ratio=0.013; eyes_closed_ratio=0.000; mean_gaze_motion=6.13; attention_stability_score=0.689; dominant_gaze_class=inside_visible; observed_frames=1716
3mXFJ8S-boU_1532-1683:person_1,3mXFJ8S-boU_1532-1683,rule-based,rule-based,train,"Child gaze behavior summary. split=train, observed_frames=152, visible_ratio=0.763, on_screen_ratio=0.763, gaze_shift_ratio=0.046, occlusion_ratio=0.000, eyes_closed_ratio=0.000, mean_head_motion=3.20, mean_gaze_motion=7.31, attention_stability_score=0.748, dominant_gaze_class=inside_visible, num_segments=7, num_interactions=8, segment_types=['stable', 'shift', 'outside', 'shift', 'stable', 'shift', 'stable'], interaction_events=['focused_attention', 'attention_shift', 'reduced_visual_availability', 'attention_shift', 'monitoring', 'attention_shift', 'focused_attention', 'exploratory_behavior'].",,"[""focused_attention"", ""exploratory_attention"", ""occluded_attention"", ""reduced_visual_availability"", ""mixed_attention""]",focused_attention,0.84,"[""visible_ratio=0.763"", ""gaze_shift_ratio=0.046"", ""occlusion_ratio=0.000"", ""eyes_closed_ratio=0.000"", ""mean_gaze_motion=7.31"", ""attention_stability_score=0.748"", ""max_visible_streak=70"", ""segments=7"", ""interactions=8""]","[""Interpretation is limited to annotation-derived behavior and not video context.""]",2026-04-06T15:39:30+00:00,childplay-behavior-v1,visible_ratio=0.763; gaze_shift_ratio=0.046; occlusion_ratio=0.000; eyes_closed_ratio=0.000; mean_gaze_motion=7.31; attention_stability_score=0.748; dominant_gaze_class=inside_visible; observed_frames=152
3mXFJ8S-boU_1716-2076:person_1,3mXFJ8S-boU_1716-2076,rule-based,rule-based,train,"Child gaze behavior summary. split=train, observed_frames=361, visible_ratio=0.271, on_screen_ratio=0.640, gaze_shift_ratio=0.030, occlusion_ratio=0.368, eyes_closed_ratio=0.000, mean_head_motion=2.31, mean_gaze_motion=25.19, attention_stability_score=0.444, dominant_gaze_class=inside_uncertain, num_segments=20, num_interactions=21, segment_types=['outside', 'shift', 'stable', 'outside', 'shift', 'outside', 'shift', 'outside'], interaction_events=['reduced_visual_availability', 'attention_shift', 'monitoring', 'reduced_visual_availability', 'attention_shift', 'reduced_visual_availability', 'attention_shift', 'reduced_visual_availability'].",,"[""focused_attention"", ""exploratory_attention"", ""occluded_attention"", ""reduced_visual_availability"", ""mixed_attention""]",occluded_attention,0.74,"[""visible_ratio=0.271"", ""gaze_shift_ratio=0.030"", ""occlusion_ratio=0.368"", ""eyes_closed_ratio=0.000"", ""mean_gaze_motion=25.19"", ""attention_stability_score=0.444"", ""max_visible_streak=57"", ""segments=20"", ""interactions=21""]","[""Interpretation is partially limited by occluded or uncertain gaze frames.""]",2026-04-06T15:39:30+00:00,childplay-behavior-v1,visible_ratio=0.271; gaze_shift_ratio=0.030; occlusion_ratio=0.368; eyes_closed_ratio=0.000; mean_gaze_motion=25.19; attention_stability_score=0.444; dominant_gaze_class=inside_uncertain; observed_frames=361
3mXFJ8S-boU_2189-2419:person_1,3mXFJ8S-boU_2189-2419,rule-based,rule-based,train,"Child gaze behavior summary. split=train, observed_frames=231, visible_ratio=1.000, on_screen_ratio=1.000, gaze_shift_ratio=0.000, occlusion_ratio=0.000, eyes_closed_ratio=0.000, mean_head_motion=6.85, mean_gaze_motion=8.65, attention_stability_score=0.996, dominant_gaze_class=inside_visible, num_segments=9, num_interactions=10, segment_types=['stable', 'shift', 'stable', 'shift', 'stable', 'shift', 'stable', 'shift'], interaction_events=['monitoring', 'attention_shift', 'focused_attention', 'attention_shift', 'focused_attention', 'attention_shift', 'monitoring', 'attention_shift'].",,"[""focused_attention"", ""exploratory_attention"", ""occluded_attention"", ""reduced_visual_availability"", ""mixed_attention""]",focused_attention,0.84,"[""visible_ratio=1.000"", ""gaze_shift_ratio=0.000"", ""occlusion_ratio=0.000"", ""eyes_closed_ratio=0.000"", ""mean_gaze_motion=8.65"", ""attention_stability_score=0.996"", ""max_visible_streak=231"", ""segments=9"", ""interactions=10""]","[""Interpretation is limited to annotation-derived behavior and not video context.""]",2026-04-06T15:39:30+00:00,childplay-behavior-v1,visible_ratio=1.000; gaze_shift_ratio=0.000; occlusion_ratio=0.000; eyes_closed_ratio=0.000; mean_gaze_motion=8.65; attention_stability_score=0.996; dominant_gaze_class=inside_visible; observed_frames=231
3mXFJ8S-boU_2189-2419:person_3,3mXFJ8S-boU_2189-2419,rule-based,rule-based,train,"Child gaze behavior summary. split=train, observed_frames=231, visible_ratio=0.983, on_screen_ratio=0.983, gaze_shift_ratio=0.017, occlusion_ratio=0.000, eyes_closed_ratio=0.000, mean_head_motion=0.97, mean_gaze_motion=9.08, attention_stability_score=0.947, dominant_gaze_class=inside_visible, num_segments=7, num_interactions=8, segment_types=['stable', 'shift', 'stable', 'shift', 'stable', 'shift', 'stable'], interaction_events=['focused_attention', 'attention_shift', 'focused_attention', 'attention_shift', 'monitoring', 'attention_shift', 'focused_attention', 'exploratory_behavior'].",,"[""focused_attention"", ""exploratory_attention"", ""occluded_attention"", ""reduced_visual_availability"", ""mixed_attention""]",focused_attention,0.84,"[""visible_ratio=0.983"", ""gaze_shift_ratio=0.017"", ""occlusion_ratio=0.000"", ""eyes_closed_ratio=0.000"", ""mean_gaze_motion=9.08"", ""attention_stability_score=0.947"", ""max_visible_streak=196"", ""segments=7"", ""interactions=8""]","[""Interpretation is limited to annotation-derived behavior and not video context.""]",2026-04-06T15:39:30+00:00,childplay-behavior-v1,visible_ratio=0.983; gaze_shift_ratio=0.017; occlusion_ratio=0.000; eyes_closed_ratio=0.000; mean_gaze_motion=9.08; attention_stability_score=0.947; dominant_gaze_class=inside_visible; observed_frames=231
3mXFJ8S-boU_4218-4655:person_1,3mXFJ8S-boU_4218-4655,rule-based,rule-based,train,"Child gaze behavior summary. split=train, observed_frames=438, visible_ratio=0.635, on_screen_ratio=0.648, gaze_shift_ratio=0.053, occlusion_ratio=0.014, eyes_closed_ratio=0.000, mean_head_motion=2.26, mean_gaze_motion=11.93, attention_stability_score=0.624, dominant_gaze_class=inside_visible, num_segments=30, num_interactions=31, segment_types=['stable', 'shift', 'stable', 'shift', 'outside', 'shift', 'outside', 'shift'], interaction_events=['focused_attention', 'attention_shift', 'monitoring', 'attention_shift', 'reduced_visual_availability', 'attention_shift', 'reduced_visual_availability', 'attention_shift'].",,"[""focused_attention"", ""exploratory_attention"", ""occluded_attention"", ""reduced_visual_availability"", ""mixed_attention""]",mixed_attention,0.68,"[""visible_ratio=0.635"", ""gaze_shift_ratio=0.053"", ""occlusion_ratio=0.014"", ""eyes_closed_ratio=0.000"", ""mean_gaze_motion=11.93"", ""attention_stability_score=0.624"", ""max_visible_streak=92"", ""segments=30"", ""interactions=31""]","[""Interpretation is limited to annotation-derived behavior and not video context.""]",2026-04-06T15:39:30+00:00,childplay-behavior-v1,visible_ratio=0.635; gaze_shift_ratio=0.053; occlusion_ratio=0.014; eyes_closed_ratio=0.000; mean_gaze_motion=11.93; attention_stability_score=0.624; dominant_gaze_class=inside_visible; observed_frames=438
3mXFJ8S-boU_4218-4655:person_3,3mXFJ8S-boU_4218-4655,rule-based,rule-based,train,"Child gaze behavior summary. split=train, observed_frames=438, visible_ratio=0.689, on_screen_ratio=0.977, gaze_shift_ratio=0.023, occlusion_ratio=0.288, eyes_closed_ratio=0.000, mean_head_motion=3.68, mean_gaze_motion=11.56, attention_stability_score=0.698, dominant_gaze_class=inside_visible, num_segments=16, num_interactions=17, segment_types=['stable', 'shift', 'stable', 'shift', 'stable', 'shift', 'stable', 'shift'], interaction_events=['focused_attention', 'attention_shift', 'focused_attention', 'attention_shift', 'monitoring', 'attention_shift', 'monitoring', 'attention_shift'].",,"[""focused_attention"", ""exploratory_attention"", ""occluded_attention"", ""reduced_visual_availability"", ""mixed_attention""]",mixed_attention,0.68,"[""visible_ratio=0.689"", ""gaze_shift_ratio=0.023"", ""occlusion_ratio=0.288"", ""eyes_closed_ratio=0.000"", ""mean_gaze_motion=11.56"", ""attention_stability_score=0.698"", ""max_visible_streak=170"", ""segments=16"", ""interactions=17""]","[""Interpretation is partially limited by occluded or uncertain gaze frames.""]",2026-04-06T15:39:30+00:00,childplay-behavior-v1,visible_ratio=0.689; gaze_shift_ratio=0.023; occlusion_ratio=0.288; eyes_closed_ratio=0.000; mean_gaze_motion=11.56; attention_stability_score=0.698; dominant_gaze_class=inside_visible; observed_frames=438
3mXFJ8S-boU_4791-4984:person_1,3mXFJ8S-boU_4791-4984,rule-based,rule-based,train,"Child gaze behavior summary. split=train, observed_frames=194, visible_ratio=0.887, on_screen_ratio=0.887, gaze_shift_ratio=0.113, occlusion_ratio=0.000, eyes_closed_ratio=0.000, mean_head_motion=3.35, mean_gaze_motion=32.43, attention_stability_score=0.728, dominant_gaze_class=inside_visible, num_segments=19, num_interactions=20, segment_types=['stable', 'shift', 'stable', 'shift', 'stable', 'shift', 'stable', 'shift'], interaction_events=['monitoring', 'attention_shift', 'monitoring', 'attention_shift', 'monitoring', 'attention_shift', 'monitoring', 'attention_shift'].",,"[""focused_attention"", ""exploratory_attention"", ""occluded_attention"", ""reduced_visual_availability"", ""mixed_attention""]",mixed_attention,0.68,"[""visible_ratio=0.887"", ""gaze_shift_ratio=0.113"", ""occlusion_ratio=0.000"", ""eyes_closed_ratio=0.000"", ""mean_gaze_motion=32.43"", ""attention_stability_score=0.728"", ""max_visible_streak=48"", ""segments=19"", ""interactions=20""]","[""Interpretation is limited to annotation-derived behavior and not video context.""]",2026-04-06T15:39:30+00:00,childplay-behavior-v1,visible_ratio=0.887; gaze_shift_ratio=0.113; occlusion_ratio=0.000; eyes_closed_ratio=0.000; mean_gaze_motion=32.43; attention_stability_score=0.728; dominant_gaze_class=inside_visible; observed_frames=194
3mXFJ8S-boU_4791-4984:person_3,3mXFJ8S-boU_4791-4984,rule-based,rule-based,train,"Child gaze behavior summary. split=train, observed_frames=194, visible_ratio=0.948, on_screen_ratio=0.985, gaze_shift_ratio=0.015, occlusion_ratio=0.036, eyes_closed_ratio=0.000, mean_head_motion=0.93, mean_gaze_motion=17.07, attention_stability_score=0.908, dominant_gaze_class=inside_visible, num_segments=13, num_interactions=14, segment_types=['stable', 'occluded', 'stable', 'shift', 'stable', 'shift', 'stable', 'shift'], interaction_events=['monitoring', 'reduced_visual_availability', 'monitoring', 'attention_shift', 'focused_attention', 'attention_shift', 'monitoring', 'attention_shift'].",,"[""focused_attention"", ""exploratory_attention"", ""occluded_attention"", ""reduced_visual_availability"", ""mixed_attention""]",focused_attention,0.84,"[""visible_ratio=0.948"", ""gaze_shift_ratio=0.015"", ""occlusion_ratio=0.036"", ""eyes_closed_ratio=0.000"", ""mean_gaze_motion=17.07"", ""attention_stability_score=0.908"", ""max_visible_streak=149"", ""segments=13"", ""interactions=14""]","[""Interpretation is limited to annotation-derived behavior and not video context.""]",2026-04-06T15:39:30+00:00,childplay-behavior-v1,visible_ratio=0.948; gaze_shift_ratio=0.015; occlusion_ratio=0.036; eyes_closed_ratio=0.000; mean_gaze_motion=17.07; attention_stability_score=0.908; dominant_gaze_class=inside_visible; observed_frames=194
3mXFJ8S-boU_494-895:person_1,3mXFJ8S-boU_494-895,rule-based,rule-based,train,"Child gaze behavior summary. split=train, observed_frames=402, visible_ratio=0.816, on_screen_ratio=0.816, gaze_shift_ratio=0.010, occlusion_ratio=0.000, eyes_closed_ratio=0.007, mean_head_motion=1.38, mean_gaze_motion=1.54, attention_stability_score=0.869, dominant_gaze_class=inside_visible, num_segments=4, num_interactions=4, segment_types=['eyes_closed', 'outside', 'shift', 'stable'], interaction_events=['reduced_visual_availability', 'reduced_visual_availability', 'attention_shift', 'focused_attention'].",,"[""focused_attention"", ""exploratory_attention"", ""occluded_attention"", ""reduced_visual_availability"", ""mixed_attention""]",focused_attention,0.84,"[""visible_ratio=0.816"", ""gaze_shift_ratio=0.010"", ""occlusion_ratio=0.000"", ""eyes_closed_ratio=0.007"", ""mean_gaze_motion=1.54"", ""attention_stability_score=0.869"", ""max_visible_streak=328"", ""segments=4"", ""interactions=4""]","[""Interpretation is limited to annotation-derived behavior and not video context.""]",2026-04-06T15:39:30+00:00,childplay-behavior-v1,visible_ratio=0.816; gaze_shift_ratio=0.010; occlusion_ratio=0.000; eyes_closed_ratio=0.007; mean_gaze_motion=1.54; attention_stability_score=0.869; dominant_gaze_class=inside_visible; observed_frames=402
3mXFJ8S-boU_5848-6239:person_1,3mXFJ8S-boU_5848-6239,rule-based,rule-based,train,"Child gaze behavior summary. split=train, observed_frames=392, visible_ratio=0.821, on_screen_ratio=0.959, gaze_shift_ratio=0.041, occlusion_ratio=0.138, eyes_closed_ratio=0.000, mean_head_motion=8.72, mean_gaze_motion=26.11, attention_stability_score=0.711, dominant_gaze_class=inside_visible, num_segments=33, num_interactions=34, segment_types=['stable', 'shift', 'stable', 'shift', 'stable', 'shift', 'stable', 'shift'], interaction_events=['monitoring', 'attention_shift', 'monitoring', 'attention_shift', 'monitoring', 'attention_shift', 'monitoring', 'attention_shift'].",,"[""focused_attention"", ""exploratory_attention"", ""occluded_attention"", ""reduced_visual_availability"", ""mixed_attention""]",focused_attention,0.84,"[""visible_ratio=0.821"", ""gaze_shift_ratio=0.041"", ""occlusion_ratio=0.138"", ""eyes_closed_ratio=0.000"", ""mean_gaze_motion=26.11"", ""attention_stability_score=0.711"", ""max_visible_streak=95"", ""segments=33"", ""interactions=34""]","[""Interpretation is limited to annotation-derived behavior and not video context.""]",2026-04-06T15:39:30+00:00,childplay-behavior-v1,visible_ratio=0.821; gaze_shift_ratio=0.041; occlusion_ratio=0.138; eyes_closed_ratio=0.000; mean_gaze_motion=26.11; attention_stability_score=0.711; dominant_gaze_class=inside_visible; observed_frames=392
3rxHweb2fXw_823-2797:person_1,3rxHweb2fXw_823-2797,rule-based,rule-based,train,"Child gaze behavior summary. split=train, observed_frames=1975, visible_ratio=0.977, on_screen_ratio=0.977, gaze_shift_ratio=0.023, occlusion_ratio=0.001, eyes_closed_ratio=0.000, mean_head_motion=1.89, mean_gaze_motion=13.73, attention_stability_score=0.819, dominant_gaze_class=inside_visible, num_segments=87, num_interactions=88, segment_types=['stable', 'shift', 'stable', 'shift', 'stable', 'shift', 'stable', 'shift'], interaction_events=['monitoring', 'attention_shift', 'focused_attention', 'attention_shift', 'monitoring', 'attention_shift', 'monitoring', 'attention_shift'].",,"[""focused_attention"", ""exploratory_attention"", ""occluded_attention"", ""reduced_visual_availability"", ""mixed_attention""]",focused_attention,0.84,"[""visible_ratio=0.977"", ""gaze_shift_ratio=0.023"", ""occlusion_ratio=0.001"", ""eyes_closed_ratio=0.000"", ""mean_gaze_motion=13.73"", ""attention_stability_score=0.819"", ""max_visible_streak=708"", ""segments=87"", ""interactions=88""]","[""Interpretation is limited to annotation-derived behavior and not video context.""]",2026-04-06T15:39:30+00:00,childplay-behavior-v1,visible_ratio=0.977; gaze_shift_ratio=0.023; occlusion_ratio=0.001; eyes_closed_ratio=0.000; mean_gaze_motion=13.73; attention_stability_score=0.819; dominant_gaze_class=inside_visible; observed_frames=1975
4Y7MMmedX7E_1882-1991:person_2,4Y7MMmedX7E_1882-1991,rule-based,rule-based,train,"Child gaze behavior summary. split=train, observed_frames=110, visible_ratio=1.000, on_screen_ratio=1.000, gaze_shift_ratio=0.000, occlusion_ratio=0.000, eyes_closed_ratio=0.000, mean_head_motion=0.17, mean_gaze_motion=5.54, attention_stability_score=0.997, dominant_gaze_class=inside_visible, num_segments=3, num_interactions=3, segment_types=['stable', 'shift', 'stable'], interaction_events=['focused_attention', 'attention_shift', 'focused_attention'].",,"[""focused_attention"", ""exploratory_attention"", ""occluded_attention"", ""reduced_visual_availability"", ""mixed_attention""]",focused_attention,0.84,"[""visible_ratio=1.000"", ""gaze_shift_ratio=0.000"", ""occlusion_ratio=0.000"", ""eyes_closed_ratio=0.000"", ""mean_gaze_motion=5.54"", ""attention_stability_score=0.997"", ""max_visible_streak=110"", ""segments=3"", ""interactions=3""]","[""Interpretation is limited to annotation-derived behavior and not video context.""]",2026-04-06T15:39:30+00:00,childplay-behavior-v1,visible_ratio=1.000; gaze_shift_ratio=0.000; occlusion_ratio=0.000; eyes_closed_ratio=0.000; mean_gaze_motion=5.54; attention_stability_score=0.997; dominant_gaze_class=inside_visible; observed_frames=110
4Y7MMmedX7E_3541-4236:person_1,4Y7MMmedX7E_3541-4236,rule-based,rule-based,train,"Child gaze behavior summary. split=train, observed_frames=696, visible_ratio=0.889, on_screen_ratio=0.891, gaze_shift_ratio=0.109, occlusion_ratio=0.001, eyes_closed_ratio=0.000, mean_head_motion=0.97, mean_gaze_motion=5.34, attention_stability_score=0.734, dominant_gaze_class=inside_visible, num_segments=26, num_interactions=27, segment_types=['occluded', 'stable', 'shift', 'stable', 'shift', 'stable', 'shift', 'stable'], interaction_events=['reduced_visual_availability', 'monitoring', 'attention_shift', 'monitoring', 'attention_shift', 'focused_attention', 'attention_shift', 'focused_attention'].",,"[""focused_attention"", ""exploratory_attention"", ""occluded_attention"", ""reduced_visual_availability"", ""mixed_attention""]",mixed_attention,0.68,"[""visible_ratio=0.889"", ""gaze_shift_ratio=0.109"", ""occlusion_ratio=0.001"", ""eyes_closed_ratio=0.000"", ""mean_gaze_motion=5.34"", ""attention_stability_score=0.734"", ""max_visible_streak=147"", ""segments=26"", ""interactions=27""]","[""Interpretation is limited to annotation-derived behavior and not video context.""]",2026-04-06T15:39:30+00:00,childplay-behavior-v1,visible_ratio=0.889; gaze_shift_ratio=0.109; occlusion_ratio=0.001; eyes_closed_ratio=0.000; mean_gaze_motion=5.34; attention_stability_score=0.734; dominant_gaze_class=inside_visible; observed_frames=696
4Y7MMmedX7E_4371-4987:person_1,4Y7MMmedX7E_4371-4987,rule-based,rule-based,train,"Child gaze behavior summary. split=train, observed_frames=617, visible_ratio=0.851, on_screen_ratio=0.851, gaze_shift_ratio=0.149, occlusion_ratio=0.000, eyes_closed_ratio=0.000, mean_head_motion=0.83, mean_gaze_motion=9.63, attention_stability_score=0.720, dominant_gaze_class=inside_visible, num_segments=32, num_interactions=33, segment_types=['shift', 'stable', 'shift', 'stable', 'shift', 'stable', 'shift', 'stable'], interaction_events=['attention_shift', 'monitoring', 'attention_shift', 'monitoring', 'attention_shift', 'monitoring', 'attention_shift', 'monitoring'].",,"[""focused_attention"", ""exploratory_attention"", ""occluded_attention"", ""reduced_visual_availability"", ""mixed_attention""]",mixed_attention,0.68,"[""visible_ratio=0.851"", ""gaze_shift_ratio=0.149"", ""occlusion_ratio=0.000"", ""eyes_closed_ratio=0.000"", ""mean_gaze_motion=9.63"", ""attention_stability_score=0.720"", ""max_visible_streak=158"", ""segments=32"", ""interactions=33""]","[""Interpretation is limited to annotation-derived behavior and not video context.""]",2026-04-06T15:39:30+00:00,childplay-behavior-v1,visible_ratio=0.851; gaze_shift_ratio=0.149; occlusion_ratio=0.000; eyes_closed_ratio=0.000; mean_gaze_motion=9.63; attention_stability_score=0.720; dominant_gaze_class=inside_visible; observed_frames=617
4ktkxv1aNS8_1-1629:person_1,4ktkxv1aNS8_1-1629,rule-based,rule-based,train,"Child gaze behavior summary. split=train, observed_frames=1629, visible_ratio=0.804, on_screen_ratio=0.865, gaze_shift_ratio=0.044, occlusion_ratio=0.061, eyes_closed_ratio=0.000, mean_head_motion=4.00, mean_gaze_motion=20.11, attention_stability_score=0.684, dominant_gaze_class=inside_visible, num_segments=126, num_interactions=127, segment_types=['stable', 'shift', 'stable', 'shift', 'stable', 'shift', 'stable', 'shift'], interaction_events=['monitoring', 'attention_shift', 'monitoring', 'attention_shift', 'monitoring', 'attention_shift', 'focused_attention', 'attention_shift'].",,"[""focused_attention"", ""exploratory_attention"", ""occluded_attention"", ""reduced_visual_availability"", ""mixed_attention""]",focused_attention,0.84,"[""visible_ratio=0.804"", ""gaze_shift_ratio=0.044"", ""occlusion_ratio=0.061"", ""eyes_closed_ratio=0.000"", ""mean_gaze_motion=20.11"", ""attention_stability_score=0.684"", ""max_visible_streak=254"", ""segments=126"", ""interactions=127""]","[""Interpretation is limited to annotation-derived behavior and not video context.""]",2026-04-06T15:39:30+00:00,childplay-behavior-v1,visible_ratio=0.804; gaze_shift_ratio=0.044; occlusion_ratio=0.061; eyes_closed_ratio=0.000; mean_gaze_motion=20.11; attention_stability_score=0.684; dominant_gaze_class=inside_visible; observed_frames=1629
4yWavYq9_Ks_1081-1130:person_1,4yWavYq9_Ks_1081-1130,rule-based,rule-based,train,"Child gaze behavior summary. split=train, observed_frames=50, visible_ratio=1.000, on_screen_ratio=1.000, gaze_shift_ratio=0.000, occlusion_ratio=0.000, eyes_closed_ratio=0.000, mean_head_motion=6.65, mean_gaze_motion=5.36, attention_stability_score=0.997, dominant_gaze_class=inside_visible, num_segments=1, num_interactions=1, segment_types=['stable'], interaction_events=['focused_attention'].",,"[""focused_attention"", ""exploratory_attention"", ""occluded_attention"", ""reduced_visual_availability"", ""mixed_attention""]",focused_attention,0.84,"[""visible_ratio=1.000"", ""gaze_shift_ratio=0.000"", ""occlusion_ratio=0.000"", ""eyes_closed_ratio=0.000"", ""mean_gaze_motion=5.36"", ""attention_stability_score=0.997"", ""max_visible_streak=50"", ""segments=1"", ""interactions=1""]","[""Short clips provide less temporal evidence than longer sequences.""]",2026-04-06T15:39:30+00:00,childplay-behavior-v1,visible_ratio=1.000; gaze_shift_ratio=0.000; occlusion_ratio=0.000; eyes_closed_ratio=0.000; mean_gaze_motion=5.36; attention_stability_score=0.997; dominant_gaze_class=inside_visible; observed_frames=50
4yWavYq9_Ks_1609-1714:person_2,4yWavYq9_Ks_1609-1714,rule-based,rule-based,train,"Child gaze behavior summary. split=train, observed_frames=106, visible_ratio=0.330, on_screen_ratio=0.330, gaze_shift_ratio=0.179, occlusion_ratio=0.000, eyes_closed_ratio=0.170, mean_head_motion=2.87, mean_gaze_motion=5.84, attention_stability_score=0.487, dominant_gaze_class=inside_visible, num_segments=8, num_interactions=8, segment_types=['stable', 'shift', 'outside', 'shift', 'stable', 'eyes_closed', 'stable', 'eyes_closed'], interaction_events=['monitoring', 'attention_shift', 'reduced_visual_availability', 'attention_shift', 'monitoring', 'reduced_visual_availability', 'monitoring', 'reduced_visual_availability'].",,"[""focused_attention"", ""exploratory_attention"", ""occluded_attention"", ""reduced_visual_availability"", ""mixed_attention""]",mixed_attention,0.68,"[""visible_ratio=0.330"", ""gaze_shift_ratio=0.179"", ""occlusion_ratio=0.000"", ""eyes_closed_ratio=0.170"", ""mean_gaze_motion=5.84"", ""attention_stability_score=0.487"", ""max_visible_streak=29"", ""segments=8"", ""interactions=8""]","[""Interpretation is limited to annotation-derived behavior and not video context.""]",2026-04-06T15:39:30+00:00,childplay-behavior-v1,visible_ratio=0.330; gaze_shift_ratio=0.179; occlusion_ratio=0.000; eyes_closed_ratio=0.170; mean_gaze_motion=5.84; attention_stability_score=0.487; dominant_gaze_class=inside_visible; observed_frames=106
4yWavYq9_Ks_1735-1827:person_1,4yWavYq9_Ks_1735-1827,rule-based,rule-based,train,"Child gaze behavior summary. split=train, observed_frames=93, visible_ratio=0.645, on_screen_ratio=0.645, gaze_shift_ratio=0.000, occlusion_ratio=0.000, eyes_closed_ratio=0.000, mean_head_motion=2.54, mean_gaze_motion=31.28, attention_stability_score=0.736, dominant_gaze_class=inside_visible, num_segments=10, num_interactions=11, segment_types=['stable', 'shift', 'stable', 'shift', 'stable', 'shift', 'stable', 'shift'], interaction_events=['monitoring', 'attention_shift', 'monitoring', 'attention_shift', 'monitoring', 'attention_shift', 'monitoring', 'attention_shift'].",,"[""focused_attention"", ""exploratory_attention"", ""occluded_attention"", ""reduced_visual_availability"", ""mixed_attention""]",mixed_attention,0.68,"[""visible_ratio=0.645"", ""gaze_shift_ratio=0.000"", ""occlusion_ratio=0.000"", ""eyes_closed_ratio=0.000"", ""mean_gaze_motion=31.28"", ""attention_stability_score=0.736"", ""max_visible_streak=60"", ""segments=10"", ""interactions=11""]","[""Interpretation is limited to annotation-derived behavior and not video context.""]",2026-04-06T15:39:30+00:00,childplay-behavior-v1,visible_ratio=0.645; gaze_shift_ratio=0.000; occlusion_ratio=0.000; eyes_closed_ratio=0.000; mean_gaze_motion=31.28; attention_stability_score=0.736; dominant_gaze_class=inside_visible; observed_frames=93
4yWavYq9_Ks_2395-2608:person_1,4yWavYq9_Ks_2395-2608,rule-based,rule-based,train,"Child gaze behavior summary. split=train, observed_frames=214, visible_ratio=0.593, on_screen_ratio=0.593, gaze_shift_ratio=0.112, occlusion_ratio=0.000, eyes_closed_ratio=0.000, mean_head_motion=1.36, mean_gaze_motion=7.44, attention_stability_score=0.648, dominant_gaze_class=inside_visible, num_segments=8, num_interactions=9, segment_types=['outside', 'shift', 'stable', 'shift', 'stable', 'outside', 'shift', 'outside'], interaction_events=['reduced_visual_availability', 'attention_shift', 'focused_attention', 'attention_shift', 'focused_attention', 'reduced_visual_availability', 'attention_shift', 'reduced_visual_availability'].",,"[""focused_attention"", ""exploratory_attention"", ""occluded_attention"", ""reduced_visual_availability"", ""mixed_attention""]",mixed_attention,0.68,"[""visible_ratio=0.593"", ""gaze_shift_ratio=0.112"", ""occlusion_ratio=0.000"", ""eyes_closed_ratio=0.000"", ""mean_gaze_motion=7.44"", ""attention_stability_score=0.648"", ""max_visible_streak=87"", ""segments=8"", ""interactions=9""]","[""Interpretation is limited to annotation-derived behavior and not video context.""]",2026-04-06T15:39:30+00:00,childplay-behavior-v1,visible_ratio=0.593; gaze_shift_ratio=0.112; occlusion_ratio=0.000; eyes_closed_ratio=0.000; mean_gaze_motion=7.44; attention_stability_score=0.648; dominant_gaze_class=inside_visible; observed_frames=214
4yWavYq9_Ks_2656-2795:person_1,4yWavYq9_Ks_2656-2795,rule-based,rule-based,train,"Child gaze behavior summary. split=train, observed_frames=140, visible_ratio=1.000, on_screen_ratio=1.000, gaze_shift_ratio=0.000, occlusion_ratio=0.000, eyes_closed_ratio=0.000, mean_head_motion=7.23, mean_gaze_motion=13.50, attention_stability_score=0.993, dominant_gaze_class=inside_visible, num_segments=3, num_interactions=3, segment_types=['stable', 'shift', 'stable'], interaction_events=['monitoring', 'attention_shift', 'focused_attention'].",,"[""focused_attention"", ""exploratory_attention"", ""occluded_attention"", ""reduced_visual_availability"", ""mixed_attention""]",focused_attention,0.84,"[""visible_ratio=1.000"", ""gaze_shift_ratio=0.000"", ""occlusion_ratio=0.000"", ""eyes_closed_ratio=0.000"", ""mean_gaze_motion=13.50"", ""attention_stability_score=0.993"", ""max_visible_streak=140"", ""segments=3"", ""interactions=3""]","[""Interpretation is limited to annotation-derived behavior and not video context.""]",2026-04-06T15:39:30+00:00,childplay-behavior-v1,visible_ratio=1.000; gaze_shift_ratio=0.000; occlusion_ratio=0.000; eyes_closed_ratio=0.000; mean_gaze_motion=13.50; attention_stability_score=0.993; dominant_gaze_class=inside_visible; observed_frames=140
4yWavYq9_Ks_2814-2916:person_1,4yWavYq9_Ks_2814-2916,rule-based,rule-based,train,"Child gaze behavior summary. split=train, observed_frames=103, visible_ratio=0.728, on_screen_ratio=0.728, gaze_shift_ratio=0.078, occlusion_ratio=0.000, eyes_closed_ratio=0.000, mean_head_motion=0.62, mean_gaze_motion=1.15, attention_stability_score=0.797, dominant_gaze_class=inside_visible, num_segments=3, num_interactions=3, segment_types=['outside', 'shift', 'stable'], interaction_events=['reduced_visual_availability', 'attention_shift', 'focused_attention'].",,"[""focused_attention"", ""exploratory_attention"", ""occluded_attention"", ""reduced_visual_availability"", ""mixed_attention""]",mixed_attention,0.68,"[""visible_ratio=0.728"", ""gaze_shift_ratio=0.078"", ""occlusion_ratio=0.000"", ""eyes_closed_ratio=0.000"", ""mean_gaze_motion=1.15"", ""attention_stability_score=0.797"", ""max_visible_streak=75"", ""segments=3"", ""interactions=3""]","[""Interpretation is limited to annotation-derived behavior and not video context.""]",2026-04-06T15:39:30+00:00,childplay-behavior-v1,visible_ratio=0.728; gaze_shift_ratio=0.078; occlusion_ratio=0.000; eyes_closed_ratio=0.000; mean_gaze_motion=1.15; attention_stability_score=0.797; dominant_gaze_class=inside_visible; observed_frames=103
4yWavYq9_Ks_2814-2916:person_2,4yWavYq9_Ks_2814-2916,rule-based,rule-based,train,"Child gaze behavior summary. split=train, observed_frames=103, visible_ratio=0.786, on_screen_ratio=0.786, gaze_shift_ratio=0.126, occlusion_ratio=0.000, eyes_closed_ratio=0.000, mean_head_motion=3.53, mean_gaze_motion=3.42, attention_stability_score=0.823, dominant_gaze_class=inside_visible, num_segments=5, num_interactions=5, segment_types=['stable', 'shift', 'outside', 'shift', 'stable'], interaction_events=['monitoring', 'attention_shift', 'reduced_visual_availability', 'attention_shift', 'focused_attention'].",,"[""focused_attention"", ""exploratory_attention"", ""occluded_attention"", ""reduced_visual_availability"", ""mixed_attention""]",mixed_attention,0.68,"[""visible_ratio=0.786"", ""gaze_shift_ratio=0.126"", ""occlusion_ratio=0.000"", ""eyes_closed_ratio=0.000"", ""mean_gaze_motion=3.42"", ""attention_stability_score=0.823"", ""max_visible_streak=78"", ""segments=5"", ""interactions=5""]","[""Interpretation is limited to annotation-derived behavior and not video context.""]",2026-04-06T15:39:30+00:00,childplay-behavior-v1,visible_ratio=0.786; gaze_shift_ratio=0.126; occlusion_ratio=0.000; eyes_closed_ratio=0.000; mean_gaze_motion=3.42; attention_stability_score=0.823; dominant_gaze_class=inside_visible; observed_frames=103
4yWavYq9_Ks_2814-2916:person_3,4yWavYq9_Ks_2814-2916,rule-based,rule-based,train,"Child gaze behavior summary. split=train, observed_frames=103, visible_ratio=0.515, on_screen_ratio=0.515, gaze_shift_ratio=0.068, occlusion_ratio=0.000, eyes_closed_ratio=0.000, mean_head_motion=0.97, mean_gaze_motion=8.49, attention_stability_score=0.646, dominant_gaze_class=inside_visible, num_segments=5, num_interactions=5, segment_types=['outside', 'shift', 'stable', 'shift', 'stable'], interaction_events=['reduced_visual_availability', 'attention_shift', 'monitoring', 'attention_shift', 'focused_attention'].",,"[""focused_attention"", ""exploratory_attention"", ""occluded_attention"", ""reduced_visual_availability"", ""mixed_attention""]",mixed_attention,0.68,"[""visible_ratio=0.515"", ""gaze_shift_ratio=0.068"", ""occlusion_ratio=0.000"", ""eyes_closed_ratio=0.000"", ""mean_gaze_motion=8.49"", ""attention_stability_score=0.646"", ""max_visible_streak=53"", ""segments=5"", ""interactions=5""]","[""Interpretation is limited to annotation-derived behavior and not video context.""]",2026-04-06T15:39:30+00:00,childplay-behavior-v1,visible_ratio=0.515; gaze_shift_ratio=0.068; occlusion_ratio=0.000; eyes_closed_ratio=0.000; mean_gaze_motion=8.49; attention_stability_score=0.646; dominant_gaze_class=inside_visible; observed_frames=103
4yWavYq9_Ks_2935-3129:person_1,4yWavYq9_Ks_2935-3129,rule-based,rule-based,train,"Child gaze behavior summary. split=train, observed_frames=195, visible_ratio=0.046, on_screen_ratio=0.046, gaze_shift_ratio=0.103, occlusion_ratio=0.000, eyes_closed_ratio=0.000, mean_head_motion=1.76, mean_gaze_motion=0.94, attention_stability_score=0.316, dominant_gaze_class=outside_frame, num_segments=5, num_interactions=5, segment_types=['stable', 'shift', 'outside', 'shift', 'outside'], interaction_events=['monitoring', 'attention_shift', 'reduced_visual_availability', 'attention_shift', 'reduced_visual_availability'].",,"[""focused_attention"", ""exploratory_attention"", ""occluded_attention"", ""reduced_visual_availability"", ""mixed_attention""]",mixed_attention,0.68,"[""visible_ratio=0.046"", ""gaze_shift_ratio=0.103"", ""occlusion_ratio=0.000"", ""eyes_closed_ratio=0.000"", ""mean_gaze_motion=0.94"", ""attention_stability_score=0.316"", ""max_visible_streak=9"", ""segments=5"", ""interactions=5""]","[""Interpretation is limited to annotation-derived behavior and not video context.""]",2026-04-06T15:39:30+00:00,childplay-behavior-v1,visible_ratio=0.046; gaze_shift_ratio=0.103; occlusion_ratio=0.000; eyes_closed_ratio=0.000; mean_gaze_motion=0.94; attention_stability_score=0.316; dominant_gaze_class=outside_frame; observed_frames=195
4yWavYq9_Ks_3472-3534:person_1,4yWavYq9_Ks_3472-3534,rule-based,rule-based,train,"Child gaze behavior summary. split=train, observed_frames=63, visible_ratio=1.000, on_screen_ratio=1.000, gaze_shift_ratio=0.000, occlusion_ratio=0.000, eyes_closed_ratio=0.000, mean_head_motion=2.24, mean_gaze_motion=5.42, attention_stability_score=0.997, dominant_gaze_class=inside_visible, num_segments=1, num_interactions=1, segment_types=['stable'], interaction_events=['focused_attention'].",,"[""focused_attention"", ""exploratory_attention"", ""occluded_attention"", ""reduced_visual_availability"", ""mixed_attention""]",focused_attention,0.84,"[""visible_ratio=1.000"", ""gaze_shift_ratio=0.000"", ""occlusion_ratio=0.000"", ""eyes_closed_ratio=0.000"", ""mean_gaze_motion=5.42"", ""attention_stability_score=0.997"", ""max_visible_streak=63"", ""segments=1"", ""interactions=1""]","[""Interpretation is limited to annotation-derived behavior and not video context.""]",2026-04-06T15:39:30+00:00,childplay-behavior-v1,visible_ratio=1.000; gaze_shift_ratio=0.000; occlusion_ratio=0.000; eyes_closed_ratio=0.000; mean_gaze_motion=5.42; attention_stability_score=0.997; dominant_gaze_class=inside_visible; observed_frames=63
4yWavYq9_Ks_3554-3663:person_1,4yWavYq9_Ks_3554-3663,rule-based,rule-based,train,"Child gaze behavior summary. split=train, observed_frames=110, visible_ratio=0.682, on_screen_ratio=0.682, gaze_shift_ratio=0.164, occlusion_ratio=0.000, eyes_closed_ratio=0.000, mean_head_motion=0.73, mean_gaze_motion=4.05, attention_stability_score=0.751, dominant_gaze_class=inside_visible, num_segments=5, num_interactions=5, segment_types=['outside', 'shift', 'stable', 'shift', 'outside'], interaction_events=['reduced_visual_availability', 'attention_shift', 'focused_attention', 'attention_shift', 'reduced_visual_availability'].",,"[""focused_attention"", ""exploratory_attention"", ""occluded_attention"", ""reduced_visual_availability"", ""mixed_attention""]",mixed_attention,0.68,"[""visible_ratio=0.682"", ""gaze_shift_ratio=0.164"", ""occlusion_ratio=0.000"", ""eyes_closed_ratio=0.000"", ""mean_gaze_motion=4.05"", ""attention_stability_score=0.751"", ""max_visible_streak=75"", ""segments=5"", ""interactions=5""]","[""Interpretation is limited to annotation-derived behavior and not video context.""]",2026-04-06T15:39:30+00:00,childplay-behavior-v1,visible_ratio=0.682; gaze_shift_ratio=0.164; occlusion_ratio=0.000; eyes_closed_ratio=0.000; mean_gaze_motion=4.05; attention_stability_score=0.751; dominant_gaze_class=inside_visible; observed_frames=110
4yWavYq9_Ks_3554-3663:person_2,4yWavYq9_Ks_3554-3663,rule-based,rule-based,train,"Child gaze behavior summary. split=train, observed_frames=110, visible_ratio=0.573, on_screen_ratio=0.573, gaze_shift_ratio=0.264, occlusion_ratio=0.000, eyes_closed_ratio=0.000, mean_head_motion=4.42, mean_gaze_motion=6.34, attention_stability_score=0.658, dominant_gaze_class=inside_visible, num_segments=6, num_interactions=7, segment_types=['outside', 'shift', 'stable', 'shift', 'outside', 'shift'], interaction_events=['reduced_visual_availability', 'attention_shift', 'focused_attention', 'attention_shift', 'reduced_visual_availability', 'attention_shift', 'exploratory_behavior'].",,"[""focused_attention"", ""exploratory_attention"", ""occluded_attention"", ""reduced_visual_availability"", ""mixed_attention""]",exploratory_attention,0.8,"[""visible_ratio=0.573"", ""gaze_shift_ratio=0.264"", ""occlusion_ratio=0.000"", ""eyes_closed_ratio=0.000"", ""mean_gaze_motion=6.34"", ""attention_stability_score=0.658"", ""max_visible_streak=63"", ""segments=6"", ""interactions=7""]","[""Interpretation is limited to annotation-derived behavior and not video context.""]",2026-04-06T15:39:30+00:00,childplay-behavior-v1,visible_ratio=0.573; gaze_shift_ratio=0.264; occlusion_ratio=0.000; eyes_closed_ratio=0.000; mean_gaze_motion=6.34; attention_stability_score=0.658; dominant_gaze_class=inside_visible; observed_frames=110
4yWavYq9_Ks_3554-3663:person_3,4yWavYq9_Ks_3554-3663,rule-based,rule-based,train,"Child gaze behavior summary. split=train, observed_frames=110, visible_ratio=0.473, on_screen_ratio=0.473, gaze_shift_ratio=0.055, occlusion_ratio=0.000, eyes_closed_ratio=0.000, mean_head_motion=1.36, mean_gaze_motion=11.53, attention_stability_score=0.562, dominant_gaze_class=inside_visible, num_segments=5, num_interactions=5, segment_types=['stable', 'uncertain', 'stable', 'shift', 'outside'], interaction_events=['monitoring', 'monitoring', 'monitoring', 'attention_shift', 'reduced_visual_availability'].",,"[""focused_attention"", ""exploratory_attention"", ""occluded_attention"", ""reduced_visual_availability"", ""mixed_attention""]",mixed_attention,0.68,"[""visible_ratio=0.473"", ""gaze_shift_ratio=0.055"", ""occlusion_ratio=0.000"", ""eyes_closed_ratio=0.000"", ""mean_gaze_motion=11.53"", ""attention_stability_score=0.562"", ""max_visible_streak=28"", ""segments=5"", ""interactions=5""]","[""Interpretation is limited to annotation-derived behavior and not video context.""]",2026-04-06T15:39:30+00:00,childplay-behavior-v1,visible_ratio=0.473; gaze_shift_ratio=0.055; occlusion_ratio=0.000; eyes_closed_ratio=0.000; mean_gaze_motion=11.53; attention_stability_score=0.562; dominant_gaze_class=inside_visible; observed_frames=110
4yWavYq9_Ks_3682-3821:person_1,4yWavYq9_Ks_3682-3821,rule-based,rule-based,train,"Child gaze behavior summary. split=train, observed_frames=140, visible_ratio=1.000, on_screen_ratio=1.000, gaze_shift_ratio=0.000, occlusion_ratio=0.000, eyes_closed_ratio=0.000, mean_head_motion=3.52, mean_gaze_motion=11.30, attention_stability_score=0.994, dominant_gaze_class=inside_visible, num_segments=1, num_interactions=1, segment_types=['stable'], interaction_events=['focused_attention'].",,"[""focused_attention"", ""exploratory_attention"", ""occluded_attention"", ""reduced_visual_availability"", ""mixed_attention""]",focused_attention,0.84,"[""visible_ratio=1.000"", ""gaze_shift_ratio=0.000"", ""occlusion_ratio=0.000"", ""eyes_closed_ratio=0.000"", ""mean_gaze_motion=11.30"", ""attention_stability_score=0.994"", ""max_visible_streak=140"", ""segments=1"", ""interactions=1""]","[""Interpretation is limited to annotation-derived behavior and not video context.""]",2026-04-06T15:39:30+00:00,childplay-behavior-v1,visible_ratio=1.000; gaze_shift_ratio=0.000; occlusion_ratio=0.000; eyes_closed_ratio=0.000; mean_gaze_motion=11.30; attention_stability_score=0.994; dominant_gaze_class=inside_visible; observed_frames=140
4yWavYq9_Ks_3682-3821:person_2,4yWavYq9_Ks_3682-3821,rule-based,rule-based,train,"Child gaze behavior summary. split=train, observed_frames=140, visible_ratio=0.200, on_screen_ratio=0.200, gaze_shift_ratio=0.114, occlusion_ratio=0.000, eyes_closed_ratio=0.000, mean_head_motion=4.28, mean_gaze_motion=9.93, attention_stability_score=0.418, dominant_gaze_class=outside_frame, num_segments=6, num_interactions=6, segment_types=['uncertain', 'outside', 'shift', 'stable', 'shift', 'outside'], interaction_events=['monitoring', 'reduced_visual_availability', 'attention_shift', 'monitoring', 'attention_shift', 'reduced_visual_availability'].",,"[""focused_attention"", ""exploratory_attention"", ""occluded_attention"", ""reduced_visual_availability"", ""mixed_attention""]",mixed_attention,0.68,"[""visible_ratio=0.200"", ""gaze_shift_ratio=0.114"", ""occlusion_ratio=0.000"", ""eyes_closed_ratio=0.000"", ""mean_gaze_motion=9.93"", ""attention_stability_score=0.418"", ""max_visible_streak=28"", ""segments=6"", ""interactions=6""]","[""Interpretation is limited to annotation-derived behavior and not video context.""]",2026-04-06T15:39:30+00:00,childplay-behavior-v1,visible_ratio=0.200; gaze_shift_ratio=0.114; occlusion_ratio=0.000; eyes_closed_ratio=0.000; mean_gaze_motion=9.93; attention_stability_score=0.418; dominant_gaze_class=outside_frame; observed_frames=140
4yWavYq9_Ks_3966-4109:person_1,4yWavYq9_Ks_3966-4109,rule-based,rule-based,train,"Child gaze behavior summary. split=train, observed_frames=144, visible_ratio=0.340, on_screen_ratio=0.340, gaze_shift_ratio=0.139, occlusion_ratio=0.000, eyes_closed_ratio=0.000, mean_head_motion=1.31, mean_gaze_motion=2.84, attention_stability_score=0.516, dominant_gaze_class=outside_frame, num_segments=4, num_interactions=4, segment_types=['shift', 'stable', 'shift', 'outside'], interaction_events=['attention_shift', 'focused_attention', 'attention_shift', 'reduced_visual_availability'].",,"[""focused_attention"", ""exploratory_attention"", ""occluded_attention"", ""reduced_visual_availability"", ""mixed_attention""]",mixed_attention,0.68,"[""visible_ratio=0.340"", ""gaze_shift_ratio=0.139"", ""occlusion_ratio=0.000"", ""eyes_closed_ratio=0.000"", ""mean_gaze_motion=2.84"", ""attention_stability_score=0.516"", ""max_visible_streak=49"", ""segments=4"", ""interactions=4""]","[""Interpretation is limited to annotation-derived behavior and not video context.""]",2026-04-06T15:39:30+00:00,childplay-behavior-v1,visible_ratio=0.340; gaze_shift_ratio=0.139; occlusion_ratio=0.000; eyes_closed_ratio=0.000; mean_gaze_motion=2.84; attention_stability_score=0.516; dominant_gaze_class=outside_frame; observed_frames=144
4yWavYq9_Ks_405-451:person_1,4yWavYq9_Ks_405-451,rule-based,rule-based,train,"Child gaze behavior summary. split=train, observed_frames=47, visible_ratio=1.000, on_screen_ratio=1.000, gaze_shift_ratio=0.000, occlusion_ratio=0.000, eyes_closed_ratio=0.000, mean_head_motion=1.40, mean_gaze_motion=5.56, attention_stability_score=0.997, dominant_gaze_class=inside_visible, num_segments=1, num_interactions=1, segment_types=['stable'], interaction_events=['focused_attention'].",,"[""focused_attention"", ""exploratory_attention"", ""occluded_attention"", ""reduced_visual_availability"", ""mixed_attention""]",focused_attention,0.84,"[""visible_ratio=1.000"", ""gaze_shift_ratio=0.000"", ""occlusion_ratio=0.000"", ""eyes_closed_ratio=0.000"", ""mean_gaze_motion=5.56"", ""attention_stability_score=0.997"", ""max_visible_streak=47"", ""segments=1"", ""interactions=1""]","[""Short clips provide less temporal evidence than longer sequences.""]",2026-04-06T15:39:30+00:00,childplay-behavior-v1,visible_ratio=1.000; gaze_shift_ratio=0.000; occlusion_ratio=0.000; eyes_closed_ratio=0.000; mean_gaze_motion=5.56; attention_stability_score=0.997; dominant_gaze_class=inside_visible; observed_frames=47
4yWavYq9_Ks_4439-4738:person_1,4yWavYq9_Ks_4439-4738,rule-based,rule-based,train,"Child gaze behavior summary. split=train, observed_frames=300, visible_ratio=0.967, on_screen_ratio=0.967, gaze_shift_ratio=0.033, occlusion_ratio=0.000, eyes_closed_ratio=0.000, mean_head_motion=0.94, mean_gaze_motion=9.86, attention_stability_score=0.867, dominant_gaze_class=inside_visible, num_segments=5, num_interactions=5, segment_types=['stable', 'shift', 'stable', 'shift', 'stable'], interaction_events=['focused_attention', 'attention_shift', 'focused_attention', 'attention_shift', 'monitoring'].",,"[""focused_attention"", ""exploratory_attention"", ""occluded_attention"", ""reduced_visual_availability"", ""mixed_attention""]",focused_attention,0.84,"[""visible_ratio=0.967"", ""gaze_shift_ratio=0.033"", ""occlusion_ratio=0.000"", ""eyes_closed_ratio=0.000"", ""mean_gaze_motion=9.86"", ""attention_stability_score=0.867"", ""max_visible_streak=170"", ""segments=5"", ""interactions=5""]","[""Interpretation is limited to annotation-derived behavior and not video context.""]",2026-04-06T15:39:30+00:00,childplay-behavior-v1,visible_ratio=0.967; gaze_shift_ratio=0.033; occlusion_ratio=0.000; eyes_closed_ratio=0.000; mean_gaze_motion=9.86; attention_stability_score=0.867; dominant_gaze_class=inside_visible; observed_frames=300
4yWavYq9_Ks_5168-5340:person_2,4yWavYq9_Ks_5168-5340,rule-based,rule-based,train,"Child gaze behavior summary. split=train, observed_frames=173, visible_ratio=0.208, on_screen_ratio=0.208, gaze_shift_ratio=0.035, occlusion_ratio=0.000, eyes_closed_ratio=0.000, mean_head_motion=1.96, mean_gaze_motion=22.19, attention_stability_score=0.416, dominant_gaze_class=outside_frame, num_segments=7, num_interactions=7, segment_types=['uncertain', 'outside', 'shift', 'stable', 'uncertain', 'stable', 'shift'], interaction_events=['monitoring', 'reduced_visual_availability', 'attention_shift', 'monitoring', 'monitoring', 'monitoring', 'attention_shift'].",,"[""focused_attention"", ""exploratory_attention"", ""occluded_attention"", ""reduced_visual_availability"", ""mixed_attention""]",mixed_attention,0.68,"[""visible_ratio=0.208"", ""gaze_shift_ratio=0.035"", ""occlusion_ratio=0.000"", ""eyes_closed_ratio=0.000"", ""mean_gaze_motion=22.19"", ""attention_stability_score=0.416"", ""max_visible_streak=27"", ""segments=7"", ""interactions=7""]","[""Interpretation is limited to annotation-derived behavior and not video context.""]",2026-04-06T15:39:30+00:00,childplay-behavior-v1,visible_ratio=0.208; gaze_shift_ratio=0.035; occlusion_ratio=0.000; eyes_closed_ratio=0.000; mean_gaze_motion=22.19; attention_stability_score=0.416; dominant_gaze_class=outside_frame; observed_frames=173
4yWavYq9_Ks_546-694:person_1,4yWavYq9_Ks_546-694,rule-based,rule-based,train,"Child gaze behavior summary. split=train, observed_frames=149, visible_ratio=0.631, on_screen_ratio=0.631, gaze_shift_ratio=0.215, occlusion_ratio=0.000, eyes_closed_ratio=0.000, mean_head_motion=6.23, mean_gaze_motion=28.99, attention_stability_score=0.646, dominant_gaze_class=inside_visible, num_segments=12, num_interactions=13, segment_types=['stable', 'shift', 'stable', 'shift', 'stable', 'shift', 'outside', 'shift'], interaction_events=['focused_attention', 'attention_shift', 'monitoring', 'attention_shift', 'monitoring', 'attention_shift', 'reduced_visual_availability', 'attention_shift'].",,"[""focused_attention"", ""exploratory_attention"", ""occluded_attention"", ""reduced_visual_availability"", ""mixed_attention""]",exploratory_attention,0.8,"[""visible_ratio=0.631"", ""gaze_shift_ratio=0.215"", ""occlusion_ratio=0.000"", ""eyes_closed_ratio=0.000"", ""mean_gaze_motion=28.99"", ""attention_stability_score=0.646"", ""max_visible_streak=65"", ""segments=12"", ""interactions=13""]","[""Interpretation is limited to annotation-derived behavior and not video context.""]",2026-04-06T15:39:30+00:00,childplay-behavior-v1,visible_ratio=0.631; gaze_shift_ratio=0.215; occlusion_ratio=0.000; eyes_closed_ratio=0.000; mean_gaze_motion=28.99; attention_stability_score=0.646; dominant_gaze_class=inside_visible; observed_frames=149
4yWavYq9_Ks_546-694:person_2,4yWavYq9_Ks_546-694,rule-based,rule-based,train,"Child gaze behavior summary. split=train, observed_frames=149, visible_ratio=0.000, on_screen_ratio=0.000, gaze_shift_ratio=0.074, occlusion_ratio=0.000, eyes_closed_ratio=0.000, mean_head_motion=8.48, mean_gaze_motion=0.00, attention_stability_score=0.289, dominant_gaze_class=uncertain, num_segments=3, num_interactions=3, segment_types=['uncertain', 'shift', 'outside'], interaction_events=['monitoring', 'attention_shift', 'reduced_visual_availability'].",,"[""focused_attention"", ""exploratory_attention"", ""occluded_attention"", ""reduced_visual_availability"", ""mixed_attention""]",mixed_attention,0.68,"[""visible_ratio=0.000"", ""gaze_shift_ratio=0.074"", ""occlusion_ratio=0.000"", ""eyes_closed_ratio=0.000"", ""mean_gaze_motion=0.00"", ""attention_stability_score=0.289"", ""max_visible_streak=0"", ""segments=3"", ""interactions=3""]","[""Interpretation is limited to annotation-derived behavior and not video context.""]",2026-04-06T15:39:30+00:00,childplay-behavior-v1,visible_ratio=0.000; gaze_shift_ratio=0.074; occlusion_ratio=0.000; eyes_closed_ratio=0.000; mean_gaze_motion=0.00; attention_stability_score=0.289; dominant_gaze_class=uncertain; observed_frames=149
4yWavYq9_Ks_809-956:person_2,4yWavYq9_Ks_809-956,rule-based,rule-based,train,"Child gaze behavior summary. split=train, observed_frames=148, visible_ratio=1.000, on_screen_ratio=1.000, gaze_shift_ratio=0.000, occlusion_ratio=0.000, eyes_closed_ratio=0.000, mean_head_motion=1.57, mean_gaze_motion=10.55, attention_stability_score=0.995, dominant_gaze_class=inside_visible, num_segments=3, num_interactions=3, segment_types=['stable', 'shift', 'stable'], interaction_events=['focused_attention', 'attention_shift', 'focused_attention'].",,"[""focused_attention"", ""exploratory_attention"", ""occluded_attention"", ""reduced_visual_availability"", ""mixed_attention""]",focused_attention,0.84,"[""visible_ratio=1.000"", ""gaze_shift_ratio=0.000"", ""occlusion_ratio=0.000"", ""eyes_closed_ratio=0.000"", ""mean_gaze_motion=10.55"", ""attention_stability_score=0.995"", ""max_visible_streak=148"", ""segments=3"", ""interactions=3""]","[""Interpretation is limited to annotation-derived behavior and not video context.""]",2026-04-06T15:39:30+00:00,childplay-behavior-v1,visible_ratio=1.000; gaze_shift_ratio=0.000; occlusion_ratio=0.000; eyes_closed_ratio=0.000; mean_gaze_motion=10.55; attention_stability_score=0.995; dominant_gaze_class=inside_visible; observed_frames=148
88pZ5kmV96I_1200-1419:person_1,88pZ5kmV96I_1200-1419,rule-based,rule-based,train,"Child gaze behavior summary. split=train, observed_frames=220, visible_ratio=1.000, on_screen_ratio=1.000, gaze_shift_ratio=0.000, occlusion_ratio=0.000, eyes_closed_ratio=0.000, mean_head_motion=1.81, mean_gaze_motion=2.70, attention_stability_score=0.999, dominant_gaze_class=inside_visible, num_segments=1, num_interactions=1, segment_types=['stable'], interaction_events=['focused_attention'].",,"[""focused_attention"", ""exploratory_attention"", ""occluded_attention"", ""reduced_visual_availability"", ""mixed_attention""]",focused_attention,0.84,"[""visible_ratio=1.000"", ""gaze_shift_ratio=0.000"", ""occlusion_ratio=0.000"", ""eyes_closed_ratio=0.000"", ""mean_gaze_motion=2.70"", ""attention_stability_score=0.999"", ""max_visible_streak=220"", ""segments=1"", ""interactions=1""]","[""Interpretation is limited to annotation-derived behavior and not video context.""]",2026-04-06T15:39:30+00:00,childplay-behavior-v1,visible_ratio=1.000; gaze_shift_ratio=0.000; occlusion_ratio=0.000; eyes_closed_ratio=0.000; mean_gaze_motion=2.70; attention_stability_score=0.999; dominant_gaze_class=inside_visible; observed_frames=220
88pZ5kmV96I_2100-2222:person_1,88pZ5kmV96I_2100-2222,rule-based,rule-based,train,"Child gaze behavior summary. split=train, observed_frames=123, visible_ratio=1.000, on_screen_ratio=1.000, gaze_shift_ratio=0.000, occlusion_ratio=0.000, eyes_closed_ratio=0.000, mean_head_motion=0.63, mean_gaze_motion=4.49, attention_stability_score=0.998, dominant_gaze_class=inside_visible, num_segments=1, num_interactions=1, segment_types=['stable'], interaction_events=['focused_attention'].",,"[""focused_attention"", ""exploratory_attention"", ""occluded_attention"", ""reduced_visual_availability"", ""mixed_attention""]",focused_attention,0.84,"[""visible_ratio=1.000"", ""gaze_shift_ratio=0.000"", ""occlusion_ratio=0.000"", ""eyes_closed_ratio=0.000"", ""mean_gaze_motion=4.49"", ""attention_stability_score=0.998"", ""max_visible_streak=123"", ""segments=1"", ""interactions=1""]","[""Interpretation is limited to annotation-derived behavior and not video context.""]",2026-04-06T15:39:30+00:00,childplay-behavior-v1,visible_ratio=1.000; gaze_shift_ratio=0.000; occlusion_ratio=0.000; eyes_closed_ratio=0.000; mean_gaze_motion=4.49; attention_stability_score=0.998; dominant_gaze_class=inside_visible; observed_frames=123
88pZ5kmV96I_900-1048:person_1,88pZ5kmV96I_900-1048,rule-based,rule-based,train,"Child gaze behavior summary. split=train, observed_frames=149, visible_ratio=0.966, on_screen_ratio=0.966, gaze_shift_ratio=0.034, occlusion_ratio=0.000, eyes_closed_ratio=0.000, mean_head_motion=2.19, mean_gaze_motion=6.93, attention_stability_score=0.926, dominant_gaze_class=inside_visible, num_segments=7, num_interactions=8, segment_types=['stable', 'shift', 'stable', 'shift', 'stable', 'shift', 'stable'], interaction_events=['focused_attention', 'attention_shift', 'focused_attention', 'attention_shift', 'focused_attention', 'attention_shift', 'monitoring', 'exploratory_behavior'].",,"[""focused_attention"", ""exploratory_attention"", ""occluded_attention"", ""reduced_visual_availability"", ""mixed_attention""]",focused_attention,0.84,"[""visible_ratio=0.966"", ""gaze_shift_ratio=0.034"", ""occlusion_ratio=0.000"", ""eyes_closed_ratio=0.000"", ""mean_gaze_motion=6.93"", ""attention_stability_score=0.926"", ""max_visible_streak=119"", ""segments=7"", ""interactions=8""]","[""Interpretation is limited to annotation-derived behavior and not video context.""]",2026-04-06T15:39:30+00:00,childplay-behavior-v1,visible_ratio=0.966; gaze_shift_ratio=0.034; occlusion_ratio=0.000; eyes_closed_ratio=0.000; mean_gaze_motion=6.93; attention_stability_score=0.926; dominant_gaze_class=inside_visible; observed_frames=149
8db0Gcv3V10_11063-11211:person_1,8db0Gcv3V10_11063-11211,rule-based,rule-based,train,"Child gaze behavior summary. split=train, observed_frames=149, visible_ratio=1.000, on_screen_ratio=1.000, gaze_shift_ratio=0.000, occlusion_ratio=0.000, eyes_closed_ratio=0.000, mean_head_motion=1.24, mean_gaze_motion=9.93, attention_stability_score=0.995, dominant_gaze_class=inside_visible, num_segments=7, num_interactions=8, segment_types=['stable', 'shift', 'stable', 'shift', 'stable', 'shift', 'stable'], interaction_events=['monitoring', 'attention_shift', 'focused_attention', 'attention_shift', 'focused_attention', 'attention_shift', 'focused_attention', 'exploratory_behavior'].",,"[""focused_attention"", ""exploratory_attention"", ""occluded_attention"", ""reduced_visual_availability"", ""mixed_attention""]",focused_attention,0.84,"[""visible_ratio=1.000"", ""gaze_shift_ratio=0.000"", ""occlusion_ratio=0.000"", ""eyes_closed_ratio=0.000"", ""mean_gaze_motion=9.93"", ""attention_stability_score=0.995"", ""max_visible_streak=149"", ""segments=7"", ""interactions=8""]","[""Interpretation is limited to annotation-derived behavior and not video context.""]",2026-04-06T15:39:30+00:00,childplay-behavior-v1,visible_ratio=1.000; gaze_shift_ratio=0.000; occlusion_ratio=0.000; eyes_closed_ratio=0.000; mean_gaze_motion=9.93; attention_stability_score=0.995; dominant_gaze_class=inside_visible; observed_frames=149
8db0Gcv3V10_11063-11211:person_2,8db0Gcv3V10_11063-11211,rule-based,rule-based,train,"Child gaze behavior summary. split=train, observed_frames=105, visible_ratio=0.162, on_screen_ratio=0.705, gaze_shift_ratio=0.029, occlusion_ratio=0.543, eyes_closed_ratio=0.000, mean_head_motion=9.57, mean_gaze_motion=65.32, attention_stability_score=0.355, dominant_gaze_class=inside_occluded, num_segments=9, num_interactions=9, segment_types=['outside', 'shift', 'stable', 'occluded', 'stable', 'occluded', 'stable', 'occluded'], interaction_events=['reduced_visual_availability', 'attention_shift', 'monitoring', 'reduced_visual_availability', 'monitoring', 'reduced_visual_availability', 'monitoring', 'reduced_visual_availability'].",,"[""focused_attention"", ""exploratory_attention"", ""occluded_attention"", ""reduced_visual_availability"", ""mixed_attention""]",occluded_attention,0.74,"[""visible_ratio=0.162"", ""gaze_shift_ratio=0.029"", ""occlusion_ratio=0.543"", ""eyes_closed_ratio=0.000"", ""mean_gaze_motion=65.32"", ""attention_stability_score=0.355"", ""max_visible_streak=8"", ""segments=9"", ""interactions=9""]","[""Interpretation is partially limited by occluded or uncertain gaze frames.""]",2026-04-06T15:39:30+00:00,childplay-behavior-v1,visible_ratio=0.162; gaze_shift_ratio=0.029; occlusion_ratio=0.543; eyes_closed_ratio=0.000; mean_gaze_motion=65.32; attention_stability_score=0.355; dominant_gaze_class=inside_occluded; observed_frames=105
8db0Gcv3V10_11310-11474:person_1,8db0Gcv3V10_11310-11474,rule-based,rule-based,train,"Child gaze behavior summary. split=train, observed_frames=165, visible_ratio=0.976, on_screen_ratio=0.976, gaze_shift_ratio=0.024, occlusion_ratio=0.000, eyes_closed_ratio=0.000, mean_head_motion=1.61, mean_gaze_motion=2.73, attention_stability_score=0.927, dominant_gaze_class=inside_visible, num_segments=3, num_interactions=3, segment_types=['stable', 'shift', 'stable'], interaction_events=['focused_attention', 'attention_shift', 'focused_attention'].",,"[""focused_attention"", ""exploratory_attention"", ""occluded_attention"", ""reduced_visual_availability"", ""mixed_attention""]",focused_attention,0.84,"[""visible_ratio=0.976"", ""gaze_shift_ratio=0.024"", ""occlusion_ratio=0.000"", ""eyes_closed_ratio=0.000"", ""mean_gaze_motion=2.73"", ""attention_stability_score=0.927"", ""max_visible_streak=127"", ""segments=3"", ""interactions=3""]","[""Interpretation is limited to annotation-derived behavior and not video context.""]",2026-04-06T15:39:30+00:00,childplay-behavior-v1,visible_ratio=0.976; gaze_shift_ratio=0.024; occlusion_ratio=0.000; eyes_closed_ratio=0.000; mean_gaze_motion=2.73; attention_stability_score=0.927; dominant_gaze_class=inside_visible; observed_frames=165
8db0Gcv3V10_11310-11474:person_2,8db0Gcv3V10_11310-11474,rule-based,rule-based,train,"Child gaze behavior summary. split=train, observed_frames=165, visible_ratio=0.933, on_screen_ratio=0.933, gaze_shift_ratio=0.067, occlusion_ratio=0.000, eyes_closed_ratio=0.000, mean_head_motion=3.80, mean_gaze_motion=7.99, attention_stability_score=0.891, dominant_gaze_class=inside_visible, num_segments=7, num_interactions=8, segment_types=['stable', 'shift', 'stable', 'shift', 'stable', 'shift', 'stable'], interaction_events=['focused_attention', 'attention_shift', 'monitoring', 'attention_shift', 'monitoring', 'attention_shift', 'monitoring', 'exploratory_behavior'].",,"[""focused_attention"", ""exploratory_attention"", ""occluded_attention"", ""reduced_visual_availability"", ""mixed_attention""]",focused_attention,0.84,"[""visible_ratio=0.933"", ""gaze_shift_ratio=0.067"", ""occlusion_ratio=0.000"", ""eyes_closed_ratio=0.000"", ""mean_gaze_motion=7.99"", ""attention_stability_score=0.891"", ""max_visible_streak=122"", ""segments=7"", ""interactions=8""]","[""Interpretation is limited to annotation-derived behavior and not video context.""]",2026-04-06T15:39:30+00:00,childplay-behavior-v1,visible_ratio=0.933; gaze_shift_ratio=0.067; occlusion_ratio=0.000; eyes_closed_ratio=0.000; mean_gaze_motion=7.99; attention_stability_score=0.891; dominant_gaze_class=inside_visible; observed_frames=165
8db0Gcv3V10_1750-2094:person_1,8db0Gcv3V10_1750-2094,rule-based,rule-based,train,"Child gaze behavior summary. split=train, observed_frames=345, visible_ratio=0.849, on_screen_ratio=0.849, gaze_shift_ratio=0.064, occlusion_ratio=0.000, eyes_closed_ratio=0.000, mean_head_motion=0.50, mean_gaze_motion=0.97, attention_stability_score=0.850, dominant_gaze_class=inside_visible, num_segments=5, num_interactions=5, segment_types=['stable', 'shift', 'uncertain', 'shift', 'stable'], interaction_events=['focused_attention', 'attention_shift', 'monitoring', 'attention_shift', 'focused_attention'].",,"[""focused_attention"", ""exploratory_attention"", ""occluded_attention"", ""reduced_visual_availability"", ""mixed_attention""]",focused_attention,0.84,"[""visible_ratio=0.849"", ""gaze_shift_ratio=0.064"", ""occlusion_ratio=0.000"", ""eyes_closed_ratio=0.000"", ""mean_gaze_motion=0.97"", ""attention_stability_score=0.850"", ""max_visible_streak=246"", ""segments=5"", ""interactions=5""]","[""Interpretation is limited to annotation-derived behavior and not video context.""]",2026-04-06T15:39:30+00:00,childplay-behavior-v1,visible_ratio=0.849; gaze_shift_ratio=0.064; occlusion_ratio=0.000; eyes_closed_ratio=0.000; mean_gaze_motion=0.97; attention_stability_score=0.850; dominant_gaze_class=inside_visible; observed_frames=345
8db0Gcv3V10_2511-2774:person_1,8db0Gcv3V10_2511-2774,rule-based,rule-based,train,"Child gaze behavior summary. split=train, observed_frames=264, visible_ratio=0.538, on_screen_ratio=0.538, gaze_shift_ratio=0.045, occlusion_ratio=0.000, eyes_closed_ratio=0.000, mean_head_motion=1.55, mean_gaze_motion=6.80, attention_stability_score=0.610, dominant_gaze_class=inside_visible, num_segments=7, num_interactions=7, segment_types=['stable', 'outside', 'stable', 'shift', 'outside', 'stable', 'shift'], interaction_events=['focused_attention', 'reduced_visual_availability', 'focused_attention', 'attention_shift', 'reduced_visual_availability', 'monitoring', 'attention_shift'].",,"[""focused_attention"", ""exploratory_attention"", ""occluded_attention"", ""reduced_visual_availability"", ""mixed_attention""]",mixed_attention,0.68,"[""visible_ratio=0.538"", ""gaze_shift_ratio=0.045"", ""occlusion_ratio=0.000"", ""eyes_closed_ratio=0.000"", ""mean_gaze_motion=6.80"", ""attention_stability_score=0.610"", ""max_visible_streak=83"", ""segments=7"", ""interactions=7""]","[""Interpretation is limited to annotation-derived behavior and not video context.""]",2026-04-06T15:39:30+00:00,childplay-behavior-v1,visible_ratio=0.538; gaze_shift_ratio=0.045; occlusion_ratio=0.000; eyes_closed_ratio=0.000; mean_gaze_motion=6.80; attention_stability_score=0.610; dominant_gaze_class=inside_visible; observed_frames=264
8db0Gcv3V10_271-642:person_1,8db0Gcv3V10_271-642,rule-based,rule-based,train,"Child gaze behavior summary. split=train, observed_frames=372, visible_ratio=0.634, on_screen_ratio=0.634, gaze_shift_ratio=0.035, occlusion_ratio=0.000, eyes_closed_ratio=0.000, mean_head_motion=6.19, mean_gaze_motion=2.00, attention_stability_score=0.700, dominant_gaze_class=inside_visible, num_segments=6, num_interactions=6, segment_types=['outside', 'stable', 'shift', 'outside', 'shift', 'stable'], interaction_events=['reduced_visual_availability', 'focused_attention', 'attention_shift', 'reduced_visual_availability', 'attention_shift', 'focused_attention'].",,"[""focused_attention"", ""exploratory_attention"", ""occluded_attention"", ""reduced_visual_availability"", ""mixed_attention""]",mixed_attention,0.68,"[""visible_ratio=0.634"", ""gaze_shift_ratio=0.035"", ""occlusion_ratio=0.000"", ""eyes_closed_ratio=0.000"", ""mean_gaze_motion=2.00"", ""attention_stability_score=0.700"", ""max_visible_streak=180"", ""segments=6"", ""interactions=6""]","[""Interpretation is limited to annotation-derived behavior and not video context.""]",2026-04-06T15:39:30+00:00,childplay-behavior-v1,visible_ratio=0.634; gaze_shift_ratio=0.035; occlusion_ratio=0.000; eyes_closed_ratio=0.000; mean_gaze_motion=2.00; attention_stability_score=0.700; dominant_gaze_class=inside_visible; observed_frames=372
8db0Gcv3V10_2840-2925:person_1,8db0Gcv3V10_2840-2925,rule-based,rule-based,train,"Child gaze behavior summary. split=train, observed_frames=86, visible_ratio=1.000, on_screen_ratio=1.000, gaze_shift_ratio=0.000, occlusion_ratio=0.000, eyes_closed_ratio=0.000, mean_head_motion=0.34, mean_gaze_motion=3.48, attention_stability_score=0.998, dominant_gaze_class=inside_visible, num_segments=1, num_interactions=1, segment_types=['stable'], interaction_events=['focused_attention'].",,"[""focused_attention"", ""exploratory_attention"", ""occluded_attention"", ""reduced_visual_availability"", ""mixed_attention""]",focused_attention,0.84,"[""visible_ratio=1.000"", ""gaze_shift_ratio=0.000"", ""occlusion_ratio=0.000"", ""eyes_closed_ratio=0.000"", ""mean_gaze_motion=3.48"", ""attention_stability_score=0.998"", ""max_visible_streak=86"", ""segments=1"", ""interactions=1""]","[""Interpretation is limited to annotation-derived behavior and not video context.""]",2026-04-06T15:39:30+00:00,childplay-behavior-v1,visible_ratio=1.000; gaze_shift_ratio=0.000; occlusion_ratio=0.000; eyes_closed_ratio=0.000; mean_gaze_motion=3.48; attention_stability_score=0.998; dominant_gaze_class=inside_visible; observed_frames=86
8db0Gcv3V10_2840-2925:person_2,8db0Gcv3V10_2840-2925,rule-based,rule-based,train,"Child gaze behavior summary. split=train, observed_frames=86, visible_ratio=1.000, on_screen_ratio=1.000, gaze_shift_ratio=0.000, occlusion_ratio=0.000, eyes_closed_ratio=0.000, mean_head_motion=0.90, mean_gaze_motion=2.88, attention_stability_score=0.999, dominant_gaze_class=inside_visible, num_segments=1, num_interactions=1, segment_types=['stable'], interaction_events=['focused_attention'].",,"[""focused_attention"", ""exploratory_attention"", ""occluded_attention"", ""reduced_visual_availability"", ""mixed_attention""]",focused_attention,0.84,"[""visible_ratio=1.000"", ""gaze_shift_ratio=0.000"", ""occlusion_ratio=0.000"", ""eyes_closed_ratio=0.000"", ""mean_gaze_motion=2.88"", ""attention_stability_score=0.999"", ""max_visible_streak=86"", ""segments=1"", ""interactions=1""]","[""Interpretation is limited to annotation-derived behavior and not video context.""]",2026-04-06T15:39:30+00:00,childplay-behavior-v1,visible_ratio=1.000; gaze_shift_ratio=0.000; occlusion_ratio=0.000; eyes_closed_ratio=0.000; mean_gaze_motion=2.88; attention_stability_score=0.999; dominant_gaze_class=inside_visible; observed_frames=86
8db0Gcv3V10_2930-3109:person_1,8db0Gcv3V10_2930-3109,rule-based,rule-based,train,"Child gaze behavior summary. split=train, observed_frames=180, visible_ratio=0.550, on_screen_ratio=0.550, gaze_shift_ratio=0.067, occlusion_ratio=0.000, eyes_closed_ratio=0.000, mean_head_motion=1.00, mean_gaze_motion=8.73, attention_stability_score=0.671, dominant_gaze_class=inside_visible, num_segments=6, num_interactions=6, segment_types=['stable', 'shift', 'stable', 'outside', 'shift', 'uncertain'], interaction_events=['focused_attention', 'attention_shift', 'focused_attention', 'reduced_visual_availability', 'attention_shift', 'monitoring'].",,"[""focused_attention"", ""exploratory_attention"", ""occluded_attention"", ""reduced_visual_availability"", ""mixed_attention""]",mixed_attention,0.68,"[""visible_ratio=0.550"", ""gaze_shift_ratio=0.067"", ""occlusion_ratio=0.000"", ""eyes_closed_ratio=0.000"", ""mean_gaze_motion=8.73"", ""attention_stability_score=0.671"", ""max_visible_streak=99"", ""segments=6"", ""interactions=6""]","[""Interpretation is limited to annotation-derived behavior and not video context.""]",2026-04-06T15:39:30+00:00,childplay-behavior-v1,visible_ratio=0.550; gaze_shift_ratio=0.067; occlusion_ratio=0.000; eyes_closed_ratio=0.000; mean_gaze_motion=8.73; attention_stability_score=0.671; dominant_gaze_class=inside_visible; observed_frames=180
8db0Gcv3V10_2930-3109:person_2,8db0Gcv3V10_2930-3109,rule-based,rule-based,train,"Child gaze behavior summary. split=train, observed_frames=180, visible_ratio=0.550, on_screen_ratio=0.550, gaze_shift_ratio=0.000, occlusion_ratio=0.000, eyes_closed_ratio=0.000, mean_head_motion=1.43, mean_gaze_motion=4.86, attention_stability_score=0.683, dominant_gaze_class=inside_visible, num_segments=2, num_interactions=2, segment_types=['stable', 'outside'], interaction_events=['focused_attention', 'reduced_visual_availability'].",,"[""focused_attention"", ""exploratory_attention"", ""occluded_attention"", ""reduced_visual_availability"", ""mixed_attention""]",mixed_attention,0.68,"[""visible_ratio=0.550"", ""gaze_shift_ratio=0.000"", ""occlusion_ratio=0.000"", ""eyes_closed_ratio=0.000"", ""mean_gaze_motion=4.86"", ""attention_stability_score=0.683"", ""max_visible_streak=99"", ""segments=2"", ""interactions=2""]","[""Interpretation is limited to annotation-derived behavior and not video context.""]",2026-04-06T15:39:30+00:00,childplay-behavior-v1,visible_ratio=0.550; gaze_shift_ratio=0.000; occlusion_ratio=0.000; eyes_closed_ratio=0.000; mean_gaze_motion=4.86; attention_stability_score=0.683; dominant_gaze_class=inside_visible; observed_frames=180
8db0Gcv3V10_3239-3398:person_2,8db0Gcv3V10_3239-3398,rule-based,rule-based,train,"Child gaze behavior summary. split=train, observed_frames=160, visible_ratio=0.869, on_screen_ratio=0.869, gaze_shift_ratio=0.000, occlusion_ratio=0.000, eyes_closed_ratio=0.000, mean_head_motion=0.60, mean_gaze_motion=3.93, attention_stability_score=0.906, dominant_gaze_class=inside_visible, num_segments=2, num_interactions=2, segment_types=['uncertain', 'stable'], interaction_events=['monitoring', 'focused_attention'].",,"[""focused_attention"", ""exploratory_attention"", ""occluded_attention"", ""reduced_visual_availability"", ""mixed_attention""]",focused_attention,0.84,"[""visible_ratio=0.869"", ""gaze_shift_ratio=0.000"", ""occlusion_ratio=0.000"", ""eyes_closed_ratio=0.000"", ""mean_gaze_motion=3.93"", ""attention_stability_score=0.906"", ""max_visible_streak=139"", ""segments=2"", ""interactions=2""]","[""Interpretation is limited to annotation-derived behavior and not video context.""]",2026-04-06T15:39:30+00:00,childplay-behavior-v1,visible_ratio=0.869; gaze_shift_ratio=0.000; occlusion_ratio=0.000; eyes_closed_ratio=0.000; mean_gaze_motion=3.93; attention_stability_score=0.906; dominant_gaze_class=inside_visible; observed_frames=160
8db0Gcv3V10_3239-3398:person_4,8db0Gcv3V10_3239-3398,rule-based,rule-based,train,"Child gaze behavior summary. split=train, observed_frames=160, visible_ratio=1.000, on_screen_ratio=1.000, gaze_shift_ratio=0.000, occlusion_ratio=0.000, eyes_closed_ratio=0.000, mean_head_motion=4.14, mean_gaze_motion=0.73, attention_stability_score=1.000, dominant_gaze_class=inside_visible, num_segments=1, num_interactions=1, segment_types=['stable'], interaction_events=['focused_attention'].",,"[""focused_attention"", ""exploratory_attention"", ""occluded_attention"", ""reduced_visual_availability"", ""mixed_attention""]",focused_attention,0.84,"[""visible_ratio=1.000"", ""gaze_shift_ratio=0.000"", ""occlusion_ratio=0.000"", ""eyes_closed_ratio=0.000"", ""mean_gaze_motion=0.73"", ""attention_stability_score=1.000"", ""max_visible_streak=160"", ""segments=1"", ""interactions=1""]","[""Interpretation is limited to annotation-derived behavior and not video context.""]",2026-04-06T15:39:30+00:00,childplay-behavior-v1,visible_ratio=1.000; gaze_shift_ratio=0.000; occlusion_ratio=0.000; eyes_closed_ratio=0.000; mean_gaze_motion=0.73; attention_stability_score=1.000; dominant_gaze_class=inside_visible; observed_frames=160
8db0Gcv3V10_5938-6309:person_1,8db0Gcv3V10_5938-6309,rule-based,rule-based,train,"Child gaze behavior summary. split=train, observed_frames=372, visible_ratio=0.944, on_screen_ratio=0.949, gaze_shift_ratio=0.000, occlusion_ratio=0.005, eyes_closed_ratio=0.000, mean_head_motion=4.12, mean_gaze_motion=12.73, attention_stability_score=0.887, dominant_gaze_class=inside_visible, num_segments=23, num_interactions=24, segment_types=['stable', 'shift', 'stable', 'shift', 'stable', 'shift', 'stable', 'shift'], interaction_events=['focused_attention', 'attention_shift', 'monitoring', 'attention_shift', 'focused_attention', 'attention_shift', 'monitoring', 'attention_shift'].",,"[""focused_attention"", ""exploratory_attention"", ""occluded_attention"", ""reduced_visual_availability"", ""mixed_attention""]",focused_attention,0.84,"[""visible_ratio=0.944"", ""gaze_shift_ratio=0.000"", ""occlusion_ratio=0.005"", ""eyes_closed_ratio=0.000"", ""mean_gaze_motion=12.73"", ""attention_stability_score=0.887"", ""max_visible_streak=251"", ""segments=23"", ""interactions=24""]","[""Interpretation is limited to annotation-derived behavior and not video context.""]",2026-04-06T15:39:30+00:00,childplay-behavior-v1,visible_ratio=0.944; gaze_shift_ratio=0.000; occlusion_ratio=0.005; eyes_closed_ratio=0.000; mean_gaze_motion=12.73; attention_stability_score=0.887; dominant_gaze_class=inside_visible; observed_frames=372
8db0Gcv3V10_5938-6309:person_2,8db0Gcv3V10_5938-6309,rule-based,rule-based,train,"Child gaze behavior summary. split=train, observed_frames=372, visible_ratio=0.887, on_screen_ratio=0.909, gaze_shift_ratio=0.035, occlusion_ratio=0.022, eyes_closed_ratio=0.000, mean_head_motion=4.08, mean_gaze_motion=12.52, attention_stability_score=0.742, dominant_gaze_class=inside_visible, num_segments=24, num_interactions=25, segment_types=['stable', 'shift', 'stable', 'outside', 'stable', 'shift', 'stable', 'shift'], interaction_events=['monitoring', 'attention_shift', 'monitoring', 'reduced_visual_availability', 'monitoring', 'attention_shift', 'focused_attention', 'attention_shift'].",,"[""focused_attention"", ""exploratory_attention"", ""occluded_attention"", ""reduced_visual_availability"", ""mixed_attention""]",focused_attention,0.84,"[""visible_ratio=0.887"", ""gaze_shift_ratio=0.035"", ""occlusion_ratio=0.022"", ""eyes_closed_ratio=0.000"", ""mean_gaze_motion=12.52"", ""attention_stability_score=0.742"", ""max_visible_streak=81"", ""segments=24"", ""interactions=25""]","[""Interpretation is limited to annotation-derived behavior and not video context.""]",2026-04-06T15:39:30+00:00,childplay-behavior-v1,visible_ratio=0.887; gaze_shift_ratio=0.035; occlusion_ratio=0.022; eyes_closed_ratio=0.000; mean_gaze_motion=12.52; attention_stability_score=0.742; dominant_gaze_class=inside_visible; observed_frames=372
8db0Gcv3V10_5938-6309:person_3,8db0Gcv3V10_5938-6309,rule-based,rule-based,train,"Child gaze behavior summary. split=train, observed_frames=323, visible_ratio=1.000, on_screen_ratio=1.000, gaze_shift_ratio=0.000, occlusion_ratio=0.000, eyes_closed_ratio=0.000, mean_head_motion=3.37, mean_gaze_motion=14.68, attention_stability_score=0.993, dominant_gaze_class=inside_visible, num_segments=25, num_interactions=26, segment_types=['stable', 'shift', 'stable', 'shift', 'stable', 'shift', 'stable', 'shift'], interaction_events=['focused_attention', 'attention_shift', 'monitoring', 'attention_shift', 'monitoring', 'attention_shift', 'monitoring', 'attention_shift'].",,"[""focused_attention"", ""exploratory_attention"", ""occluded_attention"", ""reduced_visual_availability"", ""mixed_attention""]",focused_attention,0.84,"[""visible_ratio=1.000"", ""gaze_shift_ratio=0.000"", ""occlusion_ratio=0.000"", ""eyes_closed_ratio=0.000"", ""mean_gaze_motion=14.68"", ""attention_stability_score=0.993"", ""max_visible_streak=323"", ""segments=25"", ""interactions=26""]","[""Interpretation is limited to annotation-derived behavior and not video context.""]",2026-04-06T15:39:30+00:00,childplay-behavior-v1,visible_ratio=1.000; gaze_shift_ratio=0.000; occlusion_ratio=0.000; eyes_closed_ratio=0.000; mean_gaze_motion=14.68; attention_stability_score=0.993; dominant_gaze_class=inside_visible; observed_frames=323
9WkwG6uxnBI_1-1802:person_1,9WkwG6uxnBI_1-1802,rule-based,rule-based,train,"Child gaze behavior summary. split=train, observed_frames=1802, visible_ratio=0.888, on_screen_ratio=0.913, gaze_shift_ratio=0.079, occlusion_ratio=0.026, eyes_closed_ratio=0.000, mean_head_motion=0.72, mean_gaze_motion=10.34, attention_stability_score=0.717, dominant_gaze_class=inside_visible, num_segments=76, num_interactions=77, segment_types=['stable', 'shift', 'stable', 'shift', 'outside', 'stable', 'shift', 'stable'], interaction_events=['monitoring', 'attention_shift', 'monitoring', 'attention_shift', 'reduced_visual_availability', 'monitoring', 'attention_shift', 'focused_attention'].",,"[""focused_attention"", ""exploratory_attention"", ""occluded_attention"", ""reduced_visual_availability"", ""mixed_attention""]",focused_attention,0.84,"[""visible_ratio=0.888"", ""gaze_shift_ratio=0.079"", ""occlusion_ratio=0.026"", ""eyes_closed_ratio=0.000"", ""mean_gaze_motion=10.34"", ""attention_stability_score=0.717"", ""max_visible_streak=246"", ""segments=76"", ""interactions=77""]","[""Interpretation is limited to annotation-derived behavior and not video context.""]",2026-04-06T15:39:30+00:00,childplay-behavior-v1,visible_ratio=0.888; gaze_shift_ratio=0.079; occlusion_ratio=0.026; eyes_closed_ratio=0.000; mean_gaze_motion=10.34; attention_stability_score=0.717; dominant_gaze_class=inside_visible; observed_frames=1802
9mNutrRQ1GI_1363-1536:person_1,9mNutrRQ1GI_1363-1536,rule-based,rule-based,train,"Child gaze behavior summary. split=train, observed_frames=174, visible_ratio=1.000, on_screen_ratio=1.000, gaze_shift_ratio=0.000, occlusion_ratio=0.000, eyes_closed_ratio=0.000, mean_head_motion=1.29, mean_gaze_motion=0.00, attention_stability_score=1.000, dominant_gaze_class=inside_visible, num_segments=1, num_interactions=1, segment_types=['stable'], interaction_events=['focused_attention'].",,"[""focused_attention"", ""exploratory_attention"", ""occluded_attention"", ""reduced_visual_availability"", ""mixed_attention""]",focused_attention,0.84,"[""visible_ratio=1.000"", ""gaze_shift_ratio=0.000"", ""occlusion_ratio=0.000"", ""eyes_closed_ratio=0.000"", ""mean_gaze_motion=0.00"", ""attention_stability_score=1.000"", ""max_visible_streak=174"", ""segments=1"", ""interactions=1""]","[""Interpretation is limited to annotation-derived behavior and not video context.""]",2026-04-06T15:39:30+00:00,childplay-behavior-v1,visible_ratio=1.000; gaze_shift_ratio=0.000; occlusion_ratio=0.000; eyes_closed_ratio=0.000; mean_gaze_motion=0.00; attention_stability_score=1.000; dominant_gaze_class=inside_visible; observed_frames=174
9mNutrRQ1GI_14699-14947:person_1,9mNutrRQ1GI_14699-14947,rule-based,rule-based,train,"Child gaze behavior summary. split=train, observed_frames=249, visible_ratio=0.831, on_screen_ratio=1.000, gaze_shift_ratio=0.000, occlusion_ratio=0.169, eyes_closed_ratio=0.000, mean_head_motion=1.89, mean_gaze_motion=7.87, attention_stability_score=0.849, dominant_gaze_class=inside_visible, num_segments=9, num_interactions=10, segment_types=['stable', 'shift', 'stable', 'occluded', 'stable', 'shift', 'stable', 'shift'], interaction_events=['monitoring', 'attention_shift', 'monitoring', 'reduced_visual_availability', 'monitoring', 'attention_shift', 'focused_attention', 'attention_shift'].",,"[""focused_attention"", ""exploratory_attention"", ""occluded_attention"", ""reduced_visual_availability"", ""mixed_attention""]",focused_attention,0.84,"[""visible_ratio=0.831"", ""gaze_shift_ratio=0.000"", ""occlusion_ratio=0.169"", ""eyes_closed_ratio=0.000"", ""mean_gaze_motion=7.87"", ""attention_stability_score=0.849"", ""max_visible_streak=178"", ""segments=9"", ""interactions=10""]","[""Interpretation is limited to annotation-derived behavior and not video context.""]",2026-04-06T15:39:30+00:00,childplay-behavior-v1,visible_ratio=0.831; gaze_shift_ratio=0.000; occlusion_ratio=0.169; eyes_closed_ratio=0.000; mean_gaze_motion=7.87; attention_stability_score=0.849; dominant_gaze_class=inside_visible; observed_frames=249
9mNutrRQ1GI_16700-17865:person_2,9mNutrRQ1GI_16700-17865,rule-based,rule-based,train,"Child gaze behavior summary. split=train, observed_frames=1166, visible_ratio=0.702, on_screen_ratio=0.826, gaze_shift_ratio=0.174, occlusion_ratio=0.124, eyes_closed_ratio=0.000, mean_head_motion=1.66, mean_gaze_motion=13.18, attention_stability_score=0.626, dominant_gaze_class=inside_visible, num_segments=39, num_interactions=40, segment_types=['stable', 'shift', 'stable', 'shift', 'stable', 'shift', 'stable', 'occluded'], interaction_events=['monitoring', 'attention_shift', 'monitoring', 'attention_shift', 'monitoring', 'attention_shift', 'monitoring', 'reduced_visual_availability'].",,"[""focused_attention"", ""exploratory_attention"", ""occluded_attention"", ""reduced_visual_availability"", ""mixed_attention""]",mixed_attention,0.68,"[""visible_ratio=0.702"", ""gaze_shift_ratio=0.174"", ""occlusion_ratio=0.124"", ""eyes_closed_ratio=0.000"", ""mean_gaze_motion=13.18"", ""attention_stability_score=0.626"", ""max_visible_streak=199"", ""segments=39"", ""interactions=40""]","[""Interpretation is limited to annotation-derived behavior and not video context.""]",2026-04-06T15:39:30+00:00,childplay-behavior-v1,visible_ratio=0.702; gaze_shift_ratio=0.174; occlusion_ratio=0.124; eyes_closed_ratio=0.000; mean_gaze_motion=13.18; attention_stability_score=0.626; dominant_gaze_class=inside_visible; observed_frames=1166
9mNutrRQ1GI_24458-24524:person_1,9mNutrRQ1GI_24458-24524,rule-based,rule-based,train,"Child gaze behavior summary. split=train, observed_frames=67, visible_ratio=1.000, on_screen_ratio=1.000, gaze_shift_ratio=0.000, occlusion_ratio=0.000, eyes_closed_ratio=0.000, mean_head_motion=1.36, mean_gaze_motion=47.40, attention_stability_score=0.976, dominant_gaze_class=inside_visible, num_segments=11, num_interactions=12, segment_types=['stable', 'shift', 'stable', 'shift', 'stable', 'shift', 'stable', 'shift'], interaction_events=['monitoring', 'attention_shift', 'monitoring', 'attention_shift', 'monitoring', 'attention_shift', 'monitoring', 'attention_shift'].",,"[""focused_attention"", ""exploratory_attention"", ""occluded_attention"", ""reduced_visual_availability"", ""mixed_attention""]",focused_attention,0.84,"[""visible_ratio=1.000"", ""gaze_shift_ratio=0.000"", ""occlusion_ratio=0.000"", ""eyes_closed_ratio=0.000"", ""mean_gaze_motion=47.40"", ""attention_stability_score=0.976"", ""max_visible_streak=67"", ""segments=11"", ""interactions=12""]","[""Interpretation is limited to annotation-derived behavior and not video context.""]",2026-04-06T15:39:30+00:00,childplay-behavior-v1,visible_ratio=1.000; gaze_shift_ratio=0.000; occlusion_ratio=0.000; eyes_closed_ratio=0.000; mean_gaze_motion=47.40; attention_stability_score=0.976; dominant_gaze_class=inside_visible; observed_frames=67
9mNutrRQ1GI_24758-25047:person_1,9mNutrRQ1GI_24758-25047,rule-based,rule-based,train,"Child gaze behavior summary. split=train, observed_frames=290, visible_ratio=0.952, on_screen_ratio=0.952, gaze_shift_ratio=0.048, occlusion_ratio=0.000, eyes_closed_ratio=0.000, mean_head_motion=2.28, mean_gaze_motion=20.80, attention_stability_score=0.774, dominant_gaze_class=inside_visible, num_segments=13, num_interactions=14, segment_types=['stable', 'shift', 'stable', 'shift', 'stable', 'shift', 'stable', 'shift'], interaction_events=['monitoring', 'attention_shift', 'focused_attention', 'attention_shift', 'focused_attention', 'attention_shift', 'focused_attention', 'attention_shift'].",,"[""focused_attention"", ""exploratory_attention"", ""occluded_attention"", ""reduced_visual_availability"", ""mixed_attention""]",focused_attention,0.84,"[""visible_ratio=0.952"", ""gaze_shift_ratio=0.048"", ""occlusion_ratio=0.000"", ""eyes_closed_ratio=0.000"", ""mean_gaze_motion=20.80"", ""attention_stability_score=0.774"", ""max_visible_streak=74"", ""segments=13"", ""interactions=14""]","[""Interpretation is limited to annotation-derived behavior and not video context.""]",2026-04-06T15:39:30+00:00,childplay-behavior-v1,visible_ratio=0.952; gaze_shift_ratio=0.048; occlusion_ratio=0.000; eyes_closed_ratio=0.000; mean_gaze_motion=20.80; attention_stability_score=0.774; dominant_gaze_class=inside_visible; observed_frames=290
BL9cNtpb_QI_18-157:person_1,BL9cNtpb_QI_18-157,rule-based,rule-based,train,"Child gaze behavior summary. split=train, observed_frames=140, visible_ratio=0.714, on_screen_ratio=0.714, gaze_shift_ratio=0.121, occlusion_ratio=0.000, eyes_closed_ratio=0.000, mean_head_motion=3.06, mean_gaze_motion=20.92, attention_stability_score=0.771, dominant_gaze_class=inside_visible, num_segments=9, num_interactions=10, segment_types=['stable', 'shift', 'stable', 'shift', 'outside', 'shift', 'outside', 'shift'], interaction_events=['monitoring', 'attention_shift', 'focused_attention', 'attention_shift', 'reduced_visual_availability', 'attention_shift', 'reduced_visual_availability', 'attention_shift'].",,"[""focused_attention"", ""exploratory_attention"", ""occluded_attention"", ""reduced_visual_availability"", ""mixed_attention""]",mixed_attention,0.68,"[""visible_ratio=0.714"", ""gaze_shift_ratio=0.121"", ""occlusion_ratio=0.000"", ""eyes_closed_ratio=0.000"", ""mean_gaze_motion=20.92"", ""attention_stability_score=0.771"", ""max_visible_streak=100"", ""segments=9"", ""interactions=10""]","[""Interpretation is limited to annotation-derived behavior and not video context.""]",2026-04-06T15:39:30+00:00,childplay-behavior-v1,visible_ratio=0.714; gaze_shift_ratio=0.121; occlusion_ratio=0.000; eyes_closed_ratio=0.000; mean_gaze_motion=20.92; attention_stability_score=0.771; dominant_gaze_class=inside_visible; observed_frames=140
BL9cNtpb_QI_337-383:person_1,BL9cNtpb_QI_337-383,rule-based,rule-based,train,"Child gaze behavior summary. split=train, observed_frames=47, visible_ratio=0.915, on_screen_ratio=0.915, gaze_shift_ratio=0.085, occlusion_ratio=0.000, eyes_closed_ratio=0.000, mean_head_motion=5.19, mean_gaze_motion=31.81, attention_stability_score=0.901, dominant_gaze_class=inside_visible, num_segments=3, num_interactions=3, segment_types=['stable', 'shift', 'stable'], interaction_events=['monitoring', 'attention_shift', 'focused_attention'].",,"[""focused_attention"", ""exploratory_attention"", ""occluded_attention"", ""reduced_visual_availability"", ""mixed_attention""]",focused_attention,0.84,"[""visible_ratio=0.915"", ""gaze_shift_ratio=0.085"", ""occlusion_ratio=0.000"", ""eyes_closed_ratio=0.000"", ""mean_gaze_motion=31.81"", ""attention_stability_score=0.901"", ""max_visible_streak=41"", ""segments=3"", ""interactions=3""]","[""Short clips provide less temporal evidence than longer sequences.""]",2026-04-06T15:39:30+00:00,childplay-behavior-v1,visible_ratio=0.915; gaze_shift_ratio=0.085; occlusion_ratio=0.000; eyes_closed_ratio=0.000; mean_gaze_motion=31.81; attention_stability_score=0.901; dominant_gaze_class=inside_visible; observed_frames=47
Cmw2H5C_Ves_2792-2813:person_2,Cmw2H5C_Ves_2792-2813,rule-based,rule-based,train,"Child gaze behavior summary. split=train, observed_frames=22, visible_ratio=1.000, on_screen_ratio=1.000, gaze_shift_ratio=0.000, occlusion_ratio=0.000, eyes_closed_ratio=0.000, mean_head_motion=0.00, mean_gaze_motion=0.00, attention_stability_score=1.000, dominant_gaze_class=inside_visible, num_segments=1, num_interactions=1, segment_types=['stable'], interaction_events=['monitoring'].",,"[""focused_attention"", ""exploratory_attention"", ""occluded_attention"", ""reduced_visual_availability"", ""mixed_attention""]",focused_attention,0.84,"[""visible_ratio=1.000"", ""gaze_shift_ratio=0.000"", ""occlusion_ratio=0.000"", ""eyes_closed_ratio=0.000"", ""mean_gaze_motion=0.00"", ""attention_stability_score=1.000"", ""max_visible_streak=22"", ""segments=1"", ""interactions=1""]","[""Short clips provide less temporal evidence than longer sequences.""]",2026-04-06T15:39:30+00:00,childplay-behavior-v1,visible_ratio=1.000; gaze_shift_ratio=0.000; occlusion_ratio=0.000; eyes_closed_ratio=0.000; mean_gaze_motion=0.00; attention_stability_score=1.000; dominant_gaze_class=inside_visible; observed_frames=22
Cmw2H5C_Ves_2792-2813:person_3,Cmw2H5C_Ves_2792-2813,rule-based,rule-based,train,"Child gaze behavior summary. split=train, observed_frames=22, visible_ratio=1.000, on_screen_ratio=1.000, gaze_shift_ratio=0.000, occlusion_ratio=0.000, eyes_closed_ratio=0.000, mean_head_motion=0.51, mean_gaze_motion=2.39, attention_stability_score=0.999, dominant_gaze_class=inside_visible, num_segments=1, num_interactions=1, segment_types=['stable'], interaction_events=['monitoring'].",,"[""focused_attention"", ""exploratory_attention"", ""occluded_attention"", ""reduced_visual_availability"", ""mixed_attention""]",focused_attention,0.84,"[""visible_ratio=1.000"", ""gaze_shift_ratio=0.000"", ""occlusion_ratio=0.000"", ""eyes_closed_ratio=0.000"", ""mean_gaze_motion=2.39"", ""attention_stability_score=0.999"", ""max_visible_streak=22"", ""segments=1"", ""interactions=1""]","[""Short clips provide less temporal evidence than longer sequences.""]",2026-04-06T15:39:30+00:00,childplay-behavior-v1,visible_ratio=1.000; gaze_shift_ratio=0.000; occlusion_ratio=0.000; eyes_closed_ratio=0.000; mean_gaze_motion=2.39; attention_stability_score=0.999; dominant_gaze_class=inside_visible; observed_frames=22
Cmw2H5C_Ves_3621-3747:person_1,Cmw2H5C_Ves_3621-3747,rule-based,rule-based,train,"Child gaze behavior summary. split=train, observed_frames=127, visible_ratio=1.000, on_screen_ratio=1.000, gaze_shift_ratio=0.000, occlusion_ratio=0.000, eyes_closed_ratio=0.000, mean_head_motion=0.00, mean_gaze_motion=7.79, attention_stability_score=0.996, dominant_gaze_class=inside_visible, num_segments=5, num_interactions=5, segment_types=['stable', 'shift', 'stable', 'shift', 'stable'], interaction_events=['focused_attention', 'attention_shift', 'focused_attention', 'attention_shift', 'focused_attention'].",,"[""focused_attention"", ""exploratory_attention"", ""occluded_attention"", ""reduced_visual_availability"", ""mixed_attention""]",focused_attention,0.84,"[""visible_ratio=1.000"", ""gaze_shift_ratio=0.000"", ""occlusion_ratio=0.000"", ""eyes_closed_ratio=0.000"", ""mean_gaze_motion=7.79"", ""attention_stability_score=0.996"", ""max_visible_streak=127"", ""segments=5"", ""interactions=5""]","[""Interpretation is limited to annotation-derived behavior and not video context.""]",2026-04-06T15:39:30+00:00,childplay-behavior-v1,visible_ratio=1.000; gaze_shift_ratio=0.000; occlusion_ratio=0.000; eyes_closed_ratio=0.000; mean_gaze_motion=7.79; attention_stability_score=0.996; dominant_gaze_class=inside_visible; observed_frames=127
Cmw2H5C_Ves_3621-3747:person_2,Cmw2H5C_Ves_3621-3747,rule-based,rule-based,train,"Child gaze behavior summary. split=train, observed_frames=127, visible_ratio=0.701, on_screen_ratio=0.701, gaze_shift_ratio=0.118, occlusion_ratio=0.000, eyes_closed_ratio=0.000, mean_head_motion=2.22, mean_gaze_motion=5.61, attention_stability_score=0.770, dominant_gaze_class=inside_visible, num_segments=9, num_interactions=10, segment_types=['stable', 'shift', 'stable', 'shift', 'stable', 'shift', 'stable', 'shift'], interaction_events=['monitoring', 'attention_shift', 'monitoring', 'attention_shift', 'monitoring', 'attention_shift', 'focused_attention', 'attention_shift'].",,"[""focused_attention"", ""exploratory_attention"", ""occluded_attention"", ""reduced_visual_availability"", ""mixed_attention""]",mixed_attention,0.68,"[""visible_ratio=0.701"", ""gaze_shift_ratio=0.118"", ""occlusion_ratio=0.000"", ""eyes_closed_ratio=0.000"", ""mean_gaze_motion=5.61"", ""attention_stability_score=0.770"", ""max_visible_streak=89"", ""segments=9"", ""interactions=10""]","[""Interpretation is limited to annotation-derived behavior and not video context.""]",2026-04-06T15:39:30+00:00,childplay-behavior-v1,visible_ratio=0.701; gaze_shift_ratio=0.118; occlusion_ratio=0.000; eyes_closed_ratio=0.000; mean_gaze_motion=5.61; attention_stability_score=0.770; dominant_gaze_class=inside_visible; observed_frames=127
Cmw2H5C_Ves_4220-4339:person_1,Cmw2H5C_Ves_4220-4339,rule-based,rule-based,train,"Child gaze behavior summary. split=train, observed_frames=120, visible_ratio=1.000, on_screen_ratio=1.000, gaze_shift_ratio=0.000, occlusion_ratio=0.000, eyes_closed_ratio=0.000, mean_head_motion=0.00, mean_gaze_motion=17.08, attention_stability_score=0.991, dominant_gaze_class=inside_visible, num_segments=15, num_interactions=16, segment_types=['stable', 'shift', 'stable', 'shift', 'stable', 'shift', 'stable', 'shift'], interaction_events=['monitoring', 'attention_shift', 'monitoring', 'attention_shift', 'focused_attention', 'attention_shift', 'monitoring', 'attention_shift'].",,"[""focused_attention"", ""exploratory_attention"", ""occluded_attention"", ""reduced_visual_availability"", ""mixed_attention""]",focused_attention,0.84,"[""visible_ratio=1.000"", ""gaze_shift_ratio=0.000"", ""occlusion_ratio=0.000"", ""eyes_closed_ratio=0.000"", ""mean_gaze_motion=17.08"", ""attention_stability_score=0.991"", ""max_visible_streak=120"", ""segments=15"", ""interactions=16""]","[""Interpretation is limited to annotation-derived behavior and not video context.""]",2026-04-06T15:39:30+00:00,childplay-behavior-v1,visible_ratio=1.000; gaze_shift_ratio=0.000; occlusion_ratio=0.000; eyes_closed_ratio=0.000; mean_gaze_motion=17.08; attention_stability_score=0.991; dominant_gaze_class=inside_visible; observed_frames=120
Cmw2H5C_Ves_4220-4339:person_2,Cmw2H5C_Ves_4220-4339,rule-based,rule-based,train,"Child gaze behavior summary. split=train, observed_frames=120, visible_ratio=0.292, on_screen_ratio=0.400, gaze_shift_ratio=0.600, occlusion_ratio=0.108, eyes_closed_ratio=0.000, mean_head_motion=0.71, mean_gaze_motion=2.31, attention_stability_score=0.413, dominant_gaze_class=gaze_shift, num_segments=4, num_interactions=4, segment_types=['occluded', 'shift', 'occluded', 'stable'], interaction_events=['reduced_visual_availability', 'attention_shift', 'reduced_visual_availability', 'focused_attention'].",,"[""focused_attention"", ""exploratory_attention"", ""occluded_attention"", ""reduced_visual_availability"", ""mixed_attention""]",exploratory_attention,0.8,"[""visible_ratio=0.292"", ""gaze_shift_ratio=0.600"", ""occlusion_ratio=0.108"", ""eyes_closed_ratio=0.000"", ""mean_gaze_motion=2.31"", ""attention_stability_score=0.413"", ""max_visible_streak=35"", ""segments=4"", ""interactions=4""]","[""Interpretation is limited to annotation-derived behavior and not video context.""]",2026-04-06T15:39:30+00:00,childplay-behavior-v1,visible_ratio=0.292; gaze_shift_ratio=0.600; occlusion_ratio=0.108; eyes_closed_ratio=0.000; mean_gaze_motion=2.31; attention_stability_score=0.413; dominant_gaze_class=gaze_shift; observed_frames=120
Cmw2H5C_Ves_5120-5370:person_1,Cmw2H5C_Ves_5120-5370,rule-based,rule-based,train,"Child gaze behavior summary. split=train, observed_frames=251, visible_ratio=0.988, on_screen_ratio=0.988, gaze_shift_ratio=0.012, occlusion_ratio=0.000, eyes_closed_ratio=0.000, mean_head_motion=0.86, mean_gaze_motion=3.18, attention_stability_score=0.965, dominant_gaze_class=inside_visible, num_segments=9, num_interactions=10, segment_types=['stable', 'shift', 'stable', 'shift', 'stable', 'shift', 'stable', 'shift'], interaction_events=['monitoring', 'attention_shift', 'focused_attention', 'attention_shift', 'focused_attention', 'attention_shift', 'monitoring', 'attention_shift'].",,"[""focused_attention"", ""exploratory_attention"", ""occluded_attention"", ""reduced_visual_availability"", ""mixed_attention""]",focused_attention,0.84,"[""visible_ratio=0.988"", ""gaze_shift_ratio=0.012"", ""occlusion_ratio=0.000"", ""eyes_closed_ratio=0.000"", ""mean_gaze_motion=3.18"", ""attention_stability_score=0.965"", ""max_visible_streak=225"", ""segments=9"", ""interactions=10""]","[""Interpretation is limited to annotation-derived behavior and not video context.""]",2026-04-06T15:39:30+00:00,childplay-behavior-v1,visible_ratio=0.988; gaze_shift_ratio=0.012; occlusion_ratio=0.000; eyes_closed_ratio=0.000; mean_gaze_motion=3.18; attention_stability_score=0.965; dominant_gaze_class=inside_visible; observed_frames=251
Cmw2H5C_Ves_5120-5370:person_2,Cmw2H5C_Ves_5120-5370,rule-based,rule-based,train,"Child gaze behavior summary. split=train, observed_frames=251, visible_ratio=1.000, on_screen_ratio=1.000, gaze_shift_ratio=0.000, occlusion_ratio=0.000, eyes_closed_ratio=0.000, mean_head_motion=1.22, mean_gaze_motion=2.70, attention_stability_score=0.999, dominant_gaze_class=inside_visible, num_segments=1, num_interactions=1, segment_types=['stable'], interaction_events=['focused_attention'].",,"[""focused_attention"", ""exploratory_attention"", ""occluded_attention"", ""reduced_visual_availability"", ""mixed_attention""]",focused_attention,0.84,"[""visible_ratio=1.000"", ""gaze_shift_ratio=0.000"", ""occlusion_ratio=0.000"", ""eyes_closed_ratio=0.000"", ""mean_gaze_motion=2.70"", ""attention_stability_score=0.999"", ""max_visible_streak=251"", ""segments=1"", ""interactions=1""]","[""Interpretation is limited to annotation-derived behavior and not video context.""]",2026-04-06T15:39:30+00:00,childplay-behavior-v1,visible_ratio=1.000; gaze_shift_ratio=0.000; occlusion_ratio=0.000; eyes_closed_ratio=0.000; mean_gaze_motion=2.70; attention_stability_score=0.999; dominant_gaze_class=inside_visible; observed_frames=251
Cztb-0cliGA_1036-1115:person_1,Cztb-0cliGA_1036-1115,rule-based,rule-based,train,"Child gaze behavior summary. split=train, observed_frames=80, visible_ratio=1.000, on_screen_ratio=1.000, gaze_shift_ratio=0.000, occlusion_ratio=0.000, eyes_closed_ratio=0.000, mean_head_motion=4.26, mean_gaze_motion=4.54, attention_stability_score=0.998, dominant_gaze_class=inside_visible, num_segments=1, num_interactions=1, segment_types=['stable'], interaction_events=['focused_attention'].",,"[""focused_attention"", ""exploratory_attention"", ""occluded_attention"", ""reduced_visual_availability"", ""mixed_attention""]",focused_attention,0.84,"[""visible_ratio=1.000"", ""gaze_shift_ratio=0.000"", ""occlusion_ratio=0.000"", ""eyes_closed_ratio=0.000"", ""mean_gaze_motion=4.54"", ""attention_stability_score=0.998"", ""max_visible_streak=80"", ""segments=1"", ""interactions=1""]","[""Interpretation is limited to annotation-derived behavior and not video context.""]",2026-04-06T15:39:30+00:00,childplay-behavior-v1,visible_ratio=1.000; gaze_shift_ratio=0.000; occlusion_ratio=0.000; eyes_closed_ratio=0.000; mean_gaze_motion=4.54; attention_stability_score=0.998; dominant_gaze_class=inside_visible; observed_frames=80
Cztb-0cliGA_1036-1115:person_2,Cztb-0cliGA_1036-1115,rule-based,rule-based,train,"Child gaze behavior summary. split=train, observed_frames=80, visible_ratio=1.000, on_screen_ratio=1.000, gaze_shift_ratio=0.000, occlusion_ratio=0.000, eyes_closed_ratio=0.000, mean_head_motion=1.92, mean_gaze_motion=2.39, attention_stability_score=0.999, dominant_gaze_class=inside_visible, num_segments=1, num_interactions=1, segment_types=['stable'], interaction_events=['focused_attention'].",,"[""focused_attention"", ""exploratory_attention"", ""occluded_attention"", ""reduced_visual_availability"", ""mixed_attention""]",focused_attention,0.84,"[""visible_ratio=1.000"", ""gaze_shift_ratio=0.000"", ""occlusion_ratio=0.000"", ""eyes_closed_ratio=0.000"", ""mean_gaze_motion=2.39"", ""attention_stability_score=0.999"", ""max_visible_streak=80"", ""segments=1"", ""interactions=1""]","[""Interpretation is limited to annotation-derived behavior and not video context.""]",2026-04-06T15:39:30+00:00,childplay-behavior-v1,visible_ratio=1.000; gaze_shift_ratio=0.000; occlusion_ratio=0.000; eyes_closed_ratio=0.000; mean_gaze_motion=2.39; attention_stability_score=0.999; dominant_gaze_class=inside_visible; observed_frames=80
Cztb-0cliGA_1036-1115:person_3,Cztb-0cliGA_1036-1115,rule-based,rule-based,train,"Child gaze behavior summary. split=train, observed_frames=80, visible_ratio=0.487, on_screen_ratio=0.487, gaze_shift_ratio=0.075, occlusion_ratio=0.000, eyes_closed_ratio=0.000, mean_head_motion=1.65, mean_gaze_motion=32.63, attention_stability_score=0.614, dominant_gaze_class=inside_visible, num_segments=10, num_interactions=11, segment_types=['outside', 'shift', 'uncertain', 'stable', 'shift', 'stable', 'shift', 'stable'], interaction_events=['reduced_visual_availability', 'attention_shift', 'monitoring', 'monitoring', 'attention_shift', 'monitoring', 'attention_shift', 'monitoring'].",,"[""focused_attention"", ""exploratory_attention"", ""occluded_attention"", ""reduced_visual_availability"", ""mixed_attention""]",mixed_attention,0.68,"[""visible_ratio=0.487"", ""gaze_shift_ratio=0.075"", ""occlusion_ratio=0.000"", ""eyes_closed_ratio=0.000"", ""mean_gaze_motion=32.63"", ""attention_stability_score=0.614"", ""max_visible_streak=39"", ""segments=10"", ""interactions=11""]","[""Interpretation is limited to annotation-derived behavior and not video context.""]",2026-04-06T15:39:30+00:00,childplay-behavior-v1,visible_ratio=0.487; gaze_shift_ratio=0.075; occlusion_ratio=0.000; eyes_closed_ratio=0.000; mean_gaze_motion=32.63; attention_stability_score=0.614; dominant_gaze_class=inside_visible; observed_frames=80
Cztb-0cliGA_1194-1257:person_1,Cztb-0cliGA_1194-1257,rule-based,rule-based,train,"Child gaze behavior summary. split=train, observed_frames=64, visible_ratio=0.906, on_screen_ratio=0.906, gaze_shift_ratio=0.094, occlusion_ratio=0.000, eyes_closed_ratio=0.000, mean_head_motion=2.01, mean_gaze_motion=8.46, attention_stability_score=0.838, dominant_gaze_class=inside_visible, num_segments=3, num_interactions=3, segment_types=['stable', 'shift', 'stable'], interaction_events=['monitoring', 'attention_shift', 'focused_attention'].",,"[""focused_attention"", ""exploratory_attention"", ""occluded_attention"", ""reduced_visual_availability"", ""mixed_attention""]",focused_attention,0.84,"[""visible_ratio=0.906"", ""gaze_shift_ratio=0.094"", ""occlusion_ratio=0.000"", ""eyes_closed_ratio=0.000"", ""mean_gaze_motion=8.46"", ""attention_stability_score=0.838"", ""max_visible_streak=38"", ""segments=3"", ""interactions=3""]","[""Interpretation is limited to annotation-derived behavior and not video context.""]",2026-04-06T15:39:30+00:00,childplay-behavior-v1,visible_ratio=0.906; gaze_shift_ratio=0.094; occlusion_ratio=0.000; eyes_closed_ratio=0.000; mean_gaze_motion=8.46; attention_stability_score=0.838; dominant_gaze_class=inside_visible; observed_frames=64
Cztb-0cliGA_1349-1470:person_1,Cztb-0cliGA_1349-1470,rule-based,rule-based,train,"Child gaze behavior summary. split=train, observed_frames=122, visible_ratio=0.926, on_screen_ratio=0.926, gaze_shift_ratio=0.074, occlusion_ratio=0.000, eyes_closed_ratio=0.000, mean_head_motion=1.12, mean_gaze_motion=3.81, attention_stability_score=0.872, dominant_gaze_class=inside_visible, num_segments=3, num_interactions=3, segment_types=['stable', 'shift', 'stable'], interaction_events=['focused_attention', 'attention_shift', 'focused_attention'].",,"[""focused_attention"", ""exploratory_attention"", ""occluded_attention"", ""reduced_visual_availability"", ""mixed_attention""]",focused_attention,0.84,"[""visible_ratio=0.926"", ""gaze_shift_ratio=0.074"", ""occlusion_ratio=0.000"", ""eyes_closed_ratio=0.000"", ""mean_gaze_motion=3.81"", ""attention_stability_score=0.872"", ""max_visible_streak=82"", ""segments=3"", ""interactions=3""]","[""Interpretation is limited to annotation-derived behavior and not video context.""]",2026-04-06T15:39:30+00:00,childplay-behavior-v1,visible_ratio=0.926; gaze_shift_ratio=0.074; occlusion_ratio=0.000; eyes_closed_ratio=0.000; mean_gaze_motion=3.81; attention_stability_score=0.872; dominant_gaze_class=inside_visible; observed_frames=122
Cztb-0cliGA_1619-1751:person_2,Cztb-0cliGA_1619-1751,rule-based,rule-based,train,"Child gaze behavior summary. split=train, observed_frames=133, visible_ratio=0.865, on_screen_ratio=0.865, gaze_shift_ratio=0.038, occlusion_ratio=0.000, eyes_closed_ratio=0.000, mean_head_motion=0.70, mean_gaze_motion=4.45, attention_stability_score=0.897, dominant_gaze_class=inside_visible, num_segments=5, num_interactions=5, segment_types=['stable', 'shift', 'stable', 'shift', 'outside'], interaction_events=['focused_attention', 'attention_shift', 'focused_attention', 'attention_shift', 'reduced_visual_availability'].",,"[""focused_attention"", ""exploratory_attention"", ""occluded_attention"", ""reduced_visual_availability"", ""mixed_attention""]",focused_attention,0.84,"[""visible_ratio=0.865"", ""gaze_shift_ratio=0.038"", ""occlusion_ratio=0.000"", ""eyes_closed_ratio=0.000"", ""mean_gaze_motion=4.45"", ""attention_stability_score=0.897"", ""max_visible_streak=115"", ""segments=5"", ""interactions=5""]","[""Interpretation is limited to annotation-derived behavior and not video context.""]",2026-04-06T15:39:30+00:00,childplay-behavior-v1,visible_ratio=0.865; gaze_shift_ratio=0.038; occlusion_ratio=0.000; eyes_closed_ratio=0.000; mean_gaze_motion=4.45; attention_stability_score=0.897; dominant_gaze_class=inside_visible; observed_frames=133
Cztb-0cliGA_1875-1961:person_1,Cztb-0cliGA_1875-1961,rule-based,rule-based,train,"Child gaze behavior summary. split=train, observed_frames=87, visible_ratio=0.966, on_screen_ratio=0.966, gaze_shift_ratio=0.034, occlusion_ratio=0.000, eyes_closed_ratio=0.000, mean_head_motion=0.38, mean_gaze_motion=7.98, attention_stability_score=0.860, dominant_gaze_class=inside_visible, num_segments=5, num_interactions=5, segment_types=['stable', 'shift', 'stable', 'shift', 'stable'], interaction_events=['focused_attention', 'attention_shift', 'monitoring', 'attention_shift', 'focused_attention'].",,"[""focused_attention"", ""exploratory_attention"", ""occluded_attention"", ""reduced_visual_availability"", ""mixed_attention""]",focused_attention,0.84,"[""visible_ratio=0.966"", ""gaze_shift_ratio=0.034"", ""occlusion_ratio=0.000"", ""eyes_closed_ratio=0.000"", ""mean_gaze_motion=7.98"", ""attention_stability_score=0.860"", ""max_visible_streak=47"", ""segments=5"", ""interactions=5""]","[""Interpretation is limited to annotation-derived behavior and not video context.""]",2026-04-06T15:39:30+00:00,childplay-behavior-v1,visible_ratio=0.966; gaze_shift_ratio=0.034; occlusion_ratio=0.000; eyes_closed_ratio=0.000; mean_gaze_motion=7.98; attention_stability_score=0.860; dominant_gaze_class=inside_visible; observed_frames=87
Cztb-0cliGA_3879-3960:person_1,Cztb-0cliGA_3879-3960,rule-based,rule-based,train,"Child gaze behavior summary. split=train, observed_frames=82, visible_ratio=0.866, on_screen_ratio=0.866, gaze_shift_ratio=0.024, occlusion_ratio=0.000, eyes_closed_ratio=0.000, mean_head_motion=1.36, mean_gaze_motion=8.50, attention_stability_score=0.807, dominant_gaze_class=inside_visible, num_segments=4, num_interactions=4, segment_types=['uncertain', 'stable', 'shift', 'stable'], interaction_events=['monitoring', 'focused_attention', 'attention_shift', 'focused_attention'].",,"[""focused_attention"", ""exploratory_attention"", ""occluded_attention"", ""reduced_visual_availability"", ""mixed_attention""]",focused_attention,0.84,"[""visible_ratio=0.866"", ""gaze_shift_ratio=0.024"", ""occlusion_ratio=0.000"", ""eyes_closed_ratio=0.000"", ""mean_gaze_motion=8.50"", ""attention_stability_score=0.807"", ""max_visible_streak=41"", ""segments=4"", ""interactions=4""]","[""Interpretation is limited to annotation-derived behavior and not video context.""]",2026-04-06T15:39:30+00:00,childplay-behavior-v1,visible_ratio=0.866; gaze_shift_ratio=0.024; occlusion_ratio=0.000; eyes_closed_ratio=0.000; mean_gaze_motion=8.50; attention_stability_score=0.807; dominant_gaze_class=inside_visible; observed_frames=82
Cztb-0cliGA_3879-3960:person_2,Cztb-0cliGA_3879-3960,rule-based,rule-based,train,"Child gaze behavior summary. split=train, observed_frames=82, visible_ratio=1.000, on_screen_ratio=1.000, gaze_shift_ratio=0.000, occlusion_ratio=0.000, eyes_closed_ratio=0.000, mean_head_motion=0.44, mean_gaze_motion=8.66, attention_stability_score=0.996, dominant_gaze_class=inside_visible, num_segments=3, num_interactions=3, segment_types=['stable', 'shift', 'stable'], interaction_events=['monitoring', 'attention_shift', 'focused_attention'].",,"[""focused_attention"", ""exploratory_attention"", ""occluded_attention"", ""reduced_visual_availability"", ""mixed_attention""]",focused_attention,0.84,"[""visible_ratio=1.000"", ""gaze_shift_ratio=0.000"", ""occlusion_ratio=0.000"", ""eyes_closed_ratio=0.000"", ""mean_gaze_motion=8.66"", ""attention_stability_score=0.996"", ""max_visible_streak=82"", ""segments=3"", ""interactions=3""]","[""Interpretation is limited to annotation-derived behavior and not video context.""]",2026-04-06T15:39:30+00:00,childplay-behavior-v1,visible_ratio=1.000; gaze_shift_ratio=0.000; occlusion_ratio=0.000; eyes_closed_ratio=0.000; mean_gaze_motion=8.66; attention_stability_score=0.996; dominant_gaze_class=inside_visible; observed_frames=82
Cztb-0cliGA_4059-4172:person_1,Cztb-0cliGA_4059-4172,rule-based,rule-based,train,"Child gaze behavior summary. split=train, observed_frames=114, visible_ratio=0.789, on_screen_ratio=0.965, gaze_shift_ratio=0.035, occlusion_ratio=0.175, eyes_closed_ratio=0.000, mean_head_motion=8.92, mean_gaze_motion=13.11, attention_stability_score=0.821, dominant_gaze_class=inside_visible, num_segments=4, num_interactions=4, segment_types=['stable', 'occluded', 'shift', 'stable'], interaction_events=['monitoring', 'reduced_visual_availability', 'attention_shift', 'focused_attention'].",,"[""focused_attention"", ""exploratory_attention"", ""occluded_attention"", ""reduced_visual_availability"", ""mixed_attention""]",focused_attention,0.84,"[""visible_ratio=0.789"", ""gaze_shift_ratio=0.035"", ""occlusion_ratio=0.175"", ""eyes_closed_ratio=0.000"", ""mean_gaze_motion=13.11"", ""attention_stability_score=0.821"", ""max_visible_streak=81"", ""segments=4"", ""interactions=4""]","[""Interpretation is limited to annotation-derived behavior and not video context.""]",2026-04-06T15:39:30+00:00,childplay-behavior-v1,visible_ratio=0.789; gaze_shift_ratio=0.035; occlusion_ratio=0.175; eyes_closed_ratio=0.000; mean_gaze_motion=13.11; attention_stability_score=0.821; dominant_gaze_class=inside_visible; observed_frames=114
Cztb-0cliGA_4253-4312:person_1,Cztb-0cliGA_4253-4312,rule-based,rule-based,train,"Child gaze behavior summary. split=train, observed_frames=60, visible_ratio=0.950, on_screen_ratio=0.950, gaze_shift_ratio=0.050, occlusion_ratio=0.000, eyes_closed_ratio=0.000, mean_head_motion=3.25, mean_gaze_motion=41.25, attention_stability_score=0.891, dominant_gaze_class=inside_visible, num_segments=5, num_interactions=5, segment_types=['stable', 'shift', 'stable', 'shift', 'stable'], interaction_events=['focused_attention', 'attention_shift', 'monitoring', 'attention_shift', 'monitoring'].",,"[""focused_attention"", ""exploratory_attention"", ""occluded_attention"", ""reduced_visual_availability"", ""mixed_attention""]",focused_attention,0.84,"[""visible_ratio=0.950"", ""gaze_shift_ratio=0.050"", ""occlusion_ratio=0.000"", ""eyes_closed_ratio=0.000"", ""mean_gaze_motion=41.25"", ""attention_stability_score=0.891"", ""max_visible_streak=46"", ""segments=5"", ""interactions=5""]","[""Interpretation is limited to annotation-derived behavior and not video context.""]",2026-04-06T15:39:30+00:00,childplay-behavior-v1,visible_ratio=0.950; gaze_shift_ratio=0.050; occlusion_ratio=0.000; eyes_closed_ratio=0.000; mean_gaze_motion=41.25; attention_stability_score=0.891; dominant_gaze_class=inside_visible; observed_frames=60
Cztb-0cliGA_4253-4312:person_2,Cztb-0cliGA_4253-4312,rule-based,rule-based,train,"Child gaze behavior summary. split=train, observed_frames=60, visible_ratio=0.000, on_screen_ratio=0.000, gaze_shift_ratio=0.000, occlusion_ratio=0.000, eyes_closed_ratio=0.000, mean_head_motion=3.83, mean_gaze_motion=0.00, attention_stability_score=0.300, dominant_gaze_class=inside_ambiguous, num_segments=1, num_interactions=1, segment_types=['uncertain'], interaction_events=['monitoring'].",,"[""focused_attention"", ""exploratory_attention"", ""occluded_attention"", ""reduced_visual_availability"", ""mixed_attention""]",mixed_attention,0.68,"[""visible_ratio=0.000"", ""gaze_shift_ratio=0.000"", ""occlusion_ratio=0.000"", ""eyes_closed_ratio=0.000"", ""mean_gaze_motion=0.00"", ""attention_stability_score=0.300"", ""max_visible_streak=0"", ""segments=1"", ""interactions=1""]","[""Interpretation is limited to annotation-derived behavior and not video context.""]",2026-04-06T15:39:30+00:00,childplay-behavior-v1,visible_ratio=0.000; gaze_shift_ratio=0.000; occlusion_ratio=0.000; eyes_closed_ratio=0.000; mean_gaze_motion=0.00; attention_stability_score=0.300; dominant_gaze_class=inside_ambiguous; observed_frames=60
Cztb-0cliGA_4330-4442:person_2,Cztb-0cliGA_4330-4442,rule-based,rule-based,train,"Child gaze behavior summary. split=train, observed_frames=113, visible_ratio=0.912, on_screen_ratio=0.912, gaze_shift_ratio=0.088, occlusion_ratio=0.000, eyes_closed_ratio=0.000, mean_head_motion=4.10, mean_gaze_motion=8.89, attention_stability_score=0.887, dominant_gaze_class=inside_visible, num_segments=6, num_interactions=7, segment_types=['stable', 'shift', 'stable', 'shift', 'stable', 'shift'], interaction_events=['monitoring', 'attention_shift', 'focused_attention', 'attention_shift', 'focused_attention', 'attention_shift', 'exploratory_behavior'].",,"[""focused_attention"", ""exploratory_attention"", ""occluded_attention"", ""reduced_visual_availability"", ""mixed_attention""]",focused_attention,0.84,"[""visible_ratio=0.912"", ""gaze_shift_ratio=0.088"", ""occlusion_ratio=0.000"", ""eyes_closed_ratio=0.000"", ""mean_gaze_motion=8.89"", ""attention_stability_score=0.887"", ""max_visible_streak=88"", ""segments=6"", ""interactions=7""]","[""Interpretation is limited to annotation-derived behavior and not video context.""]",2026-04-06T15:39:30+00:00,childplay-behavior-v1,visible_ratio=0.912; gaze_shift_ratio=0.088; occlusion_ratio=0.000; eyes_closed_ratio=0.000; mean_gaze_motion=8.89; attention_stability_score=0.887; dominant_gaze_class=inside_visible; observed_frames=113
Cztb-0cliGA_537-637:person_1,Cztb-0cliGA_537-637,rule-based,rule-based,train,"Child gaze behavior summary. split=train, observed_frames=101, visible_ratio=1.000, on_screen_ratio=1.000, gaze_shift_ratio=0.000, occlusion_ratio=0.000, eyes_closed_ratio=0.000, mean_head_motion=3.17, mean_gaze_motion=0.00, attention_stability_score=1.000, dominant_gaze_class=inside_visible, num_segments=1, num_interactions=1, segment_types=['stable'], interaction_events=['focused_attention'].",,"[""focused_attention"", ""exploratory_attention"", ""occluded_attention"", ""reduced_visual_availability"", ""mixed_attention""]",focused_attention,0.84,"[""visible_ratio=1.000"", ""gaze_shift_ratio=0.000"", ""occlusion_ratio=0.000"", ""eyes_closed_ratio=0.000"", ""mean_gaze_motion=0.00"", ""attention_stability_score=1.000"", ""max_visible_streak=101"", ""segments=1"", ""interactions=1""]","[""Interpretation is limited to annotation-derived behavior and not video context.""]",2026-04-06T15:39:30+00:00,childplay-behavior-v1,visible_ratio=1.000; gaze_shift_ratio=0.000; occlusion_ratio=0.000; eyes_closed_ratio=0.000; mean_gaze_motion=0.00; attention_stability_score=1.000; dominant_gaze_class=inside_visible; observed_frames=101
Cztb-0cliGA_887-958:person_1,Cztb-0cliGA_887-958,rule-based,rule-based,train,"Child gaze behavior summary. split=train, observed_frames=72, visible_ratio=0.903, on_screen_ratio=0.903, gaze_shift_ratio=0.097, occlusion_ratio=0.000, eyes_closed_ratio=0.000, mean_head_motion=1.16, mean_gaze_motion=25.46, attention_stability_score=0.839, dominant_gaze_class=inside_visible, num_segments=5, num_interactions=5, segment_types=['stable', 'shift', 'stable', 'shift', 'stable'], interaction_events=['monitoring', 'attention_shift', 'monitoring', 'attention_shift', 'focused_attention'].",,"[""focused_attention"", ""exploratory_attention"", ""occluded_attention"", ""reduced_visual_availability"", ""mixed_attention""]",focused_attention,0.84,"[""visible_ratio=0.903"", ""gaze_shift_ratio=0.097"", ""occlusion_ratio=0.000"", ""eyes_closed_ratio=0.000"", ""mean_gaze_motion=25.46"", ""attention_stability_score=0.839"", ""max_visible_streak=46"", ""segments=5"", ""interactions=5""]","[""Interpretation is limited to annotation-derived behavior and not video context.""]",2026-04-06T15:39:30+00:00,childplay-behavior-v1,visible_ratio=0.903; gaze_shift_ratio=0.097; occlusion_ratio=0.000; eyes_closed_ratio=0.000; mean_gaze_motion=25.46; attention_stability_score=0.839; dominant_gaze_class=inside_visible; observed_frames=72
Cztb-0cliGA_887-958:person_2,Cztb-0cliGA_887-958,rule-based,rule-based,train,"Child gaze behavior summary. split=train, observed_frames=72, visible_ratio=0.208, on_screen_ratio=0.208, gaze_shift_ratio=0.000, occlusion_ratio=0.000, eyes_closed_ratio=0.000, mean_head_motion=2.59, mean_gaze_motion=4.18, attention_stability_score=0.444, dominant_gaze_class=outside_frame, num_segments=2, num_interactions=2, segment_types=['stable', 'outside'], interaction_events=['monitoring', 'reduced_visual_availability'].",,"[""focused_attention"", ""exploratory_attention"", ""occluded_attention"", ""reduced_visual_availability"", ""mixed_attention""]",mixed_attention,0.68,"[""visible_ratio=0.208"", ""gaze_shift_ratio=0.000"", ""occlusion_ratio=0.000"", ""eyes_closed_ratio=0.000"", ""mean_gaze_motion=4.18"", ""attention_stability_score=0.444"", ""max_visible_streak=15"", ""segments=2"", ""interactions=2""]","[""Interpretation is limited to annotation-derived behavior and not video context.""]",2026-04-06T15:39:30+00:00,childplay-behavior-v1,visible_ratio=0.208; gaze_shift_ratio=0.000; occlusion_ratio=0.000; eyes_closed_ratio=0.000; mean_gaze_motion=4.18; attention_stability_score=0.444; dominant_gaze_class=outside_frame; observed_frames=72
DGls-Z4e6OI_10127-10377:person_1,DGls-Z4e6OI_10127-10377,rule-based,rule-based,train,"Child gaze behavior summary. split=train, observed_frames=251, visible_ratio=0.892, on_screen_ratio=0.892, gaze_shift_ratio=0.076, occlusion_ratio=0.000, eyes_closed_ratio=0.000, mean_head_motion=2.25, mean_gaze_motion=2.94, attention_stability_score=0.861, dominant_gaze_class=inside_visible, num_segments=5, num_interactions=5, segment_types=['stable', 'shift', 'uncertain', 'shift', 'stable'], interaction_events=['focused_attention', 'attention_shift', 'monitoring', 'attention_shift', 'focused_attention'].",,"[""focused_attention"", ""exploratory_attention"", ""occluded_attention"", ""reduced_visual_availability"", ""mixed_attention""]",focused_attention,0.84,"[""visible_ratio=0.892"", ""gaze_shift_ratio=0.076"", ""occlusion_ratio=0.000"", ""eyes_closed_ratio=0.000"", ""mean_gaze_motion=2.94"", ""attention_stability_score=0.861"", ""max_visible_streak=173"", ""segments=5"", ""interactions=5""]","[""Interpretation is limited to annotation-derived behavior and not video context.""]",2026-04-06T15:39:30+00:00,childplay-behavior-v1,visible_ratio=0.892; gaze_shift_ratio=0.076; occlusion_ratio=0.000; eyes_closed_ratio=0.000; mean_gaze_motion=2.94; attention_stability_score=0.861; dominant_gaze_class=inside_visible; observed_frames=251
DGls-Z4e6OI_11251-11528:person_1,DGls-Z4e6OI_11251-11528,rule-based,rule-based,train,"Child gaze behavior summary. split=train, observed_frames=278, visible_ratio=0.860, on_screen_ratio=0.860, gaze_shift_ratio=0.043, occlusion_ratio=0.000, eyes_closed_ratio=0.000, mean_head_motion=1.06, mean_gaze_motion=6.38, attention_stability_score=0.866, dominant_gaze_class=inside_visible, num_segments=7, num_interactions=8, segment_types=['stable', 'shift', 'outside', 'shift', 'stable', 'shift', 'stable'], interaction_events=['focused_attention', 'attention_shift', 'reduced_visual_availability', 'attention_shift', 'monitoring', 'attention_shift', 'monitoring', 'exploratory_behavior'].",,"[""focused_attention"", ""exploratory_attention"", ""occluded_attention"", ""reduced_visual_availability"", ""mixed_attention""]",focused_attention,0.84,"[""visible_ratio=0.860"", ""gaze_shift_ratio=0.043"", ""occlusion_ratio=0.000"", ""eyes_closed_ratio=0.000"", ""mean_gaze_motion=6.38"", ""attention_stability_score=0.866"", ""max_visible_streak=210"", ""segments=7"", ""interactions=8""]","[""Interpretation is limited to annotation-derived behavior and not video context.""]",2026-04-06T15:39:30+00:00,childplay-behavior-v1,visible_ratio=0.860; gaze_shift_ratio=0.043; occlusion_ratio=0.000; eyes_closed_ratio=0.000; mean_gaze_motion=6.38; attention_stability_score=0.866; dominant_gaze_class=inside_visible; observed_frames=278
DGls-Z4e6OI_11664-11753:person_1,DGls-Z4e6OI_11664-11753,rule-based,rule-based,train,"Child gaze behavior summary. split=train, observed_frames=90, visible_ratio=1.000, on_screen_ratio=1.000, gaze_shift_ratio=0.000, occlusion_ratio=0.000, eyes_closed_ratio=0.000, mean_head_motion=1.77, mean_gaze_motion=2.73, attention_stability_score=0.999, dominant_gaze_class=inside_visible, num_segments=1, num_interactions=1, segment_types=['stable'], interaction_events=['focused_attention'].",,"[""focused_attention"", ""exploratory_attention"", ""occluded_attention"", ""reduced_visual_availability"", ""mixed_attention""]",focused_attention,0.84,"[""visible_ratio=1.000"", ""gaze_shift_ratio=0.000"", ""occlusion_ratio=0.000"", ""eyes_closed_ratio=0.000"", ""mean_gaze_motion=2.73"", ""attention_stability_score=0.999"", ""max_visible_streak=90"", ""segments=1"", ""interactions=1""]","[""Interpretation is limited to annotation-derived behavior and not video context.""]",2026-04-06T15:39:30+00:00,childplay-behavior-v1,visible_ratio=1.000; gaze_shift_ratio=0.000; occlusion_ratio=0.000; eyes_closed_ratio=0.000; mean_gaze_motion=2.73; attention_stability_score=0.999; dominant_gaze_class=inside_visible; observed_frames=90
DGls-Z4e6OI_11664-11753:person_2,DGls-Z4e6OI_11664-11753,rule-based,rule-based,train,"Child gaze behavior summary. split=train, observed_frames=90, visible_ratio=0.689, on_screen_ratio=0.867, gaze_shift_ratio=0.000, occlusion_ratio=0.178, eyes_closed_ratio=0.000, mean_head_motion=6.04, mean_gaze_motion=3.39, attention_stability_score=0.750, dominant_gaze_class=inside_visible, num_segments=4, num_interactions=4, segment_types=['occluded', 'stable', 'uncertain', 'stable'], interaction_events=['reduced_visual_availability', 'monitoring', 'monitoring', 'focused_attention'].",,"[""focused_attention"", ""exploratory_attention"", ""occluded_attention"", ""reduced_visual_availability"", ""mixed_attention""]",mixed_attention,0.68,"[""visible_ratio=0.689"", ""gaze_shift_ratio=0.000"", ""occlusion_ratio=0.178"", ""eyes_closed_ratio=0.000"", ""mean_gaze_motion=3.39"", ""attention_stability_score=0.750"", ""max_visible_streak=51"", ""segments=4"", ""interactions=4""]","[""Interpretation is limited to annotation-derived behavior and not video context.""]",2026-04-06T15:39:30+00:00,childplay-behavior-v1,visible_ratio=0.689; gaze_shift_ratio=0.000; occlusion_ratio=0.178; eyes_closed_ratio=0.000; mean_gaze_motion=3.39; attention_stability_score=0.750; dominant_gaze_class=inside_visible; observed_frames=90
DGls-Z4e6OI_11755-11879:person_1,DGls-Z4e6OI_11755-11879,rule-based,rule-based,train,"Child gaze behavior summary. split=train, observed_frames=125, visible_ratio=1.000, on_screen_ratio=1.000, gaze_shift_ratio=0.000, occlusion_ratio=0.000, eyes_closed_ratio=0.000, mean_head_motion=1.95, mean_gaze_motion=2.39, attention_stability_score=0.999, dominant_gaze_class=inside_visible, num_segments=1, num_interactions=1, segment_types=['stable'], interaction_events=['focused_attention'].",,"[""focused_attention"", ""exploratory_attention"", ""occluded_attention"", ""reduced_visual_availability"", ""mixed_attention""]",focused_attention,0.84,"[""visible_ratio=1.000"", ""gaze_shift_ratio=0.000"", ""occlusion_ratio=0.000"", ""eyes_closed_ratio=0.000"", ""mean_gaze_motion=2.39"", ""attention_stability_score=0.999"", ""max_visible_streak=125"", ""segments=1"", ""interactions=1""]","[""Interpretation is limited to annotation-derived behavior and not video context.""]",2026-04-06T15:39:30+00:00,childplay-behavior-v1,visible_ratio=1.000; gaze_shift_ratio=0.000; occlusion_ratio=0.000; eyes_closed_ratio=0.000; mean_gaze_motion=2.39; attention_stability_score=0.999; dominant_gaze_class=inside_visible; observed_frames=125
DGls-Z4e6OI_12503-12693:person_1,DGls-Z4e6OI_12503-12693,rule-based,rule-based,train,"Child gaze behavior summary. split=train, observed_frames=191, visible_ratio=0.812, on_screen_ratio=0.812, gaze_shift_ratio=0.141, occlusion_ratio=0.000, eyes_closed_ratio=0.000, mean_head_motion=2.49, mean_gaze_motion=6.96, attention_stability_score=0.736, dominant_gaze_class=inside_visible, num_segments=8, num_interactions=9, segment_types=['outside', 'stable', 'shift', 'stable', 'shift', 'stable', 'shift', 'stable'], interaction_events=['reduced_visual_availability', 'focused_attention', 'attention_shift', 'focused_attention', 'attention_shift', 'monitoring', 'attention_shift', 'monitoring'].",,"[""focused_attention"", ""exploratory_attention"", ""occluded_attention"", ""reduced_visual_availability"", ""mixed_attention""]",mixed_attention,0.68,"[""visible_ratio=0.812"", ""gaze_shift_ratio=0.141"", ""occlusion_ratio=0.000"", ""eyes_closed_ratio=0.000"", ""mean_gaze_motion=6.96"", ""attention_stability_score=0.736"", ""max_visible_streak=73"", ""segments=8"", ""interactions=9""]","[""Interpretation is limited to annotation-derived behavior and not video context.""]",2026-04-06T15:39:30+00:00,childplay-behavior-v1,visible_ratio=0.812; gaze_shift_ratio=0.141; occlusion_ratio=0.000; eyes_closed_ratio=0.000; mean_gaze_motion=6.96; attention_stability_score=0.736; dominant_gaze_class=inside_visible; observed_frames=191
DGls-Z4e6OI_12503-12693:person_2,DGls-Z4e6OI_12503-12693,rule-based,rule-based,train,"Child gaze behavior summary. split=train, observed_frames=185, visible_ratio=0.373, on_screen_ratio=0.730, gaze_shift_ratio=0.065, occlusion_ratio=0.357, eyes_closed_ratio=0.000, mean_head_motion=4.30, mean_gaze_motion=8.38, attention_stability_score=0.547, dominant_gaze_class=inside_visible, num_segments=4, num_interactions=4, segment_types=['occluded', 'stable', 'shift', 'outside'], interaction_events=['reduced_visual_availability', 'focused_attention', 'attention_shift', 'reduced_visual_availability'].",,"[""focused_attention"", ""exploratory_attention"", ""occluded_attention"", ""reduced_visual_availability"", ""mixed_attention""]",occluded_attention,0.74,"[""visible_ratio=0.373"", ""gaze_shift_ratio=0.065"", ""occlusion_ratio=0.357"", ""eyes_closed_ratio=0.000"", ""mean_gaze_motion=8.38"", ""attention_stability_score=0.547"", ""max_visible_streak=69"", ""segments=4"", ""interactions=4""]","[""Interpretation is partially limited by occluded or uncertain gaze frames.""]",2026-04-06T15:39:30+00:00,childplay-behavior-v1,visible_ratio=0.373; gaze_shift_ratio=0.065; occlusion_ratio=0.357; eyes_closed_ratio=0.000; mean_gaze_motion=8.38; attention_stability_score=0.547; dominant_gaze_class=inside_visible; observed_frames=185
DGls-Z4e6OI_14779-14977:person_1,DGls-Z4e6OI_14779-14977,rule-based,rule-based,train,"Child gaze behavior summary. split=train, observed_frames=199, visible_ratio=0.342, on_screen_ratio=0.342, gaze_shift_ratio=0.156, occlusion_ratio=0.000, eyes_closed_ratio=0.000, mean_head_motion=2.95, mean_gaze_motion=2.95, attention_stability_score=0.480, dominant_gaze_class=outside_frame, num_segments=9, num_interactions=10, segment_types=['outside', 'shift', 'stable', 'shift', 'outside', 'shift', 'stable', 'shift'], interaction_events=['reduced_visual_availability', 'attention_shift', 'focused_attention', 'attention_shift', 'reduced_visual_availability', 'attention_shift', 'focused_attention', 'attention_shift'].",,"[""focused_attention"", ""exploratory_attention"", ""occluded_attention"", ""reduced_visual_availability"", ""mixed_attention""]",mixed_attention,0.68,"[""visible_ratio=0.342"", ""gaze_shift_ratio=0.156"", ""occlusion_ratio=0.000"", ""eyes_closed_ratio=0.000"", ""mean_gaze_motion=2.95"", ""attention_stability_score=0.480"", ""max_visible_streak=41"", ""segments=9"", ""interactions=10""]","[""Interpretation is limited to annotation-derived behavior and not video context.""]",2026-04-06T15:39:30+00:00,childplay-behavior-v1,visible_ratio=0.342; gaze_shift_ratio=0.156; occlusion_ratio=0.000; eyes_closed_ratio=0.000; mean_gaze_motion=2.95; attention_stability_score=0.480; dominant_gaze_class=outside_frame; observed_frames=199
DGls-Z4e6OI_15025-15289:person_1,DGls-Z4e6OI_15025-15289,rule-based,rule-based,train,"Child gaze behavior summary. split=train, observed_frames=265, visible_ratio=0.872, on_screen_ratio=0.872, gaze_shift_ratio=0.000, occlusion_ratio=0.000, eyes_closed_ratio=0.000, mean_head_motion=0.86, mean_gaze_motion=2.44, attention_stability_score=0.909, dominant_gaze_class=inside_visible, num_segments=4, num_interactions=4, segment_types=['stable', 'shift', 'stable', 'outside'], interaction_events=['focused_attention', 'attention_shift', 'focused_attention', 'reduced_visual_availability'].",,"[""focused_attention"", ""exploratory_attention"", ""occluded_attention"", ""reduced_visual_availability"", ""mixed_attention""]",focused_attention,0.84,"[""visible_ratio=0.872"", ""gaze_shift_ratio=0.000"", ""occlusion_ratio=0.000"", ""eyes_closed_ratio=0.000"", ""mean_gaze_motion=2.44"", ""attention_stability_score=0.909"", ""max_visible_streak=231"", ""segments=4"", ""interactions=4""]","[""Interpretation is limited to annotation-derived behavior and not video context.""]",2026-04-06T15:39:30+00:00,childplay-behavior-v1,visible_ratio=0.872; gaze_shift_ratio=0.000; occlusion_ratio=0.000; eyes_closed_ratio=0.000; mean_gaze_motion=2.44; attention_stability_score=0.909; dominant_gaze_class=inside_visible; observed_frames=265
DGls-Z4e6OI_15291-15496:person_1,DGls-Z4e6OI_15291-15496,rule-based,rule-based,train,"Child gaze behavior summary. split=train, observed_frames=206, visible_ratio=1.000, on_screen_ratio=1.000, gaze_shift_ratio=0.000, occlusion_ratio=0.000, eyes_closed_ratio=0.000, mean_head_motion=0.60, mean_gaze_motion=2.65, attention_stability_score=0.999, dominant_gaze_class=inside_visible, num_segments=1, num_interactions=1, segment_types=['stable'], interaction_events=['focused_attention'].",,"[""focused_attention"", ""exploratory_attention"", ""occluded_attention"", ""reduced_visual_availability"", ""mixed_attention""]",focused_attention,0.84,"[""visible_ratio=1.000"", ""gaze_shift_ratio=0.000"", ""occlusion_ratio=0.000"", ""eyes_closed_ratio=0.000"", ""mean_gaze_motion=2.65"", ""attention_stability_score=0.999"", ""max_visible_streak=206"", ""segments=1"", ""interactions=1""]","[""Interpretation is limited to annotation-derived behavior and not video context.""]",2026-04-06T15:39:30+00:00,childplay-behavior-v1,visible_ratio=1.000; gaze_shift_ratio=0.000; occlusion_ratio=0.000; eyes_closed_ratio=0.000; mean_gaze_motion=2.65; attention_stability_score=0.999; dominant_gaze_class=inside_visible; observed_frames=206
DGls-Z4e6OI_15498-15721:person_1,DGls-Z4e6OI_15498-15721,rule-based,rule-based,train,"Child gaze behavior summary. split=train, observed_frames=224, visible_ratio=0.973, on_screen_ratio=0.973, gaze_shift_ratio=0.027, occlusion_ratio=0.000, eyes_closed_ratio=0.000, mean_head_motion=1.31, mean_gaze_motion=2.64, attention_stability_score=0.897, dominant_gaze_class=inside_visible, num_segments=3, num_interactions=3, segment_types=['stable', 'shift', 'stable'], interaction_events=['focused_attention', 'attention_shift', 'focused_attention'].",,"[""focused_attention"", ""exploratory_attention"", ""occluded_attention"", ""reduced_visual_availability"", ""mixed_attention""]",focused_attention,0.84,"[""visible_ratio=0.973"", ""gaze_shift_ratio=0.027"", ""occlusion_ratio=0.000"", ""eyes_closed_ratio=0.000"", ""mean_gaze_motion=2.64"", ""attention_stability_score=0.897"", ""max_visible_streak=147"", ""segments=3"", ""interactions=3""]","[""Interpretation is limited to annotation-derived behavior and not video context.""]",2026-04-06T15:39:30+00:00,childplay-behavior-v1,visible_ratio=0.973; gaze_shift_ratio=0.027; occlusion_ratio=0.000; eyes_closed_ratio=0.000; mean_gaze_motion=2.64; attention_stability_score=0.897; dominant_gaze_class=inside_visible; observed_frames=224
DGls-Z4e6OI_15498-15721:person_2,DGls-Z4e6OI_15498-15721,rule-based,rule-based,train,"Child gaze behavior summary. split=train, observed_frames=224, visible_ratio=0.621, on_screen_ratio=0.888, gaze_shift_ratio=0.112, occlusion_ratio=0.268, eyes_closed_ratio=0.000, mean_head_motion=0.87, mean_gaze_motion=2.62, attention_stability_score=0.674, dominant_gaze_class=inside_visible, num_segments=5, num_interactions=5, segment_types=['occluded', 'shift', 'stable', 'shift', 'stable'], interaction_events=['reduced_visual_availability', 'attention_shift', 'focused_attention', 'attention_shift', 'focused_attention'].",,"[""focused_attention"", ""exploratory_attention"", ""occluded_attention"", ""reduced_visual_availability"", ""mixed_attention""]",mixed_attention,0.68,"[""visible_ratio=0.621"", ""gaze_shift_ratio=0.112"", ""occlusion_ratio=0.268"", ""eyes_closed_ratio=0.000"", ""mean_gaze_motion=2.62"", ""attention_stability_score=0.674"", ""max_visible_streak=101"", ""segments=5"", ""interactions=5""]","[""Interpretation is partially limited by occluded or uncertain gaze frames.""]",2026-04-06T15:39:30+00:00,childplay-behavior-v1,visible_ratio=0.621; gaze_shift_ratio=0.112; occlusion_ratio=0.268; eyes_closed_ratio=0.000; mean_gaze_motion=2.62; attention_stability_score=0.674; dominant_gaze_class=inside_visible; observed_frames=224
DGls-Z4e6OI_15723-15861:person_1,DGls-Z4e6OI_15723-15861,rule-based,rule-based,train,"Child gaze behavior summary. split=train, observed_frames=139, visible_ratio=0.971, on_screen_ratio=0.971, gaze_shift_ratio=0.029, occlusion_ratio=0.000, eyes_closed_ratio=0.000, mean_head_motion=1.23, mean_gaze_motion=11.97, attention_stability_score=0.847, dominant_gaze_class=inside_visible, num_segments=7, num_interactions=8, segment_types=['stable', 'shift', 'stable', 'shift', 'stable', 'shift', 'stable'], interaction_events=['focused_attention', 'attention_shift', 'monitoring', 'attention_shift', 'monitoring', 'attention_shift', 'focused_attention', 'exploratory_behavior'].",,"[""focused_attention"", ""exploratory_attention"", ""occluded_attention"", ""reduced_visual_availability"", ""mixed_attention""]",focused_attention,0.84,"[""visible_ratio=0.971"", ""gaze_shift_ratio=0.029"", ""occlusion_ratio=0.000"", ""eyes_closed_ratio=0.000"", ""mean_gaze_motion=11.97"", ""attention_stability_score=0.847"", ""max_visible_streak=67"", ""segments=7"", ""interactions=8""]","[""Interpretation is limited to annotation-derived behavior and not video context.""]",2026-04-06T15:39:30+00:00,childplay-behavior-v1,visible_ratio=0.971; gaze_shift_ratio=0.029; occlusion_ratio=0.000; eyes_closed_ratio=0.000; mean_gaze_motion=11.97; attention_stability_score=0.847; dominant_gaze_class=inside_visible; observed_frames=139
DGls-Z4e6OI_15951-16031:person_1,DGls-Z4e6OI_15951-16031,rule-based,rule-based,train,"Child gaze behavior summary. split=train, observed_frames=81, visible_ratio=1.000, on_screen_ratio=1.000, gaze_shift_ratio=0.000, occlusion_ratio=0.000, eyes_closed_ratio=0.000, mean_head_motion=0.19, mean_gaze_motion=15.77, attention_stability_score=0.992, dominant_gaze_class=inside_visible, num_segments=5, num_interactions=5, segment_types=['stable', 'shift', 'stable', 'shift', 'stable'], interaction_events=['monitoring', 'attention_shift', 'monitoring', 'attention_shift', 'focused_attention'].",,"[""focused_attention"", ""exploratory_attention"", ""occluded_attention"", ""reduced_visual_availability"", ""mixed_attention""]",focused_attention,0.84,"[""visible_ratio=1.000"", ""gaze_shift_ratio=0.000"", ""occlusion_ratio=0.000"", ""eyes_closed_ratio=0.000"", ""mean_gaze_motion=15.77"", ""attention_stability_score=0.992"", ""max_visible_streak=81"", ""segments=5"", ""interactions=5""]","[""Interpretation is limited to annotation-derived behavior and not video context.""]",2026-04-06T15:39:30+00:00,childplay-behavior-v1,visible_ratio=1.000; gaze_shift_ratio=0.000; occlusion_ratio=0.000; eyes_closed_ratio=0.000; mean_gaze_motion=15.77; attention_stability_score=0.992; dominant_gaze_class=inside_visible; observed_frames=81
DGls-Z4e6OI_16145-16202:person_1,DGls-Z4e6OI_16145-16202,rule-based,rule-based,train,"Child gaze behavior summary. split=train, observed_frames=58, visible_ratio=0.879, on_screen_ratio=0.879, gaze_shift_ratio=0.121, occlusion_ratio=0.000, eyes_closed_ratio=0.000, mean_head_motion=1.93, mean_gaze_motion=9.48, attention_stability_score=0.884, dominant_gaze_class=inside_visible, num_segments=3, num_interactions=3, segment_types=['stable', 'shift', 'stable'], interaction_events=['focused_attention', 'attention_shift', 'monitoring'].",,"[""focused_attention"", ""exploratory_attention"", ""occluded_attention"", ""reduced_visual_availability"", ""mixed_attention""]",mixed_attention,0.68,"[""visible_ratio=0.879"", ""gaze_shift_ratio=0.121"", ""occlusion_ratio=0.000"", ""eyes_closed_ratio=0.000"", ""mean_gaze_motion=9.48"", ""attention_stability_score=0.884"", ""max_visible_streak=49"", ""segments=3"", ""interactions=3""]","[""Short clips provide less temporal evidence than longer sequences.""]",2026-04-06T15:39:30+00:00,childplay-behavior-v1,visible_ratio=0.879; gaze_shift_ratio=0.121; occlusion_ratio=0.000; eyes_closed_ratio=0.000; mean_gaze_motion=9.48; attention_stability_score=0.884; dominant_gaze_class=inside_visible; observed_frames=58
DGls-Z4e6OI_16204-16323:person_1,DGls-Z4e6OI_16204-16323,rule-based,rule-based,train,"Child gaze behavior summary. split=train, observed_frames=120, visible_ratio=1.000, on_screen_ratio=1.000, gaze_shift_ratio=0.000, occlusion_ratio=0.000, eyes_closed_ratio=0.000, mean_head_motion=0.71, mean_gaze_motion=1.04, attention_stability_score=0.999, dominant_gaze_class=inside_visible, num_segments=1, num_interactions=1, segment_types=['stable'], interaction_events=['focused_attention'].",,"[""focused_attention"", ""exploratory_attention"", ""occluded_attention"", ""reduced_visual_availability"", ""mixed_attention""]",focused_attention,0.84,"[""visible_ratio=1.000"", ""gaze_shift_ratio=0.000"", ""occlusion_ratio=0.000"", ""eyes_closed_ratio=0.000"", ""mean_gaze_motion=1.04"", ""attention_stability_score=0.999"", ""max_visible_streak=120"", ""segments=1"", ""interactions=1""]","[""Interpretation is limited to annotation-derived behavior and not video context.""]",2026-04-06T15:39:30+00:00,childplay-behavior-v1,visible_ratio=1.000; gaze_shift_ratio=0.000; occlusion_ratio=0.000; eyes_closed_ratio=0.000; mean_gaze_motion=1.04; attention_stability_score=0.999; dominant_gaze_class=inside_visible; observed_frames=120
DGls-Z4e6OI_16325-16461:person_1,DGls-Z4e6OI_16325-16461,rule-based,rule-based,train,"Child gaze behavior summary. split=train, observed_frames=137, visible_ratio=0.832, on_screen_ratio=0.832, gaze_shift_ratio=0.029, occlusion_ratio=0.000, eyes_closed_ratio=0.000, mean_head_motion=1.48, mean_gaze_motion=0.84, attention_stability_score=0.841, dominant_gaze_class=inside_visible, num_segments=4, num_interactions=4, segment_types=['stable', 'shift', 'uncertain', 'stable'], interaction_events=['monitoring', 'attention_shift', 'monitoring', 'focused_attention'].",,"[""focused_attention"", ""exploratory_attention"", ""occluded_attention"", ""reduced_visual_availability"", ""mixed_attention""]",focused_attention,0.84,"[""visible_ratio=0.832"", ""gaze_shift_ratio=0.029"", ""occlusion_ratio=0.000"", ""eyes_closed_ratio=0.000"", ""mean_gaze_motion=0.84"", ""attention_stability_score=0.841"", ""max_visible_streak=94"", ""segments=4"", ""interactions=4""]","[""Interpretation is limited to annotation-derived behavior and not video context.""]",2026-04-06T15:39:30+00:00,childplay-behavior-v1,visible_ratio=0.832; gaze_shift_ratio=0.029; occlusion_ratio=0.000; eyes_closed_ratio=0.000; mean_gaze_motion=0.84; attention_stability_score=0.841; dominant_gaze_class=inside_visible; observed_frames=137
DGls-Z4e6OI_16463-17068:person_2,DGls-Z4e6OI_16463-17068,rule-based,rule-based,train,"Child gaze behavior summary. split=train, observed_frames=574, visible_ratio=0.739, on_screen_ratio=0.754, gaze_shift_ratio=0.068, occlusion_ratio=0.016, eyes_closed_ratio=0.000, mean_head_motion=3.62, mean_gaze_motion=12.31, attention_stability_score=0.716, dominant_gaze_class=inside_visible, num_segments=19, num_interactions=20, segment_types=['stable', 'shift', 'stable', 'shift', 'stable', 'shift', 'stable', 'shift'], interaction_events=['monitoring', 'attention_shift', 'monitoring', 'attention_shift', 'focused_attention', 'attention_shift', 'focused_attention', 'attention_shift'].",,"[""focused_attention"", ""exploratory_attention"", ""occluded_attention"", ""reduced_visual_availability"", ""mixed_attention""]",mixed_attention,0.68,"[""visible_ratio=0.739"", ""gaze_shift_ratio=0.068"", ""occlusion_ratio=0.016"", ""eyes_closed_ratio=0.000"", ""mean_gaze_motion=12.31"", ""attention_stability_score=0.716"", ""max_visible_streak=229"", ""segments=19"", ""interactions=20""]","[""Interpretation is limited to annotation-derived behavior and not video context.""]",2026-04-06T15:39:30+00:00,childplay-behavior-v1,visible_ratio=0.739; gaze_shift_ratio=0.068; occlusion_ratio=0.016; eyes_closed_ratio=0.000; mean_gaze_motion=12.31; attention_stability_score=0.716; dominant_gaze_class=inside_visible; observed_frames=574
DGls-Z4e6OI_17098-17490:person_2,DGls-Z4e6OI_17098-17490,rule-based,rule-based,train,"Child gaze behavior summary. split=train, observed_frames=393, visible_ratio=0.896, on_screen_ratio=0.947, gaze_shift_ratio=0.053, occlusion_ratio=0.051, eyes_closed_ratio=0.000, mean_head_motion=1.89, mean_gaze_motion=9.71, attention_stability_score=0.763, dominant_gaze_class=inside_visible, num_segments=19, num_interactions=20, segment_types=['stable', 'occluded', 'stable', 'occluded', 'stable', 'shift', 'stable', 'shift'], interaction_events=['monitoring', 'reduced_visual_availability', 'focused_attention', 'reduced_visual_availability', 'focused_attention', 'attention_shift', 'focused_attention', 'attention_shift'].",,"[""focused_attention"", ""exploratory_attention"", ""occluded_attention"", ""reduced_visual_availability"", ""mixed_attention""]",focused_attention,0.84,"[""visible_ratio=0.896"", ""gaze_shift_ratio=0.053"", ""occlusion_ratio=0.051"", ""eyes_closed_ratio=0.000"", ""mean_gaze_motion=9.71"", ""attention_stability_score=0.763"", ""max_visible_streak=115"", ""segments=19"", ""interactions=20""]","[""Interpretation is limited to annotation-derived behavior and not video context.""]",2026-04-06T15:39:30+00:00,childplay-behavior-v1,visible_ratio=0.896; gaze_shift_ratio=0.053; occlusion_ratio=0.051; eyes_closed_ratio=0.000; mean_gaze_motion=9.71; attention_stability_score=0.763; dominant_gaze_class=inside_visible; observed_frames=393
DGls-Z4e6OI_1936-2401:person_1,DGls-Z4e6OI_1936-2401,rule-based,rule-based,train,"Child gaze behavior summary. split=train, observed_frames=466, visible_ratio=0.725, on_screen_ratio=0.790, gaze_shift_ratio=0.043, occlusion_ratio=0.064, eyes_closed_ratio=0.000, mean_head_motion=0.33, mean_gaze_motion=4.36, attention_stability_score=0.781, dominant_gaze_class=inside_visible, num_segments=9, num_interactions=10, segment_types=['occluded', 'shift', 'stable', 'shift', 'stable', 'shift', 'outside', 'stable'], interaction_events=['reduced_visual_availability', 'attention_shift', 'focused_attention', 'attention_shift', 'monitoring', 'attention_shift', 'reduced_visual_availability', 'monitoring'].",,"[""focused_attention"", ""exploratory_attention"", ""occluded_attention"", ""reduced_visual_availability"", ""mixed_attention""]",mixed_attention,0.68,"[""visible_ratio=0.725"", ""gaze_shift_ratio=0.043"", ""occlusion_ratio=0.064"", ""eyes_closed_ratio=0.000"", ""mean_gaze_motion=4.36"", ""attention_stability_score=0.781"", ""max_visible_streak=304"", ""segments=9"", ""interactions=10""]","[""Interpretation is limited to annotation-derived behavior and not video context.""]",2026-04-06T15:39:30+00:00,childplay-behavior-v1,visible_ratio=0.725; gaze_shift_ratio=0.043; occlusion_ratio=0.064; eyes_closed_ratio=0.000; mean_gaze_motion=4.36; attention_stability_score=0.781; dominant_gaze_class=inside_visible; observed_frames=466
DGls-Z4e6OI_1936-2401:person_2,DGls-Z4e6OI_1936-2401,rule-based,rule-based,train,"Child gaze behavior summary. split=train, observed_frames=466, visible_ratio=0.948, on_screen_ratio=0.948, gaze_shift_ratio=0.052, occlusion_ratio=0.000, eyes_closed_ratio=0.000, mean_head_motion=0.70, mean_gaze_motion=3.66, attention_stability_score=0.845, dominant_gaze_class=inside_visible, num_segments=15, num_interactions=16, segment_types=['stable', 'shift', 'stable', 'shift', 'stable', 'shift', 'stable', 'shift'], interaction_events=['focused_attention', 'attention_shift', 'focused_attention', 'attention_shift', 'focused_attention', 'attention_shift', 'monitoring', 'attention_shift'].",,"[""focused_attention"", ""exploratory_attention"", ""occluded_attention"", ""reduced_visual_availability"", ""mixed_attention""]",focused_attention,0.84,"[""visible_ratio=0.948"", ""gaze_shift_ratio=0.052"", ""occlusion_ratio=0.000"", ""eyes_closed_ratio=0.000"", ""mean_gaze_motion=3.66"", ""attention_stability_score=0.845"", ""max_visible_streak=239"", ""segments=15"", ""interactions=16""]","[""Interpretation is limited to annotation-derived behavior and not video context.""]",2026-04-06T15:39:30+00:00,childplay-behavior-v1,visible_ratio=0.948; gaze_shift_ratio=0.052; occlusion_ratio=0.000; eyes_closed_ratio=0.000; mean_gaze_motion=3.66; attention_stability_score=0.845; dominant_gaze_class=inside_visible; observed_frames=466
DGls-Z4e6OI_20210-20288:person_2,DGls-Z4e6OI_20210-20288,rule-based,rule-based,train,"Child gaze behavior summary. split=train, observed_frames=79, visible_ratio=1.000, on_screen_ratio=1.000, gaze_shift_ratio=0.000, occlusion_ratio=0.000, eyes_closed_ratio=0.000, mean_head_motion=0.81, mean_gaze_motion=4.01, attention_stability_score=0.998, dominant_gaze_class=inside_visible, num_segments=1, num_interactions=1, segment_types=['stable'], interaction_events=['focused_attention'].",,"[""focused_attention"", ""exploratory_attention"", ""occluded_attention"", ""reduced_visual_availability"", ""mixed_attention""]",focused_attention,0.84,"[""visible_ratio=1.000"", ""gaze_shift_ratio=0.000"", ""occlusion_ratio=0.000"", ""eyes_closed_ratio=0.000"", ""mean_gaze_motion=4.01"", ""attention_stability_score=0.998"", ""max_visible_streak=79"", ""segments=1"", ""interactions=1""]","[""Interpretation is limited to annotation-derived behavior and not video context.""]",2026-04-06T15:39:30+00:00,childplay-behavior-v1,visible_ratio=1.000; gaze_shift_ratio=0.000; occlusion_ratio=0.000; eyes_closed_ratio=0.000; mean_gaze_motion=4.01; attention_stability_score=0.998; dominant_gaze_class=inside_visible; observed_frames=79
DGls-Z4e6OI_20290-20419:person_1,DGls-Z4e6OI_20290-20419,rule-based,rule-based,train,"Child gaze behavior summary. split=train, observed_frames=130, visible_ratio=0.815, on_screen_ratio=0.815, gaze_shift_ratio=0.146, occlusion_ratio=0.000, eyes_closed_ratio=0.000, mean_head_motion=2.45, mean_gaze_motion=11.54, attention_stability_score=0.735, dominant_gaze_class=inside_visible, num_segments=6, num_interactions=6, segment_types=['stable', 'shift', 'outside', 'stable', 'shift', 'stable'], interaction_events=['focused_attention', 'attention_shift', 'reduced_visual_availability', 'monitoring', 'attention_shift', 'focused_attention'].",,"[""focused_attention"", ""exploratory_attention"", ""occluded_attention"", ""reduced_visual_availability"", ""mixed_attention""]",mixed_attention,0.68,"[""visible_ratio=0.815"", ""gaze_shift_ratio=0.146"", ""occlusion_ratio=0.000"", ""eyes_closed_ratio=0.000"", ""mean_gaze_motion=11.54"", ""attention_stability_score=0.735"", ""max_visible_streak=50"", ""segments=6"", ""interactions=6""]","[""Interpretation is limited to annotation-derived behavior and not video context.""]",2026-04-06T15:39:30+00:00,childplay-behavior-v1,visible_ratio=0.815; gaze_shift_ratio=0.146; occlusion_ratio=0.000; eyes_closed_ratio=0.000; mean_gaze_motion=11.54; attention_stability_score=0.735; dominant_gaze_class=inside_visible; observed_frames=130
DGls-Z4e6OI_20453-20628:person_1,DGls-Z4e6OI_20453-20628,rule-based,rule-based,train,"Child gaze behavior summary. split=train, observed_frames=176, visible_ratio=0.960, on_screen_ratio=0.960, gaze_shift_ratio=0.000, occlusion_ratio=0.000, eyes_closed_ratio=0.000, mean_head_motion=4.97, mean_gaze_motion=22.52, attention_stability_score=0.924, dominant_gaze_class=inside_visible, num_segments=15, num_interactions=16, segment_types=['stable', 'shift', 'stable', 'shift', 'stable', 'outside', 'stable', 'shift'], interaction_events=['monitoring', 'attention_shift', 'monitoring', 'attention_shift', 'monitoring', 'reduced_visual_availability', 'focused_attention', 'attention_shift'].",,"[""focused_attention"", ""exploratory_attention"", ""occluded_attention"", ""reduced_visual_availability"", ""mixed_attention""]",focused_attention,0.84,"[""visible_ratio=0.960"", ""gaze_shift_ratio=0.000"", ""occlusion_ratio=0.000"", ""eyes_closed_ratio=0.000"", ""mean_gaze_motion=22.52"", ""attention_stability_score=0.924"", ""max_visible_streak=143"", ""segments=15"", ""interactions=16""]","[""Interpretation is limited to annotation-derived behavior and not video context.""]",2026-04-06T15:39:30+00:00,childplay-behavior-v1,visible_ratio=0.960; gaze_shift_ratio=0.000; occlusion_ratio=0.000; eyes_closed_ratio=0.000; mean_gaze_motion=22.52; attention_stability_score=0.924; dominant_gaze_class=inside_visible; observed_frames=176
DGls-Z4e6OI_20453-20628:person_2,DGls-Z4e6OI_20453-20628,rule-based,rule-based,train,"Child gaze behavior summary. split=train, observed_frames=176, visible_ratio=0.665, on_screen_ratio=0.773, gaze_shift_ratio=0.040, occlusion_ratio=0.108, eyes_closed_ratio=0.000, mean_head_motion=3.70, mean_gaze_motion=22.14, attention_stability_score=0.667, dominant_gaze_class=inside_visible, num_segments=17, num_interactions=18, segment_types=['stable', 'shift', 'stable', 'shift', 'stable', 'shift', 'stable', 'shift'], interaction_events=['monitoring', 'attention_shift', 'monitoring', 'attention_shift', 'monitoring', 'attention_shift', 'monitoring', 'attention_shift'].",,"[""focused_attention"", ""exploratory_attention"", ""occluded_attention"", ""reduced_visual_availability"", ""mixed_attention""]",mixed_attention,0.68,"[""visible_ratio=0.665"", ""gaze_shift_ratio=0.040"", ""occlusion_ratio=0.108"", ""eyes_closed_ratio=0.000"", ""mean_gaze_motion=22.14"", ""attention_stability_score=0.667"", ""max_visible_streak=60"", ""segments=17"", ""interactions=18""]","[""Interpretation is limited to annotation-derived behavior and not video context.""]",2026-04-06T15:39:30+00:00,childplay-behavior-v1,visible_ratio=0.665; gaze_shift_ratio=0.040; occlusion_ratio=0.108; eyes_closed_ratio=0.000; mean_gaze_motion=22.14; attention_stability_score=0.667; dominant_gaze_class=inside_visible; observed_frames=176
DGls-Z4e6OI_21052-21203:person_1,DGls-Z4e6OI_21052-21203,rule-based,rule-based,train,"Child gaze behavior summary. split=train, observed_frames=152, visible_ratio=0.829, on_screen_ratio=0.908, gaze_shift_ratio=0.092, occlusion_ratio=0.079, eyes_closed_ratio=0.000, mean_head_motion=3.90, mean_gaze_motion=24.15, attention_stability_score=0.747, dominant_gaze_class=inside_visible, num_segments=15, num_interactions=16, segment_types=['stable', 'shift', 'stable', 'shift', 'stable', 'shift', 'stable', 'occluded'], interaction_events=['monitoring', 'attention_shift', 'monitoring', 'attention_shift', 'monitoring', 'attention_shift', 'focused_attention', 'reduced_visual_availability'].",,"[""focused_attention"", ""exploratory_attention"", ""occluded_attention"", ""reduced_visual_availability"", ""mixed_attention""]",focused_attention,0.84,"[""visible_ratio=0.829"", ""gaze_shift_ratio=0.092"", ""occlusion_ratio=0.079"", ""eyes_closed_ratio=0.000"", ""mean_gaze_motion=24.15"", ""attention_stability_score=0.747"", ""max_visible_streak=61"", ""segments=15"", ""interactions=16""]","[""Interpretation is limited to annotation-derived behavior and not video context.""]",2026-04-06T15:39:30+00:00,childplay-behavior-v1,visible_ratio=0.829; gaze_shift_ratio=0.092; occlusion_ratio=0.079; eyes_closed_ratio=0.000; mean_gaze_motion=24.15; attention_stability_score=0.747; dominant_gaze_class=inside_visible; observed_frames=152
DGls-Z4e6OI_21052-21203:person_2,DGls-Z4e6OI_21052-21203,rule-based,rule-based,train,"Child gaze behavior summary. split=train, observed_frames=139, visible_ratio=0.633, on_screen_ratio=0.633, gaze_shift_ratio=0.022, occlusion_ratio=0.000, eyes_closed_ratio=0.000, mean_head_motion=2.19, mean_gaze_motion=2.52, attention_stability_score=0.669, dominant_gaze_class=inside_visible, num_segments=6, num_interactions=6, segment_types=['stable', 'shift', 'stable', 'outside', 'stable', 'shift'], interaction_events=['focused_attention', 'attention_shift', 'monitoring', 'reduced_visual_availability', 'focused_attention', 'attention_shift'].",,"[""focused_attention"", ""exploratory_attention"", ""occluded_attention"", ""reduced_visual_availability"", ""mixed_attention""]",mixed_attention,0.68,"[""visible_ratio=0.633"", ""gaze_shift_ratio=0.022"", ""occlusion_ratio=0.000"", ""eyes_closed_ratio=0.000"", ""mean_gaze_motion=2.52"", ""attention_stability_score=0.669"", ""max_visible_streak=49"", ""segments=6"", ""interactions=6""]","[""Interpretation is limited to annotation-derived behavior and not video context.""]",2026-04-06T15:39:30+00:00,childplay-behavior-v1,visible_ratio=0.633; gaze_shift_ratio=0.022; occlusion_ratio=0.000; eyes_closed_ratio=0.000; mean_gaze_motion=2.52; attention_stability_score=0.669; dominant_gaze_class=inside_visible; observed_frames=139
DGls-Z4e6OI_22806-23096:person_2,DGls-Z4e6OI_22806-23096,rule-based,rule-based,train,"Child gaze behavior summary. split=train, observed_frames=291, visible_ratio=0.849, on_screen_ratio=0.849, gaze_shift_ratio=0.096, occlusion_ratio=0.000, eyes_closed_ratio=0.000, mean_head_motion=0.93, mean_gaze_motion=7.48, attention_stability_score=0.766, dominant_gaze_class=inside_visible, num_segments=11, num_interactions=12, segment_types=['stable', 'shift', 'stable', 'shift', 'stable', 'shift', 'uncertain', 'shift'], interaction_events=['focused_attention', 'attention_shift', 'monitoring', 'attention_shift', 'monitoring', 'attention_shift', 'monitoring', 'attention_shift'].",,"[""focused_attention"", ""exploratory_attention"", ""occluded_attention"", ""reduced_visual_availability"", ""mixed_attention""]",focused_attention,0.84,"[""visible_ratio=0.849"", ""gaze_shift_ratio=0.096"", ""occlusion_ratio=0.000"", ""eyes_closed_ratio=0.000"", ""mean_gaze_motion=7.48"", ""attention_stability_score=0.766"", ""max_visible_streak=119"", ""segments=11"", ""interactions=12""]","[""Interpretation is limited to annotation-derived behavior and not video context.""]",2026-04-06T15:39:30+00:00,childplay-behavior-v1,visible_ratio=0.849; gaze_shift_ratio=0.096; occlusion_ratio=0.000; eyes_closed_ratio=0.000; mean_gaze_motion=7.48; attention_stability_score=0.766; dominant_gaze_class=inside_visible; observed_frames=291
DGls-Z4e6OI_3182-3491:person_2,DGls-Z4e6OI_3182-3491,rule-based,rule-based,train,"Child gaze behavior summary. split=train, observed_frames=250, visible_ratio=0.708, on_screen_ratio=0.932, gaze_shift_ratio=0.000, occlusion_ratio=0.224, eyes_closed_ratio=0.000, mean_head_motion=1.91, mean_gaze_motion=10.34, attention_stability_score=0.695, dominant_gaze_class=inside_visible, num_segments=10, num_interactions=10, segment_types=['outside', 'stable', 'occluded', 'stable', 'occluded', 'stable', 'shift', 'stable'], interaction_events=['reduced_visual_availability', 'focused_attention', 'reduced_visual_availability', 'focused_attention', 'reduced_visual_availability', 'monitoring', 'attention_shift', 'focused_attention'].",,"[""focused_attention"", ""exploratory_attention"", ""occluded_attention"", ""reduced_visual_availability"", ""mixed_attention""]",mixed_attention,0.68,"[""visible_ratio=0.708"", ""gaze_shift_ratio=0.000"", ""occlusion_ratio=0.224"", ""eyes_closed_ratio=0.000"", ""mean_gaze_motion=10.34"", ""attention_stability_score=0.695"", ""max_visible_streak=82"", ""segments=10"", ""interactions=10""]","[""Interpretation is partially limited by occluded or uncertain gaze frames.""]",2026-04-06T15:39:30+00:00,childplay-behavior-v1,visible_ratio=0.708; gaze_shift_ratio=0.000; occlusion_ratio=0.224; eyes_closed_ratio=0.000; mean_gaze_motion=10.34; attention_stability_score=0.695; dominant_gaze_class=inside_visible; observed_frames=250
DGls-Z4e6OI_3182-3491:person_3,DGls-Z4e6OI_3182-3491,rule-based,rule-based,train,"Child gaze behavior summary. split=train, observed_frames=289, visible_ratio=0.879, on_screen_ratio=0.965, gaze_shift_ratio=0.035, occlusion_ratio=0.087, eyes_closed_ratio=0.000, mean_head_motion=4.26, mean_gaze_motion=5.79, attention_stability_score=0.789, dominant_gaze_class=inside_visible, num_segments=20, num_interactions=21, segment_types=['stable', 'shift', 'stable', 'shift', 'stable', 'shift', 'stable', 'shift'], interaction_events=['focused_attention', 'attention_shift', 'focused_attention', 'attention_shift', 'monitoring', 'attention_shift', 'focused_attention', 'attention_shift'].",,"[""focused_attention"", ""exploratory_attention"", ""occluded_attention"", ""reduced_visual_availability"", ""mixed_attention""]",focused_attention,0.84,"[""visible_ratio=0.879"", ""gaze_shift_ratio=0.035"", ""occlusion_ratio=0.087"", ""eyes_closed_ratio=0.000"", ""mean_gaze_motion=5.79"", ""attention_stability_score=0.789"", ""max_visible_streak=118"", ""segments=20"", ""interactions=21""]","[""Interpretation is limited to annotation-derived behavior and not video context.""]",2026-04-06T15:39:30+00:00,childplay-behavior-v1,visible_ratio=0.879; gaze_shift_ratio=0.035; occlusion_ratio=0.087; eyes_closed_ratio=0.000; mean_gaze_motion=5.79; attention_stability_score=0.789; dominant_gaze_class=inside_visible; observed_frames=289
DGls-Z4e6OI_4145-4401:person_2,DGls-Z4e6OI_4145-4401,rule-based,rule-based,train,"Child gaze behavior summary. split=train, observed_frames=257, visible_ratio=1.000, on_screen_ratio=1.000, gaze_shift_ratio=0.000, occlusion_ratio=0.000, eyes_closed_ratio=0.000, mean_head_motion=0.57, mean_gaze_motion=0.43, attention_stability_score=1.000, dominant_gaze_class=inside_visible, num_segments=1, num_interactions=1, segment_types=['stable'], interaction_events=['focused_attention'].",,"[""focused_attention"", ""exploratory_attention"", ""occluded_attention"", ""reduced_visual_availability"", ""mixed_attention""]",focused_attention,0.84,"[""visible_ratio=1.000"", ""gaze_shift_ratio=0.000"", ""occlusion_ratio=0.000"", ""eyes_closed_ratio=0.000"", ""mean_gaze_motion=0.43"", ""attention_stability_score=1.000"", ""max_visible_streak=257"", ""segments=1"", ""interactions=1""]","[""Interpretation is limited to annotation-derived behavior and not video context.""]",2026-04-06T15:39:30+00:00,childplay-behavior-v1,visible_ratio=1.000; gaze_shift_ratio=0.000; occlusion_ratio=0.000; eyes_closed_ratio=0.000; mean_gaze_motion=0.43; attention_stability_score=1.000; dominant_gaze_class=inside_visible; observed_frames=257
DGls-Z4e6OI_4939-4993:person_1,DGls-Z4e6OI_4939-4993,rule-based,rule-based,train,"Child gaze behavior summary. split=train, observed_frames=55, visible_ratio=1.000, on_screen_ratio=1.000, gaze_shift_ratio=0.000, occlusion_ratio=0.000, eyes_closed_ratio=0.000, mean_head_motion=3.66, mean_gaze_motion=5.46, attention_stability_score=0.997, dominant_gaze_class=inside_visible, num_segments=1, num_interactions=1, segment_types=['stable'], interaction_events=['focused_attention'].",,"[""focused_attention"", ""exploratory_attention"", ""occluded_attention"", ""reduced_visual_availability"", ""mixed_attention""]",focused_attention,0.84,"[""visible_ratio=1.000"", ""gaze_shift_ratio=0.000"", ""occlusion_ratio=0.000"", ""eyes_closed_ratio=0.000"", ""mean_gaze_motion=5.46"", ""attention_stability_score=0.997"", ""max_visible_streak=55"", ""segments=1"", ""interactions=1""]","[""Short clips provide less temporal evidence than longer sequences.""]",2026-04-06T15:39:30+00:00,childplay-behavior-v1,visible_ratio=1.000; gaze_shift_ratio=0.000; occlusion_ratio=0.000; eyes_closed_ratio=0.000; mean_gaze_motion=5.46; attention_stability_score=0.997; dominant_gaze_class=inside_visible; observed_frames=55
DGls-Z4e6OI_520-648:person_1,DGls-Z4e6OI_520-648,rule-based,rule-based,train,"Child gaze behavior summary. split=train, observed_frames=129, visible_ratio=0.504, on_screen_ratio=0.961, gaze_shift_ratio=0.039, occlusion_ratio=0.457, eyes_closed_ratio=0.000, mean_head_motion=2.12, mean_gaze_motion=7.62, attention_stability_score=0.597, dominant_gaze_class=inside_visible, num_segments=5, num_interactions=5, segment_types=['occluded', 'stable', 'shift', 'stable', 'occluded'], interaction_events=['reduced_visual_availability', 'focused_attention', 'attention_shift', 'monitoring', 'reduced_visual_availability'].",,"[""focused_attention"", ""exploratory_attention"", ""occluded_attention"", ""reduced_visual_availability"", ""mixed_attention""]",occluded_attention,0.74,"[""visible_ratio=0.504"", ""gaze_shift_ratio=0.039"", ""occlusion_ratio=0.457"", ""eyes_closed_ratio=0.000"", ""mean_gaze_motion=7.62"", ""attention_stability_score=0.597"", ""max_visible_streak=41"", ""segments=5"", ""interactions=5""]","[""Interpretation is partially limited by occluded or uncertain gaze frames.""]",2026-04-06T15:39:30+00:00,childplay-behavior-v1,visible_ratio=0.504; gaze_shift_ratio=0.039; occlusion_ratio=0.457; eyes_closed_ratio=0.000; mean_gaze_motion=7.62; attention_stability_score=0.597; dominant_gaze_class=inside_visible; observed_frames=129
DGls-Z4e6OI_520-648:person_2,DGls-Z4e6OI_520-648,rule-based,rule-based,train,"Child gaze behavior summary. split=train, observed_frames=129, visible_ratio=1.000, on_screen_ratio=1.000, gaze_shift_ratio=0.000, occlusion_ratio=0.000, eyes_closed_ratio=0.000, mean_head_motion=0.53, mean_gaze_motion=6.70, attention_stability_score=0.997, dominant_gaze_class=inside_visible, num_segments=3, num_interactions=3, segment_types=['stable', 'shift', 'stable'], interaction_events=['focused_attention', 'attention_shift', 'focused_attention'].",,"[""focused_attention"", ""exploratory_attention"", ""occluded_attention"", ""reduced_visual_availability"", ""mixed_attention""]",focused_attention,0.84,"[""visible_ratio=1.000"", ""gaze_shift_ratio=0.000"", ""occlusion_ratio=0.000"", ""eyes_closed_ratio=0.000"", ""mean_gaze_motion=6.70"", ""attention_stability_score=0.997"", ""max_visible_streak=129"", ""segments=3"", ""interactions=3""]","[""Interpretation is limited to annotation-derived behavior and not video context.""]",2026-04-06T15:39:30+00:00,childplay-behavior-v1,visible_ratio=1.000; gaze_shift_ratio=0.000; occlusion_ratio=0.000; eyes_closed_ratio=0.000; mean_gaze_motion=6.70; attention_stability_score=0.997; dominant_gaze_class=inside_visible; observed_frames=129
DGls-Z4e6OI_5417-5718:person_1,DGls-Z4e6OI_5417-5718,rule-based,rule-based,train,"Child gaze behavior summary. split=train, observed_frames=302, visible_ratio=0.291, on_screen_ratio=0.765, gaze_shift_ratio=0.000, occlusion_ratio=0.474, eyes_closed_ratio=0.000, mean_head_motion=3.88, mean_gaze_motion=9.81, attention_stability_score=0.499, dominant_gaze_class=inside_uncertain, num_segments=6, num_interactions=6, segment_types=['outside', 'stable', 'shift', 'stable', 'outside', 'occluded'], interaction_events=['reduced_visual_availability', 'monitoring', 'attention_shift', 'focused_attention', 'reduced_visual_availability', 'reduced_visual_availability'].",,"[""focused_attention"", ""exploratory_attention"", ""occluded_attention"", ""reduced_visual_availability"", ""mixed_attention""]",occluded_attention,0.74,"[""visible_ratio=0.291"", ""gaze_shift_ratio=0.000"", ""occlusion_ratio=0.474"", ""eyes_closed_ratio=0.000"", ""mean_gaze_motion=9.81"", ""attention_stability_score=0.499"", ""max_visible_streak=88"", ""segments=6"", ""interactions=6""]","[""Interpretation is partially limited by occluded or uncertain gaze frames.""]",2026-04-06T15:39:30+00:00,childplay-behavior-v1,visible_ratio=0.291; gaze_shift_ratio=0.000; occlusion_ratio=0.474; eyes_closed_ratio=0.000; mean_gaze_motion=9.81; attention_stability_score=0.499; dominant_gaze_class=inside_uncertain; observed_frames=302
DGls-Z4e6OI_5417-5718:person_4,DGls-Z4e6OI_5417-5718,rule-based,rule-based,train,"Child gaze behavior summary. split=train, observed_frames=302, visible_ratio=0.699, on_screen_ratio=0.699, gaze_shift_ratio=0.000, occlusion_ratio=0.000, eyes_closed_ratio=0.000, mean_head_motion=3.62, mean_gaze_motion=22.60, attention_stability_score=0.679, dominant_gaze_class=inside_visible, num_segments=14, num_interactions=15, segment_types=['stable', 'outside', 'stable', 'shift', 'stable', 'shift', 'stable', 'shift'], interaction_events=['focused_attention', 'reduced_visual_availability', 'monitoring', 'attention_shift', 'monitoring', 'attention_shift', 'monitoring', 'attention_shift'].",,"[""focused_attention"", ""exploratory_attention"", ""occluded_attention"", ""reduced_visual_availability"", ""mixed_attention""]",mixed_attention,0.68,"[""visible_ratio=0.699"", ""gaze_shift_ratio=0.000"", ""occlusion_ratio=0.000"", ""eyes_closed_ratio=0.000"", ""mean_gaze_motion=22.60"", ""attention_stability_score=0.679"", ""max_visible_streak=92"", ""segments=14"", ""interactions=15""]","[""Interpretation is limited to annotation-derived behavior and not video context.""]",2026-04-06T15:39:30+00:00,childplay-behavior-v1,visible_ratio=0.699; gaze_shift_ratio=0.000; occlusion_ratio=0.000; eyes_closed_ratio=0.000; mean_gaze_motion=22.60; attention_stability_score=0.679; dominant_gaze_class=inside_visible; observed_frames=302
DGls-Z4e6OI_6288-6482:person_1,DGls-Z4e6OI_6288-6482,rule-based,rule-based,train,"Child gaze behavior summary. split=train, observed_frames=195, visible_ratio=0.503, on_screen_ratio=0.503, gaze_shift_ratio=0.046, occlusion_ratio=0.000, eyes_closed_ratio=0.000, mean_head_motion=8.77, mean_gaze_motion=6.46, attention_stability_score=0.642, dominant_gaze_class=inside_visible, num_segments=7, num_interactions=7, segment_types=['outside', 'stable', 'shift', 'stable', 'uncertain', 'shift', 'outside'], interaction_events=['reduced_visual_availability', 'focused_attention', 'attention_shift', 'focused_attention', 'monitoring', 'attention_shift', 'reduced_visual_availability'].",,"[""focused_attention"", ""exploratory_attention"", ""occluded_attention"", ""reduced_visual_availability"", ""mixed_attention""]",mixed_attention,0.68,"[""visible_ratio=0.503"", ""gaze_shift_ratio=0.046"", ""occlusion_ratio=0.000"", ""eyes_closed_ratio=0.000"", ""mean_gaze_motion=6.46"", ""attention_stability_score=0.642"", ""max_visible_streak=98"", ""segments=7"", ""interactions=7""]","[""Interpretation is limited to annotation-derived behavior and not video context.""]",2026-04-06T15:39:30+00:00,childplay-behavior-v1,visible_ratio=0.503; gaze_shift_ratio=0.046; occlusion_ratio=0.000; eyes_closed_ratio=0.000; mean_gaze_motion=6.46; attention_stability_score=0.642; dominant_gaze_class=inside_visible; observed_frames=195
DGls-Z4e6OI_6484-6729:person_1,DGls-Z4e6OI_6484-6729,rule-based,rule-based,train,"Child gaze behavior summary. split=train, observed_frames=246, visible_ratio=0.886, on_screen_ratio=0.886, gaze_shift_ratio=0.093, occlusion_ratio=0.000, eyes_closed_ratio=0.000, mean_head_motion=5.25, mean_gaze_motion=17.03, attention_stability_score=0.759, dominant_gaze_class=inside_visible, num_segments=14, num_interactions=15, segment_types=['stable', 'shift', 'stable', 'shift', 'stable', 'shift', 'stable', 'shift'], interaction_events=['monitoring', 'attention_shift', 'monitoring', 'attention_shift', 'focused_attention', 'attention_shift', 'focused_attention', 'attention_shift'].",,"[""focused_attention"", ""exploratory_attention"", ""occluded_attention"", ""reduced_visual_availability"", ""mixed_attention""]",focused_attention,0.84,"[""visible_ratio=0.886"", ""gaze_shift_ratio=0.093"", ""occlusion_ratio=0.000"", ""eyes_closed_ratio=0.000"", ""mean_gaze_motion=17.03"", ""attention_stability_score=0.759"", ""max_visible_streak=81"", ""segments=14"", ""interactions=15""]","[""Interpretation is limited to annotation-derived behavior and not video context.""]",2026-04-06T15:39:30+00:00,childplay-behavior-v1,visible_ratio=0.886; gaze_shift_ratio=0.093; occlusion_ratio=0.000; eyes_closed_ratio=0.000; mean_gaze_motion=17.03; attention_stability_score=0.759; dominant_gaze_class=inside_visible; observed_frames=246
DGls-Z4e6OI_6484-6729:person_2,DGls-Z4e6OI_6484-6729,rule-based,rule-based,train,"Child gaze behavior summary. split=train, observed_frames=208, visible_ratio=0.726, on_screen_ratio=0.726, gaze_shift_ratio=0.077, occlusion_ratio=0.000, eyes_closed_ratio=0.000, mean_head_motion=4.55, mean_gaze_motion=33.95, attention_stability_score=0.682, dominant_gaze_class=inside_visible, num_segments=15, num_interactions=16, segment_types=['outside', 'shift', 'stable', 'outside', 'stable', 'shift', 'stable', 'shift'], interaction_events=['reduced_visual_availability', 'attention_shift', 'focused_attention', 'reduced_visual_availability', 'monitoring', 'attention_shift', 'monitoring', 'attention_shift'].",,"[""focused_attention"", ""exploratory_attention"", ""occluded_attention"", ""reduced_visual_availability"", ""mixed_attention""]",mixed_attention,0.68,"[""visible_ratio=0.726"", ""gaze_shift_ratio=0.077"", ""occlusion_ratio=0.000"", ""eyes_closed_ratio=0.000"", ""mean_gaze_motion=33.95"", ""attention_stability_score=0.682"", ""max_visible_streak=70"", ""segments=15"", ""interactions=16""]","[""Interpretation is limited to annotation-derived behavior and not video context.""]",2026-04-06T15:39:30+00:00,childplay-behavior-v1,visible_ratio=0.726; gaze_shift_ratio=0.077; occlusion_ratio=0.000; eyes_closed_ratio=0.000; mean_gaze_motion=33.95; attention_stability_score=0.682; dominant_gaze_class=inside_visible; observed_frames=208
DGls-Z4e6OI_651-755:person_1,DGls-Z4e6OI_651-755,rule-based,rule-based,train,"Child gaze behavior summary. split=train, observed_frames=105, visible_ratio=0.714, on_screen_ratio=0.714, gaze_shift_ratio=0.257, occlusion_ratio=0.000, eyes_closed_ratio=0.000, mean_head_motion=5.85, mean_gaze_motion=22.17, attention_stability_score=0.646, dominant_gaze_class=inside_visible, num_segments=8, num_interactions=9, segment_types=['stable', 'shift', 'stable', 'shift', 'outside', 'shift', 'stable', 'shift'], interaction_events=['monitoring', 'attention_shift', 'focused_attention', 'attention_shift', 'reduced_visual_availability', 'attention_shift', 'focused_attention', 'attention_shift'].",,"[""focused_attention"", ""exploratory_attention"", ""occluded_attention"", ""reduced_visual_availability"", ""mixed_attention""]",exploratory_attention,0.8,"[""visible_ratio=0.714"", ""gaze_shift_ratio=0.257"", ""occlusion_ratio=0.000"", ""eyes_closed_ratio=0.000"", ""mean_gaze_motion=22.17"", ""attention_stability_score=0.646"", ""max_visible_streak=31"", ""segments=8"", ""interactions=9""]","[""Interpretation is limited to annotation-derived behavior and not video context.""]",2026-04-06T15:39:30+00:00,childplay-behavior-v1,visible_ratio=0.714; gaze_shift_ratio=0.257; occlusion_ratio=0.000; eyes_closed_ratio=0.000; mean_gaze_motion=22.17; attention_stability_score=0.646; dominant_gaze_class=inside_visible; observed_frames=105
DGls-Z4e6OI_651-755:person_2,DGls-Z4e6OI_651-755,rule-based,rule-based,train,"Child gaze behavior summary. split=train, observed_frames=105, visible_ratio=0.848, on_screen_ratio=0.924, gaze_shift_ratio=0.048, occlusion_ratio=0.076, eyes_closed_ratio=0.000, mean_head_motion=2.63, mean_gaze_motion=36.71, attention_stability_score=0.820, dominant_gaze_class=inside_visible, num_segments=13, num_interactions=14, segment_types=['outside', 'shift', 'stable', 'shift', 'stable', 'shift', 'stable', 'shift'], interaction_events=['reduced_visual_availability', 'attention_shift', 'monitoring', 'attention_shift', 'monitoring', 'attention_shift', 'monitoring', 'attention_shift'].",,"[""focused_attention"", ""exploratory_attention"", ""occluded_attention"", ""reduced_visual_availability"", ""mixed_attention""]",focused_attention,0.84,"[""visible_ratio=0.848"", ""gaze_shift_ratio=0.048"", ""occlusion_ratio=0.076"", ""eyes_closed_ratio=0.000"", ""mean_gaze_motion=36.71"", ""attention_stability_score=0.820"", ""max_visible_streak=69"", ""segments=13"", ""interactions=14""]","[""Interpretation is limited to annotation-derived behavior and not video context.""]",2026-04-06T15:39:30+00:00,childplay-behavior-v1,visible_ratio=0.848; gaze_shift_ratio=0.048; occlusion_ratio=0.076; eyes_closed_ratio=0.000; mean_gaze_motion=36.71; attention_stability_score=0.820; dominant_gaze_class=inside_visible; observed_frames=105
DGls-Z4e6OI_6731-6960:person_1,DGls-Z4e6OI_6731-6960,rule-based,rule-based,train,"Child gaze behavior summary. split=train, observed_frames=230, visible_ratio=0.891, on_screen_ratio=0.891, gaze_shift_ratio=0.052, occlusion_ratio=0.000, eyes_closed_ratio=0.000, mean_head_motion=2.83, mean_gaze_motion=13.56, attention_stability_score=0.794, dominant_gaze_class=inside_visible, num_segments=13, num_interactions=14, segment_types=['stable', 'shift', 'stable', 'uncertain', 'stable', 'shift', 'stable', 'shift'], interaction_events=['focused_attention', 'attention_shift', 'monitoring', 'monitoring', 'focused_attention', 'attention_shift', 'focused_attention', 'attention_shift'].",,"[""focused_attention"", ""exploratory_attention"", ""occluded_attention"", ""reduced_visual_availability"", ""mixed_attention""]",focused_attention,0.84,"[""visible_ratio=0.891"", ""gaze_shift_ratio=0.052"", ""occlusion_ratio=0.000"", ""eyes_closed_ratio=0.000"", ""mean_gaze_motion=13.56"", ""attention_stability_score=0.794"", ""max_visible_streak=99"", ""segments=13"", ""interactions=14""]","[""Interpretation is limited to annotation-derived behavior and not video context.""]",2026-04-06T15:39:30+00:00,childplay-behavior-v1,visible_ratio=0.891; gaze_shift_ratio=0.052; occlusion_ratio=0.000; eyes_closed_ratio=0.000; mean_gaze_motion=13.56; attention_stability_score=0.794; dominant_gaze_class=inside_visible; observed_frames=230
DGls-Z4e6OI_6983-7262:person_1,DGls-Z4e6OI_6983-7262,rule-based,rule-based,train,"Child gaze behavior summary. split=train, observed_frames=280, visible_ratio=0.918, on_screen_ratio=0.918, gaze_shift_ratio=0.050, occlusion_ratio=0.000, eyes_closed_ratio=0.000, mean_head_motion=6.17, mean_gaze_motion=15.90, attention_stability_score=0.835, dominant_gaze_class=inside_visible, num_segments=15, num_interactions=16, segment_types=['outside', 'shift', 'stable', 'shift', 'stable', 'shift', 'stable', 'shift'], interaction_events=['reduced_visual_availability', 'attention_shift', 'focused_attention', 'attention_shift', 'monitoring', 'attention_shift', 'monitoring', 'attention_shift'].",,"[""focused_attention"", ""exploratory_attention"", ""occluded_attention"", ""reduced_visual_availability"", ""mixed_attention""]",focused_attention,0.84,"[""visible_ratio=0.918"", ""gaze_shift_ratio=0.050"", ""occlusion_ratio=0.000"", ""eyes_closed_ratio=0.000"", ""mean_gaze_motion=15.90"", ""attention_stability_score=0.835"", ""max_visible_streak=154"", ""segments=15"", ""interactions=16""]","[""Interpretation is limited to annotation-derived behavior and not video context.""]",2026-04-06T15:39:30+00:00,childplay-behavior-v1,visible_ratio=0.918; gaze_shift_ratio=0.050; occlusion_ratio=0.000; eyes_closed_ratio=0.000; mean_gaze_motion=15.90; attention_stability_score=0.835; dominant_gaze_class=inside_visible; observed_frames=280
DGls-Z4e6OI_7698-7883:person_1,DGls-Z4e6OI_7698-7883,rule-based,rule-based,train,"Child gaze behavior summary. split=train, observed_frames=186, visible_ratio=0.694, on_screen_ratio=0.984, gaze_shift_ratio=0.000, occlusion_ratio=0.290, eyes_closed_ratio=0.000, mean_head_motion=1.53, mean_gaze_motion=6.56, attention_stability_score=0.753, dominant_gaze_class=inside_visible, num_segments=7, num_interactions=7, segment_types=['stable', 'occluded', 'stable', 'shift', 'uncertain', 'occluded', 'stable'], interaction_events=['focused_attention', 'reduced_visual_availability', 'monitoring', 'attention_shift', 'monitoring', 'reduced_visual_availability', 'monitoring'].",,"[""focused_attention"", ""exploratory_attention"", ""occluded_attention"", ""reduced_visual_availability"", ""mixed_attention""]",mixed_attention,0.68,"[""visible_ratio=0.694"", ""gaze_shift_ratio=0.000"", ""occlusion_ratio=0.290"", ""eyes_closed_ratio=0.000"", ""mean_gaze_motion=6.56"", ""attention_stability_score=0.753"", ""max_visible_streak=107"", ""segments=7"", ""interactions=7""]","[""Interpretation is partially limited by occluded or uncertain gaze frames.""]",2026-04-06T15:39:30+00:00,childplay-behavior-v1,visible_ratio=0.694; gaze_shift_ratio=0.000; occlusion_ratio=0.290; eyes_closed_ratio=0.000; mean_gaze_motion=6.56; attention_stability_score=0.753; dominant_gaze_class=inside_visible; observed_frames=186
DGls-Z4e6OI_7885-8029:person_1,DGls-Z4e6OI_7885-8029,rule-based,rule-based,train,"Child gaze behavior summary. split=train, observed_frames=145, visible_ratio=0.703, on_screen_ratio=0.862, gaze_shift_ratio=0.055, occlusion_ratio=0.159, eyes_closed_ratio=0.041, mean_head_motion=2.01, mean_gaze_motion=14.45, attention_stability_score=0.703, dominant_gaze_class=inside_visible, num_segments=14, num_interactions=15, segment_types=['stable', 'occluded', 'stable', 'shift', 'outside', 'shift', 'stable', 'shift'], interaction_events=['focused_attention', 'reduced_visual_availability', 'monitoring', 'attention_shift', 'reduced_visual_availability', 'attention_shift', 'monitoring', 'attention_shift'].",,"[""focused_attention"", ""exploratory_attention"", ""occluded_attention"", ""reduced_visual_availability"", ""mixed_attention""]",mixed_attention,0.68,"[""visible_ratio=0.703"", ""gaze_shift_ratio=0.055"", ""occlusion_ratio=0.159"", ""eyes_closed_ratio=0.041"", ""mean_gaze_motion=14.45"", ""attention_stability_score=0.703"", ""max_visible_streak=59"", ""segments=14"", ""interactions=15""]","[""Interpretation is limited to annotation-derived behavior and not video context.""]",2026-04-06T15:39:30+00:00,childplay-behavior-v1,visible_ratio=0.703; gaze_shift_ratio=0.055; occlusion_ratio=0.159; eyes_closed_ratio=0.041; mean_gaze_motion=14.45; attention_stability_score=0.703; dominant_gaze_class=inside_visible; observed_frames=145
DGls-Z4e6OI_8031-8107:person_1,DGls-Z4e6OI_8031-8107,rule-based,rule-based,train,"Child gaze behavior summary. split=train, observed_frames=77, visible_ratio=0.935, on_screen_ratio=0.935, gaze_shift_ratio=0.065, occlusion_ratio=0.000, eyes_closed_ratio=0.000, mean_head_motion=2.40, mean_gaze_motion=9.35, attention_stability_score=0.865, dominant_gaze_class=inside_visible, num_segments=3, num_interactions=3, segment_types=['stable', 'shift', 'stable'], interaction_events=['focused_attention', 'attention_shift', 'monitoring'].",,"[""focused_attention"", ""exploratory_attention"", ""occluded_attention"", ""reduced_visual_availability"", ""mixed_attention""]",focused_attention,0.84,"[""visible_ratio=0.935"", ""gaze_shift_ratio=0.065"", ""occlusion_ratio=0.000"", ""eyes_closed_ratio=0.000"", ""mean_gaze_motion=9.35"", ""attention_stability_score=0.865"", ""max_visible_streak=49"", ""segments=3"", ""interactions=3""]","[""Interpretation is limited to annotation-derived behavior and not video context.""]",2026-04-06T15:39:30+00:00,childplay-behavior-v1,visible_ratio=0.935; gaze_shift_ratio=0.065; occlusion_ratio=0.000; eyes_closed_ratio=0.000; mean_gaze_motion=9.35; attention_stability_score=0.865; dominant_gaze_class=inside_visible; observed_frames=77
DGls-Z4e6OI_8160-8300:person_1,DGls-Z4e6OI_8160-8300,rule-based,rule-based,train,"Child gaze behavior summary. split=train, observed_frames=141, visible_ratio=0.915, on_screen_ratio=0.915, gaze_shift_ratio=0.085, occlusion_ratio=0.000, eyes_closed_ratio=0.000, mean_head_motion=0.74, mean_gaze_motion=13.88, attention_stability_score=0.832, dominant_gaze_class=inside_visible, num_segments=7, num_interactions=8, segment_types=['stable', 'shift', 'stable', 'shift', 'stable', 'shift', 'stable'], interaction_events=['focused_attention', 'attention_shift', 'monitoring', 'attention_shift', 'monitoring', 'attention_shift', 'monitoring', 'exploratory_behavior'].",,"[""focused_attention"", ""exploratory_attention"", ""occluded_attention"", ""reduced_visual_availability"", ""mixed_attention""]",focused_attention,0.84,"[""visible_ratio=0.915"", ""gaze_shift_ratio=0.085"", ""occlusion_ratio=0.000"", ""eyes_closed_ratio=0.000"", ""mean_gaze_motion=13.88"", ""attention_stability_score=0.832"", ""max_visible_streak=79"", ""segments=7"", ""interactions=8""]","[""Interpretation is limited to annotation-derived behavior and not video context.""]",2026-04-06T15:39:30+00:00,childplay-behavior-v1,visible_ratio=0.915; gaze_shift_ratio=0.085; occlusion_ratio=0.000; eyes_closed_ratio=0.000; mean_gaze_motion=13.88; attention_stability_score=0.832; dominant_gaze_class=inside_visible; observed_frames=141
DGls-Z4e6OI_922-1175:person_1,DGls-Z4e6OI_922-1175,rule-based,rule-based,train,"Child gaze behavior summary. split=train, observed_frames=254, visible_ratio=0.685, on_screen_ratio=0.839, gaze_shift_ratio=0.000, occlusion_ratio=0.154, eyes_closed_ratio=0.000, mean_head_motion=12.26, mean_gaze_motion=11.65, attention_stability_score=0.692, dominant_gaze_class=inside_visible, num_segments=4, num_interactions=4, segment_types=['stable', 'occluded', 'stable', 'outside'], interaction_events=['focused_attention', 'reduced_visual_availability', 'focused_attention', 'reduced_visual_availability'].",,"[""focused_attention"", ""exploratory_attention"", ""occluded_attention"", ""reduced_visual_availability"", ""mixed_attention""]",mixed_attention,0.68,"[""visible_ratio=0.685"", ""gaze_shift_ratio=0.000"", ""occlusion_ratio=0.154"", ""eyes_closed_ratio=0.000"", ""mean_gaze_motion=11.65"", ""attention_stability_score=0.692"", ""max_visible_streak=91"", ""segments=4"", ""interactions=4""]","[""Interpretation is limited to annotation-derived behavior and not video context.""]",2026-04-06T15:39:30+00:00,childplay-behavior-v1,visible_ratio=0.685; gaze_shift_ratio=0.000; occlusion_ratio=0.154; eyes_closed_ratio=0.000; mean_gaze_motion=11.65; attention_stability_score=0.692; dominant_gaze_class=inside_visible; observed_frames=254
DGls-Z4e6OI_9760-10125:person_1,DGls-Z4e6OI_9760-10125,rule-based,rule-based,train,"Child gaze behavior summary. split=train, observed_frames=366, visible_ratio=0.872, on_screen_ratio=0.872, gaze_shift_ratio=0.049, occlusion_ratio=0.000, eyes_closed_ratio=0.000, mean_head_motion=2.20, mean_gaze_motion=8.71, attention_stability_score=0.855, dominant_gaze_class=inside_visible, num_segments=13, num_interactions=14, segment_types=['stable', 'shift', 'stable', 'shift', 'stable', 'outside', 'stable', 'shift'], interaction_events=['focused_attention', 'attention_shift', 'focused_attention', 'attention_shift', 'monitoring', 'reduced_visual_availability', 'monitoring', 'attention_shift'].",,"[""focused_attention"", ""exploratory_attention"", ""occluded_attention"", ""reduced_visual_availability"", ""mixed_attention""]",focused_attention,0.84,"[""visible_ratio=0.872"", ""gaze_shift_ratio=0.049"", ""occlusion_ratio=0.000"", ""eyes_closed_ratio=0.000"", ""mean_gaze_motion=8.71"", ""attention_stability_score=0.855"", ""max_visible_streak=255"", ""segments=13"", ""interactions=14""]","[""Interpretation is limited to annotation-derived behavior and not video context.""]",2026-04-06T15:39:30+00:00,childplay-behavior-v1,visible_ratio=0.872; gaze_shift_ratio=0.049; occlusion_ratio=0.000; eyes_closed_ratio=0.000; mean_gaze_motion=8.71; attention_stability_score=0.855; dominant_gaze_class=inside_visible; observed_frames=366
Dai13S2XbsI_2133-2421:person_1,Dai13S2XbsI_2133-2421,rule-based,rule-based,train,"Child gaze behavior summary. split=train, observed_frames=289, visible_ratio=0.910, on_screen_ratio=0.910, gaze_shift_ratio=0.090, occlusion_ratio=0.000, eyes_closed_ratio=0.000, mean_head_motion=1.71, mean_gaze_motion=3.31, attention_stability_score=0.798, dominant_gaze_class=inside_visible, num_segments=9, num_interactions=10, segment_types=['stable', 'shift', 'stable', 'shift', 'stable', 'shift', 'stable', 'shift'], interaction_events=['focused_attention', 'attention_shift', 'focused_attention', 'attention_shift', 'monitoring', 'attention_shift', 'focused_attention', 'attention_shift'].",,"[""focused_attention"", ""exploratory_attention"", ""occluded_attention"", ""reduced_visual_availability"", ""mixed_attention""]",focused_attention,0.84,"[""visible_ratio=0.910"", ""gaze_shift_ratio=0.090"", ""occlusion_ratio=0.000"", ""eyes_closed_ratio=0.000"", ""mean_gaze_motion=3.31"", ""attention_stability_score=0.798"", ""max_visible_streak=120"", ""segments=9"", ""interactions=10""]","[""Interpretation is limited to annotation-derived behavior and not video context.""]",2026-04-06T15:39:30+00:00,childplay-behavior-v1,visible_ratio=0.910; gaze_shift_ratio=0.090; occlusion_ratio=0.000; eyes_closed_ratio=0.000; mean_gaze_motion=3.31; attention_stability_score=0.798; dominant_gaze_class=inside_visible; observed_frames=289
Dai13S2XbsI_4200-4356:person_1,Dai13S2XbsI_4200-4356,rule-based,rule-based,train,"Child gaze behavior summary. split=train, observed_frames=157, visible_ratio=0.981, on_screen_ratio=0.981, gaze_shift_ratio=0.019, occlusion_ratio=0.000, eyes_closed_ratio=0.000, mean_head_motion=0.95, mean_gaze_motion=5.60, attention_stability_score=0.978, dominant_gaze_class=inside_visible, num_segments=5, num_interactions=5, segment_types=['stable', 'shift', 'stable', 'shift', 'stable'], interaction_events=['monitoring', 'attention_shift', 'focused_attention', 'attention_shift', 'focused_attention'].",,"[""focused_attention"", ""exploratory_attention"", ""occluded_attention"", ""reduced_visual_availability"", ""mixed_attention""]",focused_attention,0.84,"[""visible_ratio=0.981"", ""gaze_shift_ratio=0.019"", ""occlusion_ratio=0.000"", ""eyes_closed_ratio=0.000"", ""mean_gaze_motion=5.60"", ""attention_stability_score=0.978"", ""max_visible_streak=152"", ""segments=5"", ""interactions=5""]","[""Interpretation is limited to annotation-derived behavior and not video context.""]",2026-04-06T15:39:30+00:00,childplay-behavior-v1,visible_ratio=0.981; gaze_shift_ratio=0.019; occlusion_ratio=0.000; eyes_closed_ratio=0.000; mean_gaze_motion=5.60; attention_stability_score=0.978; dominant_gaze_class=inside_visible; observed_frames=157
Dai13S2XbsI_4399-4602:person_1,Dai13S2XbsI_4399-4602,rule-based,rule-based,train,"Child gaze behavior summary. split=train, observed_frames=204, visible_ratio=0.956, on_screen_ratio=0.956, gaze_shift_ratio=0.044, occlusion_ratio=0.000, eyes_closed_ratio=0.000, mean_head_motion=0.52, mean_gaze_motion=5.46, attention_stability_score=0.932, dominant_gaze_class=inside_visible, num_segments=11, num_interactions=12, segment_types=['stable', 'shift', 'stable', 'shift', 'stable', 'shift', 'stable', 'shift'], interaction_events=['monitoring', 'attention_shift', 'monitoring', 'attention_shift', 'monitoring', 'attention_shift', 'focused_attention', 'attention_shift'].",,"[""focused_attention"", ""exploratory_attention"", ""occluded_attention"", ""reduced_visual_availability"", ""mixed_attention""]",focused_attention,0.84,"[""visible_ratio=0.956"", ""gaze_shift_ratio=0.044"", ""occlusion_ratio=0.000"", ""eyes_closed_ratio=0.000"", ""mean_gaze_motion=5.46"", ""attention_stability_score=0.932"", ""max_visible_streak=172"", ""segments=11"", ""interactions=12""]","[""Interpretation is limited to annotation-derived behavior and not video context.""]",2026-04-06T15:39:30+00:00,childplay-behavior-v1,visible_ratio=0.956; gaze_shift_ratio=0.044; occlusion_ratio=0.000; eyes_closed_ratio=0.000; mean_gaze_motion=5.46; attention_stability_score=0.932; dominant_gaze_class=inside_visible; observed_frames=204
Dai13S2XbsI_4636-5000:person_1,Dai13S2XbsI_4636-5000,rule-based,rule-based,train,"Child gaze behavior summary. split=train, observed_frames=365, visible_ratio=0.975, on_screen_ratio=0.975, gaze_shift_ratio=0.025, occlusion_ratio=0.000, eyes_closed_ratio=0.000, mean_head_motion=1.11, mean_gaze_motion=10.59, attention_stability_score=0.831, dominant_gaze_class=inside_visible, num_segments=20, num_interactions=21, segment_types=['stable', 'shift', 'stable', 'shift', 'stable', 'shift', 'stable', 'shift'], interaction_events=['monitoring', 'attention_shift', 'monitoring', 'attention_shift', 'monitoring', 'attention_shift', 'monitoring', 'attention_shift'].",,"[""focused_attention"", ""exploratory_attention"", ""occluded_attention"", ""reduced_visual_availability"", ""mixed_attention""]",focused_attention,0.84,"[""visible_ratio=0.975"", ""gaze_shift_ratio=0.025"", ""occlusion_ratio=0.000"", ""eyes_closed_ratio=0.000"", ""mean_gaze_motion=10.59"", ""attention_stability_score=0.831"", ""max_visible_streak=148"", ""segments=20"", ""interactions=21""]","[""Interpretation is limited to annotation-derived behavior and not video context.""]",2026-04-06T15:39:30+00:00,childplay-behavior-v1,visible_ratio=0.975; gaze_shift_ratio=0.025; occlusion_ratio=0.000; eyes_closed_ratio=0.000; mean_gaze_motion=10.59; attention_stability_score=0.831; dominant_gaze_class=inside_visible; observed_frames=365
Dai13S2XbsI_4636-5000:person_3,Dai13S2XbsI_4636-5000,rule-based,rule-based,train,"Child gaze behavior summary. split=train, observed_frames=288, visible_ratio=0.788, on_screen_ratio=1.000, gaze_shift_ratio=0.000, occlusion_ratio=0.212, eyes_closed_ratio=0.000, mean_head_motion=1.65, mean_gaze_motion=3.67, attention_stability_score=0.764, dominant_gaze_class=inside_visible, num_segments=7, num_interactions=7, segment_types=['stable', 'shift', 'stable', 'shift', 'stable', 'occluded', 'stable'], interaction_events=['monitoring', 'attention_shift', 'monitoring', 'attention_shift', 'focused_attention', 'reduced_visual_availability', 'focused_attention'].",,"[""focused_attention"", ""exploratory_attention"", ""occluded_attention"", ""reduced_visual_availability"", ""mixed_attention""]",focused_attention,0.84,"[""visible_ratio=0.788"", ""gaze_shift_ratio=0.000"", ""occlusion_ratio=0.212"", ""eyes_closed_ratio=0.000"", ""mean_gaze_motion=3.67"", ""attention_stability_score=0.764"", ""max_visible_streak=128"", ""segments=7"", ""interactions=7""]","[""Interpretation is partially limited by occluded or uncertain gaze frames.""]",2026-04-06T15:39:30+00:00,childplay-behavior-v1,visible_ratio=0.788; gaze_shift_ratio=0.000; occlusion_ratio=0.212; eyes_closed_ratio=0.000; mean_gaze_motion=3.67; attention_stability_score=0.764; dominant_gaze_class=inside_visible; observed_frames=288
Dai13S2XbsI_5113-5272:person_2,Dai13S2XbsI_5113-5272,rule-based,rule-based,train,"Child gaze behavior summary. split=train, observed_frames=160, visible_ratio=0.606, on_screen_ratio=0.681, gaze_shift_ratio=0.175, occlusion_ratio=0.075, eyes_closed_ratio=0.000, mean_head_motion=0.57, mean_gaze_motion=8.83, attention_stability_score=0.602, dominant_gaze_class=inside_visible, num_segments=10, num_interactions=11, segment_types=['occluded', 'outside', 'shift', 'stable', 'shift', 'stable', 'shift', 'stable'], interaction_events=['reduced_visual_availability', 'reduced_visual_availability', 'attention_shift', 'monitoring', 'attention_shift', 'focused_attention', 'attention_shift', 'monitoring'].",,"[""focused_attention"", ""exploratory_attention"", ""occluded_attention"", ""reduced_visual_availability"", ""mixed_attention""]",mixed_attention,0.68,"[""visible_ratio=0.606"", ""gaze_shift_ratio=0.175"", ""occlusion_ratio=0.075"", ""eyes_closed_ratio=0.000"", ""mean_gaze_motion=8.83"", ""attention_stability_score=0.602"", ""max_visible_streak=38"", ""segments=10"", ""interactions=11""]","[""Interpretation is limited to annotation-derived behavior and not video context.""]",2026-04-06T15:39:30+00:00,childplay-behavior-v1,visible_ratio=0.606; gaze_shift_ratio=0.175; occlusion_ratio=0.075; eyes_closed_ratio=0.000; mean_gaze_motion=8.83; attention_stability_score=0.602; dominant_gaze_class=inside_visible; observed_frames=160
Dai13S2XbsI_784-990:person_1,Dai13S2XbsI_784-990,rule-based,rule-based,train,"Child gaze behavior summary. split=train, observed_frames=205, visible_ratio=1.000, on_screen_ratio=1.000, gaze_shift_ratio=0.000, occlusion_ratio=0.000, eyes_closed_ratio=0.000, mean_head_motion=6.20, mean_gaze_motion=2.05, attention_stability_score=0.999, dominant_gaze_class=inside_visible, num_segments=3, num_interactions=3, segment_types=['stable', 'shift', 'stable'], interaction_events=['focused_attention', 'attention_shift', 'focused_attention'].",,"[""focused_attention"", ""exploratory_attention"", ""occluded_attention"", ""reduced_visual_availability"", ""mixed_attention""]",focused_attention,0.84,"[""visible_ratio=1.000"", ""gaze_shift_ratio=0.000"", ""occlusion_ratio=0.000"", ""eyes_closed_ratio=0.000"", ""mean_gaze_motion=2.05"", ""attention_stability_score=0.999"", ""max_visible_streak=205"", ""segments=3"", ""interactions=3""]","[""Interpretation is limited to annotation-derived behavior and not video context.""]",2026-04-06T15:39:30+00:00,childplay-behavior-v1,visible_ratio=1.000; gaze_shift_ratio=0.000; occlusion_ratio=0.000; eyes_closed_ratio=0.000; mean_gaze_motion=2.05; attention_stability_score=0.999; dominant_gaze_class=inside_visible; observed_frames=205
EuYseDl2jm8_1869-2033:person_1,EuYseDl2jm8_1869-2033,rule-based,rule-based,train,"Child gaze behavior summary. split=train, observed_frames=165, visible_ratio=0.897, on_screen_ratio=0.927, gaze_shift_ratio=0.073, occlusion_ratio=0.030, eyes_closed_ratio=0.000, mean_head_motion=4.21, mean_gaze_motion=13.52, attention_stability_score=0.827, dominant_gaze_class=inside_visible, num_segments=11, num_interactions=12, segment_types=['stable', 'occluded', 'stable', 'shift', 'stable', 'shift', 'stable', 'shift'], interaction_events=['monitoring', 'reduced_visual_availability', 'monitoring', 'attention_shift', 'focused_attention', 'attention_shift', 'monitoring', 'attention_shift'].",,"[""focused_attention"", ""exploratory_attention"", ""occluded_attention"", ""reduced_visual_availability"", ""mixed_attention""]",focused_attention,0.84,"[""visible_ratio=0.897"", ""gaze_shift_ratio=0.073"", ""occlusion_ratio=0.030"", ""eyes_closed_ratio=0.000"", ""mean_gaze_motion=13.52"", ""attention_stability_score=0.827"", ""max_visible_streak=93"", ""segments=11"", ""interactions=12""]","[""Interpretation is limited to annotation-derived behavior and not video context.""]",2026-04-06T15:39:30+00:00,childplay-behavior-v1,visible_ratio=0.897; gaze_shift_ratio=0.073; occlusion_ratio=0.030; eyes_closed_ratio=0.000; mean_gaze_motion=13.52; attention_stability_score=0.827; dominant_gaze_class=inside_visible; observed_frames=165
EuYseDl2jm8_3680-3791:person_1,EuYseDl2jm8_3680-3791,rule-based,rule-based,train,"Child gaze behavior summary. split=train, observed_frames=112, visible_ratio=0.973, on_screen_ratio=0.973, gaze_shift_ratio=0.027, occlusion_ratio=0.000, eyes_closed_ratio=0.000, mean_head_motion=1.65, mean_gaze_motion=15.00, attention_stability_score=0.954, dominant_gaze_class=inside_visible, num_segments=7, num_interactions=8, segment_types=['stable', 'shift', 'stable', 'shift', 'stable', 'shift', 'stable'], interaction_events=['monitoring', 'attention_shift', 'monitoring', 'attention_shift', 'focused_attention', 'attention_shift', 'monitoring', 'exploratory_behavior'].",,"[""focused_attention"", ""exploratory_attention"", ""occluded_attention"", ""reduced_visual_availability"", ""mixed_attention""]",focused_attention,0.84,"[""visible_ratio=0.973"", ""gaze_shift_ratio=0.027"", ""occlusion_ratio=0.000"", ""eyes_closed_ratio=0.000"", ""mean_gaze_motion=15.00"", ""attention_stability_score=0.954"", ""max_visible_streak=102"", ""segments=7"", ""interactions=8""]","[""Interpretation is limited to annotation-derived behavior and not video context.""]",2026-04-06T15:39:30+00:00,childplay-behavior-v1,visible_ratio=0.973; gaze_shift_ratio=0.027; occlusion_ratio=0.000; eyes_closed_ratio=0.000; mean_gaze_motion=15.00; attention_stability_score=0.954; dominant_gaze_class=inside_visible; observed_frames=112
F1Q8R2XJ5cs_3004-3231:person_1,F1Q8R2XJ5cs_3004-3231,rule-based,rule-based,train,"Child gaze behavior summary. split=train, observed_frames=228, visible_ratio=0.956, on_screen_ratio=0.956, gaze_shift_ratio=0.044, occlusion_ratio=0.000, eyes_closed_ratio=0.000, mean_head_motion=1.82, mean_gaze_motion=11.40, attention_stability_score=0.820, dominant_gaze_class=inside_visible, num_segments=5, num_interactions=5, segment_types=['stable', 'shift', 'stable', 'shift', 'stable'], interaction_events=['focused_attention', 'attention_shift', 'focused_attention', 'attention_shift', 'focused_attention'].",,"[""focused_attention"", ""exploratory_attention"", ""occluded_attention"", ""reduced_visual_availability"", ""mixed_attention""]",focused_attention,0.84,"[""visible_ratio=0.956"", ""gaze_shift_ratio=0.044"", ""occlusion_ratio=0.000"", ""eyes_closed_ratio=0.000"", ""mean_gaze_motion=11.40"", ""attention_stability_score=0.820"", ""max_visible_streak=93"", ""segments=5"", ""interactions=5""]","[""Interpretation is limited to annotation-derived behavior and not video context.""]",2026-04-06T15:39:30+00:00,childplay-behavior-v1,visible_ratio=0.956; gaze_shift_ratio=0.044; occlusion_ratio=0.000; eyes_closed_ratio=0.000; mean_gaze_motion=11.40; attention_stability_score=0.820; dominant_gaze_class=inside_visible; observed_frames=228
F1Q8R2XJ5cs_3004-3231:person_2,F1Q8R2XJ5cs_3004-3231,rule-based,rule-based,train,"Child gaze behavior summary. split=train, observed_frames=153, visible_ratio=0.876, on_screen_ratio=0.915, gaze_shift_ratio=0.085, occlusion_ratio=0.039, eyes_closed_ratio=0.000, mean_head_motion=1.44, mean_gaze_motion=15.79, attention_stability_score=0.788, dominant_gaze_class=inside_visible, num_segments=8, num_interactions=9, segment_types=['stable', 'shift', 'stable', 'shift', 'stable', 'occluded', 'shift', 'stable'], interaction_events=['focused_attention', 'attention_shift', 'focused_attention', 'attention_shift', 'monitoring', 'reduced_visual_availability', 'attention_shift', 'monitoring'].",,"[""focused_attention"", ""exploratory_attention"", ""occluded_attention"", ""reduced_visual_availability"", ""mixed_attention""]",focused_attention,0.84,"[""visible_ratio=0.876"", ""gaze_shift_ratio=0.085"", ""occlusion_ratio=0.039"", ""eyes_closed_ratio=0.000"", ""mean_gaze_motion=15.79"", ""attention_stability_score=0.788"", ""max_visible_streak=70"", ""segments=8"", ""interactions=9""]","[""Interpretation is limited to annotation-derived behavior and not video context.""]",2026-04-06T15:39:30+00:00,childplay-behavior-v1,visible_ratio=0.876; gaze_shift_ratio=0.085; occlusion_ratio=0.039; eyes_closed_ratio=0.000; mean_gaze_motion=15.79; attention_stability_score=0.788; dominant_gaze_class=inside_visible; observed_frames=153
F1Q8R2XJ5cs_3487-3583:person_1,F1Q8R2XJ5cs_3487-3583,rule-based,rule-based,train,"Child gaze behavior summary. split=train, observed_frames=97, visible_ratio=0.732, on_screen_ratio=0.732, gaze_shift_ratio=0.041, occlusion_ratio=0.000, eyes_closed_ratio=0.000, mean_head_motion=1.30, mean_gaze_motion=18.33, attention_stability_score=0.745, dominant_gaze_class=inside_visible, num_segments=9, num_interactions=10, segment_types=['stable', 'shift', 'stable', 'shift', 'stable', 'shift', 'outside', 'shift'], interaction_events=['monitoring', 'attention_shift', 'focused_attention', 'attention_shift', 'monitoring', 'attention_shift', 'reduced_visual_availability', 'attention_shift'].",,"[""focused_attention"", ""exploratory_attention"", ""occluded_attention"", ""reduced_visual_availability"", ""mixed_attention""]",mixed_attention,0.68,"[""visible_ratio=0.732"", ""gaze_shift_ratio=0.041"", ""occlusion_ratio=0.000"", ""eyes_closed_ratio=0.000"", ""mean_gaze_motion=18.33"", ""attention_stability_score=0.745"", ""max_visible_streak=51"", ""segments=9"", ""interactions=10""]","[""Interpretation is limited to annotation-derived behavior and not video context.""]",2026-04-06T15:39:30+00:00,childplay-behavior-v1,visible_ratio=0.732; gaze_shift_ratio=0.041; occlusion_ratio=0.000; eyes_closed_ratio=0.000; mean_gaze_motion=18.33; attention_stability_score=0.745; dominant_gaze_class=inside_visible; observed_frames=97
F1Q8R2XJ5cs_3487-3583:person_2,F1Q8R2XJ5cs_3487-3583,rule-based,rule-based,train,"Child gaze behavior summary. split=train, observed_frames=97, visible_ratio=0.814, on_screen_ratio=0.814, gaze_shift_ratio=0.031, occlusion_ratio=0.000, eyes_closed_ratio=0.000, mean_head_motion=3.87, mean_gaze_motion=3.45, attention_stability_score=0.812, dominant_gaze_class=inside_visible, num_segments=4, num_interactions=4, segment_types=['stable', 'outside', 'shift', 'stable'], interaction_events=['focused_attention', 'reduced_visual_availability', 'attention_shift', 'monitoring'].",,"[""focused_attention"", ""exploratory_attention"", ""occluded_attention"", ""reduced_visual_availability"", ""mixed_attention""]",focused_attention,0.84,"[""visible_ratio=0.814"", ""gaze_shift_ratio=0.031"", ""occlusion_ratio=0.000"", ""eyes_closed_ratio=0.000"", ""mean_gaze_motion=3.45"", ""attention_stability_score=0.812"", ""max_visible_streak=59"", ""segments=4"", ""interactions=4""]","[""Interpretation is limited to annotation-derived behavior and not video context.""]",2026-04-06T15:39:30+00:00,childplay-behavior-v1,visible_ratio=0.814; gaze_shift_ratio=0.031; occlusion_ratio=0.000; eyes_closed_ratio=0.000; mean_gaze_motion=3.45; attention_stability_score=0.812; dominant_gaze_class=inside_visible; observed_frames=97
F1Q8R2XJ5cs_3487-3583:person_3,F1Q8R2XJ5cs_3487-3583,rule-based,rule-based,train,"Child gaze behavior summary. split=train, observed_frames=97, visible_ratio=0.330, on_screen_ratio=0.330, gaze_shift_ratio=0.031, occlusion_ratio=0.000, eyes_closed_ratio=0.000, mean_head_motion=3.84, mean_gaze_motion=2.56, attention_stability_score=0.525, dominant_gaze_class=outside_frame, num_segments=3, num_interactions=3, segment_types=['stable', 'shift', 'outside'], interaction_events=['focused_attention', 'attention_shift', 'reduced_visual_availability'].",,"[""focused_attention"", ""exploratory_attention"", ""occluded_attention"", ""reduced_visual_availability"", ""mixed_attention""]",mixed_attention,0.68,"[""visible_ratio=0.330"", ""gaze_shift_ratio=0.031"", ""occlusion_ratio=0.000"", ""eyes_closed_ratio=0.000"", ""mean_gaze_motion=2.56"", ""attention_stability_score=0.525"", ""max_visible_streak=32"", ""segments=3"", ""interactions=3""]","[""Interpretation is limited to annotation-derived behavior and not video context.""]",2026-04-06T15:39:30+00:00,childplay-behavior-v1,visible_ratio=0.330; gaze_shift_ratio=0.031; occlusion_ratio=0.000; eyes_closed_ratio=0.000; mean_gaze_motion=2.56; attention_stability_score=0.525; dominant_gaze_class=outside_frame; observed_frames=97
F1Q8R2XJ5cs_3600-3738:person_1,F1Q8R2XJ5cs_3600-3738,rule-based,rule-based,train,"Child gaze behavior summary. split=train, observed_frames=139, visible_ratio=0.964, on_screen_ratio=0.964, gaze_shift_ratio=0.036, occlusion_ratio=0.000, eyes_closed_ratio=0.000, mean_head_motion=2.48, mean_gaze_motion=15.65, attention_stability_score=0.823, dominant_gaze_class=inside_visible, num_segments=9, num_interactions=10, segment_types=['stable', 'shift', 'stable', 'shift', 'stable', 'shift', 'stable', 'shift'], interaction_events=['focused_attention', 'attention_shift', 'monitoring', 'attention_shift', 'monitoring', 'attention_shift', 'focused_attention', 'attention_shift'].",,"[""focused_attention"", ""exploratory_attention"", ""occluded_attention"", ""reduced_visual_availability"", ""mixed_attention""]",focused_attention,0.84,"[""visible_ratio=0.964"", ""gaze_shift_ratio=0.036"", ""occlusion_ratio=0.000"", ""eyes_closed_ratio=0.000"", ""mean_gaze_motion=15.65"", ""attention_stability_score=0.823"", ""max_visible_streak=57"", ""segments=9"", ""interactions=10""]","[""Interpretation is limited to annotation-derived behavior and not video context.""]",2026-04-06T15:39:30+00:00,childplay-behavior-v1,visible_ratio=0.964; gaze_shift_ratio=0.036; occlusion_ratio=0.000; eyes_closed_ratio=0.000; mean_gaze_motion=15.65; attention_stability_score=0.823; dominant_gaze_class=inside_visible; observed_frames=139
F1Q8R2XJ5cs_3600-3738:person_2,F1Q8R2XJ5cs_3600-3738,rule-based,rule-based,train,"Child gaze behavior summary. split=train, observed_frames=139, visible_ratio=0.957, on_screen_ratio=0.957, gaze_shift_ratio=0.043, occlusion_ratio=0.000, eyes_closed_ratio=0.000, mean_head_motion=2.96, mean_gaze_motion=13.92, attention_stability_score=0.829, dominant_gaze_class=inside_visible, num_segments=7, num_interactions=8, segment_types=['stable', 'shift', 'stable', 'shift', 'stable', 'shift', 'stable'], interaction_events=['focused_attention', 'attention_shift', 'monitoring', 'attention_shift', 'monitoring', 'attention_shift', 'focused_attention', 'exploratory_behavior'].",,"[""focused_attention"", ""exploratory_attention"", ""occluded_attention"", ""reduced_visual_availability"", ""mixed_attention""]",focused_attention,0.84,"[""visible_ratio=0.957"", ""gaze_shift_ratio=0.043"", ""occlusion_ratio=0.000"", ""eyes_closed_ratio=0.000"", ""mean_gaze_motion=13.92"", ""attention_stability_score=0.829"", ""max_visible_streak=62"", ""segments=7"", ""interactions=8""]","[""Interpretation is limited to annotation-derived behavior and not video context.""]",2026-04-06T15:39:30+00:00,childplay-behavior-v1,visible_ratio=0.957; gaze_shift_ratio=0.043; occlusion_ratio=0.000; eyes_closed_ratio=0.000; mean_gaze_motion=13.92; attention_stability_score=0.829; dominant_gaze_class=inside_visible; observed_frames=139
F1Q8R2XJ5cs_3600-3738:person_3,F1Q8R2XJ5cs_3600-3738,rule-based,rule-based,train,"Child gaze behavior summary. split=train, observed_frames=139, visible_ratio=0.935, on_screen_ratio=0.935, gaze_shift_ratio=0.065, occlusion_ratio=0.000, eyes_closed_ratio=0.000, mean_head_motion=2.63, mean_gaze_motion=21.71, attention_stability_score=0.826, dominant_gaze_class=inside_visible, num_segments=13, num_interactions=14, segment_types=['stable', 'shift', 'stable', 'shift', 'stable', 'shift', 'stable', 'shift'], interaction_events=['monitoring', 'attention_shift', 'monitoring', 'attention_shift', 'monitoring', 'attention_shift', 'monitoring', 'attention_shift'].",,"[""focused_attention"", ""exploratory_attention"", ""occluded_attention"", ""reduced_visual_availability"", ""mixed_attention""]",focused_attention,0.84,"[""visible_ratio=0.935"", ""gaze_shift_ratio=0.065"", ""occlusion_ratio=0.000"", ""eyes_closed_ratio=0.000"", ""mean_gaze_motion=21.71"", ""attention_stability_score=0.826"", ""max_visible_streak=70"", ""segments=13"", ""interactions=14""]","[""Interpretation is limited to annotation-derived behavior and not video context.""]",2026-04-06T15:39:30+00:00,childplay-behavior-v1,visible_ratio=0.935; gaze_shift_ratio=0.065; occlusion_ratio=0.000; eyes_closed_ratio=0.000; mean_gaze_motion=21.71; attention_stability_score=0.826; dominant_gaze_class=inside_visible; observed_frames=139
F1Q8R2XJ5cs_775-1013:person_1,F1Q8R2XJ5cs_775-1013,rule-based,rule-based,train,"Child gaze behavior summary. split=train, observed_frames=239, visible_ratio=0.762, on_screen_ratio=0.762, gaze_shift_ratio=0.063, occlusion_ratio=0.000, eyes_closed_ratio=0.000, mean_head_motion=2.95, mean_gaze_motion=10.96, attention_stability_score=0.728, dominant_gaze_class=inside_visible, num_segments=12, num_interactions=13, segment_types=['stable', 'shift', 'outside', 'stable', 'shift', 'outside', 'shift', 'stable'], interaction_events=['focused_attention', 'attention_shift', 'reduced_visual_availability', 'focused_attention', 'attention_shift', 'reduced_visual_availability', 'attention_shift', 'monitoring'].",,"[""focused_attention"", ""exploratory_attention"", ""occluded_attention"", ""reduced_visual_availability"", ""mixed_attention""]",focused_attention,0.84,"[""visible_ratio=0.762"", ""gaze_shift_ratio=0.063"", ""occlusion_ratio=0.000"", ""eyes_closed_ratio=0.000"", ""mean_gaze_motion=10.96"", ""attention_stability_score=0.728"", ""max_visible_streak=96"", ""segments=12"", ""interactions=13""]","[""Interpretation is limited to annotation-derived behavior and not video context.""]",2026-04-06T15:39:30+00:00,childplay-behavior-v1,visible_ratio=0.762; gaze_shift_ratio=0.063; occlusion_ratio=0.000; eyes_closed_ratio=0.000; mean_gaze_motion=10.96; attention_stability_score=0.728; dominant_gaze_class=inside_visible; observed_frames=239
F1Q8R2XJ5cs_775-1013:person_2,F1Q8R2XJ5cs_775-1013,rule-based,rule-based,train,"Child gaze behavior summary. split=train, observed_frames=239, visible_ratio=0.879, on_screen_ratio=0.925, gaze_shift_ratio=0.029, occlusion_ratio=0.046, eyes_closed_ratio=0.000, mean_head_motion=2.96, mean_gaze_motion=6.62, attention_stability_score=0.769, dominant_gaze_class=inside_visible, num_segments=9, num_interactions=9, segment_types=['outside', 'shift', 'stable', 'occluded', 'stable', 'occluded', 'stable', 'occluded'], interaction_events=['reduced_visual_availability', 'attention_shift', 'focused_attention', 'reduced_visual_availability', 'focused_attention', 'reduced_visual_availability', 'monitoring', 'reduced_visual_availability'].",,"[""focused_attention"", ""exploratory_attention"", ""occluded_attention"", ""reduced_visual_availability"", ""mixed_attention""]",focused_attention,0.84,"[""visible_ratio=0.879"", ""gaze_shift_ratio=0.029"", ""occlusion_ratio=0.046"", ""eyes_closed_ratio=0.000"", ""mean_gaze_motion=6.62"", ""attention_stability_score=0.769"", ""max_visible_streak=78"", ""segments=9"", ""interactions=9""]","[""Interpretation is limited to annotation-derived behavior and not video context.""]",2026-04-06T15:39:30+00:00,childplay-behavior-v1,visible_ratio=0.879; gaze_shift_ratio=0.029; occlusion_ratio=0.046; eyes_closed_ratio=0.000; mean_gaze_motion=6.62; attention_stability_score=0.769; dominant_gaze_class=inside_visible; observed_frames=239
F1Q8R2XJ5cs_775-1013:person_3,F1Q8R2XJ5cs_775-1013,rule-based,rule-based,train,"Child gaze behavior summary. split=train, observed_frames=207, visible_ratio=1.000, on_screen_ratio=1.000, gaze_shift_ratio=0.000, occlusion_ratio=0.000, eyes_closed_ratio=0.000, mean_head_motion=6.06, mean_gaze_motion=5.00, attention_stability_score=0.997, dominant_gaze_class=inside_visible, num_segments=1, num_interactions=1, segment_types=['stable'], interaction_events=['focused_attention'].",,"[""focused_attention"", ""exploratory_attention"", ""occluded_attention"", ""reduced_visual_availability"", ""mixed_attention""]",focused_attention,0.84,"[""visible_ratio=1.000"", ""gaze_shift_ratio=0.000"", ""occlusion_ratio=0.000"", ""eyes_closed_ratio=0.000"", ""mean_gaze_motion=5.00"", ""attention_stability_score=0.997"", ""max_visible_streak=207"", ""segments=1"", ""interactions=1""]","[""Interpretation is limited to annotation-derived behavior and not video context.""]",2026-04-06T15:39:30+00:00,childplay-behavior-v1,visible_ratio=1.000; gaze_shift_ratio=0.000; occlusion_ratio=0.000; eyes_closed_ratio=0.000; mean_gaze_motion=5.00; attention_stability_score=0.997; dominant_gaze_class=inside_visible; observed_frames=207
G0NLcryxxgE_1282-1392:person_1,G0NLcryxxgE_1282-1392,rule-based,rule-based,train,"Child gaze behavior summary. split=train, observed_frames=111, visible_ratio=0.919, on_screen_ratio=0.919, gaze_shift_ratio=0.054, occlusion_ratio=0.000, eyes_closed_ratio=0.000, mean_head_motion=1.39, mean_gaze_motion=7.32, attention_stability_score=0.832, dominant_gaze_class=inside_visible, num_segments=6, num_interactions=6, segment_types=['outside', 'stable', 'shift', 'stable', 'shift', 'stable'], interaction_events=['reduced_visual_availability', 'monitoring', 'attention_shift', 'focused_attention', 'attention_shift', 'focused_attention'].",,"[""focused_attention"", ""exploratory_attention"", ""occluded_attention"", ""reduced_visual_availability"", ""mixed_attention""]",focused_attention,0.84,"[""visible_ratio=0.919"", ""gaze_shift_ratio=0.054"", ""occlusion_ratio=0.000"", ""eyes_closed_ratio=0.000"", ""mean_gaze_motion=7.32"", ""attention_stability_score=0.832"", ""max_visible_streak=58"", ""segments=6"", ""interactions=6""]","[""Interpretation is limited to annotation-derived behavior and not video context.""]",2026-04-06T15:39:30+00:00,childplay-behavior-v1,visible_ratio=0.919; gaze_shift_ratio=0.054; occlusion_ratio=0.000; eyes_closed_ratio=0.000; mean_gaze_motion=7.32; attention_stability_score=0.832; dominant_gaze_class=inside_visible; observed_frames=111
G0NLcryxxgE_1282-1392:person_2,G0NLcryxxgE_1282-1392,rule-based,rule-based,train,"Child gaze behavior summary. split=train, observed_frames=111, visible_ratio=0.964, on_screen_ratio=0.964, gaze_shift_ratio=0.036, occlusion_ratio=0.000, eyes_closed_ratio=0.000, mean_head_motion=1.98, mean_gaze_motion=2.62, attention_stability_score=0.900, dominant_gaze_class=inside_visible, num_segments=3, num_interactions=3, segment_types=['stable', 'shift', 'stable'], interaction_events=['focused_attention', 'attention_shift', 'focused_attention'].",,"[""focused_attention"", ""exploratory_attention"", ""occluded_attention"", ""reduced_visual_availability"", ""mixed_attention""]",focused_attention,0.84,"[""visible_ratio=0.964"", ""gaze_shift_ratio=0.036"", ""occlusion_ratio=0.000"", ""eyes_closed_ratio=0.000"", ""mean_gaze_motion=2.62"", ""attention_stability_score=0.900"", ""max_visible_streak=77"", ""segments=3"", ""interactions=3""]","[""Interpretation is limited to annotation-derived behavior and not video context.""]",2026-04-06T15:39:30+00:00,childplay-behavior-v1,visible_ratio=0.964; gaze_shift_ratio=0.036; occlusion_ratio=0.000; eyes_closed_ratio=0.000; mean_gaze_motion=2.62; attention_stability_score=0.900; dominant_gaze_class=inside_visible; observed_frames=111
G0NLcryxxgE_1426-1625:person_2,G0NLcryxxgE_1426-1625,rule-based,rule-based,train,"Child gaze behavior summary. split=train, observed_frames=200, visible_ratio=0.770, on_screen_ratio=0.770, gaze_shift_ratio=0.230, occlusion_ratio=0.000, eyes_closed_ratio=0.000, mean_head_motion=1.23, mean_gaze_motion=12.60, attention_stability_score=0.691, dominant_gaze_class=inside_visible, num_segments=11, num_interactions=12, segment_types=['stable', 'shift', 'stable', 'shift', 'stable', 'shift', 'stable', 'shift'], interaction_events=['focused_attention', 'attention_shift', 'monitoring', 'attention_shift', 'monitoring', 'attention_shift', 'monitoring', 'attention_shift'].",,"[""focused_attention"", ""exploratory_attention"", ""occluded_attention"", ""reduced_visual_availability"", ""mixed_attention""]",exploratory_attention,0.8,"[""visible_ratio=0.770"", ""gaze_shift_ratio=0.230"", ""occlusion_ratio=0.000"", ""eyes_closed_ratio=0.000"", ""mean_gaze_motion=12.60"", ""attention_stability_score=0.691"", ""max_visible_streak=68"", ""segments=11"", ""interactions=12""]","[""Interpretation is limited to annotation-derived behavior and not video context.""]",2026-04-06T15:39:30+00:00,childplay-behavior-v1,visible_ratio=0.770; gaze_shift_ratio=0.230; occlusion_ratio=0.000; eyes_closed_ratio=0.000; mean_gaze_motion=12.60; attention_stability_score=0.691; dominant_gaze_class=inside_visible; observed_frames=200
G0NLcryxxgE_200-290:person_1,G0NLcryxxgE_200-290,rule-based,rule-based,train,"Child gaze behavior summary. split=train, observed_frames=91, visible_ratio=1.000, on_screen_ratio=1.000, gaze_shift_ratio=0.000, occlusion_ratio=0.000, eyes_closed_ratio=0.000, mean_head_motion=0.57, mean_gaze_motion=0.00, attention_stability_score=1.000, dominant_gaze_class=inside_visible, num_segments=1, num_interactions=1, segment_types=['stable'], interaction_events=['focused_attention'].",,"[""focused_attention"", ""exploratory_attention"", ""occluded_attention"", ""reduced_visual_availability"", ""mixed_attention""]",focused_attention,0.84,"[""visible_ratio=1.000"", ""gaze_shift_ratio=0.000"", ""occlusion_ratio=0.000"", ""eyes_closed_ratio=0.000"", ""mean_gaze_motion=0.00"", ""attention_stability_score=1.000"", ""max_visible_streak=91"", ""segments=1"", ""interactions=1""]","[""Interpretation is limited to annotation-derived behavior and not video context.""]",2026-04-06T15:39:30+00:00,childplay-behavior-v1,visible_ratio=1.000; gaze_shift_ratio=0.000; occlusion_ratio=0.000; eyes_closed_ratio=0.000; mean_gaze_motion=0.00; attention_stability_score=1.000; dominant_gaze_class=inside_visible; observed_frames=91
G0NLcryxxgE_200-290:person_2,G0NLcryxxgE_200-290,rule-based,rule-based,train,"Child gaze behavior summary. split=train, observed_frames=91, visible_ratio=0.967, on_screen_ratio=1.000, gaze_shift_ratio=0.000, occlusion_ratio=0.033, eyes_closed_ratio=0.000, mean_head_motion=1.03, mean_gaze_motion=1.73, attention_stability_score=0.976, dominant_gaze_class=inside_visible, num_segments=2, num_interactions=2, segment_types=['occluded', 'stable'], interaction_events=['reduced_visual_availability', 'focused_attention'].",,"[""focused_attention"", ""exploratory_attention"", ""occluded_attention"", ""reduced_visual_availability"", ""mixed_attention""]",focused_attention,0.84,"[""visible_ratio=0.967"", ""gaze_shift_ratio=0.000"", ""occlusion_ratio=0.033"", ""eyes_closed_ratio=0.000"", ""mean_gaze_motion=1.73"", ""attention_stability_score=0.976"", ""max_visible_streak=88"", ""segments=2"", ""interactions=2""]","[""Interpretation is limited to annotation-derived behavior and not video context.""]",2026-04-06T15:39:30+00:00,childplay-behavior-v1,visible_ratio=0.967; gaze_shift_ratio=0.000; occlusion_ratio=0.033; eyes_closed_ratio=0.000; mean_gaze_motion=1.73; attention_stability_score=0.976; dominant_gaze_class=inside_visible; observed_frames=91
G0NLcryxxgE_200-290:person_3,G0NLcryxxgE_200-290,rule-based,rule-based,train,"Child gaze behavior summary. split=train, observed_frames=91, visible_ratio=1.000, on_screen_ratio=1.000, gaze_shift_ratio=0.000, occlusion_ratio=0.000, eyes_closed_ratio=0.000, mean_head_motion=0.71, mean_gaze_motion=0.34, attention_stability_score=1.000, dominant_gaze_class=inside_visible, num_segments=1, num_interactions=1, segment_types=['stable'], interaction_events=['focused_attention'].",,"[""focused_attention"", ""exploratory_attention"", ""occluded_attention"", ""reduced_visual_availability"", ""mixed_attention""]",focused_attention,0.84,"[""visible_ratio=1.000"", ""gaze_shift_ratio=0.000"", ""occlusion_ratio=0.000"", ""eyes_closed_ratio=0.000"", ""mean_gaze_motion=0.34"", ""attention_stability_score=1.000"", ""max_visible_streak=91"", ""segments=1"", ""interactions=1""]","[""Interpretation is limited to annotation-derived behavior and not video context.""]",2026-04-06T15:39:30+00:00,childplay-behavior-v1,visible_ratio=1.000; gaze_shift_ratio=0.000; occlusion_ratio=0.000; eyes_closed_ratio=0.000; mean_gaze_motion=0.34; attention_stability_score=1.000; dominant_gaze_class=inside_visible; observed_frames=91
G0NLcryxxgE_841-967:person_1,G0NLcryxxgE_841-967,rule-based,rule-based,train,"Child gaze behavior summary. split=train, observed_frames=127, visible_ratio=0.961, on_screen_ratio=0.961, gaze_shift_ratio=0.039, occlusion_ratio=0.000, eyes_closed_ratio=0.000, mean_head_motion=0.15, mean_gaze_motion=9.50, attention_stability_score=0.832, dominant_gaze_class=inside_visible, num_segments=11, num_interactions=12, segment_types=['stable', 'shift', 'stable', 'shift', 'stable', 'shift', 'stable', 'shift'], interaction_events=['monitoring', 'attention_shift', 'focused_attention', 'attention_shift', 'monitoring', 'attention_shift', 'monitoring', 'attention_shift'].",,"[""focused_attention"", ""exploratory_attention"", ""occluded_attention"", ""reduced_visual_availability"", ""mixed_attention""]",focused_attention,0.84,"[""visible_ratio=0.961"", ""gaze_shift_ratio=0.039"", ""occlusion_ratio=0.000"", ""eyes_closed_ratio=0.000"", ""mean_gaze_motion=9.50"", ""attention_stability_score=0.832"", ""max_visible_streak=56"", ""segments=11"", ""interactions=12""]","[""Interpretation is limited to annotation-derived behavior and not video context.""]",2026-04-06T15:39:30+00:00,childplay-behavior-v1,visible_ratio=0.961; gaze_shift_ratio=0.039; occlusion_ratio=0.000; eyes_closed_ratio=0.000; mean_gaze_motion=9.50; attention_stability_score=0.832; dominant_gaze_class=inside_visible; observed_frames=127
G0NLcryxxgE_841-967:person_3,G0NLcryxxgE_841-967,rule-based,rule-based,train,"Child gaze behavior summary. split=train, observed_frames=127, visible_ratio=0.795, on_screen_ratio=0.795, gaze_shift_ratio=0.205, occlusion_ratio=0.000, eyes_closed_ratio=0.000, mean_head_motion=1.94, mean_gaze_motion=23.35, attention_stability_score=0.700, dominant_gaze_class=inside_visible, num_segments=9, num_interactions=10, segment_types=['stable', 'shift', 'stable', 'shift', 'stable', 'shift', 'stable', 'shift'], interaction_events=['monitoring', 'attention_shift', 'monitoring', 'attention_shift', 'focused_attention', 'attention_shift', 'monitoring', 'attention_shift'].",,"[""focused_attention"", ""exploratory_attention"", ""occluded_attention"", ""reduced_visual_availability"", ""mixed_attention""]",exploratory_attention,0.8,"[""visible_ratio=0.795"", ""gaze_shift_ratio=0.205"", ""occlusion_ratio=0.000"", ""eyes_closed_ratio=0.000"", ""mean_gaze_motion=23.35"", ""attention_stability_score=0.700"", ""max_visible_streak=43"", ""segments=9"", ""interactions=10""]","[""Interpretation is limited to annotation-derived behavior and not video context.""]",2026-04-06T15:39:30+00:00,childplay-behavior-v1,visible_ratio=0.795; gaze_shift_ratio=0.205; occlusion_ratio=0.000; eyes_closed_ratio=0.000; mean_gaze_motion=23.35; attention_stability_score=0.700; dominant_gaze_class=inside_visible; observed_frames=127
GNVTuLHdeSo_1829-3081:person_2,GNVTuLHdeSo_1829-3081,rule-based,rule-based,train,"Child gaze behavior summary. split=train, observed_frames=1253, visible_ratio=0.690, on_screen_ratio=0.953, gaze_shift_ratio=0.047, occlusion_ratio=0.263, eyes_closed_ratio=0.000, mean_head_motion=4.06, mean_gaze_motion=8.83, attention_stability_score=0.647, dominant_gaze_class=inside_visible, num_segments=63, num_interactions=64, segment_types=['occluded', 'stable', 'shift', 'occluded', 'stable', 'shift', 'stable', 'shift'], interaction_events=['reduced_visual_availability', 'focused_attention', 'attention_shift', 'reduced_visual_availability', 'focused_attention', 'attention_shift', 'monitoring', 'attention_shift'].",,"[""focused_attention"", ""exploratory_attention"", ""occluded_attention"", ""reduced_visual_availability"", ""mixed_attention""]",mixed_attention,0.68,"[""visible_ratio=0.690"", ""gaze_shift_ratio=0.047"", ""occlusion_ratio=0.263"", ""eyes_closed_ratio=0.000"", ""mean_gaze_motion=8.83"", ""attention_stability_score=0.647"", ""max_visible_streak=239"", ""segments=63"", ""interactions=64""]","[""Interpretation is partially limited by occluded or uncertain gaze frames.""]",2026-04-06T15:39:30+00:00,childplay-behavior-v1,visible_ratio=0.690; gaze_shift_ratio=0.047; occlusion_ratio=0.263; eyes_closed_ratio=0.000; mean_gaze_motion=8.83; attention_stability_score=0.647; dominant_gaze_class=inside_visible; observed_frames=1253
GNVTuLHdeSo_3143-3955:person_1,GNVTuLHdeSo_3143-3955,rule-based,rule-based,train,"Child gaze behavior summary. split=train, observed_frames=813, visible_ratio=0.745, on_screen_ratio=0.745, gaze_shift_ratio=0.085, occlusion_ratio=0.000, eyes_closed_ratio=0.000, mean_head_motion=1.94, mean_gaze_motion=15.75, attention_stability_score=0.652, dominant_gaze_class=inside_visible, num_segments=71, num_interactions=72, segment_types=['stable', 'shift', 'stable', 'shift', 'outside', 'shift', 'outside', 'shift'], interaction_events=['monitoring', 'attention_shift', 'monitoring', 'attention_shift', 'reduced_visual_availability', 'attention_shift', 'reduced_visual_availability', 'attention_shift'].",,"[""focused_attention"", ""exploratory_attention"", ""occluded_attention"", ""reduced_visual_availability"", ""mixed_attention""]",mixed_attention,0.68,"[""visible_ratio=0.745"", ""gaze_shift_ratio=0.085"", ""occlusion_ratio=0.000"", ""eyes_closed_ratio=0.000"", ""mean_gaze_motion=15.75"", ""attention_stability_score=0.652"", ""max_visible_streak=121"", ""segments=71"", ""interactions=72""]","[""Interpretation is limited to annotation-derived behavior and not video context.""]",2026-04-06T15:39:30+00:00,childplay-behavior-v1,visible_ratio=0.745; gaze_shift_ratio=0.085; occlusion_ratio=0.000; eyes_closed_ratio=0.000; mean_gaze_motion=15.75; attention_stability_score=0.652; dominant_gaze_class=inside_visible; observed_frames=813
GNVTuLHdeSo_4001-4572:person_2,GNVTuLHdeSo_4001-4572,rule-based,rule-based,train,"Child gaze behavior summary. split=train, observed_frames=572, visible_ratio=0.902, on_screen_ratio=0.902, gaze_shift_ratio=0.098, occlusion_ratio=0.000, eyes_closed_ratio=0.000, mean_head_motion=1.97, mean_gaze_motion=8.97, attention_stability_score=0.811, dominant_gaze_class=inside_visible, num_segments=25, num_interactions=26, segment_types=['stable', 'shift', 'stable', 'shift', 'stable', 'shift', 'stable', 'shift'], interaction_events=['focused_attention', 'attention_shift', 'focused_attention', 'attention_shift', 'monitoring', 'attention_shift', 'focused_attention', 'attention_shift'].",,"[""focused_attention"", ""exploratory_attention"", ""occluded_attention"", ""reduced_visual_availability"", ""mixed_attention""]",focused_attention,0.84,"[""visible_ratio=0.902"", ""gaze_shift_ratio=0.098"", ""occlusion_ratio=0.000"", ""eyes_closed_ratio=0.000"", ""mean_gaze_motion=8.97"", ""attention_stability_score=0.811"", ""max_visible_streak=285"", ""segments=25"", ""interactions=26""]","[""Interpretation is limited to annotation-derived behavior and not video context.""]",2026-04-06T15:39:30+00:00,childplay-behavior-v1,visible_ratio=0.902; gaze_shift_ratio=0.098; occlusion_ratio=0.000; eyes_closed_ratio=0.000; mean_gaze_motion=8.97; attention_stability_score=0.811; dominant_gaze_class=inside_visible; observed_frames=572
GNVTuLHdeSo_712-948:person_1,GNVTuLHdeSo_712-948,rule-based,rule-based,train,"Child gaze behavior summary. split=train, observed_frames=237, visible_ratio=0.895, on_screen_ratio=1.000, gaze_shift_ratio=0.000, occlusion_ratio=0.105, eyes_closed_ratio=0.000, mean_head_motion=4.19, mean_gaze_motion=6.64, attention_stability_score=0.815, dominant_gaze_class=inside_visible, num_segments=13, num_interactions=14, segment_types=['stable', 'shift', 'stable', 'shift', 'stable', 'occluded', 'stable', 'occluded'], interaction_events=['focused_attention', 'attention_shift', 'focused_attention', 'attention_shift', 'monitoring', 'reduced_visual_availability', 'monitoring', 'reduced_visual_availability'].",,"[""focused_attention"", ""exploratory_attention"", ""occluded_attention"", ""reduced_visual_availability"", ""mixed_attention""]",focused_attention,0.84,"[""visible_ratio=0.895"", ""gaze_shift_ratio=0.000"", ""occlusion_ratio=0.105"", ""eyes_closed_ratio=0.000"", ""mean_gaze_motion=6.64"", ""attention_stability_score=0.815"", ""max_visible_streak=110"", ""segments=13"", ""interactions=14""]","[""Interpretation is limited to annotation-derived behavior and not video context.""]",2026-04-06T15:39:30+00:00,childplay-behavior-v1,visible_ratio=0.895; gaze_shift_ratio=0.000; occlusion_ratio=0.105; eyes_closed_ratio=0.000; mean_gaze_motion=6.64; attention_stability_score=0.815; dominant_gaze_class=inside_visible; observed_frames=237
HK25g1U-GF4_2552-2812:person_1,HK25g1U-GF4_2552-2812,rule-based,rule-based,train,"Child gaze behavior summary. split=train, observed_frames=261, visible_ratio=1.000, on_screen_ratio=1.000, gaze_shift_ratio=0.000, occlusion_ratio=0.000, eyes_closed_ratio=0.000, mean_head_motion=1.00, mean_gaze_motion=3.65, attention_stability_score=0.998, dominant_gaze_class=inside_visible, num_segments=1, num_interactions=1, segment_types=['stable'], interaction_events=['focused_attention'].",,"[""focused_attention"", ""exploratory_attention"", ""occluded_attention"", ""reduced_visual_availability"", ""mixed_attention""]",focused_attention,0.84,"[""visible_ratio=1.000"", ""gaze_shift_ratio=0.000"", ""occlusion_ratio=0.000"", ""eyes_closed_ratio=0.000"", ""mean_gaze_motion=3.65"", ""attention_stability_score=0.998"", ""max_visible_streak=261"", ""segments=1"", ""interactions=1""]","[""Interpretation is limited to annotation-derived behavior and not video context.""]",2026-04-06T15:39:30+00:00,childplay-behavior-v1,visible_ratio=1.000; gaze_shift_ratio=0.000; occlusion_ratio=0.000; eyes_closed_ratio=0.000; mean_gaze_motion=3.65; attention_stability_score=0.998; dominant_gaze_class=inside_visible; observed_frames=261
HK25g1U-GF4_2552-2812:person_2,HK25g1U-GF4_2552-2812,rule-based,rule-based,train,"Child gaze behavior summary. split=train, observed_frames=261, visible_ratio=1.000, on_screen_ratio=1.000, gaze_shift_ratio=0.000, occlusion_ratio=0.000, eyes_closed_ratio=0.000, mean_head_motion=3.97, mean_gaze_motion=3.37, attention_stability_score=0.998, dominant_gaze_class=inside_visible, num_segments=1, num_interactions=1, segment_types=['stable'], interaction_events=['focused_attention'].",,"[""focused_attention"", ""exploratory_attention"", ""occluded_attention"", ""reduced_visual_availability"", ""mixed_attention""]",focused_attention,0.84,"[""visible_ratio=1.000"", ""gaze_shift_ratio=0.000"", ""occlusion_ratio=0.000"", ""eyes_closed_ratio=0.000"", ""mean_gaze_motion=3.37"", ""attention_stability_score=0.998"", ""max_visible_streak=261"", ""segments=1"", ""interactions=1""]","[""Interpretation is limited to annotation-derived behavior and not video context.""]",2026-04-06T15:39:30+00:00,childplay-behavior-v1,visible_ratio=1.000; gaze_shift_ratio=0.000; occlusion_ratio=0.000; eyes_closed_ratio=0.000; mean_gaze_motion=3.37; attention_stability_score=0.998; dominant_gaze_class=inside_visible; observed_frames=261
HK25g1U-GF4_2842-3325:person_1,HK25g1U-GF4_2842-3325,rule-based,rule-based,train,"Child gaze behavior summary. split=train, observed_frames=484, visible_ratio=0.994, on_screen_ratio=1.000, gaze_shift_ratio=0.000, occlusion_ratio=0.006, eyes_closed_ratio=0.000, mean_head_motion=1.30, mean_gaze_motion=2.72, attention_stability_score=0.941, dominant_gaze_class=inside_visible, num_segments=5, num_interactions=5, segment_types=['stable', 'occluded', 'stable', 'shift', 'stable'], interaction_events=['focused_attention', 'reduced_visual_availability', 'focused_attention', 'attention_shift', 'focused_attention'].",,"[""focused_attention"", ""exploratory_attention"", ""occluded_attention"", ""reduced_visual_availability"", ""mixed_attention""]",focused_attention,0.84,"[""visible_ratio=0.994"", ""gaze_shift_ratio=0.000"", ""occlusion_ratio=0.006"", ""eyes_closed_ratio=0.000"", ""mean_gaze_motion=2.72"", ""attention_stability_score=0.941"", ""max_visible_streak=378"", ""segments=5"", ""interactions=5""]","[""Interpretation is limited to annotation-derived behavior and not video context.""]",2026-04-06T15:39:30+00:00,childplay-behavior-v1,visible_ratio=0.994; gaze_shift_ratio=0.000; occlusion_ratio=0.006; eyes_closed_ratio=0.000; mean_gaze_motion=2.72; attention_stability_score=0.941; dominant_gaze_class=inside_visible; observed_frames=484
HK25g1U-GF4_2842-3325:person_2,HK25g1U-GF4_2842-3325,rule-based,rule-based,train,"Child gaze behavior summary. split=train, observed_frames=484, visible_ratio=0.748, on_screen_ratio=0.812, gaze_shift_ratio=0.122, occlusion_ratio=0.064, eyes_closed_ratio=0.000, mean_head_motion=1.06, mean_gaze_motion=5.56, attention_stability_score=0.686, dominant_gaze_class=inside_visible, num_segments=18, num_interactions=19, segment_types=['stable', 'shift', 'stable', 'shift', 'stable', 'shift', 'stable', 'occluded'], interaction_events=['monitoring', 'attention_shift', 'focused_attention', 'attention_shift', 'monitoring', 'attention_shift', 'focused_attention', 'reduced_visual_availability'].",,"[""focused_attention"", ""exploratory_attention"", ""occluded_attention"", ""reduced_visual_availability"", ""mixed_attention""]",mixed_attention,0.68,"[""visible_ratio=0.748"", ""gaze_shift_ratio=0.122"", ""occlusion_ratio=0.064"", ""eyes_closed_ratio=0.000"", ""mean_gaze_motion=5.56"", ""attention_stability_score=0.686"", ""max_visible_streak=136"", ""segments=18"", ""interactions=19""]","[""Interpretation is limited to annotation-derived behavior and not video context.""]",2026-04-06T15:39:30+00:00,childplay-behavior-v1,visible_ratio=0.748; gaze_shift_ratio=0.122; occlusion_ratio=0.064; eyes_closed_ratio=0.000; mean_gaze_motion=5.56; attention_stability_score=0.686; dominant_gaze_class=inside_visible; observed_frames=484
HK25g1U-GF4_350-871:person_1,HK25g1U-GF4_350-871,rule-based,rule-based,train,"Child gaze behavior summary. split=train, observed_frames=522, visible_ratio=1.000, on_screen_ratio=1.000, gaze_shift_ratio=0.000, occlusion_ratio=0.000, eyes_closed_ratio=0.000, mean_head_motion=1.68, mean_gaze_motion=5.39, attention_stability_score=0.997, dominant_gaze_class=inside_visible, num_segments=13, num_interactions=14, segment_types=['stable', 'shift', 'stable', 'shift', 'stable', 'shift', 'stable', 'shift'], interaction_events=['monitoring', 'attention_shift', 'monitoring', 'attention_shift', 'focused_attention', 'attention_shift', 'monitoring', 'attention_shift'].",,"[""focused_attention"", ""exploratory_attention"", ""occluded_attention"", ""reduced_visual_availability"", ""mixed_attention""]",focused_attention,0.84,"[""visible_ratio=1.000"", ""gaze_shift_ratio=0.000"", ""occlusion_ratio=0.000"", ""eyes_closed_ratio=0.000"", ""mean_gaze_motion=5.39"", ""attention_stability_score=0.997"", ""max_visible_streak=522"", ""segments=13"", ""interactions=14""]","[""Interpretation is limited to annotation-derived behavior and not video context.""]",2026-04-06T15:39:30+00:00,childplay-behavior-v1,visible_ratio=1.000; gaze_shift_ratio=0.000; occlusion_ratio=0.000; eyes_closed_ratio=0.000; mean_gaze_motion=5.39; attention_stability_score=0.997; dominant_gaze_class=inside_visible; observed_frames=522
HK25g1U-GF4_954-1392:person_2,HK25g1U-GF4_954-1392,rule-based,rule-based,train,"Child gaze behavior summary. split=train, observed_frames=439, visible_ratio=0.831, on_screen_ratio=0.831, gaze_shift_ratio=0.046, occlusion_ratio=0.000, eyes_closed_ratio=0.000, mean_head_motion=0.97, mean_gaze_motion=9.45, attention_stability_score=0.734, dominant_gaze_class=inside_visible, num_segments=26, num_interactions=27, segment_types=['stable', 'shift', 'stable', 'shift', 'stable', 'shift', 'stable', 'shift'], interaction_events=['monitoring', 'attention_shift', 'monitoring', 'attention_shift', 'monitoring', 'attention_shift', 'focused_attention', 'attention_shift'].",,"[""focused_attention"", ""exploratory_attention"", ""occluded_attention"", ""reduced_visual_availability"", ""mixed_attention""]",focused_attention,0.84,"[""visible_ratio=0.831"", ""gaze_shift_ratio=0.046"", ""occlusion_ratio=0.000"", ""eyes_closed_ratio=0.000"", ""mean_gaze_motion=9.45"", ""attention_stability_score=0.734"", ""max_visible_streak=126"", ""segments=26"", ""interactions=27""]","[""Interpretation is limited to annotation-derived behavior and not video context.""]",2026-04-06T15:39:30+00:00,childplay-behavior-v1,visible_ratio=0.831; gaze_shift_ratio=0.046; occlusion_ratio=0.000; eyes_closed_ratio=0.000; mean_gaze_motion=9.45; attention_stability_score=0.734; dominant_gaze_class=inside_visible; observed_frames=439
HK25g1U-GF4_954-1392:person_3,HK25g1U-GF4_954-1392,rule-based,rule-based,train,"Child gaze behavior summary. split=train, observed_frames=439, visible_ratio=0.925, on_screen_ratio=0.943, gaze_shift_ratio=0.057, occlusion_ratio=0.018, eyes_closed_ratio=0.000, mean_head_motion=0.55, mean_gaze_motion=7.30, attention_stability_score=0.791, dominant_gaze_class=inside_visible, num_segments=19, num_interactions=20, segment_types=['stable', 'occluded', 'stable', 'shift', 'stable', 'shift', 'stable', 'shift'], interaction_events=['focused_attention', 'reduced_visual_availability', 'monitoring', 'attention_shift', 'focused_attention', 'attention_shift', 'monitoring', 'attention_shift'].",,"[""focused_attention"", ""exploratory_attention"", ""occluded_attention"", ""reduced_visual_availability"", ""mixed_attention""]",focused_attention,0.84,"[""visible_ratio=0.925"", ""gaze_shift_ratio=0.057"", ""occlusion_ratio=0.018"", ""eyes_closed_ratio=0.000"", ""mean_gaze_motion=7.30"", ""attention_stability_score=0.791"", ""max_visible_streak=153"", ""segments=19"", ""interactions=20""]","[""Interpretation is limited to annotation-derived behavior and not video context.""]",2026-04-06T15:39:30+00:00,childplay-behavior-v1,visible_ratio=0.925; gaze_shift_ratio=0.057; occlusion_ratio=0.018; eyes_closed_ratio=0.000; mean_gaze_motion=7.30; attention_stability_score=0.791; dominant_gaze_class=inside_visible; observed_frames=439
HUnQ6VE9NIY_24-1029:person_1,HUnQ6VE9NIY_24-1029,rule-based,rule-based,train,"Child gaze behavior summary. split=train, observed_frames=914, visible_ratio=0.914, on_screen_ratio=0.919, gaze_shift_ratio=0.049, occlusion_ratio=0.005, eyes_closed_ratio=0.000, mean_head_motion=0.34, mean_gaze_motion=7.72, attention_stability_score=0.813, dominant_gaze_class=inside_visible, num_segments=41, num_interactions=42, segment_types=['outside', 'shift', 'outside', 'shift', 'stable', 'shift', 'occluded', 'shift'], interaction_events=['reduced_visual_availability', 'attention_shift', 'reduced_visual_availability', 'attention_shift', 'monitoring', 'attention_shift', 'reduced_visual_availability', 'attention_shift'].",,"[""focused_attention"", ""exploratory_attention"", ""occluded_attention"", ""reduced_visual_availability"", ""mixed_attention""]",focused_attention,0.84,"[""visible_ratio=0.914"", ""gaze_shift_ratio=0.049"", ""occlusion_ratio=0.005"", ""eyes_closed_ratio=0.000"", ""mean_gaze_motion=7.72"", ""attention_stability_score=0.813"", ""max_visible_streak=414"", ""segments=41"", ""interactions=42""]","[""Interpretation is limited to annotation-derived behavior and not video context.""]",2026-04-06T15:39:30+00:00,childplay-behavior-v1,visible_ratio=0.914; gaze_shift_ratio=0.049; occlusion_ratio=0.005; eyes_closed_ratio=0.000; mean_gaze_motion=7.72; attention_stability_score=0.813; dominant_gaze_class=inside_visible; observed_frames=914
HUnQ6VE9NIY_24-1029:person_3,HUnQ6VE9NIY_24-1029,rule-based,rule-based,train,"Child gaze behavior summary. split=train, observed_frames=1006, visible_ratio=0.993, on_screen_ratio=0.993, gaze_shift_ratio=0.007, occlusion_ratio=0.000, eyes_closed_ratio=0.000, mean_head_motion=0.06, mean_gaze_motion=7.13, attention_stability_score=0.854, dominant_gaze_class=inside_visible, num_segments=37, num_interactions=38, segment_types=['stable', 'shift', 'stable', 'shift', 'stable', 'shift', 'stable', 'shift'], interaction_events=['focused_attention', 'attention_shift', 'focused_attention', 'attention_shift', 'monitoring', 'attention_shift', 'monitoring', 'attention_shift'].",,"[""focused_attention"", ""exploratory_attention"", ""occluded_attention"", ""reduced_visual_availability"", ""mixed_attention""]",focused_attention,0.84,"[""visible_ratio=0.993"", ""gaze_shift_ratio=0.007"", ""occlusion_ratio=0.000"", ""eyes_closed_ratio=0.000"", ""mean_gaze_motion=7.13"", ""attention_stability_score=0.854"", ""max_visible_streak=448"", ""segments=37"", ""interactions=38""]","[""Interpretation is limited to annotation-derived behavior and not video context.""]",2026-04-06T15:39:30+00:00,childplay-behavior-v1,visible_ratio=0.993; gaze_shift_ratio=0.007; occlusion_ratio=0.000; eyes_closed_ratio=0.000; mean_gaze_motion=7.13; attention_stability_score=0.854; dominant_gaze_class=inside_visible; observed_frames=1006
HUnQ6VE9NIY_3547-4167:person_1,HUnQ6VE9NIY_3547-4167,rule-based,rule-based,train,"Child gaze behavior summary. split=train, observed_frames=621, visible_ratio=0.815, on_screen_ratio=0.871, gaze_shift_ratio=0.027, occlusion_ratio=0.056, eyes_closed_ratio=0.000, mean_head_motion=1.95, mean_gaze_motion=4.57, attention_stability_score=0.749, dominant_gaze_class=inside_visible, num_segments=18, num_interactions=19, segment_types=['stable', 'uncertain', 'stable', 'shift', 'stable', 'shift', 'stable', 'shift'], interaction_events=['focused_attention', 'monitoring', 'focused_attention', 'attention_shift', 'focused_attention', 'attention_shift', 'focused_attention', 'attention_shift'].",,"[""focused_attention"", ""exploratory_attention"", ""occluded_attention"", ""reduced_visual_availability"", ""mixed_attention""]",focused_attention,0.84,"[""visible_ratio=0.815"", ""gaze_shift_ratio=0.027"", ""occlusion_ratio=0.056"", ""eyes_closed_ratio=0.000"", ""mean_gaze_motion=4.57"", ""attention_stability_score=0.749"", ""max_visible_streak=221"", ""segments=18"", ""interactions=19""]","[""Interpretation is limited to annotation-derived behavior and not video context.""]",2026-04-06T15:39:30+00:00,childplay-behavior-v1,visible_ratio=0.815; gaze_shift_ratio=0.027; occlusion_ratio=0.056; eyes_closed_ratio=0.000; mean_gaze_motion=4.57; attention_stability_score=0.749; dominant_gaze_class=inside_visible; observed_frames=621
HUnQ6VE9NIY_3547-4167:person_2,HUnQ6VE9NIY_3547-4167,rule-based,rule-based,train,"Child gaze behavior summary. split=train, observed_frames=621, visible_ratio=0.593, on_screen_ratio=0.597, gaze_shift_ratio=0.233, occlusion_ratio=0.005, eyes_closed_ratio=0.000, mean_head_motion=1.19, mean_gaze_motion=10.04, attention_stability_score=0.597, dominant_gaze_class=inside_visible, num_segments=20, num_interactions=21, segment_types=['occluded', 'stable', 'shift', 'outside', 'stable', 'shift', 'stable', 'shift'], interaction_events=['reduced_visual_availability', 'monitoring', 'attention_shift', 'reduced_visual_availability', 'monitoring', 'attention_shift', 'monitoring', 'attention_shift'].",,"[""focused_attention"", ""exploratory_attention"", ""occluded_attention"", ""reduced_visual_availability"", ""mixed_attention""]",exploratory_attention,0.8,"[""visible_ratio=0.593"", ""gaze_shift_ratio=0.233"", ""occlusion_ratio=0.005"", ""eyes_closed_ratio=0.000"", ""mean_gaze_motion=10.04"", ""attention_stability_score=0.597"", ""max_visible_streak=176"", ""segments=20"", ""interactions=21""]","[""Interpretation is limited to annotation-derived behavior and not video context.""]",2026-04-06T15:39:30+00:00,childplay-behavior-v1,visible_ratio=0.593; gaze_shift_ratio=0.233; occlusion_ratio=0.005; eyes_closed_ratio=0.000; mean_gaze_motion=10.04; attention_stability_score=0.597; dominant_gaze_class=inside_visible; observed_frames=621
HUnQ6VE9NIY_4216-4440:person_1,HUnQ6VE9NIY_4216-4440,rule-based,rule-based,train,"Child gaze behavior summary. split=train, observed_frames=225, visible_ratio=0.920, on_screen_ratio=0.920, gaze_shift_ratio=0.080, occlusion_ratio=0.000, eyes_closed_ratio=0.000, mean_head_motion=1.50, mean_gaze_motion=7.06, attention_stability_score=0.810, dominant_gaze_class=inside_visible, num_segments=9, num_interactions=10, segment_types=['stable', 'shift', 'stable', 'shift', 'stable', 'shift', 'stable', 'shift'], interaction_events=['monitoring', 'attention_shift', 'monitoring', 'attention_shift', 'focused_attention', 'attention_shift', 'focused_attention', 'attention_shift'].",,"[""focused_attention"", ""exploratory_attention"", ""occluded_attention"", ""reduced_visual_availability"", ""mixed_attention""]",focused_attention,0.84,"[""visible_ratio=0.920"", ""gaze_shift_ratio=0.080"", ""occlusion_ratio=0.000"", ""eyes_closed_ratio=0.000"", ""mean_gaze_motion=7.06"", ""attention_stability_score=0.810"", ""max_visible_streak=100"", ""segments=9"", ""interactions=10""]","[""Interpretation is limited to annotation-derived behavior and not video context.""]",2026-04-06T15:39:30+00:00,childplay-behavior-v1,visible_ratio=0.920; gaze_shift_ratio=0.080; occlusion_ratio=0.000; eyes_closed_ratio=0.000; mean_gaze_motion=7.06; attention_stability_score=0.810; dominant_gaze_class=inside_visible; observed_frames=225
HUnQ6VE9NIY_4526-4685:person_1,HUnQ6VE9NIY_4526-4685,rule-based,rule-based,train,"Child gaze behavior summary. split=train, observed_frames=160, visible_ratio=0.819, on_screen_ratio=0.819, gaze_shift_ratio=0.181, occlusion_ratio=0.000, eyes_closed_ratio=0.000, mean_head_motion=1.96, mean_gaze_motion=7.29, attention_stability_score=0.730, dominant_gaze_class=inside_visible, num_segments=6, num_interactions=7, segment_types=['stable', 'shift', 'stable', 'shift', 'stable', 'shift'], interaction_events=['focused_attention', 'attention_shift', 'monitoring', 'attention_shift', 'focused_attention', 'attention_shift', 'exploratory_behavior'].",,"[""focused_attention"", ""exploratory_attention"", ""occluded_attention"", ""reduced_visual_availability"", ""mixed_attention""]",mixed_attention,0.68,"[""visible_ratio=0.819"", ""gaze_shift_ratio=0.181"", ""occlusion_ratio=0.000"", ""eyes_closed_ratio=0.000"", ""mean_gaze_motion=7.29"", ""attention_stability_score=0.730"", ""max_visible_streak=59"", ""segments=6"", ""interactions=7""]","[""Interpretation is limited to annotation-derived behavior and not video context.""]",2026-04-06T15:39:30+00:00,childplay-behavior-v1,visible_ratio=0.819; gaze_shift_ratio=0.181; occlusion_ratio=0.000; eyes_closed_ratio=0.000; mean_gaze_motion=7.29; attention_stability_score=0.730; dominant_gaze_class=inside_visible; observed_frames=160
IMrKEA2j278_4605-4875:person_1,IMrKEA2j278_4605-4875,rule-based,rule-based,train,"Child gaze behavior summary. split=train, observed_frames=271, visible_ratio=0.734, on_screen_ratio=0.734, gaze_shift_ratio=0.011, occlusion_ratio=0.000, eyes_closed_ratio=0.000, mean_head_motion=5.32, mean_gaze_motion=23.96, attention_stability_score=0.750, dominant_gaze_class=inside_visible, num_segments=22, num_interactions=23, segment_types=['stable', 'outside', 'stable', 'shift', 'stable', 'shift', 'stable', 'shift'], interaction_events=['monitoring', 'reduced_visual_availability', 'monitoring', 'attention_shift', 'monitoring', 'attention_shift', 'monitoring', 'attention_shift'].",,"[""focused_attention"", ""exploratory_attention"", ""occluded_attention"", ""reduced_visual_availability"", ""mixed_attention""]",mixed_attention,0.68,"[""visible_ratio=0.734"", ""gaze_shift_ratio=0.011"", ""occlusion_ratio=0.000"", ""eyes_closed_ratio=0.000"", ""mean_gaze_motion=23.96"", ""attention_stability_score=0.750"", ""max_visible_streak=144"", ""segments=22"", ""interactions=23""]","[""Interpretation is limited to annotation-derived behavior and not video context.""]",2026-04-06T15:39:30+00:00,childplay-behavior-v1,visible_ratio=0.734; gaze_shift_ratio=0.011; occlusion_ratio=0.000; eyes_closed_ratio=0.000; mean_gaze_motion=23.96; attention_stability_score=0.750; dominant_gaze_class=inside_visible; observed_frames=271
IMrKEA2j278_4605-4875:person_2,IMrKEA2j278_4605-4875,rule-based,rule-based,train,"Child gaze behavior summary. split=train, observed_frames=271, visible_ratio=0.827, on_screen_ratio=0.827, gaze_shift_ratio=0.022, occlusion_ratio=0.000, eyes_closed_ratio=0.000, mean_head_motion=4.01, mean_gaze_motion=19.44, attention_stability_score=0.753, dominant_gaze_class=inside_visible, num_segments=19, num_interactions=20, segment_types=['stable', 'shift', 'stable', 'outside', 'stable', 'shift', 'stable', 'outside'], interaction_events=['focused_attention', 'attention_shift', 'monitoring', 'reduced_visual_availability', 'monitoring', 'attention_shift', 'monitoring', 'reduced_visual_availability'].",,"[""focused_attention"", ""exploratory_attention"", ""occluded_attention"", ""reduced_visual_availability"", ""mixed_attention""]",focused_attention,0.84,"[""visible_ratio=0.827"", ""gaze_shift_ratio=0.022"", ""occlusion_ratio=0.000"", ""eyes_closed_ratio=0.000"", ""mean_gaze_motion=19.44"", ""attention_stability_score=0.753"", ""max_visible_streak=102"", ""segments=19"", ""interactions=20""]","[""Interpretation is limited to annotation-derived behavior and not video context.""]",2026-04-06T15:39:30+00:00,childplay-behavior-v1,visible_ratio=0.827; gaze_shift_ratio=0.022; occlusion_ratio=0.000; eyes_closed_ratio=0.000; mean_gaze_motion=19.44; attention_stability_score=0.753; dominant_gaze_class=inside_visible; observed_frames=271
IMrKEA2j278_4931-5209:person_1,IMrKEA2j278_4931-5209,rule-based,rule-based,train,"Child gaze behavior summary. split=train, observed_frames=279, visible_ratio=0.993, on_screen_ratio=0.993, gaze_shift_ratio=0.007, occlusion_ratio=0.000, eyes_closed_ratio=0.000, mean_head_motion=3.02, mean_gaze_motion=16.22, attention_stability_score=0.930, dominant_gaze_class=inside_visible, num_segments=10, num_interactions=11, segment_types=['stable', 'shift', 'stable', 'shift', 'stable', 'shift', 'stable', 'shift'], interaction_events=['focused_attention', 'attention_shift', 'focused_attention', 'attention_shift', 'monitoring', 'attention_shift', 'monitoring', 'attention_shift'].",,"[""focused_attention"", ""exploratory_attention"", ""occluded_attention"", ""reduced_visual_availability"", ""mixed_attention""]",focused_attention,0.84,"[""visible_ratio=0.993"", ""gaze_shift_ratio=0.007"", ""occlusion_ratio=0.000"", ""eyes_closed_ratio=0.000"", ""mean_gaze_motion=16.22"", ""attention_stability_score=0.930"", ""max_visible_streak=215"", ""segments=10"", ""interactions=11""]","[""Interpretation is limited to annotation-derived behavior and not video context.""]",2026-04-06T15:39:30+00:00,childplay-behavior-v1,visible_ratio=0.993; gaze_shift_ratio=0.007; occlusion_ratio=0.000; eyes_closed_ratio=0.000; mean_gaze_motion=16.22; attention_stability_score=0.930; dominant_gaze_class=inside_visible; observed_frames=279
IMrKEA2j278_4931-5209:person_2,IMrKEA2j278_4931-5209,rule-based,rule-based,train,"Child gaze behavior summary. split=train, observed_frames=279, visible_ratio=0.932, on_screen_ratio=0.932, gaze_shift_ratio=0.068, occlusion_ratio=0.000, eyes_closed_ratio=0.000, mean_head_motion=5.38, mean_gaze_motion=30.53, attention_stability_score=0.780, dominant_gaze_class=inside_visible, num_segments=19, num_interactions=20, segment_types=['stable', 'shift', 'stable', 'shift', 'stable', 'shift', 'stable', 'shift'], interaction_events=['monitoring', 'attention_shift', 'monitoring', 'attention_shift', 'focused_attention', 'attention_shift', 'monitoring', 'attention_shift'].",,"[""focused_attention"", ""exploratory_attention"", ""occluded_attention"", ""reduced_visual_availability"", ""mixed_attention""]",focused_attention,0.84,"[""visible_ratio=0.932"", ""gaze_shift_ratio=0.068"", ""occlusion_ratio=0.000"", ""eyes_closed_ratio=0.000"", ""mean_gaze_motion=30.53"", ""attention_stability_score=0.780"", ""max_visible_streak=96"", ""segments=19"", ""interactions=20""]","[""Interpretation is limited to annotation-derived behavior and not video context.""]",2026-04-06T15:39:30+00:00,childplay-behavior-v1,visible_ratio=0.932; gaze_shift_ratio=0.068; occlusion_ratio=0.000; eyes_closed_ratio=0.000; mean_gaze_motion=30.53; attention_stability_score=0.780; dominant_gaze_class=inside_visible; observed_frames=279
IMrKEA2j278_6853-6890:person_2,IMrKEA2j278_6853-6890,rule-based,rule-based,train,"Child gaze behavior summary. split=train, observed_frames=38, visible_ratio=1.000, on_screen_ratio=1.000, gaze_shift_ratio=0.000, occlusion_ratio=0.000, eyes_closed_ratio=0.000, mean_head_motion=17.49, mean_gaze_motion=0.00, attention_stability_score=1.000, dominant_gaze_class=inside_visible, num_segments=1, num_interactions=1, segment_types=['stable'], interaction_events=['focused_attention'].",,"[""focused_attention"", ""exploratory_attention"", ""occluded_attention"", ""reduced_visual_availability"", ""mixed_attention""]",focused_attention,0.84,"[""visible_ratio=1.000"", ""gaze_shift_ratio=0.000"", ""occlusion_ratio=0.000"", ""eyes_closed_ratio=0.000"", ""mean_gaze_motion=0.00"", ""attention_stability_score=1.000"", ""max_visible_streak=38"", ""segments=1"", ""interactions=1""]","[""Short clips provide less temporal evidence than longer sequences.""]",2026-04-06T15:39:30+00:00,childplay-behavior-v1,visible_ratio=1.000; gaze_shift_ratio=0.000; occlusion_ratio=0.000; eyes_closed_ratio=0.000; mean_gaze_motion=0.00; attention_stability_score=1.000; dominant_gaze_class=inside_visible; observed_frames=38
IMrKEA2j278_6853-6890:person_3,IMrKEA2j278_6853-6890,rule-based,rule-based,train,"Child gaze behavior summary. split=train, observed_frames=34, visible_ratio=1.000, on_screen_ratio=1.000, gaze_shift_ratio=0.000, occlusion_ratio=0.000, eyes_closed_ratio=0.000, mean_head_motion=11.16, mean_gaze_motion=18.51, attention_stability_score=0.991, dominant_gaze_class=inside_visible, num_segments=5, num_interactions=5, segment_types=['stable', 'shift', 'stable', 'shift', 'stable'], interaction_events=['monitoring', 'attention_shift', 'monitoring', 'attention_shift', 'monitoring'].",,"[""focused_attention"", ""exploratory_attention"", ""occluded_attention"", ""reduced_visual_availability"", ""mixed_attention""]",focused_attention,0.84,"[""visible_ratio=1.000"", ""gaze_shift_ratio=0.000"", ""occlusion_ratio=0.000"", ""eyes_closed_ratio=0.000"", ""mean_gaze_motion=18.51"", ""attention_stability_score=0.991"", ""max_visible_streak=34"", ""segments=5"", ""interactions=5""]","[""Short clips provide less temporal evidence than longer sequences.""]",2026-04-06T15:39:30+00:00,childplay-behavior-v1,visible_ratio=1.000; gaze_shift_ratio=0.000; occlusion_ratio=0.000; eyes_closed_ratio=0.000; mean_gaze_motion=18.51; attention_stability_score=0.991; dominant_gaze_class=inside_visible; observed_frames=34
IzIGXVPWaFQ_285-832:person_1,IzIGXVPWaFQ_285-832,rule-based,rule-based,train,"Child gaze behavior summary. split=train, observed_frames=548, visible_ratio=0.912, on_screen_ratio=0.912, gaze_shift_ratio=0.088, occlusion_ratio=0.000, eyes_closed_ratio=0.000, mean_head_motion=1.77, mean_gaze_motion=4.05, attention_stability_score=0.762, dominant_gaze_class=inside_visible, num_segments=15, num_interactions=16, segment_types=['stable', 'shift', 'stable', 'shift', 'stable', 'shift', 'stable', 'shift'], interaction_events=['focused_attention', 'attention_shift', 'focused_attention', 'attention_shift', 'monitoring', 'attention_shift', 'focused_attention', 'attention_shift'].",,"[""focused_attention"", ""exploratory_attention"", ""occluded_attention"", ""reduced_visual_availability"", ""mixed_attention""]",focused_attention,0.84,"[""visible_ratio=0.912"", ""gaze_shift_ratio=0.088"", ""occlusion_ratio=0.000"", ""eyes_closed_ratio=0.000"", ""mean_gaze_motion=4.05"", ""attention_stability_score=0.762"", ""max_visible_streak=145"", ""segments=15"", ""interactions=16""]","[""Interpretation is limited to annotation-derived behavior and not video context.""]",2026-04-06T15:39:30+00:00,childplay-behavior-v1,visible_ratio=0.912; gaze_shift_ratio=0.088; occlusion_ratio=0.000; eyes_closed_ratio=0.000; mean_gaze_motion=4.05; attention_stability_score=0.762; dominant_gaze_class=inside_visible; observed_frames=548
LHprThG7a00_1-948:person_1,LHprThG7a00_1-948,rule-based,rule-based,train,"Child gaze behavior summary. split=train, observed_frames=948, visible_ratio=0.802, on_screen_ratio=0.935, gaze_shift_ratio=0.036, occlusion_ratio=0.133, eyes_closed_ratio=0.000, mean_head_motion=2.02, mean_gaze_motion=13.19, attention_stability_score=0.732, dominant_gaze_class=inside_visible, num_segments=47, num_interactions=48, segment_types=['stable', 'shift', 'stable', 'shift', 'stable', 'shift', 'stable', 'shift'], interaction_events=['focused_attention', 'attention_shift', 'monitoring', 'attention_shift', 'focused_attention', 'attention_shift', 'monitoring', 'attention_shift'].",,"[""focused_attention"", ""exploratory_attention"", ""occluded_attention"", ""reduced_visual_availability"", ""mixed_attention""]",focused_attention,0.84,"[""visible_ratio=0.802"", ""gaze_shift_ratio=0.036"", ""occlusion_ratio=0.133"", ""eyes_closed_ratio=0.000"", ""mean_gaze_motion=13.19"", ""attention_stability_score=0.732"", ""max_visible_streak=317"", ""segments=47"", ""interactions=48""]","[""Interpretation is limited to annotation-derived behavior and not video context.""]",2026-04-06T15:39:30+00:00,childplay-behavior-v1,visible_ratio=0.802; gaze_shift_ratio=0.036; occlusion_ratio=0.133; eyes_closed_ratio=0.000; mean_gaze_motion=13.19; attention_stability_score=0.732; dominant_gaze_class=inside_visible; observed_frames=948
Lu-4VcxuBW0_2035-2159:person_2,Lu-4VcxuBW0_2035-2159,rule-based,rule-based,train,"Child gaze behavior summary. split=train, observed_frames=125, visible_ratio=0.920, on_screen_ratio=0.928, gaze_shift_ratio=0.072, occlusion_ratio=0.008, eyes_closed_ratio=0.000, mean_head_motion=0.27, mean_gaze_motion=9.69, attention_stability_score=0.792, dominant_gaze_class=inside_visible, num_segments=6, num_interactions=6, segment_types=['occluded', 'stable', 'shift', 'stable', 'shift', 'stable'], interaction_events=['reduced_visual_availability', 'focused_attention', 'attention_shift', 'monitoring', 'attention_shift', 'focused_attention'].",,"[""focused_attention"", ""exploratory_attention"", ""occluded_attention"", ""reduced_visual_availability"", ""mixed_attention""]",focused_attention,0.84,"[""visible_ratio=0.920"", ""gaze_shift_ratio=0.072"", ""occlusion_ratio=0.008"", ""eyes_closed_ratio=0.000"", ""mean_gaze_motion=9.69"", ""attention_stability_score=0.792"", ""max_visible_streak=47"", ""segments=6"", ""interactions=6""]","[""Interpretation is limited to annotation-derived behavior and not video context.""]",2026-04-06T15:39:30+00:00,childplay-behavior-v1,visible_ratio=0.920; gaze_shift_ratio=0.072; occlusion_ratio=0.008; eyes_closed_ratio=0.000; mean_gaze_motion=9.69; attention_stability_score=0.792; dominant_gaze_class=inside_visible; observed_frames=125
Lu-4VcxuBW0_2035-2159:person_3,Lu-4VcxuBW0_2035-2159,rule-based,rule-based,train,"Child gaze behavior summary. split=train, observed_frames=125, visible_ratio=0.928, on_screen_ratio=0.928, gaze_shift_ratio=0.072, occlusion_ratio=0.000, eyes_closed_ratio=0.000, mean_head_motion=0.35, mean_gaze_motion=9.49, attention_stability_score=0.836, dominant_gaze_class=inside_visible, num_segments=5, num_interactions=5, segment_types=['stable', 'shift', 'stable', 'shift', 'stable'], interaction_events=['monitoring', 'attention_shift', 'focused_attention', 'attention_shift', 'focused_attention'].",,"[""focused_attention"", ""exploratory_attention"", ""occluded_attention"", ""reduced_visual_availability"", ""mixed_attention""]",focused_attention,0.84,"[""visible_ratio=0.928"", ""gaze_shift_ratio=0.072"", ""occlusion_ratio=0.000"", ""eyes_closed_ratio=0.000"", ""mean_gaze_motion=9.49"", ""attention_stability_score=0.836"", ""max_visible_streak=67"", ""segments=5"", ""interactions=5""]","[""Interpretation is limited to annotation-derived behavior and not video context.""]",2026-04-06T15:39:30+00:00,childplay-behavior-v1,visible_ratio=0.928; gaze_shift_ratio=0.072; occlusion_ratio=0.000; eyes_closed_ratio=0.000; mean_gaze_motion=9.49; attention_stability_score=0.836; dominant_gaze_class=inside_visible; observed_frames=125
Lu-4VcxuBW0_2517-2591:person_1,Lu-4VcxuBW0_2517-2591,rule-based,rule-based,train,"Child gaze behavior summary. split=train, observed_frames=75, visible_ratio=1.000, on_screen_ratio=1.000, gaze_shift_ratio=0.000, occlusion_ratio=0.000, eyes_closed_ratio=0.000, mean_head_motion=2.53, mean_gaze_motion=8.82, attention_stability_score=0.996, dominant_gaze_class=inside_visible, num_segments=3, num_interactions=3, segment_types=['stable', 'shift', 'stable'], interaction_events=['focused_attention', 'attention_shift', 'monitoring'].",,"[""focused_attention"", ""exploratory_attention"", ""occluded_attention"", ""reduced_visual_availability"", ""mixed_attention""]",focused_attention,0.84,"[""visible_ratio=1.000"", ""gaze_shift_ratio=0.000"", ""occlusion_ratio=0.000"", ""eyes_closed_ratio=0.000"", ""mean_gaze_motion=8.82"", ""attention_stability_score=0.996"", ""max_visible_streak=75"", ""segments=3"", ""interactions=3""]","[""Interpretation is limited to annotation-derived behavior and not video context.""]",2026-04-06T15:39:30+00:00,childplay-behavior-v1,visible_ratio=1.000; gaze_shift_ratio=0.000; occlusion_ratio=0.000; eyes_closed_ratio=0.000; mean_gaze_motion=8.82; attention_stability_score=0.996; dominant_gaze_class=inside_visible; observed_frames=75
Lu-4VcxuBW0_2517-2591:person_2,Lu-4VcxuBW0_2517-2591,rule-based,rule-based,train,"Child gaze behavior summary. split=train, observed_frames=75, visible_ratio=1.000, on_screen_ratio=1.000, gaze_shift_ratio=0.000, occlusion_ratio=0.000, eyes_closed_ratio=0.000, mean_head_motion=1.71, mean_gaze_motion=5.46, attention_stability_score=0.997, dominant_gaze_class=inside_visible, num_segments=1, num_interactions=1, segment_types=['stable'], interaction_events=['focused_attention'].",,"[""focused_attention"", ""exploratory_attention"", ""occluded_attention"", ""reduced_visual_availability"", ""mixed_attention""]",focused_attention,0.84,"[""visible_ratio=1.000"", ""gaze_shift_ratio=0.000"", ""occlusion_ratio=0.000"", ""eyes_closed_ratio=0.000"", ""mean_gaze_motion=5.46"", ""attention_stability_score=0.997"", ""max_visible_streak=75"", ""segments=1"", ""interactions=1""]","[""Interpretation is limited to annotation-derived behavior and not video context.""]",2026-04-06T15:39:30+00:00,childplay-behavior-v1,visible_ratio=1.000; gaze_shift_ratio=0.000; occlusion_ratio=0.000; eyes_closed_ratio=0.000; mean_gaze_motion=5.46; attention_stability_score=0.997; dominant_gaze_class=inside_visible; observed_frames=75
Lu-4VcxuBW0_3207-3448:person_1,Lu-4VcxuBW0_3207-3448,rule-based,rule-based,train,"Child gaze behavior summary. split=train, observed_frames=242, visible_ratio=0.707, on_screen_ratio=0.707, gaze_shift_ratio=0.194, occlusion_ratio=0.000, eyes_closed_ratio=0.000, mean_head_motion=1.20, mean_gaze_motion=3.14, attention_stability_score=0.651, dominant_gaze_class=inside_visible, num_segments=13, num_interactions=14, segment_types=['stable', 'shift', 'outside', 'shift', 'stable', 'shift', 'stable', 'shift'], interaction_events=['monitoring', 'attention_shift', 'reduced_visual_availability', 'attention_shift', 'focused_attention', 'attention_shift', 'focused_attention', 'attention_shift'].",,"[""focused_attention"", ""exploratory_attention"", ""occluded_attention"", ""reduced_visual_availability"", ""mixed_attention""]",mixed_attention,0.68,"[""visible_ratio=0.707"", ""gaze_shift_ratio=0.194"", ""occlusion_ratio=0.000"", ""eyes_closed_ratio=0.000"", ""mean_gaze_motion=3.14"", ""attention_stability_score=0.651"", ""max_visible_streak=62"", ""segments=13"", ""interactions=14""]","[""Interpretation is limited to annotation-derived behavior and not video context.""]",2026-04-06T15:39:30+00:00,childplay-behavior-v1,visible_ratio=0.707; gaze_shift_ratio=0.194; occlusion_ratio=0.000; eyes_closed_ratio=0.000; mean_gaze_motion=3.14; attention_stability_score=0.651; dominant_gaze_class=inside_visible; observed_frames=242
Lu-4VcxuBW0_3207-3448:person_2,Lu-4VcxuBW0_3207-3448,rule-based,rule-based,train,"Child gaze behavior summary. split=train, observed_frames=242, visible_ratio=0.826, on_screen_ratio=0.826, gaze_shift_ratio=0.145, occlusion_ratio=0.000, eyes_closed_ratio=0.000, mean_head_motion=1.19, mean_gaze_motion=11.01, attention_stability_score=0.712, dominant_gaze_class=inside_visible, num_segments=17, num_interactions=18, segment_types=['stable', 'shift', 'stable', 'shift', 'stable', 'shift', 'stable', 'shift'], interaction_events=['focused_attention', 'attention_shift', 'monitoring', 'attention_shift', 'focused_attention', 'attention_shift', 'monitoring', 'attention_shift'].",,"[""focused_attention"", ""exploratory_attention"", ""occluded_attention"", ""reduced_visual_availability"", ""mixed_attention""]",mixed_attention,0.68,"[""visible_ratio=0.826"", ""gaze_shift_ratio=0.145"", ""occlusion_ratio=0.000"", ""eyes_closed_ratio=0.000"", ""mean_gaze_motion=11.01"", ""attention_stability_score=0.712"", ""max_visible_streak=65"", ""segments=17"", ""interactions=18""]","[""Interpretation is limited to annotation-derived behavior and not video context.""]",2026-04-06T15:39:30+00:00,childplay-behavior-v1,visible_ratio=0.826; gaze_shift_ratio=0.145; occlusion_ratio=0.000; eyes_closed_ratio=0.000; mean_gaze_motion=11.01; attention_stability_score=0.712; dominant_gaze_class=inside_visible; observed_frames=242
Lz0Oh2cxoTU_12550-14053:person_2,Lz0Oh2cxoTU_12550-14053,rule-based,rule-based,train,"Child gaze behavior summary. split=train, observed_frames=1504, visible_ratio=0.948, on_screen_ratio=0.966, gaze_shift_ratio=0.034, occlusion_ratio=0.018, eyes_closed_ratio=0.000, mean_head_motion=0.64, mean_gaze_motion=5.79, attention_stability_score=0.773, dominant_gaze_class=inside_visible, num_segments=35, num_interactions=36, segment_types=['stable', 'occluded', 'stable', 'shift', 'stable', 'shift', 'stable', 'occluded'], interaction_events=['monitoring', 'reduced_visual_availability', 'focused_attention', 'attention_shift', 'focused_attention', 'attention_shift', 'monitoring', 'reduced_visual_availability'].",,"[""focused_attention"", ""exploratory_attention"", ""occluded_attention"", ""reduced_visual_availability"", ""mixed_attention""]",focused_attention,0.84,"[""visible_ratio=0.948"", ""gaze_shift_ratio=0.034"", ""occlusion_ratio=0.018"", ""eyes_closed_ratio=0.000"", ""mean_gaze_motion=5.79"", ""attention_stability_score=0.773"", ""max_visible_streak=325"", ""segments=35"", ""interactions=36""]","[""Interpretation is limited to annotation-derived behavior and not video context.""]",2026-04-06T15:39:30+00:00,childplay-behavior-v1,visible_ratio=0.948; gaze_shift_ratio=0.034; occlusion_ratio=0.018; eyes_closed_ratio=0.000; mean_gaze_motion=5.79; attention_stability_score=0.773; dominant_gaze_class=inside_visible; observed_frames=1504
Lz0Oh2cxoTU_12550-14053:person_3,Lz0Oh2cxoTU_12550-14053,rule-based,rule-based,train,"Child gaze behavior summary. split=train, observed_frames=1504, visible_ratio=1.000, on_screen_ratio=1.000, gaze_shift_ratio=0.000, occlusion_ratio=0.000, eyes_closed_ratio=0.000, mean_head_motion=0.42, mean_gaze_motion=0.00, attention_stability_score=1.000, dominant_gaze_class=inside_visible, num_segments=1, num_interactions=1, segment_types=['stable'], interaction_events=['focused_attention'].",,"[""focused_attention"", ""exploratory_attention"", ""occluded_attention"", ""reduced_visual_availability"", ""mixed_attention""]",focused_attention,0.84,"[""visible_ratio=1.000"", ""gaze_shift_ratio=0.000"", ""occlusion_ratio=0.000"", ""eyes_closed_ratio=0.000"", ""mean_gaze_motion=0.00"", ""attention_stability_score=1.000"", ""max_visible_streak=1504"", ""segments=1"", ""interactions=1""]","[""Interpretation is limited to annotation-derived behavior and not video context.""]",2026-04-06T15:39:30+00:00,childplay-behavior-v1,visible_ratio=1.000; gaze_shift_ratio=0.000; occlusion_ratio=0.000; eyes_closed_ratio=0.000; mean_gaze_motion=0.00; attention_stability_score=1.000; dominant_gaze_class=inside_visible; observed_frames=1504
Lz0Oh2cxoTU_14104-14994:person_1,Lz0Oh2cxoTU_14104-14994,rule-based,rule-based,train,"Child gaze behavior summary. split=train, observed_frames=891, visible_ratio=0.569, on_screen_ratio=0.997, gaze_shift_ratio=0.003, occlusion_ratio=0.428, eyes_closed_ratio=0.000, mean_head_motion=2.20, mean_gaze_motion=17.91, attention_stability_score=0.598, dominant_gaze_class=inside_visible, num_segments=56, num_interactions=57, segment_types=['stable', 'shift', 'stable', 'shift', 'stable', 'shift', 'stable', 'occluded'], interaction_events=['monitoring', 'attention_shift', 'focused_attention', 'attention_shift', 'monitoring', 'attention_shift', 'focused_attention', 'reduced_visual_availability'].",,"[""focused_attention"", ""exploratory_attention"", ""occluded_attention"", ""reduced_visual_availability"", ""mixed_attention""]",occluded_attention,0.74,"[""visible_ratio=0.569"", ""gaze_shift_ratio=0.003"", ""occlusion_ratio=0.428"", ""eyes_closed_ratio=0.000"", ""mean_gaze_motion=17.91"", ""attention_stability_score=0.598"", ""max_visible_streak=183"", ""segments=56"", ""interactions=57""]","[""Interpretation is partially limited by occluded or uncertain gaze frames.""]",2026-04-06T15:39:30+00:00,childplay-behavior-v1,visible_ratio=0.569; gaze_shift_ratio=0.003; occlusion_ratio=0.428; eyes_closed_ratio=0.000; mean_gaze_motion=17.91; attention_stability_score=0.598; dominant_gaze_class=inside_visible; observed_frames=891
Lz0Oh2cxoTU_14104-14994:person_3,Lz0Oh2cxoTU_14104-14994,rule-based,rule-based,train,"Child gaze behavior summary. split=train, observed_frames=609, visible_ratio=0.649, on_screen_ratio=0.767, gaze_shift_ratio=0.011, occlusion_ratio=0.118, eyes_closed_ratio=0.000, mean_head_motion=2.51, mean_gaze_motion=15.87, attention_stability_score=0.648, dominant_gaze_class=inside_visible, num_segments=33, num_interactions=34, segment_types=['stable', 'shift', 'stable', 'shift', 'stable', 'shift', 'stable', 'shift'], interaction_events=['monitoring', 'attention_shift', 'monitoring', 'attention_shift', 'monitoring', 'attention_shift', 'monitoring', 'attention_shift'].",,"[""focused_attention"", ""exploratory_attention"", ""occluded_attention"", ""reduced_visual_availability"", ""mixed_attention""]",mixed_attention,0.68,"[""visible_ratio=0.649"", ""gaze_shift_ratio=0.011"", ""occlusion_ratio=0.118"", ""eyes_closed_ratio=0.000"", ""mean_gaze_motion=15.87"", ""attention_stability_score=0.648"", ""max_visible_streak=161"", ""segments=33"", ""interactions=34""]","[""Interpretation is limited to annotation-derived behavior and not video context.""]",2026-04-06T15:39:30+00:00,childplay-behavior-v1,visible_ratio=0.649; gaze_shift_ratio=0.011; occlusion_ratio=0.118; eyes_closed_ratio=0.000; mean_gaze_motion=15.87; attention_stability_score=0.648; dominant_gaze_class=inside_visible; observed_frames=609
Lz0Oh2cxoTU_15359-15573:person_2,Lz0Oh2cxoTU_15359-15573,rule-based,rule-based,train,"Child gaze behavior summary. split=train, observed_frames=215, visible_ratio=0.000, on_screen_ratio=1.000, gaze_shift_ratio=0.000, occlusion_ratio=1.000, eyes_closed_ratio=0.000, mean_head_motion=0.69, mean_gaze_motion=0.00, attention_stability_score=0.300, dominant_gaze_class=inside_occluded, num_segments=1, num_interactions=1, segment_types=['occluded'], interaction_events=['reduced_visual_availability'].",,"[""focused_attention"", ""exploratory_attention"", ""occluded_attention"", ""reduced_visual_availability"", ""mixed_attention""]",occluded_attention,0.74,"[""visible_ratio=0.000"", ""gaze_shift_ratio=0.000"", ""occlusion_ratio=1.000"", ""eyes_closed_ratio=0.000"", ""mean_gaze_motion=0.00"", ""attention_stability_score=0.300"", ""max_visible_streak=0"", ""segments=1"", ""interactions=1""]","[""Interpretation is partially limited by occluded or uncertain gaze frames.""]",2026-04-06T15:39:30+00:00,childplay-behavior-v1,visible_ratio=0.000; gaze_shift_ratio=0.000; occlusion_ratio=1.000; eyes_closed_ratio=0.000; mean_gaze_motion=0.00; attention_stability_score=0.300; dominant_gaze_class=inside_occluded; observed_frames=215
Lz0Oh2cxoTU_15359-15573:person_3,Lz0Oh2cxoTU_15359-15573,rule-based,rule-based,train,"Child gaze behavior summary. split=train, observed_frames=32, visible_ratio=0.000, on_screen_ratio=0.000, gaze_shift_ratio=0.000, occlusion_ratio=0.000, eyes_closed_ratio=0.000, mean_head_motion=19.25, mean_gaze_motion=0.00, attention_stability_score=0.300, dominant_gaze_class=outside_frame, num_segments=1, num_interactions=1, segment_types=['outside'], interaction_events=['reduced_visual_availability'].",,"[""focused_attention"", ""exploratory_attention"", ""occluded_attention"", ""reduced_visual_availability"", ""mixed_attention""]",mixed_attention,0.68,"[""visible_ratio=0.000"", ""gaze_shift_ratio=0.000"", ""occlusion_ratio=0.000"", ""eyes_closed_ratio=0.000"", ""mean_gaze_motion=0.00"", ""attention_stability_score=0.300"", ""max_visible_streak=0"", ""segments=1"", ""interactions=1""]","[""Short clips provide less temporal evidence than longer sequences.""]",2026-04-06T15:39:30+00:00,childplay-behavior-v1,visible_ratio=0.000; gaze_shift_ratio=0.000; occlusion_ratio=0.000; eyes_closed_ratio=0.000; mean_gaze_motion=0.00; attention_stability_score=0.300; dominant_gaze_class=outside_frame; observed_frames=32
Lz0Oh2cxoTU_24789-24823:person_1,Lz0Oh2cxoTU_24789-24823,rule-based,rule-based,train,"Child gaze behavior summary. split=train, observed_frames=35, visible_ratio=1.000, on_screen_ratio=1.000, gaze_shift_ratio=0.000, occlusion_ratio=0.000, eyes_closed_ratio=0.000, mean_head_motion=1.69, mean_gaze_motion=1.29, attention_stability_score=0.999, dominant_gaze_class=inside_visible, num_segments=1, num_interactions=1, segment_types=['stable'], interaction_events=['focused_attention'].",,"[""focused_attention"", ""exploratory_attention"", ""occluded_attention"", ""reduced_visual_availability"", ""mixed_attention""]",focused_attention,0.84,"[""visible_ratio=1.000"", ""gaze_shift_ratio=0.000"", ""occlusion_ratio=0.000"", ""eyes_closed_ratio=0.000"", ""mean_gaze_motion=1.29"", ""attention_stability_score=0.999"", ""max_visible_streak=35"", ""segments=1"", ""interactions=1""]","[""Short clips provide less temporal evidence than longer sequences.""]",2026-04-06T15:39:30+00:00,childplay-behavior-v1,visible_ratio=1.000; gaze_shift_ratio=0.000; occlusion_ratio=0.000; eyes_closed_ratio=0.000; mean_gaze_motion=1.29; attention_stability_score=0.999; dominant_gaze_class=inside_visible; observed_frames=35
Lz0Oh2cxoTU_24789-24823:person_2,Lz0Oh2cxoTU_24789-24823,rule-based,rule-based,train,"Child gaze behavior summary. split=train, observed_frames=35, visible_ratio=0.629, on_screen_ratio=0.629, gaze_shift_ratio=0.000, occlusion_ratio=0.000, eyes_closed_ratio=0.000, mean_head_motion=1.74, mean_gaze_motion=9.54, attention_stability_score=0.735, dominant_gaze_class=inside_visible, num_segments=4, num_interactions=4, segment_types=['stable', 'shift', 'stable', 'outside'], interaction_events=['monitoring', 'attention_shift', 'monitoring', 'reduced_visual_availability'].",,"[""focused_attention"", ""exploratory_attention"", ""occluded_attention"", ""reduced_visual_availability"", ""mixed_attention""]",mixed_attention,0.68,"[""visible_ratio=0.629"", ""gaze_shift_ratio=0.000"", ""occlusion_ratio=0.000"", ""eyes_closed_ratio=0.000"", ""mean_gaze_motion=9.54"", ""attention_stability_score=0.735"", ""max_visible_streak=22"", ""segments=4"", ""interactions=4""]","[""Short clips provide less temporal evidence than longer sequences.""]",2026-04-06T15:39:30+00:00,childplay-behavior-v1,visible_ratio=0.629; gaze_shift_ratio=0.000; occlusion_ratio=0.000; eyes_closed_ratio=0.000; mean_gaze_motion=9.54; attention_stability_score=0.735; dominant_gaze_class=inside_visible; observed_frames=35
Lz0Oh2cxoTU_25430-26026:person_2,Lz0Oh2cxoTU_25430-26026,rule-based,rule-based,train,"Child gaze behavior summary. split=train, observed_frames=597, visible_ratio=0.786, on_screen_ratio=0.888, gaze_shift_ratio=0.112, occlusion_ratio=0.102, eyes_closed_ratio=0.000, mean_head_motion=1.82, mean_gaze_motion=10.21, attention_stability_score=0.676, dominant_gaze_class=inside_visible, num_segments=23, num_interactions=24, segment_types=['stable', 'shift', 'stable', 'shift', 'stable', 'shift', 'occluded', 'stable'], interaction_events=['focused_attention', 'attention_shift', 'monitoring', 'attention_shift', 'focused_attention', 'attention_shift', 'reduced_visual_availability', 'monitoring'].",,"[""focused_attention"", ""exploratory_attention"", ""occluded_attention"", ""reduced_visual_availability"", ""mixed_attention""]",mixed_attention,0.68,"[""visible_ratio=0.786"", ""gaze_shift_ratio=0.112"", ""occlusion_ratio=0.102"", ""eyes_closed_ratio=0.000"", ""mean_gaze_motion=10.21"", ""attention_stability_score=0.676"", ""max_visible_streak=106"", ""segments=23"", ""interactions=24""]","[""Interpretation is limited to annotation-derived behavior and not video context.""]",2026-04-06T15:39:30+00:00,childplay-behavior-v1,visible_ratio=0.786; gaze_shift_ratio=0.112; occlusion_ratio=0.102; eyes_closed_ratio=0.000; mean_gaze_motion=10.21; attention_stability_score=0.676; dominant_gaze_class=inside_visible; observed_frames=597
Lz0Oh2cxoTU_2729-2900:person_2,Lz0Oh2cxoTU_2729-2900,rule-based,rule-based,train,"Child gaze behavior summary. split=train, observed_frames=172, visible_ratio=0.436, on_screen_ratio=1.000, gaze_shift_ratio=0.000, occlusion_ratio=0.564, eyes_closed_ratio=0.000, mean_head_motion=1.91, mean_gaze_motion=20.59, attention_stability_score=0.582, dominant_gaze_class=inside_occluded, num_segments=10, num_interactions=11, segment_types=['stable', 'shift', 'stable', 'shift', 'stable', 'shift', 'stable', 'shift'], interaction_events=['monitoring', 'attention_shift', 'monitoring', 'attention_shift', 'focused_attention', 'attention_shift', 'monitoring', 'attention_shift'].",,"[""focused_attention"", ""exploratory_attention"", ""occluded_attention"", ""reduced_visual_availability"", ""mixed_attention""]",occluded_attention,0.74,"[""visible_ratio=0.436"", ""gaze_shift_ratio=0.000"", ""occlusion_ratio=0.564"", ""eyes_closed_ratio=0.000"", ""mean_gaze_motion=20.59"", ""attention_stability_score=0.582"", ""max_visible_streak=66"", ""segments=10"", ""interactions=11""]","[""Interpretation is partially limited by occluded or uncertain gaze frames.""]",2026-04-06T15:39:30+00:00,childplay-behavior-v1,visible_ratio=0.436; gaze_shift_ratio=0.000; occlusion_ratio=0.564; eyes_closed_ratio=0.000; mean_gaze_motion=20.59; attention_stability_score=0.582; dominant_gaze_class=inside_occluded; observed_frames=172
Lz0Oh2cxoTU_2729-2900:person_3,Lz0Oh2cxoTU_2729-2900,rule-based,rule-based,train,"Child gaze behavior summary. split=train, observed_frames=172, visible_ratio=1.000, on_screen_ratio=1.000, gaze_shift_ratio=0.000, occlusion_ratio=0.000, eyes_closed_ratio=0.000, mean_head_motion=0.75, mean_gaze_motion=6.48, attention_stability_score=0.997, dominant_gaze_class=inside_visible, num_segments=5, num_interactions=5, segment_types=['stable', 'shift', 'stable', 'shift', 'stable'], interaction_events=['focused_attention', 'attention_shift', 'monitoring', 'attention_shift', 'focused_attention'].",,"[""focused_attention"", ""exploratory_attention"", ""occluded_attention"", ""reduced_visual_availability"", ""mixed_attention""]",focused_attention,0.84,"[""visible_ratio=1.000"", ""gaze_shift_ratio=0.000"", ""occlusion_ratio=0.000"", ""eyes_closed_ratio=0.000"", ""mean_gaze_motion=6.48"", ""attention_stability_score=0.997"", ""max_visible_streak=172"", ""segments=5"", ""interactions=5""]","[""Interpretation is limited to annotation-derived behavior and not video context.""]",2026-04-06T15:39:30+00:00,childplay-behavior-v1,visible_ratio=1.000; gaze_shift_ratio=0.000; occlusion_ratio=0.000; eyes_closed_ratio=0.000; mean_gaze_motion=6.48; attention_stability_score=0.997; dominant_gaze_class=inside_visible; observed_frames=172
Lz0Oh2cxoTU_28133-28296:person_2,Lz0Oh2cxoTU_28133-28296,rule-based,rule-based,train,"Child gaze behavior summary. split=train, observed_frames=164, visible_ratio=0.878, on_screen_ratio=1.000, gaze_shift_ratio=0.000, occlusion_ratio=0.122, eyes_closed_ratio=0.000, mean_head_motion=0.31, mean_gaze_motion=0.62, attention_stability_score=0.869, dominant_gaze_class=inside_visible, num_segments=4, num_interactions=4, segment_types=['occluded', 'stable', 'occluded', 'stable'], interaction_events=['reduced_visual_availability', 'focused_attention', 'reduced_visual_availability', 'focused_attention'].",,"[""focused_attention"", ""exploratory_attention"", ""occluded_attention"", ""reduced_visual_availability"", ""mixed_attention""]",focused_attention,0.84,"[""visible_ratio=0.878"", ""gaze_shift_ratio=0.000"", ""occlusion_ratio=0.122"", ""eyes_closed_ratio=0.000"", ""mean_gaze_motion=0.62"", ""attention_stability_score=0.869"", ""max_visible_streak=114"", ""segments=4"", ""interactions=4""]","[""Interpretation is limited to annotation-derived behavior and not video context.""]",2026-04-06T15:39:30+00:00,childplay-behavior-v1,visible_ratio=0.878; gaze_shift_ratio=0.000; occlusion_ratio=0.122; eyes_closed_ratio=0.000; mean_gaze_motion=0.62; attention_stability_score=0.869; dominant_gaze_class=inside_visible; observed_frames=164
Lz0Oh2cxoTU_28133-28296:person_3,Lz0Oh2cxoTU_28133-28296,rule-based,rule-based,train,"Child gaze behavior summary. split=train, observed_frames=139, visible_ratio=0.791, on_screen_ratio=1.000, gaze_shift_ratio=0.000, occlusion_ratio=0.209, eyes_closed_ratio=0.000, mean_head_motion=0.80, mean_gaze_motion=3.89, attention_stability_score=0.852, dominant_gaze_class=inside_visible, num_segments=7, num_interactions=7, segment_types=['occluded', 'stable', 'shift', 'stable', 'shift', 'stable', 'occluded'], interaction_events=['reduced_visual_availability', 'monitoring', 'attention_shift', 'monitoring', 'attention_shift', 'focused_attention', 'reduced_visual_availability'].",,"[""focused_attention"", ""exploratory_attention"", ""occluded_attention"", ""reduced_visual_availability"", ""mixed_attention""]",focused_attention,0.84,"[""visible_ratio=0.791"", ""gaze_shift_ratio=0.000"", ""occlusion_ratio=0.209"", ""eyes_closed_ratio=0.000"", ""mean_gaze_motion=3.89"", ""attention_stability_score=0.852"", ""max_visible_streak=110"", ""segments=7"", ""interactions=7""]","[""Interpretation is partially limited by occluded or uncertain gaze frames.""]",2026-04-06T15:39:30+00:00,childplay-behavior-v1,visible_ratio=0.791; gaze_shift_ratio=0.000; occlusion_ratio=0.209; eyes_closed_ratio=0.000; mean_gaze_motion=3.89; attention_stability_score=0.852; dominant_gaze_class=inside_visible; observed_frames=139
Lz0Oh2cxoTU_30300-30484:person_2,Lz0Oh2cxoTU_30300-30484,rule-based,rule-based,train,"Child gaze behavior summary. split=train, observed_frames=185, visible_ratio=1.000, on_screen_ratio=1.000, gaze_shift_ratio=0.000, occlusion_ratio=0.000, eyes_closed_ratio=0.000, mean_head_motion=0.36, mean_gaze_motion=0.51, attention_stability_score=1.000, dominant_gaze_class=inside_visible, num_segments=1, num_interactions=1, segment_types=['stable'], interaction_events=['focused_attention'].",,"[""focused_attention"", ""exploratory_attention"", ""occluded_attention"", ""reduced_visual_availability"", ""mixed_attention""]",focused_attention,0.84,"[""visible_ratio=1.000"", ""gaze_shift_ratio=0.000"", ""occlusion_ratio=0.000"", ""eyes_closed_ratio=0.000"", ""mean_gaze_motion=0.51"", ""attention_stability_score=1.000"", ""max_visible_streak=185"", ""segments=1"", ""interactions=1""]","[""Interpretation is limited to annotation-derived behavior and not video context.""]",2026-04-06T15:39:30+00:00,childplay-behavior-v1,visible_ratio=1.000; gaze_shift_ratio=0.000; occlusion_ratio=0.000; eyes_closed_ratio=0.000; mean_gaze_motion=0.51; attention_stability_score=1.000; dominant_gaze_class=inside_visible; observed_frames=185
Lz0Oh2cxoTU_30300-30484:person_3,Lz0Oh2cxoTU_30300-30484,rule-based,rule-based,train,"Child gaze behavior summary. split=train, observed_frames=185, visible_ratio=0.638, on_screen_ratio=0.719, gaze_shift_ratio=0.000, occlusion_ratio=0.081, eyes_closed_ratio=0.000, mean_head_motion=4.98, mean_gaze_motion=5.45, attention_stability_score=0.717, dominant_gaze_class=inside_visible, num_segments=6, num_interactions=6, segment_types=['stable', 'occluded', 'stable', 'shift', 'stable', 'outside'], interaction_events=['monitoring', 'reduced_visual_availability', 'focused_attention', 'attention_shift', 'monitoring', 'reduced_visual_availability'].",,"[""focused_attention"", ""exploratory_attention"", ""occluded_attention"", ""reduced_visual_availability"", ""mixed_attention""]",mixed_attention,0.68,"[""visible_ratio=0.638"", ""gaze_shift_ratio=0.000"", ""occlusion_ratio=0.081"", ""eyes_closed_ratio=0.000"", ""mean_gaze_motion=5.45"", ""attention_stability_score=0.717"", ""max_visible_streak=98"", ""segments=6"", ""interactions=6""]","[""Interpretation is limited to annotation-derived behavior and not video context.""]",2026-04-06T15:39:30+00:00,childplay-behavior-v1,visible_ratio=0.638; gaze_shift_ratio=0.000; occlusion_ratio=0.081; eyes_closed_ratio=0.000; mean_gaze_motion=5.45; attention_stability_score=0.717; dominant_gaze_class=inside_visible; observed_frames=185
Lz0Oh2cxoTU_45601-45755:person_2,Lz0Oh2cxoTU_45601-45755,rule-based,rule-based,train,"Child gaze behavior summary. split=train, observed_frames=155, visible_ratio=0.955, on_screen_ratio=0.955, gaze_shift_ratio=0.039, occlusion_ratio=0.000, eyes_closed_ratio=0.000, mean_head_motion=1.07, mean_gaze_motion=12.53, attention_stability_score=0.845, dominant_gaze_class=inside_visible, num_segments=5, num_interactions=5, segment_types=['stable', 'shift', 'stable', 'outside', 'stable'], interaction_events=['focused_attention', 'attention_shift', 'monitoring', 'reduced_visual_availability', 'focused_attention'].",,"[""focused_attention"", ""exploratory_attention"", ""occluded_attention"", ""reduced_visual_availability"", ""mixed_attention""]",focused_attention,0.84,"[""visible_ratio=0.955"", ""gaze_shift_ratio=0.039"", ""occlusion_ratio=0.000"", ""eyes_closed_ratio=0.000"", ""mean_gaze_motion=12.53"", ""attention_stability_score=0.845"", ""max_visible_streak=79"", ""segments=5"", ""interactions=5""]","[""Interpretation is limited to annotation-derived behavior and not video context.""]",2026-04-06T15:39:30+00:00,childplay-behavior-v1,visible_ratio=0.955; gaze_shift_ratio=0.039; occlusion_ratio=0.000; eyes_closed_ratio=0.000; mean_gaze_motion=12.53; attention_stability_score=0.845; dominant_gaze_class=inside_visible; observed_frames=155
Lz0Oh2cxoTU_45601-45755:person_3,Lz0Oh2cxoTU_45601-45755,rule-based,rule-based,train,"Child gaze behavior summary. split=train, observed_frames=155, visible_ratio=1.000, on_screen_ratio=1.000, gaze_shift_ratio=0.000, occlusion_ratio=0.000, eyes_closed_ratio=0.000, mean_head_motion=1.28, mean_gaze_motion=11.72, attention_stability_score=0.994, dominant_gaze_class=inside_visible, num_segments=11, num_interactions=12, segment_types=['stable', 'shift', 'stable', 'shift', 'stable', 'shift', 'stable', 'shift'], interaction_events=['monitoring', 'attention_shift', 'monitoring', 'attention_shift', 'monitoring', 'attention_shift', 'monitoring', 'attention_shift'].",,"[""focused_attention"", ""exploratory_attention"", ""occluded_attention"", ""reduced_visual_availability"", ""mixed_attention""]",focused_attention,0.84,"[""visible_ratio=1.000"", ""gaze_shift_ratio=0.000"", ""occlusion_ratio=0.000"", ""eyes_closed_ratio=0.000"", ""mean_gaze_motion=11.72"", ""attention_stability_score=0.994"", ""max_visible_streak=155"", ""segments=11"", ""interactions=12""]","[""Interpretation is limited to annotation-derived behavior and not video context.""]",2026-04-06T15:39:30+00:00,childplay-behavior-v1,visible_ratio=1.000; gaze_shift_ratio=0.000; occlusion_ratio=0.000; eyes_closed_ratio=0.000; mean_gaze_motion=11.72; attention_stability_score=0.994; dominant_gaze_class=inside_visible; observed_frames=155
Lz0Oh2cxoTU_5624-5690:person_2,Lz0Oh2cxoTU_5624-5690,rule-based,rule-based,train,"Child gaze behavior summary. split=train, observed_frames=67, visible_ratio=1.000, on_screen_ratio=1.000, gaze_shift_ratio=0.000, occlusion_ratio=0.000, eyes_closed_ratio=0.000, mean_head_motion=0.60, mean_gaze_motion=0.58, attention_stability_score=1.000, dominant_gaze_class=inside_visible, num_segments=1, num_interactions=1, segment_types=['stable'], interaction_events=['focused_attention'].",,"[""focused_attention"", ""exploratory_attention"", ""occluded_attention"", ""reduced_visual_availability"", ""mixed_attention""]",focused_attention,0.84,"[""visible_ratio=1.000"", ""gaze_shift_ratio=0.000"", ""occlusion_ratio=0.000"", ""eyes_closed_ratio=0.000"", ""mean_gaze_motion=0.58"", ""attention_stability_score=1.000"", ""max_visible_streak=67"", ""segments=1"", ""interactions=1""]","[""Interpretation is limited to annotation-derived behavior and not video context.""]",2026-04-06T15:39:30+00:00,childplay-behavior-v1,visible_ratio=1.000; gaze_shift_ratio=0.000; occlusion_ratio=0.000; eyes_closed_ratio=0.000; mean_gaze_motion=0.58; attention_stability_score=1.000; dominant_gaze_class=inside_visible; observed_frames=67
Lz0Oh2cxoTU_5624-5690:person_3,Lz0Oh2cxoTU_5624-5690,rule-based,rule-based,train,"Child gaze behavior summary. split=train, observed_frames=67, visible_ratio=1.000, on_screen_ratio=1.000, gaze_shift_ratio=0.000, occlusion_ratio=0.000, eyes_closed_ratio=0.000, mean_head_motion=1.06, mean_gaze_motion=0.10, attention_stability_score=1.000, dominant_gaze_class=inside_visible, num_segments=1, num_interactions=1, segment_types=['stable'], interaction_events=['focused_attention'].",,"[""focused_attention"", ""exploratory_attention"", ""occluded_attention"", ""reduced_visual_availability"", ""mixed_attention""]",focused_attention,0.84,"[""visible_ratio=1.000"", ""gaze_shift_ratio=0.000"", ""occlusion_ratio=0.000"", ""eyes_closed_ratio=0.000"", ""mean_gaze_motion=0.10"", ""attention_stability_score=1.000"", ""max_visible_streak=67"", ""segments=1"", ""interactions=1""]","[""Interpretation is limited to annotation-derived behavior and not video context.""]",2026-04-06T15:39:30+00:00,childplay-behavior-v1,visible_ratio=1.000; gaze_shift_ratio=0.000; occlusion_ratio=0.000; eyes_closed_ratio=0.000; mean_gaze_motion=0.10; attention_stability_score=1.000; dominant_gaze_class=inside_visible; observed_frames=67
Lz0Oh2cxoTU_6450-6517:person_2,Lz0Oh2cxoTU_6450-6517,rule-based,rule-based,train,"Child gaze behavior summary. split=train, observed_frames=68, visible_ratio=0.515, on_screen_ratio=0.926, gaze_shift_ratio=0.074, occlusion_ratio=0.412, eyes_closed_ratio=0.000, mean_head_motion=1.19, mean_gaze_motion=8.98, attention_stability_score=0.623, dominant_gaze_class=inside_visible, num_segments=5, num_interactions=5, segment_types=['occluded', 'shift', 'stable', 'occluded', 'stable'], interaction_events=['reduced_visual_availability', 'attention_shift', 'monitoring', 'reduced_visual_availability', 'monitoring'].",,"[""focused_attention"", ""exploratory_attention"", ""occluded_attention"", ""reduced_visual_availability"", ""mixed_attention""]",occluded_attention,0.74,"[""visible_ratio=0.515"", ""gaze_shift_ratio=0.074"", ""occlusion_ratio=0.412"", ""eyes_closed_ratio=0.000"", ""mean_gaze_motion=8.98"", ""attention_stability_score=0.623"", ""max_visible_streak=29"", ""segments=5"", ""interactions=5""]","[""Interpretation is partially limited by occluded or uncertain gaze frames.""]",2026-04-06T15:39:30+00:00,childplay-behavior-v1,visible_ratio=0.515; gaze_shift_ratio=0.074; occlusion_ratio=0.412; eyes_closed_ratio=0.000; mean_gaze_motion=8.98; attention_stability_score=0.623; dominant_gaze_class=inside_visible; observed_frames=68
Lz0Oh2cxoTU_6450-6517:person_3,Lz0Oh2cxoTU_6450-6517,rule-based,rule-based,train,"Child gaze behavior summary. split=train, observed_frames=68, visible_ratio=1.000, on_screen_ratio=1.000, gaze_shift_ratio=0.000, occlusion_ratio=0.000, eyes_closed_ratio=0.000, mean_head_motion=0.52, mean_gaze_motion=30.13, attention_stability_score=0.985, dominant_gaze_class=inside_visible, num_segments=9, num_interactions=10, segment_types=['stable', 'shift', 'stable', 'shift', 'stable', 'shift', 'stable', 'shift'], interaction_events=['monitoring', 'attention_shift', 'monitoring', 'attention_shift', 'monitoring', 'attention_shift', 'monitoring', 'attention_shift'].",,"[""focused_attention"", ""exploratory_attention"", ""occluded_attention"", ""reduced_visual_availability"", ""mixed_attention""]",focused_attention,0.84,"[""visible_ratio=1.000"", ""gaze_shift_ratio=0.000"", ""occlusion_ratio=0.000"", ""eyes_closed_ratio=0.000"", ""mean_gaze_motion=30.13"", ""attention_stability_score=0.985"", ""max_visible_streak=68"", ""segments=9"", ""interactions=10""]","[""Interpretation is limited to annotation-derived behavior and not video context.""]",2026-04-06T15:39:30+00:00,childplay-behavior-v1,visible_ratio=1.000; gaze_shift_ratio=0.000; occlusion_ratio=0.000; eyes_closed_ratio=0.000; mean_gaze_motion=30.13; attention_stability_score=0.985; dominant_gaze_class=inside_visible; observed_frames=68
MTLKr-8UDYE_1087-1316:person_2,MTLKr-8UDYE_1087-1316,rule-based,rule-based,train,"Child gaze behavior summary. split=train, observed_frames=230, visible_ratio=0.852, on_screen_ratio=0.883, gaze_shift_ratio=0.117, occlusion_ratio=0.030, eyes_closed_ratio=0.000, mean_head_motion=1.05, mean_gaze_motion=19.05, attention_stability_score=0.735, dominant_gaze_class=inside_visible, num_segments=17, num_interactions=18, segment_types=['stable', 'shift', 'stable', 'shift', 'stable', 'shift', 'stable', 'shift'], interaction_events=['focused_attention', 'attention_shift', 'focused_attention', 'attention_shift', 'focused_attention', 'attention_shift', 'monitoring', 'attention_shift'].",,"[""focused_attention"", ""exploratory_attention"", ""occluded_attention"", ""reduced_visual_availability"", ""mixed_attention""]",mixed_attention,0.68,"[""visible_ratio=0.852"", ""gaze_shift_ratio=0.117"", ""occlusion_ratio=0.030"", ""eyes_closed_ratio=0.000"", ""mean_gaze_motion=19.05"", ""attention_stability_score=0.735"", ""max_visible_streak=72"", ""segments=17"", ""interactions=18""]","[""Interpretation is limited to annotation-derived behavior and not video context.""]",2026-04-06T15:39:30+00:00,childplay-behavior-v1,visible_ratio=0.852; gaze_shift_ratio=0.117; occlusion_ratio=0.030; eyes_closed_ratio=0.000; mean_gaze_motion=19.05; attention_stability_score=0.735; dominant_gaze_class=inside_visible; observed_frames=230
MTLKr-8UDYE_1087-1316:person_3,MTLKr-8UDYE_1087-1316,rule-based,rule-based,train,"Child gaze behavior summary. split=train, observed_frames=230, visible_ratio=0.761, on_screen_ratio=0.791, gaze_shift_ratio=0.209, occlusion_ratio=0.030, eyes_closed_ratio=0.000, mean_head_motion=1.56, mean_gaze_motion=24.62, attention_stability_score=0.641, dominant_gaze_class=inside_visible, num_segments=21, num_interactions=22, segment_types=['stable', 'shift', 'stable', 'shift', 'stable', 'shift', 'stable', 'shift'], interaction_events=['monitoring', 'attention_shift', 'focused_attention', 'attention_shift', 'focused_attention', 'attention_shift', 'monitoring', 'attention_shift'].",,"[""focused_attention"", ""exploratory_attention"", ""occluded_attention"", ""reduced_visual_availability"", ""mixed_attention""]",exploratory_attention,0.8,"[""visible_ratio=0.761"", ""gaze_shift_ratio=0.209"", ""occlusion_ratio=0.030"", ""eyes_closed_ratio=0.000"", ""mean_gaze_motion=24.62"", ""attention_stability_score=0.641"", ""max_visible_streak=39"", ""segments=21"", ""interactions=22""]","[""Interpretation is limited to annotation-derived behavior and not video context.""]",2026-04-06T15:39:30+00:00,childplay-behavior-v1,visible_ratio=0.761; gaze_shift_ratio=0.209; occlusion_ratio=0.030; eyes_closed_ratio=0.000; mean_gaze_motion=24.62; attention_stability_score=0.641; dominant_gaze_class=inside_visible; observed_frames=230
MTLKr-8UDYE_1779-2072:person_1,MTLKr-8UDYE_1779-2072,rule-based,rule-based,train,"Child gaze behavior summary. split=train, observed_frames=294, visible_ratio=0.973, on_screen_ratio=0.973, gaze_shift_ratio=0.000, occlusion_ratio=0.000, eyes_closed_ratio=0.000, mean_head_motion=0.46, mean_gaze_motion=11.75, attention_stability_score=0.918, dominant_gaze_class=inside_visible, num_segments=15, num_interactions=16, segment_types=['stable', 'shift', 'stable', 'shift', 'stable', 'shift', 'stable', 'shift'], interaction_events=['monitoring', 'attention_shift', 'monitoring', 'attention_shift', 'monitoring', 'attention_shift', 'monitoring', 'attention_shift'].",,"[""focused_attention"", ""exploratory_attention"", ""occluded_attention"", ""reduced_visual_availability"", ""mixed_attention""]",focused_attention,0.84,"[""visible_ratio=0.973"", ""gaze_shift_ratio=0.000"", ""occlusion_ratio=0.000"", ""eyes_closed_ratio=0.000"", ""mean_gaze_motion=11.75"", ""attention_stability_score=0.918"", ""max_visible_streak=219"", ""segments=15"", ""interactions=16""]","[""Interpretation is limited to annotation-derived behavior and not video context.""]",2026-04-06T15:39:30+00:00,childplay-behavior-v1,visible_ratio=0.973; gaze_shift_ratio=0.000; occlusion_ratio=0.000; eyes_closed_ratio=0.000; mean_gaze_motion=11.75; attention_stability_score=0.918; dominant_gaze_class=inside_visible; observed_frames=294
MTLKr-8UDYE_1779-2072:person_3,MTLKr-8UDYE_1779-2072,rule-based,rule-based,train,"Child gaze behavior summary. split=train, observed_frames=294, visible_ratio=0.912, on_screen_ratio=0.912, gaze_shift_ratio=0.024, occlusion_ratio=0.000, eyes_closed_ratio=0.000, mean_head_motion=0.69, mean_gaze_motion=21.03, attention_stability_score=0.825, dominant_gaze_class=inside_visible, num_segments=19, num_interactions=20, segment_types=['stable', 'shift', 'stable', 'shift', 'stable', 'shift', 'stable', 'outside'], interaction_events=['monitoring', 'attention_shift', 'focused_attention', 'attention_shift', 'focused_attention', 'attention_shift', 'monitoring', 'reduced_visual_availability'].",,"[""focused_attention"", ""exploratory_attention"", ""occluded_attention"", ""reduced_visual_availability"", ""mixed_attention""]",focused_attention,0.84,"[""visible_ratio=0.912"", ""gaze_shift_ratio=0.024"", ""occlusion_ratio=0.000"", ""eyes_closed_ratio=0.000"", ""mean_gaze_motion=21.03"", ""attention_stability_score=0.825"", ""max_visible_streak=152"", ""segments=19"", ""interactions=20""]","[""Interpretation is limited to annotation-derived behavior and not video context.""]",2026-04-06T15:39:30+00:00,childplay-behavior-v1,visible_ratio=0.912; gaze_shift_ratio=0.024; occlusion_ratio=0.000; eyes_closed_ratio=0.000; mean_gaze_motion=21.03; attention_stability_score=0.825; dominant_gaze_class=inside_visible; observed_frames=294
MTLKr-8UDYE_652-927:person_1,MTLKr-8UDYE_652-927,rule-based,rule-based,train,"Child gaze behavior summary. split=train, observed_frames=276, visible_ratio=0.949, on_screen_ratio=0.949, gaze_shift_ratio=0.051, occlusion_ratio=0.000, eyes_closed_ratio=0.000, mean_head_motion=1.13, mean_gaze_motion=24.01, attention_stability_score=0.790, dominant_gaze_class=inside_visible, num_segments=19, num_interactions=20, segment_types=['stable', 'shift', 'stable', 'shift', 'stable', 'shift', 'stable', 'shift'], interaction_events=['monitoring', 'attention_shift', 'monitoring', 'attention_shift', 'monitoring', 'attention_shift', 'focused_attention', 'attention_shift'].",,"[""focused_attention"", ""exploratory_attention"", ""occluded_attention"", ""reduced_visual_availability"", ""mixed_attention""]",focused_attention,0.84,"[""visible_ratio=0.949"", ""gaze_shift_ratio=0.051"", ""occlusion_ratio=0.000"", ""eyes_closed_ratio=0.000"", ""mean_gaze_motion=24.01"", ""attention_stability_score=0.790"", ""max_visible_streak=91"", ""segments=19"", ""interactions=20""]","[""Interpretation is limited to annotation-derived behavior and not video context.""]",2026-04-06T15:39:30+00:00,childplay-behavior-v1,visible_ratio=0.949; gaze_shift_ratio=0.051; occlusion_ratio=0.000; eyes_closed_ratio=0.000; mean_gaze_motion=24.01; attention_stability_score=0.790; dominant_gaze_class=inside_visible; observed_frames=276
MTLKr-8UDYE_652-927:person_2,MTLKr-8UDYE_652-927,rule-based,rule-based,train,"Child gaze behavior summary. split=train, observed_frames=276, visible_ratio=1.000, on_screen_ratio=1.000, gaze_shift_ratio=0.000, occlusion_ratio=0.000, eyes_closed_ratio=0.000, mean_head_motion=1.49, mean_gaze_motion=18.58, attention_stability_score=0.991, dominant_gaze_class=inside_visible, num_segments=21, num_interactions=22, segment_types=['stable', 'shift', 'stable', 'shift', 'stable', 'shift', 'stable', 'shift'], interaction_events=['monitoring', 'attention_shift', 'monitoring', 'attention_shift', 'monitoring', 'attention_shift', 'monitoring', 'attention_shift'].",,"[""focused_attention"", ""exploratory_attention"", ""occluded_attention"", ""reduced_visual_availability"", ""mixed_attention""]",focused_attention,0.84,"[""visible_ratio=1.000"", ""gaze_shift_ratio=0.000"", ""occlusion_ratio=0.000"", ""eyes_closed_ratio=0.000"", ""mean_gaze_motion=18.58"", ""attention_stability_score=0.991"", ""max_visible_streak=276"", ""segments=21"", ""interactions=22""]","[""Interpretation is limited to annotation-derived behavior and not video context.""]",2026-04-06T15:39:30+00:00,childplay-behavior-v1,visible_ratio=1.000; gaze_shift_ratio=0.000; occlusion_ratio=0.000; eyes_closed_ratio=0.000; mean_gaze_motion=18.58; attention_stability_score=0.991; dominant_gaze_class=inside_visible; observed_frames=276
Nc3hwh-AFFw_1538-1632:person_2,Nc3hwh-AFFw_1538-1632,rule-based,rule-based,train,"Child gaze behavior summary. split=train, observed_frames=95, visible_ratio=1.000, on_screen_ratio=1.000, gaze_shift_ratio=0.000, occlusion_ratio=0.000, eyes_closed_ratio=0.000, mean_head_motion=1.78, mean_gaze_motion=8.75, attention_stability_score=0.996, dominant_gaze_class=inside_visible, num_segments=5, num_interactions=5, segment_types=['stable', 'shift', 'stable', 'shift', 'stable'], interaction_events=['focused_attention', 'attention_shift', 'monitoring', 'attention_shift', 'focused_attention'].",,"[""focused_attention"", ""exploratory_attention"", ""occluded_attention"", ""reduced_visual_availability"", ""mixed_attention""]",focused_attention,0.84,"[""visible_ratio=1.000"", ""gaze_shift_ratio=0.000"", ""occlusion_ratio=0.000"", ""eyes_closed_ratio=0.000"", ""mean_gaze_motion=8.75"", ""attention_stability_score=0.996"", ""max_visible_streak=95"", ""segments=5"", ""interactions=5""]","[""Interpretation is limited to annotation-derived behavior and not video context.""]",2026-04-06T15:39:30+00:00,childplay-behavior-v1,visible_ratio=1.000; gaze_shift_ratio=0.000; occlusion_ratio=0.000; eyes_closed_ratio=0.000; mean_gaze_motion=8.75; attention_stability_score=0.996; dominant_gaze_class=inside_visible; observed_frames=95
Nc3hwh-AFFw_1538-1632:person_3,Nc3hwh-AFFw_1538-1632,rule-based,rule-based,train,"Child gaze behavior summary. split=train, observed_frames=95, visible_ratio=1.000, on_screen_ratio=1.000, gaze_shift_ratio=0.000, occlusion_ratio=0.000, eyes_closed_ratio=0.000, mean_head_motion=1.04, mean_gaze_motion=9.32, attention_stability_score=0.995, dominant_gaze_class=inside_visible, num_segments=3, num_interactions=3, segment_types=['stable', 'shift', 'stable'], interaction_events=['focused_attention', 'attention_shift', 'focused_attention'].",,"[""focused_attention"", ""exploratory_attention"", ""occluded_attention"", ""reduced_visual_availability"", ""mixed_attention""]",focused_attention,0.84,"[""visible_ratio=1.000"", ""gaze_shift_ratio=0.000"", ""occlusion_ratio=0.000"", ""eyes_closed_ratio=0.000"", ""mean_gaze_motion=9.32"", ""attention_stability_score=0.995"", ""max_visible_streak=95"", ""segments=3"", ""interactions=3""]","[""Interpretation is limited to annotation-derived behavior and not video context.""]",2026-04-06T15:39:30+00:00,childplay-behavior-v1,visible_ratio=1.000; gaze_shift_ratio=0.000; occlusion_ratio=0.000; eyes_closed_ratio=0.000; mean_gaze_motion=9.32; attention_stability_score=0.995; dominant_gaze_class=inside_visible; observed_frames=95
Nc3hwh-AFFw_338-456:person_2,Nc3hwh-AFFw_338-456,rule-based,rule-based,train,"Child gaze behavior summary. split=train, observed_frames=119, visible_ratio=1.000, on_screen_ratio=1.000, gaze_shift_ratio=0.000, occlusion_ratio=0.000, eyes_closed_ratio=0.000, mean_head_motion=0.29, mean_gaze_motion=8.28, attention_stability_score=0.996, dominant_gaze_class=inside_visible, num_segments=5, num_interactions=5, segment_types=['stable', 'shift', 'stable', 'shift', 'stable'], interaction_events=['monitoring', 'attention_shift', 'focused_attention', 'attention_shift', 'focused_attention'].",,"[""focused_attention"", ""exploratory_attention"", ""occluded_attention"", ""reduced_visual_availability"", ""mixed_attention""]",focused_attention,0.84,"[""visible_ratio=1.000"", ""gaze_shift_ratio=0.000"", ""occlusion_ratio=0.000"", ""eyes_closed_ratio=0.000"", ""mean_gaze_motion=8.28"", ""attention_stability_score=0.996"", ""max_visible_streak=119"", ""segments=5"", ""interactions=5""]","[""Interpretation is limited to annotation-derived behavior and not video context.""]",2026-04-06T15:39:30+00:00,childplay-behavior-v1,visible_ratio=1.000; gaze_shift_ratio=0.000; occlusion_ratio=0.000; eyes_closed_ratio=0.000; mean_gaze_motion=8.28; attention_stability_score=0.996; dominant_gaze_class=inside_visible; observed_frames=119
Nc3hwh-AFFw_338-456:person_3,Nc3hwh-AFFw_338-456,rule-based,rule-based,train,"Child gaze behavior summary. split=train, observed_frames=119, visible_ratio=1.000, on_screen_ratio=1.000, gaze_shift_ratio=0.000, occlusion_ratio=0.000, eyes_closed_ratio=0.000, mean_head_motion=0.85, mean_gaze_motion=1.87, attention_stability_score=0.999, dominant_gaze_class=inside_visible, num_segments=3, num_interactions=3, segment_types=['stable', 'shift', 'stable'], interaction_events=['monitoring', 'attention_shift', 'focused_attention'].",,"[""focused_attention"", ""exploratory_attention"", ""occluded_attention"", ""reduced_visual_availability"", ""mixed_attention""]",focused_attention,0.84,"[""visible_ratio=1.000"", ""gaze_shift_ratio=0.000"", ""occlusion_ratio=0.000"", ""eyes_closed_ratio=0.000"", ""mean_gaze_motion=1.87"", ""attention_stability_score=0.999"", ""max_visible_streak=119"", ""segments=3"", ""interactions=3""]","[""Interpretation is limited to annotation-derived behavior and not video context.""]",2026-04-06T15:39:30+00:00,childplay-behavior-v1,visible_ratio=1.000; gaze_shift_ratio=0.000; occlusion_ratio=0.000; eyes_closed_ratio=0.000; mean_gaze_motion=1.87; attention_stability_score=0.999; dominant_gaze_class=inside_visible; observed_frames=119
PO6iJ3tTvcA_4788-4877:person_2,PO6iJ3tTvcA_4788-4877,rule-based,rule-based,train,"Child gaze behavior summary. split=train, observed_frames=90, visible_ratio=0.956, on_screen_ratio=0.956, gaze_shift_ratio=0.044, occlusion_ratio=0.000, eyes_closed_ratio=0.000, mean_head_motion=0.48, mean_gaze_motion=3.25, attention_stability_score=0.883, dominant_gaze_class=inside_visible, num_segments=3, num_interactions=3, segment_types=['stable', 'shift', 'stable'], interaction_events=['monitoring', 'attention_shift', 'focused_attention'].",,"[""focused_attention"", ""exploratory_attention"", ""occluded_attention"", ""reduced_visual_availability"", ""mixed_attention""]",focused_attention,0.84,"[""visible_ratio=0.956"", ""gaze_shift_ratio=0.044"", ""occlusion_ratio=0.000"", ""eyes_closed_ratio=0.000"", ""mean_gaze_motion=3.25"", ""attention_stability_score=0.883"", ""max_visible_streak=58"", ""segments=3"", ""interactions=3""]","[""Interpretation is limited to annotation-derived behavior and not video context.""]",2026-04-06T15:39:30+00:00,childplay-behavior-v1,visible_ratio=0.956; gaze_shift_ratio=0.044; occlusion_ratio=0.000; eyes_closed_ratio=0.000; mean_gaze_motion=3.25; attention_stability_score=0.883; dominant_gaze_class=inside_visible; observed_frames=90
PO6iJ3tTvcA_5388-5556:person_1,PO6iJ3tTvcA_5388-5556,rule-based,rule-based,train,"Child gaze behavior summary. split=train, observed_frames=169, visible_ratio=1.000, on_screen_ratio=1.000, gaze_shift_ratio=0.000, occlusion_ratio=0.000, eyes_closed_ratio=0.000, mean_head_motion=1.79, mean_gaze_motion=10.25, attention_stability_score=0.995, dominant_gaze_class=inside_visible, num_segments=9, num_interactions=10, segment_types=['stable', 'shift', 'stable', 'shift', 'stable', 'shift', 'stable', 'shift'], interaction_events=['monitoring', 'attention_shift', 'focused_attention', 'attention_shift', 'monitoring', 'attention_shift', 'monitoring', 'attention_shift'].",,"[""focused_attention"", ""exploratory_attention"", ""occluded_attention"", ""reduced_visual_availability"", ""mixed_attention""]",focused_attention,0.84,"[""visible_ratio=1.000"", ""gaze_shift_ratio=0.000"", ""occlusion_ratio=0.000"", ""eyes_closed_ratio=0.000"", ""mean_gaze_motion=10.25"", ""attention_stability_score=0.995"", ""max_visible_streak=169"", ""segments=9"", ""interactions=10""]","[""Interpretation is limited to annotation-derived behavior and not video context.""]",2026-04-06T15:39:30+00:00,childplay-behavior-v1,visible_ratio=1.000; gaze_shift_ratio=0.000; occlusion_ratio=0.000; eyes_closed_ratio=0.000; mean_gaze_motion=10.25; attention_stability_score=0.995; dominant_gaze_class=inside_visible; observed_frames=169
PggqMEe9dSQ_1489-2054:person_2,PggqMEe9dSQ_1489-2054,rule-based,rule-based,train,"Child gaze behavior summary. split=train, observed_frames=566, visible_ratio=0.606, on_screen_ratio=0.675, gaze_shift_ratio=0.030, occlusion_ratio=0.069, eyes_closed_ratio=0.000, mean_head_motion=1.01, mean_gaze_motion=8.44, attention_stability_score=0.682, dominant_gaze_class=inside_visible, num_segments=18, num_interactions=19, segment_types=['stable', 'shift', 'stable', 'shift', 'stable', 'occluded', 'outside', 'shift'], interaction_events=['focused_attention', 'attention_shift', 'monitoring', 'attention_shift', 'focused_attention', 'reduced_visual_availability', 'reduced_visual_availability', 'attention_shift'].",,"[""focused_attention"", ""exploratory_attention"", ""occluded_attention"", ""reduced_visual_availability"", ""mixed_attention""]",mixed_attention,0.68,"[""visible_ratio=0.606"", ""gaze_shift_ratio=0.030"", ""occlusion_ratio=0.069"", ""eyes_closed_ratio=0.000"", ""mean_gaze_motion=8.44"", ""attention_stability_score=0.682"", ""max_visible_streak=267"", ""segments=18"", ""interactions=19""]","[""Interpretation is limited to annotation-derived behavior and not video context.""]",2026-04-06T15:39:30+00:00,childplay-behavior-v1,visible_ratio=0.606; gaze_shift_ratio=0.030; occlusion_ratio=0.069; eyes_closed_ratio=0.000; mean_gaze_motion=8.44; attention_stability_score=0.682; dominant_gaze_class=inside_visible; observed_frames=566
PggqMEe9dSQ_905-1060:person_2,PggqMEe9dSQ_905-1060,rule-based,rule-based,train,"Child gaze behavior summary. split=train, observed_frames=156, visible_ratio=0.500, on_screen_ratio=0.590, gaze_shift_ratio=0.090, occlusion_ratio=0.090, eyes_closed_ratio=0.000, mean_head_motion=3.41, mean_gaze_motion=7.56, attention_stability_score=0.618, dominant_gaze_class=inside_visible, num_segments=8, num_interactions=9, segment_types=['stable', 'shift', 'stable', 'shift', 'stable', 'shift', 'occluded', 'outside'], interaction_events=['monitoring', 'attention_shift', 'monitoring', 'attention_shift', 'focused_attention', 'attention_shift', 'reduced_visual_availability', 'reduced_visual_availability'].",,"[""focused_attention"", ""exploratory_attention"", ""occluded_attention"", ""reduced_visual_availability"", ""mixed_attention""]",mixed_attention,0.68,"[""visible_ratio=0.500"", ""gaze_shift_ratio=0.090"", ""occlusion_ratio=0.090"", ""eyes_closed_ratio=0.000"", ""mean_gaze_motion=7.56"", ""attention_stability_score=0.618"", ""max_visible_streak=69"", ""segments=8"", ""interactions=9""]","[""Interpretation is limited to annotation-derived behavior and not video context.""]",2026-04-06T15:39:30+00:00,childplay-behavior-v1,visible_ratio=0.500; gaze_shift_ratio=0.090; occlusion_ratio=0.090; eyes_closed_ratio=0.000; mean_gaze_motion=7.56; attention_stability_score=0.618; dominant_gaze_class=inside_visible; observed_frames=156
RzI6Ar5mu2Q_1031-1177:person_1,RzI6Ar5mu2Q_1031-1177,rule-based,rule-based,train,"Child gaze behavior summary. split=train, observed_frames=147, visible_ratio=0.966, on_screen_ratio=1.000, gaze_shift_ratio=0.000, occlusion_ratio=0.034, eyes_closed_ratio=0.000, mean_head_motion=4.79, mean_gaze_motion=16.07, attention_stability_score=0.936, dominant_gaze_class=inside_visible, num_segments=19, num_interactions=20, segment_types=['stable', 'shift', 'stable', 'shift', 'stable', 'shift', 'stable', 'shift'], interaction_events=['focused_attention', 'attention_shift', 'monitoring', 'attention_shift', 'monitoring', 'attention_shift', 'monitoring', 'attention_shift'].",,"[""focused_attention"", ""exploratory_attention"", ""occluded_attention"", ""reduced_visual_availability"", ""mixed_attention""]",focused_attention,0.84,"[""visible_ratio=0.966"", ""gaze_shift_ratio=0.000"", ""occlusion_ratio=0.034"", ""eyes_closed_ratio=0.000"", ""mean_gaze_motion=16.07"", ""attention_stability_score=0.936"", ""max_visible_streak=123"", ""segments=19"", ""interactions=20""]","[""Interpretation is limited to annotation-derived behavior and not video context.""]",2026-04-06T15:39:30+00:00,childplay-behavior-v1,visible_ratio=0.966; gaze_shift_ratio=0.000; occlusion_ratio=0.034; eyes_closed_ratio=0.000; mean_gaze_motion=16.07; attention_stability_score=0.936; dominant_gaze_class=inside_visible; observed_frames=147
RzI6Ar5mu2Q_1950-2240:person_1,RzI6Ar5mu2Q_1950-2240,rule-based,rule-based,train,"Child gaze behavior summary. split=train, observed_frames=291, visible_ratio=0.787, on_screen_ratio=0.787, gaze_shift_ratio=0.024, occlusion_ratio=0.000, eyes_closed_ratio=0.000, mean_head_motion=2.27, mean_gaze_motion=16.27, attention_stability_score=0.793, dominant_gaze_class=inside_visible, num_segments=19, num_interactions=20, segment_types=['stable', 'shift', 'outside', 'shift', 'stable', 'shift', 'stable', 'shift'], interaction_events=['monitoring', 'attention_shift', 'reduced_visual_availability', 'attention_shift', 'monitoring', 'attention_shift', 'monitoring', 'attention_shift'].",,"[""focused_attention"", ""exploratory_attention"", ""occluded_attention"", ""reduced_visual_availability"", ""mixed_attention""]",focused_attention,0.84,"[""visible_ratio=0.787"", ""gaze_shift_ratio=0.024"", ""occlusion_ratio=0.000"", ""eyes_closed_ratio=0.000"", ""mean_gaze_motion=16.27"", ""attention_stability_score=0.793"", ""max_visible_streak=175"", ""segments=19"", ""interactions=20""]","[""Interpretation is limited to annotation-derived behavior and not video context.""]",2026-04-06T15:39:30+00:00,childplay-behavior-v1,visible_ratio=0.787; gaze_shift_ratio=0.024; occlusion_ratio=0.000; eyes_closed_ratio=0.000; mean_gaze_motion=16.27; attention_stability_score=0.793; dominant_gaze_class=inside_visible; observed_frames=291
RzI6Ar5mu2Q_2550-2635:person_1,RzI6Ar5mu2Q_2550-2635,rule-based,rule-based,train,"Child gaze behavior summary. split=train, observed_frames=86, visible_ratio=1.000, on_screen_ratio=1.000, gaze_shift_ratio=0.000, occlusion_ratio=0.000, eyes_closed_ratio=0.000, mean_head_motion=2.76, mean_gaze_motion=0.00, attention_stability_score=1.000, dominant_gaze_class=inside_visible, num_segments=1, num_interactions=1, segment_types=['stable'], interaction_events=['focused_attention'].",,"[""focused_attention"", ""exploratory_attention"", ""occluded_attention"", ""reduced_visual_availability"", ""mixed_attention""]",focused_attention,0.84,"[""visible_ratio=1.000"", ""gaze_shift_ratio=0.000"", ""occlusion_ratio=0.000"", ""eyes_closed_ratio=0.000"", ""mean_gaze_motion=0.00"", ""attention_stability_score=1.000"", ""max_visible_streak=86"", ""segments=1"", ""interactions=1""]","[""Interpretation is limited to annotation-derived behavior and not video context.""]",2026-04-06T15:39:30+00:00,childplay-behavior-v1,visible_ratio=1.000; gaze_shift_ratio=0.000; occlusion_ratio=0.000; eyes_closed_ratio=0.000; mean_gaze_motion=0.00; attention_stability_score=1.000; dominant_gaze_class=inside_visible; observed_frames=86
RzI6Ar5mu2Q_263-879:person_1,RzI6Ar5mu2Q_263-879,rule-based,rule-based,train,"Child gaze behavior summary. split=train, observed_frames=617, visible_ratio=0.955, on_screen_ratio=0.984, gaze_shift_ratio=0.016, occlusion_ratio=0.029, eyes_closed_ratio=0.000, mean_head_motion=0.60, mean_gaze_motion=3.32, attention_stability_score=0.864, dominant_gaze_class=inside_visible, num_segments=14, num_interactions=15, segment_types=['stable', 'shift', 'occluded', 'shift', 'stable', 'shift', 'stable', 'shift'], interaction_events=['focused_attention', 'attention_shift', 'reduced_visual_availability', 'attention_shift', 'focused_attention', 'attention_shift', 'monitoring', 'attention_shift'].",,"[""focused_attention"", ""exploratory_attention"", ""occluded_attention"", ""reduced_visual_availability"", ""mixed_attention""]",focused_attention,0.84,"[""visible_ratio=0.955"", ""gaze_shift_ratio=0.016"", ""occlusion_ratio=0.029"", ""eyes_closed_ratio=0.000"", ""mean_gaze_motion=3.32"", ""attention_stability_score=0.864"", ""max_visible_streak=341"", ""segments=14"", ""interactions=15""]","[""Interpretation is limited to annotation-derived behavior and not video context.""]",2026-04-06T15:39:30+00:00,childplay-behavior-v1,visible_ratio=0.955; gaze_shift_ratio=0.016; occlusion_ratio=0.029; eyes_closed_ratio=0.000; mean_gaze_motion=3.32; attention_stability_score=0.864; dominant_gaze_class=inside_visible; observed_frames=617
V9YDDpo9LWg_923-1575:person_1,V9YDDpo9LWg_923-1575,rule-based,rule-based,train,"Child gaze behavior summary. split=train, observed_frames=653, visible_ratio=0.518, on_screen_ratio=0.724, gaze_shift_ratio=0.000, occlusion_ratio=0.207, eyes_closed_ratio=0.276, mean_head_motion=2.86, mean_gaze_motion=11.14, attention_stability_score=0.591, dominant_gaze_class=inside_visible, num_segments=31, num_interactions=32, segment_types=['stable', 'eyes_closed', 'stable', 'eyes_closed', 'occluded', 'stable', 'occluded', 'eyes_closed'], interaction_events=['focused_attention', 'reduced_visual_availability', 'monitoring', 'reduced_visual_availability', 'reduced_visual_availability', 'monitoring', 'reduced_visual_availability', 'reduced_visual_availability'].",,"[""focused_attention"", ""exploratory_attention"", ""occluded_attention"", ""reduced_visual_availability"", ""mixed_attention""]",mixed_attention,0.68,"[""visible_ratio=0.518"", ""gaze_shift_ratio=0.000"", ""occlusion_ratio=0.207"", ""eyes_closed_ratio=0.276"", ""mean_gaze_motion=11.14"", ""attention_stability_score=0.591"", ""max_visible_streak=166"", ""segments=31"", ""interactions=32""]","[""Interpretation is partially limited by occluded or uncertain gaze frames.""]",2026-04-06T15:39:30+00:00,childplay-behavior-v1,visible_ratio=0.518; gaze_shift_ratio=0.000; occlusion_ratio=0.207; eyes_closed_ratio=0.276; mean_gaze_motion=11.14; attention_stability_score=0.591; dominant_gaze_class=inside_visible; observed_frames=653
VMtgYMIS_o0_10810-11000:person_1,VMtgYMIS_o0_10810-11000,rule-based,rule-based,train,"Child gaze behavior summary. split=train, observed_frames=191, visible_ratio=1.000, on_screen_ratio=1.000, gaze_shift_ratio=0.000, occlusion_ratio=0.000, eyes_closed_ratio=0.000, mean_head_motion=0.40, mean_gaze_motion=7.26, attention_stability_score=0.996, dominant_gaze_class=inside_visible, num_segments=11, num_interactions=12, segment_types=['stable', 'shift', 'stable', 'shift', 'stable', 'shift', 'stable', 'shift'], interaction_events=['monitoring', 'attention_shift', 'focused_attention', 'attention_shift', 'monitoring', 'attention_shift', 'focused_attention', 'attention_shift'].",,"[""focused_attention"", ""exploratory_attention"", ""occluded_attention"", ""reduced_visual_availability"", ""mixed_attention""]",focused_attention,0.84,"[""visible_ratio=1.000"", ""gaze_shift_ratio=0.000"", ""occlusion_ratio=0.000"", ""eyes_closed_ratio=0.000"", ""mean_gaze_motion=7.26"", ""attention_stability_score=0.996"", ""max_visible_streak=191"", ""segments=11"", ""interactions=12""]","[""Interpretation is limited to annotation-derived behavior and not video context.""]",2026-04-06T15:39:30+00:00,childplay-behavior-v1,visible_ratio=1.000; gaze_shift_ratio=0.000; occlusion_ratio=0.000; eyes_closed_ratio=0.000; mean_gaze_motion=7.26; attention_stability_score=0.996; dominant_gaze_class=inside_visible; observed_frames=191
VMtgYMIS_o0_16881-17125:person_3,VMtgYMIS_o0_16881-17125,rule-based,rule-based,train,"Child gaze behavior summary. split=train, observed_frames=245, visible_ratio=0.984, on_screen_ratio=0.984, gaze_shift_ratio=0.016, occlusion_ratio=0.000, eyes_closed_ratio=0.000, mean_head_motion=2.10, mean_gaze_motion=2.87, attention_stability_score=0.951, dominant_gaze_class=inside_visible, num_segments=3, num_interactions=3, segment_types=['stable', 'shift', 'stable'], interaction_events=['focused_attention', 'attention_shift', 'focused_attention'].",,"[""focused_attention"", ""exploratory_attention"", ""occluded_attention"", ""reduced_visual_availability"", ""mixed_attention""]",focused_attention,0.84,"[""visible_ratio=0.984"", ""gaze_shift_ratio=0.016"", ""occlusion_ratio=0.000"", ""eyes_closed_ratio=0.000"", ""mean_gaze_motion=2.87"", ""attention_stability_score=0.951"", ""max_visible_streak=208"", ""segments=3"", ""interactions=3""]","[""Interpretation is limited to annotation-derived behavior and not video context.""]",2026-04-06T15:39:30+00:00,childplay-behavior-v1,visible_ratio=0.984; gaze_shift_ratio=0.016; occlusion_ratio=0.000; eyes_closed_ratio=0.000; mean_gaze_motion=2.87; attention_stability_score=0.951; dominant_gaze_class=inside_visible; observed_frames=245
VMtgYMIS_o0_1837-1966:person_3,VMtgYMIS_o0_1837-1966,rule-based,rule-based,train,"Child gaze behavior summary. split=train, observed_frames=130, visible_ratio=0.877, on_screen_ratio=0.877, gaze_shift_ratio=0.123, occlusion_ratio=0.000, eyes_closed_ratio=0.000, mean_head_motion=0.50, mean_gaze_motion=24.04, attention_stability_score=0.733, dominant_gaze_class=inside_visible, num_segments=13, num_interactions=14, segment_types=['stable', 'shift', 'stable', 'shift', 'stable', 'shift', 'stable', 'shift'], interaction_events=['monitoring', 'attention_shift', 'monitoring', 'attention_shift', 'monitoring', 'attention_shift', 'monitoring', 'attention_shift'].",,"[""focused_attention"", ""exploratory_attention"", ""occluded_attention"", ""reduced_visual_availability"", ""mixed_attention""]",mixed_attention,0.68,"[""visible_ratio=0.877"", ""gaze_shift_ratio=0.123"", ""occlusion_ratio=0.000"", ""eyes_closed_ratio=0.000"", ""mean_gaze_motion=24.04"", ""attention_stability_score=0.733"", ""max_visible_streak=36"", ""segments=13"", ""interactions=14""]","[""Interpretation is limited to annotation-derived behavior and not video context.""]",2026-04-06T15:39:30+00:00,childplay-behavior-v1,visible_ratio=0.877; gaze_shift_ratio=0.123; occlusion_ratio=0.000; eyes_closed_ratio=0.000; mean_gaze_motion=24.04; attention_stability_score=0.733; dominant_gaze_class=inside_visible; observed_frames=130
VMtgYMIS_o0_4414-4598:person_1,VMtgYMIS_o0_4414-4598,rule-based,rule-based,train,"Child gaze behavior summary. split=train, observed_frames=185, visible_ratio=0.865, on_screen_ratio=0.865, gaze_shift_ratio=0.016, occlusion_ratio=0.000, eyes_closed_ratio=0.000, mean_head_motion=1.41, mean_gaze_motion=20.17, attention_stability_score=0.781, dominant_gaze_class=inside_visible, num_segments=13, num_interactions=14, segment_types=['stable', 'shift', 'stable', 'shift', 'stable', 'shift', 'stable', 'outside'], interaction_events=['monitoring', 'attention_shift', 'monitoring', 'attention_shift', 'focused_attention', 'attention_shift', 'monitoring', 'reduced_visual_availability'].",,"[""focused_attention"", ""exploratory_attention"", ""occluded_attention"", ""reduced_visual_availability"", ""mixed_attention""]",focused_attention,0.84,"[""visible_ratio=0.865"", ""gaze_shift_ratio=0.016"", ""occlusion_ratio=0.000"", ""eyes_closed_ratio=0.000"", ""mean_gaze_motion=20.17"", ""attention_stability_score=0.781"", ""max_visible_streak=77"", ""segments=13"", ""interactions=14""]","[""Interpretation is limited to annotation-derived behavior and not video context.""]",2026-04-06T15:39:30+00:00,childplay-behavior-v1,visible_ratio=0.865; gaze_shift_ratio=0.016; occlusion_ratio=0.000; eyes_closed_ratio=0.000; mean_gaze_motion=20.17; attention_stability_score=0.781; dominant_gaze_class=inside_visible; observed_frames=185
VMtgYMIS_o0_4681-4818:person_1,VMtgYMIS_o0_4681-4818,rule-based,rule-based,train,"Child gaze behavior summary. split=train, observed_frames=138, visible_ratio=0.942, on_screen_ratio=0.942, gaze_shift_ratio=0.022, occlusion_ratio=0.000, eyes_closed_ratio=0.000, mean_head_motion=2.24, mean_gaze_motion=13.87, attention_stability_score=0.924, dominant_gaze_class=inside_visible, num_segments=14, num_interactions=15, segment_types=['stable', 'shift', 'stable', 'shift', 'stable', 'shift', 'stable', 'shift'], interaction_events=['monitoring', 'attention_shift', 'monitoring', 'attention_shift', 'monitoring', 'attention_shift', 'monitoring', 'attention_shift'].",,"[""focused_attention"", ""exploratory_attention"", ""occluded_attention"", ""reduced_visual_availability"", ""mixed_attention""]",focused_attention,0.84,"[""visible_ratio=0.942"", ""gaze_shift_ratio=0.022"", ""occlusion_ratio=0.000"", ""eyes_closed_ratio=0.000"", ""mean_gaze_motion=13.87"", ""attention_stability_score=0.924"", ""max_visible_streak=116"", ""segments=14"", ""interactions=15""]","[""Interpretation is limited to annotation-derived behavior and not video context.""]",2026-04-06T15:39:30+00:00,childplay-behavior-v1,visible_ratio=0.942; gaze_shift_ratio=0.022; occlusion_ratio=0.000; eyes_closed_ratio=0.000; mean_gaze_motion=13.87; attention_stability_score=0.924; dominant_gaze_class=inside_visible; observed_frames=138
VgunPOuHyW0_1255-1534:person_2,VgunPOuHyW0_1255-1534,rule-based,rule-based,train,"Child gaze behavior summary. split=train, observed_frames=280, visible_ratio=0.821, on_screen_ratio=0.821, gaze_shift_ratio=0.000, occlusion_ratio=0.000, eyes_closed_ratio=0.000, mean_head_motion=0.39, mean_gaze_motion=9.43, attention_stability_score=0.870, dominant_gaze_class=inside_visible, num_segments=10, num_interactions=11, segment_types=['outside', 'stable', 'shift', 'stable', 'shift', 'stable', 'shift', 'stable'], interaction_events=['reduced_visual_availability', 'monitoring', 'attention_shift', 'focused_attention', 'attention_shift', 'focused_attention', 'attention_shift', 'focused_attention'].",,"[""focused_attention"", ""exploratory_attention"", ""occluded_attention"", ""reduced_visual_availability"", ""mixed_attention""]",focused_attention,0.84,"[""visible_ratio=0.821"", ""gaze_shift_ratio=0.000"", ""occlusion_ratio=0.000"", ""eyes_closed_ratio=0.000"", ""mean_gaze_motion=9.43"", ""attention_stability_score=0.870"", ""max_visible_streak=230"", ""segments=10"", ""interactions=11""]","[""Interpretation is limited to annotation-derived behavior and not video context.""]",2026-04-06T15:39:30+00:00,childplay-behavior-v1,visible_ratio=0.821; gaze_shift_ratio=0.000; occlusion_ratio=0.000; eyes_closed_ratio=0.000; mean_gaze_motion=9.43; attention_stability_score=0.870; dominant_gaze_class=inside_visible; observed_frames=280
VgunPOuHyW0_1255-1534:person_3,VgunPOuHyW0_1255-1534,rule-based,rule-based,train,"Child gaze behavior summary. split=train, observed_frames=280, visible_ratio=1.000, on_screen_ratio=1.000, gaze_shift_ratio=0.000, occlusion_ratio=0.000, eyes_closed_ratio=0.000, mean_head_motion=1.16, mean_gaze_motion=5.53, attention_stability_score=0.997, dominant_gaze_class=inside_visible, num_segments=7, num_interactions=8, segment_types=['stable', 'shift', 'stable', 'shift', 'stable', 'shift', 'stable'], interaction_events=['focused_attention', 'attention_shift', 'focused_attention', 'attention_shift', 'focused_attention', 'attention_shift', 'focused_attention', 'exploratory_behavior'].",,"[""focused_attention"", ""exploratory_attention"", ""occluded_attention"", ""reduced_visual_availability"", ""mixed_attention""]",focused_attention,0.84,"[""visible_ratio=1.000"", ""gaze_shift_ratio=0.000"", ""occlusion_ratio=0.000"", ""eyes_closed_ratio=0.000"", ""mean_gaze_motion=5.53"", ""attention_stability_score=0.997"", ""max_visible_streak=280"", ""segments=7"", ""interactions=8""]","[""Interpretation is limited to annotation-derived behavior and not video context.""]",2026-04-06T15:39:30+00:00,childplay-behavior-v1,visible_ratio=1.000; gaze_shift_ratio=0.000; occlusion_ratio=0.000; eyes_closed_ratio=0.000; mean_gaze_motion=5.53; attention_stability_score=0.997; dominant_gaze_class=inside_visible; observed_frames=280
WPRrMorSAkQ_3557-4258:person_1,WPRrMorSAkQ_3557-4258,rule-based,rule-based,train,"Child gaze behavior summary. split=train, observed_frames=702, visible_ratio=1.000, on_screen_ratio=1.000, gaze_shift_ratio=0.000, occlusion_ratio=0.000, eyes_closed_ratio=0.000, mean_head_motion=1.95, mean_gaze_motion=12.80, attention_stability_score=0.994, dominant_gaze_class=inside_visible, num_segments=57, num_interactions=58, segment_types=['stable', 'shift', 'stable', 'shift', 'stable', 'shift', 'stable', 'shift'], interaction_events=['monitoring', 'attention_shift', 'monitoring', 'attention_shift', 'monitoring', 'attention_shift', 'monitoring', 'attention_shift'].",,"[""focused_attention"", ""exploratory_attention"", ""occluded_attention"", ""reduced_visual_availability"", ""mixed_attention""]",focused_attention,0.84,"[""visible_ratio=1.000"", ""gaze_shift_ratio=0.000"", ""occlusion_ratio=0.000"", ""eyes_closed_ratio=0.000"", ""mean_gaze_motion=12.80"", ""attention_stability_score=0.994"", ""max_visible_streak=702"", ""segments=57"", ""interactions=58""]","[""Interpretation is limited to annotation-derived behavior and not video context.""]",2026-04-06T15:39:30+00:00,childplay-behavior-v1,visible_ratio=1.000; gaze_shift_ratio=0.000; occlusion_ratio=0.000; eyes_closed_ratio=0.000; mean_gaze_motion=12.80; attention_stability_score=0.994; dominant_gaze_class=inside_visible; observed_frames=702
WPRrMorSAkQ_4329-4879:person_1,WPRrMorSAkQ_4329-4879,rule-based,rule-based,train,"Child gaze behavior summary. split=train, observed_frames=551, visible_ratio=1.000, on_screen_ratio=1.000, gaze_shift_ratio=0.000, occlusion_ratio=0.000, eyes_closed_ratio=0.000, mean_head_motion=2.72, mean_gaze_motion=12.77, attention_stability_score=0.994, dominant_gaze_class=inside_visible, num_segments=31, num_interactions=32, segment_types=['stable', 'shift', 'stable', 'shift', 'stable', 'shift', 'stable', 'shift'], interaction_events=['focused_attention', 'attention_shift', 'focused_attention', 'attention_shift', 'monitoring', 'attention_shift', 'monitoring', 'attention_shift'].",,"[""focused_attention"", ""exploratory_attention"", ""occluded_attention"", ""reduced_visual_availability"", ""mixed_attention""]",focused_attention,0.84,"[""visible_ratio=1.000"", ""gaze_shift_ratio=0.000"", ""occlusion_ratio=0.000"", ""eyes_closed_ratio=0.000"", ""mean_gaze_motion=12.77"", ""attention_stability_score=0.994"", ""max_visible_streak=551"", ""segments=31"", ""interactions=32""]","[""Interpretation is limited to annotation-derived behavior and not video context.""]",2026-04-06T15:39:30+00:00,childplay-behavior-v1,visible_ratio=1.000; gaze_shift_ratio=0.000; occlusion_ratio=0.000; eyes_closed_ratio=0.000; mean_gaze_motion=12.77; attention_stability_score=0.994; dominant_gaze_class=inside_visible; observed_frames=551
WPRrMorSAkQ_940-1400:person_1,WPRrMorSAkQ_940-1400,rule-based,rule-based,train,"Child gaze behavior summary. split=train, observed_frames=461, visible_ratio=0.980, on_screen_ratio=0.993, gaze_shift_ratio=0.007, occlusion_ratio=0.013, eyes_closed_ratio=0.000, mean_head_motion=1.17, mean_gaze_motion=5.87, attention_stability_score=0.910, dominant_gaze_class=inside_visible, num_segments=23, num_interactions=24, segment_types=['stable', 'occluded', 'stable', 'shift', 'stable', 'shift', 'stable', 'shift'], interaction_events=['monitoring', 'reduced_visual_availability', 'focused_attention', 'attention_shift', 'monitoring', 'attention_shift', 'focused_attention', 'attention_shift'].",,"[""focused_attention"", ""exploratory_attention"", ""occluded_attention"", ""reduced_visual_availability"", ""mixed_attention""]",focused_attention,0.84,"[""visible_ratio=0.980"", ""gaze_shift_ratio=0.007"", ""occlusion_ratio=0.013"", ""eyes_closed_ratio=0.000"", ""mean_gaze_motion=5.87"", ""attention_stability_score=0.910"", ""max_visible_streak=319"", ""segments=23"", ""interactions=24""]","[""Interpretation is limited to annotation-derived behavior and not video context.""]",2026-04-06T15:39:30+00:00,childplay-behavior-v1,visible_ratio=0.980; gaze_shift_ratio=0.007; occlusion_ratio=0.013; eyes_closed_ratio=0.000; mean_gaze_motion=5.87; attention_stability_score=0.910; dominant_gaze_class=inside_visible; observed_frames=461
X7qv5w1clGw_3199-3385:person_1,X7qv5w1clGw_3199-3385,rule-based,rule-based,train,"Child gaze behavior summary. split=train, observed_frames=187, visible_ratio=1.000, on_screen_ratio=1.000, gaze_shift_ratio=0.000, occlusion_ratio=0.000, eyes_closed_ratio=0.000, mean_head_motion=0.73, mean_gaze_motion=5.43, attention_stability_score=0.997, dominant_gaze_class=inside_visible, num_segments=9, num_interactions=10, segment_types=['stable', 'shift', 'stable', 'shift', 'stable', 'shift', 'stable', 'shift'], interaction_events=['monitoring', 'attention_shift', 'monitoring', 'attention_shift', 'monitoring', 'attention_shift', 'focused_attention', 'attention_shift'].",,"[""focused_attention"", ""exploratory_attention"", ""occluded_attention"", ""reduced_visual_availability"", ""mixed_attention""]",focused_attention,0.84,"[""visible_ratio=1.000"", ""gaze_shift_ratio=0.000"", ""occlusion_ratio=0.000"", ""eyes_closed_ratio=0.000"", ""mean_gaze_motion=5.43"", ""attention_stability_score=0.997"", ""max_visible_streak=187"", ""segments=9"", ""interactions=10""]","[""Interpretation is limited to annotation-derived behavior and not video context.""]",2026-04-06T15:39:30+00:00,childplay-behavior-v1,visible_ratio=1.000; gaze_shift_ratio=0.000; occlusion_ratio=0.000; eyes_closed_ratio=0.000; mean_gaze_motion=5.43; attention_stability_score=0.997; dominant_gaze_class=inside_visible; observed_frames=187
X7qv5w1clGw_525-881:person_1,X7qv5w1clGw_525-881,rule-based,rule-based,train,"Child gaze behavior summary. split=train, observed_frames=357, visible_ratio=0.961, on_screen_ratio=0.975, gaze_shift_ratio=0.025, occlusion_ratio=0.014, eyes_closed_ratio=0.000, mean_head_motion=4.98, mean_gaze_motion=11.06, attention_stability_score=0.934, dominant_gaze_class=inside_visible, num_segments=32, num_interactions=33, segment_types=['stable', 'occluded', 'shift', 'stable', 'shift', 'stable', 'shift', 'stable'], interaction_events=['monitoring', 'reduced_visual_availability', 'attention_shift', 'monitoring', 'attention_shift', 'focused_attention', 'attention_shift', 'focused_attention'].",,"[""focused_attention"", ""exploratory_attention"", ""occluded_attention"", ""reduced_visual_availability"", ""mixed_attention""]",focused_attention,0.84,"[""visible_ratio=0.961"", ""gaze_shift_ratio=0.025"", ""occlusion_ratio=0.014"", ""eyes_closed_ratio=0.000"", ""mean_gaze_motion=11.06"", ""attention_stability_score=0.934"", ""max_visible_streak=301"", ""segments=32"", ""interactions=33""]","[""Interpretation is limited to annotation-derived behavior and not video context.""]",2026-04-06T15:39:30+00:00,childplay-behavior-v1,visible_ratio=0.961; gaze_shift_ratio=0.025; occlusion_ratio=0.014; eyes_closed_ratio=0.000; mean_gaze_motion=11.06; attention_stability_score=0.934; dominant_gaze_class=inside_visible; observed_frames=357
XyNTKSm69Gs_1-1053:person_1,XyNTKSm69Gs_1-1053,rule-based,rule-based,train,"Child gaze behavior summary. split=train, observed_frames=1018, visible_ratio=0.816, on_screen_ratio=0.829, gaze_shift_ratio=0.029, occlusion_ratio=0.013, eyes_closed_ratio=0.000, mean_head_motion=1.77, mean_gaze_motion=7.43, attention_stability_score=0.737, dominant_gaze_class=inside_visible, num_segments=46, num_interactions=47, segment_types=['outside', 'stable', 'outside', 'stable', 'shift', 'stable', 'shift', 'stable'], interaction_events=['reduced_visual_availability', 'monitoring', 'reduced_visual_availability', 'monitoring', 'attention_shift', 'focused_attention', 'attention_shift', 'focused_attention'].",,"[""focused_attention"", ""exploratory_attention"", ""occluded_attention"", ""reduced_visual_availability"", ""mixed_attention""]",focused_attention,0.84,"[""visible_ratio=0.816"", ""gaze_shift_ratio=0.029"", ""occlusion_ratio=0.013"", ""eyes_closed_ratio=0.000"", ""mean_gaze_motion=7.43"", ""attention_stability_score=0.737"", ""max_visible_streak=315"", ""segments=46"", ""interactions=47""]","[""Interpretation is limited to annotation-derived behavior and not video context.""]",2026-04-06T15:39:30+00:00,childplay-behavior-v1,visible_ratio=0.816; gaze_shift_ratio=0.029; occlusion_ratio=0.013; eyes_closed_ratio=0.000; mean_gaze_motion=7.43; attention_stability_score=0.737; dominant_gaze_class=inside_visible; observed_frames=1018
Y-5XEtligfs_966-1084:person_1,Y-5XEtligfs_966-1084,rule-based,rule-based,train,"Child gaze behavior summary. split=train, observed_frames=119, visible_ratio=1.000, on_screen_ratio=1.000, gaze_shift_ratio=0.000, occlusion_ratio=0.000, eyes_closed_ratio=0.000, mean_head_motion=4.90, mean_gaze_motion=10.74, attention_stability_score=0.995, dominant_gaze_class=inside_visible, num_segments=7, num_interactions=8, segment_types=['stable', 'shift', 'stable', 'shift', 'stable', 'shift', 'stable'], interaction_events=['monitoring', 'attention_shift', 'monitoring', 'attention_shift', 'monitoring', 'attention_shift', 'focused_attention', 'exploratory_behavior'].",,"[""focused_attention"", ""exploratory_attention"", ""occluded_attention"", ""reduced_visual_availability"", ""mixed_attention""]",focused_attention,0.84,"[""visible_ratio=1.000"", ""gaze_shift_ratio=0.000"", ""occlusion_ratio=0.000"", ""eyes_closed_ratio=0.000"", ""mean_gaze_motion=10.74"", ""attention_stability_score=0.995"", ""max_visible_streak=119"", ""segments=7"", ""interactions=8""]","[""Interpretation is limited to annotation-derived behavior and not video context.""]",2026-04-06T15:39:30+00:00,childplay-behavior-v1,visible_ratio=1.000; gaze_shift_ratio=0.000; occlusion_ratio=0.000; eyes_closed_ratio=0.000; mean_gaze_motion=10.74; attention_stability_score=0.995; dominant_gaze_class=inside_visible; observed_frames=119
Y6_S5bipsBk_763-965:person_2,Y6_S5bipsBk_763-965,rule-based,rule-based,train,"Child gaze behavior summary. split=train, observed_frames=203, visible_ratio=0.724, on_screen_ratio=0.724, gaze_shift_ratio=0.039, occlusion_ratio=0.000, eyes_closed_ratio=0.000, mean_head_motion=2.44, mean_gaze_motion=21.29, attention_stability_score=0.686, dominant_gaze_class=inside_visible, num_segments=11, num_interactions=12, segment_types=['stable', 'shift', 'stable', 'shift', 'stable', 'shift', 'stable', 'outside'], interaction_events=['monitoring', 'attention_shift', 'focused_attention', 'attention_shift', 'focused_attention', 'attention_shift', 'monitoring', 'reduced_visual_availability'].",,"[""focused_attention"", ""exploratory_attention"", ""occluded_attention"", ""reduced_visual_availability"", ""mixed_attention""]",mixed_attention,0.68,"[""visible_ratio=0.724"", ""gaze_shift_ratio=0.039"", ""occlusion_ratio=0.000"", ""eyes_closed_ratio=0.000"", ""mean_gaze_motion=21.29"", ""attention_stability_score=0.686"", ""max_visible_streak=62"", ""segments=11"", ""interactions=12""]","[""Interpretation is limited to annotation-derived behavior and not video context.""]",2026-04-06T15:39:30+00:00,childplay-behavior-v1,visible_ratio=0.724; gaze_shift_ratio=0.039; occlusion_ratio=0.000; eyes_closed_ratio=0.000; mean_gaze_motion=21.29; attention_stability_score=0.686; dominant_gaze_class=inside_visible; observed_frames=203
Y6_S5bipsBk_763-965:person_3,Y6_S5bipsBk_763-965,rule-based,rule-based,train,"Child gaze behavior summary. split=train, observed_frames=203, visible_ratio=1.000, on_screen_ratio=1.000, gaze_shift_ratio=0.000, occlusion_ratio=0.000, eyes_closed_ratio=0.000, mean_head_motion=2.21, mean_gaze_motion=8.10, attention_stability_score=0.996, dominant_gaze_class=inside_visible, num_segments=7, num_interactions=8, segment_types=['stable', 'shift', 'stable', 'shift', 'stable', 'shift', 'stable'], interaction_events=['focused_attention', 'attention_shift', 'focused_attention', 'attention_shift', 'focused_attention', 'attention_shift', 'focused_attention', 'exploratory_behavior'].",,"[""focused_attention"", ""exploratory_attention"", ""occluded_attention"", ""reduced_visual_availability"", ""mixed_attention""]",focused_attention,0.84,"[""visible_ratio=1.000"", ""gaze_shift_ratio=0.000"", ""occlusion_ratio=0.000"", ""eyes_closed_ratio=0.000"", ""mean_gaze_motion=8.10"", ""attention_stability_score=0.996"", ""max_visible_streak=203"", ""segments=7"", ""interactions=8""]","[""Interpretation is limited to annotation-derived behavior and not video context.""]",2026-04-06T15:39:30+00:00,childplay-behavior-v1,visible_ratio=1.000; gaze_shift_ratio=0.000; occlusion_ratio=0.000; eyes_closed_ratio=0.000; mean_gaze_motion=8.10; attention_stability_score=0.996; dominant_gaze_class=inside_visible; observed_frames=203
YUdsgQGHSR8_1772-1880:person_1,YUdsgQGHSR8_1772-1880,rule-based,rule-based,train,"Child gaze behavior summary. split=train, observed_frames=109, visible_ratio=1.000, on_screen_ratio=1.000, gaze_shift_ratio=0.000, occlusion_ratio=0.000, eyes_closed_ratio=0.000, mean_head_motion=5.34, mean_gaze_motion=5.03, attention_stability_score=0.997, dominant_gaze_class=inside_visible, num_segments=3, num_interactions=3, segment_types=['stable', 'shift', 'stable'], interaction_events=['focused_attention', 'attention_shift', 'focused_attention'].",,"[""focused_attention"", ""exploratory_attention"", ""occluded_attention"", ""reduced_visual_availability"", ""mixed_attention""]",focused_attention,0.84,"[""visible_ratio=1.000"", ""gaze_shift_ratio=0.000"", ""occlusion_ratio=0.000"", ""eyes_closed_ratio=0.000"", ""mean_gaze_motion=5.03"", ""attention_stability_score=0.997"", ""max_visible_streak=109"", ""segments=3"", ""interactions=3""]","[""Interpretation is limited to annotation-derived behavior and not video context.""]",2026-04-06T15:39:30+00:00,childplay-behavior-v1,visible_ratio=1.000; gaze_shift_ratio=0.000; occlusion_ratio=0.000; eyes_closed_ratio=0.000; mean_gaze_motion=5.03; attention_stability_score=0.997; dominant_gaze_class=inside_visible; observed_frames=109
YUdsgQGHSR8_2516-2814:person_1,YUdsgQGHSR8_2516-2814,rule-based,rule-based,train,"Child gaze behavior summary. split=train, observed_frames=299, visible_ratio=0.569, on_screen_ratio=0.589, gaze_shift_ratio=0.077, occlusion_ratio=0.020, eyes_closed_ratio=0.000, mean_head_motion=2.77, mean_gaze_motion=10.75, attention_stability_score=0.592, dominant_gaze_class=inside_visible, num_segments=14, num_interactions=15, segment_types=['outside', 'shift', 'outside', 'stable', 'shift', 'outside', 'shift', 'stable'], interaction_events=['reduced_visual_availability', 'attention_shift', 'reduced_visual_availability', 'focused_attention', 'attention_shift', 'reduced_visual_availability', 'attention_shift', 'focused_attention'].",,"[""focused_attention"", ""exploratory_attention"", ""occluded_attention"", ""reduced_visual_availability"", ""mixed_attention""]",mixed_attention,0.68,"[""visible_ratio=0.569"", ""gaze_shift_ratio=0.077"", ""occlusion_ratio=0.020"", ""eyes_closed_ratio=0.000"", ""mean_gaze_motion=10.75"", ""attention_stability_score=0.592"", ""max_visible_streak=63"", ""segments=14"", ""interactions=15""]","[""Interpretation is limited to annotation-derived behavior and not video context.""]",2026-04-06T15:39:30+00:00,childplay-behavior-v1,visible_ratio=0.569; gaze_shift_ratio=0.077; occlusion_ratio=0.020; eyes_closed_ratio=0.000; mean_gaze_motion=10.75; attention_stability_score=0.592; dominant_gaze_class=inside_visible; observed_frames=299
YUdsgQGHSR8_3980-4079:person_1,YUdsgQGHSR8_3980-4079,rule-based,rule-based,train,"Child gaze behavior summary. split=train, observed_frames=100, visible_ratio=1.000, on_screen_ratio=1.000, gaze_shift_ratio=0.000, occlusion_ratio=0.000, eyes_closed_ratio=0.000, mean_head_motion=0.19, mean_gaze_motion=2.29, attention_stability_score=0.999, dominant_gaze_class=inside_visible, num_segments=1, num_interactions=1, segment_types=['stable'], interaction_events=['focused_attention'].",,"[""focused_attention"", ""exploratory_attention"", ""occluded_attention"", ""reduced_visual_availability"", ""mixed_attention""]",focused_attention,0.84,"[""visible_ratio=1.000"", ""gaze_shift_ratio=0.000"", ""occlusion_ratio=0.000"", ""eyes_closed_ratio=0.000"", ""mean_gaze_motion=2.29"", ""attention_stability_score=0.999"", ""max_visible_streak=100"", ""segments=1"", ""interactions=1""]","[""Interpretation is limited to annotation-derived behavior and not video context.""]",2026-04-06T15:39:30+00:00,childplay-behavior-v1,visible_ratio=1.000; gaze_shift_ratio=0.000; occlusion_ratio=0.000; eyes_closed_ratio=0.000; mean_gaze_motion=2.29; attention_stability_score=0.999; dominant_gaze_class=inside_visible; observed_frames=100
YUdsgQGHSR8_5816-5831:person_1,YUdsgQGHSR8_5816-5831,rule-based,rule-based,train,"Child gaze behavior summary. split=train, observed_frames=16, visible_ratio=1.000, on_screen_ratio=1.000, gaze_shift_ratio=0.000, occlusion_ratio=0.000, eyes_closed_ratio=0.000, mean_head_motion=15.45, mean_gaze_motion=2.31, attention_stability_score=0.999, dominant_gaze_class=inside_visible, num_segments=1, num_interactions=1, segment_types=['stable'], interaction_events=['monitoring'].",,"[""focused_attention"", ""exploratory_attention"", ""occluded_attention"", ""reduced_visual_availability"", ""mixed_attention""]",focused_attention,0.84,"[""visible_ratio=1.000"", ""gaze_shift_ratio=0.000"", ""occlusion_ratio=0.000"", ""eyes_closed_ratio=0.000"", ""mean_gaze_motion=2.31"", ""attention_stability_score=0.999"", ""max_visible_streak=16"", ""segments=1"", ""interactions=1""]","[""Short clips provide less temporal evidence than longer sequences.""]",2026-04-06T15:39:30+00:00,childplay-behavior-v1,visible_ratio=1.000; gaze_shift_ratio=0.000; occlusion_ratio=0.000; eyes_closed_ratio=0.000; mean_gaze_motion=2.31; attention_stability_score=0.999; dominant_gaze_class=inside_visible; observed_frames=16
YUdsgQGHSR8_969-1396:person_1,YUdsgQGHSR8_969-1396,rule-based,rule-based,train,"Child gaze behavior summary. split=train, observed_frames=428, visible_ratio=0.748, on_screen_ratio=0.750, gaze_shift_ratio=0.016, occlusion_ratio=0.002, eyes_closed_ratio=0.000, mean_head_motion=2.53, mean_gaze_motion=8.33, attention_stability_score=0.775, dominant_gaze_class=inside_visible, num_segments=20, num_interactions=21, segment_types=['shift', 'stable', 'occluded', 'stable', 'shift', 'stable', 'shift', 'stable'], interaction_events=['attention_shift', 'monitoring', 'reduced_visual_availability', 'focused_attention', 'attention_shift', 'monitoring', 'attention_shift', 'focused_attention'].",,"[""focused_attention"", ""exploratory_attention"", ""occluded_attention"", ""reduced_visual_availability"", ""mixed_attention""]",mixed_attention,0.68,"[""visible_ratio=0.748"", ""gaze_shift_ratio=0.016"", ""occlusion_ratio=0.002"", ""eyes_closed_ratio=0.000"", ""mean_gaze_motion=8.33"", ""attention_stability_score=0.775"", ""max_visible_streak=249"", ""segments=20"", ""interactions=21""]","[""Interpretation is limited to annotation-derived behavior and not video context.""]",2026-04-06T15:39:30+00:00,childplay-behavior-v1,visible_ratio=0.748; gaze_shift_ratio=0.016; occlusion_ratio=0.002; eyes_closed_ratio=0.000; mean_gaze_motion=8.33; attention_stability_score=0.775; dominant_gaze_class=inside_visible; observed_frames=428
ZAxOyANz3J0_1363-1457:person_2,ZAxOyANz3J0_1363-1457,rule-based,rule-based,train,"Child gaze behavior summary. split=train, observed_frames=95, visible_ratio=1.000, on_screen_ratio=1.000, gaze_shift_ratio=0.000, occlusion_ratio=0.000, eyes_closed_ratio=0.000, mean_head_motion=3.40, mean_gaze_motion=0.99, attention_stability_score=1.000, dominant_gaze_class=inside_visible, num_segments=1, num_interactions=1, segment_types=['stable'], interaction_events=['focused_attention'].",,"[""focused_attention"", ""exploratory_attention"", ""occluded_attention"", ""reduced_visual_availability"", ""mixed_attention""]",focused_attention,0.84,"[""visible_ratio=1.000"", ""gaze_shift_ratio=0.000"", ""occlusion_ratio=0.000"", ""eyes_closed_ratio=0.000"", ""mean_gaze_motion=0.99"", ""attention_stability_score=1.000"", ""max_visible_streak=95"", ""segments=1"", ""interactions=1""]","[""Interpretation is limited to annotation-derived behavior and not video context.""]",2026-04-06T15:39:30+00:00,childplay-behavior-v1,visible_ratio=1.000; gaze_shift_ratio=0.000; occlusion_ratio=0.000; eyes_closed_ratio=0.000; mean_gaze_motion=0.99; attention_stability_score=1.000; dominant_gaze_class=inside_visible; observed_frames=95
ZAxOyANz3J0_1629-1816:person_2,ZAxOyANz3J0_1629-1816,rule-based,rule-based,train,"Child gaze behavior summary. split=train, observed_frames=188, visible_ratio=0.878, on_screen_ratio=0.878, gaze_shift_ratio=0.122, occlusion_ratio=0.000, eyes_closed_ratio=0.000, mean_head_motion=1.55, mean_gaze_motion=20.92, attention_stability_score=0.800, dominant_gaze_class=inside_visible, num_segments=15, num_interactions=16, segment_types=['stable', 'shift', 'stable', 'shift', 'stable', 'shift', 'stable', 'shift'], interaction_events=['monitoring', 'attention_shift', 'focused_attention', 'attention_shift', 'focused_attention', 'attention_shift', 'monitoring', 'attention_shift'].",,"[""focused_attention"", ""exploratory_attention"", ""occluded_attention"", ""reduced_visual_availability"", ""mixed_attention""]",mixed_attention,0.68,"[""visible_ratio=0.878"", ""gaze_shift_ratio=0.122"", ""occlusion_ratio=0.000"", ""eyes_closed_ratio=0.000"", ""mean_gaze_motion=20.92"", ""attention_stability_score=0.800"", ""max_visible_streak=101"", ""segments=15"", ""interactions=16""]","[""Interpretation is limited to annotation-derived behavior and not video context.""]",2026-04-06T15:39:30+00:00,childplay-behavior-v1,visible_ratio=0.878; gaze_shift_ratio=0.122; occlusion_ratio=0.000; eyes_closed_ratio=0.000; mean_gaze_motion=20.92; attention_stability_score=0.800; dominant_gaze_class=inside_visible; observed_frames=188
ZAxOyANz3J0_518-614:person_2,ZAxOyANz3J0_518-614,rule-based,rule-based,train,"Child gaze behavior summary. split=train, observed_frames=97, visible_ratio=1.000, on_screen_ratio=1.000, gaze_shift_ratio=0.000, occlusion_ratio=0.000, eyes_closed_ratio=0.000, mean_head_motion=2.32, mean_gaze_motion=7.98, attention_stability_score=0.996, dominant_gaze_class=inside_visible, num_segments=1, num_interactions=1, segment_types=['stable'], interaction_events=['focused_attention'].",,"[""focused_attention"", ""exploratory_attention"", ""occluded_attention"", ""reduced_visual_availability"", ""mixed_attention""]",focused_attention,0.84,"[""visible_ratio=1.000"", ""gaze_shift_ratio=0.000"", ""occlusion_ratio=0.000"", ""eyes_closed_ratio=0.000"", ""mean_gaze_motion=7.98"", ""attention_stability_score=0.996"", ""max_visible_streak=97"", ""segments=1"", ""interactions=1""]","[""Interpretation is limited to annotation-derived behavior and not video context.""]",2026-04-06T15:39:30+00:00,childplay-behavior-v1,visible_ratio=1.000; gaze_shift_ratio=0.000; occlusion_ratio=0.000; eyes_closed_ratio=0.000; mean_gaze_motion=7.98; attention_stability_score=0.996; dominant_gaze_class=inside_visible; observed_frames=97
ZAxOyANz3J0_656-819:person_2,ZAxOyANz3J0_656-819,rule-based,rule-based,train,"Child gaze behavior summary. split=train, observed_frames=164, visible_ratio=0.951, on_screen_ratio=0.951, gaze_shift_ratio=0.049, occlusion_ratio=0.000, eyes_closed_ratio=0.000, mean_head_motion=1.25, mean_gaze_motion=12.30, attention_stability_score=0.928, dominant_gaze_class=inside_visible, num_segments=5, num_interactions=5, segment_types=['stable', 'shift', 'stable', 'shift', 'stable'], interaction_events=['monitoring', 'attention_shift', 'focused_attention', 'attention_shift', 'monitoring'].",,"[""focused_attention"", ""exploratory_attention"", ""occluded_attention"", ""reduced_visual_availability"", ""mixed_attention""]",focused_attention,0.84,"[""visible_ratio=0.951"", ""gaze_shift_ratio=0.049"", ""occlusion_ratio=0.000"", ""eyes_closed_ratio=0.000"", ""mean_gaze_motion=12.30"", ""attention_stability_score=0.928"", ""max_visible_streak=140"", ""segments=5"", ""interactions=5""]","[""Interpretation is limited to annotation-derived behavior and not video context.""]",2026-04-06T15:39:30+00:00,childplay-behavior-v1,visible_ratio=0.951; gaze_shift_ratio=0.049; occlusion_ratio=0.000; eyes_closed_ratio=0.000; mean_gaze_motion=12.30; attention_stability_score=0.928; dominant_gaze_class=inside_visible; observed_frames=164
dzaiF1iIc68_638-747:person_2,dzaiF1iIc68_638-747,rule-based,rule-based,train,"Child gaze behavior summary. split=train, observed_frames=110, visible_ratio=0.536, on_screen_ratio=0.536, gaze_shift_ratio=0.000, occlusion_ratio=0.000, eyes_closed_ratio=0.000, mean_head_motion=0.68, mean_gaze_motion=8.06, attention_stability_score=0.671, dominant_gaze_class=inside_visible, num_segments=5, num_interactions=5, segment_types=['outside', 'stable', 'shift', 'stable', 'outside'], interaction_events=['reduced_visual_availability', 'monitoring', 'attention_shift', 'focused_attention', 'reduced_visual_availability'].",,"[""focused_attention"", ""exploratory_attention"", ""occluded_attention"", ""reduced_visual_availability"", ""mixed_attention""]",mixed_attention,0.68,"[""visible_ratio=0.536"", ""gaze_shift_ratio=0.000"", ""occlusion_ratio=0.000"", ""eyes_closed_ratio=0.000"", ""mean_gaze_motion=8.06"", ""attention_stability_score=0.671"", ""max_visible_streak=59"", ""segments=5"", ""interactions=5""]","[""Interpretation is limited to annotation-derived behavior and not video context.""]",2026-04-06T15:39:30+00:00,childplay-behavior-v1,visible_ratio=0.536; gaze_shift_ratio=0.000; occlusion_ratio=0.000; eyes_closed_ratio=0.000; mean_gaze_motion=8.06; attention_stability_score=0.671; dominant_gaze_class=inside_visible; observed_frames=110
dzaiF1iIc68_638-747:person_3,dzaiF1iIc68_638-747,rule-based,rule-based,train,"Child gaze behavior summary. split=train, observed_frames=110, visible_ratio=1.000, on_screen_ratio=1.000, gaze_shift_ratio=0.000, occlusion_ratio=0.000, eyes_closed_ratio=0.000, mean_head_motion=0.45, mean_gaze_motion=16.96, attention_stability_score=0.992, dominant_gaze_class=inside_visible, num_segments=5, num_interactions=5, segment_types=['stable', 'shift', 'stable', 'shift', 'stable'], interaction_events=['focused_attention', 'attention_shift', 'focused_attention', 'attention_shift', 'monitoring'].",,"[""focused_attention"", ""exploratory_attention"", ""occluded_attention"", ""reduced_visual_availability"", ""mixed_attention""]",focused_attention,0.84,"[""visible_ratio=1.000"", ""gaze_shift_ratio=0.000"", ""occlusion_ratio=0.000"", ""eyes_closed_ratio=0.000"", ""mean_gaze_motion=16.96"", ""attention_stability_score=0.992"", ""max_visible_streak=110"", ""segments=5"", ""interactions=5""]","[""Interpretation is limited to annotation-derived behavior and not video context.""]",2026-04-06T15:39:30+00:00,childplay-behavior-v1,visible_ratio=1.000; gaze_shift_ratio=0.000; occlusion_ratio=0.000; eyes_closed_ratio=0.000; mean_gaze_motion=16.96; attention_stability_score=0.992; dominant_gaze_class=inside_visible; observed_frames=110
ec_OE0WFEOY_15649-15701:person_1,ec_OE0WFEOY_15649-15701,rule-based,rule-based,train,"Child gaze behavior summary. split=train, observed_frames=53, visible_ratio=1.000, on_screen_ratio=1.000, gaze_shift_ratio=0.000, occlusion_ratio=0.000, eyes_closed_ratio=0.000, mean_head_motion=2.30, mean_gaze_motion=29.54, attention_stability_score=0.985, dominant_gaze_class=inside_visible, num_segments=7, num_interactions=8, segment_types=['stable', 'shift', 'stable', 'shift', 'stable', 'shift', 'stable'], interaction_events=['monitoring', 'attention_shift', 'monitoring', 'attention_shift', 'monitoring', 'attention_shift', 'monitoring', 'exploratory_behavior'].",,"[""focused_attention"", ""exploratory_attention"", ""occluded_attention"", ""reduced_visual_availability"", ""mixed_attention""]",focused_attention,0.84,"[""visible_ratio=1.000"", ""gaze_shift_ratio=0.000"", ""occlusion_ratio=0.000"", ""eyes_closed_ratio=0.000"", ""mean_gaze_motion=29.54"", ""attention_stability_score=0.985"", ""max_visible_streak=53"", ""segments=7"", ""interactions=8""]","[""Short clips provide less temporal evidence than longer sequences.""]",2026-04-06T15:39:30+00:00,childplay-behavior-v1,visible_ratio=1.000; gaze_shift_ratio=0.000; occlusion_ratio=0.000; eyes_closed_ratio=0.000; mean_gaze_motion=29.54; attention_stability_score=0.985; dominant_gaze_class=inside_visible; observed_frames=53
ec_OE0WFEOY_31919-31977:person_1,ec_OE0WFEOY_31919-31977,rule-based,rule-based,train,"Child gaze behavior summary. split=train, observed_frames=59, visible_ratio=1.000, on_screen_ratio=1.000, gaze_shift_ratio=0.000, occlusion_ratio=0.000, eyes_closed_ratio=0.000, mean_head_motion=0.30, mean_gaze_motion=4.12, attention_stability_score=0.998, dominant_gaze_class=inside_visible, num_segments=3, num_interactions=3, segment_types=['stable', 'shift', 'stable'], interaction_events=['monitoring', 'attention_shift', 'focused_attention'].",,"[""focused_attention"", ""exploratory_attention"", ""occluded_attention"", ""reduced_visual_availability"", ""mixed_attention""]",focused_attention,0.84,"[""visible_ratio=1.000"", ""gaze_shift_ratio=0.000"", ""occlusion_ratio=0.000"", ""eyes_closed_ratio=0.000"", ""mean_gaze_motion=4.12"", ""attention_stability_score=0.998"", ""max_visible_streak=59"", ""segments=3"", ""interactions=3""]","[""Short clips provide less temporal evidence than longer sequences.""]",2026-04-06T15:39:30+00:00,childplay-behavior-v1,visible_ratio=1.000; gaze_shift_ratio=0.000; occlusion_ratio=0.000; eyes_closed_ratio=0.000; mean_gaze_motion=4.12; attention_stability_score=0.998; dominant_gaze_class=inside_visible; observed_frames=59
ec_OE0WFEOY_35495-35785:person_1,ec_OE0WFEOY_35495-35785,rule-based,rule-based,train,"Child gaze behavior summary. split=train, observed_frames=291, visible_ratio=0.773, on_screen_ratio=0.773, gaze_shift_ratio=0.010, occlusion_ratio=0.000, eyes_closed_ratio=0.000, mean_head_motion=2.35, mean_gaze_motion=3.50, attention_stability_score=0.838, dominant_gaze_class=inside_visible, num_segments=7, num_interactions=8, segment_types=['outside', 'shift', 'stable', 'shift', 'stable', 'shift', 'stable'], interaction_events=['reduced_visual_availability', 'attention_shift', 'monitoring', 'attention_shift', 'focused_attention', 'attention_shift', 'focused_attention', 'exploratory_behavior'].",,"[""focused_attention"", ""exploratory_attention"", ""occluded_attention"", ""reduced_visual_availability"", ""mixed_attention""]",focused_attention,0.84,"[""visible_ratio=0.773"", ""gaze_shift_ratio=0.010"", ""occlusion_ratio=0.000"", ""eyes_closed_ratio=0.000"", ""mean_gaze_motion=3.50"", ""attention_stability_score=0.838"", ""max_visible_streak=225"", ""segments=7"", ""interactions=8""]","[""Interpretation is limited to annotation-derived behavior and not video context.""]",2026-04-06T15:39:30+00:00,childplay-behavior-v1,visible_ratio=0.773; gaze_shift_ratio=0.010; occlusion_ratio=0.000; eyes_closed_ratio=0.000; mean_gaze_motion=3.50; attention_stability_score=0.838; dominant_gaze_class=inside_visible; observed_frames=291
ec_OE0WFEOY_40598-40742:person_1,ec_OE0WFEOY_40598-40742,rule-based,rule-based,train,"Child gaze behavior summary. split=train, observed_frames=145, visible_ratio=0.979, on_screen_ratio=0.979, gaze_shift_ratio=0.021, occlusion_ratio=0.000, eyes_closed_ratio=0.000, mean_head_motion=4.71, mean_gaze_motion=14.73, attention_stability_score=0.949, dominant_gaze_class=inside_visible, num_segments=9, num_interactions=10, segment_types=['stable', 'shift', 'stable', 'shift', 'stable', 'shift', 'stable', 'shift'], interaction_events=['monitoring', 'attention_shift', 'focused_attention', 'attention_shift', 'monitoring', 'attention_shift', 'focused_attention', 'attention_shift'].",,"[""focused_attention"", ""exploratory_attention"", ""occluded_attention"", ""reduced_visual_availability"", ""mixed_attention""]",focused_attention,0.84,"[""visible_ratio=0.979"", ""gaze_shift_ratio=0.021"", ""occlusion_ratio=0.000"", ""eyes_closed_ratio=0.000"", ""mean_gaze_motion=14.73"", ""attention_stability_score=0.949"", ""max_visible_streak=127"", ""segments=9"", ""interactions=10""]","[""Interpretation is limited to annotation-derived behavior and not video context.""]",2026-04-06T15:39:30+00:00,childplay-behavior-v1,visible_ratio=0.979; gaze_shift_ratio=0.021; occlusion_ratio=0.000; eyes_closed_ratio=0.000; mean_gaze_motion=14.73; attention_stability_score=0.949; dominant_gaze_class=inside_visible; observed_frames=145
ec_OE0WFEOY_41112-41385:person_1,ec_OE0WFEOY_41112-41385,rule-based,rule-based,train,"Child gaze behavior summary. split=train, observed_frames=274, visible_ratio=0.916, on_screen_ratio=0.916, gaze_shift_ratio=0.022, occlusion_ratio=0.000, eyes_closed_ratio=0.000, mean_head_motion=1.63, mean_gaze_motion=5.55, attention_stability_score=0.935, dominant_gaze_class=inside_visible, num_segments=11, num_interactions=12, segment_types=['outside', 'shift', 'stable', 'shift', 'stable', 'shift', 'stable', 'shift'], interaction_events=['reduced_visual_availability', 'attention_shift', 'focused_attention', 'attention_shift', 'monitoring', 'attention_shift', 'focused_attention', 'attention_shift'].",,"[""focused_attention"", ""exploratory_attention"", ""occluded_attention"", ""reduced_visual_availability"", ""mixed_attention""]",focused_attention,0.84,"[""visible_ratio=0.916"", ""gaze_shift_ratio=0.022"", ""occlusion_ratio=0.000"", ""eyes_closed_ratio=0.000"", ""mean_gaze_motion=5.55"", ""attention_stability_score=0.935"", ""max_visible_streak=251"", ""segments=11"", ""interactions=12""]","[""Interpretation is limited to annotation-derived behavior and not video context.""]",2026-04-06T15:39:30+00:00,childplay-behavior-v1,visible_ratio=0.916; gaze_shift_ratio=0.022; occlusion_ratio=0.000; eyes_closed_ratio=0.000; mean_gaze_motion=5.55; attention_stability_score=0.935; dominant_gaze_class=inside_visible; observed_frames=274
ec_OE0WFEOY_50688-50814:person_1,ec_OE0WFEOY_50688-50814,rule-based,rule-based,train,"Child gaze behavior summary. split=train, observed_frames=127, visible_ratio=1.000, on_screen_ratio=1.000, gaze_shift_ratio=0.000, occlusion_ratio=0.000, eyes_closed_ratio=0.000, mean_head_motion=1.79, mean_gaze_motion=10.64, attention_stability_score=0.995, dominant_gaze_class=inside_visible, num_segments=9, num_interactions=10, segment_types=['stable', 'shift', 'stable', 'shift', 'stable', 'shift', 'stable', 'shift'], interaction_events=['monitoring', 'attention_shift', 'monitoring', 'attention_shift', 'monitoring', 'attention_shift', 'monitoring', 'attention_shift'].",,"[""focused_attention"", ""exploratory_attention"", ""occluded_attention"", ""reduced_visual_availability"", ""mixed_attention""]",focused_attention,0.84,"[""visible_ratio=1.000"", ""gaze_shift_ratio=0.000"", ""occlusion_ratio=0.000"", ""eyes_closed_ratio=0.000"", ""mean_gaze_motion=10.64"", ""attention_stability_score=0.995"", ""max_visible_streak=127"", ""segments=9"", ""interactions=10""]","[""Interpretation is limited to annotation-derived behavior and not video context.""]",2026-04-06T15:39:30+00:00,childplay-behavior-v1,visible_ratio=1.000; gaze_shift_ratio=0.000; occlusion_ratio=0.000; eyes_closed_ratio=0.000; mean_gaze_motion=10.64; attention_stability_score=0.995; dominant_gaze_class=inside_visible; observed_frames=127
erJVXbaIicU_2219-2333:person_1,erJVXbaIicU_2219-2333,rule-based,rule-based,train,"Child gaze behavior summary. split=train, observed_frames=115, visible_ratio=0.948, on_screen_ratio=0.948, gaze_shift_ratio=0.052, occlusion_ratio=0.000, eyes_closed_ratio=0.000, mean_head_motion=0.85, mean_gaze_motion=10.62, attention_stability_score=0.839, dominant_gaze_class=inside_visible, num_segments=5, num_interactions=5, segment_types=['stable', 'shift', 'stable', 'shift', 'stable'], interaction_events=['focused_attention', 'attention_shift', 'focused_attention', 'attention_shift', 'focused_attention'].",,"[""focused_attention"", ""exploratory_attention"", ""occluded_attention"", ""reduced_visual_availability"", ""mixed_attention""]",focused_attention,0.84,"[""visible_ratio=0.948"", ""gaze_shift_ratio=0.052"", ""occlusion_ratio=0.000"", ""eyes_closed_ratio=0.000"", ""mean_gaze_motion=10.62"", ""attention_stability_score=0.839"", ""max_visible_streak=58"", ""segments=5"", ""interactions=5""]","[""Interpretation is limited to annotation-derived behavior and not video context.""]",2026-04-06T15:39:30+00:00,childplay-behavior-v1,visible_ratio=0.948; gaze_shift_ratio=0.052; occlusion_ratio=0.000; eyes_closed_ratio=0.000; mean_gaze_motion=10.62; attention_stability_score=0.839; dominant_gaze_class=inside_visible; observed_frames=115
erJVXbaIicU_260-1684:person_2,erJVXbaIicU_260-1684,rule-based,rule-based,train,"Child gaze behavior summary. split=train, observed_frames=1425, visible_ratio=0.850, on_screen_ratio=0.850, gaze_shift_ratio=0.083, occlusion_ratio=0.000, eyes_closed_ratio=0.008, mean_head_motion=0.67, mean_gaze_motion=7.99, attention_stability_score=0.698, dominant_gaze_class=inside_visible, num_segments=67, num_interactions=68, segment_types=['stable', 'shift', 'outside', 'shift', 'stable', 'shift', 'stable', 'shift'], interaction_events=['monitoring', 'attention_shift', 'reduced_visual_availability', 'attention_shift', 'monitoring', 'attention_shift', 'monitoring', 'attention_shift'].",,"[""focused_attention"", ""exploratory_attention"", ""occluded_attention"", ""reduced_visual_availability"", ""mixed_attention""]",focused_attention,0.84,"[""visible_ratio=0.850"", ""gaze_shift_ratio=0.083"", ""occlusion_ratio=0.000"", ""eyes_closed_ratio=0.008"", ""mean_gaze_motion=7.99"", ""attention_stability_score=0.698"", ""max_visible_streak=182"", ""segments=67"", ""interactions=68""]","[""Interpretation is limited to annotation-derived behavior and not video context.""]",2026-04-06T15:39:30+00:00,childplay-behavior-v1,visible_ratio=0.850; gaze_shift_ratio=0.083; occlusion_ratio=0.000; eyes_closed_ratio=0.008; mean_gaze_motion=7.99; attention_stability_score=0.698; dominant_gaze_class=inside_visible; observed_frames=1425
gsuga2JCcYc_1567-1727:person_1,gsuga2JCcYc_1567-1727,rule-based,rule-based,train,"Child gaze behavior summary. split=train, observed_frames=161, visible_ratio=0.416, on_screen_ratio=0.416, gaze_shift_ratio=0.093, occlusion_ratio=0.000, eyes_closed_ratio=0.000, mean_head_motion=5.34, mean_gaze_motion=27.58, attention_stability_score=0.523, dominant_gaze_class=outside_frame, num_segments=11, num_interactions=12, segment_types=['stable', 'shift', 'stable', 'shift', 'outside', 'stable', 'outside', 'shift'], interaction_events=['monitoring', 'attention_shift', 'focused_attention', 'attention_shift', 'reduced_visual_availability', 'monitoring', 'reduced_visual_availability', 'attention_shift'].",,"[""focused_attention"", ""exploratory_attention"", ""occluded_attention"", ""reduced_visual_availability"", ""mixed_attention""]",mixed_attention,0.68,"[""visible_ratio=0.416"", ""gaze_shift_ratio=0.093"", ""occlusion_ratio=0.000"", ""eyes_closed_ratio=0.000"", ""mean_gaze_motion=27.58"", ""attention_stability_score=0.523"", ""max_visible_streak=41"", ""segments=11"", ""interactions=12""]","[""Interpretation is limited to annotation-derived behavior and not video context.""]",2026-04-06T15:39:30+00:00,childplay-behavior-v1,visible_ratio=0.416; gaze_shift_ratio=0.093; occlusion_ratio=0.000; eyes_closed_ratio=0.000; mean_gaze_motion=27.58; attention_stability_score=0.523; dominant_gaze_class=outside_frame; observed_frames=161
gsuga2JCcYc_2184-2402:person_1,gsuga2JCcYc_2184-2402,rule-based,rule-based,train,"Child gaze behavior summary. split=train, observed_frames=219, visible_ratio=0.836, on_screen_ratio=0.836, gaze_shift_ratio=0.096, occlusion_ratio=0.000, eyes_closed_ratio=0.000, mean_head_motion=4.31, mean_gaze_motion=16.20, attention_stability_score=0.765, dominant_gaze_class=inside_visible, num_segments=17, num_interactions=18, segment_types=['stable', 'shift', 'stable', 'shift', 'stable', 'shift', 'stable', 'shift'], interaction_events=['monitoring', 'attention_shift', 'focused_attention', 'attention_shift', 'monitoring', 'attention_shift', 'monitoring', 'attention_shift'].",,"[""focused_attention"", ""exploratory_attention"", ""occluded_attention"", ""reduced_visual_availability"", ""mixed_attention""]",focused_attention,0.84,"[""visible_ratio=0.836"", ""gaze_shift_ratio=0.096"", ""occlusion_ratio=0.000"", ""eyes_closed_ratio=0.000"", ""mean_gaze_motion=16.20"", ""attention_stability_score=0.765"", ""max_visible_streak=98"", ""segments=17"", ""interactions=18""]","[""Interpretation is limited to annotation-derived behavior and not video context.""]",2026-04-06T15:39:30+00:00,childplay-behavior-v1,visible_ratio=0.836; gaze_shift_ratio=0.096; occlusion_ratio=0.000; eyes_closed_ratio=0.000; mean_gaze_motion=16.20; attention_stability_score=0.765; dominant_gaze_class=inside_visible; observed_frames=219
gsuga2JCcYc_321-611:person_2,gsuga2JCcYc_321-611,rule-based,rule-based,train,"Child gaze behavior summary. split=train, observed_frames=291, visible_ratio=0.983, on_screen_ratio=0.983, gaze_shift_ratio=0.017, occlusion_ratio=0.000, eyes_closed_ratio=0.000, mean_head_motion=2.10, mean_gaze_motion=8.04, attention_stability_score=0.951, dominant_gaze_class=inside_visible, num_segments=7, num_interactions=8, segment_types=['stable', 'shift', 'stable', 'shift', 'stable', 'shift', 'stable'], interaction_events=['focused_attention', 'attention_shift', 'focused_attention', 'attention_shift', 'monitoring', 'attention_shift', 'focused_attention', 'exploratory_behavior'].",,"[""focused_attention"", ""exploratory_attention"", ""occluded_attention"", ""reduced_visual_availability"", ""mixed_attention""]",focused_attention,0.84,"[""visible_ratio=0.983"", ""gaze_shift_ratio=0.017"", ""occlusion_ratio=0.000"", ""eyes_closed_ratio=0.000"", ""mean_gaze_motion=8.04"", ""attention_stability_score=0.951"", ""max_visible_streak=251"", ""segments=7"", ""interactions=8""]","[""Interpretation is limited to annotation-derived behavior and not video context.""]",2026-04-06T15:39:30+00:00,childplay-behavior-v1,visible_ratio=0.983; gaze_shift_ratio=0.017; occlusion_ratio=0.000; eyes_closed_ratio=0.000; mean_gaze_motion=8.04; attention_stability_score=0.951; dominant_gaze_class=inside_visible; observed_frames=291
gsuga2JCcYc_823-977:person_2,gsuga2JCcYc_823-977,rule-based,rule-based,train,"Child gaze behavior summary. split=train, observed_frames=155, visible_ratio=0.781, on_screen_ratio=0.819, gaze_shift_ratio=0.116, occlusion_ratio=0.039, eyes_closed_ratio=0.000, mean_head_motion=2.97, mean_gaze_motion=11.92, attention_stability_score=0.733, dominant_gaze_class=inside_visible, num_segments=11, num_interactions=12, segment_types=['stable', 'occluded', 'stable', 'shift', 'outside', 'shift', 'stable', 'shift'], interaction_events=['monitoring', 'reduced_visual_availability', 'monitoring', 'attention_shift', 'reduced_visual_availability', 'attention_shift', 'focused_attention', 'attention_shift'].",,"[""focused_attention"", ""exploratory_attention"", ""occluded_attention"", ""reduced_visual_availability"", ""mixed_attention""]",mixed_attention,0.68,"[""visible_ratio=0.781"", ""gaze_shift_ratio=0.116"", ""occlusion_ratio=0.039"", ""eyes_closed_ratio=0.000"", ""mean_gaze_motion=11.92"", ""attention_stability_score=0.733"", ""max_visible_streak=65"", ""segments=11"", ""interactions=12""]","[""Interpretation is limited to annotation-derived behavior and not video context.""]",2026-04-06T15:39:30+00:00,childplay-behavior-v1,visible_ratio=0.781; gaze_shift_ratio=0.116; occlusion_ratio=0.039; eyes_closed_ratio=0.000; mean_gaze_motion=11.92; attention_stability_score=0.733; dominant_gaze_class=inside_visible; observed_frames=155
gsuga2JCcYc_979-1256:person_1,gsuga2JCcYc_979-1256,rule-based,rule-based,train,"Child gaze behavior summary. split=train, observed_frames=278, visible_ratio=0.939, on_screen_ratio=0.939, gaze_shift_ratio=0.061, occlusion_ratio=0.000, eyes_closed_ratio=0.000, mean_head_motion=1.89, mean_gaze_motion=8.75, attention_stability_score=0.825, dominant_gaze_class=inside_visible, num_segments=5, num_interactions=5, segment_types=['stable', 'shift', 'stable', 'shift', 'stable'], interaction_events=['focused_attention', 'attention_shift', 'focused_attention', 'attention_shift', 'monitoring'].",,"[""focused_attention"", ""exploratory_attention"", ""occluded_attention"", ""reduced_visual_availability"", ""mixed_attention""]",focused_attention,0.84,"[""visible_ratio=0.939"", ""gaze_shift_ratio=0.061"", ""occlusion_ratio=0.000"", ""eyes_closed_ratio=0.000"", ""mean_gaze_motion=8.75"", ""attention_stability_score=0.825"", ""max_visible_streak=129"", ""segments=5"", ""interactions=5""]","[""Interpretation is limited to annotation-derived behavior and not video context.""]",2026-04-06T15:39:30+00:00,childplay-behavior-v1,visible_ratio=0.939; gaze_shift_ratio=0.061; occlusion_ratio=0.000; eyes_closed_ratio=0.000; mean_gaze_motion=8.75; attention_stability_score=0.825; dominant_gaze_class=inside_visible; observed_frames=278
i7GsJrDdCVU_15263-16742:person_1,i7GsJrDdCVU_15263-16742,rule-based,rule-based,train,"Child gaze behavior summary. split=train, observed_frames=1480, visible_ratio=0.899, on_screen_ratio=0.899, gaze_shift_ratio=0.034, occlusion_ratio=0.000, eyes_closed_ratio=0.000, mean_head_motion=1.83, mean_gaze_motion=6.76, attention_stability_score=0.768, dominant_gaze_class=inside_visible, num_segments=31, num_interactions=32, segment_types=['stable', 'shift', 'stable', 'shift', 'outside', 'shift', 'outside', 'shift'], interaction_events=['focused_attention', 'attention_shift', 'monitoring', 'attention_shift', 'reduced_visual_availability', 'attention_shift', 'reduced_visual_availability', 'attention_shift'].",,"[""focused_attention"", ""exploratory_attention"", ""occluded_attention"", ""reduced_visual_availability"", ""mixed_attention""]",focused_attention,0.84,"[""visible_ratio=0.899"", ""gaze_shift_ratio=0.034"", ""occlusion_ratio=0.000"", ""eyes_closed_ratio=0.000"", ""mean_gaze_motion=6.76"", ""attention_stability_score=0.768"", ""max_visible_streak=428"", ""segments=31"", ""interactions=32""]","[""Interpretation is limited to annotation-derived behavior and not video context.""]",2026-04-06T15:39:30+00:00,childplay-behavior-v1,visible_ratio=0.899; gaze_shift_ratio=0.034; occlusion_ratio=0.000; eyes_closed_ratio=0.000; mean_gaze_motion=6.76; attention_stability_score=0.768; dominant_gaze_class=inside_visible; observed_frames=1480
i7GsJrDdCVU_1865-3654:person_1,i7GsJrDdCVU_1865-3654,rule-based,rule-based,train,"Child gaze behavior summary. split=train, observed_frames=1790, visible_ratio=0.611, on_screen_ratio=0.656, gaze_shift_ratio=0.054, occlusion_ratio=0.045, eyes_closed_ratio=0.000, mean_head_motion=1.19, mean_gaze_motion=17.15, attention_stability_score=0.607, dominant_gaze_class=inside_visible, num_segments=63, num_interactions=64, segment_types=['outside', 'shift', 'stable', 'outside', 'shift', 'stable', 'outside', 'shift'], interaction_events=['reduced_visual_availability', 'attention_shift', 'monitoring', 'reduced_visual_availability', 'attention_shift', 'focused_attention', 'reduced_visual_availability', 'attention_shift'].",,"[""focused_attention"", ""exploratory_attention"", ""occluded_attention"", ""reduced_visual_availability"", ""mixed_attention""]",mixed_attention,0.68,"[""visible_ratio=0.611"", ""gaze_shift_ratio=0.054"", ""occlusion_ratio=0.045"", ""eyes_closed_ratio=0.000"", ""mean_gaze_motion=17.15"", ""attention_stability_score=0.607"", ""max_visible_streak=345"", ""segments=63"", ""interactions=64""]","[""Interpretation is limited to annotation-derived behavior and not video context.""]",2026-04-06T15:39:30+00:00,childplay-behavior-v1,visible_ratio=0.611; gaze_shift_ratio=0.054; occlusion_ratio=0.045; eyes_closed_ratio=0.000; mean_gaze_motion=17.15; attention_stability_score=0.607; dominant_gaze_class=inside_visible; observed_frames=1790
iDg2hR1FPgA_10270-10332:person_2,iDg2hR1FPgA_10270-10332,rule-based,rule-based,train,"Child gaze behavior summary. split=train, observed_frames=63, visible_ratio=1.000, on_screen_ratio=1.000, gaze_shift_ratio=0.000, occlusion_ratio=0.000, eyes_closed_ratio=0.000, mean_head_motion=2.90, mean_gaze_motion=11.93, attention_stability_score=0.994, dominant_gaze_class=inside_visible, num_segments=3, num_interactions=3, segment_types=['stable', 'shift', 'stable'], interaction_events=['focused_attention', 'attention_shift', 'monitoring'].",,"[""focused_attention"", ""exploratory_attention"", ""occluded_attention"", ""reduced_visual_availability"", ""mixed_attention""]",focused_attention,0.84,"[""visible_ratio=1.000"", ""gaze_shift_ratio=0.000"", ""occlusion_ratio=0.000"", ""eyes_closed_ratio=0.000"", ""mean_gaze_motion=11.93"", ""attention_stability_score=0.994"", ""max_visible_streak=63"", ""segments=3"", ""interactions=3""]","[""Interpretation is limited to annotation-derived behavior and not video context.""]",2026-04-06T15:39:30+00:00,childplay-behavior-v1,visible_ratio=1.000; gaze_shift_ratio=0.000; occlusion_ratio=0.000; eyes_closed_ratio=0.000; mean_gaze_motion=11.93; attention_stability_score=0.994; dominant_gaze_class=inside_visible; observed_frames=63
iDg2hR1FPgA_10270-10332:person_3,iDg2hR1FPgA_10270-10332,rule-based,rule-based,train,"Child gaze behavior summary. split=train, observed_frames=63, visible_ratio=1.000, on_screen_ratio=1.000, gaze_shift_ratio=0.000, occlusion_ratio=0.000, eyes_closed_ratio=0.000, mean_head_motion=2.14, mean_gaze_motion=20.64, attention_stability_score=0.990, dominant_gaze_class=inside_visible, num_segments=5, num_interactions=5, segment_types=['stable', 'shift', 'stable', 'shift', 'stable'], interaction_events=['monitoring', 'attention_shift', 'monitoring', 'attention_shift', 'focused_attention'].",,"[""focused_attention"", ""exploratory_attention"", ""occluded_attention"", ""reduced_visual_availability"", ""mixed_attention""]",focused_attention,0.84,"[""visible_ratio=1.000"", ""gaze_shift_ratio=0.000"", ""occlusion_ratio=0.000"", ""eyes_closed_ratio=0.000"", ""mean_gaze_motion=20.64"", ""attention_stability_score=0.990"", ""max_visible_streak=63"", ""segments=5"", ""interactions=5""]","[""Interpretation is limited to annotation-derived behavior and not video context.""]",2026-04-06T15:39:30+00:00,childplay-behavior-v1,visible_ratio=1.000; gaze_shift_ratio=0.000; occlusion_ratio=0.000; eyes_closed_ratio=0.000; mean_gaze_motion=20.64; attention_stability_score=0.990; dominant_gaze_class=inside_visible; observed_frames=63
iDg2hR1FPgA_13892-14690:person_2,iDg2hR1FPgA_13892-14690,rule-based,rule-based,train,"Child gaze behavior summary. split=train, observed_frames=780, visible_ratio=0.406, on_screen_ratio=0.419, gaze_shift_ratio=0.006, occlusion_ratio=0.013, eyes_closed_ratio=0.000, mean_head_motion=6.07, mean_gaze_motion=7.49, attention_stability_score=0.574, dominant_gaze_class=outside_frame, num_segments=18, num_interactions=19, segment_types=['outside', 'shift', 'outside', 'stable', 'occluded', 'stable', 'shift', 'stable'], interaction_events=['reduced_visual_availability', 'attention_shift', 'reduced_visual_availability', 'monitoring', 'reduced_visual_availability', 'monitoring', 'attention_shift', 'focused_attention'].",,"[""focused_attention"", ""exploratory_attention"", ""occluded_attention"", ""reduced_visual_availability"", ""mixed_attention""]",mixed_attention,0.68,"[""visible_ratio=0.406"", ""gaze_shift_ratio=0.006"", ""occlusion_ratio=0.013"", ""eyes_closed_ratio=0.000"", ""mean_gaze_motion=7.49"", ""attention_stability_score=0.574"", ""max_visible_streak=299"", ""segments=18"", ""interactions=19""]","[""Interpretation is limited to annotation-derived behavior and not video context.""]",2026-04-06T15:39:30+00:00,childplay-behavior-v1,visible_ratio=0.406; gaze_shift_ratio=0.006; occlusion_ratio=0.013; eyes_closed_ratio=0.000; mean_gaze_motion=7.49; attention_stability_score=0.574; dominant_gaze_class=outside_frame; observed_frames=780
iDg2hR1FPgA_13892-14690:person_3,iDg2hR1FPgA_13892-14690,rule-based,rule-based,train,"Child gaze behavior summary. split=train, observed_frames=799, visible_ratio=0.800, on_screen_ratio=0.812, gaze_shift_ratio=0.019, occlusion_ratio=0.013, eyes_closed_ratio=0.000, mean_head_motion=3.19, mean_gaze_motion=13.13, attention_stability_score=0.688, dominant_gaze_class=inside_visible, num_segments=44, num_interactions=45, segment_types=['stable', 'shift', 'stable', 'outside', 'stable', 'shift', 'stable', 'outside'], interaction_events=['monitoring', 'attention_shift', 'focused_attention', 'reduced_visual_availability', 'focused_attention', 'attention_shift', 'focused_attention', 'reduced_visual_availability'].",,"[""focused_attention"", ""exploratory_attention"", ""occluded_attention"", ""reduced_visual_availability"", ""mixed_attention""]",focused_attention,0.84,"[""visible_ratio=0.800"", ""gaze_shift_ratio=0.019"", ""occlusion_ratio=0.013"", ""eyes_closed_ratio=0.000"", ""mean_gaze_motion=13.13"", ""attention_stability_score=0.688"", ""max_visible_streak=119"", ""segments=44"", ""interactions=45""]","[""Interpretation is limited to annotation-derived behavior and not video context.""]",2026-04-06T15:39:30+00:00,childplay-behavior-v1,visible_ratio=0.800; gaze_shift_ratio=0.019; occlusion_ratio=0.013; eyes_closed_ratio=0.000; mean_gaze_motion=13.13; attention_stability_score=0.688; dominant_gaze_class=inside_visible; observed_frames=799
iDg2hR1FPgA_14815-14999:person_2,iDg2hR1FPgA_14815-14999,rule-based,rule-based,train,"Child gaze behavior summary. split=train, observed_frames=185, visible_ratio=0.870, on_screen_ratio=0.870, gaze_shift_ratio=0.000, occlusion_ratio=0.000, eyes_closed_ratio=0.000, mean_head_motion=3.10, mean_gaze_motion=10.02, attention_stability_score=0.876, dominant_gaze_class=inside_visible, num_segments=7, num_interactions=7, segment_types=['stable', 'shift', 'stable', 'outside', 'stable', 'shift', 'stable'], interaction_events=['monitoring', 'attention_shift', 'monitoring', 'reduced_visual_availability', 'focused_attention', 'attention_shift', 'focused_attention'].",,"[""focused_attention"", ""exploratory_attention"", ""occluded_attention"", ""reduced_visual_availability"", ""mixed_attention""]",focused_attention,0.84,"[""visible_ratio=0.870"", ""gaze_shift_ratio=0.000"", ""occlusion_ratio=0.000"", ""eyes_closed_ratio=0.000"", ""mean_gaze_motion=10.02"", ""attention_stability_score=0.876"", ""max_visible_streak=140"", ""segments=7"", ""interactions=7""]","[""Interpretation is limited to annotation-derived behavior and not video context.""]",2026-04-06T15:39:30+00:00,childplay-behavior-v1,visible_ratio=0.870; gaze_shift_ratio=0.000; occlusion_ratio=0.000; eyes_closed_ratio=0.000; mean_gaze_motion=10.02; attention_stability_score=0.876; dominant_gaze_class=inside_visible; observed_frames=185
iDg2hR1FPgA_14815-14999:person_3,iDg2hR1FPgA_14815-14999,rule-based,rule-based,train,"Child gaze behavior summary. split=train, observed_frames=185, visible_ratio=0.000, on_screen_ratio=0.276, gaze_shift_ratio=0.076, occlusion_ratio=0.276, eyes_closed_ratio=0.000, mean_head_motion=3.78, mean_gaze_motion=0.00, attention_stability_score=0.289, dominant_gaze_class=outside_frame, num_segments=3, num_interactions=3, segment_types=['outside', 'shift', 'occluded'], interaction_events=['reduced_visual_availability', 'attention_shift', 'reduced_visual_availability'].",,"[""focused_attention"", ""exploratory_attention"", ""occluded_attention"", ""reduced_visual_availability"", ""mixed_attention""]",mixed_attention,0.68,"[""visible_ratio=0.000"", ""gaze_shift_ratio=0.076"", ""occlusion_ratio=0.276"", ""eyes_closed_ratio=0.000"", ""mean_gaze_motion=0.00"", ""attention_stability_score=0.289"", ""max_visible_streak=0"", ""segments=3"", ""interactions=3""]","[""Interpretation is partially limited by occluded or uncertain gaze frames.""]",2026-04-06T15:39:30+00:00,childplay-behavior-v1,visible_ratio=0.000; gaze_shift_ratio=0.076; occlusion_ratio=0.276; eyes_closed_ratio=0.000; mean_gaze_motion=0.00; attention_stability_score=0.289; dominant_gaze_class=outside_frame; observed_frames=185
iDg2hR1FPgA_15001-15094:person_2,iDg2hR1FPgA_15001-15094,rule-based,rule-based,train,"Child gaze behavior summary. split=train, observed_frames=94, visible_ratio=1.000, on_screen_ratio=1.000, gaze_shift_ratio=0.000, occlusion_ratio=0.000, eyes_closed_ratio=0.000, mean_head_motion=1.33, mean_gaze_motion=10.98, attention_stability_score=0.995, dominant_gaze_class=inside_visible, num_segments=1, num_interactions=1, segment_types=['stable'], interaction_events=['focused_attention'].",,"[""focused_attention"", ""exploratory_attention"", ""occluded_attention"", ""reduced_visual_availability"", ""mixed_attention""]",focused_attention,0.84,"[""visible_ratio=1.000"", ""gaze_shift_ratio=0.000"", ""occlusion_ratio=0.000"", ""eyes_closed_ratio=0.000"", ""mean_gaze_motion=10.98"", ""attention_stability_score=0.995"", ""max_visible_streak=94"", ""segments=1"", ""interactions=1""]","[""Interpretation is limited to annotation-derived behavior and not video context.""]",2026-04-06T15:39:30+00:00,childplay-behavior-v1,visible_ratio=1.000; gaze_shift_ratio=0.000; occlusion_ratio=0.000; eyes_closed_ratio=0.000; mean_gaze_motion=10.98; attention_stability_score=0.995; dominant_gaze_class=inside_visible; observed_frames=94
iDg2hR1FPgA_15001-15094:person_3,iDg2hR1FPgA_15001-15094,rule-based,rule-based,train,"Child gaze behavior summary. split=train, observed_frames=94, visible_ratio=0.372, on_screen_ratio=0.372, gaze_shift_ratio=0.149, occlusion_ratio=0.000, eyes_closed_ratio=0.000, mean_head_motion=8.81, mean_gaze_motion=0.99, attention_stability_score=0.527, dominant_gaze_class=outside_frame, num_segments=5, num_interactions=5, segment_types=['stable', 'shift', 'outside', 'shift', 'stable'], interaction_events=['monitoring', 'attention_shift', 'reduced_visual_availability', 'attention_shift', 'focused_attention'].",,"[""focused_attention"", ""exploratory_attention"", ""occluded_attention"", ""reduced_visual_availability"", ""mixed_attention""]",mixed_attention,0.68,"[""visible_ratio=0.372"", ""gaze_shift_ratio=0.149"", ""occlusion_ratio=0.000"", ""eyes_closed_ratio=0.000"", ""mean_gaze_motion=0.99"", ""attention_stability_score=0.527"", ""max_visible_streak=31"", ""segments=5"", ""interactions=5""]","[""Interpretation is limited to annotation-derived behavior and not video context.""]",2026-04-06T15:39:30+00:00,childplay-behavior-v1,visible_ratio=0.372; gaze_shift_ratio=0.149; occlusion_ratio=0.000; eyes_closed_ratio=0.000; mean_gaze_motion=0.99; attention_stability_score=0.527; dominant_gaze_class=outside_frame; observed_frames=94
iDg2hR1FPgA_15978-16223:person_2,iDg2hR1FPgA_15978-16223,rule-based,rule-based,train,"Child gaze behavior summary. split=train, observed_frames=246, visible_ratio=0.390, on_screen_ratio=0.415, gaze_shift_ratio=0.037, occlusion_ratio=0.024, eyes_closed_ratio=0.000, mean_head_motion=5.63, mean_gaze_motion=3.78, attention_stability_score=0.566, dominant_gaze_class=outside_frame, num_segments=5, num_interactions=5, segment_types=['occluded', 'shift', 'outside', 'shift', 'stable'], interaction_events=['reduced_visual_availability', 'attention_shift', 'reduced_visual_availability', 'attention_shift', 'focused_attention'].",,"[""focused_attention"", ""exploratory_attention"", ""occluded_attention"", ""reduced_visual_availability"", ""mixed_attention""]",mixed_attention,0.68,"[""visible_ratio=0.390"", ""gaze_shift_ratio=0.037"", ""occlusion_ratio=0.024"", ""eyes_closed_ratio=0.000"", ""mean_gaze_motion=3.78"", ""attention_stability_score=0.566"", ""max_visible_streak=96"", ""segments=5"", ""interactions=5""]","[""Interpretation is limited to annotation-derived behavior and not video context.""]",2026-04-06T15:39:30+00:00,childplay-behavior-v1,visible_ratio=0.390; gaze_shift_ratio=0.037; occlusion_ratio=0.024; eyes_closed_ratio=0.000; mean_gaze_motion=3.78; attention_stability_score=0.566; dominant_gaze_class=outside_frame; observed_frames=246
iDg2hR1FPgA_16347-16992:person_1,iDg2hR1FPgA_16347-16992,rule-based,rule-based,train,"Child gaze behavior summary. split=train, observed_frames=581, visible_ratio=0.702, on_screen_ratio=0.824, gaze_shift_ratio=0.086, occlusion_ratio=0.122, eyes_closed_ratio=0.000, mean_head_motion=4.86, mean_gaze_motion=9.16, attention_stability_score=0.685, dominant_gaze_class=inside_visible, num_segments=36, num_interactions=37, segment_types=['outside', 'shift', 'occluded', 'shift', 'stable', 'shift', 'stable', 'shift'], interaction_events=['reduced_visual_availability', 'attention_shift', 'reduced_visual_availability', 'attention_shift', 'focused_attention', 'attention_shift', 'monitoring', 'attention_shift'].",,"[""focused_attention"", ""exploratory_attention"", ""occluded_attention"", ""reduced_visual_availability"", ""mixed_attention""]",mixed_attention,0.68,"[""visible_ratio=0.702"", ""gaze_shift_ratio=0.086"", ""occlusion_ratio=0.122"", ""eyes_closed_ratio=0.000"", ""mean_gaze_motion=9.16"", ""attention_stability_score=0.685"", ""max_visible_streak=202"", ""segments=36"", ""interactions=37""]","[""Interpretation is limited to annotation-derived behavior and not video context.""]",2026-04-06T15:39:30+00:00,childplay-behavior-v1,visible_ratio=0.702; gaze_shift_ratio=0.086; occlusion_ratio=0.122; eyes_closed_ratio=0.000; mean_gaze_motion=9.16; attention_stability_score=0.685; dominant_gaze_class=inside_visible; observed_frames=581
iDg2hR1FPgA_16347-16992:person_3,iDg2hR1FPgA_16347-16992,rule-based,rule-based,train,"Child gaze behavior summary. split=train, observed_frames=637, visible_ratio=0.865, on_screen_ratio=0.923, gaze_shift_ratio=0.030, occlusion_ratio=0.058, eyes_closed_ratio=0.000, mean_head_motion=5.23, mean_gaze_motion=6.69, attention_stability_score=0.848, dominant_gaze_class=inside_visible, num_segments=21, num_interactions=22, segment_types=['stable', 'shift', 'stable', 'occluded', 'shift', 'stable', 'shift', 'stable'], interaction_events=['focused_attention', 'attention_shift', 'monitoring', 'reduced_visual_availability', 'attention_shift', 'focused_attention', 'attention_shift', 'focused_attention'].",,"[""focused_attention"", ""exploratory_attention"", ""occluded_attention"", ""reduced_visual_availability"", ""mixed_attention""]",focused_attention,0.84,"[""visible_ratio=0.865"", ""gaze_shift_ratio=0.030"", ""occlusion_ratio=0.058"", ""eyes_closed_ratio=0.000"", ""mean_gaze_motion=6.69"", ""attention_stability_score=0.848"", ""max_visible_streak=425"", ""segments=21"", ""interactions=22""]","[""Interpretation is limited to annotation-derived behavior and not video context.""]",2026-04-06T15:39:30+00:00,childplay-behavior-v1,visible_ratio=0.865; gaze_shift_ratio=0.030; occlusion_ratio=0.058; eyes_closed_ratio=0.000; mean_gaze_motion=6.69; attention_stability_score=0.848; dominant_gaze_class=inside_visible; observed_frames=637
iDg2hR1FPgA_17030-17507:person_1,iDg2hR1FPgA_17030-17507,rule-based,rule-based,train,"Child gaze behavior summary. split=train, observed_frames=478, visible_ratio=0.973, on_screen_ratio=0.973, gaze_shift_ratio=0.017, occlusion_ratio=0.000, eyes_closed_ratio=0.000, mean_head_motion=2.34, mean_gaze_motion=24.38, attention_stability_score=0.850, dominant_gaze_class=inside_visible, num_segments=21, num_interactions=22, segment_types=['stable', 'shift', 'stable', 'uncertain', 'stable', 'shift', 'stable', 'shift'], interaction_events=['monitoring', 'attention_shift', 'monitoring', 'monitoring', 'monitoring', 'attention_shift', 'focused_attention', 'attention_shift'].",,"[""focused_attention"", ""exploratory_attention"", ""occluded_attention"", ""reduced_visual_availability"", ""mixed_attention""]",focused_attention,0.84,"[""visible_ratio=0.973"", ""gaze_shift_ratio=0.017"", ""occlusion_ratio=0.000"", ""eyes_closed_ratio=0.000"", ""mean_gaze_motion=24.38"", ""attention_stability_score=0.850"", ""max_visible_streak=243"", ""segments=21"", ""interactions=22""]","[""Interpretation is limited to annotation-derived behavior and not video context.""]",2026-04-06T15:39:30+00:00,childplay-behavior-v1,visible_ratio=0.973; gaze_shift_ratio=0.017; occlusion_ratio=0.000; eyes_closed_ratio=0.000; mean_gaze_motion=24.38; attention_stability_score=0.850; dominant_gaze_class=inside_visible; observed_frames=478
iDg2hR1FPgA_19399-19781:person_2,iDg2hR1FPgA_19399-19781,rule-based,rule-based,train,"Child gaze behavior summary. split=train, observed_frames=372, visible_ratio=0.761, on_screen_ratio=0.761, gaze_shift_ratio=0.000, occlusion_ratio=0.000, eyes_closed_ratio=0.000, mean_head_motion=3.61, mean_gaze_motion=11.50, attention_stability_score=0.729, dominant_gaze_class=inside_visible, num_segments=14, num_interactions=15, segment_types=['stable', 'shift', 'stable', 'shift', 'stable', 'shift', 'stable', 'shift'], interaction_events=['focused_attention', 'attention_shift', 'monitoring', 'attention_shift', 'monitoring', 'attention_shift', 'monitoring', 'attention_shift'].",,"[""focused_attention"", ""exploratory_attention"", ""occluded_attention"", ""reduced_visual_availability"", ""mixed_attention""]",focused_attention,0.84,"[""visible_ratio=0.761"", ""gaze_shift_ratio=0.000"", ""occlusion_ratio=0.000"", ""eyes_closed_ratio=0.000"", ""mean_gaze_motion=11.50"", ""attention_stability_score=0.729"", ""max_visible_streak=138"", ""segments=14"", ""interactions=15""]","[""Interpretation is limited to annotation-derived behavior and not video context.""]",2026-04-06T15:39:30+00:00,childplay-behavior-v1,visible_ratio=0.761; gaze_shift_ratio=0.000; occlusion_ratio=0.000; eyes_closed_ratio=0.000; mean_gaze_motion=11.50; attention_stability_score=0.729; dominant_gaze_class=inside_visible; observed_frames=372
iDg2hR1FPgA_25090-25258:person_1,iDg2hR1FPgA_25090-25258,rule-based,rule-based,train,"Child gaze behavior summary. split=train, observed_frames=144, visible_ratio=0.840, on_screen_ratio=0.840, gaze_shift_ratio=0.000, occlusion_ratio=0.000, eyes_closed_ratio=0.000, mean_head_motion=5.07, mean_gaze_motion=29.89, attention_stability_score=0.799, dominant_gaze_class=inside_visible, num_segments=9, num_interactions=10, segment_types=['stable', 'shift', 'stable', 'shift', 'stable', 'outside', 'stable', 'shift'], interaction_events=['monitoring', 'attention_shift', 'focused_attention', 'attention_shift', 'monitoring', 'reduced_visual_availability', 'monitoring', 'attention_shift'].",,"[""focused_attention"", ""exploratory_attention"", ""occluded_attention"", ""reduced_visual_availability"", ""mixed_attention""]",focused_attention,0.84,"[""visible_ratio=0.840"", ""gaze_shift_ratio=0.000"", ""occlusion_ratio=0.000"", ""eyes_closed_ratio=0.000"", ""mean_gaze_motion=29.89"", ""attention_stability_score=0.799"", ""max_visible_streak=78"", ""segments=9"", ""interactions=10""]","[""Interpretation is limited to annotation-derived behavior and not video context.""]",2026-04-06T15:39:30+00:00,childplay-behavior-v1,visible_ratio=0.840; gaze_shift_ratio=0.000; occlusion_ratio=0.000; eyes_closed_ratio=0.000; mean_gaze_motion=29.89; attention_stability_score=0.799; dominant_gaze_class=inside_visible; observed_frames=144
iDg2hR1FPgA_25090-25258:person_3,iDg2hR1FPgA_25090-25258,rule-based,rule-based,train,"Child gaze behavior summary. split=train, observed_frames=86, visible_ratio=0.616, on_screen_ratio=0.616, gaze_shift_ratio=0.000, occlusion_ratio=0.000, eyes_closed_ratio=0.000, mean_head_motion=18.03, mean_gaze_motion=37.36, attention_stability_score=0.707, dominant_gaze_class=inside_visible, num_segments=3, num_interactions=3, segment_types=['stable', 'outside', 'stable'], interaction_events=['monitoring', 'reduced_visual_availability', 'focused_attention'].",,"[""focused_attention"", ""exploratory_attention"", ""occluded_attention"", ""reduced_visual_availability"", ""mixed_attention""]",mixed_attention,0.68,"[""visible_ratio=0.616"", ""gaze_shift_ratio=0.000"", ""occlusion_ratio=0.000"", ""eyes_closed_ratio=0.000"", ""mean_gaze_motion=37.36"", ""attention_stability_score=0.707"", ""max_visible_streak=51"", ""segments=3"", ""interactions=3""]","[""Interpretation is limited to annotation-derived behavior and not video context.""]",2026-04-06T15:39:30+00:00,childplay-behavior-v1,visible_ratio=0.616; gaze_shift_ratio=0.000; occlusion_ratio=0.000; eyes_closed_ratio=0.000; mean_gaze_motion=37.36; attention_stability_score=0.707; dominant_gaze_class=inside_visible; observed_frames=86
iDg2hR1FPgA_25990-26228:person_1,iDg2hR1FPgA_25990-26228,rule-based,rule-based,train,"Child gaze behavior summary. split=train, observed_frames=237, visible_ratio=0.814, on_screen_ratio=0.873, gaze_shift_ratio=0.025, occlusion_ratio=0.059, eyes_closed_ratio=0.000, mean_head_motion=6.52, mean_gaze_motion=15.85, attention_stability_score=0.773, dominant_gaze_class=inside_visible, num_segments=15, num_interactions=16, segment_types=['stable', 'shift', 'stable', 'shift', 'stable', 'occluded', 'shift', 'stable'], interaction_events=['focused_attention', 'attention_shift', 'focused_attention', 'attention_shift', 'focused_attention', 'reduced_visual_availability', 'attention_shift', 'monitoring'].",,"[""focused_attention"", ""exploratory_attention"", ""occluded_attention"", ""reduced_visual_availability"", ""mixed_attention""]",focused_attention,0.84,"[""visible_ratio=0.814"", ""gaze_shift_ratio=0.025"", ""occlusion_ratio=0.059"", ""eyes_closed_ratio=0.000"", ""mean_gaze_motion=15.85"", ""attention_stability_score=0.773"", ""max_visible_streak=112"", ""segments=15"", ""interactions=16""]","[""Interpretation is limited to annotation-derived behavior and not video context.""]",2026-04-06T15:39:30+00:00,childplay-behavior-v1,visible_ratio=0.814; gaze_shift_ratio=0.025; occlusion_ratio=0.059; eyes_closed_ratio=0.000; mean_gaze_motion=15.85; attention_stability_score=0.773; dominant_gaze_class=inside_visible; observed_frames=237
iDg2hR1FPgA_47999-48192:person_2,iDg2hR1FPgA_47999-48192,rule-based,rule-based,train,"Child gaze behavior summary. split=train, observed_frames=194, visible_ratio=1.000, on_screen_ratio=1.000, gaze_shift_ratio=0.000, occlusion_ratio=0.000, eyes_closed_ratio=0.000, mean_head_motion=4.78, mean_gaze_motion=20.21, attention_stability_score=0.990, dominant_gaze_class=inside_visible, num_segments=12, num_interactions=13, segment_types=['stable', 'shift', 'stable', 'shift', 'stable', 'shift', 'stable', 'shift'], interaction_events=['monitoring', 'attention_shift', 'monitoring', 'attention_shift', 'focused_attention', 'attention_shift', 'focused_attention', 'attention_shift'].",,"[""focused_attention"", ""exploratory_attention"", ""occluded_attention"", ""reduced_visual_availability"", ""mixed_attention""]",focused_attention,0.84,"[""visible_ratio=1.000"", ""gaze_shift_ratio=0.000"", ""occlusion_ratio=0.000"", ""eyes_closed_ratio=0.000"", ""mean_gaze_motion=20.21"", ""attention_stability_score=0.990"", ""max_visible_streak=194"", ""segments=12"", ""interactions=13""]","[""Interpretation is limited to annotation-derived behavior and not video context.""]",2026-04-06T15:39:30+00:00,childplay-behavior-v1,visible_ratio=1.000; gaze_shift_ratio=0.000; occlusion_ratio=0.000; eyes_closed_ratio=0.000; mean_gaze_motion=20.21; attention_stability_score=0.990; dominant_gaze_class=inside_visible; observed_frames=194
iDg2hR1FPgA_47999-48192:person_3,iDg2hR1FPgA_47999-48192,rule-based,rule-based,train,"Child gaze behavior summary. split=train, observed_frames=194, visible_ratio=1.000, on_screen_ratio=1.000, gaze_shift_ratio=0.000, occlusion_ratio=0.000, eyes_closed_ratio=0.000, mean_head_motion=4.97, mean_gaze_motion=17.55, attention_stability_score=0.991, dominant_gaze_class=inside_visible, num_segments=11, num_interactions=12, segment_types=['stable', 'shift', 'stable', 'shift', 'stable', 'shift', 'stable', 'shift'], interaction_events=['monitoring', 'attention_shift', 'focused_attention', 'attention_shift', 'focused_attention', 'attention_shift', 'focused_attention', 'attention_shift'].",,"[""focused_attention"", ""exploratory_attention"", ""occluded_attention"", ""reduced_visual_availability"", ""mixed_attention""]",focused_attention,0.84,"[""visible_ratio=1.000"", ""gaze_shift_ratio=0.000"", ""occlusion_ratio=0.000"", ""eyes_closed_ratio=0.000"", ""mean_gaze_motion=17.55"", ""attention_stability_score=0.991"", ""max_visible_streak=194"", ""segments=11"", ""interactions=12""]","[""Interpretation is limited to annotation-derived behavior and not video context.""]",2026-04-06T15:39:30+00:00,childplay-behavior-v1,visible_ratio=1.000; gaze_shift_ratio=0.000; occlusion_ratio=0.000; eyes_closed_ratio=0.000; mean_gaze_motion=17.55; attention_stability_score=0.991; dominant_gaze_class=inside_visible; observed_frames=194
iDg2hR1FPgA_53769-53940:person_1,iDg2hR1FPgA_53769-53940,rule-based,rule-based,train,"Child gaze behavior summary. split=train, observed_frames=172, visible_ratio=0.959, on_screen_ratio=0.959, gaze_shift_ratio=0.041, occlusion_ratio=0.000, eyes_closed_ratio=0.000, mean_head_motion=2.42, mean_gaze_motion=30.99, attention_stability_score=0.900, dominant_gaze_class=inside_visible, num_segments=17, num_interactions=18, segment_types=['stable', 'shift', 'stable', 'shift', 'stable', 'shift', 'stable', 'shift'], interaction_events=['monitoring', 'attention_shift', 'monitoring', 'attention_shift', 'monitoring', 'attention_shift', 'monitoring', 'attention_shift'].",,"[""focused_attention"", ""exploratory_attention"", ""occluded_attention"", ""reduced_visual_availability"", ""mixed_attention""]",focused_attention,0.84,"[""visible_ratio=0.959"", ""gaze_shift_ratio=0.041"", ""occlusion_ratio=0.000"", ""eyes_closed_ratio=0.000"", ""mean_gaze_motion=30.99"", ""attention_stability_score=0.900"", ""max_visible_streak=131"", ""segments=17"", ""interactions=18""]","[""Interpretation is limited to annotation-derived behavior and not video context.""]",2026-04-06T15:39:30+00:00,childplay-behavior-v1,visible_ratio=0.959; gaze_shift_ratio=0.041; occlusion_ratio=0.000; eyes_closed_ratio=0.000; mean_gaze_motion=30.99; attention_stability_score=0.900; dominant_gaze_class=inside_visible; observed_frames=172
iDg2hR1FPgA_53769-53940:person_2,iDg2hR1FPgA_53769-53940,rule-based,rule-based,train,"Child gaze behavior summary. split=train, observed_frames=172, visible_ratio=1.000, on_screen_ratio=1.000, gaze_shift_ratio=0.000, occlusion_ratio=0.000, eyes_closed_ratio=0.000, mean_head_motion=9.58, mean_gaze_motion=13.77, attention_stability_score=0.993, dominant_gaze_class=inside_visible, num_segments=9, num_interactions=10, segment_types=['stable', 'shift', 'stable', 'shift', 'stable', 'shift', 'stable', 'shift'], interaction_events=['focused_attention', 'attention_shift', 'monitoring', 'attention_shift', 'monitoring', 'attention_shift', 'monitoring', 'attention_shift'].",,"[""focused_attention"", ""exploratory_attention"", ""occluded_attention"", ""reduced_visual_availability"", ""mixed_attention""]",focused_attention,0.84,"[""visible_ratio=1.000"", ""gaze_shift_ratio=0.000"", ""occlusion_ratio=0.000"", ""eyes_closed_ratio=0.000"", ""mean_gaze_motion=13.77"", ""attention_stability_score=0.993"", ""max_visible_streak=172"", ""segments=9"", ""interactions=10""]","[""Interpretation is limited to annotation-derived behavior and not video context.""]",2026-04-06T15:39:30+00:00,childplay-behavior-v1,visible_ratio=1.000; gaze_shift_ratio=0.000; occlusion_ratio=0.000; eyes_closed_ratio=0.000; mean_gaze_motion=13.77; attention_stability_score=0.993; dominant_gaze_class=inside_visible; observed_frames=172
iDg2hR1FPgA_53769-53940:person_3,iDg2hR1FPgA_53769-53940,rule-based,rule-based,train,"Child gaze behavior summary. split=train, observed_frames=172, visible_ratio=1.000, on_screen_ratio=1.000, gaze_shift_ratio=0.000, occlusion_ratio=0.000, eyes_closed_ratio=0.000, mean_head_motion=8.50, mean_gaze_motion=9.93, attention_stability_score=0.995, dominant_gaze_class=inside_visible, num_segments=3, num_interactions=3, segment_types=['stable', 'shift', 'stable'], interaction_events=['monitoring', 'attention_shift', 'focused_attention'].",,"[""focused_attention"", ""exploratory_attention"", ""occluded_attention"", ""reduced_visual_availability"", ""mixed_attention""]",focused_attention,0.84,"[""visible_ratio=1.000"", ""gaze_shift_ratio=0.000"", ""occlusion_ratio=0.000"", ""eyes_closed_ratio=0.000"", ""mean_gaze_motion=9.93"", ""attention_stability_score=0.995"", ""max_visible_streak=172"", ""segments=3"", ""interactions=3""]","[""Interpretation is limited to annotation-derived behavior and not video context.""]",2026-04-06T15:39:30+00:00,childplay-behavior-v1,visible_ratio=1.000; gaze_shift_ratio=0.000; occlusion_ratio=0.000; eyes_closed_ratio=0.000; mean_gaze_motion=9.93; attention_stability_score=0.995; dominant_gaze_class=inside_visible; observed_frames=172
iDg2hR1FPgA_6118-6236:person_2,iDg2hR1FPgA_6118-6236,rule-based,rule-based,train,"Child gaze behavior summary. split=train, observed_frames=119, visible_ratio=0.403, on_screen_ratio=0.403, gaze_shift_ratio=0.034, occlusion_ratio=0.000, eyes_closed_ratio=0.000, mean_head_motion=3.13, mean_gaze_motion=18.49, attention_stability_score=0.568, dominant_gaze_class=outside_frame, num_segments=9, num_interactions=10, segment_types=['outside', 'shift', 'stable', 'shift', 'stable', 'shift', 'stable', 'shift'], interaction_events=['reduced_visual_availability', 'attention_shift', 'monitoring', 'attention_shift', 'monitoring', 'attention_shift', 'monitoring', 'attention_shift'].",,"[""focused_attention"", ""exploratory_attention"", ""occluded_attention"", ""reduced_visual_availability"", ""mixed_attention""]",mixed_attention,0.68,"[""visible_ratio=0.403"", ""gaze_shift_ratio=0.034"", ""occlusion_ratio=0.000"", ""eyes_closed_ratio=0.000"", ""mean_gaze_motion=18.49"", ""attention_stability_score=0.568"", ""max_visible_streak=48"", ""segments=9"", ""interactions=10""]","[""Interpretation is limited to annotation-derived behavior and not video context.""]",2026-04-06T15:39:30+00:00,childplay-behavior-v1,visible_ratio=0.403; gaze_shift_ratio=0.034; occlusion_ratio=0.000; eyes_closed_ratio=0.000; mean_gaze_motion=18.49; attention_stability_score=0.568; dominant_gaze_class=outside_frame; observed_frames=119
iDg2hR1FPgA_6118-6236:person_3,iDg2hR1FPgA_6118-6236,rule-based,rule-based,train,"Child gaze behavior summary. split=train, observed_frames=119, visible_ratio=1.000, on_screen_ratio=1.000, gaze_shift_ratio=0.000, occlusion_ratio=0.000, eyes_closed_ratio=0.000, mean_head_motion=2.55, mean_gaze_motion=10.39, attention_stability_score=0.995, dominant_gaze_class=inside_visible, num_segments=3, num_interactions=3, segment_types=['stable', 'shift', 'stable'], interaction_events=['monitoring', 'attention_shift', 'focused_attention'].",,"[""focused_attention"", ""exploratory_attention"", ""occluded_attention"", ""reduced_visual_availability"", ""mixed_attention""]",focused_attention,0.84,"[""visible_ratio=1.000"", ""gaze_shift_ratio=0.000"", ""occlusion_ratio=0.000"", ""eyes_closed_ratio=0.000"", ""mean_gaze_motion=10.39"", ""attention_stability_score=0.995"", ""max_visible_streak=119"", ""segments=3"", ""interactions=3""]","[""Interpretation is limited to annotation-derived behavior and not video context.""]",2026-04-06T15:39:30+00:00,childplay-behavior-v1,visible_ratio=1.000; gaze_shift_ratio=0.000; occlusion_ratio=0.000; eyes_closed_ratio=0.000; mean_gaze_motion=10.39; attention_stability_score=0.995; dominant_gaze_class=inside_visible; observed_frames=119
iDg2hR1FPgA_7058-7244:person_2,iDg2hR1FPgA_7058-7244,rule-based,rule-based,train,"Child gaze behavior summary. split=train, observed_frames=187, visible_ratio=0.856, on_screen_ratio=0.909, gaze_shift_ratio=0.091, occlusion_ratio=0.053, eyes_closed_ratio=0.000, mean_head_motion=3.36, mean_gaze_motion=2.10, attention_stability_score=0.757, dominant_gaze_class=inside_visible, num_segments=7, num_interactions=8, segment_types=['stable', 'shift', 'stable', 'shift', 'stable', 'shift', 'occluded'], interaction_events=['focused_attention', 'attention_shift', 'focused_attention', 'attention_shift', 'focused_attention', 'attention_shift', 'reduced_visual_availability', 'exploratory_behavior'].",,"[""focused_attention"", ""exploratory_attention"", ""occluded_attention"", ""reduced_visual_availability"", ""mixed_attention""]",focused_attention,0.84,"[""visible_ratio=0.856"", ""gaze_shift_ratio=0.091"", ""occlusion_ratio=0.053"", ""eyes_closed_ratio=0.000"", ""mean_gaze_motion=2.10"", ""attention_stability_score=0.757"", ""max_visible_streak=65"", ""segments=7"", ""interactions=8""]","[""Interpretation is limited to annotation-derived behavior and not video context.""]",2026-04-06T15:39:30+00:00,childplay-behavior-v1,visible_ratio=0.856; gaze_shift_ratio=0.091; occlusion_ratio=0.053; eyes_closed_ratio=0.000; mean_gaze_motion=2.10; attention_stability_score=0.757; dominant_gaze_class=inside_visible; observed_frames=187
iDg2hR1FPgA_7058-7244:person_3,iDg2hR1FPgA_7058-7244,rule-based,rule-based,train,"Child gaze behavior summary. split=train, observed_frames=187, visible_ratio=0.711, on_screen_ratio=0.711, gaze_shift_ratio=0.021, occlusion_ratio=0.000, eyes_closed_ratio=0.000, mean_head_motion=4.74, mean_gaze_motion=13.13, attention_stability_score=0.788, dominant_gaze_class=inside_visible, num_segments=13, num_interactions=14, segment_types=['outside', 'shift', 'stable', 'shift', 'stable', 'shift', 'stable', 'shift'], interaction_events=['reduced_visual_availability', 'attention_shift', 'monitoring', 'attention_shift', 'monitoring', 'attention_shift', 'monitoring', 'attention_shift'].",,"[""focused_attention"", ""exploratory_attention"", ""occluded_attention"", ""reduced_visual_availability"", ""mixed_attention""]",mixed_attention,0.68,"[""visible_ratio=0.711"", ""gaze_shift_ratio=0.021"", ""occlusion_ratio=0.000"", ""eyes_closed_ratio=0.000"", ""mean_gaze_motion=13.13"", ""attention_stability_score=0.788"", ""max_visible_streak=133"", ""segments=13"", ""interactions=14""]","[""Interpretation is limited to annotation-derived behavior and not video context.""]",2026-04-06T15:39:30+00:00,childplay-behavior-v1,visible_ratio=0.711; gaze_shift_ratio=0.021; occlusion_ratio=0.000; eyes_closed_ratio=0.000; mean_gaze_motion=13.13; attention_stability_score=0.788; dominant_gaze_class=inside_visible; observed_frames=187
iDg2hR1FPgA_913-1696:person_2,iDg2hR1FPgA_913-1696,rule-based,rule-based,train,"Child gaze behavior summary. split=train, observed_frames=784, visible_ratio=0.797, on_screen_ratio=0.824, gaze_shift_ratio=0.040, occlusion_ratio=0.027, eyes_closed_ratio=0.000, mean_head_motion=3.00, mean_gaze_motion=10.50, attention_stability_score=0.709, dominant_gaze_class=inside_visible, num_segments=30, num_interactions=31, segment_types=['shift', 'stable', 'shift', 'stable', 'shift', 'stable', 'shift', 'stable'], interaction_events=['attention_shift', 'focused_attention', 'attention_shift', 'focused_attention', 'attention_shift', 'focused_attention', 'attention_shift', 'monitoring'].",,"[""focused_attention"", ""exploratory_attention"", ""occluded_attention"", ""reduced_visual_availability"", ""mixed_attention""]",focused_attention,0.84,"[""visible_ratio=0.797"", ""gaze_shift_ratio=0.040"", ""occlusion_ratio=0.027"", ""eyes_closed_ratio=0.000"", ""mean_gaze_motion=10.50"", ""attention_stability_score=0.709"", ""max_visible_streak=193"", ""segments=30"", ""interactions=31""]","[""Interpretation is limited to annotation-derived behavior and not video context.""]",2026-04-06T15:39:30+00:00,childplay-behavior-v1,visible_ratio=0.797; gaze_shift_ratio=0.040; occlusion_ratio=0.027; eyes_closed_ratio=0.000; mean_gaze_motion=10.50; attention_stability_score=0.709; dominant_gaze_class=inside_visible; observed_frames=784
iDg2hR1FPgA_913-1696:person_3,iDg2hR1FPgA_913-1696,rule-based,rule-based,train,"Child gaze behavior summary. split=train, observed_frames=784, visible_ratio=0.708, on_screen_ratio=0.724, gaze_shift_ratio=0.033, occlusion_ratio=0.017, eyes_closed_ratio=0.000, mean_head_motion=4.63, mean_gaze_motion=5.14, attention_stability_score=0.713, dominant_gaze_class=inside_visible, num_segments=20, num_interactions=21, segment_types=['outside', 'uncertain', 'shift', 'stable', 'shift', 'stable', 'shift', 'occluded'], interaction_events=['reduced_visual_availability', 'monitoring', 'attention_shift', 'focused_attention', 'attention_shift', 'focused_attention', 'attention_shift', 'reduced_visual_availability'].",,"[""focused_attention"", ""exploratory_attention"", ""occluded_attention"", ""reduced_visual_availability"", ""mixed_attention""]",mixed_attention,0.68,"[""visible_ratio=0.708"", ""gaze_shift_ratio=0.033"", ""occlusion_ratio=0.017"", ""eyes_closed_ratio=0.000"", ""mean_gaze_motion=5.14"", ""attention_stability_score=0.713"", ""max_visible_streak=319"", ""segments=20"", ""interactions=21""]","[""Interpretation is limited to annotation-derived behavior and not video context.""]",2026-04-06T15:39:30+00:00,childplay-behavior-v1,visible_ratio=0.708; gaze_shift_ratio=0.033; occlusion_ratio=0.017; eyes_closed_ratio=0.000; mean_gaze_motion=5.14; attention_stability_score=0.713; dominant_gaze_class=inside_visible; observed_frames=784
iTzr7agImr8_10928-11185:person_2,iTzr7agImr8_10928-11185,rule-based,rule-based,train,"Child gaze behavior summary. split=train, observed_frames=238, visible_ratio=0.908, on_screen_ratio=1.000, gaze_shift_ratio=0.000, occlusion_ratio=0.092, eyes_closed_ratio=0.000, mean_head_motion=2.11, mean_gaze_motion=9.42, attention_stability_score=0.925, dominant_gaze_class=inside_visible, num_segments=17, num_interactions=18, segment_types=['stable', 'occluded', 'stable', 'shift', 'stable', 'shift', 'stable', 'shift'], interaction_events=['monitoring', 'reduced_visual_availability', 'focused_attention', 'attention_shift', 'focused_attention', 'attention_shift', 'monitoring', 'attention_shift'].",,"[""focused_attention"", ""exploratory_attention"", ""occluded_attention"", ""reduced_visual_availability"", ""mixed_attention""]",focused_attention,0.84,"[""visible_ratio=0.908"", ""gaze_shift_ratio=0.000"", ""occlusion_ratio=0.092"", ""eyes_closed_ratio=0.000"", ""mean_gaze_motion=9.42"", ""attention_stability_score=0.925"", ""max_visible_streak=211"", ""segments=17"", ""interactions=18""]","[""Interpretation is limited to annotation-derived behavior and not video context.""]",2026-04-06T15:39:30+00:00,childplay-behavior-v1,visible_ratio=0.908; gaze_shift_ratio=0.000; occlusion_ratio=0.092; eyes_closed_ratio=0.000; mean_gaze_motion=9.42; attention_stability_score=0.925; dominant_gaze_class=inside_visible; observed_frames=238
iTzr7agImr8_10928-11185:person_3,iTzr7agImr8_10928-11185,rule-based,rule-based,train,"Child gaze behavior summary. split=train, observed_frames=258, visible_ratio=0.550, on_screen_ratio=0.981, gaze_shift_ratio=0.019, occlusion_ratio=0.430, eyes_closed_ratio=0.000, mean_head_motion=4.25, mean_gaze_motion=15.95, attention_stability_score=0.650, dominant_gaze_class=inside_visible, num_segments=15, num_interactions=16, segment_types=['stable', 'shift', 'stable', 'shift', 'stable', 'shift', 'stable', 'shift'], interaction_events=['focused_attention', 'attention_shift', 'monitoring', 'attention_shift', 'monitoring', 'attention_shift', 'focused_attention', 'attention_shift'].",,"[""focused_attention"", ""exploratory_attention"", ""occluded_attention"", ""reduced_visual_availability"", ""mixed_attention""]",occluded_attention,0.74,"[""visible_ratio=0.550"", ""gaze_shift_ratio=0.019"", ""occlusion_ratio=0.430"", ""eyes_closed_ratio=0.000"", ""mean_gaze_motion=15.95"", ""attention_stability_score=0.650"", ""max_visible_streak=117"", ""segments=15"", ""interactions=16""]","[""Interpretation is partially limited by occluded or uncertain gaze frames.""]",2026-04-06T15:39:30+00:00,childplay-behavior-v1,visible_ratio=0.550; gaze_shift_ratio=0.019; occlusion_ratio=0.430; eyes_closed_ratio=0.000; mean_gaze_motion=15.95; attention_stability_score=0.650; dominant_gaze_class=inside_visible; observed_frames=258
iTzr7agImr8_13511-13973:person_1,iTzr7agImr8_13511-13973,rule-based,rule-based,train,"Child gaze behavior summary. split=train, observed_frames=463, visible_ratio=0.991, on_screen_ratio=0.991, gaze_shift_ratio=0.009, occlusion_ratio=0.000, eyes_closed_ratio=0.000, mean_head_motion=1.83, mean_gaze_motion=10.29, attention_stability_score=0.921, dominant_gaze_class=inside_visible, num_segments=25, num_interactions=26, segment_types=['stable', 'shift', 'stable', 'shift', 'stable', 'shift', 'stable', 'shift'], interaction_events=['monitoring', 'attention_shift', 'monitoring', 'attention_shift', 'focused_attention', 'attention_shift', 'monitoring', 'attention_shift'].",,"[""focused_attention"", ""exploratory_attention"", ""occluded_attention"", ""reduced_visual_availability"", ""mixed_attention""]",focused_attention,0.84,"[""visible_ratio=0.991"", ""gaze_shift_ratio=0.009"", ""occlusion_ratio=0.000"", ""eyes_closed_ratio=0.000"", ""mean_gaze_motion=10.29"", ""attention_stability_score=0.921"", ""max_visible_streak=336"", ""segments=25"", ""interactions=26""]","[""Interpretation is limited to annotation-derived behavior and not video context.""]",2026-04-06T15:39:30+00:00,childplay-behavior-v1,visible_ratio=0.991; gaze_shift_ratio=0.009; occlusion_ratio=0.000; eyes_closed_ratio=0.000; mean_gaze_motion=10.29; attention_stability_score=0.921; dominant_gaze_class=inside_visible; observed_frames=463
iTzr7agImr8_16653-16712:person_2,iTzr7agImr8_16653-16712,rule-based,rule-based,train,"Child gaze behavior summary. split=train, observed_frames=60, visible_ratio=1.000, on_screen_ratio=1.000, gaze_shift_ratio=0.000, occlusion_ratio=0.000, eyes_closed_ratio=0.000, mean_head_motion=0.90, mean_gaze_motion=10.96, attention_stability_score=0.995, dominant_gaze_class=inside_visible, num_segments=5, num_interactions=5, segment_types=['stable', 'shift', 'stable', 'shift', 'stable'], interaction_events=['monitoring', 'attention_shift', 'monitoring', 'attention_shift', 'focused_attention'].",,"[""focused_attention"", ""exploratory_attention"", ""occluded_attention"", ""reduced_visual_availability"", ""mixed_attention""]",focused_attention,0.84,"[""visible_ratio=1.000"", ""gaze_shift_ratio=0.000"", ""occlusion_ratio=0.000"", ""eyes_closed_ratio=0.000"", ""mean_gaze_motion=10.96"", ""attention_stability_score=0.995"", ""max_visible_streak=60"", ""segments=5"", ""interactions=5""]","[""Interpretation is limited to annotation-derived behavior and not video context.""]",2026-04-06T15:39:30+00:00,childplay-behavior-v1,visible_ratio=1.000; gaze_shift_ratio=0.000; occlusion_ratio=0.000; eyes_closed_ratio=0.000; mean_gaze_motion=10.96; attention_stability_score=0.995; dominant_gaze_class=inside_visible; observed_frames=60
iTzr7agImr8_16653-16712:person_3,iTzr7agImr8_16653-16712,rule-based,rule-based,train,"Child gaze behavior summary. split=train, observed_frames=60, visible_ratio=0.817, on_screen_ratio=0.817, gaze_shift_ratio=0.000, occlusion_ratio=0.000, eyes_closed_ratio=0.000, mean_head_motion=0.91, mean_gaze_motion=4.90, attention_stability_score=0.869, dominant_gaze_class=inside_visible, num_segments=4, num_interactions=4, segment_types=['stable', 'shift', 'stable', 'outside'], interaction_events=['monitoring', 'attention_shift', 'focused_attention', 'reduced_visual_availability'].",,"[""focused_attention"", ""exploratory_attention"", ""occluded_attention"", ""reduced_visual_availability"", ""mixed_attention""]",focused_attention,0.84,"[""visible_ratio=0.817"", ""gaze_shift_ratio=0.000"", ""occlusion_ratio=0.000"", ""eyes_closed_ratio=0.000"", ""mean_gaze_motion=4.90"", ""attention_stability_score=0.869"", ""max_visible_streak=49"", ""segments=4"", ""interactions=4""]","[""Interpretation is limited to annotation-derived behavior and not video context.""]",2026-04-06T15:39:30+00:00,childplay-behavior-v1,visible_ratio=0.817; gaze_shift_ratio=0.000; occlusion_ratio=0.000; eyes_closed_ratio=0.000; mean_gaze_motion=4.90; attention_stability_score=0.869; dominant_gaze_class=inside_visible; observed_frames=60
iTzr7agImr8_20127-20305:person_1,iTzr7agImr8_20127-20305,rule-based,rule-based,train,"Child gaze behavior summary. split=train, observed_frames=179, visible_ratio=0.933, on_screen_ratio=0.961, gaze_shift_ratio=0.000, occlusion_ratio=0.028, eyes_closed_ratio=0.000, mean_head_motion=2.45, mean_gaze_motion=4.96, attention_stability_score=0.951, dominant_gaze_class=inside_visible, num_segments=3, num_interactions=3, segment_types=['occluded', 'outside', 'stable'], interaction_events=['reduced_visual_availability', 'reduced_visual_availability', 'focused_attention'].",,"[""focused_attention"", ""exploratory_attention"", ""occluded_attention"", ""reduced_visual_availability"", ""mixed_attention""]",focused_attention,0.84,"[""visible_ratio=0.933"", ""gaze_shift_ratio=0.000"", ""occlusion_ratio=0.028"", ""eyes_closed_ratio=0.000"", ""mean_gaze_motion=4.96"", ""attention_stability_score=0.951"", ""max_visible_streak=167"", ""segments=3"", ""interactions=3""]","[""Interpretation is limited to annotation-derived behavior and not video context.""]",2026-04-06T15:39:30+00:00,childplay-behavior-v1,visible_ratio=0.933; gaze_shift_ratio=0.000; occlusion_ratio=0.028; eyes_closed_ratio=0.000; mean_gaze_motion=4.96; attention_stability_score=0.951; dominant_gaze_class=inside_visible; observed_frames=179
iTzr7agImr8_22196-22404:person_1,iTzr7agImr8_22196-22404,rule-based,rule-based,train,"Child gaze behavior summary. split=train, observed_frames=209, visible_ratio=0.957, on_screen_ratio=0.957, gaze_shift_ratio=0.043, occlusion_ratio=0.000, eyes_closed_ratio=0.000, mean_head_motion=1.59, mean_gaze_motion=28.97, attention_stability_score=0.827, dominant_gaze_class=inside_visible, num_segments=31, num_interactions=32, segment_types=['stable', 'shift', 'stable', 'shift', 'stable', 'shift', 'stable', 'shift'], interaction_events=['monitoring', 'attention_shift', 'monitoring', 'attention_shift', 'focused_attention', 'attention_shift', 'monitoring', 'attention_shift'].",,"[""focused_attention"", ""exploratory_attention"", ""occluded_attention"", ""reduced_visual_availability"", ""mixed_attention""]",focused_attention,0.84,"[""visible_ratio=0.957"", ""gaze_shift_ratio=0.043"", ""occlusion_ratio=0.000"", ""eyes_closed_ratio=0.000"", ""mean_gaze_motion=28.97"", ""attention_stability_score=0.827"", ""max_visible_streak=98"", ""segments=31"", ""interactions=32""]","[""Interpretation is limited to annotation-derived behavior and not video context.""]",2026-04-06T15:39:30+00:00,childplay-behavior-v1,visible_ratio=0.957; gaze_shift_ratio=0.043; occlusion_ratio=0.000; eyes_closed_ratio=0.000; mean_gaze_motion=28.97; attention_stability_score=0.827; dominant_gaze_class=inside_visible; observed_frames=209
iTzr7agImr8_22648-22695:person_1,iTzr7agImr8_22648-22695,rule-based,rule-based,train,"Child gaze behavior summary. split=train, observed_frames=48, visible_ratio=1.000, on_screen_ratio=1.000, gaze_shift_ratio=0.000, occlusion_ratio=0.000, eyes_closed_ratio=0.000, mean_head_motion=1.83, mean_gaze_motion=5.23, attention_stability_score=0.997, dominant_gaze_class=inside_visible, num_segments=3, num_interactions=3, segment_types=['stable', 'shift', 'stable'], interaction_events=['monitoring', 'attention_shift', 'focused_attention'].",,"[""focused_attention"", ""exploratory_attention"", ""occluded_attention"", ""reduced_visual_availability"", ""mixed_attention""]",focused_attention,0.84,"[""visible_ratio=1.000"", ""gaze_shift_ratio=0.000"", ""occlusion_ratio=0.000"", ""eyes_closed_ratio=0.000"", ""mean_gaze_motion=5.23"", ""attention_stability_score=0.997"", ""max_visible_streak=48"", ""segments=3"", ""interactions=3""]","[""Short clips provide less temporal evidence than longer sequences.""]",2026-04-06T15:39:30+00:00,childplay-behavior-v1,visible_ratio=1.000; gaze_shift_ratio=0.000; occlusion_ratio=0.000; eyes_closed_ratio=0.000; mean_gaze_motion=5.23; attention_stability_score=0.997; dominant_gaze_class=inside_visible; observed_frames=48
iTzr7agImr8_25865-26145:person_1,iTzr7agImr8_25865-26145,rule-based,rule-based,train,"Child gaze behavior summary. split=train, observed_frames=274, visible_ratio=0.839, on_screen_ratio=0.839, gaze_shift_ratio=0.161, occlusion_ratio=0.000, eyes_closed_ratio=0.000, mean_head_motion=1.54, mean_gaze_motion=23.14, attention_stability_score=0.714, dominant_gaze_class=inside_visible, num_segments=21, num_interactions=22, segment_types=['stable', 'shift', 'stable', 'shift', 'stable', 'shift', 'stable', 'shift'], interaction_events=['monitoring', 'attention_shift', 'monitoring', 'attention_shift', 'focused_attention', 'attention_shift', 'monitoring', 'attention_shift'].",,"[""focused_attention"", ""exploratory_attention"", ""occluded_attention"", ""reduced_visual_availability"", ""mixed_attention""]",mixed_attention,0.68,"[""visible_ratio=0.839"", ""gaze_shift_ratio=0.161"", ""occlusion_ratio=0.000"", ""eyes_closed_ratio=0.000"", ""mean_gaze_motion=23.14"", ""attention_stability_score=0.714"", ""max_visible_streak=79"", ""segments=21"", ""interactions=22""]","[""Interpretation is limited to annotation-derived behavior and not video context.""]",2026-04-06T15:39:30+00:00,childplay-behavior-v1,visible_ratio=0.839; gaze_shift_ratio=0.161; occlusion_ratio=0.000; eyes_closed_ratio=0.000; mean_gaze_motion=23.14; attention_stability_score=0.714; dominant_gaze_class=inside_visible; observed_frames=274
iTzr7agImr8_25865-26145:person_2,iTzr7agImr8_25865-26145,rule-based,rule-based,train,"Child gaze behavior summary. split=train, observed_frames=281, visible_ratio=0.786, on_screen_ratio=0.915, gaze_shift_ratio=0.085, occlusion_ratio=0.128, eyes_closed_ratio=0.000, mean_head_motion=9.12, mean_gaze_motion=40.09, attention_stability_score=0.706, dominant_gaze_class=inside_visible, num_segments=31, num_interactions=32, segment_types=['stable', 'shift', 'stable', 'shift', 'stable', 'shift', 'stable', 'shift'], interaction_events=['monitoring', 'attention_shift', 'monitoring', 'attention_shift', 'monitoring', 'attention_shift', 'monitoring', 'attention_shift'].",,"[""focused_attention"", ""exploratory_attention"", ""occluded_attention"", ""reduced_visual_availability"", ""mixed_attention""]",focused_attention,0.84,"[""visible_ratio=0.786"", ""gaze_shift_ratio=0.085"", ""occlusion_ratio=0.128"", ""eyes_closed_ratio=0.000"", ""mean_gaze_motion=40.09"", ""attention_stability_score=0.706"", ""max_visible_streak=96"", ""segments=31"", ""interactions=32""]","[""Interpretation is limited to annotation-derived behavior and not video context.""]",2026-04-06T15:39:30+00:00,childplay-behavior-v1,visible_ratio=0.786; gaze_shift_ratio=0.085; occlusion_ratio=0.128; eyes_closed_ratio=0.000; mean_gaze_motion=40.09; attention_stability_score=0.706; dominant_gaze_class=inside_visible; observed_frames=281
iTzr7agImr8_26184-26274:person_1,iTzr7agImr8_26184-26274,rule-based,rule-based,train,"Child gaze behavior summary. split=train, observed_frames=91, visible_ratio=0.396, on_screen_ratio=0.560, gaze_shift_ratio=0.033, occlusion_ratio=0.165, eyes_closed_ratio=0.000, mean_head_motion=1.22, mean_gaze_motion=48.97, attention_stability_score=0.537, dominant_gaze_class=outside_frame, num_segments=7, num_interactions=7, segment_types=['outside', 'stable', 'shift', 'stable', 'shift', 'stable', 'occluded'], interaction_events=['reduced_visual_availability', 'monitoring', 'attention_shift', 'monitoring', 'attention_shift', 'monitoring', 'reduced_visual_availability'].",,"[""focused_attention"", ""exploratory_attention"", ""occluded_attention"", ""reduced_visual_availability"", ""mixed_attention""]",mixed_attention,0.68,"[""visible_ratio=0.396"", ""gaze_shift_ratio=0.033"", ""occlusion_ratio=0.165"", ""eyes_closed_ratio=0.000"", ""mean_gaze_motion=48.97"", ""attention_stability_score=0.537"", ""max_visible_streak=32"", ""segments=7"", ""interactions=7""]","[""Interpretation is limited to annotation-derived behavior and not video context.""]",2026-04-06T15:39:30+00:00,childplay-behavior-v1,visible_ratio=0.396; gaze_shift_ratio=0.033; occlusion_ratio=0.165; eyes_closed_ratio=0.000; mean_gaze_motion=48.97; attention_stability_score=0.537; dominant_gaze_class=outside_frame; observed_frames=91
iTzr7agImr8_26184-26274:person_2,iTzr7agImr8_26184-26274,rule-based,rule-based,train,"Child gaze behavior summary. split=train, observed_frames=91, visible_ratio=1.000, on_screen_ratio=1.000, gaze_shift_ratio=0.000, occlusion_ratio=0.000, eyes_closed_ratio=0.000, mean_head_motion=1.15, mean_gaze_motion=13.54, attention_stability_score=0.993, dominant_gaze_class=inside_visible, num_segments=7, num_interactions=8, segment_types=['stable', 'shift', 'stable', 'shift', 'stable', 'shift', 'stable'], interaction_events=['monitoring', 'attention_shift', 'monitoring', 'attention_shift', 'monitoring', 'attention_shift', 'focused_attention', 'exploratory_behavior'].",,"[""focused_attention"", ""exploratory_attention"", ""occluded_attention"", ""reduced_visual_availability"", ""mixed_attention""]",focused_attention,0.84,"[""visible_ratio=1.000"", ""gaze_shift_ratio=0.000"", ""occlusion_ratio=0.000"", ""eyes_closed_ratio=0.000"", ""mean_gaze_motion=13.54"", ""attention_stability_score=0.993"", ""max_visible_streak=91"", ""segments=7"", ""interactions=8""]","[""Interpretation is limited to annotation-derived behavior and not video context.""]",2026-04-06T15:39:30+00:00,childplay-behavior-v1,visible_ratio=1.000; gaze_shift_ratio=0.000; occlusion_ratio=0.000; eyes_closed_ratio=0.000; mean_gaze_motion=13.54; attention_stability_score=0.993; dominant_gaze_class=inside_visible; observed_frames=91
iTzr7agImr8_2675-2717:person_1,iTzr7agImr8_2675-2717,rule-based,rule-based,train,"Child gaze behavior summary. split=train, observed_frames=43, visible_ratio=1.000, on_screen_ratio=1.000, gaze_shift_ratio=0.000, occlusion_ratio=0.000, eyes_closed_ratio=0.000, mean_head_motion=1.86, mean_gaze_motion=0.43, attention_stability_score=1.000, dominant_gaze_class=inside_visible, num_segments=1, num_interactions=1, segment_types=['stable'], interaction_events=['focused_attention'].",,"[""focused_attention"", ""exploratory_attention"", ""occluded_attention"", ""reduced_visual_availability"", ""mixed_attention""]",focused_attention,0.84,"[""visible_ratio=1.000"", ""gaze_shift_ratio=0.000"", ""occlusion_ratio=0.000"", ""eyes_closed_ratio=0.000"", ""mean_gaze_motion=0.43"", ""attention_stability_score=1.000"", ""max_visible_streak=43"", ""segments=1"", ""interactions=1""]","[""Short clips provide less temporal evidence than longer sequences.""]",2026-04-06T15:39:30+00:00,childplay-behavior-v1,visible_ratio=1.000; gaze_shift_ratio=0.000; occlusion_ratio=0.000; eyes_closed_ratio=0.000; mean_gaze_motion=0.43; attention_stability_score=1.000; dominant_gaze_class=inside_visible; observed_frames=43
iTzr7agImr8_40240-40295:person_1,iTzr7agImr8_40240-40295,rule-based,rule-based,train,"Child gaze behavior summary. split=train, observed_frames=56, visible_ratio=1.000, on_screen_ratio=1.000, gaze_shift_ratio=0.000, occlusion_ratio=0.000, eyes_closed_ratio=0.000, mean_head_motion=0.59, mean_gaze_motion=4.51, attention_stability_score=0.998, dominant_gaze_class=inside_visible, num_segments=3, num_interactions=3, segment_types=['stable', 'shift', 'stable'], interaction_events=['monitoring', 'attention_shift', 'focused_attention'].",,"[""focused_attention"", ""exploratory_attention"", ""occluded_attention"", ""reduced_visual_availability"", ""mixed_attention""]",focused_attention,0.84,"[""visible_ratio=1.000"", ""gaze_shift_ratio=0.000"", ""occlusion_ratio=0.000"", ""eyes_closed_ratio=0.000"", ""mean_gaze_motion=4.51"", ""attention_stability_score=0.998"", ""max_visible_streak=56"", ""segments=3"", ""interactions=3""]","[""Short clips provide less temporal evidence than longer sequences.""]",2026-04-06T15:39:30+00:00,childplay-behavior-v1,visible_ratio=1.000; gaze_shift_ratio=0.000; occlusion_ratio=0.000; eyes_closed_ratio=0.000; mean_gaze_motion=4.51; attention_stability_score=0.998; dominant_gaze_class=inside_visible; observed_frames=56
iTzr7agImr8_40240-40295:person_2,iTzr7agImr8_40240-40295,rule-based,rule-based,train,"Child gaze behavior summary. split=train, observed_frames=56, visible_ratio=1.000, on_screen_ratio=1.000, gaze_shift_ratio=0.000, occlusion_ratio=0.000, eyes_closed_ratio=0.000, mean_head_motion=1.05, mean_gaze_motion=11.06, attention_stability_score=0.994, dominant_gaze_class=inside_visible, num_segments=7, num_interactions=8, segment_types=['stable', 'shift', 'stable', 'shift', 'stable', 'shift', 'stable'], interaction_events=['focused_attention', 'attention_shift', 'monitoring', 'attention_shift', 'monitoring', 'attention_shift', 'monitoring', 'exploratory_behavior'].",,"[""focused_attention"", ""exploratory_attention"", ""occluded_attention"", ""reduced_visual_availability"", ""mixed_attention""]",focused_attention,0.84,"[""visible_ratio=1.000"", ""gaze_shift_ratio=0.000"", ""occlusion_ratio=0.000"", ""eyes_closed_ratio=0.000"", ""mean_gaze_motion=11.06"", ""attention_stability_score=0.994"", ""max_visible_streak=56"", ""segments=7"", ""interactions=8""]","[""Short clips provide less temporal evidence than longer sequences.""]",2026-04-06T15:39:30+00:00,childplay-behavior-v1,visible_ratio=1.000; gaze_shift_ratio=0.000; occlusion_ratio=0.000; eyes_closed_ratio=0.000; mean_gaze_motion=11.06; attention_stability_score=0.994; dominant_gaze_class=inside_visible; observed_frames=56
iTzr7agImr8_6225-6337:person_1,iTzr7agImr8_6225-6337,rule-based,rule-based,train,"Child gaze behavior summary. split=train, observed_frames=113, visible_ratio=0.735, on_screen_ratio=0.735, gaze_shift_ratio=0.088, occlusion_ratio=0.000, eyes_closed_ratio=0.000, mean_head_motion=1.57, mean_gaze_motion=13.23, attention_stability_score=0.706, dominant_gaze_class=inside_visible, num_segments=8, num_interactions=9, segment_types=['stable', 'shift', 'stable', 'shift', 'outside', 'stable', 'shift', 'stable'], interaction_events=['focused_attention', 'attention_shift', 'monitoring', 'attention_shift', 'reduced_visual_availability', 'monitoring', 'attention_shift', 'monitoring'].",,"[""focused_attention"", ""exploratory_attention"", ""occluded_attention"", ""reduced_visual_availability"", ""mixed_attention""]",mixed_attention,0.68,"[""visible_ratio=0.735"", ""gaze_shift_ratio=0.088"", ""occlusion_ratio=0.000"", ""eyes_closed_ratio=0.000"", ""mean_gaze_motion=13.23"", ""attention_stability_score=0.706"", ""max_visible_streak=43"", ""segments=8"", ""interactions=9""]","[""Interpretation is limited to annotation-derived behavior and not video context.""]",2026-04-06T15:39:30+00:00,childplay-behavior-v1,visible_ratio=0.735; gaze_shift_ratio=0.088; occlusion_ratio=0.000; eyes_closed_ratio=0.000; mean_gaze_motion=13.23; attention_stability_score=0.706; dominant_gaze_class=inside_visible; observed_frames=113
iTzr7agImr8_6225-6337:person_3,iTzr7agImr8_6225-6337,rule-based,rule-based,train,"Child gaze behavior summary. split=train, observed_frames=113, visible_ratio=1.000, on_screen_ratio=1.000, gaze_shift_ratio=0.000, occlusion_ratio=0.000, eyes_closed_ratio=0.000, mean_head_motion=1.15, mean_gaze_motion=14.42, attention_stability_score=0.993, dominant_gaze_class=inside_visible, num_segments=5, num_interactions=5, segment_types=['stable', 'shift', 'stable', 'shift', 'stable'], interaction_events=['monitoring', 'attention_shift', 'monitoring', 'attention_shift', 'focused_attention'].",,"[""focused_attention"", ""exploratory_attention"", ""occluded_attention"", ""reduced_visual_availability"", ""mixed_attention""]",focused_attention,0.84,"[""visible_ratio=1.000"", ""gaze_shift_ratio=0.000"", ""occlusion_ratio=0.000"", ""eyes_closed_ratio=0.000"", ""mean_gaze_motion=14.42"", ""attention_stability_score=0.993"", ""max_visible_streak=113"", ""segments=5"", ""interactions=5""]","[""Interpretation is limited to annotation-derived behavior and not video context.""]",2026-04-06T15:39:30+00:00,childplay-behavior-v1,visible_ratio=1.000; gaze_shift_ratio=0.000; occlusion_ratio=0.000; eyes_closed_ratio=0.000; mean_gaze_motion=14.42; attention_stability_score=0.993; dominant_gaze_class=inside_visible; observed_frames=113
iTzr7agImr8_6590-6640:person_1,iTzr7agImr8_6590-6640,rule-based,rule-based,train,"Child gaze behavior summary. split=train, observed_frames=51, visible_ratio=0.843, on_screen_ratio=1.000, gaze_shift_ratio=0.000, occlusion_ratio=0.157, eyes_closed_ratio=0.000, mean_head_motion=1.73, mean_gaze_motion=10.77, attention_stability_score=0.811, dominant_gaze_class=inside_visible, num_segments=3, num_interactions=3, segment_types=['stable', 'occluded', 'stable'], interaction_events=['monitoring', 'reduced_visual_availability', 'monitoring'].",,"[""focused_attention"", ""exploratory_attention"", ""occluded_attention"", ""reduced_visual_availability"", ""mixed_attention""]",focused_attention,0.84,"[""visible_ratio=0.843"", ""gaze_shift_ratio=0.000"", ""occlusion_ratio=0.157"", ""eyes_closed_ratio=0.000"", ""mean_gaze_motion=10.77"", ""attention_stability_score=0.811"", ""max_visible_streak=28"", ""segments=3"", ""interactions=3""]","[""Short clips provide less temporal evidence than longer sequences.""]",2026-04-06T15:39:30+00:00,childplay-behavior-v1,visible_ratio=0.843; gaze_shift_ratio=0.000; occlusion_ratio=0.157; eyes_closed_ratio=0.000; mean_gaze_motion=10.77; attention_stability_score=0.811; dominant_gaze_class=inside_visible; observed_frames=51
iTzr7agImr8_6590-6640:person_2,iTzr7agImr8_6590-6640,rule-based,rule-based,train,"Child gaze behavior summary. split=train, observed_frames=35, visible_ratio=1.000, on_screen_ratio=1.000, gaze_shift_ratio=0.000, occlusion_ratio=0.000, eyes_closed_ratio=0.000, mean_head_motion=2.43, mean_gaze_motion=7.41, attention_stability_score=0.996, dominant_gaze_class=inside_visible, num_segments=1, num_interactions=1, segment_types=['stable'], interaction_events=['focused_attention'].",,"[""focused_attention"", ""exploratory_attention"", ""occluded_attention"", ""reduced_visual_availability"", ""mixed_attention""]",focused_attention,0.84,"[""visible_ratio=1.000"", ""gaze_shift_ratio=0.000"", ""occlusion_ratio=0.000"", ""eyes_closed_ratio=0.000"", ""mean_gaze_motion=7.41"", ""attention_stability_score=0.996"", ""max_visible_streak=35"", ""segments=1"", ""interactions=1""]","[""Short clips provide less temporal evidence than longer sequences.""]",2026-04-06T15:39:30+00:00,childplay-behavior-v1,visible_ratio=1.000; gaze_shift_ratio=0.000; occlusion_ratio=0.000; eyes_closed_ratio=0.000; mean_gaze_motion=7.41; attention_stability_score=0.996; dominant_gaze_class=inside_visible; observed_frames=35
iTzr7agImr8_7039-7124:person_1,iTzr7agImr8_7039-7124,rule-based,rule-based,train,"Child gaze behavior summary. split=train, observed_frames=86, visible_ratio=1.000, on_screen_ratio=1.000, gaze_shift_ratio=0.000, occlusion_ratio=0.000, eyes_closed_ratio=0.000, mean_head_motion=1.29, mean_gaze_motion=5.86, attention_stability_score=0.997, dominant_gaze_class=inside_visible, num_segments=5, num_interactions=5, segment_types=['stable', 'shift', 'stable', 'shift', 'stable'], interaction_events=['monitoring', 'attention_shift', 'focused_attention', 'attention_shift', 'monitoring'].",,"[""focused_attention"", ""exploratory_attention"", ""occluded_attention"", ""reduced_visual_availability"", ""mixed_attention""]",focused_attention,0.84,"[""visible_ratio=1.000"", ""gaze_shift_ratio=0.000"", ""occlusion_ratio=0.000"", ""eyes_closed_ratio=0.000"", ""mean_gaze_motion=5.86"", ""attention_stability_score=0.997"", ""max_visible_streak=86"", ""segments=5"", ""interactions=5""]","[""Interpretation is limited to annotation-derived behavior and not video context.""]",2026-04-06T15:39:30+00:00,childplay-behavior-v1,visible_ratio=1.000; gaze_shift_ratio=0.000; occlusion_ratio=0.000; eyes_closed_ratio=0.000; mean_gaze_motion=5.86; attention_stability_score=0.997; dominant_gaze_class=inside_visible; observed_frames=86
iTzr7agImr8_7039-7124:person_3,iTzr7agImr8_7039-7124,rule-based,rule-based,train,"Child gaze behavior summary. split=train, observed_frames=45, visible_ratio=1.000, on_screen_ratio=1.000, gaze_shift_ratio=0.000, occlusion_ratio=0.000, eyes_closed_ratio=0.000, mean_head_motion=1.44, mean_gaze_motion=1.04, attention_stability_score=0.999, dominant_gaze_class=inside_visible, num_segments=1, num_interactions=1, segment_types=['stable'], interaction_events=['focused_attention'].",,"[""focused_attention"", ""exploratory_attention"", ""occluded_attention"", ""reduced_visual_availability"", ""mixed_attention""]",focused_attention,0.84,"[""visible_ratio=1.000"", ""gaze_shift_ratio=0.000"", ""occlusion_ratio=0.000"", ""eyes_closed_ratio=0.000"", ""mean_gaze_motion=1.04"", ""attention_stability_score=0.999"", ""max_visible_streak=45"", ""segments=1"", ""interactions=1""]","[""Short clips provide less temporal evidence than longer sequences.""]",2026-04-06T15:39:30+00:00,childplay-behavior-v1,visible_ratio=1.000; gaze_shift_ratio=0.000; occlusion_ratio=0.000; eyes_closed_ratio=0.000; mean_gaze_motion=1.04; attention_stability_score=0.999; dominant_gaze_class=inside_visible; observed_frames=45
iWYy8n6mSwc_10318-10481:person_1,iWYy8n6mSwc_10318-10481,rule-based,rule-based,train,"Child gaze behavior summary. split=train, observed_frames=164, visible_ratio=1.000, on_screen_ratio=1.000, gaze_shift_ratio=0.000, occlusion_ratio=0.000, eyes_closed_ratio=0.000, mean_head_motion=2.75, mean_gaze_motion=6.74, attention_stability_score=0.997, dominant_gaze_class=inside_visible, num_segments=3, num_interactions=3, segment_types=['stable', 'shift', 'stable'], interaction_events=['focused_attention', 'attention_shift', 'focused_attention'].",,"[""focused_attention"", ""exploratory_attention"", ""occluded_attention"", ""reduced_visual_availability"", ""mixed_attention""]",focused_attention,0.84,"[""visible_ratio=1.000"", ""gaze_shift_ratio=0.000"", ""occlusion_ratio=0.000"", ""eyes_closed_ratio=0.000"", ""mean_gaze_motion=6.74"", ""attention_stability_score=0.997"", ""max_visible_streak=164"", ""segments=3"", ""interactions=3""]","[""Interpretation is limited to annotation-derived behavior and not video context.""]",2026-04-06T15:39:30+00:00,childplay-behavior-v1,visible_ratio=1.000; gaze_shift_ratio=0.000; occlusion_ratio=0.000; eyes_closed_ratio=0.000; mean_gaze_motion=6.74; attention_stability_score=0.997; dominant_gaze_class=inside_visible; observed_frames=164
iWYy8n6mSwc_10560-10693:person_1,iWYy8n6mSwc_10560-10693,rule-based,rule-based,train,"Child gaze behavior summary. split=train, observed_frames=134, visible_ratio=1.000, on_screen_ratio=1.000, gaze_shift_ratio=0.000, occlusion_ratio=0.000, eyes_closed_ratio=0.000, mean_head_motion=0.87, mean_gaze_motion=2.06, attention_stability_score=0.999, dominant_gaze_class=inside_visible, num_segments=3, num_interactions=3, segment_types=['stable', 'shift', 'stable'], interaction_events=['focused_attention', 'attention_shift', 'focused_attention'].",,"[""focused_attention"", ""exploratory_attention"", ""occluded_attention"", ""reduced_visual_availability"", ""mixed_attention""]",focused_attention,0.84,"[""visible_ratio=1.000"", ""gaze_shift_ratio=0.000"", ""occlusion_ratio=0.000"", ""eyes_closed_ratio=0.000"", ""mean_gaze_motion=2.06"", ""attention_stability_score=0.999"", ""max_visible_streak=134"", ""segments=3"", ""interactions=3""]","[""Interpretation is limited to annotation-derived behavior and not video context.""]",2026-04-06T15:39:30+00:00,childplay-behavior-v1,visible_ratio=1.000; gaze_shift_ratio=0.000; occlusion_ratio=0.000; eyes_closed_ratio=0.000; mean_gaze_motion=2.06; attention_stability_score=0.999; dominant_gaze_class=inside_visible; observed_frames=134
iWYy8n6mSwc_11685-11947:person_1,iWYy8n6mSwc_11685-11947,rule-based,rule-based,train,"Child gaze behavior summary. split=train, observed_frames=263, visible_ratio=0.449, on_screen_ratio=0.646, gaze_shift_ratio=0.030, occlusion_ratio=0.198, eyes_closed_ratio=0.000, mean_head_motion=1.86, mean_gaze_motion=7.19, attention_stability_score=0.575, dominant_gaze_class=inside_visible, num_segments=9, num_interactions=10, segment_types=['stable', 'occluded', 'stable', 'shift', 'outside', 'shift', 'stable', 'shift'], interaction_events=['focused_attention', 'reduced_visual_availability', 'monitoring', 'attention_shift', 'reduced_visual_availability', 'attention_shift', 'focused_attention', 'attention_shift'].",,"[""focused_attention"", ""exploratory_attention"", ""occluded_attention"", ""reduced_visual_availability"", ""mixed_attention""]",mixed_attention,0.68,"[""visible_ratio=0.449"", ""gaze_shift_ratio=0.030"", ""occlusion_ratio=0.198"", ""eyes_closed_ratio=0.000"", ""mean_gaze_motion=7.19"", ""attention_stability_score=0.575"", ""max_visible_streak=85"", ""segments=9"", ""interactions=10""]","[""Interpretation is limited to annotation-derived behavior and not video context.""]",2026-04-06T15:39:30+00:00,childplay-behavior-v1,visible_ratio=0.449; gaze_shift_ratio=0.030; occlusion_ratio=0.198; eyes_closed_ratio=0.000; mean_gaze_motion=7.19; attention_stability_score=0.575; dominant_gaze_class=inside_visible; observed_frames=263
iWYy8n6mSwc_11949-12164:person_1,iWYy8n6mSwc_11949-12164,rule-based,rule-based,train,"Child gaze behavior summary. split=train, observed_frames=216, visible_ratio=0.444, on_screen_ratio=0.444, gaze_shift_ratio=0.023, occlusion_ratio=0.000, eyes_closed_ratio=0.000, mean_head_motion=0.69, mean_gaze_motion=8.27, attention_stability_score=0.551, dominant_gaze_class=outside_frame, num_segments=6, num_interactions=6, segment_types=['outside', 'stable', 'shift', 'stable', 'outside', 'stable'], interaction_events=['reduced_visual_availability', 'monitoring', 'attention_shift', 'focused_attention', 'reduced_visual_availability', 'focused_attention'].",,"[""focused_attention"", ""exploratory_attention"", ""occluded_attention"", ""reduced_visual_availability"", ""mixed_attention""]",mixed_attention,0.68,"[""visible_ratio=0.444"", ""gaze_shift_ratio=0.023"", ""occlusion_ratio=0.000"", ""eyes_closed_ratio=0.000"", ""mean_gaze_motion=8.27"", ""attention_stability_score=0.551"", ""max_visible_streak=51"", ""segments=6"", ""interactions=6""]","[""Interpretation is limited to annotation-derived behavior and not video context.""]",2026-04-06T15:39:30+00:00,childplay-behavior-v1,visible_ratio=0.444; gaze_shift_ratio=0.023; occlusion_ratio=0.000; eyes_closed_ratio=0.000; mean_gaze_motion=8.27; attention_stability_score=0.551; dominant_gaze_class=outside_frame; observed_frames=216
iWYy8n6mSwc_12172-12757:person_1,iWYy8n6mSwc_12172-12757,rule-based,rule-based,train,"Child gaze behavior summary. split=train, observed_frames=575, visible_ratio=0.899, on_screen_ratio=0.981, gaze_shift_ratio=0.019, occlusion_ratio=0.082, eyes_closed_ratio=0.000, mean_head_motion=1.43, mean_gaze_motion=9.20, attention_stability_score=0.795, dominant_gaze_class=inside_visible, num_segments=22, num_interactions=23, segment_types=['stable', 'occluded', 'shift', 'stable', 'shift', 'stable', 'shift', 'stable'], interaction_events=['focused_attention', 'reduced_visual_availability', 'attention_shift', 'monitoring', 'attention_shift', 'monitoring', 'attention_shift', 'monitoring'].",,"[""focused_attention"", ""exploratory_attention"", ""occluded_attention"", ""reduced_visual_availability"", ""mixed_attention""]",focused_attention,0.84,"[""visible_ratio=0.899"", ""gaze_shift_ratio=0.019"", ""occlusion_ratio=0.082"", ""eyes_closed_ratio=0.000"", ""mean_gaze_motion=9.20"", ""attention_stability_score=0.795"", ""max_visible_streak=225"", ""segments=22"", ""interactions=23""]","[""Interpretation is limited to annotation-derived behavior and not video context.""]",2026-04-06T15:39:30+00:00,childplay-behavior-v1,visible_ratio=0.899; gaze_shift_ratio=0.019; occlusion_ratio=0.082; eyes_closed_ratio=0.000; mean_gaze_motion=9.20; attention_stability_score=0.795; dominant_gaze_class=inside_visible; observed_frames=575
iWYy8n6mSwc_12172-12757:person_2,iWYy8n6mSwc_12172-12757,rule-based,rule-based,train,"Child gaze behavior summary. split=train, observed_frames=413, visible_ratio=0.557, on_screen_ratio=0.557, gaze_shift_ratio=0.065, occlusion_ratio=0.000, eyes_closed_ratio=0.000, mean_head_motion=3.44, mean_gaze_motion=15.62, attention_stability_score=0.613, dominant_gaze_class=inside_visible, num_segments=23, num_interactions=24, segment_types=['stable', 'shift', 'stable', 'shift', 'stable', 'shift', 'stable', 'shift'], interaction_events=['monitoring', 'attention_shift', 'monitoring', 'attention_shift', 'monitoring', 'attention_shift', 'focused_attention', 'attention_shift'].",,"[""focused_attention"", ""exploratory_attention"", ""occluded_attention"", ""reduced_visual_availability"", ""mixed_attention""]",mixed_attention,0.68,"[""visible_ratio=0.557"", ""gaze_shift_ratio=0.065"", ""occlusion_ratio=0.000"", ""eyes_closed_ratio=0.000"", ""mean_gaze_motion=15.62"", ""attention_stability_score=0.613"", ""max_visible_streak=133"", ""segments=23"", ""interactions=24""]","[""Interpretation is limited to annotation-derived behavior and not video context.""]",2026-04-06T15:39:30+00:00,childplay-behavior-v1,visible_ratio=0.557; gaze_shift_ratio=0.065; occlusion_ratio=0.000; eyes_closed_ratio=0.000; mean_gaze_motion=15.62; attention_stability_score=0.613; dominant_gaze_class=inside_visible; observed_frames=413
iWYy8n6mSwc_13412-13892:person_1,iWYy8n6mSwc_13412-13892,rule-based,rule-based,train,"Child gaze behavior summary. split=train, observed_frames=481, visible_ratio=0.782, on_screen_ratio=0.782, gaze_shift_ratio=0.044, occlusion_ratio=0.000, eyes_closed_ratio=0.000, mean_head_motion=3.99, mean_gaze_motion=9.42, attention_stability_score=0.763, dominant_gaze_class=inside_visible, num_segments=29, num_interactions=30, segment_types=['stable', 'shift', 'stable', 'shift', 'outside', 'shift', 'stable', 'shift'], interaction_events=['monitoring', 'attention_shift', 'focused_attention', 'attention_shift', 'reduced_visual_availability', 'attention_shift', 'monitoring', 'attention_shift'].",,"[""focused_attention"", ""exploratory_attention"", ""occluded_attention"", ""reduced_visual_availability"", ""mixed_attention""]",focused_attention,0.84,"[""visible_ratio=0.782"", ""gaze_shift_ratio=0.044"", ""occlusion_ratio=0.000"", ""eyes_closed_ratio=0.000"", ""mean_gaze_motion=9.42"", ""attention_stability_score=0.763"", ""max_visible_streak=236"", ""segments=29"", ""interactions=30""]","[""Interpretation is limited to annotation-derived behavior and not video context.""]",2026-04-06T15:39:30+00:00,childplay-behavior-v1,visible_ratio=0.782; gaze_shift_ratio=0.044; occlusion_ratio=0.000; eyes_closed_ratio=0.000; mean_gaze_motion=9.42; attention_stability_score=0.763; dominant_gaze_class=inside_visible; observed_frames=481
iWYy8n6mSwc_14050-14535:person_1,iWYy8n6mSwc_14050-14535,rule-based,rule-based,train,"Child gaze behavior summary. split=train, observed_frames=486, visible_ratio=0.899, on_screen_ratio=0.949, gaze_shift_ratio=0.033, occlusion_ratio=0.049, eyes_closed_ratio=0.000, mean_head_motion=1.23, mean_gaze_motion=24.58, attention_stability_score=0.800, dominant_gaze_class=inside_visible, num_segments=42, num_interactions=43, segment_types=['stable', 'shift', 'stable', 'shift', 'stable', 'occluded', 'stable', 'shift'], interaction_events=['monitoring', 'attention_shift', 'monitoring', 'attention_shift', 'monitoring', 'reduced_visual_availability', 'monitoring', 'attention_shift'].",,"[""focused_attention"", ""exploratory_attention"", ""occluded_attention"", ""reduced_visual_availability"", ""mixed_attention""]",focused_attention,0.84,"[""visible_ratio=0.899"", ""gaze_shift_ratio=0.033"", ""occlusion_ratio=0.049"", ""eyes_closed_ratio=0.000"", ""mean_gaze_motion=24.58"", ""attention_stability_score=0.800"", ""max_visible_streak=219"", ""segments=42"", ""interactions=43""]","[""Interpretation is limited to annotation-derived behavior and not video context.""]",2026-04-06T15:39:30+00:00,childplay-behavior-v1,visible_ratio=0.899; gaze_shift_ratio=0.033; occlusion_ratio=0.049; eyes_closed_ratio=0.000; mean_gaze_motion=24.58; attention_stability_score=0.800; dominant_gaze_class=inside_visible; observed_frames=486
iWYy8n6mSwc_14660-15000:person_2,iWYy8n6mSwc_14660-15000,rule-based,rule-based,train,"Child gaze behavior summary. split=train, observed_frames=341, visible_ratio=1.000, on_screen_ratio=1.000, gaze_shift_ratio=0.000, occlusion_ratio=0.000, eyes_closed_ratio=0.000, mean_head_motion=1.14, mean_gaze_motion=4.97, attention_stability_score=0.998, dominant_gaze_class=inside_visible, num_segments=17, num_interactions=18, segment_types=['stable', 'shift', 'stable', 'shift', 'stable', 'shift', 'stable', 'shift'], interaction_events=['monitoring', 'attention_shift', 'focused_attention', 'attention_shift', 'focused_attention', 'attention_shift', 'monitoring', 'attention_shift'].",,"[""focused_attention"", ""exploratory_attention"", ""occluded_attention"", ""reduced_visual_availability"", ""mixed_attention""]",focused_attention,0.84,"[""visible_ratio=1.000"", ""gaze_shift_ratio=0.000"", ""occlusion_ratio=0.000"", ""eyes_closed_ratio=0.000"", ""mean_gaze_motion=4.97"", ""attention_stability_score=0.998"", ""max_visible_streak=341"", ""segments=17"", ""interactions=18""]","[""Interpretation is limited to annotation-derived behavior and not video context.""]",2026-04-06T15:39:30+00:00,childplay-behavior-v1,visible_ratio=1.000; gaze_shift_ratio=0.000; occlusion_ratio=0.000; eyes_closed_ratio=0.000; mean_gaze_motion=4.97; attention_stability_score=0.998; dominant_gaze_class=inside_visible; observed_frames=341
iWYy8n6mSwc_15570-15842:person_1,iWYy8n6mSwc_15570-15842,rule-based,rule-based,train,"Child gaze behavior summary. split=train, observed_frames=273, visible_ratio=0.853, on_screen_ratio=0.868, gaze_shift_ratio=0.022, occlusion_ratio=0.015, eyes_closed_ratio=0.000, mean_head_motion=1.75, mean_gaze_motion=8.31, attention_stability_score=0.794, dominant_gaze_class=inside_visible, num_segments=15, num_interactions=16, segment_types=['occluded', 'shift', 'stable', 'shift', 'stable', 'shift', 'stable', 'shift'], interaction_events=['reduced_visual_availability', 'attention_shift', 'focused_attention', 'attention_shift', 'monitoring', 'attention_shift', 'monitoring', 'attention_shift'].",,"[""focused_attention"", ""exploratory_attention"", ""occluded_attention"", ""reduced_visual_availability"", ""mixed_attention""]",focused_attention,0.84,"[""visible_ratio=0.853"", ""gaze_shift_ratio=0.022"", ""occlusion_ratio=0.015"", ""eyes_closed_ratio=0.000"", ""mean_gaze_motion=8.31"", ""attention_stability_score=0.794"", ""max_visible_streak=128"", ""segments=15"", ""interactions=16""]","[""Interpretation is limited to annotation-derived behavior and not video context.""]",2026-04-06T15:39:30+00:00,childplay-behavior-v1,visible_ratio=0.853; gaze_shift_ratio=0.022; occlusion_ratio=0.015; eyes_closed_ratio=0.000; mean_gaze_motion=8.31; attention_stability_score=0.794; dominant_gaze_class=inside_visible; observed_frames=273
iWYy8n6mSwc_16300-16611:person_1,iWYy8n6mSwc_16300-16611,rule-based,rule-based,train,"Child gaze behavior summary. split=train, observed_frames=312, visible_ratio=0.965, on_screen_ratio=0.965, gaze_shift_ratio=0.035, occlusion_ratio=0.000, eyes_closed_ratio=0.000, mean_head_motion=0.61, mean_gaze_motion=8.02, attention_stability_score=0.902, dominant_gaze_class=inside_visible, num_segments=13, num_interactions=14, segment_types=['stable', 'shift', 'stable', 'shift', 'stable', 'shift', 'stable', 'shift'], interaction_events=['focused_attention', 'attention_shift', 'monitoring', 'attention_shift', 'focused_attention', 'attention_shift', 'focused_attention', 'attention_shift'].",,"[""focused_attention"", ""exploratory_attention"", ""occluded_attention"", ""reduced_visual_availability"", ""mixed_attention""]",focused_attention,0.84,"[""visible_ratio=0.965"", ""gaze_shift_ratio=0.035"", ""occlusion_ratio=0.000"", ""eyes_closed_ratio=0.000"", ""mean_gaze_motion=8.02"", ""attention_stability_score=0.902"", ""max_visible_streak=221"", ""segments=13"", ""interactions=14""]","[""Interpretation is limited to annotation-derived behavior and not video context.""]",2026-04-06T15:39:30+00:00,childplay-behavior-v1,visible_ratio=0.965; gaze_shift_ratio=0.035; occlusion_ratio=0.000; eyes_closed_ratio=0.000; mean_gaze_motion=8.02; attention_stability_score=0.902; dominant_gaze_class=inside_visible; observed_frames=312
iWYy8n6mSwc_1640-1941:person_1,iWYy8n6mSwc_1640-1941,rule-based,rule-based,train,"Child gaze behavior summary. split=train, observed_frames=302, visible_ratio=1.000, on_screen_ratio=1.000, gaze_shift_ratio=0.000, occlusion_ratio=0.000, eyes_closed_ratio=0.000, mean_head_motion=1.99, mean_gaze_motion=8.13, attention_stability_score=0.996, dominant_gaze_class=inside_visible, num_segments=7, num_interactions=8, segment_types=['stable', 'shift', 'stable', 'shift', 'stable', 'shift', 'stable'], interaction_events=['focused_attention', 'attention_shift', 'focused_attention', 'attention_shift', 'focused_attention', 'attention_shift', 'focused_attention', 'exploratory_behavior'].",,"[""focused_attention"", ""exploratory_attention"", ""occluded_attention"", ""reduced_visual_availability"", ""mixed_attention""]",focused_attention,0.84,"[""visible_ratio=1.000"", ""gaze_shift_ratio=0.000"", ""occlusion_ratio=0.000"", ""eyes_closed_ratio=0.000"", ""mean_gaze_motion=8.13"", ""attention_stability_score=0.996"", ""max_visible_streak=302"", ""segments=7"", ""interactions=8""]","[""Interpretation is limited to annotation-derived behavior and not video context.""]",2026-04-06T15:39:30+00:00,childplay-behavior-v1,visible_ratio=1.000; gaze_shift_ratio=0.000; occlusion_ratio=0.000; eyes_closed_ratio=0.000; mean_gaze_motion=8.13; attention_stability_score=0.996; dominant_gaze_class=inside_visible; observed_frames=302
iWYy8n6mSwc_16691-17091:person_1,iWYy8n6mSwc_16691-17091,rule-based,rule-based,train,"Child gaze behavior summary. split=train, observed_frames=388, visible_ratio=0.799, on_screen_ratio=0.799, gaze_shift_ratio=0.059, occlusion_ratio=0.000, eyes_closed_ratio=0.000, mean_head_motion=5.75, mean_gaze_motion=14.50, attention_stability_score=0.727, dominant_gaze_class=inside_visible, num_segments=37, num_interactions=38, segment_types=['outside', 'shift', 'stable', 'shift', 'stable', 'shift', 'stable', 'shift'], interaction_events=['reduced_visual_availability', 'attention_shift', 'focused_attention', 'attention_shift', 'monitoring', 'attention_shift', 'monitoring', 'attention_shift'].",,"[""focused_attention"", ""exploratory_attention"", ""occluded_attention"", ""reduced_visual_availability"", ""mixed_attention""]",focused_attention,0.84,"[""visible_ratio=0.799"", ""gaze_shift_ratio=0.059"", ""occlusion_ratio=0.000"", ""eyes_closed_ratio=0.000"", ""mean_gaze_motion=14.50"", ""attention_stability_score=0.727"", ""max_visible_streak=130"", ""segments=37"", ""interactions=38""]","[""Interpretation is limited to annotation-derived behavior and not video context.""]",2026-04-06T15:39:30+00:00,childplay-behavior-v1,visible_ratio=0.799; gaze_shift_ratio=0.059; occlusion_ratio=0.000; eyes_closed_ratio=0.000; mean_gaze_motion=14.50; attention_stability_score=0.727; dominant_gaze_class=inside_visible; observed_frames=388
iWYy8n6mSwc_17592-17828:person_1,iWYy8n6mSwc_17592-17828,rule-based,rule-based,train,"Child gaze behavior summary. split=train, observed_frames=237, visible_ratio=0.979, on_screen_ratio=0.979, gaze_shift_ratio=0.021, occlusion_ratio=0.000, eyes_closed_ratio=0.000, mean_head_motion=2.90, mean_gaze_motion=6.17, attention_stability_score=0.939, dominant_gaze_class=inside_visible, num_segments=7, num_interactions=8, segment_types=['stable', 'shift', 'stable', 'shift', 'stable', 'shift', 'stable'], interaction_events=['focused_attention', 'attention_shift', 'focused_attention', 'attention_shift', 'focused_attention', 'attention_shift', 'focused_attention', 'exploratory_behavior'].",,"[""focused_attention"", ""exploratory_attention"", ""occluded_attention"", ""reduced_visual_availability"", ""mixed_attention""]",focused_attention,0.84,"[""visible_ratio=0.979"", ""gaze_shift_ratio=0.021"", ""occlusion_ratio=0.000"", ""eyes_closed_ratio=0.000"", ""mean_gaze_motion=6.17"", ""attention_stability_score=0.939"", ""max_visible_streak=194"", ""segments=7"", ""interactions=8""]","[""Interpretation is limited to annotation-derived behavior and not video context.""]",2026-04-06T15:39:30+00:00,childplay-behavior-v1,visible_ratio=0.979; gaze_shift_ratio=0.021; occlusion_ratio=0.000; eyes_closed_ratio=0.000; mean_gaze_motion=6.17; attention_stability_score=0.939; dominant_gaze_class=inside_visible; observed_frames=237
iWYy8n6mSwc_17842-18035:person_1,iWYy8n6mSwc_17842-18035,rule-based,rule-based,train,"Child gaze behavior summary. split=train, observed_frames=194, visible_ratio=0.732, on_screen_ratio=0.732, gaze_shift_ratio=0.000, occlusion_ratio=0.000, eyes_closed_ratio=0.000, mean_head_motion=1.75, mean_gaze_motion=12.23, attention_stability_score=0.760, dominant_gaze_class=inside_visible, num_segments=9, num_interactions=10, segment_types=['stable', 'shift', 'stable', 'shift', 'stable', 'outside', 'stable', 'shift'], interaction_events=['focused_attention', 'attention_shift', 'monitoring', 'attention_shift', 'focused_attention', 'reduced_visual_availability', 'monitoring', 'attention_shift'].",,"[""focused_attention"", ""exploratory_attention"", ""occluded_attention"", ""reduced_visual_availability"", ""mixed_attention""]",mixed_attention,0.68,"[""visible_ratio=0.732"", ""gaze_shift_ratio=0.000"", ""occlusion_ratio=0.000"", ""eyes_closed_ratio=0.000"", ""mean_gaze_motion=12.23"", ""attention_stability_score=0.760"", ""max_visible_streak=106"", ""segments=9"", ""interactions=10""]","[""Interpretation is limited to annotation-derived behavior and not video context.""]",2026-04-06T15:39:30+00:00,childplay-behavior-v1,visible_ratio=0.732; gaze_shift_ratio=0.000; occlusion_ratio=0.000; eyes_closed_ratio=0.000; mean_gaze_motion=12.23; attention_stability_score=0.760; dominant_gaze_class=inside_visible; observed_frames=194
iWYy8n6mSwc_17842-18035:person_2,iWYy8n6mSwc_17842-18035,rule-based,rule-based,train,"Child gaze behavior summary. split=train, observed_frames=194, visible_ratio=1.000, on_screen_ratio=1.000, gaze_shift_ratio=0.000, occlusion_ratio=0.000, eyes_closed_ratio=0.000, mean_head_motion=2.30, mean_gaze_motion=4.28, attention_stability_score=0.998, dominant_gaze_class=inside_visible, num_segments=1, num_interactions=1, segment_types=['stable'], interaction_events=['focused_attention'].",,"[""focused_attention"", ""exploratory_attention"", ""occluded_attention"", ""reduced_visual_availability"", ""mixed_attention""]",focused_attention,0.84,"[""visible_ratio=1.000"", ""gaze_shift_ratio=0.000"", ""occlusion_ratio=0.000"", ""eyes_closed_ratio=0.000"", ""mean_gaze_motion=4.28"", ""attention_stability_score=0.998"", ""max_visible_streak=194"", ""segments=1"", ""interactions=1""]","[""Interpretation is limited to annotation-derived behavior and not video context.""]",2026-04-06T15:39:30+00:00,childplay-behavior-v1,visible_ratio=1.000; gaze_shift_ratio=0.000; occlusion_ratio=0.000; eyes_closed_ratio=0.000; mean_gaze_motion=4.28; attention_stability_score=0.998; dominant_gaze_class=inside_visible; observed_frames=194
iWYy8n6mSwc_18040-18538:person_1,iWYy8n6mSwc_18040-18538,rule-based,rule-based,train,"Child gaze behavior summary. split=train, observed_frames=499, visible_ratio=1.000, on_screen_ratio=1.000, gaze_shift_ratio=0.000, occlusion_ratio=0.000, eyes_closed_ratio=0.000, mean_head_motion=4.65, mean_gaze_motion=5.67, attention_stability_score=0.997, dominant_gaze_class=inside_visible, num_segments=13, num_interactions=14, segment_types=['stable', 'shift', 'stable', 'shift', 'stable', 'shift', 'stable', 'shift'], interaction_events=['monitoring', 'attention_shift', 'monitoring', 'attention_shift', 'monitoring', 'attention_shift', 'focused_attention', 'attention_shift'].",,"[""focused_attention"", ""exploratory_attention"", ""occluded_attention"", ""reduced_visual_availability"", ""mixed_attention""]",focused_attention,0.84,"[""visible_ratio=1.000"", ""gaze_shift_ratio=0.000"", ""occlusion_ratio=0.000"", ""eyes_closed_ratio=0.000"", ""mean_gaze_motion=5.67"", ""attention_stability_score=0.997"", ""max_visible_streak=499"", ""segments=13"", ""interactions=14""]","[""Interpretation is limited to annotation-derived behavior and not video context.""]",2026-04-06T15:39:30+00:00,childplay-behavior-v1,visible_ratio=1.000; gaze_shift_ratio=0.000; occlusion_ratio=0.000; eyes_closed_ratio=0.000; mean_gaze_motion=5.67; attention_stability_score=0.997; dominant_gaze_class=inside_visible; observed_frames=499
iWYy8n6mSwc_18915-19497:person_2,iWYy8n6mSwc_18915-19497,rule-based,rule-based,train,"Child gaze behavior summary. split=train, observed_frames=583, visible_ratio=0.909, on_screen_ratio=0.909, gaze_shift_ratio=0.091, occlusion_ratio=0.000, eyes_closed_ratio=0.000, mean_head_motion=0.73, mean_gaze_motion=5.88, attention_stability_score=0.758, dominant_gaze_class=inside_visible, num_segments=15, num_interactions=16, segment_types=['stable', 'shift', 'stable', 'shift', 'stable', 'shift', 'stable', 'shift'], interaction_events=['focused_attention', 'attention_shift', 'focused_attention', 'attention_shift', 'focused_attention', 'attention_shift', 'focused_attention', 'attention_shift'].",,"[""focused_attention"", ""exploratory_attention"", ""occluded_attention"", ""reduced_visual_availability"", ""mixed_attention""]",focused_attention,0.84,"[""visible_ratio=0.909"", ""gaze_shift_ratio=0.091"", ""occlusion_ratio=0.000"", ""eyes_closed_ratio=0.000"", ""mean_gaze_motion=5.88"", ""attention_stability_score=0.758"", ""max_visible_streak=152"", ""segments=15"", ""interactions=16""]","[""Interpretation is limited to annotation-derived behavior and not video context.""]",2026-04-06T15:39:30+00:00,childplay-behavior-v1,visible_ratio=0.909; gaze_shift_ratio=0.091; occlusion_ratio=0.000; eyes_closed_ratio=0.000; mean_gaze_motion=5.88; attention_stability_score=0.758; dominant_gaze_class=inside_visible; observed_frames=583
iWYy8n6mSwc_18915-19497:person_3,iWYy8n6mSwc_18915-19497,rule-based,rule-based,train,"Child gaze behavior summary. split=train, observed_frames=583, visible_ratio=0.786, on_screen_ratio=0.852, gaze_shift_ratio=0.115, occlusion_ratio=0.067, eyes_closed_ratio=0.000, mean_head_motion=1.21, mean_gaze_motion=7.33, attention_stability_score=0.717, dominant_gaze_class=inside_visible, num_segments=25, num_interactions=26, segment_types=['stable', 'shift', 'occluded', 'shift', 'stable', 'shift', 'stable', 'shift'], interaction_events=['focused_attention', 'attention_shift', 'reduced_visual_availability', 'attention_shift', 'focused_attention', 'attention_shift', 'focused_attention', 'attention_shift'].",,"[""focused_attention"", ""exploratory_attention"", ""occluded_attention"", ""reduced_visual_availability"", ""mixed_attention""]",mixed_attention,0.68,"[""visible_ratio=0.786"", ""gaze_shift_ratio=0.115"", ""occlusion_ratio=0.067"", ""eyes_closed_ratio=0.000"", ""mean_gaze_motion=7.33"", ""attention_stability_score=0.717"", ""max_visible_streak=196"", ""segments=25"", ""interactions=26""]","[""Interpretation is limited to annotation-derived behavior and not video context.""]",2026-04-06T15:39:30+00:00,childplay-behavior-v1,visible_ratio=0.786; gaze_shift_ratio=0.115; occlusion_ratio=0.067; eyes_closed_ratio=0.000; mean_gaze_motion=7.33; attention_stability_score=0.717; dominant_gaze_class=inside_visible; observed_frames=583
iWYy8n6mSwc_2055-3079:person_2,iWYy8n6mSwc_2055-3079,rule-based,rule-based,train,"Child gaze behavior summary. split=train, observed_frames=1025, visible_ratio=0.919, on_screen_ratio=0.989, gaze_shift_ratio=0.011, occlusion_ratio=0.070, eyes_closed_ratio=0.000, mean_head_motion=2.45, mean_gaze_motion=13.94, attention_stability_score=0.768, dominant_gaze_class=inside_visible, num_segments=82, num_interactions=83, segment_types=['stable', 'shift', 'stable', 'shift', 'stable', 'shift', 'stable', 'shift'], interaction_events=['focused_attention', 'attention_shift', 'monitoring', 'attention_shift', 'focused_attention', 'attention_shift', 'monitoring', 'attention_shift'].",,"[""focused_attention"", ""exploratory_attention"", ""occluded_attention"", ""reduced_visual_availability"", ""mixed_attention""]",focused_attention,0.84,"[""visible_ratio=0.919"", ""gaze_shift_ratio=0.011"", ""occlusion_ratio=0.070"", ""eyes_closed_ratio=0.000"", ""mean_gaze_motion=13.94"", ""attention_stability_score=0.768"", ""max_visible_streak=258"", ""segments=82"", ""interactions=83""]","[""Interpretation is limited to annotation-derived behavior and not video context.""]",2026-04-06T15:39:30+00:00,childplay-behavior-v1,visible_ratio=0.919; gaze_shift_ratio=0.011; occlusion_ratio=0.070; eyes_closed_ratio=0.000; mean_gaze_motion=13.94; attention_stability_score=0.768; dominant_gaze_class=inside_visible; observed_frames=1025
iWYy8n6mSwc_2055-3079:person_3,iWYy8n6mSwc_2055-3079,rule-based,rule-based,train,"Child gaze behavior summary. split=train, observed_frames=200, visible_ratio=0.220, on_screen_ratio=0.710, gaze_shift_ratio=0.000, occlusion_ratio=0.490, eyes_closed_ratio=0.000, mean_head_motion=7.29, mean_gaze_motion=14.83, attention_stability_score=0.439, dominant_gaze_class=inside_uncertain, num_segments=10, num_interactions=10, segment_types=['outside', 'occluded', 'outside', 'occluded', 'outside', 'stable', 'shift', 'stable'], interaction_events=['reduced_visual_availability', 'reduced_visual_availability', 'reduced_visual_availability', 'reduced_visual_availability', 'reduced_visual_availability', 'monitoring', 'attention_shift', 'focused_attention'].",,"[""focused_attention"", ""exploratory_attention"", ""occluded_attention"", ""reduced_visual_availability"", ""mixed_attention""]",occluded_attention,0.74,"[""visible_ratio=0.220"", ""gaze_shift_ratio=0.000"", ""occlusion_ratio=0.490"", ""eyes_closed_ratio=0.000"", ""mean_gaze_motion=14.83"", ""attention_stability_score=0.439"", ""max_visible_streak=38"", ""segments=10"", ""interactions=10""]","[""Interpretation is partially limited by occluded or uncertain gaze frames.""]",2026-04-06T15:39:30+00:00,childplay-behavior-v1,visible_ratio=0.220; gaze_shift_ratio=0.000; occlusion_ratio=0.490; eyes_closed_ratio=0.000; mean_gaze_motion=14.83; attention_stability_score=0.439; dominant_gaze_class=inside_uncertain; observed_frames=200
iWYy8n6mSwc_4749-4874:person_1,iWYy8n6mSwc_4749-4874,rule-based,rule-based,train,"Child gaze behavior summary. split=train, observed_frames=126, visible_ratio=0.944, on_screen_ratio=0.944, gaze_shift_ratio=0.040, occlusion_ratio=0.000, eyes_closed_ratio=0.000, mean_head_motion=1.47, mean_gaze_motion=2.26, attention_stability_score=0.954, dominant_gaze_class=inside_visible, num_segments=3, num_interactions=3, segment_types=['outside', 'shift', 'stable'], interaction_events=['reduced_visual_availability', 'attention_shift', 'focused_attention'].",,"[""focused_attention"", ""exploratory_attention"", ""occluded_attention"", ""reduced_visual_availability"", ""mixed_attention""]",focused_attention,0.84,"[""visible_ratio=0.944"", ""gaze_shift_ratio=0.040"", ""occlusion_ratio=0.000"", ""eyes_closed_ratio=0.000"", ""mean_gaze_motion=2.26"", ""attention_stability_score=0.954"", ""max_visible_streak=119"", ""segments=3"", ""interactions=3""]","[""Interpretation is limited to annotation-derived behavior and not video context.""]",2026-04-06T15:39:30+00:00,childplay-behavior-v1,visible_ratio=0.944; gaze_shift_ratio=0.040; occlusion_ratio=0.000; eyes_closed_ratio=0.000; mean_gaze_motion=2.26; attention_stability_score=0.954; dominant_gaze_class=inside_visible; observed_frames=126
iWYy8n6mSwc_4877-5032:person_1,iWYy8n6mSwc_4877-5032,rule-based,rule-based,train,"Child gaze behavior summary. split=train, observed_frames=156, visible_ratio=1.000, on_screen_ratio=1.000, gaze_shift_ratio=0.000, occlusion_ratio=0.000, eyes_closed_ratio=0.000, mean_head_motion=1.72, mean_gaze_motion=3.54, attention_stability_score=0.998, dominant_gaze_class=inside_visible, num_segments=5, num_interactions=5, segment_types=['stable', 'shift', 'stable', 'shift', 'stable'], interaction_events=['focused_attention', 'attention_shift', 'focused_attention', 'attention_shift', 'focused_attention'].",,"[""focused_attention"", ""exploratory_attention"", ""occluded_attention"", ""reduced_visual_availability"", ""mixed_attention""]",focused_attention,0.84,"[""visible_ratio=1.000"", ""gaze_shift_ratio=0.000"", ""occlusion_ratio=0.000"", ""eyes_closed_ratio=0.000"", ""mean_gaze_motion=3.54"", ""attention_stability_score=0.998"", ""max_visible_streak=156"", ""segments=5"", ""interactions=5""]","[""Interpretation is limited to annotation-derived behavior and not video context.""]",2026-04-06T15:39:30+00:00,childplay-behavior-v1,visible_ratio=1.000; gaze_shift_ratio=0.000; occlusion_ratio=0.000; eyes_closed_ratio=0.000; mean_gaze_motion=3.54; attention_stability_score=0.998; dominant_gaze_class=inside_visible; observed_frames=156
iWYy8n6mSwc_5429-5630:person_1,iWYy8n6mSwc_5429-5630,rule-based,rule-based,train,"Child gaze behavior summary. split=train, observed_frames=202, visible_ratio=0.827, on_screen_ratio=0.827, gaze_shift_ratio=0.134, occlusion_ratio=0.000, eyes_closed_ratio=0.000, mean_head_motion=4.15, mean_gaze_motion=10.01, attention_stability_score=0.736, dominant_gaze_class=inside_visible, num_segments=10, num_interactions=11, segment_types=['stable', 'shift', 'stable', 'outside', 'shift', 'stable', 'shift', 'stable'], interaction_events=['monitoring', 'attention_shift', 'monitoring', 'reduced_visual_availability', 'attention_shift', 'focused_attention', 'attention_shift', 'focused_attention'].",,"[""focused_attention"", ""exploratory_attention"", ""occluded_attention"", ""reduced_visual_availability"", ""mixed_attention""]",mixed_attention,0.68,"[""visible_ratio=0.827"", ""gaze_shift_ratio=0.134"", ""occlusion_ratio=0.000"", ""eyes_closed_ratio=0.000"", ""mean_gaze_motion=10.01"", ""attention_stability_score=0.736"", ""max_visible_streak=72"", ""segments=10"", ""interactions=11""]","[""Interpretation is limited to annotation-derived behavior and not video context.""]",2026-04-06T15:39:30+00:00,childplay-behavior-v1,visible_ratio=0.827; gaze_shift_ratio=0.134; occlusion_ratio=0.000; eyes_closed_ratio=0.000; mean_gaze_motion=10.01; attention_stability_score=0.736; dominant_gaze_class=inside_visible; observed_frames=202
iWYy8n6mSwc_5429-5630:person_2,iWYy8n6mSwc_5429-5630,rule-based,rule-based,train,"Child gaze behavior summary. split=train, observed_frames=202, visible_ratio=0.797, on_screen_ratio=0.797, gaze_shift_ratio=0.129, occlusion_ratio=0.000, eyes_closed_ratio=0.000, mean_head_motion=1.98, mean_gaze_motion=10.03, attention_stability_score=0.702, dominant_gaze_class=inside_visible, num_segments=13, num_interactions=14, segment_types=['stable', 'shift', 'stable', 'shift', 'stable', 'shift', 'stable', 'shift'], interaction_events=['focused_attention', 'attention_shift', 'monitoring', 'attention_shift', 'monitoring', 'attention_shift', 'focused_attention', 'attention_shift'].",,"[""focused_attention"", ""exploratory_attention"", ""occluded_attention"", ""reduced_visual_availability"", ""mixed_attention""]",mixed_attention,0.68,"[""visible_ratio=0.797"", ""gaze_shift_ratio=0.129"", ""occlusion_ratio=0.000"", ""eyes_closed_ratio=0.000"", ""mean_gaze_motion=10.03"", ""attention_stability_score=0.702"", ""max_visible_streak=55"", ""segments=13"", ""interactions=14""]","[""Interpretation is limited to annotation-derived behavior and not video context.""]",2026-04-06T15:39:30+00:00,childplay-behavior-v1,visible_ratio=0.797; gaze_shift_ratio=0.129; occlusion_ratio=0.000; eyes_closed_ratio=0.000; mean_gaze_motion=10.03; attention_stability_score=0.702; dominant_gaze_class=inside_visible; observed_frames=202
iWYy8n6mSwc_5881-6244:person_1,iWYy8n6mSwc_5881-6244,rule-based,rule-based,train,"Child gaze behavior summary. split=train, observed_frames=364, visible_ratio=0.967, on_screen_ratio=0.975, gaze_shift_ratio=0.025, occlusion_ratio=0.008, eyes_closed_ratio=0.000, mean_head_motion=3.37, mean_gaze_motion=9.04, attention_stability_score=0.845, dominant_gaze_class=inside_visible, num_segments=29, num_interactions=30, segment_types=['stable', 'shift', 'stable', 'shift', 'stable', 'shift', 'stable', 'shift'], interaction_events=['focused_attention', 'attention_shift', 'monitoring', 'attention_shift', 'focused_attention', 'attention_shift', 'monitoring', 'attention_shift'].",,"[""focused_attention"", ""exploratory_attention"", ""occluded_attention"", ""reduced_visual_availability"", ""mixed_attention""]",focused_attention,0.84,"[""visible_ratio=0.967"", ""gaze_shift_ratio=0.025"", ""occlusion_ratio=0.008"", ""eyes_closed_ratio=0.000"", ""mean_gaze_motion=9.04"", ""attention_stability_score=0.845"", ""max_visible_streak=172"", ""segments=29"", ""interactions=30""]","[""Interpretation is limited to annotation-derived behavior and not video context.""]",2026-04-06T15:39:30+00:00,childplay-behavior-v1,visible_ratio=0.967; gaze_shift_ratio=0.025; occlusion_ratio=0.008; eyes_closed_ratio=0.000; mean_gaze_motion=9.04; attention_stability_score=0.845; dominant_gaze_class=inside_visible; observed_frames=364
iWYy8n6mSwc_6250-6508:person_1,iWYy8n6mSwc_6250-6508,rule-based,rule-based,train,"Child gaze behavior summary. split=train, observed_frames=259, visible_ratio=0.981, on_screen_ratio=0.981, gaze_shift_ratio=0.019, occlusion_ratio=0.000, eyes_closed_ratio=0.000, mean_head_motion=0.43, mean_gaze_motion=1.45, attention_stability_score=0.953, dominant_gaze_class=inside_visible, num_segments=3, num_interactions=3, segment_types=['stable', 'shift', 'stable'], interaction_events=['focused_attention', 'attention_shift', 'focused_attention'].",,"[""focused_attention"", ""exploratory_attention"", ""occluded_attention"", ""reduced_visual_availability"", ""mixed_attention""]",focused_attention,0.84,"[""visible_ratio=0.981"", ""gaze_shift_ratio=0.019"", ""occlusion_ratio=0.000"", ""eyes_closed_ratio=0.000"", ""mean_gaze_motion=1.45"", ""attention_stability_score=0.953"", ""max_visible_streak=223"", ""segments=3"", ""interactions=3""]","[""Interpretation is limited to annotation-derived behavior and not video context.""]",2026-04-06T15:39:30+00:00,childplay-behavior-v1,visible_ratio=0.981; gaze_shift_ratio=0.019; occlusion_ratio=0.000; eyes_closed_ratio=0.000; mean_gaze_motion=1.45; attention_stability_score=0.953; dominant_gaze_class=inside_visible; observed_frames=259
iWYy8n6mSwc_6567-6724:person_1,iWYy8n6mSwc_6567-6724,rule-based,rule-based,train,"Child gaze behavior summary. split=train, observed_frames=158, visible_ratio=0.671, on_screen_ratio=1.000, gaze_shift_ratio=0.000, occlusion_ratio=0.329, eyes_closed_ratio=0.000, mean_head_motion=4.64, mean_gaze_motion=7.08, attention_stability_score=0.703, dominant_gaze_class=inside_visible, num_segments=11, num_interactions=12, segment_types=['stable', 'occluded', 'stable', 'shift', 'stable', 'shift', 'stable', 'occluded'], interaction_events=['monitoring', 'reduced_visual_availability', 'focused_attention', 'attention_shift', 'monitoring', 'attention_shift', 'monitoring', 'reduced_visual_availability'].",,"[""focused_attention"", ""exploratory_attention"", ""occluded_attention"", ""reduced_visual_availability"", ""mixed_attention""]",mixed_attention,0.68,"[""visible_ratio=0.671"", ""gaze_shift_ratio=0.000"", ""occlusion_ratio=0.329"", ""eyes_closed_ratio=0.000"", ""mean_gaze_motion=7.08"", ""attention_stability_score=0.703"", ""max_visible_streak=66"", ""segments=11"", ""interactions=12""]","[""Interpretation is partially limited by occluded or uncertain gaze frames.""]",2026-04-06T15:39:30+00:00,childplay-behavior-v1,visible_ratio=0.671; gaze_shift_ratio=0.000; occlusion_ratio=0.329; eyes_closed_ratio=0.000; mean_gaze_motion=7.08; attention_stability_score=0.703; dominant_gaze_class=inside_visible; observed_frames=158
iWYy8n6mSwc_6894-7009:person_1,iWYy8n6mSwc_6894-7009,rule-based,rule-based,train,"Child gaze behavior summary. split=train, observed_frames=116, visible_ratio=1.000, on_screen_ratio=1.000, gaze_shift_ratio=0.000, occlusion_ratio=0.000, eyes_closed_ratio=0.000, mean_head_motion=4.39, mean_gaze_motion=2.70, attention_stability_score=0.999, dominant_gaze_class=inside_visible, num_segments=1, num_interactions=1, segment_types=['stable'], interaction_events=['focused_attention'].",,"[""focused_attention"", ""exploratory_attention"", ""occluded_attention"", ""reduced_visual_availability"", ""mixed_attention""]",focused_attention,0.84,"[""visible_ratio=1.000"", ""gaze_shift_ratio=0.000"", ""occlusion_ratio=0.000"", ""eyes_closed_ratio=0.000"", ""mean_gaze_motion=2.70"", ""attention_stability_score=0.999"", ""max_visible_streak=116"", ""segments=1"", ""interactions=1""]","[""Interpretation is limited to annotation-derived behavior and not video context.""]",2026-04-06T15:39:30+00:00,childplay-behavior-v1,visible_ratio=1.000; gaze_shift_ratio=0.000; occlusion_ratio=0.000; eyes_closed_ratio=0.000; mean_gaze_motion=2.70; attention_stability_score=0.999; dominant_gaze_class=inside_visible; observed_frames=116
iWYy8n6mSwc_7471-7653:person_2,iWYy8n6mSwc_7471-7653,rule-based,rule-based,train,"Child gaze behavior summary. split=train, observed_frames=183, visible_ratio=0.962, on_screen_ratio=0.962, gaze_shift_ratio=0.000, occlusion_ratio=0.000, eyes_closed_ratio=0.000, mean_head_motion=1.95, mean_gaze_motion=18.60, attention_stability_score=0.964, dominant_gaze_class=inside_visible, num_segments=14, num_interactions=15, segment_types=['stable', 'shift', 'stable', 'shift', 'stable', 'shift', 'stable', 'shift'], interaction_events=['focused_attention', 'attention_shift', 'focused_attention', 'attention_shift', 'monitoring', 'attention_shift', 'monitoring', 'attention_shift'].",,"[""focused_attention"", ""exploratory_attention"", ""occluded_attention"", ""reduced_visual_availability"", ""mixed_attention""]",focused_attention,0.84,"[""visible_ratio=0.962"", ""gaze_shift_ratio=0.000"", ""occlusion_ratio=0.000"", ""eyes_closed_ratio=0.000"", ""mean_gaze_motion=18.60"", ""attention_stability_score=0.964"", ""max_visible_streak=176"", ""segments=14"", ""interactions=15""]","[""Interpretation is limited to annotation-derived behavior and not video context.""]",2026-04-06T15:39:30+00:00,childplay-behavior-v1,visible_ratio=0.962; gaze_shift_ratio=0.000; occlusion_ratio=0.000; eyes_closed_ratio=0.000; mean_gaze_motion=18.60; attention_stability_score=0.964; dominant_gaze_class=inside_visible; observed_frames=183
iWYy8n6mSwc_7471-7653:person_3,iWYy8n6mSwc_7471-7653,rule-based,rule-based,train,"Child gaze behavior summary. split=train, observed_frames=183, visible_ratio=0.596, on_screen_ratio=1.000, gaze_shift_ratio=0.000, occlusion_ratio=0.404, eyes_closed_ratio=0.000, mean_head_motion=2.95, mean_gaze_motion=12.22, attention_stability_score=0.711, dominant_gaze_class=inside_visible, num_segments=10, num_interactions=11, segment_types=['stable', 'shift', 'stable', 'shift', 'stable', 'shift', 'stable', 'shift'], interaction_events=['focused_attention', 'attention_shift', 'monitoring', 'attention_shift', 'monitoring', 'attention_shift', 'monitoring', 'attention_shift'].",,"[""focused_attention"", ""exploratory_attention"", ""occluded_attention"", ""reduced_visual_availability"", ""mixed_attention""]",occluded_attention,0.74,"[""visible_ratio=0.596"", ""gaze_shift_ratio=0.000"", ""occlusion_ratio=0.404"", ""eyes_closed_ratio=0.000"", ""mean_gaze_motion=12.22"", ""attention_stability_score=0.711"", ""max_visible_streak=109"", ""segments=10"", ""interactions=11""]","[""Interpretation is partially limited by occluded or uncertain gaze frames.""]",2026-04-06T15:39:30+00:00,childplay-behavior-v1,visible_ratio=0.596; gaze_shift_ratio=0.000; occlusion_ratio=0.404; eyes_closed_ratio=0.000; mean_gaze_motion=12.22; attention_stability_score=0.711; dominant_gaze_class=inside_visible; observed_frames=183
iWYy8n6mSwc_7892-8171:person_2,iWYy8n6mSwc_7892-8171,rule-based,rule-based,train,"Child gaze behavior summary. split=train, observed_frames=280, visible_ratio=0.929, on_screen_ratio=0.929, gaze_shift_ratio=0.032, occlusion_ratio=0.000, eyes_closed_ratio=0.000, mean_head_motion=1.03, mean_gaze_motion=3.05, attention_stability_score=0.879, dominant_gaze_class=inside_visible, num_segments=9, num_interactions=10, segment_types=['outside', 'shift', 'stable', 'shift', 'stable', 'shift', 'stable', 'shift'], interaction_events=['reduced_visual_availability', 'attention_shift', 'focused_attention', 'attention_shift', 'focused_attention', 'attention_shift', 'focused_attention', 'attention_shift'].",,"[""focused_attention"", ""exploratory_attention"", ""occluded_attention"", ""reduced_visual_availability"", ""mixed_attention""]",focused_attention,0.84,"[""visible_ratio=0.929"", ""gaze_shift_ratio=0.032"", ""occlusion_ratio=0.000"", ""eyes_closed_ratio=0.000"", ""mean_gaze_motion=3.05"", ""attention_stability_score=0.879"", ""max_visible_streak=188"", ""segments=9"", ""interactions=10""]","[""Interpretation is limited to annotation-derived behavior and not video context.""]",2026-04-06T15:39:30+00:00,childplay-behavior-v1,visible_ratio=0.929; gaze_shift_ratio=0.032; occlusion_ratio=0.000; eyes_closed_ratio=0.000; mean_gaze_motion=3.05; attention_stability_score=0.879; dominant_gaze_class=inside_visible; observed_frames=280
iWYy8n6mSwc_7892-8171:person_3,iWYy8n6mSwc_7892-8171,rule-based,rule-based,train,"Child gaze behavior summary. split=train, observed_frames=280, visible_ratio=0.500, on_screen_ratio=0.800, gaze_shift_ratio=0.064, occlusion_ratio=0.300, eyes_closed_ratio=0.000, mean_head_motion=2.58, mean_gaze_motion=8.60, attention_stability_score=0.572, dominant_gaze_class=inside_visible, num_segments=17, num_interactions=18, segment_types=['stable', 'shift', 'occluded', 'stable', 'occluded', 'stable', 'occluded', 'shift'], interaction_events=['focused_attention', 'attention_shift', 'reduced_visual_availability', 'monitoring', 'reduced_visual_availability', 'monitoring', 'reduced_visual_availability', 'attention_shift'].",,"[""focused_attention"", ""exploratory_attention"", ""occluded_attention"", ""reduced_visual_availability"", ""mixed_attention""]",mixed_attention,0.68,"[""visible_ratio=0.500"", ""gaze_shift_ratio=0.064"", ""occlusion_ratio=0.300"", ""eyes_closed_ratio=0.000"", ""mean_gaze_motion=8.60"", ""attention_stability_score=0.572"", ""max_visible_streak=68"", ""segments=17"", ""interactions=18""]","[""Interpretation is partially limited by occluded or uncertain gaze frames.""]",2026-04-06T15:39:30+00:00,childplay-behavior-v1,visible_ratio=0.500; gaze_shift_ratio=0.064; occlusion_ratio=0.300; eyes_closed_ratio=0.000; mean_gaze_motion=8.60; attention_stability_score=0.572; dominant_gaze_class=inside_visible; observed_frames=280
iWYy8n6mSwc_814-944:person_1,iWYy8n6mSwc_814-944,rule-based,rule-based,train,"Child gaze behavior summary. split=train, observed_frames=131, visible_ratio=1.000, on_screen_ratio=1.000, gaze_shift_ratio=0.000, occlusion_ratio=0.000, eyes_closed_ratio=0.000, mean_head_motion=6.07, mean_gaze_motion=9.55, attention_stability_score=0.995, dominant_gaze_class=inside_visible, num_segments=5, num_interactions=5, segment_types=['stable', 'shift', 'stable', 'shift', 'stable'], interaction_events=['monitoring', 'attention_shift', 'monitoring', 'attention_shift', 'focused_attention'].",,"[""focused_attention"", ""exploratory_attention"", ""occluded_attention"", ""reduced_visual_availability"", ""mixed_attention""]",focused_attention,0.84,"[""visible_ratio=1.000"", ""gaze_shift_ratio=0.000"", ""occlusion_ratio=0.000"", ""eyes_closed_ratio=0.000"", ""mean_gaze_motion=9.55"", ""attention_stability_score=0.995"", ""max_visible_streak=131"", ""segments=5"", ""interactions=5""]","[""Interpretation is limited to annotation-derived behavior and not video context.""]",2026-04-06T15:39:30+00:00,childplay-behavior-v1,visible_ratio=1.000; gaze_shift_ratio=0.000; occlusion_ratio=0.000; eyes_closed_ratio=0.000; mean_gaze_motion=9.55; attention_stability_score=0.995; dominant_gaze_class=inside_visible; observed_frames=131
iWYy8n6mSwc_8384-8850:person_2,iWYy8n6mSwc_8384-8850,rule-based,rule-based,train,"Child gaze behavior summary. split=train, observed_frames=467, visible_ratio=0.889, on_screen_ratio=0.889, gaze_shift_ratio=0.024, occlusion_ratio=0.000, eyes_closed_ratio=0.000, mean_head_motion=0.94, mean_gaze_motion=5.97, attention_stability_score=0.915, dominant_gaze_class=inside_visible, num_segments=18, num_interactions=19, segment_types=['stable', 'outside', 'shift', 'stable', 'shift', 'stable', 'shift', 'stable'], interaction_events=['monitoring', 'reduced_visual_availability', 'attention_shift', 'focused_attention', 'attention_shift', 'focused_attention', 'attention_shift', 'focused_attention'].",,"[""focused_attention"", ""exploratory_attention"", ""occluded_attention"", ""reduced_visual_availability"", ""mixed_attention""]",focused_attention,0.84,"[""visible_ratio=0.889"", ""gaze_shift_ratio=0.024"", ""occlusion_ratio=0.000"", ""eyes_closed_ratio=0.000"", ""mean_gaze_motion=5.97"", ""attention_stability_score=0.915"", ""max_visible_streak=414"", ""segments=18"", ""interactions=19""]","[""Interpretation is limited to annotation-derived behavior and not video context.""]",2026-04-06T15:39:30+00:00,childplay-behavior-v1,visible_ratio=0.889; gaze_shift_ratio=0.024; occlusion_ratio=0.000; eyes_closed_ratio=0.000; mean_gaze_motion=5.97; attention_stability_score=0.915; dominant_gaze_class=inside_visible; observed_frames=467
iWYy8n6mSwc_8918-8980:person_1,iWYy8n6mSwc_8918-8980,rule-based,rule-based,train,"Child gaze behavior summary. split=train, observed_frames=63, visible_ratio=0.952, on_screen_ratio=0.952, gaze_shift_ratio=0.048, occlusion_ratio=0.000, eyes_closed_ratio=0.000, mean_head_motion=0.86, mean_gaze_motion=12.38, attention_stability_score=0.898, dominant_gaze_class=inside_visible, num_segments=3, num_interactions=3, segment_types=['stable', 'shift', 'stable'], interaction_events=['focused_attention', 'attention_shift', 'monitoring'].",,"[""focused_attention"", ""exploratory_attention"", ""occluded_attention"", ""reduced_visual_availability"", ""mixed_attention""]",focused_attention,0.84,"[""visible_ratio=0.952"", ""gaze_shift_ratio=0.048"", ""occlusion_ratio=0.000"", ""eyes_closed_ratio=0.000"", ""mean_gaze_motion=12.38"", ""attention_stability_score=0.898"", ""max_visible_streak=46"", ""segments=3"", ""interactions=3""]","[""Interpretation is limited to annotation-derived behavior and not video context.""]",2026-04-06T15:39:30+00:00,childplay-behavior-v1,visible_ratio=0.952; gaze_shift_ratio=0.048; occlusion_ratio=0.000; eyes_closed_ratio=0.000; mean_gaze_motion=12.38; attention_stability_score=0.898; dominant_gaze_class=inside_visible; observed_frames=63
iWYy8n6mSwc_8918-8980:person_3,iWYy8n6mSwc_8918-8980,rule-based,rule-based,train,"Child gaze behavior summary. split=train, observed_frames=63, visible_ratio=0.587, on_screen_ratio=0.587, gaze_shift_ratio=0.238, occlusion_ratio=0.000, eyes_closed_ratio=0.000, mean_head_motion=3.94, mean_gaze_motion=19.28, attention_stability_score=0.610, dominant_gaze_class=inside_visible, num_segments=5, num_interactions=5, segment_types=['stable', 'shift', 'outside', 'shift', 'stable'], interaction_events=['monitoring', 'attention_shift', 'reduced_visual_availability', 'attention_shift', 'monitoring'].",,"[""focused_attention"", ""exploratory_attention"", ""occluded_attention"", ""reduced_visual_availability"", ""mixed_attention""]",exploratory_attention,0.8,"[""visible_ratio=0.587"", ""gaze_shift_ratio=0.238"", ""occlusion_ratio=0.000"", ""eyes_closed_ratio=0.000"", ""mean_gaze_motion=19.28"", ""attention_stability_score=0.610"", ""max_visible_streak=23"", ""segments=5"", ""interactions=5""]","[""Interpretation is limited to annotation-derived behavior and not video context.""]",2026-04-06T15:39:30+00:00,childplay-behavior-v1,visible_ratio=0.587; gaze_shift_ratio=0.238; occlusion_ratio=0.000; eyes_closed_ratio=0.000; mean_gaze_motion=19.28; attention_stability_score=0.610; dominant_gaze_class=inside_visible; observed_frames=63
iWYy8n6mSwc_9140-9457:person_1,iWYy8n6mSwc_9140-9457,rule-based,rule-based,train,"Child gaze behavior summary. split=train, observed_frames=318, visible_ratio=1.000, on_screen_ratio=1.000, gaze_shift_ratio=0.000, occlusion_ratio=0.000, eyes_closed_ratio=0.000, mean_head_motion=1.36, mean_gaze_motion=3.47, attention_stability_score=0.998, dominant_gaze_class=inside_visible, num_segments=3, num_interactions=3, segment_types=['stable', 'shift', 'stable'], interaction_events=['focused_attention', 'attention_shift', 'focused_attention'].",,"[""focused_attention"", ""exploratory_attention"", ""occluded_attention"", ""reduced_visual_availability"", ""mixed_attention""]",focused_attention,0.84,"[""visible_ratio=1.000"", ""gaze_shift_ratio=0.000"", ""occlusion_ratio=0.000"", ""eyes_closed_ratio=0.000"", ""mean_gaze_motion=3.47"", ""attention_stability_score=0.998"", ""max_visible_streak=318"", ""segments=3"", ""interactions=3""]","[""Interpretation is limited to annotation-derived behavior and not video context.""]",2026-04-06T15:39:30+00:00,childplay-behavior-v1,visible_ratio=1.000; gaze_shift_ratio=0.000; occlusion_ratio=0.000; eyes_closed_ratio=0.000; mean_gaze_motion=3.47; attention_stability_score=0.998; dominant_gaze_class=inside_visible; observed_frames=318
iWYy8n6mSwc_949-1017:person_1,iWYy8n6mSwc_949-1017,rule-based,rule-based,train,"Child gaze behavior summary. split=train, observed_frames=69, visible_ratio=0.899, on_screen_ratio=1.000, gaze_shift_ratio=0.000, occlusion_ratio=0.101, eyes_closed_ratio=0.000, mean_head_motion=0.55, mean_gaze_motion=18.16, attention_stability_score=0.876, dominant_gaze_class=inside_visible, num_segments=9, num_interactions=10, segment_types=['stable', 'shift', 'stable', 'shift', 'stable', 'occluded', 'stable', 'shift'], interaction_events=['monitoring', 'attention_shift', 'monitoring', 'attention_shift', 'monitoring', 'reduced_visual_availability', 'monitoring', 'attention_shift'].",,"[""focused_attention"", ""exploratory_attention"", ""occluded_attention"", ""reduced_visual_availability"", ""mixed_attention""]",focused_attention,0.84,"[""visible_ratio=0.899"", ""gaze_shift_ratio=0.000"", ""occlusion_ratio=0.101"", ""eyes_closed_ratio=0.000"", ""mean_gaze_motion=18.16"", ""attention_stability_score=0.876"", ""max_visible_streak=50"", ""segments=9"", ""interactions=10""]","[""Interpretation is limited to annotation-derived behavior and not video context.""]",2026-04-06T15:39:30+00:00,childplay-behavior-v1,visible_ratio=0.899; gaze_shift_ratio=0.000; occlusion_ratio=0.101; eyes_closed_ratio=0.000; mean_gaze_motion=18.16; attention_stability_score=0.876; dominant_gaze_class=inside_visible; observed_frames=69
iWYy8n6mSwc_949-1017:person_2,iWYy8n6mSwc_949-1017,rule-based,rule-based,train,"Child gaze behavior summary. split=train, observed_frames=69, visible_ratio=0.391, on_screen_ratio=0.391, gaze_shift_ratio=0.101, occlusion_ratio=0.000, eyes_closed_ratio=0.000, mean_head_motion=5.44, mean_gaze_motion=8.48, attention_stability_score=0.525, dominant_gaze_class=outside_frame, num_segments=6, num_interactions=6, segment_types=['outside', 'shift', 'stable', 'outside', 'shift', 'stable'], interaction_events=['reduced_visual_availability', 'attention_shift', 'monitoring', 'reduced_visual_availability', 'attention_shift', 'monitoring'].",,"[""focused_attention"", ""exploratory_attention"", ""occluded_attention"", ""reduced_visual_availability"", ""mixed_attention""]",mixed_attention,0.68,"[""visible_ratio=0.391"", ""gaze_shift_ratio=0.101"", ""occlusion_ratio=0.000"", ""eyes_closed_ratio=0.000"", ""mean_gaze_motion=8.48"", ""attention_stability_score=0.525"", ""max_visible_streak=19"", ""segments=6"", ""interactions=6""]","[""Interpretation is limited to annotation-derived behavior and not video context.""]",2026-04-06T15:39:30+00:00,childplay-behavior-v1,visible_ratio=0.391; gaze_shift_ratio=0.101; occlusion_ratio=0.000; eyes_closed_ratio=0.000; mean_gaze_motion=8.48; attention_stability_score=0.525; dominant_gaze_class=outside_frame; observed_frames=69
iWYy8n6mSwc_9601-9788:person_1,iWYy8n6mSwc_9601-9788,rule-based,rule-based,train,"Child gaze behavior summary. split=train, observed_frames=188, visible_ratio=0.777, on_screen_ratio=0.777, gaze_shift_ratio=0.048, occlusion_ratio=0.000, eyes_closed_ratio=0.000, mean_head_motion=1.60, mean_gaze_motion=2.43, attention_stability_score=0.825, dominant_gaze_class=inside_visible, num_segments=8, num_interactions=9, segment_types=['stable', 'shift', 'outside', 'shift', 'stable', 'shift', 'stable', 'shift'], interaction_events=['focused_attention', 'attention_shift', 'reduced_visual_availability', 'attention_shift', 'monitoring', 'attention_shift', 'monitoring', 'attention_shift'].",,"[""focused_attention"", ""exploratory_attention"", ""occluded_attention"", ""reduced_visual_availability"", ""mixed_attention""]",focused_attention,0.84,"[""visible_ratio=0.777"", ""gaze_shift_ratio=0.048"", ""occlusion_ratio=0.000"", ""eyes_closed_ratio=0.000"", ""mean_gaze_motion=2.43"", ""attention_stability_score=0.825"", ""max_visible_streak=138"", ""segments=8"", ""interactions=9""]","[""Interpretation is limited to annotation-derived behavior and not video context.""]",2026-04-06T15:39:30+00:00,childplay-behavior-v1,visible_ratio=0.777; gaze_shift_ratio=0.048; occlusion_ratio=0.000; eyes_closed_ratio=0.000; mean_gaze_motion=2.43; attention_stability_score=0.825; dominant_gaze_class=inside_visible; observed_frames=188
iWYy8n6mSwc_9801-10085:person_1,iWYy8n6mSwc_9801-10085,rule-based,rule-based,train,"Child gaze behavior summary. split=train, observed_frames=238, visible_ratio=0.765, on_screen_ratio=0.958, gaze_shift_ratio=0.042, occlusion_ratio=0.193, eyes_closed_ratio=0.000, mean_head_motion=1.61, mean_gaze_motion=5.78, attention_stability_score=0.747, dominant_gaze_class=inside_visible, num_segments=12, num_interactions=13, segment_types=['stable', 'shift', 'occluded', 'stable', 'shift', 'stable', 'shift', 'stable'], interaction_events=['focused_attention', 'attention_shift', 'reduced_visual_availability', 'monitoring', 'attention_shift', 'focused_attention', 'attention_shift', 'monitoring'].",,"[""focused_attention"", ""exploratory_attention"", ""occluded_attention"", ""reduced_visual_availability"", ""mixed_attention""]",focused_attention,0.84,"[""visible_ratio=0.765"", ""gaze_shift_ratio=0.042"", ""occlusion_ratio=0.193"", ""eyes_closed_ratio=0.000"", ""mean_gaze_motion=5.78"", ""attention_stability_score=0.747"", ""max_visible_streak=107"", ""segments=12"", ""interactions=13""]","[""Interpretation is limited to annotation-derived behavior and not video context.""]",2026-04-06T15:39:30+00:00,childplay-behavior-v1,visible_ratio=0.765; gaze_shift_ratio=0.042; occlusion_ratio=0.193; eyes_closed_ratio=0.000; mean_gaze_motion=5.78; attention_stability_score=0.747; dominant_gaze_class=inside_visible; observed_frames=238
iZHhWklQwmQ_1356-1546:person_1,iZHhWklQwmQ_1356-1546,rule-based,rule-based,train,"Child gaze behavior summary. split=train, observed_frames=191, visible_ratio=0.969, on_screen_ratio=0.969, gaze_shift_ratio=0.031, occlusion_ratio=0.000, eyes_closed_ratio=0.000, mean_head_motion=0.70, mean_gaze_motion=16.33, attention_stability_score=0.947, dominant_gaze_class=inside_visible, num_segments=13, num_interactions=14, segment_types=['stable', 'shift', 'stable', 'shift', 'stable', 'shift', 'stable', 'shift'], interaction_events=['monitoring', 'attention_shift', 'monitoring', 'attention_shift', 'focused_attention', 'attention_shift', 'focused_attention', 'attention_shift'].",,"[""focused_attention"", ""exploratory_attention"", ""occluded_attention"", ""reduced_visual_availability"", ""mixed_attention""]",focused_attention,0.84,"[""visible_ratio=0.969"", ""gaze_shift_ratio=0.031"", ""occlusion_ratio=0.000"", ""eyes_closed_ratio=0.000"", ""mean_gaze_motion=16.33"", ""attention_stability_score=0.947"", ""max_visible_streak=171"", ""segments=13"", ""interactions=14""]","[""Interpretation is limited to annotation-derived behavior and not video context.""]",2026-04-06T15:39:30+00:00,childplay-behavior-v1,visible_ratio=0.969; gaze_shift_ratio=0.031; occlusion_ratio=0.000; eyes_closed_ratio=0.000; mean_gaze_motion=16.33; attention_stability_score=0.947; dominant_gaze_class=inside_visible; observed_frames=191
iZHhWklQwmQ_2136-3006:person_2,iZHhWklQwmQ_2136-3006,rule-based,rule-based,train,"Child gaze behavior summary. split=train, observed_frames=871, visible_ratio=0.873, on_screen_ratio=0.873, gaze_shift_ratio=0.096, occlusion_ratio=0.000, eyes_closed_ratio=0.000, mean_head_motion=0.25, mean_gaze_motion=10.03, attention_stability_score=0.729, dominant_gaze_class=inside_visible, num_segments=39, num_interactions=40, segment_types=['stable', 'shift', 'stable', 'shift', 'stable', 'shift', 'stable', 'shift'], interaction_events=['monitoring', 'attention_shift', 'focused_attention', 'attention_shift', 'monitoring', 'attention_shift', 'focused_attention', 'attention_shift'].",,"[""focused_attention"", ""exploratory_attention"", ""occluded_attention"", ""reduced_visual_availability"", ""mixed_attention""]",focused_attention,0.84,"[""visible_ratio=0.873"", ""gaze_shift_ratio=0.096"", ""occlusion_ratio=0.000"", ""eyes_closed_ratio=0.000"", ""mean_gaze_motion=10.03"", ""attention_stability_score=0.729"", ""max_visible_streak=196"", ""segments=39"", ""interactions=40""]","[""Interpretation is limited to annotation-derived behavior and not video context.""]",2026-04-06T15:39:30+00:00,childplay-behavior-v1,visible_ratio=0.873; gaze_shift_ratio=0.096; occlusion_ratio=0.000; eyes_closed_ratio=0.000; mean_gaze_motion=10.03; attention_stability_score=0.729; dominant_gaze_class=inside_visible; observed_frames=871
iZHhWklQwmQ_3660-3831:person_1,iZHhWklQwmQ_3660-3831,rule-based,rule-based,train,"Child gaze behavior summary. split=train, observed_frames=172, visible_ratio=0.849, on_screen_ratio=0.884, gaze_shift_ratio=0.035, occlusion_ratio=0.035, eyes_closed_ratio=0.000, mean_head_motion=2.67, mean_gaze_motion=12.12, attention_stability_score=0.848, dominant_gaze_class=inside_visible, num_segments=13, num_interactions=14, segment_types=['stable', 'shift', 'stable', 'shift', 'stable', 'shift', 'stable', 'shift'], interaction_events=['monitoring', 'attention_shift', 'focused_attention', 'attention_shift', 'focused_attention', 'attention_shift', 'monitoring', 'attention_shift'].",,"[""focused_attention"", ""exploratory_attention"", ""occluded_attention"", ""reduced_visual_availability"", ""mixed_attention""]",focused_attention,0.84,"[""visible_ratio=0.849"", ""gaze_shift_ratio=0.035"", ""occlusion_ratio=0.035"", ""eyes_closed_ratio=0.000"", ""mean_gaze_motion=12.12"", ""attention_stability_score=0.848"", ""max_visible_streak=122"", ""segments=13"", ""interactions=14""]","[""Interpretation is limited to annotation-derived behavior and not video context.""]",2026-04-06T15:39:30+00:00,childplay-behavior-v1,visible_ratio=0.849; gaze_shift_ratio=0.035; occlusion_ratio=0.035; eyes_closed_ratio=0.000; mean_gaze_motion=12.12; attention_stability_score=0.848; dominant_gaze_class=inside_visible; observed_frames=172
iZHhWklQwmQ_3660-3831:person_3,iZHhWklQwmQ_3660-3831,rule-based,rule-based,train,"Child gaze behavior summary. split=train, observed_frames=172, visible_ratio=1.000, on_screen_ratio=1.000, gaze_shift_ratio=0.000, occlusion_ratio=0.000, eyes_closed_ratio=0.000, mean_head_motion=1.39, mean_gaze_motion=9.17, attention_stability_score=0.995, dominant_gaze_class=inside_visible, num_segments=11, num_interactions=12, segment_types=['stable', 'shift', 'stable', 'shift', 'stable', 'shift', 'stable', 'shift'], interaction_events=['monitoring', 'attention_shift', 'monitoring', 'attention_shift', 'focused_attention', 'attention_shift', 'monitoring', 'attention_shift'].",,"[""focused_attention"", ""exploratory_attention"", ""occluded_attention"", ""reduced_visual_availability"", ""mixed_attention""]",focused_attention,0.84,"[""visible_ratio=1.000"", ""gaze_shift_ratio=0.000"", ""occlusion_ratio=0.000"", ""eyes_closed_ratio=0.000"", ""mean_gaze_motion=9.17"", ""attention_stability_score=0.995"", ""max_visible_streak=172"", ""segments=11"", ""interactions=12""]","[""Interpretation is limited to annotation-derived behavior and not video context.""]",2026-04-06T15:39:30+00:00,childplay-behavior-v1,visible_ratio=1.000; gaze_shift_ratio=0.000; occlusion_ratio=0.000; eyes_closed_ratio=0.000; mean_gaze_motion=9.17; attention_stability_score=0.995; dominant_gaze_class=inside_visible; observed_frames=172
iZHhWklQwmQ_5140-5473:person_2,iZHhWklQwmQ_5140-5473,rule-based,rule-based,train,"Child gaze behavior summary. split=train, observed_frames=334, visible_ratio=0.976, on_screen_ratio=0.976, gaze_shift_ratio=0.024, occlusion_ratio=0.000, eyes_closed_ratio=0.000, mean_head_motion=1.93, mean_gaze_motion=5.79, attention_stability_score=0.940, dominant_gaze_class=inside_visible, num_segments=11, num_interactions=12, segment_types=['stable', 'shift', 'stable', 'shift', 'stable', 'shift', 'stable', 'shift'], interaction_events=['focused_attention', 'attention_shift', 'monitoring', 'attention_shift', 'focused_attention', 'attention_shift', 'focused_attention', 'attention_shift'].",,"[""focused_attention"", ""exploratory_attention"", ""occluded_attention"", ""reduced_visual_availability"", ""mixed_attention""]",focused_attention,0.84,"[""visible_ratio=0.976"", ""gaze_shift_ratio=0.024"", ""occlusion_ratio=0.000"", ""eyes_closed_ratio=0.000"", ""mean_gaze_motion=5.79"", ""attention_stability_score=0.940"", ""max_visible_streak=277"", ""segments=11"", ""interactions=12""]","[""Interpretation is limited to annotation-derived behavior and not video context.""]",2026-04-06T15:39:30+00:00,childplay-behavior-v1,visible_ratio=0.976; gaze_shift_ratio=0.024; occlusion_ratio=0.000; eyes_closed_ratio=0.000; mean_gaze_motion=5.79; attention_stability_score=0.940; dominant_gaze_class=inside_visible; observed_frames=334
iZHhWklQwmQ_5140-5473:person_3,iZHhWklQwmQ_5140-5473,rule-based,rule-based,train,"Child gaze behavior summary. split=train, observed_frames=334, visible_ratio=0.907, on_screen_ratio=0.985, gaze_shift_ratio=0.015, occlusion_ratio=0.078, eyes_closed_ratio=0.000, mean_head_motion=3.29, mean_gaze_motion=5.42, attention_stability_score=0.896, dominant_gaze_class=inside_visible, num_segments=13, num_interactions=14, segment_types=['stable', 'occluded', 'shift', 'stable', 'shift', 'stable', 'shift', 'stable'], interaction_events=['monitoring', 'reduced_visual_availability', 'attention_shift', 'monitoring', 'attention_shift', 'focused_attention', 'attention_shift', 'monitoring'].",,"[""focused_attention"", ""exploratory_attention"", ""occluded_attention"", ""reduced_visual_availability"", ""mixed_attention""]",focused_attention,0.84,"[""visible_ratio=0.907"", ""gaze_shift_ratio=0.015"", ""occlusion_ratio=0.078"", ""eyes_closed_ratio=0.000"", ""mean_gaze_motion=5.42"", ""attention_stability_score=0.896"", ""max_visible_streak=257"", ""segments=13"", ""interactions=14""]","[""Interpretation is limited to annotation-derived behavior and not video context.""]",2026-04-06T15:39:30+00:00,childplay-behavior-v1,visible_ratio=0.907; gaze_shift_ratio=0.015; occlusion_ratio=0.078; eyes_closed_ratio=0.000; mean_gaze_motion=5.42; attention_stability_score=0.896; dominant_gaze_class=inside_visible; observed_frames=334
jSOSCiJx_nM_1335-1425:person_1,jSOSCiJx_nM_1335-1425,rule-based,rule-based,train,"Child gaze behavior summary. split=train, observed_frames=91, visible_ratio=0.637, on_screen_ratio=0.692, gaze_shift_ratio=0.055, occlusion_ratio=0.055, eyes_closed_ratio=0.000, mean_head_motion=5.29, mean_gaze_motion=14.63, attention_stability_score=0.725, dominant_gaze_class=inside_visible, num_segments=6, num_interactions=6, segment_types=['occluded', 'stable', 'shift', 'stable', 'shift', 'outside'], interaction_events=['reduced_visual_availability', 'focused_attention', 'attention_shift', 'monitoring', 'attention_shift', 'reduced_visual_availability'].",,"[""focused_attention"", ""exploratory_attention"", ""occluded_attention"", ""reduced_visual_availability"", ""mixed_attention""]",mixed_attention,0.68,"[""visible_ratio=0.637"", ""gaze_shift_ratio=0.055"", ""occlusion_ratio=0.055"", ""eyes_closed_ratio=0.000"", ""mean_gaze_motion=14.63"", ""attention_stability_score=0.725"", ""max_visible_streak=56"", ""segments=6"", ""interactions=6""]","[""Interpretation is limited to annotation-derived behavior and not video context.""]",2026-04-06T15:39:30+00:00,childplay-behavior-v1,visible_ratio=0.637; gaze_shift_ratio=0.055; occlusion_ratio=0.055; eyes_closed_ratio=0.000; mean_gaze_motion=14.63; attention_stability_score=0.725; dominant_gaze_class=inside_visible; observed_frames=91
jSOSCiJx_nM_1640-1789:person_1,jSOSCiJx_nM_1640-1789,rule-based,rule-based,train,"Child gaze behavior summary. split=train, observed_frames=150, visible_ratio=0.700, on_screen_ratio=0.700, gaze_shift_ratio=0.047, occlusion_ratio=0.000, eyes_closed_ratio=0.000, mean_head_motion=2.31, mean_gaze_motion=3.86, attention_stability_score=0.708, dominant_gaze_class=inside_visible, num_segments=4, num_interactions=4, segment_types=['stable', 'outside', 'shift', 'stable'], interaction_events=['focused_attention', 'reduced_visual_availability', 'attention_shift', 'focused_attention'].",,"[""focused_attention"", ""exploratory_attention"", ""occluded_attention"", ""reduced_visual_availability"", ""mixed_attention""]",mixed_attention,0.68,"[""visible_ratio=0.700"", ""gaze_shift_ratio=0.047"", ""occlusion_ratio=0.000"", ""eyes_closed_ratio=0.000"", ""mean_gaze_motion=3.86"", ""attention_stability_score=0.708"", ""max_visible_streak=61"", ""segments=4"", ""interactions=4""]","[""Interpretation is limited to annotation-derived behavior and not video context.""]",2026-04-06T15:39:30+00:00,childplay-behavior-v1,visible_ratio=0.700; gaze_shift_ratio=0.047; occlusion_ratio=0.000; eyes_closed_ratio=0.000; mean_gaze_motion=3.86; attention_stability_score=0.708; dominant_gaze_class=inside_visible; observed_frames=150
jSOSCiJx_nM_1806-1980:person_1,jSOSCiJx_nM_1806-1980,rule-based,rule-based,train,"Child gaze behavior summary. split=train, observed_frames=175, visible_ratio=1.000, on_screen_ratio=1.000, gaze_shift_ratio=0.000, occlusion_ratio=0.000, eyes_closed_ratio=0.000, mean_head_motion=4.19, mean_gaze_motion=0.90, attention_stability_score=1.000, dominant_gaze_class=inside_visible, num_segments=1, num_interactions=1, segment_types=['stable'], interaction_events=['focused_attention'].",,"[""focused_attention"", ""exploratory_attention"", ""occluded_attention"", ""reduced_visual_availability"", ""mixed_attention""]",focused_attention,0.84,"[""visible_ratio=1.000"", ""gaze_shift_ratio=0.000"", ""occlusion_ratio=0.000"", ""eyes_closed_ratio=0.000"", ""mean_gaze_motion=0.90"", ""attention_stability_score=1.000"", ""max_visible_streak=175"", ""segments=1"", ""interactions=1""]","[""Interpretation is limited to annotation-derived behavior and not video context.""]",2026-04-06T15:39:30+00:00,childplay-behavior-v1,visible_ratio=1.000; gaze_shift_ratio=0.000; occlusion_ratio=0.000; eyes_closed_ratio=0.000; mean_gaze_motion=0.90; attention_stability_score=1.000; dominant_gaze_class=inside_visible; observed_frames=175
jSOSCiJx_nM_2662-2717:person_1,jSOSCiJx_nM_2662-2717,rule-based,rule-based,train,"Child gaze behavior summary. split=train, observed_frames=56, visible_ratio=1.000, on_screen_ratio=1.000, gaze_shift_ratio=0.000, occlusion_ratio=0.000, eyes_closed_ratio=0.000, mean_head_motion=1.49, mean_gaze_motion=6.36, attention_stability_score=0.997, dominant_gaze_class=inside_visible, num_segments=5, num_interactions=5, segment_types=['stable', 'shift', 'stable', 'shift', 'stable'], interaction_events=['monitoring', 'attention_shift', 'focused_attention', 'attention_shift', 'monitoring'].",,"[""focused_attention"", ""exploratory_attention"", ""occluded_attention"", ""reduced_visual_availability"", ""mixed_attention""]",focused_attention,0.84,"[""visible_ratio=1.000"", ""gaze_shift_ratio=0.000"", ""occlusion_ratio=0.000"", ""eyes_closed_ratio=0.000"", ""mean_gaze_motion=6.36"", ""attention_stability_score=0.997"", ""max_visible_streak=56"", ""segments=5"", ""interactions=5""]","[""Short clips provide less temporal evidence than longer sequences.""]",2026-04-06T15:39:30+00:00,childplay-behavior-v1,visible_ratio=1.000; gaze_shift_ratio=0.000; occlusion_ratio=0.000; eyes_closed_ratio=0.000; mean_gaze_motion=6.36; attention_stability_score=0.997; dominant_gaze_class=inside_visible; observed_frames=56
jSOSCiJx_nM_271-458:person_1,jSOSCiJx_nM_271-458,rule-based,rule-based,train,"Child gaze behavior summary. split=train, observed_frames=188, visible_ratio=1.000, on_screen_ratio=1.000, gaze_shift_ratio=0.000, occlusion_ratio=0.000, eyes_closed_ratio=0.000, mean_head_motion=2.42, mean_gaze_motion=5.13, attention_stability_score=0.997, dominant_gaze_class=inside_visible, num_segments=9, num_interactions=10, segment_types=['stable', 'shift', 'stable', 'shift', 'stable', 'shift', 'stable', 'shift'], interaction_events=['monitoring', 'attention_shift', 'focused_attention', 'attention_shift', 'monitoring', 'attention_shift', 'focused_attention', 'attention_shift'].",,"[""focused_attention"", ""exploratory_attention"", ""occluded_attention"", ""reduced_visual_availability"", ""mixed_attention""]",focused_attention,0.84,"[""visible_ratio=1.000"", ""gaze_shift_ratio=0.000"", ""occlusion_ratio=0.000"", ""eyes_closed_ratio=0.000"", ""mean_gaze_motion=5.13"", ""attention_stability_score=0.997"", ""max_visible_streak=188"", ""segments=9"", ""interactions=10""]","[""Interpretation is limited to annotation-derived behavior and not video context.""]",2026-04-06T15:39:30+00:00,childplay-behavior-v1,visible_ratio=1.000; gaze_shift_ratio=0.000; occlusion_ratio=0.000; eyes_closed_ratio=0.000; mean_gaze_motion=5.13; attention_stability_score=0.997; dominant_gaze_class=inside_visible; observed_frames=188
jSOSCiJx_nM_3339-3518:person_1,jSOSCiJx_nM_3339-3518,rule-based,rule-based,train,"Child gaze behavior summary. split=train, observed_frames=180, visible_ratio=1.000, on_screen_ratio=1.000, gaze_shift_ratio=0.000, occlusion_ratio=0.000, eyes_closed_ratio=0.000, mean_head_motion=0.56, mean_gaze_motion=4.35, attention_stability_score=0.998, dominant_gaze_class=inside_visible, num_segments=9, num_interactions=10, segment_types=['stable', 'shift', 'stable', 'shift', 'stable', 'shift', 'stable', 'shift'], interaction_events=['focused_attention', 'attention_shift', 'monitoring', 'attention_shift', 'focused_attention', 'attention_shift', 'monitoring', 'attention_shift'].",,"[""focused_attention"", ""exploratory_attention"", ""occluded_attention"", ""reduced_visual_availability"", ""mixed_attention""]",focused_attention,0.84,"[""visible_ratio=1.000"", ""gaze_shift_ratio=0.000"", ""occlusion_ratio=0.000"", ""eyes_closed_ratio=0.000"", ""mean_gaze_motion=4.35"", ""attention_stability_score=0.998"", ""max_visible_streak=180"", ""segments=9"", ""interactions=10""]","[""Interpretation is limited to annotation-derived behavior and not video context.""]",2026-04-06T15:39:30+00:00,childplay-behavior-v1,visible_ratio=1.000; gaze_shift_ratio=0.000; occlusion_ratio=0.000; eyes_closed_ratio=0.000; mean_gaze_motion=4.35; attention_stability_score=0.998; dominant_gaze_class=inside_visible; observed_frames=180
jSOSCiJx_nM_476-589:person_1,jSOSCiJx_nM_476-589,rule-based,rule-based,train,"Child gaze behavior summary. split=train, observed_frames=114, visible_ratio=0.965, on_screen_ratio=0.965, gaze_shift_ratio=0.000, occlusion_ratio=0.000, eyes_closed_ratio=0.035, mean_head_motion=5.30, mean_gaze_motion=6.83, attention_stability_score=0.961, dominant_gaze_class=inside_visible, num_segments=5, num_interactions=5, segment_types=['stable', 'shift', 'stable', 'eyes_closed', 'stable'], interaction_events=['focused_attention', 'attention_shift', 'focused_attention', 'reduced_visual_availability', 'monitoring'].",,"[""focused_attention"", ""exploratory_attention"", ""occluded_attention"", ""reduced_visual_availability"", ""mixed_attention""]",focused_attention,0.84,"[""visible_ratio=0.965"", ""gaze_shift_ratio=0.000"", ""occlusion_ratio=0.000"", ""eyes_closed_ratio=0.035"", ""mean_gaze_motion=6.83"", ""attention_stability_score=0.961"", ""max_visible_streak=105"", ""segments=5"", ""interactions=5""]","[""Interpretation is limited to annotation-derived behavior and not video context.""]",2026-04-06T15:39:30+00:00,childplay-behavior-v1,visible_ratio=0.965; gaze_shift_ratio=0.000; occlusion_ratio=0.000; eyes_closed_ratio=0.035; mean_gaze_motion=6.83; attention_stability_score=0.961; dominant_gaze_class=inside_visible; observed_frames=114
jSOSCiJx_nM_595-728:person_2,jSOSCiJx_nM_595-728,rule-based,rule-based,train,"Child gaze behavior summary. split=train, observed_frames=134, visible_ratio=1.000, on_screen_ratio=1.000, gaze_shift_ratio=0.000, occlusion_ratio=0.000, eyes_closed_ratio=0.000, mean_head_motion=2.20, mean_gaze_motion=6.01, attention_stability_score=0.997, dominant_gaze_class=inside_visible, num_segments=1, num_interactions=1, segment_types=['stable'], interaction_events=['focused_attention'].",,"[""focused_attention"", ""exploratory_attention"", ""occluded_attention"", ""reduced_visual_availability"", ""mixed_attention""]",focused_attention,0.84,"[""visible_ratio=1.000"", ""gaze_shift_ratio=0.000"", ""occlusion_ratio=0.000"", ""eyes_closed_ratio=0.000"", ""mean_gaze_motion=6.01"", ""attention_stability_score=0.997"", ""max_visible_streak=134"", ""segments=1"", ""interactions=1""]","[""Interpretation is limited to annotation-derived behavior and not video context.""]",2026-04-06T15:39:30+00:00,childplay-behavior-v1,visible_ratio=1.000; gaze_shift_ratio=0.000; occlusion_ratio=0.000; eyes_closed_ratio=0.000; mean_gaze_motion=6.01; attention_stability_score=0.997; dominant_gaze_class=inside_visible; observed_frames=134
jSOSCiJx_nM_736-828:person_1,jSOSCiJx_nM_736-828,rule-based,rule-based,train,"Child gaze behavior summary. split=train, observed_frames=93, visible_ratio=0.957, on_screen_ratio=0.957, gaze_shift_ratio=0.043, occlusion_ratio=0.000, eyes_closed_ratio=0.000, mean_head_motion=6.84, mean_gaze_motion=6.53, attention_stability_score=0.933, dominant_gaze_class=inside_visible, num_segments=3, num_interactions=3, segment_types=['stable', 'shift', 'stable'], interaction_events=['focused_attention', 'attention_shift', 'monitoring'].",,"[""focused_attention"", ""exploratory_attention"", ""occluded_attention"", ""reduced_visual_availability"", ""mixed_attention""]",focused_attention,0.84,"[""visible_ratio=0.957"", ""gaze_shift_ratio=0.043"", ""occlusion_ratio=0.000"", ""eyes_closed_ratio=0.000"", ""mean_gaze_motion=6.53"", ""attention_stability_score=0.933"", ""max_visible_streak=79"", ""segments=3"", ""interactions=3""]","[""Interpretation is limited to annotation-derived behavior and not video context.""]",2026-04-06T15:39:30+00:00,childplay-behavior-v1,visible_ratio=0.957; gaze_shift_ratio=0.043; occlusion_ratio=0.000; eyes_closed_ratio=0.000; mean_gaze_motion=6.53; attention_stability_score=0.933; dominant_gaze_class=inside_visible; observed_frames=93
jSOSCiJx_nM_968-1047:person_2,jSOSCiJx_nM_968-1047,rule-based,rule-based,train,"Child gaze behavior summary. split=train, observed_frames=80, visible_ratio=1.000, on_screen_ratio=1.000, gaze_shift_ratio=0.000, occlusion_ratio=0.000, eyes_closed_ratio=0.000, mean_head_motion=1.95, mean_gaze_motion=0.03, attention_stability_score=1.000, dominant_gaze_class=inside_visible, num_segments=1, num_interactions=1, segment_types=['stable'], interaction_events=['focused_attention'].",,"[""focused_attention"", ""exploratory_attention"", ""occluded_attention"", ""reduced_visual_availability"", ""mixed_attention""]",focused_attention,0.84,"[""visible_ratio=1.000"", ""gaze_shift_ratio=0.000"", ""occlusion_ratio=0.000"", ""eyes_closed_ratio=0.000"", ""mean_gaze_motion=0.03"", ""attention_stability_score=1.000"", ""max_visible_streak=80"", ""segments=1"", ""interactions=1""]","[""Interpretation is limited to annotation-derived behavior and not video context.""]",2026-04-06T15:39:30+00:00,childplay-behavior-v1,visible_ratio=1.000; gaze_shift_ratio=0.000; occlusion_ratio=0.000; eyes_closed_ratio=0.000; mean_gaze_motion=0.03; attention_stability_score=1.000; dominant_gaze_class=inside_visible; observed_frames=80
jT5WV_7EJr8_1318-1666:person_2,jT5WV_7EJr8_1318-1666,rule-based,rule-based,train,"Child gaze behavior summary. split=train, observed_frames=349, visible_ratio=0.808, on_screen_ratio=0.808, gaze_shift_ratio=0.009, occlusion_ratio=0.000, eyes_closed_ratio=0.000, mean_head_motion=1.23, mean_gaze_motion=10.67, attention_stability_score=0.818, dominant_gaze_class=inside_visible, num_segments=10, num_interactions=11, segment_types=['stable', 'shift', 'stable', 'shift', 'stable', 'outside', 'shift', 'stable'], interaction_events=['focused_attention', 'attention_shift', 'monitoring', 'attention_shift', 'monitoring', 'reduced_visual_availability', 'attention_shift', 'focused_attention'].",,"[""focused_attention"", ""exploratory_attention"", ""occluded_attention"", ""reduced_visual_availability"", ""mixed_attention""]",focused_attention,0.84,"[""visible_ratio=0.808"", ""gaze_shift_ratio=0.009"", ""occlusion_ratio=0.000"", ""eyes_closed_ratio=0.000"", ""mean_gaze_motion=10.67"", ""attention_stability_score=0.818"", ""max_visible_streak=225"", ""segments=10"", ""interactions=11""]","[""Interpretation is limited to annotation-derived behavior and not video context.""]",2026-04-06T15:39:30+00:00,childplay-behavior-v1,visible_ratio=0.808; gaze_shift_ratio=0.009; occlusion_ratio=0.000; eyes_closed_ratio=0.000; mean_gaze_motion=10.67; attention_stability_score=0.818; dominant_gaze_class=inside_visible; observed_frames=349
jT5WV_7EJr8_1318-1666:person_3,jT5WV_7EJr8_1318-1666,rule-based,rule-based,train,"Child gaze behavior summary. split=train, observed_frames=349, visible_ratio=0.980, on_screen_ratio=0.980, gaze_shift_ratio=0.020, occlusion_ratio=0.000, eyes_closed_ratio=0.000, mean_head_motion=1.00, mean_gaze_motion=10.65, attention_stability_score=0.884, dominant_gaze_class=inside_visible, num_segments=9, num_interactions=10, segment_types=['stable', 'shift', 'stable', 'shift', 'stable', 'shift', 'stable', 'shift'], interaction_events=['monitoring', 'attention_shift', 'monitoring', 'attention_shift', 'focused_attention', 'attention_shift', 'monitoring', 'attention_shift'].",,"[""focused_attention"", ""exploratory_attention"", ""occluded_attention"", ""reduced_visual_availability"", ""mixed_attention""]",focused_attention,0.84,"[""visible_ratio=0.980"", ""gaze_shift_ratio=0.020"", ""occlusion_ratio=0.000"", ""eyes_closed_ratio=0.000"", ""mean_gaze_motion=10.65"", ""attention_stability_score=0.884"", ""max_visible_streak=211"", ""segments=9"", ""interactions=10""]","[""Interpretation is limited to annotation-derived behavior and not video context.""]",2026-04-06T15:39:30+00:00,childplay-behavior-v1,visible_ratio=0.980; gaze_shift_ratio=0.020; occlusion_ratio=0.000; eyes_closed_ratio=0.000; mean_gaze_motion=10.65; attention_stability_score=0.884; dominant_gaze_class=inside_visible; observed_frames=349
jT5WV_7EJr8_1675-1917:person_2,jT5WV_7EJr8_1675-1917,rule-based,rule-based,train,"Child gaze behavior summary. split=train, observed_frames=243, visible_ratio=1.000, on_screen_ratio=1.000, gaze_shift_ratio=0.000, occlusion_ratio=0.000, eyes_closed_ratio=0.000, mean_head_motion=1.19, mean_gaze_motion=10.16, attention_stability_score=0.995, dominant_gaze_class=inside_visible, num_segments=15, num_interactions=16, segment_types=['stable', 'shift', 'stable', 'shift', 'stable', 'shift', 'stable', 'shift'], interaction_events=['monitoring', 'attention_shift', 'monitoring', 'attention_shift', 'monitoring', 'attention_shift', 'focused_attention', 'attention_shift'].",,"[""focused_attention"", ""exploratory_attention"", ""occluded_attention"", ""reduced_visual_availability"", ""mixed_attention""]",focused_attention,0.84,"[""visible_ratio=1.000"", ""gaze_shift_ratio=0.000"", ""occlusion_ratio=0.000"", ""eyes_closed_ratio=0.000"", ""mean_gaze_motion=10.16"", ""attention_stability_score=0.995"", ""max_visible_streak=243"", ""segments=15"", ""interactions=16""]","[""Interpretation is limited to annotation-derived behavior and not video context.""]",2026-04-06T15:39:30+00:00,childplay-behavior-v1,visible_ratio=1.000; gaze_shift_ratio=0.000; occlusion_ratio=0.000; eyes_closed_ratio=0.000; mean_gaze_motion=10.16; attention_stability_score=0.995; dominant_gaze_class=inside_visible; observed_frames=243
jT5WV_7EJr8_1927-2421:person_2,jT5WV_7EJr8_1927-2421,rule-based,rule-based,train,"Child gaze behavior summary. split=train, observed_frames=495, visible_ratio=0.903, on_screen_ratio=0.945, gaze_shift_ratio=0.055, occlusion_ratio=0.042, eyes_closed_ratio=0.000, mean_head_motion=2.53, mean_gaze_motion=7.51, attention_stability_score=0.856, dominant_gaze_class=inside_visible, num_segments=19, num_interactions=20, segment_types=['stable', 'shift', 'stable', 'occluded', 'stable', 'occluded', 'stable', 'shift'], interaction_events=['monitoring', 'attention_shift', 'monitoring', 'reduced_visual_availability', 'focused_attention', 'reduced_visual_availability', 'focused_attention', 'attention_shift'].",,"[""focused_attention"", ""exploratory_attention"", ""occluded_attention"", ""reduced_visual_availability"", ""mixed_attention""]",focused_attention,0.84,"[""visible_ratio=0.903"", ""gaze_shift_ratio=0.055"", ""occlusion_ratio=0.042"", ""eyes_closed_ratio=0.000"", ""mean_gaze_motion=7.51"", ""attention_stability_score=0.856"", ""max_visible_streak=319"", ""segments=19"", ""interactions=20""]","[""Interpretation is limited to annotation-derived behavior and not video context.""]",2026-04-06T15:39:30+00:00,childplay-behavior-v1,visible_ratio=0.903; gaze_shift_ratio=0.055; occlusion_ratio=0.042; eyes_closed_ratio=0.000; mean_gaze_motion=7.51; attention_stability_score=0.856; dominant_gaze_class=inside_visible; observed_frames=495
jT5WV_7EJr8_1927-2421:person_3,jT5WV_7EJr8_1927-2421,rule-based,rule-based,train,"Child gaze behavior summary. split=train, observed_frames=495, visible_ratio=0.869, on_screen_ratio=0.943, gaze_shift_ratio=0.057, occlusion_ratio=0.075, eyes_closed_ratio=0.000, mean_head_motion=0.37, mean_gaze_motion=6.48, attention_stability_score=0.809, dominant_gaze_class=inside_visible, num_segments=16, num_interactions=17, segment_types=['stable', 'shift', 'stable', 'occluded', 'stable', 'occluded', 'stable', 'occluded'], interaction_events=['monitoring', 'attention_shift', 'focused_attention', 'reduced_visual_availability', 'focused_attention', 'reduced_visual_availability', 'monitoring', 'reduced_visual_availability'].",,"[""focused_attention"", ""exploratory_attention"", ""occluded_attention"", ""reduced_visual_availability"", ""mixed_attention""]",focused_attention,0.84,"[""visible_ratio=0.869"", ""gaze_shift_ratio=0.057"", ""occlusion_ratio=0.075"", ""eyes_closed_ratio=0.000"", ""mean_gaze_motion=6.48"", ""attention_stability_score=0.809"", ""max_visible_streak=258"", ""segments=16"", ""interactions=17""]","[""Interpretation is limited to annotation-derived behavior and not video context.""]",2026-04-06T15:39:30+00:00,childplay-behavior-v1,visible_ratio=0.869; gaze_shift_ratio=0.057; occlusion_ratio=0.075; eyes_closed_ratio=0.000; mean_gaze_motion=6.48; attention_stability_score=0.809; dominant_gaze_class=inside_visible; observed_frames=495
jT5WV_7EJr8_3748-4057:person_2,jT5WV_7EJr8_3748-4057,rule-based,rule-based,train,"Child gaze behavior summary. split=train, observed_frames=310, visible_ratio=1.000, on_screen_ratio=1.000, gaze_shift_ratio=0.000, occlusion_ratio=0.000, eyes_closed_ratio=0.000, mean_head_motion=0.42, mean_gaze_motion=5.63, attention_stability_score=0.997, dominant_gaze_class=inside_visible, num_segments=7, num_interactions=8, segment_types=['stable', 'shift', 'stable', 'shift', 'stable', 'shift', 'stable'], interaction_events=['monitoring', 'attention_shift', 'monitoring', 'attention_shift', 'focused_attention', 'attention_shift', 'monitoring', 'exploratory_behavior'].",,"[""focused_attention"", ""exploratory_attention"", ""occluded_attention"", ""reduced_visual_availability"", ""mixed_attention""]",focused_attention,0.84,"[""visible_ratio=1.000"", ""gaze_shift_ratio=0.000"", ""occlusion_ratio=0.000"", ""eyes_closed_ratio=0.000"", ""mean_gaze_motion=5.63"", ""attention_stability_score=0.997"", ""max_visible_streak=310"", ""segments=7"", ""interactions=8""]","[""Interpretation is limited to annotation-derived behavior and not video context.""]",2026-04-06T15:39:30+00:00,childplay-behavior-v1,visible_ratio=1.000; gaze_shift_ratio=0.000; occlusion_ratio=0.000; eyes_closed_ratio=0.000; mean_gaze_motion=5.63; attention_stability_score=0.997; dominant_gaze_class=inside_visible; observed_frames=310
jT5WV_7EJr8_3748-4057:person_3,jT5WV_7EJr8_3748-4057,rule-based,rule-based,train,"Child gaze behavior summary. split=train, observed_frames=310, visible_ratio=1.000, on_screen_ratio=1.000, gaze_shift_ratio=0.000, occlusion_ratio=0.000, eyes_closed_ratio=0.000, mean_head_motion=1.53, mean_gaze_motion=6.44, attention_stability_score=0.997, dominant_gaze_class=inside_visible, num_segments=11, num_interactions=12, segment_types=['stable', 'shift', 'stable', 'shift', 'stable', 'shift', 'stable', 'shift'], interaction_events=['monitoring', 'attention_shift', 'focused_attention', 'attention_shift', 'focused_attention', 'attention_shift', 'monitoring', 'attention_shift'].",,"[""focused_attention"", ""exploratory_attention"", ""occluded_attention"", ""reduced_visual_availability"", ""mixed_attention""]",focused_attention,0.84,"[""visible_ratio=1.000"", ""gaze_shift_ratio=0.000"", ""occlusion_ratio=0.000"", ""eyes_closed_ratio=0.000"", ""mean_gaze_motion=6.44"", ""attention_stability_score=0.997"", ""max_visible_streak=310"", ""segments=11"", ""interactions=12""]","[""Interpretation is limited to annotation-derived behavior and not video context.""]",2026-04-06T15:39:30+00:00,childplay-behavior-v1,visible_ratio=1.000; gaze_shift_ratio=0.000; occlusion_ratio=0.000; eyes_closed_ratio=0.000; mean_gaze_motion=6.44; attention_stability_score=0.997; dominant_gaze_class=inside_visible; observed_frames=310
jisAfi381WM_2314-2872:person_1,jisAfi381WM_2314-2872,rule-based,rule-based,train,"Child gaze behavior summary. split=train, observed_frames=559, visible_ratio=0.725, on_screen_ratio=0.725, gaze_shift_ratio=0.134, occlusion_ratio=0.000, eyes_closed_ratio=0.000, mean_head_motion=6.53, mean_gaze_motion=22.08, attention_stability_score=0.668, dominant_gaze_class=inside_visible, num_segments=26, num_interactions=27, segment_types=['stable', 'shift', 'outside', 'shift', 'stable', 'shift', 'stable', 'shift'], interaction_events=['monitoring', 'attention_shift', 'reduced_visual_availability', 'attention_shift', 'monitoring', 'attention_shift', 'monitoring', 'attention_shift'].",,"[""focused_attention"", ""exploratory_attention"", ""occluded_attention"", ""reduced_visual_availability"", ""mixed_attention""]",mixed_attention,0.68,"[""visible_ratio=0.725"", ""gaze_shift_ratio=0.134"", ""occlusion_ratio=0.000"", ""eyes_closed_ratio=0.000"", ""mean_gaze_motion=22.08"", ""attention_stability_score=0.668"", ""max_visible_streak=163"", ""segments=26"", ""interactions=27""]","[""Interpretation is limited to annotation-derived behavior and not video context.""]",2026-04-06T15:39:30+00:00,childplay-behavior-v1,visible_ratio=0.725; gaze_shift_ratio=0.134; occlusion_ratio=0.000; eyes_closed_ratio=0.000; mean_gaze_motion=22.08; attention_stability_score=0.668; dominant_gaze_class=inside_visible; observed_frames=559
jisAfi381WM_5329-5481:person_1,jisAfi381WM_5329-5481,rule-based,rule-based,train,"Child gaze behavior summary. split=train, observed_frames=153, visible_ratio=0.935, on_screen_ratio=0.935, gaze_shift_ratio=0.033, occlusion_ratio=0.000, eyes_closed_ratio=0.000, mean_head_motion=5.81, mean_gaze_motion=4.59, attention_stability_score=0.947, dominant_gaze_class=inside_visible, num_segments=5, num_interactions=5, segment_types=['stable', 'shift', 'stable', 'shift', 'outside'], interaction_events=['focused_attention', 'attention_shift', 'focused_attention', 'attention_shift', 'reduced_visual_availability'].",,"[""focused_attention"", ""exploratory_attention"", ""occluded_attention"", ""reduced_visual_availability"", ""mixed_attention""]",focused_attention,0.84,"[""visible_ratio=0.935"", ""gaze_shift_ratio=0.033"", ""occlusion_ratio=0.000"", ""eyes_closed_ratio=0.000"", ""mean_gaze_motion=4.59"", ""attention_stability_score=0.947"", ""max_visible_streak=143"", ""segments=5"", ""interactions=5""]","[""Interpretation is limited to annotation-derived behavior and not video context.""]",2026-04-06T15:39:30+00:00,childplay-behavior-v1,visible_ratio=0.935; gaze_shift_ratio=0.033; occlusion_ratio=0.000; eyes_closed_ratio=0.000; mean_gaze_motion=4.59; attention_stability_score=0.947; dominant_gaze_class=inside_visible; observed_frames=153
jisAfi381WM_940-1443:person_1,jisAfi381WM_940-1443,rule-based,rule-based,train,"Child gaze behavior summary. split=train, observed_frames=504, visible_ratio=0.639, on_screen_ratio=0.681, gaze_shift_ratio=0.040, occlusion_ratio=0.042, eyes_closed_ratio=0.000, mean_head_motion=2.97, mean_gaze_motion=12.62, attention_stability_score=0.621, dominant_gaze_class=inside_visible, num_segments=25, num_interactions=26, segment_types=['stable', 'outside', 'stable', 'shift', 'outside', 'shift', 'stable', 'outside'], interaction_events=['focused_attention', 'reduced_visual_availability', 'monitoring', 'attention_shift', 'reduced_visual_availability', 'attention_shift', 'monitoring', 'reduced_visual_availability'].",,"[""focused_attention"", ""exploratory_attention"", ""occluded_attention"", ""reduced_visual_availability"", ""mixed_attention""]",mixed_attention,0.68,"[""visible_ratio=0.639"", ""gaze_shift_ratio=0.040"", ""occlusion_ratio=0.042"", ""eyes_closed_ratio=0.000"", ""mean_gaze_motion=12.62"", ""attention_stability_score=0.621"", ""max_visible_streak=92"", ""segments=25"", ""interactions=26""]","[""Interpretation is limited to annotation-derived behavior and not video context.""]",2026-04-06T15:39:30+00:00,childplay-behavior-v1,visible_ratio=0.639; gaze_shift_ratio=0.040; occlusion_ratio=0.042; eyes_closed_ratio=0.000; mean_gaze_motion=12.62; attention_stability_score=0.621; dominant_gaze_class=inside_visible; observed_frames=504
js4wxP9HxG0_3496-3539:person_1,js4wxP9HxG0_3496-3539,rule-based,rule-based,train,"Child gaze behavior summary. split=train, observed_frames=44, visible_ratio=1.000, on_screen_ratio=1.000, gaze_shift_ratio=0.000, occlusion_ratio=0.000, eyes_closed_ratio=0.000, mean_head_motion=1.99, mean_gaze_motion=28.70, attention_stability_score=0.986, dominant_gaze_class=inside_visible, num_segments=5, num_interactions=5, segment_types=['stable', 'shift', 'stable', 'shift', 'stable'], interaction_events=['monitoring', 'attention_shift', 'monitoring', 'attention_shift', 'monitoring'].",,"[""focused_attention"", ""exploratory_attention"", ""occluded_attention"", ""reduced_visual_availability"", ""mixed_attention""]",focused_attention,0.84,"[""visible_ratio=1.000"", ""gaze_shift_ratio=0.000"", ""occlusion_ratio=0.000"", ""eyes_closed_ratio=0.000"", ""mean_gaze_motion=28.70"", ""attention_stability_score=0.986"", ""max_visible_streak=44"", ""segments=5"", ""interactions=5""]","[""Short clips provide less temporal evidence than longer sequences.""]",2026-04-06T15:39:30+00:00,childplay-behavior-v1,visible_ratio=1.000; gaze_shift_ratio=0.000; occlusion_ratio=0.000; eyes_closed_ratio=0.000; mean_gaze_motion=28.70; attention_stability_score=0.986; dominant_gaze_class=inside_visible; observed_frames=44
js4wxP9HxG0_3589-3760:person_1,js4wxP9HxG0_3589-3760,rule-based,rule-based,train,"Child gaze behavior summary. split=train, observed_frames=172, visible_ratio=0.884, on_screen_ratio=1.000, gaze_shift_ratio=0.000, occlusion_ratio=0.116, eyes_closed_ratio=0.000, mean_head_motion=2.59, mean_gaze_motion=14.38, attention_stability_score=0.891, dominant_gaze_class=inside_visible, num_segments=16, num_interactions=17, segment_types=['stable', 'occluded', 'stable', 'shift', 'stable', 'shift', 'stable', 'shift'], interaction_events=['monitoring', 'reduced_visual_availability', 'monitoring', 'attention_shift', 'focused_attention', 'attention_shift', 'monitoring', 'attention_shift'].",,"[""focused_attention"", ""exploratory_attention"", ""occluded_attention"", ""reduced_visual_availability"", ""mixed_attention""]",focused_attention,0.84,"[""visible_ratio=0.884"", ""gaze_shift_ratio=0.000"", ""occlusion_ratio=0.116"", ""eyes_closed_ratio=0.000"", ""mean_gaze_motion=14.38"", ""attention_stability_score=0.891"", ""max_visible_streak=138"", ""segments=16"", ""interactions=17""]","[""Interpretation is limited to annotation-derived behavior and not video context.""]",2026-04-06T15:39:30+00:00,childplay-behavior-v1,visible_ratio=0.884; gaze_shift_ratio=0.000; occlusion_ratio=0.116; eyes_closed_ratio=0.000; mean_gaze_motion=14.38; attention_stability_score=0.891; dominant_gaze_class=inside_visible; observed_frames=172
lEeraAOgcKc_1509-1714:person_2,lEeraAOgcKc_1509-1714,rule-based,rule-based,train,"Child gaze behavior summary. split=train, observed_frames=206, visible_ratio=0.956, on_screen_ratio=0.956, gaze_shift_ratio=0.044, occlusion_ratio=0.000, eyes_closed_ratio=0.000, mean_head_motion=2.22, mean_gaze_motion=15.68, attention_stability_score=0.904, dominant_gaze_class=inside_visible, num_segments=14, num_interactions=15, segment_types=['stable', 'shift', 'stable', 'shift', 'stable', 'shift', 'stable', 'shift'], interaction_events=['monitoring', 'attention_shift', 'monitoring', 'attention_shift', 'focused_attention', 'attention_shift', 'monitoring', 'attention_shift'].",,"[""focused_attention"", ""exploratory_attention"", ""occluded_attention"", ""reduced_visual_availability"", ""mixed_attention""]",focused_attention,0.84,"[""visible_ratio=0.956"", ""gaze_shift_ratio=0.044"", ""occlusion_ratio=0.000"", ""eyes_closed_ratio=0.000"", ""mean_gaze_motion=15.68"", ""attention_stability_score=0.904"", ""max_visible_streak=155"", ""segments=14"", ""interactions=15""]","[""Interpretation is limited to annotation-derived behavior and not video context.""]",2026-04-06T15:39:30+00:00,childplay-behavior-v1,visible_ratio=0.956; gaze_shift_ratio=0.044; occlusion_ratio=0.000; eyes_closed_ratio=0.000; mean_gaze_motion=15.68; attention_stability_score=0.904; dominant_gaze_class=inside_visible; observed_frames=206
lEeraAOgcKc_1509-1714:person_3,lEeraAOgcKc_1509-1714,rule-based,rule-based,train,"Child gaze behavior summary. split=train, observed_frames=193, visible_ratio=0.933, on_screen_ratio=0.933, gaze_shift_ratio=0.000, occlusion_ratio=0.000, eyes_closed_ratio=0.000, mean_head_motion=4.63, mean_gaze_motion=13.58, attention_stability_score=0.946, dominant_gaze_class=inside_visible, num_segments=16, num_interactions=17, segment_types=['stable', 'shift', 'stable', 'shift', 'stable', 'shift', 'stable', 'shift'], interaction_events=['monitoring', 'attention_shift', 'focused_attention', 'attention_shift', 'focused_attention', 'attention_shift', 'monitoring', 'attention_shift'].",,"[""focused_attention"", ""exploratory_attention"", ""occluded_attention"", ""reduced_visual_availability"", ""mixed_attention""]",focused_attention,0.84,"[""visible_ratio=0.933"", ""gaze_shift_ratio=0.000"", ""occlusion_ratio=0.000"", ""eyes_closed_ratio=0.000"", ""mean_gaze_motion=13.58"", ""attention_stability_score=0.946"", ""max_visible_streak=180"", ""segments=16"", ""interactions=17""]","[""Interpretation is limited to annotation-derived behavior and not video context.""]",2026-04-06T15:39:30+00:00,childplay-behavior-v1,visible_ratio=0.933; gaze_shift_ratio=0.000; occlusion_ratio=0.000; eyes_closed_ratio=0.000; mean_gaze_motion=13.58; attention_stability_score=0.946; dominant_gaze_class=inside_visible; observed_frames=193
lEeraAOgcKc_450-619:person_2,lEeraAOgcKc_450-619,rule-based,rule-based,train,"Child gaze behavior summary. split=train, observed_frames=170, visible_ratio=0.771, on_screen_ratio=0.771, gaze_shift_ratio=0.100, occlusion_ratio=0.000, eyes_closed_ratio=0.000, mean_head_motion=1.76, mean_gaze_motion=9.46, attention_stability_score=0.687, dominant_gaze_class=inside_visible, num_segments=9, num_interactions=10, segment_types=['stable', 'shift', 'stable', 'shift', 'stable', 'outside', 'stable', 'shift'], interaction_events=['focused_attention', 'attention_shift', 'focused_attention', 'attention_shift', 'focused_attention', 'reduced_visual_availability', 'focused_attention', 'attention_shift'].",,"[""focused_attention"", ""exploratory_attention"", ""occluded_attention"", ""reduced_visual_availability"", ""mixed_attention""]",focused_attention,0.84,"[""visible_ratio=0.771"", ""gaze_shift_ratio=0.100"", ""occlusion_ratio=0.000"", ""eyes_closed_ratio=0.000"", ""mean_gaze_motion=9.46"", ""attention_stability_score=0.687"", ""max_visible_streak=41"", ""segments=9"", ""interactions=10""]","[""Interpretation is limited to annotation-derived behavior and not video context.""]",2026-04-06T15:39:30+00:00,childplay-behavior-v1,visible_ratio=0.771; gaze_shift_ratio=0.100; occlusion_ratio=0.000; eyes_closed_ratio=0.000; mean_gaze_motion=9.46; attention_stability_score=0.687; dominant_gaze_class=inside_visible; observed_frames=170
lEeraAOgcKc_450-619:person_3,lEeraAOgcKc_450-619,rule-based,rule-based,train,"Child gaze behavior summary. split=train, observed_frames=170, visible_ratio=0.712, on_screen_ratio=0.876, gaze_shift_ratio=0.124, occlusion_ratio=0.165, eyes_closed_ratio=0.000, mean_head_motion=1.89, mean_gaze_motion=5.96, attention_stability_score=0.722, dominant_gaze_class=inside_visible, num_segments=9, num_interactions=10, segment_types=['stable', 'occluded', 'shift', 'stable', 'shift', 'stable', 'shift', 'stable'], interaction_events=['monitoring', 'reduced_visual_availability', 'attention_shift', 'focused_attention', 'attention_shift', 'focused_attention', 'attention_shift', 'focused_attention'].",,"[""focused_attention"", ""exploratory_attention"", ""occluded_attention"", ""reduced_visual_availability"", ""mixed_attention""]",mixed_attention,0.68,"[""visible_ratio=0.712"", ""gaze_shift_ratio=0.124"", ""occlusion_ratio=0.165"", ""eyes_closed_ratio=0.000"", ""mean_gaze_motion=5.96"", ""attention_stability_score=0.722"", ""max_visible_streak=84"", ""segments=9"", ""interactions=10""]","[""Interpretation is limited to annotation-derived behavior and not video context.""]",2026-04-06T15:39:30+00:00,childplay-behavior-v1,visible_ratio=0.712; gaze_shift_ratio=0.124; occlusion_ratio=0.165; eyes_closed_ratio=0.000; mean_gaze_motion=5.96; attention_stability_score=0.722; dominant_gaze_class=inside_visible; observed_frames=170
lEeraAOgcKc_693-782:person_2,lEeraAOgcKc_693-782,rule-based,rule-based,train,"Child gaze behavior summary. split=train, observed_frames=72, visible_ratio=0.931, on_screen_ratio=1.000, gaze_shift_ratio=0.000, occlusion_ratio=0.069, eyes_closed_ratio=0.000, mean_head_motion=2.65, mean_gaze_motion=3.32, attention_stability_score=0.950, dominant_gaze_class=inside_visible, num_segments=2, num_interactions=2, segment_types=['occluded', 'stable'], interaction_events=['reduced_visual_availability', 'focused_attention'].",,"[""focused_attention"", ""exploratory_attention"", ""occluded_attention"", ""reduced_visual_availability"", ""mixed_attention""]",focused_attention,0.84,"[""visible_ratio=0.931"", ""gaze_shift_ratio=0.000"", ""occlusion_ratio=0.069"", ""eyes_closed_ratio=0.000"", ""mean_gaze_motion=3.32"", ""attention_stability_score=0.950"", ""max_visible_streak=67"", ""segments=2"", ""interactions=2""]","[""Interpretation is limited to annotation-derived behavior and not video context.""]",2026-04-06T15:39:30+00:00,childplay-behavior-v1,visible_ratio=0.931; gaze_shift_ratio=0.000; occlusion_ratio=0.069; eyes_closed_ratio=0.000; mean_gaze_motion=3.32; attention_stability_score=0.950; dominant_gaze_class=inside_visible; observed_frames=72
lEeraAOgcKc_693-782:person_3,lEeraAOgcKc_693-782,rule-based,rule-based,train,"Child gaze behavior summary. split=train, observed_frames=90, visible_ratio=0.456, on_screen_ratio=0.900, gaze_shift_ratio=0.100, occlusion_ratio=0.444, eyes_closed_ratio=0.000, mean_head_motion=3.19, mean_gaze_motion=5.42, attention_stability_score=0.601, dominant_gaze_class=inside_visible, num_segments=5, num_interactions=5, segment_types=['occluded', 'shift', 'stable', 'shift', 'occluded'], interaction_events=['reduced_visual_availability', 'attention_shift', 'focused_attention', 'attention_shift', 'reduced_visual_availability'].",,"[""focused_attention"", ""exploratory_attention"", ""occluded_attention"", ""reduced_visual_availability"", ""mixed_attention""]",occluded_attention,0.74,"[""visible_ratio=0.456"", ""gaze_shift_ratio=0.100"", ""occlusion_ratio=0.444"", ""eyes_closed_ratio=0.000"", ""mean_gaze_motion=5.42"", ""attention_stability_score=0.601"", ""max_visible_streak=41"", ""segments=5"", ""interactions=5""]","[""Interpretation is partially limited by occluded or uncertain gaze frames.""]",2026-04-06T15:39:30+00:00,childplay-behavior-v1,visible_ratio=0.456; gaze_shift_ratio=0.100; occlusion_ratio=0.444; eyes_closed_ratio=0.000; mean_gaze_motion=5.42; attention_stability_score=0.601; dominant_gaze_class=inside_visible; observed_frames=90
lEeraAOgcKc_836-986:person_1,lEeraAOgcKc_836-986,rule-based,rule-based,train,"Child gaze behavior summary. split=train, observed_frames=151, visible_ratio=1.000, on_screen_ratio=1.000, gaze_shift_ratio=0.000, occlusion_ratio=0.000, eyes_closed_ratio=0.000, mean_head_motion=2.97, mean_gaze_motion=5.95, attention_stability_score=0.997, dominant_gaze_class=inside_visible, num_segments=5, num_interactions=5, segment_types=['stable', 'shift', 'stable', 'shift', 'stable'], interaction_events=['focused_attention', 'attention_shift', 'monitoring', 'attention_shift', 'monitoring'].",,"[""focused_attention"", ""exploratory_attention"", ""occluded_attention"", ""reduced_visual_availability"", ""mixed_attention""]",focused_attention,0.84,"[""visible_ratio=1.000"", ""gaze_shift_ratio=0.000"", ""occlusion_ratio=0.000"", ""eyes_closed_ratio=0.000"", ""mean_gaze_motion=5.95"", ""attention_stability_score=0.997"", ""max_visible_streak=151"", ""segments=5"", ""interactions=5""]","[""Interpretation is limited to annotation-derived behavior and not video context.""]",2026-04-06T15:39:30+00:00,childplay-behavior-v1,visible_ratio=1.000; gaze_shift_ratio=0.000; occlusion_ratio=0.000; eyes_closed_ratio=0.000; mean_gaze_motion=5.95; attention_stability_score=0.997; dominant_gaze_class=inside_visible; observed_frames=151
lEeraAOgcKc_836-986:person_3,lEeraAOgcKc_836-986,rule-based,rule-based,train,"Child gaze behavior summary. split=train, observed_frames=151, visible_ratio=0.318, on_screen_ratio=1.000, gaze_shift_ratio=0.000, occlusion_ratio=0.682, eyes_closed_ratio=0.000, mean_head_motion=0.92, mean_gaze_motion=0.85, attention_stability_score=0.522, dominant_gaze_class=inside_occluded, num_segments=2, num_interactions=2, segment_types=['stable', 'occluded'], interaction_events=['focused_attention', 'reduced_visual_availability'].",,"[""focused_attention"", ""exploratory_attention"", ""occluded_attention"", ""reduced_visual_availability"", ""mixed_attention""]",occluded_attention,0.74,"[""visible_ratio=0.318"", ""gaze_shift_ratio=0.000"", ""occlusion_ratio=0.682"", ""eyes_closed_ratio=0.000"", ""mean_gaze_motion=0.85"", ""attention_stability_score=0.522"", ""max_visible_streak=48"", ""segments=2"", ""interactions=2""]","[""Interpretation is partially limited by occluded or uncertain gaze frames.""]",2026-04-06T15:39:30+00:00,childplay-behavior-v1,visible_ratio=0.318; gaze_shift_ratio=0.000; occlusion_ratio=0.682; eyes_closed_ratio=0.000; mean_gaze_motion=0.85; attention_stability_score=0.522; dominant_gaze_class=inside_occluded; observed_frames=151
ljahBVDaBNE_10818-10882:person_2,ljahBVDaBNE_10818-10882,rule-based,rule-based,train,"Child gaze behavior summary. split=train, observed_frames=65, visible_ratio=0.769, on_screen_ratio=0.769, gaze_shift_ratio=0.231, occlusion_ratio=0.000, eyes_closed_ratio=0.000, mean_head_motion=0.44, mean_gaze_motion=18.21, attention_stability_score=0.706, dominant_gaze_class=inside_visible, num_segments=5, num_interactions=5, segment_types=['stable', 'shift', 'stable', 'shift', 'stable'], interaction_events=['monitoring', 'attention_shift', 'monitoring', 'attention_shift', 'monitoring'].",,"[""focused_attention"", ""exploratory_attention"", ""occluded_attention"", ""reduced_visual_availability"", ""mixed_attention""]",exploratory_attention,0.8,"[""visible_ratio=0.769"", ""gaze_shift_ratio=0.231"", ""occlusion_ratio=0.000"", ""eyes_closed_ratio=0.000"", ""mean_gaze_motion=18.21"", ""attention_stability_score=0.706"", ""max_visible_streak=27"", ""segments=5"", ""interactions=5""]","[""Interpretation is limited to annotation-derived behavior and not video context.""]",2026-04-06T15:39:30+00:00,childplay-behavior-v1,visible_ratio=0.769; gaze_shift_ratio=0.231; occlusion_ratio=0.000; eyes_closed_ratio=0.000; mean_gaze_motion=18.21; attention_stability_score=0.706; dominant_gaze_class=inside_visible; observed_frames=65
ljahBVDaBNE_14837-14979:person_2,ljahBVDaBNE_14837-14979,rule-based,rule-based,train,"Child gaze behavior summary. split=train, observed_frames=143, visible_ratio=0.916, on_screen_ratio=0.916, gaze_shift_ratio=0.084, occlusion_ratio=0.000, eyes_closed_ratio=0.000, mean_head_motion=5.73, mean_gaze_motion=20.77, attention_stability_score=0.806, dominant_gaze_class=inside_visible, num_segments=5, num_interactions=5, segment_types=['stable', 'shift', 'stable', 'shift', 'stable'], interaction_events=['monitoring', 'attention_shift', 'focused_attention', 'attention_shift', 'focused_attention'].",,"[""focused_attention"", ""exploratory_attention"", ""occluded_attention"", ""reduced_visual_availability"", ""mixed_attention""]",focused_attention,0.84,"[""visible_ratio=0.916"", ""gaze_shift_ratio=0.084"", ""occlusion_ratio=0.000"", ""eyes_closed_ratio=0.000"", ""mean_gaze_motion=20.77"", ""attention_stability_score=0.806"", ""max_visible_streak=67"", ""segments=5"", ""interactions=5""]","[""Interpretation is limited to annotation-derived behavior and not video context.""]",2026-04-06T15:39:30+00:00,childplay-behavior-v1,visible_ratio=0.916; gaze_shift_ratio=0.084; occlusion_ratio=0.000; eyes_closed_ratio=0.000; mean_gaze_motion=20.77; attention_stability_score=0.806; dominant_gaze_class=inside_visible; observed_frames=143
ljahBVDaBNE_14837-14979:person_3,ljahBVDaBNE_14837-14979,rule-based,rule-based,train,"Child gaze behavior summary. split=train, observed_frames=143, visible_ratio=0.818, on_screen_ratio=0.818, gaze_shift_ratio=0.182, occlusion_ratio=0.000, eyes_closed_ratio=0.000, mean_head_motion=0.81, mean_gaze_motion=13.72, attention_stability_score=0.697, dominant_gaze_class=inside_visible, num_segments=7, num_interactions=8, segment_types=['stable', 'shift', 'stable', 'shift', 'stable', 'shift', 'stable'], interaction_events=['monitoring', 'attention_shift', 'focused_attention', 'attention_shift', 'focused_attention', 'attention_shift', 'monitoring', 'exploratory_behavior'].",,"[""focused_attention"", ""exploratory_attention"", ""occluded_attention"", ""reduced_visual_availability"", ""mixed_attention""]",mixed_attention,0.68,"[""visible_ratio=0.818"", ""gaze_shift_ratio=0.182"", ""occlusion_ratio=0.000"", ""eyes_closed_ratio=0.000"", ""mean_gaze_motion=13.72"", ""attention_stability_score=0.697"", ""max_visible_streak=36"", ""segments=7"", ""interactions=8""]","[""Interpretation is limited to annotation-derived behavior and not video context.""]",2026-04-06T15:39:30+00:00,childplay-behavior-v1,visible_ratio=0.818; gaze_shift_ratio=0.182; occlusion_ratio=0.000; eyes_closed_ratio=0.000; mean_gaze_motion=13.72; attention_stability_score=0.697; dominant_gaze_class=inside_visible; observed_frames=143
ljahBVDaBNE_15103-15857:person_2,ljahBVDaBNE_15103-15857,rule-based,rule-based,train,"Child gaze behavior summary. split=train, observed_frames=755, visible_ratio=0.958, on_screen_ratio=0.980, gaze_shift_ratio=0.004, occlusion_ratio=0.023, eyes_closed_ratio=0.000, mean_head_motion=2.25, mean_gaze_motion=17.61, attention_stability_score=0.806, dominant_gaze_class=inside_visible, num_segments=65, num_interactions=66, segment_types=['stable', 'shift', 'stable', 'shift', 'stable', 'shift', 'stable', 'shift'], interaction_events=['monitoring', 'attention_shift', 'monitoring', 'attention_shift', 'monitoring', 'attention_shift', 'monitoring', 'attention_shift'].",,"[""focused_attention"", ""exploratory_attention"", ""occluded_attention"", ""reduced_visual_availability"", ""mixed_attention""]",focused_attention,0.84,"[""visible_ratio=0.958"", ""gaze_shift_ratio=0.004"", ""occlusion_ratio=0.023"", ""eyes_closed_ratio=0.000"", ""mean_gaze_motion=17.61"", ""attention_stability_score=0.806"", ""max_visible_streak=254"", ""segments=65"", ""interactions=66""]","[""Interpretation is limited to annotation-derived behavior and not video context.""]",2026-04-06T15:39:30+00:00,childplay-behavior-v1,visible_ratio=0.958; gaze_shift_ratio=0.004; occlusion_ratio=0.023; eyes_closed_ratio=0.000; mean_gaze_motion=17.61; attention_stability_score=0.806; dominant_gaze_class=inside_visible; observed_frames=755
ljahBVDaBNE_15103-15857:person_3,ljahBVDaBNE_15103-15857,rule-based,rule-based,train,"Child gaze behavior summary. split=train, observed_frames=755, visible_ratio=0.890, on_screen_ratio=0.890, gaze_shift_ratio=0.004, occlusion_ratio=0.000, eyes_closed_ratio=0.000, mean_head_motion=1.02, mean_gaze_motion=11.85, attention_stability_score=0.815, dominant_gaze_class=inside_visible, num_segments=40, num_interactions=41, segment_types=['stable', 'shift', 'stable', 'outside', 'stable', 'shift', 'stable', 'shift'], interaction_events=['monitoring', 'attention_shift', 'focused_attention', 'reduced_visual_availability', 'monitoring', 'attention_shift', 'monitoring', 'attention_shift'].",,"[""focused_attention"", ""exploratory_attention"", ""occluded_attention"", ""reduced_visual_availability"", ""mixed_attention""]",focused_attention,0.84,"[""visible_ratio=0.890"", ""gaze_shift_ratio=0.004"", ""occlusion_ratio=0.000"", ""eyes_closed_ratio=0.000"", ""mean_gaze_motion=11.85"", ""attention_stability_score=0.815"", ""max_visible_streak=364"", ""segments=40"", ""interactions=41""]","[""Interpretation is limited to annotation-derived behavior and not video context.""]",2026-04-06T15:39:30+00:00,childplay-behavior-v1,visible_ratio=0.890; gaze_shift_ratio=0.004; occlusion_ratio=0.000; eyes_closed_ratio=0.000; mean_gaze_motion=11.85; attention_stability_score=0.815; dominant_gaze_class=inside_visible; observed_frames=755
ljahBVDaBNE_17263-17684:person_2,ljahBVDaBNE_17263-17684,rule-based,rule-based,train,"Child gaze behavior summary. split=train, observed_frames=422, visible_ratio=0.948, on_screen_ratio=0.969, gaze_shift_ratio=0.000, occlusion_ratio=0.021, eyes_closed_ratio=0.000, mean_head_motion=0.51, mean_gaze_motion=13.26, attention_stability_score=0.844, dominant_gaze_class=inside_visible, num_segments=21, num_interactions=22, segment_types=['stable', 'occluded', 'stable', 'shift', 'stable', 'shift', 'stable', 'shift'], interaction_events=['monitoring', 'reduced_visual_availability', 'focused_attention', 'attention_shift', 'monitoring', 'attention_shift', 'focused_attention', 'attention_shift'].",,"[""focused_attention"", ""exploratory_attention"", ""occluded_attention"", ""reduced_visual_availability"", ""mixed_attention""]",focused_attention,0.84,"[""visible_ratio=0.948"", ""gaze_shift_ratio=0.000"", ""occlusion_ratio=0.021"", ""eyes_closed_ratio=0.000"", ""mean_gaze_motion=13.26"", ""attention_stability_score=0.844"", ""max_visible_streak=210"", ""segments=21"", ""interactions=22""]","[""Interpretation is limited to annotation-derived behavior and not video context.""]",2026-04-06T15:39:30+00:00,childplay-behavior-v1,visible_ratio=0.948; gaze_shift_ratio=0.000; occlusion_ratio=0.021; eyes_closed_ratio=0.000; mean_gaze_motion=13.26; attention_stability_score=0.844; dominant_gaze_class=inside_visible; observed_frames=422
ljahBVDaBNE_17263-17684:person_3,ljahBVDaBNE_17263-17684,rule-based,rule-based,train,"Child gaze behavior summary. split=train, observed_frames=404, visible_ratio=0.728, on_screen_ratio=0.728, gaze_shift_ratio=0.045, occlusion_ratio=0.000, eyes_closed_ratio=0.000, mean_head_motion=1.06, mean_gaze_motion=11.04, attention_stability_score=0.700, dominant_gaze_class=inside_visible, num_segments=17, num_interactions=18, segment_types=['outside', 'shift', 'stable', 'shift', 'stable', 'shift', 'stable', 'shift'], interaction_events=['reduced_visual_availability', 'attention_shift', 'monitoring', 'attention_shift', 'focused_attention', 'attention_shift', 'monitoring', 'attention_shift'].",,"[""focused_attention"", ""exploratory_attention"", ""occluded_attention"", ""reduced_visual_availability"", ""mixed_attention""]",mixed_attention,0.68,"[""visible_ratio=0.728"", ""gaze_shift_ratio=0.045"", ""occlusion_ratio=0.000"", ""eyes_closed_ratio=0.000"", ""mean_gaze_motion=11.04"", ""attention_stability_score=0.700"", ""max_visible_streak=137"", ""segments=17"", ""interactions=18""]","[""Interpretation is limited to annotation-derived behavior and not video context.""]",2026-04-06T15:39:30+00:00,childplay-behavior-v1,visible_ratio=0.728; gaze_shift_ratio=0.045; occlusion_ratio=0.000; eyes_closed_ratio=0.000; mean_gaze_motion=11.04; attention_stability_score=0.700; dominant_gaze_class=inside_visible; observed_frames=404
ljahBVDaBNE_17800-17956:person_1,ljahBVDaBNE_17800-17956,rule-based,rule-based,train,"Child gaze behavior summary. split=train, observed_frames=152, visible_ratio=0.961, on_screen_ratio=0.961, gaze_shift_ratio=0.039, occlusion_ratio=0.000, eyes_closed_ratio=0.000, mean_head_motion=1.88, mean_gaze_motion=29.59, attention_stability_score=0.843, dominant_gaze_class=inside_visible, num_segments=18, num_interactions=19, segment_types=['stable', 'shift', 'stable', 'shift', 'stable', 'shift', 'stable', 'shift'], interaction_events=['monitoring', 'attention_shift', 'monitoring', 'attention_shift', 'monitoring', 'attention_shift', 'monitoring', 'attention_shift'].",,"[""focused_attention"", ""exploratory_attention"", ""occluded_attention"", ""reduced_visual_availability"", ""mixed_attention""]",focused_attention,0.84,"[""visible_ratio=0.961"", ""gaze_shift_ratio=0.039"", ""occlusion_ratio=0.000"", ""eyes_closed_ratio=0.000"", ""mean_gaze_motion=29.59"", ""attention_stability_score=0.843"", ""max_visible_streak=80"", ""segments=18"", ""interactions=19""]","[""Interpretation is limited to annotation-derived behavior and not video context.""]",2026-04-06T15:39:30+00:00,childplay-behavior-v1,visible_ratio=0.961; gaze_shift_ratio=0.039; occlusion_ratio=0.000; eyes_closed_ratio=0.000; mean_gaze_motion=29.59; attention_stability_score=0.843; dominant_gaze_class=inside_visible; observed_frames=152
ljahBVDaBNE_17800-17956:person_2,ljahBVDaBNE_17800-17956,rule-based,rule-based,train,"Child gaze behavior summary. split=train, observed_frames=157, visible_ratio=1.000, on_screen_ratio=1.000, gaze_shift_ratio=0.000, occlusion_ratio=0.000, eyes_closed_ratio=0.000, mean_head_motion=2.49, mean_gaze_motion=7.57, attention_stability_score=0.996, dominant_gaze_class=inside_visible, num_segments=1, num_interactions=1, segment_types=['stable'], interaction_events=['focused_attention'].",,"[""focused_attention"", ""exploratory_attention"", ""occluded_attention"", ""reduced_visual_availability"", ""mixed_attention""]",focused_attention,0.84,"[""visible_ratio=1.000"", ""gaze_shift_ratio=0.000"", ""occlusion_ratio=0.000"", ""eyes_closed_ratio=0.000"", ""mean_gaze_motion=7.57"", ""attention_stability_score=0.996"", ""max_visible_streak=157"", ""segments=1"", ""interactions=1""]","[""Interpretation is limited to annotation-derived behavior and not video context.""]",2026-04-06T15:39:30+00:00,childplay-behavior-v1,visible_ratio=1.000; gaze_shift_ratio=0.000; occlusion_ratio=0.000; eyes_closed_ratio=0.000; mean_gaze_motion=7.57; attention_stability_score=0.996; dominant_gaze_class=inside_visible; observed_frames=157
ljahBVDaBNE_17977-18466:person_2,ljahBVDaBNE_17977-18466,rule-based,rule-based,train,"Child gaze behavior summary. split=train, observed_frames=469, visible_ratio=0.928, on_screen_ratio=0.928, gaze_shift_ratio=0.060, occlusion_ratio=0.000, eyes_closed_ratio=0.000, mean_head_motion=1.35, mean_gaze_motion=14.11, attention_stability_score=0.772, dominant_gaze_class=inside_visible, num_segments=29, num_interactions=30, segment_types=['stable', 'shift', 'stable', 'shift', 'outside', 'shift', 'stable', 'shift'], interaction_events=['monitoring', 'attention_shift', 'focused_attention', 'attention_shift', 'reduced_visual_availability', 'attention_shift', 'monitoring', 'attention_shift'].",,"[""focused_attention"", ""exploratory_attention"", ""occluded_attention"", ""reduced_visual_availability"", ""mixed_attention""]",focused_attention,0.84,"[""visible_ratio=0.928"", ""gaze_shift_ratio=0.060"", ""occlusion_ratio=0.000"", ""eyes_closed_ratio=0.000"", ""mean_gaze_motion=14.11"", ""attention_stability_score=0.772"", ""max_visible_streak=133"", ""segments=29"", ""interactions=30""]","[""Interpretation is limited to annotation-derived behavior and not video context.""]",2026-04-06T15:39:30+00:00,childplay-behavior-v1,visible_ratio=0.928; gaze_shift_ratio=0.060; occlusion_ratio=0.000; eyes_closed_ratio=0.000; mean_gaze_motion=14.11; attention_stability_score=0.772; dominant_gaze_class=inside_visible; observed_frames=469
ljahBVDaBNE_17977-18466:person_3,ljahBVDaBNE_17977-18466,rule-based,rule-based,train,"Child gaze behavior summary. split=train, observed_frames=490, visible_ratio=0.733, on_screen_ratio=0.733, gaze_shift_ratio=0.016, occlusion_ratio=0.000, eyes_closed_ratio=0.000, mean_head_motion=0.64, mean_gaze_motion=15.72, attention_stability_score=0.724, dominant_gaze_class=inside_visible, num_segments=18, num_interactions=19, segment_types=['stable', 'shift', 'stable', 'outside', 'stable', 'shift', 'stable', 'shift'], interaction_events=['focused_attention', 'attention_shift', 'focused_attention', 'reduced_visual_availability', 'monitoring', 'attention_shift', 'monitoring', 'attention_shift'].",,"[""focused_attention"", ""exploratory_attention"", ""occluded_attention"", ""reduced_visual_availability"", ""mixed_attention""]",mixed_attention,0.68,"[""visible_ratio=0.733"", ""gaze_shift_ratio=0.016"", ""occlusion_ratio=0.000"", ""eyes_closed_ratio=0.000"", ""mean_gaze_motion=15.72"", ""attention_stability_score=0.724"", ""max_visible_streak=206"", ""segments=18"", ""interactions=19""]","[""Interpretation is limited to annotation-derived behavior and not video context.""]",2026-04-06T15:39:30+00:00,childplay-behavior-v1,visible_ratio=0.733; gaze_shift_ratio=0.016; occlusion_ratio=0.000; eyes_closed_ratio=0.000; mean_gaze_motion=15.72; attention_stability_score=0.724; dominant_gaze_class=inside_visible; observed_frames=490
ljahBVDaBNE_18525-19117:person_2,ljahBVDaBNE_18525-19117,rule-based,rule-based,train,"Child gaze behavior summary. split=train, observed_frames=593, visible_ratio=0.965, on_screen_ratio=0.965, gaze_shift_ratio=0.015, occlusion_ratio=0.000, eyes_closed_ratio=0.000, mean_head_motion=2.51, mean_gaze_motion=12.71, attention_stability_score=0.915, dominant_gaze_class=inside_visible, num_segments=29, num_interactions=30, segment_types=['stable', 'shift', 'stable', 'shift', 'stable', 'shift', 'stable', 'shift'], interaction_events=['monitoring', 'attention_shift', 'focused_attention', 'attention_shift', 'monitoring', 'attention_shift', 'monitoring', 'attention_shift'].",,"[""focused_attention"", ""exploratory_attention"", ""occluded_attention"", ""reduced_visual_availability"", ""mixed_attention""]",focused_attention,0.84,"[""visible_ratio=0.965"", ""gaze_shift_ratio=0.015"", ""occlusion_ratio=0.000"", ""eyes_closed_ratio=0.000"", ""mean_gaze_motion=12.71"", ""attention_stability_score=0.915"", ""max_visible_streak=450"", ""segments=29"", ""interactions=30""]","[""Interpretation is limited to annotation-derived behavior and not video context.""]",2026-04-06T15:39:30+00:00,childplay-behavior-v1,visible_ratio=0.965; gaze_shift_ratio=0.015; occlusion_ratio=0.000; eyes_closed_ratio=0.000; mean_gaze_motion=12.71; attention_stability_score=0.915; dominant_gaze_class=inside_visible; observed_frames=593
ljahBVDaBNE_18525-19117:person_3,ljahBVDaBNE_18525-19117,rule-based,rule-based,train,"Child gaze behavior summary. split=train, observed_frames=593, visible_ratio=0.927, on_screen_ratio=0.927, gaze_shift_ratio=0.000, occlusion_ratio=0.000, eyes_closed_ratio=0.000, mean_head_motion=1.23, mean_gaze_motion=16.21, attention_stability_score=0.941, dominant_gaze_class=inside_visible, num_segments=36, num_interactions=37, segment_types=['stable', 'shift', 'stable', 'shift', 'stable', 'shift', 'stable', 'shift'], interaction_events=['monitoring', 'attention_shift', 'monitoring', 'attention_shift', 'focused_attention', 'attention_shift', 'monitoring', 'attention_shift'].",,"[""focused_attention"", ""exploratory_attention"", ""occluded_attention"", ""reduced_visual_availability"", ""mixed_attention""]",focused_attention,0.84,"[""visible_ratio=0.927"", ""gaze_shift_ratio=0.000"", ""occlusion_ratio=0.000"", ""eyes_closed_ratio=0.000"", ""mean_gaze_motion=16.21"", ""attention_stability_score=0.941"", ""max_visible_streak=550"", ""segments=36"", ""interactions=37""]","[""Interpretation is limited to annotation-derived behavior and not video context.""]",2026-04-06T15:39:30+00:00,childplay-behavior-v1,visible_ratio=0.927; gaze_shift_ratio=0.000; occlusion_ratio=0.000; eyes_closed_ratio=0.000; mean_gaze_motion=16.21; attention_stability_score=0.941; dominant_gaze_class=inside_visible; observed_frames=593
ljahBVDaBNE_23894-24032:person_1,ljahBVDaBNE_23894-24032,rule-based,rule-based,train,"Child gaze behavior summary. split=train, observed_frames=139, visible_ratio=1.000, on_screen_ratio=1.000, gaze_shift_ratio=0.000, occlusion_ratio=0.000, eyes_closed_ratio=0.000, mean_head_motion=5.20, mean_gaze_motion=5.64, attention_stability_score=0.997, dominant_gaze_class=inside_visible, num_segments=3, num_interactions=3, segment_types=['stable', 'shift', 'stable'], interaction_events=['monitoring', 'attention_shift', 'focused_attention'].",,"[""focused_attention"", ""exploratory_attention"", ""occluded_attention"", ""reduced_visual_availability"", ""mixed_attention""]",focused_attention,0.84,"[""visible_ratio=1.000"", ""gaze_shift_ratio=0.000"", ""occlusion_ratio=0.000"", ""eyes_closed_ratio=0.000"", ""mean_gaze_motion=5.64"", ""attention_stability_score=0.997"", ""max_visible_streak=139"", ""segments=3"", ""interactions=3""]","[""Interpretation is limited to annotation-derived behavior and not video context.""]",2026-04-06T15:39:30+00:00,childplay-behavior-v1,visible_ratio=1.000; gaze_shift_ratio=0.000; occlusion_ratio=0.000; eyes_closed_ratio=0.000; mean_gaze_motion=5.64; attention_stability_score=0.997; dominant_gaze_class=inside_visible; observed_frames=139
ljahBVDaBNE_23894-24032:person_3,ljahBVDaBNE_23894-24032,rule-based,rule-based,train,"Child gaze behavior summary. split=train, observed_frames=129, visible_ratio=1.000, on_screen_ratio=1.000, gaze_shift_ratio=0.000, occlusion_ratio=0.000, eyes_closed_ratio=0.000, mean_head_motion=3.34, mean_gaze_motion=7.12, attention_stability_score=0.996, dominant_gaze_class=inside_visible, num_segments=4, num_interactions=4, segment_types=['stable', 'shift', 'stable', 'shift'], interaction_events=['focused_attention', 'attention_shift', 'monitoring', 'attention_shift'].",,"[""focused_attention"", ""exploratory_attention"", ""occluded_attention"", ""reduced_visual_availability"", ""mixed_attention""]",focused_attention,0.84,"[""visible_ratio=1.000"", ""gaze_shift_ratio=0.000"", ""occlusion_ratio=0.000"", ""eyes_closed_ratio=0.000"", ""mean_gaze_motion=7.12"", ""attention_stability_score=0.996"", ""max_visible_streak=129"", ""segments=4"", ""interactions=4""]","[""Interpretation is limited to annotation-derived behavior and not video context.""]",2026-04-06T15:39:30+00:00,childplay-behavior-v1,visible_ratio=1.000; gaze_shift_ratio=0.000; occlusion_ratio=0.000; eyes_closed_ratio=0.000; mean_gaze_motion=7.12; attention_stability_score=0.996; dominant_gaze_class=inside_visible; observed_frames=129
ljahBVDaBNE_24135-24475:person_1,ljahBVDaBNE_24135-24475,rule-based,rule-based,train,"Child gaze behavior summary. split=train, observed_frames=341, visible_ratio=0.924, on_screen_ratio=0.924, gaze_shift_ratio=0.056, occlusion_ratio=0.000, eyes_closed_ratio=0.000, mean_head_motion=1.52, mean_gaze_motion=15.09, attention_stability_score=0.867, dominant_gaze_class=inside_visible, num_segments=10, num_interactions=11, segment_types=['stable', 'shift', 'stable', 'shift', 'stable', 'shift', 'stable', 'outside'], interaction_events=['focused_attention', 'attention_shift', 'monitoring', 'attention_shift', 'focused_attention', 'attention_shift', 'monitoring', 'reduced_visual_availability'].",,"[""focused_attention"", ""exploratory_attention"", ""occluded_attention"", ""reduced_visual_availability"", ""mixed_attention""]",focused_attention,0.84,"[""visible_ratio=0.924"", ""gaze_shift_ratio=0.056"", ""occlusion_ratio=0.000"", ""eyes_closed_ratio=0.000"", ""mean_gaze_motion=15.09"", ""attention_stability_score=0.867"", ""max_visible_streak=228"", ""segments=10"", ""interactions=11""]","[""Interpretation is limited to annotation-derived behavior and not video context.""]",2026-04-06T15:39:30+00:00,childplay-behavior-v1,visible_ratio=0.924; gaze_shift_ratio=0.056; occlusion_ratio=0.000; eyes_closed_ratio=0.000; mean_gaze_motion=15.09; attention_stability_score=0.867; dominant_gaze_class=inside_visible; observed_frames=341
ljahBVDaBNE_25718-26310:person_2,ljahBVDaBNE_25718-26310,rule-based,rule-based,train,"Child gaze behavior summary. split=train, observed_frames=532, visible_ratio=0.878, on_screen_ratio=0.878, gaze_shift_ratio=0.122, occlusion_ratio=0.000, eyes_closed_ratio=0.000, mean_head_motion=0.57, mean_gaze_motion=21.71, attention_stability_score=0.761, dominant_gaze_class=inside_visible, num_segments=27, num_interactions=28, segment_types=['stable', 'shift', 'stable', 'shift', 'stable', 'shift', 'stable', 'shift'], interaction_events=['monitoring', 'attention_shift', 'monitoring', 'attention_shift', 'monitoring', 'attention_shift', 'focused_attention', 'attention_shift'].",,"[""focused_attention"", ""exploratory_attention"", ""occluded_attention"", ""reduced_visual_availability"", ""mixed_attention""]",mixed_attention,0.68,"[""visible_ratio=0.878"", ""gaze_shift_ratio=0.122"", ""occlusion_ratio=0.000"", ""eyes_closed_ratio=0.000"", ""mean_gaze_motion=21.71"", ""attention_stability_score=0.761"", ""max_visible_streak=202"", ""segments=27"", ""interactions=28""]","[""Interpretation is limited to annotation-derived behavior and not video context.""]",2026-04-06T15:39:30+00:00,childplay-behavior-v1,visible_ratio=0.878; gaze_shift_ratio=0.122; occlusion_ratio=0.000; eyes_closed_ratio=0.000; mean_gaze_motion=21.71; attention_stability_score=0.761; dominant_gaze_class=inside_visible; observed_frames=532
ljahBVDaBNE_25718-26310:person_3,ljahBVDaBNE_25718-26310,rule-based,rule-based,train,"Child gaze behavior summary. split=train, observed_frames=593, visible_ratio=0.850, on_screen_ratio=0.850, gaze_shift_ratio=0.150, occlusion_ratio=0.000, eyes_closed_ratio=0.000, mean_head_motion=1.70, mean_gaze_motion=15.09, attention_stability_score=0.784, dominant_gaze_class=inside_visible, num_segments=27, num_interactions=28, segment_types=['stable', 'shift', 'stable', 'shift', 'stable', 'shift', 'stable', 'shift'], interaction_events=['monitoring', 'attention_shift', 'focused_attention', 'attention_shift', 'monitoring', 'attention_shift', 'monitoring', 'attention_shift'].",,"[""focused_attention"", ""exploratory_attention"", ""occluded_attention"", ""reduced_visual_availability"", ""mixed_attention""]",mixed_attention,0.68,"[""visible_ratio=0.850"", ""gaze_shift_ratio=0.150"", ""occlusion_ratio=0.000"", ""eyes_closed_ratio=0.000"", ""mean_gaze_motion=15.09"", ""attention_stability_score=0.784"", ""max_visible_streak=311"", ""segments=27"", ""interactions=28""]","[""Interpretation is limited to annotation-derived behavior and not video context.""]",2026-04-06T15:39:30+00:00,childplay-behavior-v1,visible_ratio=0.850; gaze_shift_ratio=0.150; occlusion_ratio=0.000; eyes_closed_ratio=0.000; mean_gaze_motion=15.09; attention_stability_score=0.784; dominant_gaze_class=inside_visible; observed_frames=593
ljahBVDaBNE_41703-42074:person_1,ljahBVDaBNE_41703-42074,rule-based,rule-based,train,"Child gaze behavior summary. split=train, observed_frames=372, visible_ratio=0.868, on_screen_ratio=0.868, gaze_shift_ratio=0.132, occlusion_ratio=0.000, eyes_closed_ratio=0.000, mean_head_motion=3.47, mean_gaze_motion=14.84, attention_stability_score=0.797, dominant_gaze_class=inside_visible, num_segments=13, num_interactions=14, segment_types=['stable', 'shift', 'stable', 'shift', 'stable', 'shift', 'stable', 'shift'], interaction_events=['monitoring', 'attention_shift', 'focused_attention', 'attention_shift', 'focused_attention', 'attention_shift', 'monitoring', 'attention_shift'].",,"[""focused_attention"", ""exploratory_attention"", ""occluded_attention"", ""reduced_visual_availability"", ""mixed_attention""]",mixed_attention,0.68,"[""visible_ratio=0.868"", ""gaze_shift_ratio=0.132"", ""occlusion_ratio=0.000"", ""eyes_closed_ratio=0.000"", ""mean_gaze_motion=14.84"", ""attention_stability_score=0.797"", ""max_visible_streak=198"", ""segments=13"", ""interactions=14""]","[""Interpretation is limited to annotation-derived behavior and not video context.""]",2026-04-06T15:39:30+00:00,childplay-behavior-v1,visible_ratio=0.868; gaze_shift_ratio=0.132; occlusion_ratio=0.000; eyes_closed_ratio=0.000; mean_gaze_motion=14.84; attention_stability_score=0.797; dominant_gaze_class=inside_visible; observed_frames=372
ljahBVDaBNE_6572-6683:person_2,ljahBVDaBNE_6572-6683,rule-based,rule-based,train,"Child gaze behavior summary. split=train, observed_frames=112, visible_ratio=0.857, on_screen_ratio=0.857, gaze_shift_ratio=0.000, occlusion_ratio=0.000, eyes_closed_ratio=0.143, mean_head_motion=0.65, mean_gaze_motion=11.76, attention_stability_score=0.863, dominant_gaze_class=inside_visible, num_segments=11, num_interactions=12, segment_types=['stable', 'shift', 'stable', 'eyes_closed', 'stable', 'shift', 'stable', 'shift'], interaction_events=['monitoring', 'attention_shift', 'monitoring', 'reduced_visual_availability', 'monitoring', 'attention_shift', 'monitoring', 'attention_shift'].",,"[""focused_attention"", ""exploratory_attention"", ""occluded_attention"", ""reduced_visual_availability"", ""mixed_attention""]",focused_attention,0.84,"[""visible_ratio=0.857"", ""gaze_shift_ratio=0.000"", ""occlusion_ratio=0.000"", ""eyes_closed_ratio=0.143"", ""mean_gaze_motion=11.76"", ""attention_stability_score=0.863"", ""max_visible_streak=82"", ""segments=11"", ""interactions=12""]","[""Interpretation is limited to annotation-derived behavior and not video context.""]",2026-04-06T15:39:30+00:00,childplay-behavior-v1,visible_ratio=0.857; gaze_shift_ratio=0.000; occlusion_ratio=0.000; eyes_closed_ratio=0.143; mean_gaze_motion=11.76; attention_stability_score=0.863; dominant_gaze_class=inside_visible; observed_frames=112
ljahBVDaBNE_6572-6683:person_3,ljahBVDaBNE_6572-6683,rule-based,rule-based,train,"Child gaze behavior summary. split=train, observed_frames=112, visible_ratio=0.964, on_screen_ratio=0.964, gaze_shift_ratio=0.036, occlusion_ratio=0.000, eyes_closed_ratio=0.000, mean_head_motion=0.24, mean_gaze_motion=14.82, attention_stability_score=0.884, dominant_gaze_class=inside_visible, num_segments=7, num_interactions=8, segment_types=['stable', 'shift', 'stable', 'shift', 'stable', 'shift', 'stable'], interaction_events=['focused_attention', 'attention_shift', 'monitoring', 'attention_shift', 'monitoring', 'attention_shift', 'focused_attention', 'exploratory_behavior'].",,"[""focused_attention"", ""exploratory_attention"", ""occluded_attention"", ""reduced_visual_availability"", ""mixed_attention""]",focused_attention,0.84,"[""visible_ratio=0.964"", ""gaze_shift_ratio=0.036"", ""occlusion_ratio=0.000"", ""eyes_closed_ratio=0.000"", ""mean_gaze_motion=14.82"", ""attention_stability_score=0.884"", ""max_visible_streak=73"", ""segments=7"", ""interactions=8""]","[""Interpretation is limited to annotation-derived behavior and not video context.""]",2026-04-06T15:39:30+00:00,childplay-behavior-v1,visible_ratio=0.964; gaze_shift_ratio=0.036; occlusion_ratio=0.000; eyes_closed_ratio=0.000; mean_gaze_motion=14.82; attention_stability_score=0.884; dominant_gaze_class=inside_visible; observed_frames=112
oRtGfXWrf6Y_1285-1369:person_2,oRtGfXWrf6Y_1285-1369,rule-based,rule-based,train,"Child gaze behavior summary. split=train, observed_frames=85, visible_ratio=0.976, on_screen_ratio=1.000, gaze_shift_ratio=0.000, occlusion_ratio=0.024, eyes_closed_ratio=0.000, mean_head_motion=0.59, mean_gaze_motion=3.60, attention_stability_score=0.902, dominant_gaze_class=inside_visible, num_segments=3, num_interactions=3, segment_types=['stable', 'occluded', 'stable'], interaction_events=['focused_attention', 'reduced_visual_availability', 'monitoring'].",,"[""focused_attention"", ""exploratory_attention"", ""occluded_attention"", ""reduced_visual_availability"", ""mixed_attention""]",focused_attention,0.84,"[""visible_ratio=0.976"", ""gaze_shift_ratio=0.000"", ""occlusion_ratio=0.024"", ""eyes_closed_ratio=0.000"", ""mean_gaze_motion=3.60"", ""attention_stability_score=0.902"", ""max_visible_streak=56"", ""segments=3"", ""interactions=3""]","[""Interpretation is limited to annotation-derived behavior and not video context.""]",2026-04-06T15:39:30+00:00,childplay-behavior-v1,visible_ratio=0.976; gaze_shift_ratio=0.000; occlusion_ratio=0.024; eyes_closed_ratio=0.000; mean_gaze_motion=3.60; attention_stability_score=0.902; dominant_gaze_class=inside_visible; observed_frames=85
oRtGfXWrf6Y_1285-1369:person_3,oRtGfXWrf6Y_1285-1369,rule-based,rule-based,train,"Child gaze behavior summary. split=train, observed_frames=85, visible_ratio=0.882, on_screen_ratio=0.882, gaze_shift_ratio=0.118, occlusion_ratio=0.000, eyes_closed_ratio=0.000, mean_head_motion=0.28, mean_gaze_motion=8.31, attention_stability_score=0.875, dominant_gaze_class=inside_visible, num_segments=5, num_interactions=5, segment_types=['stable', 'shift', 'stable', 'shift', 'stable'], interaction_events=['focused_attention', 'attention_shift', 'monitoring', 'attention_shift', 'monitoring'].",,"[""focused_attention"", ""exploratory_attention"", ""occluded_attention"", ""reduced_visual_availability"", ""mixed_attention""]",mixed_attention,0.68,"[""visible_ratio=0.882"", ""gaze_shift_ratio=0.118"", ""occlusion_ratio=0.000"", ""eyes_closed_ratio=0.000"", ""mean_gaze_motion=8.31"", ""attention_stability_score=0.875"", ""max_visible_streak=68"", ""segments=5"", ""interactions=5""]","[""Interpretation is limited to annotation-derived behavior and not video context.""]",2026-04-06T15:39:30+00:00,childplay-behavior-v1,visible_ratio=0.882; gaze_shift_ratio=0.118; occlusion_ratio=0.000; eyes_closed_ratio=0.000; mean_gaze_motion=8.31; attention_stability_score=0.875; dominant_gaze_class=inside_visible; observed_frames=85
pQyNKRHbjRA_1-1822:person_1,pQyNKRHbjRA_1-1822,rule-based,rule-based,train,"Child gaze behavior summary. split=train, observed_frames=1822, visible_ratio=0.852, on_screen_ratio=0.887, gaze_shift_ratio=0.106, occlusion_ratio=0.035, eyes_closed_ratio=0.007, mean_head_motion=2.23, mean_gaze_motion=12.69, attention_stability_score=0.690, dominant_gaze_class=inside_visible, num_segments=93, num_interactions=94, segment_types=['stable', 'shift', 'stable', 'shift', 'stable', 'shift', 'stable', 'shift'], interaction_events=['focused_attention', 'attention_shift', 'monitoring', 'attention_shift', 'monitoring', 'attention_shift', 'focused_attention', 'attention_shift'].",,"[""focused_attention"", ""exploratory_attention"", ""occluded_attention"", ""reduced_visual_availability"", ""mixed_attention""]",mixed_attention,0.68,"[""visible_ratio=0.852"", ""gaze_shift_ratio=0.106"", ""occlusion_ratio=0.035"", ""eyes_closed_ratio=0.007"", ""mean_gaze_motion=12.69"", ""attention_stability_score=0.690"", ""max_visible_streak=209"", ""segments=93"", ""interactions=94""]","[""Interpretation is limited to annotation-derived behavior and not video context.""]",2026-04-06T15:39:30+00:00,childplay-behavior-v1,visible_ratio=0.852; gaze_shift_ratio=0.106; occlusion_ratio=0.035; eyes_closed_ratio=0.007; mean_gaze_motion=12.69; attention_stability_score=0.690; dominant_gaze_class=inside_visible; observed_frames=1822
pzh7M60ujyE_16956-17086:person_2,pzh7M60ujyE_16956-17086,rule-based,rule-based,train,"Child gaze behavior summary. split=train, observed_frames=131, visible_ratio=1.000, on_screen_ratio=1.000, gaze_shift_ratio=0.000, occlusion_ratio=0.000, eyes_closed_ratio=0.000, mean_head_motion=4.21, mean_gaze_motion=2.15, attention_stability_score=0.999, dominant_gaze_class=inside_visible, num_segments=1, num_interactions=1, segment_types=['stable'], interaction_events=['focused_attention'].",,"[""focused_attention"", ""exploratory_attention"", ""occluded_attention"", ""reduced_visual_availability"", ""mixed_attention""]",focused_attention,0.84,"[""visible_ratio=1.000"", ""gaze_shift_ratio=0.000"", ""occlusion_ratio=0.000"", ""eyes_closed_ratio=0.000"", ""mean_gaze_motion=2.15"", ""attention_stability_score=0.999"", ""max_visible_streak=131"", ""segments=1"", ""interactions=1""]","[""Interpretation is limited to annotation-derived behavior and not video context.""]",2026-04-06T15:39:30+00:00,childplay-behavior-v1,visible_ratio=1.000; gaze_shift_ratio=0.000; occlusion_ratio=0.000; eyes_closed_ratio=0.000; mean_gaze_motion=2.15; attention_stability_score=0.999; dominant_gaze_class=inside_visible; observed_frames=131
pzh7M60ujyE_2096-2218:person_2,pzh7M60ujyE_2096-2218,rule-based,rule-based,train,"Child gaze behavior summary. split=train, observed_frames=123, visible_ratio=0.943, on_screen_ratio=0.943, gaze_shift_ratio=0.057, occlusion_ratio=0.000, eyes_closed_ratio=0.000, mean_head_motion=2.61, mean_gaze_motion=6.53, attention_stability_score=0.841, dominant_gaze_class=inside_visible, num_segments=11, num_interactions=12, segment_types=['stable', 'shift', 'stable', 'shift', 'stable', 'shift', 'stable', 'shift'], interaction_events=['monitoring', 'attention_shift', 'focused_attention', 'attention_shift', 'monitoring', 'attention_shift', 'monitoring', 'attention_shift'].",,"[""focused_attention"", ""exploratory_attention"", ""occluded_attention"", ""reduced_visual_availability"", ""mixed_attention""]",focused_attention,0.84,"[""visible_ratio=0.943"", ""gaze_shift_ratio=0.057"", ""occlusion_ratio=0.000"", ""eyes_closed_ratio=0.000"", ""mean_gaze_motion=6.53"", ""attention_stability_score=0.841"", ""max_visible_streak=63"", ""segments=11"", ""interactions=12""]","[""Interpretation is limited to annotation-derived behavior and not video context.""]",2026-04-06T15:39:30+00:00,childplay-behavior-v1,visible_ratio=0.943; gaze_shift_ratio=0.057; occlusion_ratio=0.000; eyes_closed_ratio=0.000; mean_gaze_motion=6.53; attention_stability_score=0.841; dominant_gaze_class=inside_visible; observed_frames=123
pzh7M60ujyE_2096-2218:person_3,pzh7M60ujyE_2096-2218,rule-based,rule-based,train,"Child gaze behavior summary. split=train, observed_frames=123, visible_ratio=0.878, on_screen_ratio=0.878, gaze_shift_ratio=0.122, occlusion_ratio=0.000, eyes_closed_ratio=0.000, mean_head_motion=1.55, mean_gaze_motion=5.75, attention_stability_score=0.845, dominant_gaze_class=inside_visible, num_segments=5, num_interactions=5, segment_types=['stable', 'shift', 'stable', 'shift', 'stable'], interaction_events=['monitoring', 'attention_shift', 'focused_attention', 'attention_shift', 'monitoring'].",,"[""focused_attention"", ""exploratory_attention"", ""occluded_attention"", ""reduced_visual_availability"", ""mixed_attention""]",mixed_attention,0.68,"[""visible_ratio=0.878"", ""gaze_shift_ratio=0.122"", ""occlusion_ratio=0.000"", ""eyes_closed_ratio=0.000"", ""mean_gaze_motion=5.75"", ""attention_stability_score=0.845"", ""max_visible_streak=84"", ""segments=5"", ""interactions=5""]","[""Interpretation is limited to annotation-derived behavior and not video context.""]",2026-04-06T15:39:30+00:00,childplay-behavior-v1,visible_ratio=0.878; gaze_shift_ratio=0.122; occlusion_ratio=0.000; eyes_closed_ratio=0.000; mean_gaze_motion=5.75; attention_stability_score=0.845; dominant_gaze_class=inside_visible; observed_frames=123
r_MB_vPXqkA_490-1507:person_2,r_MB_vPXqkA_490-1507,rule-based,rule-based,train,"Child gaze behavior summary. split=train, observed_frames=1018, visible_ratio=0.772, on_screen_ratio=0.845, gaze_shift_ratio=0.070, occlusion_ratio=0.073, eyes_closed_ratio=0.000, mean_head_motion=4.36, mean_gaze_motion=11.02, attention_stability_score=0.717, dominant_gaze_class=inside_visible, num_segments=54, num_interactions=55, segment_types=['occluded', 'stable', 'shift', 'stable', 'shift', 'stable', 'shift', 'outside'], interaction_events=['reduced_visual_availability', 'focused_attention', 'attention_shift', 'focused_attention', 'attention_shift', 'focused_attention', 'attention_shift', 'reduced_visual_availability'].",,"[""focused_attention"", ""exploratory_attention"", ""occluded_attention"", ""reduced_visual_availability"", ""mixed_attention""]",focused_attention,0.84,"[""visible_ratio=0.772"", ""gaze_shift_ratio=0.070"", ""occlusion_ratio=0.073"", ""eyes_closed_ratio=0.000"", ""mean_gaze_motion=11.02"", ""attention_stability_score=0.717"", ""max_visible_streak=349"", ""segments=54"", ""interactions=55""]","[""Interpretation is limited to annotation-derived behavior and not video context.""]",2026-04-06T15:39:30+00:00,childplay-behavior-v1,visible_ratio=0.772; gaze_shift_ratio=0.070; occlusion_ratio=0.073; eyes_closed_ratio=0.000; mean_gaze_motion=11.02; attention_stability_score=0.717; dominant_gaze_class=inside_visible; observed_frames=1018
rvIPH4ccfpI_1-812:person_1,rvIPH4ccfpI_1-812,rule-based,rule-based,train,"Child gaze behavior summary. split=train, observed_frames=812, visible_ratio=0.776, on_screen_ratio=0.809, gaze_shift_ratio=0.103, occlusion_ratio=0.033, eyes_closed_ratio=0.000, mean_head_motion=2.40, mean_gaze_motion=5.52, attention_stability_score=0.730, dominant_gaze_class=inside_visible, num_segments=26, num_interactions=27, segment_types=['occluded', 'shift', 'outside', 'shift', 'stable', 'shift', 'stable', 'shift'], interaction_events=['reduced_visual_availability', 'attention_shift', 'reduced_visual_availability', 'attention_shift', 'focused_attention', 'attention_shift', 'monitoring', 'attention_shift'].",,"[""focused_attention"", ""exploratory_attention"", ""occluded_attention"", ""reduced_visual_availability"", ""mixed_attention""]",mixed_attention,0.68,"[""visible_ratio=0.776"", ""gaze_shift_ratio=0.103"", ""occlusion_ratio=0.033"", ""eyes_closed_ratio=0.000"", ""mean_gaze_motion=5.52"", ""attention_stability_score=0.730"", ""max_visible_streak=323"", ""segments=26"", ""interactions=27""]","[""Interpretation is limited to annotation-derived behavior and not video context.""]",2026-04-06T15:39:30+00:00,childplay-behavior-v1,visible_ratio=0.776; gaze_shift_ratio=0.103; occlusion_ratio=0.033; eyes_closed_ratio=0.000; mean_gaze_motion=5.52; attention_stability_score=0.730; dominant_gaze_class=inside_visible; observed_frames=812
s0BpHgMB_8o_2041-2205:person_1,s0BpHgMB_8o_2041-2205,rule-based,rule-based,train,"Child gaze behavior summary. split=train, observed_frames=165, visible_ratio=0.970, on_screen_ratio=0.970, gaze_shift_ratio=0.030, occlusion_ratio=0.000, eyes_closed_ratio=0.000, mean_head_motion=0.71, mean_gaze_motion=14.00, attention_stability_score=0.961, dominant_gaze_class=inside_visible, num_segments=11, num_interactions=12, segment_types=['stable', 'shift', 'stable', 'shift', 'stable', 'shift', 'stable', 'shift'], interaction_events=['monitoring', 'attention_shift', 'focused_attention', 'attention_shift', 'monitoring', 'attention_shift', 'focused_attention', 'attention_shift'].",,"[""focused_attention"", ""exploratory_attention"", ""occluded_attention"", ""reduced_visual_availability"", ""mixed_attention""]",focused_attention,0.84,"[""visible_ratio=0.970"", ""gaze_shift_ratio=0.030"", ""occlusion_ratio=0.000"", ""eyes_closed_ratio=0.000"", ""mean_gaze_motion=14.00"", ""attention_stability_score=0.961"", ""max_visible_streak=156"", ""segments=11"", ""interactions=12""]","[""Interpretation is limited to annotation-derived behavior and not video context.""]",2026-04-06T15:39:30+00:00,childplay-behavior-v1,visible_ratio=0.970; gaze_shift_ratio=0.030; occlusion_ratio=0.000; eyes_closed_ratio=0.000; mean_gaze_motion=14.00; attention_stability_score=0.961; dominant_gaze_class=inside_visible; observed_frames=165
s0BpHgMB_8o_2941-3142:person_1,s0BpHgMB_8o_2941-3142,rule-based,rule-based,train,"Child gaze behavior summary. split=train, observed_frames=202, visible_ratio=1.000, on_screen_ratio=1.000, gaze_shift_ratio=0.000, occlusion_ratio=0.000, eyes_closed_ratio=0.000, mean_head_motion=0.58, mean_gaze_motion=5.21, attention_stability_score=0.997, dominant_gaze_class=inside_visible, num_segments=5, num_interactions=5, segment_types=['stable', 'shift', 'stable', 'shift', 'stable'], interaction_events=['monitoring', 'attention_shift', 'focused_attention', 'attention_shift', 'focused_attention'].",,"[""focused_attention"", ""exploratory_attention"", ""occluded_attention"", ""reduced_visual_availability"", ""mixed_attention""]",focused_attention,0.84,"[""visible_ratio=1.000"", ""gaze_shift_ratio=0.000"", ""occlusion_ratio=0.000"", ""eyes_closed_ratio=0.000"", ""mean_gaze_motion=5.21"", ""attention_stability_score=0.997"", ""max_visible_streak=202"", ""segments=5"", ""interactions=5""]","[""Interpretation is limited to annotation-derived behavior and not video context.""]",2026-04-06T15:39:30+00:00,childplay-behavior-v1,visible_ratio=1.000; gaze_shift_ratio=0.000; occlusion_ratio=0.000; eyes_closed_ratio=0.000; mean_gaze_motion=5.21; attention_stability_score=0.997; dominant_gaze_class=inside_visible; observed_frames=202
s0BpHgMB_8o_2941-3142:person_3,s0BpHgMB_8o_2941-3142,rule-based,rule-based,train,"Child gaze behavior summary. split=train, observed_frames=202, visible_ratio=1.000, on_screen_ratio=1.000, gaze_shift_ratio=0.000, occlusion_ratio=0.000, eyes_closed_ratio=0.000, mean_head_motion=3.44, mean_gaze_motion=8.71, attention_stability_score=0.996, dominant_gaze_class=inside_visible, num_segments=9, num_interactions=10, segment_types=['stable', 'shift', 'stable', 'shift', 'stable', 'shift', 'stable', 'shift'], interaction_events=['focused_attention', 'attention_shift', 'monitoring', 'attention_shift', 'monitoring', 'attention_shift', 'monitoring', 'attention_shift'].",,"[""focused_attention"", ""exploratory_attention"", ""occluded_attention"", ""reduced_visual_availability"", ""mixed_attention""]",focused_attention,0.84,"[""visible_ratio=1.000"", ""gaze_shift_ratio=0.000"", ""occlusion_ratio=0.000"", ""eyes_closed_ratio=0.000"", ""mean_gaze_motion=8.71"", ""attention_stability_score=0.996"", ""max_visible_streak=202"", ""segments=9"", ""interactions=10""]","[""Interpretation is limited to annotation-derived behavior and not video context.""]",2026-04-06T15:39:30+00:00,childplay-behavior-v1,visible_ratio=1.000; gaze_shift_ratio=0.000; occlusion_ratio=0.000; eyes_closed_ratio=0.000; mean_gaze_motion=8.71; attention_stability_score=0.996; dominant_gaze_class=inside_visible; observed_frames=202
smwfiZd8HLc_10346-12974-downsampled:person_1,smwfiZd8HLc_10346-12974-downsampled,rule-based,rule-based,train,"Child gaze behavior summary. split=train, observed_frames=1315, visible_ratio=0.944, on_screen_ratio=0.944, gaze_shift_ratio=0.055, occlusion_ratio=0.000, eyes_closed_ratio=0.000, mean_head_motion=0.51, mean_gaze_motion=12.32, attention_stability_score=0.772, dominant_gaze_class=inside_visible, num_segments=44, num_interactions=45, segment_types=['stable', 'shift', 'stable', 'shift', 'stable', 'shift', 'stable', 'shift'], interaction_events=['focused_attention', 'attention_shift', 'monitoring', 'attention_shift', 'focused_attention', 'attention_shift', 'monitoring', 'attention_shift'].",,"[""focused_attention"", ""exploratory_attention"", ""occluded_attention"", ""reduced_visual_availability"", ""mixed_attention""]",focused_attention,0.84,"[""visible_ratio=0.944"", ""gaze_shift_ratio=0.055"", ""occlusion_ratio=0.000"", ""eyes_closed_ratio=0.000"", ""mean_gaze_motion=12.32"", ""attention_stability_score=0.772"", ""max_visible_streak=325"", ""segments=44"", ""interactions=45""]","[""Interpretation is limited to annotation-derived behavior and not video context.""]",2026-04-06T15:39:30+00:00,childplay-behavior-v1,visible_ratio=0.944; gaze_shift_ratio=0.055; occlusion_ratio=0.000; eyes_closed_ratio=0.000; mean_gaze_motion=12.32; attention_stability_score=0.772; dominant_gaze_class=inside_visible; observed_frames=1315
smwfiZd8HLc_16176-16586-downsampled:person_1,smwfiZd8HLc_16176-16586-downsampled,rule-based,rule-based,train,"Child gaze behavior summary. split=train, observed_frames=206, visible_ratio=0.985, on_screen_ratio=0.985, gaze_shift_ratio=0.015, occlusion_ratio=0.000, eyes_closed_ratio=0.000, mean_head_motion=1.77, mean_gaze_motion=9.19, attention_stability_score=0.968, dominant_gaze_class=inside_visible, num_segments=7, num_interactions=8, segment_types=['stable', 'shift', 'stable', 'shift', 'stable', 'shift', 'stable'], interaction_events=['monitoring', 'attention_shift', 'focused_attention', 'attention_shift', 'monitoring', 'attention_shift', 'focused_attention', 'exploratory_behavior'].",,"[""focused_attention"", ""exploratory_attention"", ""occluded_attention"", ""reduced_visual_availability"", ""mixed_attention""]",focused_attention,0.84,"[""visible_ratio=0.985"", ""gaze_shift_ratio=0.015"", ""occlusion_ratio=0.000"", ""eyes_closed_ratio=0.000"", ""mean_gaze_motion=9.19"", ""attention_stability_score=0.968"", ""max_visible_streak=191"", ""segments=7"", ""interactions=8""]","[""Interpretation is limited to annotation-derived behavior and not video context.""]",2026-04-06T15:39:30+00:00,childplay-behavior-v1,visible_ratio=0.985; gaze_shift_ratio=0.015; occlusion_ratio=0.000; eyes_closed_ratio=0.000; mean_gaze_motion=9.19; attention_stability_score=0.968; dominant_gaze_class=inside_visible; observed_frames=206
smwfiZd8HLc_20322-20668-downsampled:person_1,smwfiZd8HLc_20322-20668-downsampled,rule-based,rule-based,train,"Child gaze behavior summary. split=train, observed_frames=174, visible_ratio=0.971, on_screen_ratio=1.000, gaze_shift_ratio=0.000, occlusion_ratio=0.029, eyes_closed_ratio=0.000, mean_head_motion=2.68, mean_gaze_motion=10.82, attention_stability_score=0.857, dominant_gaze_class=inside_visible, num_segments=11, num_interactions=12, segment_types=['stable', 'shift', 'stable', 'shift', 'stable', 'shift', 'stable', 'shift'], interaction_events=['monitoring', 'attention_shift', 'monitoring', 'attention_shift', 'monitoring', 'attention_shift', 'monitoring', 'attention_shift'].",,"[""focused_attention"", ""exploratory_attention"", ""occluded_attention"", ""reduced_visual_availability"", ""mixed_attention""]",focused_attention,0.84,"[""visible_ratio=0.971"", ""gaze_shift_ratio=0.000"", ""occlusion_ratio=0.029"", ""eyes_closed_ratio=0.000"", ""mean_gaze_motion=10.82"", ""attention_stability_score=0.857"", ""max_visible_streak=87"", ""segments=11"", ""interactions=12""]","[""Interpretation is limited to annotation-derived behavior and not video context.""]",2026-04-06T15:39:30+00:00,childplay-behavior-v1,visible_ratio=0.971; gaze_shift_ratio=0.000; occlusion_ratio=0.029; eyes_closed_ratio=0.000; mean_gaze_motion=10.82; attention_stability_score=0.857; dominant_gaze_class=inside_visible; observed_frames=174
smwfiZd8HLc_270-891-downsampled:person_2,smwfiZd8HLc_270-891-downsampled,rule-based,rule-based,train,"Child gaze behavior summary. split=train, observed_frames=311, visible_ratio=0.974, on_screen_ratio=0.974, gaze_shift_ratio=0.026, occlusion_ratio=0.000, eyes_closed_ratio=0.000, mean_head_motion=2.90, mean_gaze_motion=7.98, attention_stability_score=0.889, dominant_gaze_class=inside_visible, num_segments=9, num_interactions=10, segment_types=['stable', 'shift', 'stable', 'shift', 'stable', 'shift', 'stable', 'shift'], interaction_events=['focused_attention', 'attention_shift', 'monitoring', 'attention_shift', 'monitoring', 'attention_shift', 'monitoring', 'attention_shift'].",,"[""focused_attention"", ""exploratory_attention"", ""occluded_attention"", ""reduced_visual_availability"", ""mixed_attention""]",focused_attention,0.84,"[""visible_ratio=0.974"", ""gaze_shift_ratio=0.026"", ""occlusion_ratio=0.000"", ""eyes_closed_ratio=0.000"", ""mean_gaze_motion=7.98"", ""attention_stability_score=0.889"", ""max_visible_streak=197"", ""segments=9"", ""interactions=10""]","[""Interpretation is limited to annotation-derived behavior and not video context.""]",2026-04-06T15:39:30+00:00,childplay-behavior-v1,visible_ratio=0.974; gaze_shift_ratio=0.026; occlusion_ratio=0.000; eyes_closed_ratio=0.000; mean_gaze_motion=7.98; attention_stability_score=0.889; dominant_gaze_class=inside_visible; observed_frames=311
smwfiZd8HLc_7508-8408-downsampled:person_1,smwfiZd8HLc_7508-8408-downsampled,rule-based,rule-based,train,"Child gaze behavior summary. split=train, observed_frames=451, visible_ratio=0.958, on_screen_ratio=0.958, gaze_shift_ratio=0.011, occlusion_ratio=0.000, eyes_closed_ratio=0.031, mean_head_motion=0.84, mean_gaze_motion=11.94, attention_stability_score=0.851, dominant_gaze_class=inside_visible, num_segments=23, num_interactions=24, segment_types=['stable', 'shift', 'stable', 'eyes_closed', 'stable', 'shift', 'stable', 'shift'], interaction_events=['monitoring', 'attention_shift', 'monitoring', 'reduced_visual_availability', 'monitoring', 'attention_shift', 'monitoring', 'attention_shift'].",,"[""focused_attention"", ""exploratory_attention"", ""occluded_attention"", ""reduced_visual_availability"", ""mixed_attention""]",focused_attention,0.84,"[""visible_ratio=0.958"", ""gaze_shift_ratio=0.011"", ""occlusion_ratio=0.000"", ""eyes_closed_ratio=0.031"", ""mean_gaze_motion=11.94"", ""attention_stability_score=0.851"", ""max_visible_streak=230"", ""segments=23"", ""interactions=24""]","[""Interpretation is limited to annotation-derived behavior and not video context.""]",2026-04-06T15:39:30+00:00,childplay-behavior-v1,visible_ratio=0.958; gaze_shift_ratio=0.011; occlusion_ratio=0.000; eyes_closed_ratio=0.031; mean_gaze_motion=11.94; attention_stability_score=0.851; dominant_gaze_class=inside_visible; observed_frames=451
smwfiZd8HLc_8799-10332-downsampled:person_1,smwfiZd8HLc_8799-10332-downsampled,rule-based,rule-based,train,"Child gaze behavior summary. split=train, observed_frames=767, visible_ratio=1.000, on_screen_ratio=1.000, gaze_shift_ratio=0.000, occlusion_ratio=0.000, eyes_closed_ratio=0.000, mean_head_motion=1.44, mean_gaze_motion=9.36, attention_stability_score=0.995, dominant_gaze_class=inside_visible, num_segments=37, num_interactions=38, segment_types=['stable', 'shift', 'stable', 'shift', 'stable', 'shift', 'stable', 'shift'], interaction_events=['focused_attention', 'attention_shift', 'focused_attention', 'attention_shift', 'monitoring', 'attention_shift', 'monitoring', 'attention_shift'].",,"[""focused_attention"", ""exploratory_attention"", ""occluded_attention"", ""reduced_visual_availability"", ""mixed_attention""]",focused_attention,0.84,"[""visible_ratio=1.000"", ""gaze_shift_ratio=0.000"", ""occlusion_ratio=0.000"", ""eyes_closed_ratio=0.000"", ""mean_gaze_motion=9.36"", ""attention_stability_score=0.995"", ""max_visible_streak=767"", ""segments=37"", ""interactions=38""]","[""Interpretation is limited to annotation-derived behavior and not video context.""]",2026-04-06T15:39:30+00:00,childplay-behavior-v1,visible_ratio=1.000; gaze_shift_ratio=0.000; occlusion_ratio=0.000; eyes_closed_ratio=0.000; mean_gaze_motion=9.36; attention_stability_score=0.995; dominant_gaze_class=inside_visible; observed_frames=767
smwfiZd8HLc_897-1557-downsampled:person_1,smwfiZd8HLc_897-1557-downsampled,rule-based,rule-based,train,"Child gaze behavior summary. split=train, observed_frames=330, visible_ratio=0.894, on_screen_ratio=0.894, gaze_shift_ratio=0.027, occlusion_ratio=0.000, eyes_closed_ratio=0.000, mean_head_motion=0.31, mean_gaze_motion=2.33, attention_stability_score=0.921, dominant_gaze_class=inside_visible, num_segments=3, num_interactions=3, segment_types=['outside', 'shift', 'stable'], interaction_events=['reduced_visual_availability', 'attention_shift', 'focused_attention'].",,"[""focused_attention"", ""exploratory_attention"", ""occluded_attention"", ""reduced_visual_availability"", ""mixed_attention""]",focused_attention,0.84,"[""visible_ratio=0.894"", ""gaze_shift_ratio=0.027"", ""occlusion_ratio=0.000"", ""eyes_closed_ratio=0.000"", ""mean_gaze_motion=2.33"", ""attention_stability_score=0.921"", ""max_visible_streak=295"", ""segments=3"", ""interactions=3""]","[""Interpretation is limited to annotation-derived behavior and not video context.""]",2026-04-06T15:39:30+00:00,childplay-behavior-v1,visible_ratio=0.894; gaze_shift_ratio=0.027; occlusion_ratio=0.000; eyes_closed_ratio=0.000; mean_gaze_motion=2.33; attention_stability_score=0.921; dominant_gaze_class=inside_visible; observed_frames=330
tw91epryD28_1264-1925:person_1,tw91epryD28_1264-1925,rule-based,rule-based,train,"Child gaze behavior summary. split=train, observed_frames=662, visible_ratio=0.973, on_screen_ratio=0.976, gaze_shift_ratio=0.024, occlusion_ratio=0.003, eyes_closed_ratio=0.000, mean_head_motion=1.55, mean_gaze_motion=11.03, attention_stability_score=0.838, dominant_gaze_class=inside_visible, num_segments=39, num_interactions=40, segment_types=['stable', 'shift', 'stable', 'shift', 'stable', 'shift', 'stable', 'shift'], interaction_events=['monitoring', 'attention_shift', 'focused_attention', 'attention_shift', 'monitoring', 'attention_shift', 'monitoring', 'attention_shift'].",,"[""focused_attention"", ""exploratory_attention"", ""occluded_attention"", ""reduced_visual_availability"", ""mixed_attention""]",focused_attention,0.84,"[""visible_ratio=0.973"", ""gaze_shift_ratio=0.024"", ""occlusion_ratio=0.003"", ""eyes_closed_ratio=0.000"", ""mean_gaze_motion=11.03"", ""attention_stability_score=0.838"", ""max_visible_streak=289"", ""segments=39"", ""interactions=40""]","[""Interpretation is limited to annotation-derived behavior and not video context.""]",2026-04-06T15:39:30+00:00,childplay-behavior-v1,visible_ratio=0.973; gaze_shift_ratio=0.024; occlusion_ratio=0.003; eyes_closed_ratio=0.000; mean_gaze_motion=11.03; attention_stability_score=0.838; dominant_gaze_class=inside_visible; observed_frames=662
w6oRoyTBmU4_1653-1939:person_2,w6oRoyTBmU4_1653-1939,rule-based,rule-based,train,"Child gaze behavior summary. split=train, observed_frames=287, visible_ratio=0.801, on_screen_ratio=0.801, gaze_shift_ratio=0.199, occlusion_ratio=0.000, eyes_closed_ratio=0.000, mean_head_motion=0.80, mean_gaze_motion=11.50, attention_stability_score=0.705, dominant_gaze_class=inside_visible, num_segments=13, num_interactions=14, segment_types=['stable', 'shift', 'stable', 'shift', 'stable', 'shift', 'stable', 'shift'], interaction_events=['focused_attention', 'attention_shift', 'monitoring', 'attention_shift', 'monitoring', 'attention_shift', 'monitoring', 'attention_shift'].",,"[""focused_attention"", ""exploratory_attention"", ""occluded_attention"", ""reduced_visual_availability"", ""mixed_attention""]",mixed_attention,0.68,"[""visible_ratio=0.801"", ""gaze_shift_ratio=0.199"", ""occlusion_ratio=0.000"", ""eyes_closed_ratio=0.000"", ""mean_gaze_motion=11.50"", ""attention_stability_score=0.705"", ""max_visible_streak=92"", ""segments=13"", ""interactions=14""]","[""Interpretation is limited to annotation-derived behavior and not video context.""]",2026-04-06T15:39:30+00:00,childplay-behavior-v1,visible_ratio=0.801; gaze_shift_ratio=0.199; occlusion_ratio=0.000; eyes_closed_ratio=0.000; mean_gaze_motion=11.50; attention_stability_score=0.705; dominant_gaze_class=inside_visible; observed_frames=287
w6oRoyTBmU4_3693-3871:person_2,w6oRoyTBmU4_3693-3871,rule-based,rule-based,train,"Child gaze behavior summary. split=train, observed_frames=179, visible_ratio=0.939, on_screen_ratio=0.939, gaze_shift_ratio=0.061, occlusion_ratio=0.000, eyes_closed_ratio=0.000, mean_head_motion=0.90, mean_gaze_motion=5.40, attention_stability_score=0.853, dominant_gaze_class=inside_visible, num_segments=5, num_interactions=5, segment_types=['stable', 'shift', 'stable', 'shift', 'stable'], interaction_events=['focused_attention', 'attention_shift', 'monitoring', 'attention_shift', 'focused_attention'].",,"[""focused_attention"", ""exploratory_attention"", ""occluded_attention"", ""reduced_visual_availability"", ""mixed_attention""]",focused_attention,0.84,"[""visible_ratio=0.939"", ""gaze_shift_ratio=0.061"", ""occlusion_ratio=0.000"", ""eyes_closed_ratio=0.000"", ""mean_gaze_motion=5.40"", ""attention_stability_score=0.853"", ""max_visible_streak=102"", ""segments=5"", ""interactions=5""]","[""Interpretation is limited to annotation-derived behavior and not video context.""]",2026-04-06T15:39:30+00:00,childplay-behavior-v1,visible_ratio=0.939; gaze_shift_ratio=0.061; occlusion_ratio=0.000; eyes_closed_ratio=0.000; mean_gaze_motion=5.40; attention_stability_score=0.853; dominant_gaze_class=inside_visible; observed_frames=179
zUdMBtK2UVE_16917-17113:person_1,zUdMBtK2UVE_16917-17113,rule-based,rule-based,train,"Child gaze behavior summary. split=train, observed_frames=197, visible_ratio=0.843, on_screen_ratio=0.843, gaze_shift_ratio=0.157, occlusion_ratio=0.000, eyes_closed_ratio=0.000, mean_head_motion=0.76, mean_gaze_motion=6.57, attention_stability_score=0.726, dominant_gaze_class=inside_visible, num_segments=9, num_interactions=10, segment_types=['stable', 'shift', 'stable', 'shift', 'stable', 'shift', 'stable', 'shift'], interaction_events=['focused_attention', 'attention_shift', 'focused_attention', 'attention_shift', 'focused_attention', 'attention_shift', 'monitoring', 'attention_shift'].",,"[""focused_attention"", ""exploratory_attention"", ""occluded_attention"", ""reduced_visual_availability"", ""mixed_attention""]",mixed_attention,0.68,"[""visible_ratio=0.843"", ""gaze_shift_ratio=0.157"", ""occlusion_ratio=0.000"", ""eyes_closed_ratio=0.000"", ""mean_gaze_motion=6.57"", ""attention_stability_score=0.726"", ""max_visible_streak=58"", ""segments=9"", ""interactions=10""]","[""Interpretation is limited to annotation-derived behavior and not video context.""]",2026-04-06T15:39:30+00:00,childplay-behavior-v1,visible_ratio=0.843; gaze_shift_ratio=0.157; occlusion_ratio=0.000; eyes_closed_ratio=0.000; mean_gaze_motion=6.57; attention_stability_score=0.726; dominant_gaze_class=inside_visible; observed_frames=197
zUdMBtK2UVE_21114-21348:person_2,zUdMBtK2UVE_21114-21348,rule-based,rule-based,train,"Child gaze behavior summary. split=train, observed_frames=235, visible_ratio=0.834, on_screen_ratio=0.834, gaze_shift_ratio=0.166, occlusion_ratio=0.000, eyes_closed_ratio=0.000, mean_head_motion=0.91, mean_gaze_motion=10.15, attention_stability_score=0.745, dominant_gaze_class=inside_visible, num_segments=11, num_interactions=12, segment_types=['stable', 'shift', 'stable', 'shift', 'stable', 'shift', 'stable', 'shift'], interaction_events=['monitoring', 'attention_shift', 'focused_attention', 'attention_shift', 'monitoring', 'attention_shift', 'monitoring', 'attention_shift'].",,"[""focused_attention"", ""exploratory_attention"", ""occluded_attention"", ""reduced_visual_availability"", ""mixed_attention""]",mixed_attention,0.68,"[""visible_ratio=0.834"", ""gaze_shift_ratio=0.166"", ""occlusion_ratio=0.000"", ""eyes_closed_ratio=0.000"", ""mean_gaze_motion=10.15"", ""attention_stability_score=0.745"", ""max_visible_streak=94"", ""segments=11"", ""interactions=12""]","[""Interpretation is limited to annotation-derived behavior and not video context.""]",2026-04-06T15:39:30+00:00,childplay-behavior-v1,visible_ratio=0.834; gaze_shift_ratio=0.166; occlusion_ratio=0.000; eyes_closed_ratio=0.000; mean_gaze_motion=10.15; attention_stability_score=0.745; dominant_gaze_class=inside_visible; observed_frames=235
zUdMBtK2UVE_21114-21348:person_3,zUdMBtK2UVE_21114-21348,rule-based,rule-based,train,"Child gaze behavior summary. split=train, observed_frames=106, visible_ratio=1.000, on_screen_ratio=1.000, gaze_shift_ratio=0.000, occlusion_ratio=0.000, eyes_closed_ratio=0.000, mean_head_motion=8.46, mean_gaze_motion=0.00, attention_stability_score=1.000, dominant_gaze_class=inside_visible, num_segments=1, num_interactions=1, segment_types=['stable'], interaction_events=['focused_attention'].",,"[""focused_attention"", ""exploratory_attention"", ""occluded_attention"", ""reduced_visual_availability"", ""mixed_attention""]",focused_attention,0.84,"[""visible_ratio=1.000"", ""gaze_shift_ratio=0.000"", ""occlusion_ratio=0.000"", ""eyes_closed_ratio=0.000"", ""mean_gaze_motion=0.00"", ""attention_stability_score=1.000"", ""max_visible_streak=106"", ""segments=1"", ""interactions=1""]","[""Interpretation is limited to annotation-derived behavior and not video context.""]",2026-04-06T15:39:30+00:00,childplay-behavior-v1,visible_ratio=1.000; gaze_shift_ratio=0.000; occlusion_ratio=0.000; eyes_closed_ratio=0.000; mean_gaze_motion=0.00; attention_stability_score=1.000; dominant_gaze_class=inside_visible; observed_frames=106
zUdMBtK2UVE_31011-31098:person_1,zUdMBtK2UVE_31011-31098,rule-based,rule-based,train,"Child gaze behavior summary. split=train, observed_frames=88, visible_ratio=1.000, on_screen_ratio=1.000, gaze_shift_ratio=0.000, occlusion_ratio=0.000, eyes_closed_ratio=0.000, mean_head_motion=1.36, mean_gaze_motion=16.32, attention_stability_score=0.992, dominant_gaze_class=inside_visible, num_segments=15, num_interactions=16, segment_types=['stable', 'shift', 'stable', 'shift', 'stable', 'shift', 'stable', 'shift'], interaction_events=['focused_attention', 'attention_shift', 'monitoring', 'attention_shift', 'monitoring', 'attention_shift', 'monitoring', 'attention_shift'].",,"[""focused_attention"", ""exploratory_attention"", ""occluded_attention"", ""reduced_visual_availability"", ""mixed_attention""]",focused_attention,0.84,"[""visible_ratio=1.000"", ""gaze_shift_ratio=0.000"", ""occlusion_ratio=0.000"", ""eyes_closed_ratio=0.000"", ""mean_gaze_motion=16.32"", ""attention_stability_score=0.992"", ""max_visible_streak=88"", ""segments=15"", ""interactions=16""]","[""Interpretation is limited to annotation-derived behavior and not video context.""]",2026-04-06T15:39:30+00:00,childplay-behavior-v1,visible_ratio=1.000; gaze_shift_ratio=0.000; occlusion_ratio=0.000; eyes_closed_ratio=0.000; mean_gaze_motion=16.32; attention_stability_score=0.992; dominant_gaze_class=inside_visible; observed_frames=88
zUdMBtK2UVE_36737-37596:person_1,zUdMBtK2UVE_36737-37596,rule-based,rule-based,train,"Child gaze behavior summary. split=train, observed_frames=860, visible_ratio=0.967, on_screen_ratio=0.967, gaze_shift_ratio=0.002, occlusion_ratio=0.000, eyes_closed_ratio=0.000, mean_head_motion=3.67, mean_gaze_motion=10.47, attention_stability_score=0.892, dominant_gaze_class=inside_visible, num_segments=48, num_interactions=49, segment_types=['stable', 'shift', 'stable', 'shift', 'stable', 'shift', 'stable', 'shift'], interaction_events=['focused_attention', 'attention_shift', 'monitoring', 'attention_shift', 'monitoring', 'attention_shift', 'monitoring', 'attention_shift'].",,"[""focused_attention"", ""exploratory_attention"", ""occluded_attention"", ""reduced_visual_availability"", ""mixed_attention""]",focused_attention,0.84,"[""visible_ratio=0.967"", ""gaze_shift_ratio=0.002"", ""occlusion_ratio=0.000"", ""eyes_closed_ratio=0.000"", ""mean_gaze_motion=10.47"", ""attention_stability_score=0.892"", ""max_visible_streak=558"", ""segments=48"", ""interactions=49""]","[""Interpretation is limited to annotation-derived behavior and not video context.""]",2026-04-06T15:39:30+00:00,childplay-behavior-v1,visible_ratio=0.967; gaze_shift_ratio=0.002; occlusion_ratio=0.000; eyes_closed_ratio=0.000; mean_gaze_motion=10.47; attention_stability_score=0.892; dominant_gaze_class=inside_visible; observed_frames=860
zUdMBtK2UVE_36737-37596:person_2,zUdMBtK2UVE_36737-37596,rule-based,rule-based,train,"Child gaze behavior summary. split=train, observed_frames=860, visible_ratio=0.900, on_screen_ratio=0.984, gaze_shift_ratio=0.016, occlusion_ratio=0.084, eyes_closed_ratio=0.000, mean_head_motion=5.20, mean_gaze_motion=11.42, attention_stability_score=0.778, dominant_gaze_class=inside_visible, num_segments=55, num_interactions=56, segment_types=['stable', 'shift', 'stable', 'shift', 'stable', 'shift', 'stable', 'occluded'], interaction_events=['monitoring', 'attention_shift', 'focused_attention', 'attention_shift', 'monitoring', 'attention_shift', 'focused_attention', 'reduced_visual_availability'].",,"[""focused_attention"", ""exploratory_attention"", ""occluded_attention"", ""reduced_visual_availability"", ""mixed_attention""]",focused_attention,0.84,"[""visible_ratio=0.900"", ""gaze_shift_ratio=0.016"", ""occlusion_ratio=0.084"", ""eyes_closed_ratio=0.000"", ""mean_gaze_motion=11.42"", ""attention_stability_score=0.778"", ""max_visible_streak=278"", ""segments=55"", ""interactions=56""]","[""Interpretation is limited to annotation-derived behavior and not video context.""]",2026-04-06T15:39:30+00:00,childplay-behavior-v1,visible_ratio=0.900; gaze_shift_ratio=0.016; occlusion_ratio=0.084; eyes_closed_ratio=0.000; mean_gaze_motion=11.42; attention_stability_score=0.778; dominant_gaze_class=inside_visible; observed_frames=860
Kaf6jiHMmYc_11126-11268:person_1,Kaf6jiHMmYc_11126-11268,rule-based,rule-based,val,"Child gaze behavior summary. split=val, observed_frames=143, visible_ratio=1.000, on_screen_ratio=1.000, gaze_shift_ratio=0.000, occlusion_ratio=0.000, eyes_closed_ratio=0.000, mean_head_motion=1.84, mean_gaze_motion=4.68, attention_stability_score=0.998, dominant_gaze_class=inside_visible, num_segments=5, num_interactions=5, segment_types=['stable', 'shift', 'stable', 'shift', 'stable'], interaction_events=['focused_attention', 'attention_shift', 'focused_attention', 'attention_shift', 'monitoring'].",,"[""focused_attention"", ""exploratory_attention"", ""occluded_attention"", ""reduced_visual_availability"", ""mixed_attention""]",focused_attention,0.84,"[""visible_ratio=1.000"", ""gaze_shift_ratio=0.000"", ""occlusion_ratio=0.000"", ""eyes_closed_ratio=0.000"", ""mean_gaze_motion=4.68"", ""attention_stability_score=0.998"", ""max_visible_streak=143"", ""segments=5"", ""interactions=5""]","[""Interpretation is limited to annotation-derived behavior and not video context.""]",2026-04-06T15:39:30+00:00,childplay-behavior-v1,visible_ratio=1.000; gaze_shift_ratio=0.000; occlusion_ratio=0.000; eyes_closed_ratio=0.000; mean_gaze_motion=4.68; attention_stability_score=0.998; dominant_gaze_class=inside_visible; observed_frames=143
Kaf6jiHMmYc_15026-15271:person_1,Kaf6jiHMmYc_15026-15271,rule-based,rule-based,val,"Child gaze behavior summary. split=val, observed_frames=246, visible_ratio=0.886, on_screen_ratio=1.000, gaze_shift_ratio=0.000, occlusion_ratio=0.114, eyes_closed_ratio=0.000, mean_head_motion=1.86, mean_gaze_motion=2.74, attention_stability_score=0.876, dominant_gaze_class=inside_visible, num_segments=7, num_interactions=7, segment_types=['stable', 'occluded', 'stable', 'occluded', 'stable', 'occluded', 'stable'], interaction_events=['monitoring', 'reduced_visual_availability', 'monitoring', 'reduced_visual_availability', 'focused_attention', 'reduced_visual_availability', 'monitoring'].",,"[""focused_attention"", ""exploratory_attention"", ""occluded_attention"", ""reduced_visual_availability"", ""mixed_attention""]",focused_attention,0.84,"[""visible_ratio=0.886"", ""gaze_shift_ratio=0.000"", ""occlusion_ratio=0.114"", ""eyes_closed_ratio=0.000"", ""mean_gaze_motion=2.74"", ""attention_stability_score=0.876"", ""max_visible_streak=176"", ""segments=7"", ""interactions=7""]","[""Interpretation is limited to annotation-derived behavior and not video context.""]",2026-04-06T15:39:30+00:00,childplay-behavior-v1,visible_ratio=0.886; gaze_shift_ratio=0.000; occlusion_ratio=0.114; eyes_closed_ratio=0.000; mean_gaze_motion=2.74; attention_stability_score=0.876; dominant_gaze_class=inside_visible; observed_frames=246
Kaf6jiHMmYc_6757-6910:person_1,Kaf6jiHMmYc_6757-6910,rule-based,rule-based,val,"Child gaze behavior summary. split=val, observed_frames=154, visible_ratio=0.779, on_screen_ratio=1.000, gaze_shift_ratio=0.000, occlusion_ratio=0.221, eyes_closed_ratio=0.000, mean_head_motion=2.25, mean_gaze_motion=11.95, attention_stability_score=0.802, dominant_gaze_class=inside_visible, num_segments=13, num_interactions=14, segment_types=['stable', 'shift', 'stable', 'occluded', 'stable', 'shift', 'stable', 'shift'], interaction_events=['monitoring', 'attention_shift', 'monitoring', 'reduced_visual_availability', 'monitoring', 'attention_shift', 'monitoring', 'attention_shift'].",,"[""focused_attention"", ""exploratory_attention"", ""occluded_attention"", ""reduced_visual_availability"", ""mixed_attention""]",focused_attention,0.84,"[""visible_ratio=0.779"", ""gaze_shift_ratio=0.000"", ""occlusion_ratio=0.221"", ""eyes_closed_ratio=0.000"", ""mean_gaze_motion=11.95"", ""attention_stability_score=0.802"", ""max_visible_streak=97"", ""segments=13"", ""interactions=14""]","[""Interpretation is partially limited by occluded or uncertain gaze frames.""]",2026-04-06T15:39:30+00:00,childplay-behavior-v1,visible_ratio=0.779; gaze_shift_ratio=0.000; occlusion_ratio=0.221; eyes_closed_ratio=0.000; mean_gaze_motion=11.95; attention_stability_score=0.802; dominant_gaze_class=inside_visible; observed_frames=154
TVe0JN9Ij6o_10-287:person_2,TVe0JN9Ij6o_10-287,rule-based,rule-based,val,"Child gaze behavior summary. split=val, observed_frames=278, visible_ratio=0.906, on_screen_ratio=0.906, gaze_shift_ratio=0.018, occlusion_ratio=0.000, eyes_closed_ratio=0.000, mean_head_motion=3.03, mean_gaze_motion=10.54, attention_stability_score=0.927, dominant_gaze_class=inside_visible, num_segments=14, num_interactions=15, segment_types=['outside', 'shift', 'outside', 'stable', 'shift', 'stable', 'shift', 'stable'], interaction_events=['reduced_visual_availability', 'attention_shift', 'reduced_visual_availability', 'monitoring', 'attention_shift', 'focused_attention', 'attention_shift', 'focused_attention'].",,"[""focused_attention"", ""exploratory_attention"", ""occluded_attention"", ""reduced_visual_availability"", ""mixed_attention""]",focused_attention,0.84,"[""visible_ratio=0.906"", ""gaze_shift_ratio=0.018"", ""occlusion_ratio=0.000"", ""eyes_closed_ratio=0.000"", ""mean_gaze_motion=10.54"", ""attention_stability_score=0.927"", ""max_visible_streak=252"", ""segments=14"", ""interactions=15""]","[""Interpretation is limited to annotation-derived behavior and not video context.""]",2026-04-06T15:39:30+00:00,childplay-behavior-v1,visible_ratio=0.906; gaze_shift_ratio=0.018; occlusion_ratio=0.000; eyes_closed_ratio=0.000; mean_gaze_motion=10.54; attention_stability_score=0.927; dominant_gaze_class=inside_visible; observed_frames=278
TVe0JN9Ij6o_10022-10669:person_2,TVe0JN9Ij6o_10022-10669,rule-based,rule-based,val,"Child gaze behavior summary. split=val, observed_frames=349, visible_ratio=0.799, on_screen_ratio=0.880, gaze_shift_ratio=0.000, occlusion_ratio=0.080, eyes_closed_ratio=0.000, mean_head_motion=3.90, mean_gaze_motion=9.37, attention_stability_score=0.823, dominant_gaze_class=inside_visible, num_segments=16, num_interactions=17, segment_types=['stable', 'occluded', 'stable', 'occluded', 'stable', 'shift', 'stable', 'shift'], interaction_events=['focused_attention', 'reduced_visual_availability', 'monitoring', 'reduced_visual_availability', 'focused_attention', 'attention_shift', 'monitoring', 'attention_shift'].",,"[""focused_attention"", ""exploratory_attention"", ""occluded_attention"", ""reduced_visual_availability"", ""mixed_attention""]",focused_attention,0.84,"[""visible_ratio=0.799"", ""gaze_shift_ratio=0.000"", ""occlusion_ratio=0.080"", ""eyes_closed_ratio=0.000"", ""mean_gaze_motion=9.37"", ""attention_stability_score=0.823"", ""max_visible_streak=234"", ""segments=16"", ""interactions=17""]","[""Interpretation is limited to annotation-derived behavior and not video context.""]",2026-04-06T15:39:30+00:00,childplay-behavior-v1,visible_ratio=0.799; gaze_shift_ratio=0.000; occlusion_ratio=0.080; eyes_closed_ratio=0.000; mean_gaze_motion=9.37; attention_stability_score=0.823; dominant_gaze_class=inside_visible; observed_frames=349
TVe0JN9Ij6o_10022-10669:person_3,TVe0JN9Ij6o_10022-10669,rule-based,rule-based,val,"Child gaze behavior summary. split=val, observed_frames=380, visible_ratio=0.918, on_screen_ratio=0.926, gaze_shift_ratio=0.024, occlusion_ratio=0.008, eyes_closed_ratio=0.000, mean_head_motion=4.91, mean_gaze_motion=9.18, attention_stability_score=0.888, dominant_gaze_class=inside_visible, num_segments=17, num_interactions=18, segment_types=['stable', 'shift', 'stable', 'occluded', 'stable', 'shift', 'stable', 'shift'], interaction_events=['focused_attention', 'attention_shift', 'monitoring', 'reduced_visual_availability', 'focused_attention', 'attention_shift', 'focused_attention', 'attention_shift'].",,"[""focused_attention"", ""exploratory_attention"", ""occluded_attention"", ""reduced_visual_availability"", ""mixed_attention""]",focused_attention,0.84,"[""visible_ratio=0.918"", ""gaze_shift_ratio=0.024"", ""occlusion_ratio=0.008"", ""eyes_closed_ratio=0.000"", ""mean_gaze_motion=9.18"", ""attention_stability_score=0.888"", ""max_visible_streak=278"", ""segments=17"", ""interactions=18""]","[""Interpretation is limited to annotation-derived behavior and not video context.""]",2026-04-06T15:39:30+00:00,childplay-behavior-v1,visible_ratio=0.918; gaze_shift_ratio=0.024; occlusion_ratio=0.008; eyes_closed_ratio=0.000; mean_gaze_motion=9.18; attention_stability_score=0.888; dominant_gaze_class=inside_visible; observed_frames=380
TVe0JN9Ij6o_14750-15000:person_2,TVe0JN9Ij6o_14750-15000,rule-based,rule-based,val,"Child gaze behavior summary. split=val, observed_frames=251, visible_ratio=0.940, on_screen_ratio=0.940, gaze_shift_ratio=0.000, occlusion_ratio=0.000, eyes_closed_ratio=0.000, mean_head_motion=0.37, mean_gaze_motion=3.68, attention_stability_score=0.956, dominant_gaze_class=inside_visible, num_segments=5, num_interactions=5, segment_types=['stable', 'shift', 'stable', 'shift', 'outside'], interaction_events=['monitoring', 'attention_shift', 'focused_attention', 'attention_shift', 'reduced_visual_availability'].",,"[""focused_attention"", ""exploratory_attention"", ""occluded_attention"", ""reduced_visual_availability"", ""mixed_attention""]",focused_attention,0.84,"[""visible_ratio=0.940"", ""gaze_shift_ratio=0.000"", ""occlusion_ratio=0.000"", ""eyes_closed_ratio=0.000"", ""mean_gaze_motion=3.68"", ""attention_stability_score=0.956"", ""max_visible_streak=236"", ""segments=5"", ""interactions=5""]","[""Interpretation is limited to annotation-derived behavior and not video context.""]",2026-04-06T15:39:30+00:00,childplay-behavior-v1,visible_ratio=0.940; gaze_shift_ratio=0.000; occlusion_ratio=0.000; eyes_closed_ratio=0.000; mean_gaze_motion=3.68; attention_stability_score=0.956; dominant_gaze_class=inside_visible; observed_frames=251
TVe0JN9Ij6o_17029-17489:person_2,TVe0JN9Ij6o_17029-17489,rule-based,rule-based,val,"Child gaze behavior summary. split=val, observed_frames=461, visible_ratio=0.972, on_screen_ratio=0.972, gaze_shift_ratio=0.000, occlusion_ratio=0.000, eyes_closed_ratio=0.000, mean_head_motion=2.97, mean_gaze_motion=2.69, attention_stability_score=0.979, dominant_gaze_class=inside_visible, num_segments=12, num_interactions=13, segment_types=['outside', 'stable', 'shift', 'stable', 'shift', 'stable', 'shift', 'stable'], interaction_events=['reduced_visual_availability', 'focused_attention', 'attention_shift', 'focused_attention', 'attention_shift', 'monitoring', 'attention_shift', 'focused_attention'].",,"[""focused_attention"", ""exploratory_attention"", ""occluded_attention"", ""reduced_visual_availability"", ""mixed_attention""]",focused_attention,0.84,"[""visible_ratio=0.972"", ""gaze_shift_ratio=0.000"", ""occlusion_ratio=0.000"", ""eyes_closed_ratio=0.000"", ""mean_gaze_motion=2.69"", ""attention_stability_score=0.979"", ""max_visible_streak=448"", ""segments=12"", ""interactions=13""]","[""Interpretation is limited to annotation-derived behavior and not video context.""]",2026-04-06T15:39:30+00:00,childplay-behavior-v1,visible_ratio=0.972; gaze_shift_ratio=0.000; occlusion_ratio=0.000; eyes_closed_ratio=0.000; mean_gaze_motion=2.69; attention_stability_score=0.979; dominant_gaze_class=inside_visible; observed_frames=461
TVe0JN9Ij6o_463-2035:person_2,TVe0JN9Ij6o_463-2035,rule-based,rule-based,val,"Child gaze behavior summary. split=val, observed_frames=1573, visible_ratio=0.972, on_screen_ratio=0.972, gaze_shift_ratio=0.026, occlusion_ratio=0.000, eyes_closed_ratio=0.000, mean_head_motion=1.65, mean_gaze_motion=8.92, attention_stability_score=0.823, dominant_gaze_class=inside_visible, num_segments=60, num_interactions=61, segment_types=['outside', 'stable', 'shift', 'stable', 'shift', 'stable', 'shift', 'stable'], interaction_events=['reduced_visual_availability', 'focused_attention', 'attention_shift', 'monitoring', 'attention_shift', 'monitoring', 'attention_shift', 'focused_attention'].",,"[""focused_attention"", ""exploratory_attention"", ""occluded_attention"", ""reduced_visual_availability"", ""mixed_attention""]",focused_attention,0.84,"[""visible_ratio=0.972"", ""gaze_shift_ratio=0.026"", ""occlusion_ratio=0.000"", ""eyes_closed_ratio=0.000"", ""mean_gaze_motion=8.92"", ""attention_stability_score=0.823"", ""max_visible_streak=591"", ""segments=60"", ""interactions=61""]","[""Interpretation is limited to annotation-derived behavior and not video context.""]",2026-04-06T15:39:30+00:00,childplay-behavior-v1,visible_ratio=0.972; gaze_shift_ratio=0.026; occlusion_ratio=0.000; eyes_closed_ratio=0.000; mean_gaze_motion=8.92; attention_stability_score=0.823; dominant_gaze_class=inside_visible; observed_frames=1573
Z9tJBluH1Zw_11118-11642:person_1,Z9tJBluH1Zw_11118-11642,rule-based,rule-based,val,"Child gaze behavior summary. split=val, observed_frames=525, visible_ratio=0.699, on_screen_ratio=0.710, gaze_shift_ratio=0.069, occlusion_ratio=0.011, eyes_closed_ratio=0.000, mean_head_motion=2.84, mean_gaze_motion=18.99, attention_stability_score=0.646, dominant_gaze_class=inside_visible, num_segments=46, num_interactions=47, segment_types=['outside', 'shift', 'stable', 'shift', 'stable', 'shift', 'stable', 'shift'], interaction_events=['reduced_visual_availability', 'attention_shift', 'monitoring', 'attention_shift', 'monitoring', 'attention_shift', 'monitoring', 'attention_shift'].",,"[""focused_attention"", ""exploratory_attention"", ""occluded_attention"", ""reduced_visual_availability"", ""mixed_attention""]",mixed_attention,0.68,"[""visible_ratio=0.699"", ""gaze_shift_ratio=0.069"", ""occlusion_ratio=0.011"", ""eyes_closed_ratio=0.000"", ""mean_gaze_motion=18.99"", ""attention_stability_score=0.646"", ""max_visible_streak=108"", ""segments=46"", ""interactions=47""]","[""Interpretation is limited to annotation-derived behavior and not video context.""]",2026-04-06T15:39:30+00:00,childplay-behavior-v1,visible_ratio=0.699; gaze_shift_ratio=0.069; occlusion_ratio=0.011; eyes_closed_ratio=0.000; mean_gaze_motion=18.99; attention_stability_score=0.646; dominant_gaze_class=inside_visible; observed_frames=525
Z9tJBluH1Zw_21634-21754:person_1,Z9tJBluH1Zw_21634-21754,rule-based,rule-based,val,"Child gaze behavior summary. split=val, observed_frames=121, visible_ratio=0.950, on_screen_ratio=0.950, gaze_shift_ratio=0.000, occlusion_ratio=0.000, eyes_closed_ratio=0.000, mean_head_motion=5.15, mean_gaze_motion=21.25, attention_stability_score=0.934, dominant_gaze_class=inside_visible, num_segments=13, num_interactions=14, segment_types=['stable', 'outside', 'stable', 'shift', 'stable', 'shift', 'stable', 'shift'], interaction_events=['monitoring', 'reduced_visual_availability', 'monitoring', 'attention_shift', 'focused_attention', 'attention_shift', 'monitoring', 'attention_shift'].",,"[""focused_attention"", ""exploratory_attention"", ""occluded_attention"", ""reduced_visual_availability"", ""mixed_attention""]",focused_attention,0.84,"[""visible_ratio=0.950"", ""gaze_shift_ratio=0.000"", ""occlusion_ratio=0.000"", ""eyes_closed_ratio=0.000"", ""mean_gaze_motion=21.25"", ""attention_stability_score=0.934"", ""max_visible_streak=105"", ""segments=13"", ""interactions=14""]","[""Interpretation is limited to annotation-derived behavior and not video context.""]",2026-04-06T15:39:30+00:00,childplay-behavior-v1,visible_ratio=0.950; gaze_shift_ratio=0.000; occlusion_ratio=0.000; eyes_closed_ratio=0.000; mean_gaze_motion=21.25; attention_stability_score=0.934; dominant_gaze_class=inside_visible; observed_frames=121
Z9tJBluH1Zw_21634-21754:person_2,Z9tJBluH1Zw_21634-21754,rule-based,rule-based,val,"Child gaze behavior summary. split=val, observed_frames=103, visible_ratio=0.845, on_screen_ratio=0.845, gaze_shift_ratio=0.068, occlusion_ratio=0.000, eyes_closed_ratio=0.000, mean_head_motion=3.47, mean_gaze_motion=10.50, attention_stability_score=0.830, dominant_gaze_class=inside_visible, num_segments=5, num_interactions=5, segment_types=['stable', 'outside', 'stable', 'shift', 'stable'], interaction_events=['monitoring', 'reduced_visual_availability', 'focused_attention', 'attention_shift', 'monitoring'].",,"[""focused_attention"", ""exploratory_attention"", ""occluded_attention"", ""reduced_visual_availability"", ""mixed_attention""]",focused_attention,0.84,"[""visible_ratio=0.845"", ""gaze_shift_ratio=0.068"", ""occlusion_ratio=0.000"", ""eyes_closed_ratio=0.000"", ""mean_gaze_motion=10.50"", ""attention_stability_score=0.830"", ""max_visible_streak=68"", ""segments=5"", ""interactions=5""]","[""Interpretation is limited to annotation-derived behavior and not video context.""]",2026-04-06T15:39:30+00:00,childplay-behavior-v1,visible_ratio=0.845; gaze_shift_ratio=0.068; occlusion_ratio=0.000; eyes_closed_ratio=0.000; mean_gaze_motion=10.50; attention_stability_score=0.830; dominant_gaze_class=inside_visible; observed_frames=103
Z9tJBluH1Zw_2561-2755:person_1,Z9tJBluH1Zw_2561-2755,rule-based,rule-based,val,"Child gaze behavior summary. split=val, observed_frames=195, visible_ratio=1.000, on_screen_ratio=1.000, gaze_shift_ratio=0.000, occlusion_ratio=0.000, eyes_closed_ratio=0.000, mean_head_motion=0.54, mean_gaze_motion=1.63, attention_stability_score=0.999, dominant_gaze_class=inside_visible, num_segments=1, num_interactions=1, segment_types=['stable'], interaction_events=['focused_attention'].",,"[""focused_attention"", ""exploratory_attention"", ""occluded_attention"", ""reduced_visual_availability"", ""mixed_attention""]",focused_attention,0.84,"[""visible_ratio=1.000"", ""gaze_shift_ratio=0.000"", ""occlusion_ratio=0.000"", ""eyes_closed_ratio=0.000"", ""mean_gaze_motion=1.63"", ""attention_stability_score=0.999"", ""max_visible_streak=195"", ""segments=1"", ""interactions=1""]","[""Interpretation is limited to annotation-derived behavior and not video context.""]",2026-04-06T15:39:30+00:00,childplay-behavior-v1,visible_ratio=1.000; gaze_shift_ratio=0.000; occlusion_ratio=0.000; eyes_closed_ratio=0.000; mean_gaze_motion=1.63; attention_stability_score=0.999; dominant_gaze_class=inside_visible; observed_frames=195
Z9tJBluH1Zw_2561-2755:person_2,Z9tJBluH1Zw_2561-2755,rule-based,rule-based,val,"Child gaze behavior summary. split=val, observed_frames=195, visible_ratio=0.985, on_screen_ratio=1.000, gaze_shift_ratio=0.000, occlusion_ratio=0.015, eyes_closed_ratio=0.000, mean_head_motion=5.27, mean_gaze_motion=14.62, attention_stability_score=0.982, dominant_gaze_class=inside_visible, num_segments=16, num_interactions=17, segment_types=['occluded', 'stable', 'shift', 'stable', 'shift', 'stable', 'shift', 'stable'], interaction_events=['reduced_visual_availability', 'focused_attention', 'attention_shift', 'monitoring', 'attention_shift', 'monitoring', 'attention_shift', 'monitoring'].",,"[""focused_attention"", ""exploratory_attention"", ""occluded_attention"", ""reduced_visual_availability"", ""mixed_attention""]",focused_attention,0.84,"[""visible_ratio=0.985"", ""gaze_shift_ratio=0.000"", ""occlusion_ratio=0.015"", ""eyes_closed_ratio=0.000"", ""mean_gaze_motion=14.62"", ""attention_stability_score=0.982"", ""max_visible_streak=192"", ""segments=16"", ""interactions=17""]","[""Interpretation is limited to annotation-derived behavior and not video context.""]",2026-04-06T15:39:30+00:00,childplay-behavior-v1,visible_ratio=0.985; gaze_shift_ratio=0.000; occlusion_ratio=0.015; eyes_closed_ratio=0.000; mean_gaze_motion=14.62; attention_stability_score=0.982; dominant_gaze_class=inside_visible; observed_frames=195
Z9tJBluH1Zw_27193-27774:person_1,Z9tJBluH1Zw_27193-27774,rule-based,rule-based,val,"Child gaze behavior summary. split=val, observed_frames=529, visible_ratio=0.870, on_screen_ratio=1.000, gaze_shift_ratio=0.000, occlusion_ratio=0.130, eyes_closed_ratio=0.000, mean_head_motion=2.49, mean_gaze_motion=7.51, attention_stability_score=0.829, dominant_gaze_class=inside_visible, num_segments=24, num_interactions=25, segment_types=['occluded', 'stable', 'shift', 'stable', 'occluded', 'stable', 'shift', 'stable'], interaction_events=['reduced_visual_availability', 'monitoring', 'attention_shift', 'focused_attention', 'reduced_visual_availability', 'focused_attention', 'attention_shift', 'focused_attention'].",,"[""focused_attention"", ""exploratory_attention"", ""occluded_attention"", ""reduced_visual_availability"", ""mixed_attention""]",focused_attention,0.84,"[""visible_ratio=0.870"", ""gaze_shift_ratio=0.000"", ""occlusion_ratio=0.130"", ""eyes_closed_ratio=0.000"", ""mean_gaze_motion=7.51"", ""attention_stability_score=0.829"", ""max_visible_streak=300"", ""segments=24"", ""interactions=25""]","[""Interpretation is limited to annotation-derived behavior and not video context.""]",2026-04-06T15:39:30+00:00,childplay-behavior-v1,visible_ratio=0.870; gaze_shift_ratio=0.000; occlusion_ratio=0.130; eyes_closed_ratio=0.000; mean_gaze_motion=7.51; attention_stability_score=0.829; dominant_gaze_class=inside_visible; observed_frames=529
Z9tJBluH1Zw_27193-27774:person_2,Z9tJBluH1Zw_27193-27774,rule-based,rule-based,val,"Child gaze behavior summary. split=val, observed_frames=582, visible_ratio=0.952, on_screen_ratio=1.000, gaze_shift_ratio=0.000, occlusion_ratio=0.048, eyes_closed_ratio=0.000, mean_head_motion=0.53, mean_gaze_motion=10.61, attention_stability_score=0.961, dominant_gaze_class=inside_visible, num_segments=25, num_interactions=26, segment_types=['occluded', 'stable', 'shift', 'stable', 'shift', 'stable', 'shift', 'stable'], interaction_events=['reduced_visual_availability', 'monitoring', 'attention_shift', 'focused_attention', 'attention_shift', 'focused_attention', 'attention_shift', 'focused_attention'].",,"[""focused_attention"", ""exploratory_attention"", ""occluded_attention"", ""reduced_visual_availability"", ""mixed_attention""]",focused_attention,0.84,"[""visible_ratio=0.952"", ""gaze_shift_ratio=0.000"", ""occlusion_ratio=0.048"", ""eyes_closed_ratio=0.000"", ""mean_gaze_motion=10.61"", ""attention_stability_score=0.961"", ""max_visible_streak=554"", ""segments=25"", ""interactions=26""]","[""Interpretation is limited to annotation-derived behavior and not video context.""]",2026-04-06T15:39:30+00:00,childplay-behavior-v1,visible_ratio=0.952; gaze_shift_ratio=0.000; occlusion_ratio=0.048; eyes_closed_ratio=0.000; mean_gaze_motion=10.61; attention_stability_score=0.961; dominant_gaze_class=inside_visible; observed_frames=582
Z9tJBluH1Zw_28790-29055:person_1,Z9tJBluH1Zw_28790-29055,rule-based,rule-based,val,"Child gaze behavior summary. split=val, observed_frames=266, visible_ratio=1.000, on_screen_ratio=1.000, gaze_shift_ratio=0.000, occlusion_ratio=0.000, eyes_closed_ratio=0.000, mean_head_motion=4.10, mean_gaze_motion=10.14, attention_stability_score=0.995, dominant_gaze_class=inside_visible, num_segments=17, num_interactions=18, segment_types=['stable', 'shift', 'stable', 'shift', 'stable', 'shift', 'stable', 'shift'], interaction_events=['focused_attention', 'attention_shift', 'monitoring', 'attention_shift', 'monitoring', 'attention_shift', 'focused_attention', 'attention_shift'].",,"[""focused_attention"", ""exploratory_attention"", ""occluded_attention"", ""reduced_visual_availability"", ""mixed_attention""]",focused_attention,0.84,"[""visible_ratio=1.000"", ""gaze_shift_ratio=0.000"", ""occlusion_ratio=0.000"", ""eyes_closed_ratio=0.000"", ""mean_gaze_motion=10.14"", ""attention_stability_score=0.995"", ""max_visible_streak=266"", ""segments=17"", ""interactions=18""]","[""Interpretation is limited to annotation-derived behavior and not video context.""]",2026-04-06T15:39:30+00:00,childplay-behavior-v1,visible_ratio=1.000; gaze_shift_ratio=0.000; occlusion_ratio=0.000; eyes_closed_ratio=0.000; mean_gaze_motion=10.14; attention_stability_score=0.995; dominant_gaze_class=inside_visible; observed_frames=266
Z9tJBluH1Zw_28790-29055:person_2,Z9tJBluH1Zw_28790-29055,rule-based,rule-based,val,"Child gaze behavior summary. split=val, observed_frames=266, visible_ratio=0.970, on_screen_ratio=0.970, gaze_shift_ratio=0.030, occlusion_ratio=0.000, eyes_closed_ratio=0.000, mean_head_motion=2.75, mean_gaze_motion=12.99, attention_stability_score=0.908, dominant_gaze_class=inside_visible, num_segments=15, num_interactions=16, segment_types=['stable', 'shift', 'stable', 'shift', 'stable', 'shift', 'stable', 'shift'], interaction_events=['focused_attention', 'attention_shift', 'monitoring', 'attention_shift', 'monitoring', 'attention_shift', 'focused_attention', 'attention_shift'].",,"[""focused_attention"", ""exploratory_attention"", ""occluded_attention"", ""reduced_visual_availability"", ""mixed_attention""]",focused_attention,0.84,"[""visible_ratio=0.970"", ""gaze_shift_ratio=0.030"", ""occlusion_ratio=0.000"", ""eyes_closed_ratio=0.000"", ""mean_gaze_motion=12.99"", ""attention_stability_score=0.908"", ""max_visible_streak=194"", ""segments=15"", ""interactions=16""]","[""Interpretation is limited to annotation-derived behavior and not video context.""]",2026-04-06T15:39:30+00:00,childplay-behavior-v1,visible_ratio=0.970; gaze_shift_ratio=0.030; occlusion_ratio=0.000; eyes_closed_ratio=0.000; mean_gaze_motion=12.99; attention_stability_score=0.908; dominant_gaze_class=inside_visible; observed_frames=266
Z9tJBluH1Zw_35962-36597:person_2,Z9tJBluH1Zw_35962-36597,rule-based,rule-based,val,"Child gaze behavior summary. split=val, observed_frames=636, visible_ratio=1.000, on_screen_ratio=1.000, gaze_shift_ratio=0.000, occlusion_ratio=0.000, eyes_closed_ratio=0.000, mean_head_motion=1.85, mean_gaze_motion=7.51, attention_stability_score=0.996, dominant_gaze_class=inside_visible, num_segments=21, num_interactions=22, segment_types=['stable', 'shift', 'stable', 'shift', 'stable', 'shift', 'stable', 'shift'], interaction_events=['monitoring', 'attention_shift', 'monitoring', 'attention_shift', 'monitoring', 'attention_shift', 'monitoring', 'attention_shift'].",,"[""focused_attention"", ""exploratory_attention"", ""occluded_attention"", ""reduced_visual_availability"", ""mixed_attention""]",focused_attention,0.84,"[""visible_ratio=1.000"", ""gaze_shift_ratio=0.000"", ""occlusion_ratio=0.000"", ""eyes_closed_ratio=0.000"", ""mean_gaze_motion=7.51"", ""attention_stability_score=0.996"", ""max_visible_streak=636"", ""segments=21"", ""interactions=22""]","[""Interpretation is limited to annotation-derived behavior and not video context.""]",2026-04-06T15:39:30+00:00,childplay-behavior-v1,visible_ratio=1.000; gaze_shift_ratio=0.000; occlusion_ratio=0.000; eyes_closed_ratio=0.000; mean_gaze_motion=7.51; attention_stability_score=0.996; dominant_gaze_class=inside_visible; observed_frames=636
Z9tJBluH1Zw_35962-36597:person_3,Z9tJBluH1Zw_35962-36597,rule-based,rule-based,val,"Child gaze behavior summary. split=val, observed_frames=636, visible_ratio=1.000, on_screen_ratio=1.000, gaze_shift_ratio=0.000, occlusion_ratio=0.000, eyes_closed_ratio=0.000, mean_head_motion=1.81, mean_gaze_motion=8.53, attention_stability_score=0.996, dominant_gaze_class=inside_visible, num_segments=17, num_interactions=18, segment_types=['stable', 'shift', 'stable', 'shift', 'stable', 'shift', 'stable', 'shift'], interaction_events=['focused_attention', 'attention_shift', 'monitoring', 'attention_shift', 'focused_attention', 'attention_shift', 'focused_attention', 'attention_shift'].",,"[""focused_attention"", ""exploratory_attention"", ""occluded_attention"", ""reduced_visual_availability"", ""mixed_attention""]",focused_attention,0.84,"[""visible_ratio=1.000"", ""gaze_shift_ratio=0.000"", ""occlusion_ratio=0.000"", ""eyes_closed_ratio=0.000"", ""mean_gaze_motion=8.53"", ""attention_stability_score=0.996"", ""max_visible_streak=636"", ""segments=17"", ""interactions=18""]","[""Interpretation is limited to annotation-derived behavior and not video context.""]",2026-04-06T15:39:30+00:00,childplay-behavior-v1,visible_ratio=1.000; gaze_shift_ratio=0.000; occlusion_ratio=0.000; eyes_closed_ratio=0.000; mean_gaze_motion=8.53; attention_stability_score=0.996; dominant_gaze_class=inside_visible; observed_frames=636
Z9tJBluH1Zw_47076-47146:person_1,Z9tJBluH1Zw_47076-47146,rule-based,rule-based,val,"Child gaze behavior summary. split=val, observed_frames=71, visible_ratio=1.000, on_screen_ratio=1.000, gaze_shift_ratio=0.000, occlusion_ratio=0.000, eyes_closed_ratio=0.000, mean_head_motion=0.19, mean_gaze_motion=11.02, attention_stability_score=0.994, dominant_gaze_class=inside_visible, num_segments=5, num_interactions=5, segment_types=['stable', 'shift', 'stable', 'shift', 'stable'], interaction_events=['monitoring', 'attention_shift', 'focused_attention', 'attention_shift', 'monitoring'].",,"[""focused_attention"", ""exploratory_attention"", ""occluded_attention"", ""reduced_visual_availability"", ""mixed_attention""]",focused_attention,0.84,"[""visible_ratio=1.000"", ""gaze_shift_ratio=0.000"", ""occlusion_ratio=0.000"", ""eyes_closed_ratio=0.000"", ""mean_gaze_motion=11.02"", ""attention_stability_score=0.994"", ""max_visible_streak=71"", ""segments=5"", ""interactions=5""]","[""Interpretation is limited to annotation-derived behavior and not video context.""]",2026-04-06T15:39:30+00:00,childplay-behavior-v1,visible_ratio=1.000; gaze_shift_ratio=0.000; occlusion_ratio=0.000; eyes_closed_ratio=0.000; mean_gaze_motion=11.02; attention_stability_score=0.994; dominant_gaze_class=inside_visible; observed_frames=71
Z9tJBluH1Zw_47076-47146:person_2,Z9tJBluH1Zw_47076-47146,rule-based,rule-based,val,"Child gaze behavior summary. split=val, observed_frames=71, visible_ratio=0.732, on_screen_ratio=0.732, gaze_shift_ratio=0.099, occlusion_ratio=0.000, eyes_closed_ratio=0.000, mean_head_motion=3.89, mean_gaze_motion=25.18, attention_stability_score=0.711, dominant_gaze_class=inside_visible, num_segments=9, num_interactions=9, segment_types=['outside', 'stable', 'shift', 'stable', 'outside', 'stable', 'shift', 'stable'], interaction_events=['reduced_visual_availability', 'monitoring', 'attention_shift', 'monitoring', 'reduced_visual_availability', 'monitoring', 'attention_shift', 'focused_attention'].",,"[""focused_attention"", ""exploratory_attention"", ""occluded_attention"", ""reduced_visual_availability"", ""mixed_attention""]",mixed_attention,0.68,"[""visible_ratio=0.732"", ""gaze_shift_ratio=0.099"", ""occlusion_ratio=0.000"", ""eyes_closed_ratio=0.000"", ""mean_gaze_motion=25.18"", ""attention_stability_score=0.711"", ""max_visible_streak=31"", ""segments=9"", ""interactions=9""]","[""Interpretation is limited to annotation-derived behavior and not video context.""]",2026-04-06T15:39:30+00:00,childplay-behavior-v1,visible_ratio=0.732; gaze_shift_ratio=0.099; occlusion_ratio=0.000; eyes_closed_ratio=0.000; mean_gaze_motion=25.18; attention_stability_score=0.711; dominant_gaze_class=inside_visible; observed_frames=71
Z9tJBluH1Zw_47076-47146:person_3,Z9tJBluH1Zw_47076-47146,rule-based,rule-based,val,"Child gaze behavior summary. split=val, observed_frames=71, visible_ratio=0.000, on_screen_ratio=0.000, gaze_shift_ratio=0.000, occlusion_ratio=0.000, eyes_closed_ratio=0.000, mean_head_motion=0.79, mean_gaze_motion=0.00, attention_stability_score=0.300, dominant_gaze_class=outside_frame, num_segments=1, num_interactions=1, segment_types=['outside'], interaction_events=['reduced_visual_availability'].",,"[""focused_attention"", ""exploratory_attention"", ""occluded_attention"", ""reduced_visual_availability"", ""mixed_attention""]",mixed_attention,0.68,"[""visible_ratio=0.000"", ""gaze_shift_ratio=0.000"", ""occlusion_ratio=0.000"", ""eyes_closed_ratio=0.000"", ""mean_gaze_motion=0.00"", ""attention_stability_score=0.300"", ""max_visible_streak=0"", ""segments=1"", ""interactions=1""]","[""Interpretation is limited to annotation-derived behavior and not video context.""]",2026-04-06T15:39:30+00:00,childplay-behavior-v1,visible_ratio=0.000; gaze_shift_ratio=0.000; occlusion_ratio=0.000; eyes_closed_ratio=0.000; mean_gaze_motion=0.00; attention_stability_score=0.300; dominant_gaze_class=outside_frame; observed_frames=71
Z9tJBluH1Zw_47375-47454:person_1,Z9tJBluH1Zw_47375-47454,rule-based,rule-based,val,"Child gaze behavior summary. split=val, observed_frames=80, visible_ratio=1.000, on_screen_ratio=1.000, gaze_shift_ratio=0.000, occlusion_ratio=0.000, eyes_closed_ratio=0.000, mean_head_motion=1.09, mean_gaze_motion=2.48, attention_stability_score=0.999, dominant_gaze_class=inside_visible, num_segments=1, num_interactions=1, segment_types=['stable'], interaction_events=['focused_attention'].",,"[""focused_attention"", ""exploratory_attention"", ""occluded_attention"", ""reduced_visual_availability"", ""mixed_attention""]",focused_attention,0.84,"[""visible_ratio=1.000"", ""gaze_shift_ratio=0.000"", ""occlusion_ratio=0.000"", ""eyes_closed_ratio=0.000"", ""mean_gaze_motion=2.48"", ""attention_stability_score=0.999"", ""max_visible_streak=80"", ""segments=1"", ""interactions=1""]","[""Interpretation is limited to annotation-derived behavior and not video context.""]",2026-04-06T15:39:30+00:00,childplay-behavior-v1,visible_ratio=1.000; gaze_shift_ratio=0.000; occlusion_ratio=0.000; eyes_closed_ratio=0.000; mean_gaze_motion=2.48; attention_stability_score=0.999; dominant_gaze_class=inside_visible; observed_frames=80
Z9tJBluH1Zw_47375-47454:person_2,Z9tJBluH1Zw_47375-47454,rule-based,rule-based,val,"Child gaze behavior summary. split=val, observed_frames=80, visible_ratio=1.000, on_screen_ratio=1.000, gaze_shift_ratio=0.000, occlusion_ratio=0.000, eyes_closed_ratio=0.000, mean_head_motion=1.27, mean_gaze_motion=1.92, attention_stability_score=0.999, dominant_gaze_class=inside_visible, num_segments=1, num_interactions=1, segment_types=['stable'], interaction_events=['focused_attention'].",,"[""focused_attention"", ""exploratory_attention"", ""occluded_attention"", ""reduced_visual_availability"", ""mixed_attention""]",focused_attention,0.84,"[""visible_ratio=1.000"", ""gaze_shift_ratio=0.000"", ""occlusion_ratio=0.000"", ""eyes_closed_ratio=0.000"", ""mean_gaze_motion=1.92"", ""attention_stability_score=0.999"", ""max_visible_streak=80"", ""segments=1"", ""interactions=1""]","[""Interpretation is limited to annotation-derived behavior and not video context.""]",2026-04-06T15:39:30+00:00,childplay-behavior-v1,visible_ratio=1.000; gaze_shift_ratio=0.000; occlusion_ratio=0.000; eyes_closed_ratio=0.000; mean_gaze_motion=1.92; attention_stability_score=0.999; dominant_gaze_class=inside_visible; observed_frames=80
Z9tJBluH1Zw_57969-58294:person_1,Z9tJBluH1Zw_57969-58294,rule-based,rule-based,val,"Child gaze behavior summary. split=val, observed_frames=326, visible_ratio=0.798, on_screen_ratio=0.960, gaze_shift_ratio=0.040, occlusion_ratio=0.163, eyes_closed_ratio=0.000, mean_head_motion=1.02, mean_gaze_motion=17.40, attention_stability_score=0.722, dominant_gaze_class=inside_visible, num_segments=25, num_interactions=26, segment_types=['stable', 'shift', 'stable', 'shift', 'stable', 'shift', 'stable', 'shift'], interaction_events=['monitoring', 'attention_shift', 'focused_attention', 'attention_shift', 'focused_attention', 'attention_shift', 'monitoring', 'attention_shift'].",,"[""focused_attention"", ""exploratory_attention"", ""occluded_attention"", ""reduced_visual_availability"", ""mixed_attention""]",focused_attention,0.84,"[""visible_ratio=0.798"", ""gaze_shift_ratio=0.040"", ""occlusion_ratio=0.163"", ""eyes_closed_ratio=0.000"", ""mean_gaze_motion=17.40"", ""attention_stability_score=0.722"", ""max_visible_streak=102"", ""segments=25"", ""interactions=26""]","[""Interpretation is limited to annotation-derived behavior and not video context.""]",2026-04-06T15:39:30+00:00,childplay-behavior-v1,visible_ratio=0.798; gaze_shift_ratio=0.040; occlusion_ratio=0.163; eyes_closed_ratio=0.000; mean_gaze_motion=17.40; attention_stability_score=0.722; dominant_gaze_class=inside_visible; observed_frames=326
Z9tJBluH1Zw_57969-58294:person_3,Z9tJBluH1Zw_57969-58294,rule-based,rule-based,val,"Child gaze behavior summary. split=val, observed_frames=320, visible_ratio=0.863, on_screen_ratio=1.000, gaze_shift_ratio=0.000, occlusion_ratio=0.138, eyes_closed_ratio=0.000, mean_head_motion=4.44, mean_gaze_motion=11.95, attention_stability_score=0.886, dominant_gaze_class=inside_visible, num_segments=24, num_interactions=25, segment_types=['stable', 'shift', 'stable', 'shift', 'stable', 'shift', 'stable', 'shift'], interaction_events=['monitoring', 'attention_shift', 'monitoring', 'attention_shift', 'monitoring', 'attention_shift', 'monitoring', 'attention_shift'].",,"[""focused_attention"", ""exploratory_attention"", ""occluded_attention"", ""reduced_visual_availability"", ""mixed_attention""]",focused_attention,0.84,"[""visible_ratio=0.863"", ""gaze_shift_ratio=0.000"", ""occlusion_ratio=0.138"", ""eyes_closed_ratio=0.000"", ""mean_gaze_motion=11.95"", ""attention_stability_score=0.886"", ""max_visible_streak=261"", ""segments=24"", ""interactions=25""]","[""Interpretation is limited to annotation-derived behavior and not video context.""]",2026-04-06T15:39:30+00:00,childplay-behavior-v1,visible_ratio=0.863; gaze_shift_ratio=0.000; occlusion_ratio=0.138; eyes_closed_ratio=0.000; mean_gaze_motion=11.95; attention_stability_score=0.886; dominant_gaze_class=inside_visible; observed_frames=320
bI1GohGXSt0_2073-2675:person_1,bI1GohGXSt0_2073-2675,rule-based,rule-based,val,"Child gaze behavior summary. split=val, observed_frames=603, visible_ratio=0.650, on_screen_ratio=0.700, gaze_shift_ratio=0.300, occlusion_ratio=0.050, eyes_closed_ratio=0.000, mean_head_motion=1.32, mean_gaze_motion=4.11, attention_stability_score=0.687, dominant_gaze_class=inside_visible, num_segments=6, num_interactions=6, segment_types=['stable', 'occluded', 'shift', 'stable', 'shift', 'stable'], interaction_events=['focused_attention', 'reduced_visual_availability', 'attention_shift', 'focused_attention', 'attention_shift', 'monitoring'].",,"[""focused_attention"", ""exploratory_attention"", ""occluded_attention"", ""reduced_visual_availability"", ""mixed_attention""]",exploratory_attention,0.8,"[""visible_ratio=0.650"", ""gaze_shift_ratio=0.300"", ""occlusion_ratio=0.050"", ""eyes_closed_ratio=0.000"", ""mean_gaze_motion=4.11"", ""attention_stability_score=0.687"", ""max_visible_streak=341"", ""segments=6"", ""interactions=6""]","[""Interpretation is limited to annotation-derived behavior and not video context.""]",2026-04-06T15:39:30+00:00,childplay-behavior-v1,visible_ratio=0.650; gaze_shift_ratio=0.300; occlusion_ratio=0.050; eyes_closed_ratio=0.000; mean_gaze_motion=4.11; attention_stability_score=0.687; dominant_gaze_class=inside_visible; observed_frames=603
bI1GohGXSt0_30456-31432:person_1,bI1GohGXSt0_30456-31432,rule-based,rule-based,val,"Child gaze behavior summary. split=val, observed_frames=977, visible_ratio=0.594, on_screen_ratio=0.654, gaze_shift_ratio=0.321, occlusion_ratio=0.060, eyes_closed_ratio=0.000, mean_head_motion=1.03, mean_gaze_motion=7.14, attention_stability_score=0.564, dominant_gaze_class=inside_visible, num_segments=16, num_interactions=17, segment_types=['stable', 'occluded', 'stable', 'shift', 'stable', 'shift', 'stable', 'outside'], interaction_events=['focused_attention', 'reduced_visual_availability', 'monitoring', 'attention_shift', 'focused_attention', 'attention_shift', 'monitoring', 'reduced_visual_availability'].",,"[""focused_attention"", ""exploratory_attention"", ""occluded_attention"", ""reduced_visual_availability"", ""mixed_attention""]",exploratory_attention,0.8,"[""visible_ratio=0.594"", ""gaze_shift_ratio=0.321"", ""occlusion_ratio=0.060"", ""eyes_closed_ratio=0.000"", ""mean_gaze_motion=7.14"", ""attention_stability_score=0.564"", ""max_visible_streak=192"", ""segments=16"", ""interactions=17""]","[""Interpretation is limited to annotation-derived behavior and not video context.""]",2026-04-06T15:39:30+00:00,childplay-behavior-v1,visible_ratio=0.594; gaze_shift_ratio=0.321; occlusion_ratio=0.060; eyes_closed_ratio=0.000; mean_gaze_motion=7.14; attention_stability_score=0.564; dominant_gaze_class=inside_visible; observed_frames=977
bI1GohGXSt0_40031-40552:person_1,bI1GohGXSt0_40031-40552,rule-based,rule-based,val,"Child gaze behavior summary. split=val, observed_frames=522, visible_ratio=0.833, on_screen_ratio=0.925, gaze_shift_ratio=0.008, occlusion_ratio=0.092, eyes_closed_ratio=0.000, mean_head_motion=1.88, mean_gaze_motion=6.11, attention_stability_score=0.847, dominant_gaze_class=inside_visible, num_segments=23, num_interactions=24, segment_types=['stable', 'shift', 'stable', 'shift', 'stable', 'shift', 'stable', 'occluded'], interaction_events=['monitoring', 'attention_shift', 'monitoring', 'attention_shift', 'monitoring', 'attention_shift', 'monitoring', 'reduced_visual_availability'].",,"[""focused_attention"", ""exploratory_attention"", ""occluded_attention"", ""reduced_visual_availability"", ""mixed_attention""]",focused_attention,0.84,"[""visible_ratio=0.833"", ""gaze_shift_ratio=0.008"", ""occlusion_ratio=0.092"", ""eyes_closed_ratio=0.000"", ""mean_gaze_motion=6.11"", ""attention_stability_score=0.847"", ""max_visible_streak=368"", ""segments=23"", ""interactions=24""]","[""Interpretation is limited to annotation-derived behavior and not video context.""]",2026-04-06T15:39:30+00:00,childplay-behavior-v1,visible_ratio=0.833; gaze_shift_ratio=0.008; occlusion_ratio=0.092; eyes_closed_ratio=0.000; mean_gaze_motion=6.11; attention_stability_score=0.847; dominant_gaze_class=inside_visible; observed_frames=522
bI1GohGXSt0_4992-5101:person_1,bI1GohGXSt0_4992-5101,rule-based,rule-based,val,"Child gaze behavior summary. split=val, observed_frames=110, visible_ratio=0.882, on_screen_ratio=0.882, gaze_shift_ratio=0.027, occlusion_ratio=0.000, eyes_closed_ratio=0.000, mean_head_motion=1.41, mean_gaze_motion=12.33, attention_stability_score=0.814, dominant_gaze_class=inside_visible, num_segments=6, num_interactions=6, segment_types=['stable', 'shift', 'outside', 'stable', 'outside', 'stable'], interaction_events=['monitoring', 'attention_shift', 'reduced_visual_availability', 'focused_attention', 'reduced_visual_availability', 'focused_attention'].",,"[""focused_attention"", ""exploratory_attention"", ""occluded_attention"", ""reduced_visual_availability"", ""mixed_attention""]",focused_attention,0.84,"[""visible_ratio=0.882"", ""gaze_shift_ratio=0.027"", ""occlusion_ratio=0.000"", ""eyes_closed_ratio=0.000"", ""mean_gaze_motion=12.33"", ""attention_stability_score=0.814"", ""max_visible_streak=56"", ""segments=6"", ""interactions=6""]","[""Interpretation is limited to annotation-derived behavior and not video context.""]",2026-04-06T15:39:30+00:00,childplay-behavior-v1,visible_ratio=0.882; gaze_shift_ratio=0.027; occlusion_ratio=0.000; eyes_closed_ratio=0.000; mean_gaze_motion=12.33; attention_stability_score=0.814; dominant_gaze_class=inside_visible; observed_frames=110
qSygRnE4D54_1645-1839:person_1,qSygRnE4D54_1645-1839,rule-based,rule-based,val,"Child gaze behavior summary. split=val, observed_frames=195, visible_ratio=0.995, on_screen_ratio=0.995, gaze_shift_ratio=0.000, occlusion_ratio=0.000, eyes_closed_ratio=0.000, mean_head_motion=1.64, mean_gaze_motion=10.90, attention_stability_score=0.917, dominant_gaze_class=inside_visible, num_segments=7, num_interactions=7, segment_types=['stable', 'outside', 'stable', 'shift', 'stable', 'shift', 'stable'], interaction_events=['focused_attention', 'reduced_visual_availability', 'monitoring', 'attention_shift', 'focused_attention', 'attention_shift', 'monitoring'].",,"[""focused_attention"", ""exploratory_attention"", ""occluded_attention"", ""reduced_visual_availability"", ""mixed_attention""]",focused_attention,0.84,"[""visible_ratio=0.995"", ""gaze_shift_ratio=0.000"", ""occlusion_ratio=0.000"", ""eyes_closed_ratio=0.000"", ""mean_gaze_motion=10.90"", ""attention_stability_score=0.917"", ""max_visible_streak=136"", ""segments=7"", ""interactions=7""]","[""Interpretation is limited to annotation-derived behavior and not video context.""]",2026-04-06T15:39:30+00:00,childplay-behavior-v1,visible_ratio=0.995; gaze_shift_ratio=0.000; occlusion_ratio=0.000; eyes_closed_ratio=0.000; mean_gaze_motion=10.90; attention_stability_score=0.917; dominant_gaze_class=inside_visible; observed_frames=195
qSygRnE4D54_1945-1981:person_1,qSygRnE4D54_1945-1981,rule-based,rule-based,val,"Child gaze behavior summary. split=val, observed_frames=37, visible_ratio=1.000, on_screen_ratio=1.000, gaze_shift_ratio=0.000, occlusion_ratio=0.000, eyes_closed_ratio=0.000, mean_head_motion=2.69, mean_gaze_motion=12.93, attention_stability_score=0.994, dominant_gaze_class=inside_visible, num_segments=3, num_interactions=3, segment_types=['stable', 'shift', 'stable'], interaction_events=['monitoring', 'attention_shift', 'monitoring'].",,"[""focused_attention"", ""exploratory_attention"", ""occluded_attention"", ""reduced_visual_availability"", ""mixed_attention""]",focused_attention,0.84,"[""visible_ratio=1.000"", ""gaze_shift_ratio=0.000"", ""occlusion_ratio=0.000"", ""eyes_closed_ratio=0.000"", ""mean_gaze_motion=12.93"", ""attention_stability_score=0.994"", ""max_visible_streak=37"", ""segments=3"", ""interactions=3""]","[""Short clips provide less temporal evidence than longer sequences.""]",2026-04-06T15:39:30+00:00,childplay-behavior-v1,visible_ratio=1.000; gaze_shift_ratio=0.000; occlusion_ratio=0.000; eyes_closed_ratio=0.000; mean_gaze_motion=12.93; attention_stability_score=0.994; dominant_gaze_class=inside_visible; observed_frames=37
qSygRnE4D54_4151-4307:person_1,qSygRnE4D54_4151-4307,rule-based,rule-based,val,"Child gaze behavior summary. split=val, observed_frames=157, visible_ratio=1.000, on_screen_ratio=1.000, gaze_shift_ratio=0.000, occlusion_ratio=0.000, eyes_closed_ratio=0.000, mean_head_motion=1.20, mean_gaze_motion=4.02, attention_stability_score=0.998, dominant_gaze_class=inside_visible, num_segments=5, num_interactions=5, segment_types=['stable', 'shift', 'stable', 'shift', 'stable'], interaction_events=['focused_attention', 'attention_shift', 'focused_attention', 'attention_shift', 'focused_attention'].",,"[""focused_attention"", ""exploratory_attention"", ""occluded_attention"", ""reduced_visual_availability"", ""mixed_attention""]",focused_attention,0.84,"[""visible_ratio=1.000"", ""gaze_shift_ratio=0.000"", ""occlusion_ratio=0.000"", ""eyes_closed_ratio=0.000"", ""mean_gaze_motion=4.02"", ""attention_stability_score=0.998"", ""max_visible_streak=157"", ""segments=5"", ""interactions=5""]","[""Interpretation is limited to annotation-derived behavior and not video context.""]",2026-04-06T15:39:30+00:00,childplay-behavior-v1,visible_ratio=1.000; gaze_shift_ratio=0.000; occlusion_ratio=0.000; eyes_closed_ratio=0.000; mean_gaze_motion=4.02; attention_stability_score=0.998; dominant_gaze_class=inside_visible; observed_frames=157
rLRfPneawQs_2054-2806:person_1,rLRfPneawQs_2054-2806,rule-based,rule-based,val,"Child gaze behavior summary. split=val, observed_frames=753, visible_ratio=0.963, on_screen_ratio=0.963, gaze_shift_ratio=0.037, occlusion_ratio=0.000, eyes_closed_ratio=0.000, mean_head_motion=5.53, mean_gaze_motion=6.70, attention_stability_score=0.809, dominant_gaze_class=inside_visible, num_segments=25, num_interactions=26, segment_types=['stable', 'shift', 'stable', 'shift', 'stable', 'shift', 'stable', 'shift'], interaction_events=['focused_attention', 'attention_shift', 'monitoring', 'attention_shift', 'monitoring', 'attention_shift', 'monitoring', 'attention_shift'].",,"[""focused_attention"", ""exploratory_attention"", ""occluded_attention"", ""reduced_visual_availability"", ""mixed_attention""]",focused_attention,0.84,"[""visible_ratio=0.963"", ""gaze_shift_ratio=0.037"", ""occlusion_ratio=0.000"", ""eyes_closed_ratio=0.000"", ""mean_gaze_motion=6.70"", ""attention_stability_score=0.809"", ""max_visible_streak=256"", ""segments=25"", ""interactions=26""]","[""Interpretation is limited to annotation-derived behavior and not video context.""]",2026-04-06T15:39:30+00:00,childplay-behavior-v1,visible_ratio=0.963; gaze_shift_ratio=0.037; occlusion_ratio=0.000; eyes_closed_ratio=0.000; mean_gaze_motion=6.70; attention_stability_score=0.809; dominant_gaze_class=inside_visible; observed_frames=753
rLRfPneawQs_3123-3495:person_1,rLRfPneawQs_3123-3495,rule-based,rule-based,val,"Child gaze behavior summary. split=val, observed_frames=373, visible_ratio=0.863, on_screen_ratio=0.930, gaze_shift_ratio=0.070, occlusion_ratio=0.067, eyes_closed_ratio=0.000, mean_head_motion=3.71, mean_gaze_motion=17.00, attention_stability_score=0.721, dominant_gaze_class=inside_visible, num_segments=36, num_interactions=37, segment_types=['stable', 'shift', 'stable', 'shift', 'stable', 'shift', 'stable', 'shift'], interaction_events=['monitoring', 'attention_shift', 'monitoring', 'attention_shift', 'monitoring', 'attention_shift', 'monitoring', 'attention_shift'].",,"[""focused_attention"", ""exploratory_attention"", ""occluded_attention"", ""reduced_visual_availability"", ""mixed_attention""]",focused_attention,0.84,"[""visible_ratio=0.863"", ""gaze_shift_ratio=0.070"", ""occlusion_ratio=0.067"", ""eyes_closed_ratio=0.000"", ""mean_gaze_motion=17.00"", ""attention_stability_score=0.721"", ""max_visible_streak=77"", ""segments=36"", ""interactions=37""]","[""Interpretation is limited to annotation-derived behavior and not video context.""]",2026-04-06T15:39:30+00:00,childplay-behavior-v1,visible_ratio=0.863; gaze_shift_ratio=0.070; occlusion_ratio=0.067; eyes_closed_ratio=0.000; mean_gaze_motion=17.00; attention_stability_score=0.721; dominant_gaze_class=inside_visible; observed_frames=373
