child_id,clip_id,split,feature_summary,final_label,predictions_json,confidences_json
1Ab4vLMMAbY_2354-2439:person_1,1Ab4vLMMAbY_2354-2439,test,visible_ratio=0.919; gaze_shift_ratio=0.047; occlusion_ratio=0.000; eyes_closed_ratio=0.000; mean_gaze_motion=19.52; attention_stability_score=0.822; dominant_gaze_class=inside_visible; observed_frames=86,focused_attention,"{""rule-based"": ""focused_attention"", ""zero-shot:facebook/bart-large-mnli"": ""reduced_visual_availability"", ""zero-shot:typeform/distilbert-base-uncased-mnli"": ""reduced_visual_availability""}","{""rule-based"": 0.84, ""zero-shot:facebook/bart-large-mnli"": 0.40938112139701843, ""zero-shot:typeform/distilbert-base-uncased-mnli"": 0.48437532782554626}"
1Ab4vLMMAbY_412-554:person_1,1Ab4vLMMAbY_412-554,test,visible_ratio=0.783; gaze_shift_ratio=0.028; occlusion_ratio=0.189; eyes_closed_ratio=0.000; mean_gaze_motion=26.93; attention_stability_score=0.741; dominant_gaze_class=inside_visible; observed_frames=143,focused_attention,"{""rule-based"": ""focused_attention"", ""zero-shot:facebook/bart-large-mnli"": ""reduced_visual_availability"", ""zero-shot:typeform/distilbert-base-uncased-mnli"": ""exploratory_attention""}","{""rule-based"": 0.84, ""zero-shot:facebook/bart-large-mnli"": 0.3835490047931671, ""zero-shot:typeform/distilbert-base-uncased-mnli"": 0.27901649475097656}"
1Ab4vLMMAbY_557-690:person_1,1Ab4vLMMAbY_557-690,test,visible_ratio=1.000; gaze_shift_ratio=0.000; occlusion_ratio=0.000; eyes_closed_ratio=0.000; mean_gaze_motion=26.65; attention_stability_score=0.987; dominant_gaze_class=inside_visible; observed_frames=134,focused_attention,"{""rule-based"": ""focused_attention"", ""zero-shot:facebook/bart-large-mnli"": ""exploratory_attention"", ""zero-shot:typeform/distilbert-base-uncased-mnli"": ""exploratory_attention""}","{""rule-based"": 0.84, ""zero-shot:facebook/bart-large-mnli"": 0.4319308400154114, ""zero-shot:typeform/distilbert-base-uncased-mnli"": 0.499067097902298}"
1Aea8BH-PCs_1256-1506:person_1,1Aea8BH-PCs_1256-1506,train,visible_ratio=0.976; gaze_shift_ratio=0.024; occlusion_ratio=0.000; eyes_closed_ratio=0.000; mean_gaze_motion=11.34; attention_stability_score=0.926; dominant_gaze_class=inside_visible; observed_frames=251,,"{""rule-based"": ""focused_attention"", ""zero-shot:facebook/bart-large-mnli"": ""mixed_attention"", ""zero-shot:typeform/distilbert-base-uncased-mnli"": ""exploratory_attention""}","{""rule-based"": 0.84, ""zero-shot:facebook/bart-large-mnli"": 0.27748051285743713, ""zero-shot:typeform/distilbert-base-uncased-mnli"": 0.3707481324672699}"
1Aea8BH-PCs_3248-3602:person_1,1Aea8BH-PCs_3248-3602,train,visible_ratio=1.000; gaze_shift_ratio=0.000; occlusion_ratio=0.000; eyes_closed_ratio=0.000; mean_gaze_motion=12.41; attention_stability_score=0.994; dominant_gaze_class=inside_visible; observed_frames=355,,"{""rule-based"": ""focused_attention"", ""zero-shot:facebook/bart-large-mnli"": ""focused_attention"", ""zero-shot:typeform/distilbert-base-uncased-mnli"": ""exploratory_attention""}","{""rule-based"": 0.84, ""zero-shot:facebook/bart-large-mnli"": 0.4701581299304962, ""zero-shot:typeform/distilbert-base-uncased-mnli"": 0.3806787431240082}"
1Aea8BH-PCs_3612-3844:person_1,1Aea8BH-PCs_3612-3844,train,visible_ratio=0.991; gaze_shift_ratio=0.009; occlusion_ratio=0.000; eyes_closed_ratio=0.000; mean_gaze_motion=48.08; attention_stability_score=0.959; dominant_gaze_class=inside_visible; observed_frames=233,,"{""rule-based"": ""focused_attention"", ""zero-shot:facebook/bart-large-mnli"": ""mixed_attention"", ""zero-shot:typeform/distilbert-base-uncased-mnli"": ""exploratory_attention""}","{""rule-based"": 0.84, ""zero-shot:facebook/bart-large-mnli"": 0.3326410949230194, ""zero-shot:typeform/distilbert-base-uncased-mnli"": 0.3486833870410919}"
1Aea8BH-PCs_948-1055:person_2,1Aea8BH-PCs_948-1055,train,visible_ratio=1.000; gaze_shift_ratio=0.000; occlusion_ratio=0.000; eyes_closed_ratio=0.000; mean_gaze_motion=10.53; attention_stability_score=0.995; dominant_gaze_class=inside_visible; observed_frames=108,,"{""rule-based"": ""focused_attention"", ""zero-shot:facebook/bart-large-mnli"": ""focused_attention"", ""zero-shot:typeform/distilbert-base-uncased-mnli"": ""exploratory_attention""}","{""rule-based"": 0.84, ""zero-shot:facebook/bart-large-mnli"": 0.590646505355835, ""zero-shot:typeform/distilbert-base-uncased-mnli"": 0.5735856890678406}"
2AT3ped6GsI_238-377:person_2,2AT3ped6GsI_238-377,train,visible_ratio=0.893; gaze_shift_ratio=0.107; occlusion_ratio=0.000; eyes_closed_ratio=0.000; mean_gaze_motion=8.75; attention_stability_score=0.855; dominant_gaze_class=inside_visible; observed_frames=140,,"{""rule-based"": ""mixed_attention"", ""zero-shot:facebook/bart-large-mnli"": ""occluded_attention"", ""zero-shot:typeform/distilbert-base-uncased-mnli"": ""exploratory_attention""}","{""rule-based"": 0.68, ""zero-shot:facebook/bart-large-mnli"": 0.35194969177246094, ""zero-shot:typeform/distilbert-base-uncased-mnli"": 0.42122983932495117}"
2AT3ped6GsI_238-377:person_3,2AT3ped6GsI_238-377,train,visible_ratio=0.979; gaze_shift_ratio=0.021; occlusion_ratio=0.000; eyes_closed_ratio=0.000; mean_gaze_motion=4.40; attention_stability_score=0.965; dominant_gaze_class=inside_visible; observed_frames=140,,"{""rule-based"": ""focused_attention"", ""zero-shot:facebook/bart-large-mnli"": ""focused_attention"", ""zero-shot:typeform/distilbert-base-uncased-mnli"": ""exploratory_attention""}","{""rule-based"": 0.84, ""zero-shot:facebook/bart-large-mnli"": 0.24645240604877472, ""zero-shot:typeform/distilbert-base-uncased-mnli"": 0.34306490421295166}"
2b1zXYv7Fn8_230-1773:person_1,2b1zXYv7Fn8_230-1773,train,visible_ratio=0.873; gaze_shift_ratio=0.100; occlusion_ratio=0.025; eyes_closed_ratio=0.000; mean_gaze_motion=5.78; attention_stability_score=0.733; dominant_gaze_class=inside_visible; observed_frames=1544,,"{""rule-based"": ""focused_attention"", ""zero-shot:facebook/bart-large-mnli"": ""occluded_attention"", ""zero-shot:typeform/distilbert-base-uncased-mnli"": ""exploratory_attention""}","{""rule-based"": 0.84, ""zero-shot:facebook/bart-large-mnli"": 0.3066973090171814, ""zero-shot:typeform/distilbert-base-uncased-mnli"": 0.2601279020309448}"
2b1zXYv7Fn8_3325-5040:person_1,2b1zXYv7Fn8_3325-5040,train,visible_ratio=0.843; gaze_shift_ratio=0.133; occlusion_ratio=0.013; eyes_closed_ratio=0.000; mean_gaze_motion=6.13; attention_stability_score=0.689; dominant_gaze_class=inside_visible; observed_frames=1716,,"{""rule-based"": ""mixed_attention"", ""zero-shot:facebook/bart-large-mnli"": ""reduced_visual_availability"", ""zero-shot:typeform/distilbert-base-uncased-mnli"": ""exploratory_attention""}","{""rule-based"": 0.68, ""zero-shot:facebook/bart-large-mnli"": 0.4004538655281067, ""zero-shot:typeform/distilbert-base-uncased-mnli"": 0.2760864794254303}"
31lG75MDwSA_2857-2928:person_1,31lG75MDwSA_2857-2928,test,visible_ratio=1.000; gaze_shift_ratio=0.000; occlusion_ratio=0.000; eyes_closed_ratio=0.000; mean_gaze_motion=26.70; attention_stability_score=0.987; dominant_gaze_class=inside_visible; observed_frames=72,focused_attention,"{""rule-based"": ""focused_attention"", ""zero-shot:facebook/bart-large-mnli"": ""reduced_visual_availability"", ""zero-shot:typeform/distilbert-base-uncased-mnli"": ""exploratory_attention""}","{""rule-based"": 0.84, ""zero-shot:facebook/bart-large-mnli"": 0.3347887098789215, ""zero-shot:typeform/distilbert-base-uncased-mnli"": 0.3768729865550995}"
31lG75MDwSA_3180-3306:person_1,31lG75MDwSA_3180-3306,test,visible_ratio=0.976; gaze_shift_ratio=0.024; occlusion_ratio=0.000; eyes_closed_ratio=0.000; mean_gaze_motion=15.54; attention_stability_score=0.854; dominant_gaze_class=inside_visible; observed_frames=127,focused_attention,"{""rule-based"": ""focused_attention"", ""zero-shot:facebook/bart-large-mnli"": ""mixed_attention"", ""zero-shot:typeform/distilbert-base-uncased-mnli"": ""exploratory_attention""}","{""rule-based"": 0.84, ""zero-shot:facebook/bart-large-mnli"": 0.25805148482322693, ""zero-shot:typeform/distilbert-base-uncased-mnli"": 0.32761433720588684}"
31lG75MDwSA_4686-4764:person_2,31lG75MDwSA_4686-4764,test,visible_ratio=0.671; gaze_shift_ratio=0.177; occlusion_ratio=0.152; eyes_closed_ratio=0.000; mean_gaze_motion=18.14; attention_stability_score=0.649; dominant_gaze_class=inside_visible; observed_frames=79,exploratory_attention,"{""rule-based"": ""mixed_attention"", ""zero-shot:facebook/bart-large-mnli"": ""reduced_visual_availability"", ""zero-shot:typeform/distilbert-base-uncased-mnli"": ""exploratory_attention""}","{""rule-based"": 0.68, ""zero-shot:facebook/bart-large-mnli"": 0.3064556419849396, ""zero-shot:typeform/distilbert-base-uncased-mnli"": 0.28443583846092224}"
3mXFJ8S-boU_1532-1683:person_1,3mXFJ8S-boU_1532-1683,train,visible_ratio=0.763; gaze_shift_ratio=0.046; occlusion_ratio=0.000; eyes_closed_ratio=0.000; mean_gaze_motion=7.31; attention_stability_score=0.748; dominant_gaze_class=inside_visible; observed_frames=152,,"{""rule-based"": ""focused_attention"", ""zero-shot:facebook/bart-large-mnli"": ""exploratory_attention"", ""zero-shot:typeform/distilbert-base-uncased-mnli"": ""exploratory_attention""}","{""rule-based"": 0.84, ""zero-shot:facebook/bart-large-mnli"": 0.36056825518608093, ""zero-shot:typeform/distilbert-base-uncased-mnli"": 0.3496588170528412}"
3mXFJ8S-boU_1716-2076:person_1,3mXFJ8S-boU_1716-2076,train,visible_ratio=0.271; gaze_shift_ratio=0.030; occlusion_ratio=0.368; eyes_closed_ratio=0.000; mean_gaze_motion=25.19; attention_stability_score=0.444; dominant_gaze_class=inside_uncertain; observed_frames=361,,"{""rule-based"": ""occluded_attention"", ""zero-shot:facebook/bart-large-mnli"": ""reduced_visual_availability"", ""zero-shot:typeform/distilbert-base-uncased-mnli"": ""reduced_visual_availability""}","{""rule-based"": 0.74, ""zero-shot:facebook/bart-large-mnli"": 0.635284960269928, ""zero-shot:typeform/distilbert-base-uncased-mnli"": 0.35527145862579346}"
3mXFJ8S-boU_2189-2419:person_1,3mXFJ8S-boU_2189-2419,train,visible_ratio=1.000; gaze_shift_ratio=0.000; occlusion_ratio=0.000; eyes_closed_ratio=0.000; mean_gaze_motion=8.65; attention_stability_score=0.996; dominant_gaze_class=inside_visible; observed_frames=231,,"{""rule-based"": ""focused_attention"", ""zero-shot:facebook/bart-large-mnli"": ""mixed_attention"", ""zero-shot:typeform/distilbert-base-uncased-mnli"": ""exploratory_attention""}","{""rule-based"": 0.84, ""zero-shot:facebook/bart-large-mnli"": 0.3173865079879761, ""zero-shot:typeform/distilbert-base-uncased-mnli"": 0.4225647747516632}"
3mXFJ8S-boU_2189-2419:person_3,3mXFJ8S-boU_2189-2419,train,visible_ratio=0.983; gaze_shift_ratio=0.017; occlusion_ratio=0.000; eyes_closed_ratio=0.000; mean_gaze_motion=9.08; attention_stability_score=0.947; dominant_gaze_class=inside_visible; observed_frames=231,,"{""rule-based"": ""focused_attention"", ""zero-shot:facebook/bart-large-mnli"": ""exploratory_attention"", ""zero-shot:typeform/distilbert-base-uncased-mnli"": ""exploratory_attention""}","{""rule-based"": 0.84, ""zero-shot:facebook/bart-large-mnli"": 0.3616102933883667, ""zero-shot:typeform/distilbert-base-uncased-mnli"": 0.3940105736255646}"
3mXFJ8S-boU_4218-4655:person_1,3mXFJ8S-boU_4218-4655,train,visible_ratio=0.635; gaze_shift_ratio=0.053; occlusion_ratio=0.014; eyes_closed_ratio=0.000; mean_gaze_motion=11.93; attention_stability_score=0.624; dominant_gaze_class=inside_visible; observed_frames=438,,"{""rule-based"": ""mixed_attention"", ""zero-shot:facebook/bart-large-mnli"": ""focused_attention"", ""zero-shot:typeform/distilbert-base-uncased-mnli"": ""exploratory_attention""}","{""rule-based"": 0.68, ""zero-shot:facebook/bart-large-mnli"": 0.32004278898239136, ""zero-shot:typeform/distilbert-base-uncased-mnli"": 0.2989283502101898}"
3mXFJ8S-boU_4218-4655:person_3,3mXFJ8S-boU_4218-4655,train,visible_ratio=0.689; gaze_shift_ratio=0.023; occlusion_ratio=0.288; eyes_closed_ratio=0.000; mean_gaze_motion=11.56; attention_stability_score=0.698; dominant_gaze_class=inside_visible; observed_frames=438,,"{""rule-based"": ""mixed_attention"", ""zero-shot:facebook/bart-large-mnli"": ""focused_attention"", ""zero-shot:typeform/distilbert-base-uncased-mnli"": ""exploratory_attention""}","{""rule-based"": 0.68, ""zero-shot:facebook/bart-large-mnli"": 0.34646672010421753, ""zero-shot:typeform/distilbert-base-uncased-mnli"": 0.33160415291786194}"
3mXFJ8S-boU_4791-4984:person_1,3mXFJ8S-boU_4791-4984,train,visible_ratio=0.887; gaze_shift_ratio=0.113; occlusion_ratio=0.000; eyes_closed_ratio=0.000; mean_gaze_motion=32.43; attention_stability_score=0.728; dominant_gaze_class=inside_visible; observed_frames=194,,"{""rule-based"": ""mixed_attention"", ""zero-shot:facebook/bart-large-mnli"": ""mixed_attention"", ""zero-shot:typeform/distilbert-base-uncased-mnli"": ""exploratory_attention""}","{""rule-based"": 0.68, ""zero-shot:facebook/bart-large-mnli"": 0.33223602175712585, ""zero-shot:typeform/distilbert-base-uncased-mnli"": 0.3113153874874115}"
3mXFJ8S-boU_4791-4984:person_3,3mXFJ8S-boU_4791-4984,train,visible_ratio=0.948; gaze_shift_ratio=0.015; occlusion_ratio=0.036; eyes_closed_ratio=0.000; mean_gaze_motion=17.07; attention_stability_score=0.908; dominant_gaze_class=inside_visible; observed_frames=194,,"{""rule-based"": ""focused_attention"", ""zero-shot:facebook/bart-large-mnli"": ""reduced_visual_availability"", ""zero-shot:typeform/distilbert-base-uncased-mnli"": ""occluded_attention""}","{""rule-based"": 0.84, ""zero-shot:facebook/bart-large-mnli"": 0.35048386454582214, ""zero-shot:typeform/distilbert-base-uncased-mnli"": 0.30345895886421204}"
3mXFJ8S-boU_494-895:person_1,3mXFJ8S-boU_494-895,train,visible_ratio=0.816; gaze_shift_ratio=0.010; occlusion_ratio=0.000; eyes_closed_ratio=0.007; mean_gaze_motion=1.54; attention_stability_score=0.869; dominant_gaze_class=inside_visible; observed_frames=402,,"{""rule-based"": ""focused_attention"", ""zero-shot:facebook/bart-large-mnli"": ""reduced_visual_availability"", ""zero-shot:typeform/distilbert-base-uncased-mnli"": ""exploratory_attention""}","{""rule-based"": 0.84, ""zero-shot:facebook/bart-large-mnli"": 0.40818509459495544, ""zero-shot:typeform/distilbert-base-uncased-mnli"": 0.339401513338089}"
3mXFJ8S-boU_5848-6239:person_1,3mXFJ8S-boU_5848-6239,train,visible_ratio=0.821; gaze_shift_ratio=0.041; occlusion_ratio=0.138; eyes_closed_ratio=0.000; mean_gaze_motion=26.11; attention_stability_score=0.711; dominant_gaze_class=inside_visible; observed_frames=392,,"{""rule-based"": ""focused_attention"", ""zero-shot:facebook/bart-large-mnli"": ""mixed_attention"", ""zero-shot:typeform/distilbert-base-uncased-mnli"": ""exploratory_attention""}","{""rule-based"": 0.84, ""zero-shot:facebook/bart-large-mnli"": 0.33022183179855347, ""zero-shot:typeform/distilbert-base-uncased-mnli"": 0.2817055881023407}"
3rxHweb2fXw_823-2797:person_1,3rxHweb2fXw_823-2797,train,visible_ratio=0.977; gaze_shift_ratio=0.023; occlusion_ratio=0.001; eyes_closed_ratio=0.000; mean_gaze_motion=13.73; attention_stability_score=0.819; dominant_gaze_class=inside_visible; observed_frames=1975,,"{""rule-based"": ""focused_attention"", ""zero-shot:facebook/bart-large-mnli"": ""mixed_attention"", ""zero-shot:typeform/distilbert-base-uncased-mnli"": ""exploratory_attention""}","{""rule-based"": 0.84, ""zero-shot:facebook/bart-large-mnli"": 0.2711155414581299, ""zero-shot:typeform/distilbert-base-uncased-mnli"": 0.3479231297969818}"
4Y7MMmedX7E_1882-1991:person_2,4Y7MMmedX7E_1882-1991,train,visible_ratio=1.000; gaze_shift_ratio=0.000; occlusion_ratio=0.000; eyes_closed_ratio=0.000; mean_gaze_motion=5.54; attention_stability_score=0.997; dominant_gaze_class=inside_visible; observed_frames=110,,"{""rule-based"": ""focused_attention"", ""zero-shot:facebook/bart-large-mnli"": ""reduced_visual_availability"", ""zero-shot:typeform/distilbert-base-uncased-mnli"": ""exploratory_attention""}","{""rule-based"": 0.84, ""zero-shot:facebook/bart-large-mnli"": 0.2702119052410126, ""zero-shot:typeform/distilbert-base-uncased-mnli"": 0.5087699294090271}"
4Y7MMmedX7E_3541-4236:person_1,4Y7MMmedX7E_3541-4236,train,visible_ratio=0.889; gaze_shift_ratio=0.109; occlusion_ratio=0.001; eyes_closed_ratio=0.000; mean_gaze_motion=5.34; attention_stability_score=0.734; dominant_gaze_class=inside_visible; observed_frames=696,,"{""rule-based"": ""mixed_attention"", ""zero-shot:facebook/bart-large-mnli"": ""reduced_visual_availability"", ""zero-shot:typeform/distilbert-base-uncased-mnli"": ""exploratory_attention""}","{""rule-based"": 0.68, ""zero-shot:facebook/bart-large-mnli"": 0.47533154487609863, ""zero-shot:typeform/distilbert-base-uncased-mnli"": 0.3248620331287384}"
4Y7MMmedX7E_4371-4987:person_1,4Y7MMmedX7E_4371-4987,train,visible_ratio=0.851; gaze_shift_ratio=0.149; occlusion_ratio=0.000; eyes_closed_ratio=0.000; mean_gaze_motion=9.63; attention_stability_score=0.720; dominant_gaze_class=inside_visible; observed_frames=617,,"{""rule-based"": ""mixed_attention"", ""zero-shot:facebook/bart-large-mnli"": ""mixed_attention"", ""zero-shot:typeform/distilbert-base-uncased-mnli"": ""exploratory_attention""}","{""rule-based"": 0.68, ""zero-shot:facebook/bart-large-mnli"": 0.29392725229263306, ""zero-shot:typeform/distilbert-base-uncased-mnli"": 0.3199331760406494}"
4ktkxv1aNS8_1-1629:person_1,4ktkxv1aNS8_1-1629,train,visible_ratio=0.804; gaze_shift_ratio=0.044; occlusion_ratio=0.061; eyes_closed_ratio=0.000; mean_gaze_motion=20.11; attention_stability_score=0.684; dominant_gaze_class=inside_visible; observed_frames=1629,,"{""rule-based"": ""focused_attention"", ""zero-shot:facebook/bart-large-mnli"": ""mixed_attention"", ""zero-shot:typeform/distilbert-base-uncased-mnli"": ""exploratory_attention""}","{""rule-based"": 0.84, ""zero-shot:facebook/bart-large-mnli"": 0.29151931405067444, ""zero-shot:typeform/distilbert-base-uncased-mnli"": 0.2563599944114685}"
4yWavYq9_Ks_1081-1130:person_1,4yWavYq9_Ks_1081-1130,train,visible_ratio=1.000; gaze_shift_ratio=0.000; occlusion_ratio=0.000; eyes_closed_ratio=0.000; mean_gaze_motion=5.36; attention_stability_score=0.997; dominant_gaze_class=inside_visible; observed_frames=50,,"{""rule-based"": ""focused_attention"", ""zero-shot:facebook/bart-large-mnli"": ""focused_attention"", ""zero-shot:typeform/distilbert-base-uncased-mnli"": ""exploratory_attention""}","{""rule-based"": 0.84, ""zero-shot:facebook/bart-large-mnli"": 0.5853894948959351, ""zero-shot:typeform/distilbert-base-uncased-mnli"": 0.5697223544120789}"
4yWavYq9_Ks_1609-1714:person_2,4yWavYq9_Ks_1609-1714,train,visible_ratio=0.330; gaze_shift_ratio=0.179; occlusion_ratio=0.000; eyes_closed_ratio=0.170; mean_gaze_motion=5.84; attention_stability_score=0.487; dominant_gaze_class=inside_visible; observed_frames=106,,"{""rule-based"": ""mixed_attention"", ""zero-shot:facebook/bart-large-mnli"": ""reduced_visual_availability"", ""zero-shot:typeform/distilbert-base-uncased-mnli"": ""exploratory_attention""}","{""rule-based"": 0.68, ""zero-shot:facebook/bart-large-mnli"": 0.33508095145225525, ""zero-shot:typeform/distilbert-base-uncased-mnli"": 0.37241891026496887}"
4yWavYq9_Ks_1735-1827:person_1,4yWavYq9_Ks_1735-1827,train,visible_ratio=0.645; gaze_shift_ratio=0.000; occlusion_ratio=0.000; eyes_closed_ratio=0.000; mean_gaze_motion=31.28; attention_stability_score=0.736; dominant_gaze_class=inside_visible; observed_frames=93,,"{""rule-based"": ""mixed_attention"", ""zero-shot:facebook/bart-large-mnli"": ""mixed_attention"", ""zero-shot:typeform/distilbert-base-uncased-mnli"": ""exploratory_attention""}","{""rule-based"": 0.68, ""zero-shot:facebook/bart-large-mnli"": 0.3438843786716461, ""zero-shot:typeform/distilbert-base-uncased-mnli"": 0.33255594968795776}"
4yWavYq9_Ks_2395-2608:person_1,4yWavYq9_Ks_2395-2608,train,visible_ratio=0.593; gaze_shift_ratio=0.112; occlusion_ratio=0.000; eyes_closed_ratio=0.000; mean_gaze_motion=7.44; attention_stability_score=0.648; dominant_gaze_class=inside_visible; observed_frames=214,,"{""rule-based"": ""mixed_attention"", ""zero-shot:facebook/bart-large-mnli"": ""reduced_visual_availability"", ""zero-shot:typeform/distilbert-base-uncased-mnli"": ""reduced_visual_availability""}","{""rule-based"": 0.68, ""zero-shot:facebook/bart-large-mnli"": 0.5654548406600952, ""zero-shot:typeform/distilbert-base-uncased-mnli"": 0.37187543511390686}"
4yWavYq9_Ks_2656-2795:person_1,4yWavYq9_Ks_2656-2795,train,visible_ratio=1.000; gaze_shift_ratio=0.000; occlusion_ratio=0.000; eyes_closed_ratio=0.000; mean_gaze_motion=13.50; attention_stability_score=0.993; dominant_gaze_class=inside_visible; observed_frames=140,,"{""rule-based"": ""focused_attention"", ""zero-shot:facebook/bart-large-mnli"": ""reduced_visual_availability"", ""zero-shot:typeform/distilbert-base-uncased-mnli"": ""exploratory_attention""}","{""rule-based"": 0.84, ""zero-shot:facebook/bart-large-mnli"": 0.32656288146972656, ""zero-shot:typeform/distilbert-base-uncased-mnli"": 0.5555456876754761}"
4yWavYq9_Ks_2814-2916:person_1,4yWavYq9_Ks_2814-2916,train,visible_ratio=0.728; gaze_shift_ratio=0.078; occlusion_ratio=0.000; eyes_closed_ratio=0.000; mean_gaze_motion=1.15; attention_stability_score=0.797; dominant_gaze_class=inside_visible; observed_frames=103,,"{""rule-based"": ""mixed_attention"", ""zero-shot:facebook/bart-large-mnli"": ""reduced_visual_availability"", ""zero-shot:typeform/distilbert-base-uncased-mnli"": ""exploratory_attention""}","{""rule-based"": 0.68, ""zero-shot:facebook/bart-large-mnli"": 0.49805185198783875, ""zero-shot:typeform/distilbert-base-uncased-mnli"": 0.363203227519989}"
4yWavYq9_Ks_2814-2916:person_2,4yWavYq9_Ks_2814-2916,train,visible_ratio=0.786; gaze_shift_ratio=0.126; occlusion_ratio=0.000; eyes_closed_ratio=0.000; mean_gaze_motion=3.42; attention_stability_score=0.823; dominant_gaze_class=inside_visible; observed_frames=103,,"{""rule-based"": ""mixed_attention"", ""zero-shot:facebook/bart-large-mnli"": ""reduced_visual_availability"", ""zero-shot:typeform/distilbert-base-uncased-mnli"": ""exploratory_attention""}","{""rule-based"": 0.68, ""zero-shot:facebook/bart-large-mnli"": 0.26391658186912537, ""zero-shot:typeform/distilbert-base-uncased-mnli"": 0.39663296937942505}"
4yWavYq9_Ks_2814-2916:person_3,4yWavYq9_Ks_2814-2916,train,visible_ratio=0.515; gaze_shift_ratio=0.068; occlusion_ratio=0.000; eyes_closed_ratio=0.000; mean_gaze_motion=8.49; attention_stability_score=0.646; dominant_gaze_class=inside_visible; observed_frames=103,,"{""rule-based"": ""mixed_attention"", ""zero-shot:facebook/bart-large-mnli"": ""reduced_visual_availability"", ""zero-shot:typeform/distilbert-base-uncased-mnli"": ""exploratory_attention""}","{""rule-based"": 0.68, ""zero-shot:facebook/bart-large-mnli"": 0.5542090535163879, ""zero-shot:typeform/distilbert-base-uncased-mnli"": 0.3339250087738037}"
4yWavYq9_Ks_2935-3129:person_1,4yWavYq9_Ks_2935-3129,train,visible_ratio=0.046; gaze_shift_ratio=0.103; occlusion_ratio=0.000; eyes_closed_ratio=0.000; mean_gaze_motion=0.94; attention_stability_score=0.316; dominant_gaze_class=outside_frame; observed_frames=195,,"{""rule-based"": ""mixed_attention"", ""zero-shot:facebook/bart-large-mnli"": ""reduced_visual_availability"", ""zero-shot:typeform/distilbert-base-uncased-mnli"": ""exploratory_attention""}","{""rule-based"": 0.68, ""zero-shot:facebook/bart-large-mnli"": 0.2741072475910187, ""zero-shot:typeform/distilbert-base-uncased-mnli"": 0.30601173639297485}"
4yWavYq9_Ks_3472-3534:person_1,4yWavYq9_Ks_3472-3534,train,visible_ratio=1.000; gaze_shift_ratio=0.000; occlusion_ratio=0.000; eyes_closed_ratio=0.000; mean_gaze_motion=5.42; attention_stability_score=0.997; dominant_gaze_class=inside_visible; observed_frames=63,,"{""rule-based"": ""focused_attention"", ""zero-shot:facebook/bart-large-mnli"": ""focused_attention"", ""zero-shot:typeform/distilbert-base-uncased-mnli"": ""exploratory_attention""}","{""rule-based"": 0.84, ""zero-shot:facebook/bart-large-mnli"": 0.5840445756912231, ""zero-shot:typeform/distilbert-base-uncased-mnli"": 0.5693176984786987}"
4yWavYq9_Ks_3554-3663:person_1,4yWavYq9_Ks_3554-3663,train,visible_ratio=0.682; gaze_shift_ratio=0.164; occlusion_ratio=0.000; eyes_closed_ratio=0.000; mean_gaze_motion=4.05; attention_stability_score=0.751; dominant_gaze_class=inside_visible; observed_frames=110,,"{""rule-based"": ""mixed_attention"", ""zero-shot:facebook/bart-large-mnli"": ""reduced_visual_availability"", ""zero-shot:typeform/distilbert-base-uncased-mnli"": ""reduced_visual_availability""}","{""rule-based"": 0.68, ""zero-shot:facebook/bart-large-mnli"": 0.45127999782562256, ""zero-shot:typeform/distilbert-base-uncased-mnli"": 0.3064216673374176}"
4yWavYq9_Ks_3554-3663:person_2,4yWavYq9_Ks_3554-3663,train,visible_ratio=0.573; gaze_shift_ratio=0.264; occlusion_ratio=0.000; eyes_closed_ratio=0.000; mean_gaze_motion=6.34; attention_stability_score=0.658; dominant_gaze_class=inside_visible; observed_frames=110,,"{""rule-based"": ""exploratory_attention"", ""zero-shot:facebook/bart-large-mnli"": ""occluded_attention"", ""zero-shot:typeform/distilbert-base-uncased-mnli"": ""exploratory_attention""}","{""rule-based"": 0.8, ""zero-shot:facebook/bart-large-mnli"": 0.30352088809013367, ""zero-shot:typeform/distilbert-base-uncased-mnli"": 0.3396878242492676}"
4yWavYq9_Ks_3554-3663:person_3,4yWavYq9_Ks_3554-3663,train,visible_ratio=0.473; gaze_shift_ratio=0.055; occlusion_ratio=0.000; eyes_closed_ratio=0.000; mean_gaze_motion=11.53; attention_stability_score=0.562; dominant_gaze_class=inside_visible; observed_frames=110,,"{""rule-based"": ""mixed_attention"", ""zero-shot:facebook/bart-large-mnli"": ""mixed_attention"", ""zero-shot:typeform/distilbert-base-uncased-mnli"": ""exploratory_attention""}","{""rule-based"": 0.68, ""zero-shot:facebook/bart-large-mnli"": 0.3579019010066986, ""zero-shot:typeform/distilbert-base-uncased-mnli"": 0.378995418548584}"
4yWavYq9_Ks_3682-3821:person_1,4yWavYq9_Ks_3682-3821,train,visible_ratio=1.000; gaze_shift_ratio=0.000; occlusion_ratio=0.000; eyes_closed_ratio=0.000; mean_gaze_motion=11.30; attention_stability_score=0.994; dominant_gaze_class=inside_visible; observed_frames=140,,"{""rule-based"": ""focused_attention"", ""zero-shot:facebook/bart-large-mnli"": ""focused_attention"", ""zero-shot:typeform/distilbert-base-uncased-mnli"": ""exploratory_attention""}","{""rule-based"": 0.84, ""zero-shot:facebook/bart-large-mnli"": 0.5985238552093506, ""zero-shot:typeform/distilbert-base-uncased-mnli"": 0.5670707821846008}"
4yWavYq9_Ks_3682-3821:person_2,4yWavYq9_Ks_3682-3821,train,visible_ratio=0.200; gaze_shift_ratio=0.114; occlusion_ratio=0.000; eyes_closed_ratio=0.000; mean_gaze_motion=9.93; attention_stability_score=0.418; dominant_gaze_class=outside_frame; observed_frames=140,,"{""rule-based"": ""mixed_attention"", ""zero-shot:facebook/bart-large-mnli"": ""reduced_visual_availability"", ""zero-shot:typeform/distilbert-base-uncased-mnli"": ""reduced_visual_availability""}","{""rule-based"": 0.68, ""zero-shot:facebook/bart-large-mnli"": 0.31636112928390503, ""zero-shot:typeform/distilbert-base-uncased-mnli"": 0.4898183345794678}"
4yWavYq9_Ks_3966-4109:person_1,4yWavYq9_Ks_3966-4109,train,visible_ratio=0.340; gaze_shift_ratio=0.139; occlusion_ratio=0.000; eyes_closed_ratio=0.000; mean_gaze_motion=2.84; attention_stability_score=0.516; dominant_gaze_class=outside_frame; observed_frames=144,,"{""rule-based"": ""mixed_attention"", ""zero-shot:facebook/bart-large-mnli"": ""reduced_visual_availability"", ""zero-shot:typeform/distilbert-base-uncased-mnli"": ""reduced_visual_availability""}","{""rule-based"": 0.68, ""zero-shot:facebook/bart-large-mnli"": 0.2848660945892334, ""zero-shot:typeform/distilbert-base-uncased-mnli"": 0.30305808782577515}"
4yWavYq9_Ks_405-451:person_1,4yWavYq9_Ks_405-451,train,visible_ratio=1.000; gaze_shift_ratio=0.000; occlusion_ratio=0.000; eyes_closed_ratio=0.000; mean_gaze_motion=5.56; attention_stability_score=0.997; dominant_gaze_class=inside_visible; observed_frames=47,,"{""rule-based"": ""focused_attention"", ""zero-shot:facebook/bart-large-mnli"": ""focused_attention"", ""zero-shot:typeform/distilbert-base-uncased-mnli"": ""exploratory_attention""}","{""rule-based"": 0.84, ""zero-shot:facebook/bart-large-mnli"": 0.6006782650947571, ""zero-shot:typeform/distilbert-base-uncased-mnli"": 0.5687820315361023}"
4yWavYq9_Ks_4439-4738:person_1,4yWavYq9_Ks_4439-4738,train,visible_ratio=0.967; gaze_shift_ratio=0.033; occlusion_ratio=0.000; eyes_closed_ratio=0.000; mean_gaze_motion=9.86; attention_stability_score=0.867; dominant_gaze_class=inside_visible; observed_frames=300,,"{""rule-based"": ""focused_attention"", ""zero-shot:facebook/bart-large-mnli"": ""focused_attention"", ""zero-shot:typeform/distilbert-base-uncased-mnli"": ""exploratory_attention""}","{""rule-based"": 0.84, ""zero-shot:facebook/bart-large-mnli"": 0.2580918073654175, ""zero-shot:typeform/distilbert-base-uncased-mnli"": 0.43130791187286377}"
4yWavYq9_Ks_5168-5340:person_2,4yWavYq9_Ks_5168-5340,train,visible_ratio=0.208; gaze_shift_ratio=0.035; occlusion_ratio=0.000; eyes_closed_ratio=0.000; mean_gaze_motion=22.19; attention_stability_score=0.416; dominant_gaze_class=outside_frame; observed_frames=173,,"{""rule-based"": ""mixed_attention"", ""zero-shot:facebook/bart-large-mnli"": ""reduced_visual_availability"", ""zero-shot:typeform/distilbert-base-uncased-mnli"": ""reduced_visual_availability""}","{""rule-based"": 0.68, ""zero-shot:facebook/bart-large-mnli"": 0.4294482469558716, ""zero-shot:typeform/distilbert-base-uncased-mnli"": 0.3825983703136444}"
4yWavYq9_Ks_546-694:person_1,4yWavYq9_Ks_546-694,train,visible_ratio=0.631; gaze_shift_ratio=0.215; occlusion_ratio=0.000; eyes_closed_ratio=0.000; mean_gaze_motion=28.99; attention_stability_score=0.646; dominant_gaze_class=inside_visible; observed_frames=149,,"{""rule-based"": ""exploratory_attention"", ""zero-shot:facebook/bart-large-mnli"": ""focused_attention"", ""zero-shot:typeform/distilbert-base-uncased-mnli"": ""exploratory_attention""}","{""rule-based"": 0.8, ""zero-shot:facebook/bart-large-mnli"": 0.5417412519454956, ""zero-shot:typeform/distilbert-base-uncased-mnli"": 0.3069690465927124}"
4yWavYq9_Ks_546-694:person_2,4yWavYq9_Ks_546-694,train,visible_ratio=0.000; gaze_shift_ratio=0.074; occlusion_ratio=0.000; eyes_closed_ratio=0.000; mean_gaze_motion=0.00; attention_stability_score=0.289; dominant_gaze_class=uncertain; observed_frames=149,,"{""rule-based"": ""mixed_attention"", ""zero-shot:facebook/bart-large-mnli"": ""mixed_attention"", ""zero-shot:typeform/distilbert-base-uncased-mnli"": ""reduced_visual_availability""}","{""rule-based"": 0.68, ""zero-shot:facebook/bart-large-mnli"": 0.3075431287288666, ""zero-shot:typeform/distilbert-base-uncased-mnli"": 0.3998352289199829}"
4yWavYq9_Ks_809-956:person_2,4yWavYq9_Ks_809-956,train,visible_ratio=1.000; gaze_shift_ratio=0.000; occlusion_ratio=0.000; eyes_closed_ratio=0.000; mean_gaze_motion=10.55; attention_stability_score=0.995; dominant_gaze_class=inside_visible; observed_frames=148,,"{""rule-based"": ""focused_attention"", ""zero-shot:facebook/bart-large-mnli"": ""focused_attention"", ""zero-shot:typeform/distilbert-base-uncased-mnli"": ""exploratory_attention""}","{""rule-based"": 0.84, ""zero-shot:facebook/bart-large-mnli"": 0.2602197527885437, ""zero-shot:typeform/distilbert-base-uncased-mnli"": 0.5083338618278503}"
6mA6UAoT3M0_6165-6361:person_1,6mA6UAoT3M0_6165-6361,test,visible_ratio=0.756; gaze_shift_ratio=0.127; occlusion_ratio=0.117; eyes_closed_ratio=0.000; mean_gaze_motion=18.16; attention_stability_score=0.719; dominant_gaze_class=inside_visible; observed_frames=197,exploratory_attention,"{""rule-based"": ""mixed_attention"", ""zero-shot:facebook/bart-large-mnli"": ""mixed_attention"", ""zero-shot:typeform/distilbert-base-uncased-mnli"": ""exploratory_attention""}","{""rule-based"": 0.68, ""zero-shot:facebook/bart-large-mnli"": 0.26784181594848633, ""zero-shot:typeform/distilbert-base-uncased-mnli"": 0.3711141347885132}"
6mA6UAoT3M0_6165-6361:person_3,6mA6UAoT3M0_6165-6361,test,visible_ratio=0.970; gaze_shift_ratio=0.000; occlusion_ratio=0.030; eyes_closed_ratio=0.000; mean_gaze_motion=10.28; attention_stability_score=0.974; dominant_gaze_class=inside_visible; observed_frames=197,,"{""rule-based"": ""focused_attention"", ""zero-shot:facebook/bart-large-mnli"": ""reduced_visual_availability"", ""zero-shot:typeform/distilbert-base-uncased-mnli"": ""exploratory_attention""}","{""rule-based"": 0.84, ""zero-shot:facebook/bart-large-mnli"": 0.3014395833015442, ""zero-shot:typeform/distilbert-base-uncased-mnli"": 0.30973562598228455}"
88pZ5kmV96I_1200-1419:person_1,88pZ5kmV96I_1200-1419,train,visible_ratio=1.000; gaze_shift_ratio=0.000; occlusion_ratio=0.000; eyes_closed_ratio=0.000; mean_gaze_motion=2.70; attention_stability_score=0.999; dominant_gaze_class=inside_visible; observed_frames=220,,"{""rule-based"": ""focused_attention"", ""zero-shot:facebook/bart-large-mnli"": ""focused_attention"", ""zero-shot:typeform/distilbert-base-uncased-mnli"": ""exploratory_attention""}","{""rule-based"": 0.84, ""zero-shot:facebook/bart-large-mnli"": 0.6137831211090088, ""zero-shot:typeform/distilbert-base-uncased-mnli"": 0.5334184169769287}"
88pZ5kmV96I_2100-2222:person_1,88pZ5kmV96I_2100-2222,train,visible_ratio=1.000; gaze_shift_ratio=0.000; occlusion_ratio=0.000; eyes_closed_ratio=0.000; mean_gaze_motion=4.49; attention_stability_score=0.998; dominant_gaze_class=inside_visible; observed_frames=123,,"{""rule-based"": ""focused_attention"", ""zero-shot:facebook/bart-large-mnli"": ""focused_attention"", ""zero-shot:typeform/distilbert-base-uncased-mnli"": ""exploratory_attention""}","{""rule-based"": 0.84, ""zero-shot:facebook/bart-large-mnli"": 0.5803617835044861, ""zero-shot:typeform/distilbert-base-uncased-mnli"": 0.5671467781066895}"
88pZ5kmV96I_900-1048:person_1,88pZ5kmV96I_900-1048,train,visible_ratio=0.966; gaze_shift_ratio=0.034; occlusion_ratio=0.000; eyes_closed_ratio=0.000; mean_gaze_motion=6.93; attention_stability_score=0.926; dominant_gaze_class=inside_visible; observed_frames=149,,"{""rule-based"": ""focused_attention"", ""zero-shot:facebook/bart-large-mnli"": ""exploratory_attention"", ""zero-shot:typeform/distilbert-base-uncased-mnli"": ""exploratory_attention""}","{""rule-based"": 0.84, ""zero-shot:facebook/bart-large-mnli"": 0.32498621940612793, ""zero-shot:typeform/distilbert-base-uncased-mnli"": 0.3807288110256195}"
8db0Gcv3V10_11063-11211:person_1,8db0Gcv3V10_11063-11211,train,visible_ratio=1.000; gaze_shift_ratio=0.000; occlusion_ratio=0.000; eyes_closed_ratio=0.000; mean_gaze_motion=9.93; attention_stability_score=0.995; dominant_gaze_class=inside_visible; observed_frames=149,,"{""rule-based"": ""focused_attention"", ""zero-shot:facebook/bart-large-mnli"": ""exploratory_attention"", ""zero-shot:typeform/distilbert-base-uncased-mnli"": ""exploratory_attention""}","{""rule-based"": 0.84, ""zero-shot:facebook/bart-large-mnli"": 0.3677854835987091, ""zero-shot:typeform/distilbert-base-uncased-mnli"": 0.5076173543930054}"
8db0Gcv3V10_11063-11211:person_2,8db0Gcv3V10_11063-11211,train,visible_ratio=0.162; gaze_shift_ratio=0.029; occlusion_ratio=0.543; eyes_closed_ratio=0.000; mean_gaze_motion=65.32; attention_stability_score=0.355; dominant_gaze_class=inside_occluded; observed_frames=105,,"{""rule-based"": ""occluded_attention"", ""zero-shot:facebook/bart-large-mnli"": ""reduced_visual_availability"", ""zero-shot:typeform/distilbert-base-uncased-mnli"": ""reduced_visual_availability""}","{""rule-based"": 0.74, ""zero-shot:facebook/bart-large-mnli"": 0.6019942164421082, ""zero-shot:typeform/distilbert-base-uncased-mnli"": 0.2952168583869934}"
8db0Gcv3V10_11310-11474:person_1,8db0Gcv3V10_11310-11474,train,visible_ratio=0.976; gaze_shift_ratio=0.024; occlusion_ratio=0.000; eyes_closed_ratio=0.000; mean_gaze_motion=2.73; attention_stability_score=0.927; dominant_gaze_class=inside_visible; observed_frames=165,,"{""rule-based"": ""focused_attention"", ""zero-shot:facebook/bart-large-mnli"": ""occluded_attention"", ""zero-shot:typeform/distilbert-base-uncased-mnli"": ""exploratory_attention""}","{""rule-based"": 0.84, ""zero-shot:facebook/bart-large-mnli"": 0.3174433708190918, ""zero-shot:typeform/distilbert-base-uncased-mnli"": 0.4451679289340973}"
8db0Gcv3V10_11310-11474:person_2,8db0Gcv3V10_11310-11474,train,visible_ratio=0.933; gaze_shift_ratio=0.067; occlusion_ratio=0.000; eyes_closed_ratio=0.000; mean_gaze_motion=7.99; attention_stability_score=0.891; dominant_gaze_class=inside_visible; observed_frames=165,,"{""rule-based"": ""focused_attention"", ""zero-shot:facebook/bart-large-mnli"": ""focused_attention"", ""zero-shot:typeform/distilbert-base-uncased-mnli"": ""exploratory_attention""}","{""rule-based"": 0.84, ""zero-shot:facebook/bart-large-mnli"": 0.3439464867115021, ""zero-shot:typeform/distilbert-base-uncased-mnli"": 0.37097153067588806}"
8db0Gcv3V10_1750-2094:person_1,8db0Gcv3V10_1750-2094,train,visible_ratio=0.849; gaze_shift_ratio=0.064; occlusion_ratio=0.000; eyes_closed_ratio=0.000; mean_gaze_motion=0.97; attention_stability_score=0.850; dominant_gaze_class=inside_visible; observed_frames=345,,"{""rule-based"": ""focused_attention"", ""zero-shot:facebook/bart-large-mnli"": ""reduced_visual_availability"", ""zero-shot:typeform/distilbert-base-uncased-mnli"": ""exploratory_attention""}","{""rule-based"": 0.84, ""zero-shot:facebook/bart-large-mnli"": 0.28992897272109985, ""zero-shot:typeform/distilbert-base-uncased-mnli"": 0.452283650636673}"
8db0Gcv3V10_2511-2774:person_1,8db0Gcv3V10_2511-2774,train,visible_ratio=0.538; gaze_shift_ratio=0.045; occlusion_ratio=0.000; eyes_closed_ratio=0.000; mean_gaze_motion=6.80; attention_stability_score=0.610; dominant_gaze_class=inside_visible; observed_frames=264,,"{""rule-based"": ""mixed_attention"", ""zero-shot:facebook/bart-large-mnli"": ""reduced_visual_availability"", ""zero-shot:typeform/distilbert-base-uncased-mnli"": ""exploratory_attention""}","{""rule-based"": 0.68, ""zero-shot:facebook/bart-large-mnli"": 0.2869054675102234, ""zero-shot:typeform/distilbert-base-uncased-mnli"": 0.292008638381958}"
8db0Gcv3V10_271-642:person_1,8db0Gcv3V10_271-642,train,visible_ratio=0.634; gaze_shift_ratio=0.035; occlusion_ratio=0.000; eyes_closed_ratio=0.000; mean_gaze_motion=2.00; attention_stability_score=0.700; dominant_gaze_class=inside_visible; observed_frames=372,,"{""rule-based"": ""mixed_attention"", ""zero-shot:facebook/bart-large-mnli"": ""reduced_visual_availability"", ""zero-shot:typeform/distilbert-base-uncased-mnli"": ""exploratory_attention""}","{""rule-based"": 0.68, ""zero-shot:facebook/bart-large-mnli"": 0.38220518827438354, ""zero-shot:typeform/distilbert-base-uncased-mnli"": 0.3140057325363159}"
8db0Gcv3V10_2840-2925:person_1,8db0Gcv3V10_2840-2925,train,visible_ratio=1.000; gaze_shift_ratio=0.000; occlusion_ratio=0.000; eyes_closed_ratio=0.000; mean_gaze_motion=3.48; attention_stability_score=0.998; dominant_gaze_class=inside_visible; observed_frames=86,,"{""rule-based"": ""focused_attention"", ""zero-shot:facebook/bart-large-mnli"": ""focused_attention"", ""zero-shot:typeform/distilbert-base-uncased-mnli"": ""exploratory_attention""}","{""rule-based"": 0.84, ""zero-shot:facebook/bart-large-mnli"": 0.5844912528991699, ""zero-shot:typeform/distilbert-base-uncased-mnli"": 0.5697046518325806}"
8db0Gcv3V10_2840-2925:person_2,8db0Gcv3V10_2840-2925,train,visible_ratio=1.000; gaze_shift_ratio=0.000; occlusion_ratio=0.000; eyes_closed_ratio=0.000; mean_gaze_motion=2.88; attention_stability_score=0.999; dominant_gaze_class=inside_visible; observed_frames=86,,"{""rule-based"": ""focused_attention"", ""zero-shot:facebook/bart-large-mnli"": ""focused_attention"", ""zero-shot:typeform/distilbert-base-uncased-mnli"": ""exploratory_attention""}","{""rule-based"": 0.84, ""zero-shot:facebook/bart-large-mnli"": 0.5946841835975647, ""zero-shot:typeform/distilbert-base-uncased-mnli"": 0.5317972302436829}"
8db0Gcv3V10_2930-3109:person_1,8db0Gcv3V10_2930-3109,train,visible_ratio=0.550; gaze_shift_ratio=0.067; occlusion_ratio=0.000; eyes_closed_ratio=0.000; mean_gaze_motion=8.73; attention_stability_score=0.671; dominant_gaze_class=inside_visible; observed_frames=180,,"{""rule-based"": ""mixed_attention"", ""zero-shot:facebook/bart-large-mnli"": ""occluded_attention"", ""zero-shot:typeform/distilbert-base-uncased-mnli"": ""reduced_visual_availability""}","{""rule-based"": 0.68, ""zero-shot:facebook/bart-large-mnli"": 0.3630981743335724, ""zero-shot:typeform/distilbert-base-uncased-mnli"": 0.40233248472213745}"
8db0Gcv3V10_2930-3109:person_2,8db0Gcv3V10_2930-3109,train,visible_ratio=0.550; gaze_shift_ratio=0.000; occlusion_ratio=0.000; eyes_closed_ratio=0.000; mean_gaze_motion=4.86; attention_stability_score=0.683; dominant_gaze_class=inside_visible; observed_frames=180,,"{""rule-based"": ""mixed_attention"", ""zero-shot:facebook/bart-large-mnli"": ""reduced_visual_availability"", ""zero-shot:typeform/distilbert-base-uncased-mnli"": ""exploratory_attention""}","{""rule-based"": 0.68, ""zero-shot:facebook/bart-large-mnli"": 0.3827701508998871, ""zero-shot:typeform/distilbert-base-uncased-mnli"": 0.44701406359672546}"
8db0Gcv3V10_3239-3398:person_2,8db0Gcv3V10_3239-3398,train,visible_ratio=0.869; gaze_shift_ratio=0.000; occlusion_ratio=0.000; eyes_closed_ratio=0.000; mean_gaze_motion=3.93; attention_stability_score=0.906; dominant_gaze_class=inside_visible; observed_frames=160,,"{""rule-based"": ""focused_attention"", ""zero-shot:facebook/bart-large-mnli"": ""focused_attention"", ""zero-shot:typeform/distilbert-base-uncased-mnli"": ""exploratory_attention""}","{""rule-based"": 0.84, ""zero-shot:facebook/bart-large-mnli"": 0.4854886829853058, ""zero-shot:typeform/distilbert-base-uncased-mnli"": 0.4082936644554138}"
8db0Gcv3V10_3239-3398:person_4,8db0Gcv3V10_3239-3398,train,visible_ratio=1.000; gaze_shift_ratio=0.000; occlusion_ratio=0.000; eyes_closed_ratio=0.000; mean_gaze_motion=0.73; attention_stability_score=1.000; dominant_gaze_class=inside_visible; observed_frames=160,,"{""rule-based"": ""focused_attention"", ""zero-shot:facebook/bart-large-mnli"": ""focused_attention"", ""zero-shot:typeform/distilbert-base-uncased-mnli"": ""exploratory_attention""}","{""rule-based"": 0.84, ""zero-shot:facebook/bart-large-mnli"": 0.556973934173584, ""zero-shot:typeform/distilbert-base-uncased-mnli"": 0.5398817658424377}"
8db0Gcv3V10_5938-6309:person_1,8db0Gcv3V10_5938-6309,train,visible_ratio=0.944; gaze_shift_ratio=0.000; occlusion_ratio=0.005; eyes_closed_ratio=0.000; mean_gaze_motion=12.73; attention_stability_score=0.887; dominant_gaze_class=inside_visible; observed_frames=372,,"{""rule-based"": ""focused_attention"", ""zero-shot:facebook/bart-large-mnli"": ""focused_attention"", ""zero-shot:typeform/distilbert-base-uncased-mnli"": ""exploratory_attention""}","{""rule-based"": 0.84, ""zero-shot:facebook/bart-large-mnli"": 0.3421909511089325, ""zero-shot:typeform/distilbert-base-uncased-mnli"": 0.3124622106552124}"
8db0Gcv3V10_5938-6309:person_2,8db0Gcv3V10_5938-6309,train,visible_ratio=0.887; gaze_shift_ratio=0.035; occlusion_ratio=0.022; eyes_closed_ratio=0.000; mean_gaze_motion=12.52; attention_stability_score=0.742; dominant_gaze_class=inside_visible; observed_frames=372,,"{""rule-based"": ""focused_attention"", ""zero-shot:facebook/bart-large-mnli"": ""mixed_attention"", ""zero-shot:typeform/distilbert-base-uncased-mnli"": ""exploratory_attention""}","{""rule-based"": 0.84, ""zero-shot:facebook/bart-large-mnli"": 0.3084266483783722, ""zero-shot:typeform/distilbert-base-uncased-mnli"": 0.3241449296474457}"
8db0Gcv3V10_5938-6309:person_3,8db0Gcv3V10_5938-6309,train,visible_ratio=1.000; gaze_shift_ratio=0.000; occlusion_ratio=0.000; eyes_closed_ratio=0.000; mean_gaze_motion=14.68; attention_stability_score=0.993; dominant_gaze_class=inside_visible; observed_frames=323,,"{""rule-based"": ""focused_attention"", ""zero-shot:facebook/bart-large-mnli"": ""focused_attention"", ""zero-shot:typeform/distilbert-base-uncased-mnli"": ""exploratory_attention""}","{""rule-based"": 0.84, ""zero-shot:facebook/bart-large-mnli"": 0.49495604634284973, ""zero-shot:typeform/distilbert-base-uncased-mnli"": 0.3723876178264618}"
9DNwRwt5kI4_10666-10822:person_2,9DNwRwt5kI4_10666-10822,test,visible_ratio=0.943; gaze_shift_ratio=0.038; occlusion_ratio=0.019; eyes_closed_ratio=0.000; mean_gaze_motion=33.92; attention_stability_score=0.829; dominant_gaze_class=inside_visible; observed_frames=157,focused_attention,"{""rule-based"": ""focused_attention"", ""zero-shot:facebook/bart-large-mnli"": ""mixed_attention"", ""zero-shot:typeform/distilbert-base-uncased-mnli"": ""exploratory_attention""}","{""rule-based"": 0.84, ""zero-shot:facebook/bart-large-mnli"": 0.342854768037796, ""zero-shot:typeform/distilbert-base-uncased-mnli"": 0.2536982595920563}"
9DNwRwt5kI4_10666-10822:person_3,9DNwRwt5kI4_10666-10822,test,visible_ratio=0.389; gaze_shift_ratio=0.172; occlusion_ratio=0.000; eyes_closed_ratio=0.000; mean_gaze_motion=44.05; attention_stability_score=0.495; dominant_gaze_class=outside_frame; observed_frames=157,exploratory_attention,"{""rule-based"": ""mixed_attention"", ""zero-shot:facebook/bart-large-mnli"": ""reduced_visual_availability"", ""zero-shot:typeform/distilbert-base-uncased-mnli"": ""exploratory_attention""}","{""rule-based"": 0.68, ""zero-shot:facebook/bart-large-mnli"": 0.49580755829811096, ""zero-shot:typeform/distilbert-base-uncased-mnli"": 0.31567448377609253}"
9DNwRwt5kI4_14988-15270:person_2,9DNwRwt5kI4_14988-15270,test,visible_ratio=0.597; gaze_shift_ratio=0.177; occlusion_ratio=0.226; eyes_closed_ratio=0.000; mean_gaze_motion=14.16; attention_stability_score=0.585; dominant_gaze_class=inside_visible; observed_frames=283,exploratory_attention,"{""rule-based"": ""mixed_attention"", ""zero-shot:facebook/bart-large-mnli"": ""reduced_visual_availability"", ""zero-shot:typeform/distilbert-base-uncased-mnli"": ""exploratory_attention""}","{""rule-based"": 0.68, ""zero-shot:facebook/bart-large-mnli"": 0.37189510464668274, ""zero-shot:typeform/distilbert-base-uncased-mnli"": 0.2918146848678589}"
9DNwRwt5kI4_14988-15270:person_3,9DNwRwt5kI4_14988-15270,test,visible_ratio=0.760; gaze_shift_ratio=0.173; occlusion_ratio=0.067; eyes_closed_ratio=0.000; mean_gaze_motion=31.66; attention_stability_score=0.651; dominant_gaze_class=inside_visible; observed_frames=283,,"{""rule-based"": ""mixed_attention"", ""zero-shot:facebook/bart-large-mnli"": ""occluded_attention"", ""zero-shot:typeform/distilbert-base-uncased-mnli"": ""exploratory_attention""}","{""rule-based"": 0.68, ""zero-shot:facebook/bart-large-mnli"": 0.30410173535346985, ""zero-shot:typeform/distilbert-base-uncased-mnli"": 0.29672548174858093}"
9DNwRwt5kI4_2442-3179:person_1,9DNwRwt5kI4_2442-3179,test,visible_ratio=0.772; gaze_shift_ratio=0.018; occlusion_ratio=0.090; eyes_closed_ratio=0.000; mean_gaze_motion=26.81; attention_stability_score=0.700; dominant_gaze_class=inside_visible; observed_frames=487,focused_attention,"{""rule-based"": ""focused_attention"", ""zero-shot:facebook/bart-large-mnli"": ""mixed_attention"", ""zero-shot:typeform/distilbert-base-uncased-mnli"": ""exploratory_attention""}","{""rule-based"": 0.84, ""zero-shot:facebook/bart-large-mnli"": 0.30323654413223267, ""zero-shot:typeform/distilbert-base-uncased-mnli"": 0.2769180238246918}"
9DNwRwt5kI4_2442-3179:person_3,9DNwRwt5kI4_2442-3179,test,visible_ratio=0.665; gaze_shift_ratio=0.049; occlusion_ratio=0.027; eyes_closed_ratio=0.000; mean_gaze_motion=16.85; attention_stability_score=0.616; dominant_gaze_class=inside_visible; observed_frames=738,,"{""rule-based"": ""mixed_attention"", ""zero-shot:facebook/bart-large-mnli"": ""focused_attention"", ""zero-shot:typeform/distilbert-base-uncased-mnli"": ""exploratory_attention""}","{""rule-based"": 0.68, ""zero-shot:facebook/bart-large-mnli"": 0.38027098774909973, ""zero-shot:typeform/distilbert-base-uncased-mnli"": 0.3129320740699768}"
9WkwG6uxnBI_1-1802:person_1,9WkwG6uxnBI_1-1802,train,visible_ratio=0.888; gaze_shift_ratio=0.079; occlusion_ratio=0.026; eyes_closed_ratio=0.000; mean_gaze_motion=10.34; attention_stability_score=0.717; dominant_gaze_class=inside_visible; observed_frames=1802,,"{""rule-based"": ""focused_attention"", ""zero-shot:facebook/bart-large-mnli"": ""focused_attention"", ""zero-shot:typeform/distilbert-base-uncased-mnli"": ""exploratory_attention""}","{""rule-based"": 0.84, ""zero-shot:facebook/bart-large-mnli"": 0.30190351605415344, ""zero-shot:typeform/distilbert-base-uncased-mnli"": 0.24663561582565308}"
9mNutrRQ1GI_1363-1536:person_1,9mNutrRQ1GI_1363-1536,train,visible_ratio=1.000; gaze_shift_ratio=0.000; occlusion_ratio=0.000; eyes_closed_ratio=0.000; mean_gaze_motion=0.00; attention_stability_score=1.000; dominant_gaze_class=inside_visible; observed_frames=174,,"{""rule-based"": ""focused_attention"", ""zero-shot:facebook/bart-large-mnli"": ""focused_attention"", ""zero-shot:typeform/distilbert-base-uncased-mnli"": ""exploratory_attention""}","{""rule-based"": 0.84, ""zero-shot:facebook/bart-large-mnli"": 0.5861373543739319, ""zero-shot:typeform/distilbert-base-uncased-mnli"": 0.5427204370498657}"
9mNutrRQ1GI_14699-14947:person_1,9mNutrRQ1GI_14699-14947,train,visible_ratio=0.831; gaze_shift_ratio=0.000; occlusion_ratio=0.169; eyes_closed_ratio=0.000; mean_gaze_motion=7.87; attention_stability_score=0.849; dominant_gaze_class=inside_visible; observed_frames=249,,"{""rule-based"": ""focused_attention"", ""zero-shot:facebook/bart-large-mnli"": ""mixed_attention"", ""zero-shot:typeform/distilbert-base-uncased-mnli"": ""exploratory_attention""}","{""rule-based"": 0.84, ""zero-shot:facebook/bart-large-mnli"": 0.3415544331073761, ""zero-shot:typeform/distilbert-base-uncased-mnli"": 0.2981794476509094}"
9mNutrRQ1GI_16700-17865:person_2,9mNutrRQ1GI_16700-17865,train,visible_ratio=0.702; gaze_shift_ratio=0.174; occlusion_ratio=0.124; eyes_closed_ratio=0.000; mean_gaze_motion=13.18; attention_stability_score=0.626; dominant_gaze_class=inside_visible; observed_frames=1166,,"{""rule-based"": ""mixed_attention"", ""zero-shot:facebook/bart-large-mnli"": ""reduced_visual_availability"", ""zero-shot:typeform/distilbert-base-uncased-mnli"": ""exploratory_attention""}","{""rule-based"": 0.68, ""zero-shot:facebook/bart-large-mnli"": 0.46909165382385254, ""zero-shot:typeform/distilbert-base-uncased-mnli"": 0.2852911055088043}"
9mNutrRQ1GI_24458-24524:person_1,9mNutrRQ1GI_24458-24524,train,visible_ratio=1.000; gaze_shift_ratio=0.000; occlusion_ratio=0.000; eyes_closed_ratio=0.000; mean_gaze_motion=47.40; attention_stability_score=0.976; dominant_gaze_class=inside_visible; observed_frames=67,,"{""rule-based"": ""focused_attention"", ""zero-shot:facebook/bart-large-mnli"": ""mixed_attention"", ""zero-shot:typeform/distilbert-base-uncased-mnli"": ""exploratory_attention""}","{""rule-based"": 0.84, ""zero-shot:facebook/bart-large-mnli"": 0.34711411595344543, ""zero-shot:typeform/distilbert-base-uncased-mnli"": 0.3752525746822357}"
9mNutrRQ1GI_24758-25047:person_1,9mNutrRQ1GI_24758-25047,train,visible_ratio=0.952; gaze_shift_ratio=0.048; occlusion_ratio=0.000; eyes_closed_ratio=0.000; mean_gaze_motion=20.80; attention_stability_score=0.774; dominant_gaze_class=inside_visible; observed_frames=290,,"{""rule-based"": ""focused_attention"", ""zero-shot:facebook/bart-large-mnli"": ""mixed_attention"", ""zero-shot:typeform/distilbert-base-uncased-mnli"": ""exploratory_attention""}","{""rule-based"": 0.84, ""zero-shot:facebook/bart-large-mnli"": 0.30327847599983215, ""zero-shot:typeform/distilbert-base-uncased-mnli"": 0.3375708758831024}"
BL9cNtpb_QI_18-157:person_1,BL9cNtpb_QI_18-157,train,visible_ratio=0.714; gaze_shift_ratio=0.121; occlusion_ratio=0.000; eyes_closed_ratio=0.000; mean_gaze_motion=20.92; attention_stability_score=0.771; dominant_gaze_class=inside_visible; observed_frames=140,,"{""rule-based"": ""mixed_attention"", ""zero-shot:facebook/bart-large-mnli"": ""reduced_visual_availability"", ""zero-shot:typeform/distilbert-base-uncased-mnli"": ""exploratory_attention""}","{""rule-based"": 0.68, ""zero-shot:facebook/bart-large-mnli"": 0.2651210129261017, ""zero-shot:typeform/distilbert-base-uncased-mnli"": 0.33484551310539246}"
BL9cNtpb_QI_337-383:person_1,BL9cNtpb_QI_337-383,train,visible_ratio=0.915; gaze_shift_ratio=0.085; occlusion_ratio=0.000; eyes_closed_ratio=0.000; mean_gaze_motion=31.81; attention_stability_score=0.901; dominant_gaze_class=inside_visible; observed_frames=47,,"{""rule-based"": ""focused_attention"", ""zero-shot:facebook/bart-large-mnli"": ""reduced_visual_availability"", ""zero-shot:typeform/distilbert-base-uncased-mnli"": ""exploratory_attention""}","{""rule-based"": 0.84, ""zero-shot:facebook/bart-large-mnli"": 0.32376113533973694, ""zero-shot:typeform/distilbert-base-uncased-mnli"": 0.4376027584075928}"
Cmw2H5C_Ves_2792-2813:person_2,Cmw2H5C_Ves_2792-2813,train,visible_ratio=1.000; gaze_shift_ratio=0.000; occlusion_ratio=0.000; eyes_closed_ratio=0.000; mean_gaze_motion=0.00; attention_stability_score=1.000; dominant_gaze_class=inside_visible; observed_frames=22,,"{""rule-based"": ""focused_attention"", ""zero-shot:facebook/bart-large-mnli"": ""mixed_attention"", ""zero-shot:typeform/distilbert-base-uncased-mnli"": ""exploratory_attention""}","{""rule-based"": 0.84, ""zero-shot:facebook/bart-large-mnli"": 0.28344517946243286, ""zero-shot:typeform/distilbert-base-uncased-mnli"": 0.3655473291873932}"
Cmw2H5C_Ves_2792-2813:person_3,Cmw2H5C_Ves_2792-2813,train,visible_ratio=1.000; gaze_shift_ratio=0.000; occlusion_ratio=0.000; eyes_closed_ratio=0.000; mean_gaze_motion=2.39; attention_stability_score=0.999; dominant_gaze_class=inside_visible; observed_frames=22,,"{""rule-based"": ""focused_attention"", ""zero-shot:facebook/bart-large-mnli"": ""mixed_attention"", ""zero-shot:typeform/distilbert-base-uncased-mnli"": ""exploratory_attention""}","{""rule-based"": 0.84, ""zero-shot:facebook/bart-large-mnli"": 0.30750715732574463, ""zero-shot:typeform/distilbert-base-uncased-mnli"": 0.3555675446987152}"
Cmw2H5C_Ves_3621-3747:person_1,Cmw2H5C_Ves_3621-3747,train,visible_ratio=1.000; gaze_shift_ratio=0.000; occlusion_ratio=0.000; eyes_closed_ratio=0.000; mean_gaze_motion=7.79; attention_stability_score=0.996; dominant_gaze_class=inside_visible; observed_frames=127,,"{""rule-based"": ""focused_attention"", ""zero-shot:facebook/bart-large-mnli"": ""focused_attention"", ""zero-shot:typeform/distilbert-base-uncased-mnli"": ""exploratory_attention""}","{""rule-based"": 0.84, ""zero-shot:facebook/bart-large-mnli"": 0.31493479013442993, ""zero-shot:typeform/distilbert-base-uncased-mnli"": 0.5237800478935242}"
Cmw2H5C_Ves_3621-3747:person_2,Cmw2H5C_Ves_3621-3747,train,visible_ratio=0.701; gaze_shift_ratio=0.118; occlusion_ratio=0.000; eyes_closed_ratio=0.000; mean_gaze_motion=5.61; attention_stability_score=0.770; dominant_gaze_class=inside_visible; observed_frames=127,,"{""rule-based"": ""mixed_attention"", ""zero-shot:facebook/bart-large-mnli"": ""mixed_attention"", ""zero-shot:typeform/distilbert-base-uncased-mnli"": ""exploratory_attention""}","{""rule-based"": 0.68, ""zero-shot:facebook/bart-large-mnli"": 0.26352620124816895, ""zero-shot:typeform/distilbert-base-uncased-mnli"": 0.3502304255962372}"
Cmw2H5C_Ves_4220-4339:person_1,Cmw2H5C_Ves_4220-4339,train,visible_ratio=1.000; gaze_shift_ratio=0.000; occlusion_ratio=0.000; eyes_closed_ratio=0.000; mean_gaze_motion=17.08; attention_stability_score=0.991; dominant_gaze_class=inside_visible; observed_frames=120,,"{""rule-based"": ""focused_attention"", ""zero-shot:facebook/bart-large-mnli"": ""reduced_visual_availability"", ""zero-shot:typeform/distilbert-base-uncased-mnli"": ""exploratory_attention""}","{""rule-based"": 0.84, ""zero-shot:facebook/bart-large-mnli"": 0.27593278884887695, ""zero-shot:typeform/distilbert-base-uncased-mnli"": 0.3757840692996979}"
Cmw2H5C_Ves_4220-4339:person_2,Cmw2H5C_Ves_4220-4339,train,visible_ratio=0.292; gaze_shift_ratio=0.600; occlusion_ratio=0.108; eyes_closed_ratio=0.000; mean_gaze_motion=2.31; attention_stability_score=0.413; dominant_gaze_class=gaze_shift; observed_frames=120,,"{""rule-based"": ""exploratory_attention"", ""zero-shot:facebook/bart-large-mnli"": ""reduced_visual_availability"", ""zero-shot:typeform/distilbert-base-uncased-mnli"": ""exploratory_attention""}","{""rule-based"": 0.8, ""zero-shot:facebook/bart-large-mnli"": 0.35729843378067017, ""zero-shot:typeform/distilbert-base-uncased-mnli"": 0.3275074064731598}"
Cmw2H5C_Ves_5120-5370:person_1,Cmw2H5C_Ves_5120-5370,train,visible_ratio=0.988; gaze_shift_ratio=0.012; occlusion_ratio=0.000; eyes_closed_ratio=0.000; mean_gaze_motion=3.18; attention_stability_score=0.965; dominant_gaze_class=inside_visible; observed_frames=251,,"{""rule-based"": ""focused_attention"", ""zero-shot:facebook/bart-large-mnli"": ""mixed_attention"", ""zero-shot:typeform/distilbert-base-uncased-mnli"": ""exploratory_attention""}","{""rule-based"": 0.84, ""zero-shot:facebook/bart-large-mnli"": 0.30486342310905457, ""zero-shot:typeform/distilbert-base-uncased-mnli"": 0.34118688106536865}"
Cmw2H5C_Ves_5120-5370:person_2,Cmw2H5C_Ves_5120-5370,train,visible_ratio=1.000; gaze_shift_ratio=0.000; occlusion_ratio=0.000; eyes_closed_ratio=0.000; mean_gaze_motion=2.70; attention_stability_score=0.999; dominant_gaze_class=inside_visible; observed_frames=251,,"{""rule-based"": ""focused_attention"", ""zero-shot:facebook/bart-large-mnli"": ""focused_attention"", ""zero-shot:typeform/distilbert-base-uncased-mnli"": ""exploratory_attention""}","{""rule-based"": 0.84, ""zero-shot:facebook/bart-large-mnli"": 0.6074037551879883, ""zero-shot:typeform/distilbert-base-uncased-mnli"": 0.5306289196014404}"
Cztb-0cliGA_1036-1115:person_1,Cztb-0cliGA_1036-1115,train,visible_ratio=1.000; gaze_shift_ratio=0.000; occlusion_ratio=0.000; eyes_closed_ratio=0.000; mean_gaze_motion=4.54; attention_stability_score=0.998; dominant_gaze_class=inside_visible; observed_frames=80,,"{""rule-based"": ""focused_attention"", ""zero-shot:facebook/bart-large-mnli"": ""focused_attention"", ""zero-shot:typeform/distilbert-base-uncased-mnli"": ""exploratory_attention""}","{""rule-based"": 0.84, ""zero-shot:facebook/bart-large-mnli"": 0.5838508009910583, ""zero-shot:typeform/distilbert-base-uncased-mnli"": 0.5669464468955994}"
Cztb-0cliGA_1036-1115:person_2,Cztb-0cliGA_1036-1115,train,visible_ratio=1.000; gaze_shift_ratio=0.000; occlusion_ratio=0.000; eyes_closed_ratio=0.000; mean_gaze_motion=2.39; attention_stability_score=0.999; dominant_gaze_class=inside_visible; observed_frames=80,,"{""rule-based"": ""focused_attention"", ""zero-shot:facebook/bart-large-mnli"": ""focused_attention"", ""zero-shot:typeform/distilbert-base-uncased-mnli"": ""exploratory_attention""}","{""rule-based"": 0.84, ""zero-shot:facebook/bart-large-mnli"": 0.5950050354003906, ""zero-shot:typeform/distilbert-base-uncased-mnli"": 0.5300933122634888}"
Cztb-0cliGA_1036-1115:person_3,Cztb-0cliGA_1036-1115,train,visible_ratio=0.487; gaze_shift_ratio=0.075; occlusion_ratio=0.000; eyes_closed_ratio=0.000; mean_gaze_motion=32.63; attention_stability_score=0.614; dominant_gaze_class=inside_visible; observed_frames=80,,"{""rule-based"": ""mixed_attention"", ""zero-shot:facebook/bart-large-mnli"": ""reduced_visual_availability"", ""zero-shot:typeform/distilbert-base-uncased-mnli"": ""exploratory_attention""}","{""rule-based"": 0.68, ""zero-shot:facebook/bart-large-mnli"": 0.6189453601837158, ""zero-shot:typeform/distilbert-base-uncased-mnli"": 0.26870197057724}"
Cztb-0cliGA_1194-1257:person_1,Cztb-0cliGA_1194-1257,train,visible_ratio=0.906; gaze_shift_ratio=0.094; occlusion_ratio=0.000; eyes_closed_ratio=0.000; mean_gaze_motion=8.46; attention_stability_score=0.838; dominant_gaze_class=inside_visible; observed_frames=64,,"{""rule-based"": ""focused_attention"", ""zero-shot:facebook/bart-large-mnli"": ""reduced_visual_availability"", ""zero-shot:typeform/distilbert-base-uncased-mnli"": ""exploratory_attention""}","{""rule-based"": 0.84, ""zero-shot:facebook/bart-large-mnli"": 0.3345187306404114, ""zero-shot:typeform/distilbert-base-uncased-mnli"": 0.4351401925086975}"
Cztb-0cliGA_1349-1470:person_1,Cztb-0cliGA_1349-1470,train,visible_ratio=0.926; gaze_shift_ratio=0.074; occlusion_ratio=0.000; eyes_closed_ratio=0.000; mean_gaze_motion=3.81; attention_stability_score=0.872; dominant_gaze_class=inside_visible; observed_frames=122,,"{""rule-based"": ""focused_attention"", ""zero-shot:facebook/bart-large-mnli"": ""occluded_attention"", ""zero-shot:typeform/distilbert-base-uncased-mnli"": ""exploratory_attention""}","{""rule-based"": 0.84, ""zero-shot:facebook/bart-large-mnli"": 0.2902824282646179, ""zero-shot:typeform/distilbert-base-uncased-mnli"": 0.44145411252975464}"
Cztb-0cliGA_1619-1751:person_2,Cztb-0cliGA_1619-1751,train,visible_ratio=0.865; gaze_shift_ratio=0.038; occlusion_ratio=0.000; eyes_closed_ratio=0.000; mean_gaze_motion=4.45; attention_stability_score=0.897; dominant_gaze_class=inside_visible; observed_frames=133,,"{""rule-based"": ""focused_attention"", ""zero-shot:facebook/bart-large-mnli"": ""reduced_visual_availability"", ""zero-shot:typeform/distilbert-base-uncased-mnli"": ""exploratory_attention""}","{""rule-based"": 0.84, ""zero-shot:facebook/bart-large-mnli"": 0.23996981978416443, ""zero-shot:typeform/distilbert-base-uncased-mnli"": 0.30345603823661804}"
Cztb-0cliGA_1875-1961:person_1,Cztb-0cliGA_1875-1961,train,visible_ratio=0.966; gaze_shift_ratio=0.034; occlusion_ratio=0.000; eyes_closed_ratio=0.000; mean_gaze_motion=7.98; attention_stability_score=0.860; dominant_gaze_class=inside_visible; observed_frames=87,,"{""rule-based"": ""focused_attention"", ""zero-shot:facebook/bart-large-mnli"": ""occluded_attention"", ""zero-shot:typeform/distilbert-base-uncased-mnli"": ""exploratory_attention""}","{""rule-based"": 0.84, ""zero-shot:facebook/bart-large-mnli"": 0.28640055656433105, ""zero-shot:typeform/distilbert-base-uncased-mnli"": 0.451702356338501}"
Cztb-0cliGA_3879-3960:person_1,Cztb-0cliGA_3879-3960,train,visible_ratio=0.866; gaze_shift_ratio=0.024; occlusion_ratio=0.000; eyes_closed_ratio=0.000; mean_gaze_motion=8.50; attention_stability_score=0.807; dominant_gaze_class=inside_visible; observed_frames=82,,"{""rule-based"": ""focused_attention"", ""zero-shot:facebook/bart-large-mnli"": ""mixed_attention"", ""zero-shot:typeform/distilbert-base-uncased-mnli"": ""exploratory_attention""}","{""rule-based"": 0.84, ""zero-shot:facebook/bart-large-mnli"": 0.23573441803455353, ""zero-shot:typeform/distilbert-base-uncased-mnli"": 0.4081791341304779}"
Cztb-0cliGA_3879-3960:person_2,Cztb-0cliGA_3879-3960,train,visible_ratio=1.000; gaze_shift_ratio=0.000; occlusion_ratio=0.000; eyes_closed_ratio=0.000; mean_gaze_motion=8.66; attention_stability_score=0.996; dominant_gaze_class=inside_visible; observed_frames=82,,"{""rule-based"": ""focused_attention"", ""zero-shot:facebook/bart-large-mnli"": ""reduced_visual_availability"", ""zero-shot:typeform/distilbert-base-uncased-mnli"": ""exploratory_attention""}","{""rule-based"": 0.84, ""zero-shot:facebook/bart-large-mnli"": 0.345676064491272, ""zero-shot:typeform/distilbert-base-uncased-mnli"": 0.55532306432724}"
Cztb-0cliGA_4059-4172:person_1,Cztb-0cliGA_4059-4172,train,visible_ratio=0.789; gaze_shift_ratio=0.035; occlusion_ratio=0.175; eyes_closed_ratio=0.000; mean_gaze_motion=13.11; attention_stability_score=0.821; dominant_gaze_class=inside_visible; observed_frames=114,,"{""rule-based"": ""focused_attention"", ""zero-shot:facebook/bart-large-mnli"": ""reduced_visual_availability"", ""zero-shot:typeform/distilbert-base-uncased-mnli"": ""exploratory_attention""}","{""rule-based"": 0.84, ""zero-shot:facebook/bart-large-mnli"": 0.4662855863571167, ""zero-shot:typeform/distilbert-base-uncased-mnli"": 0.2736630439758301}"
Cztb-0cliGA_4253-4312:person_1,Cztb-0cliGA_4253-4312,train,visible_ratio=0.950; gaze_shift_ratio=0.050; occlusion_ratio=0.000; eyes_closed_ratio=0.000; mean_gaze_motion=41.25; attention_stability_score=0.891; dominant_gaze_class=inside_visible; observed_frames=60,,"{""rule-based"": ""focused_attention"", ""zero-shot:facebook/bart-large-mnli"": ""focused_attention"", ""zero-shot:typeform/distilbert-base-uncased-mnli"": ""exploratory_attention""}","{""rule-based"": 0.84, ""zero-shot:facebook/bart-large-mnli"": 0.32412195205688477, ""zero-shot:typeform/distilbert-base-uncased-mnli"": 0.3698260188102722}"
Cztb-0cliGA_4253-4312:person_2,Cztb-0cliGA_4253-4312,train,visible_ratio=0.000; gaze_shift_ratio=0.000; occlusion_ratio=0.000; eyes_closed_ratio=0.000; mean_gaze_motion=0.00; attention_stability_score=0.300; dominant_gaze_class=inside_ambiguous; observed_frames=60,,"{""rule-based"": ""mixed_attention"", ""zero-shot:facebook/bart-large-mnli"": ""mixed_attention"", ""zero-shot:typeform/distilbert-base-uncased-mnli"": ""exploratory_attention""}","{""rule-based"": 0.68, ""zero-shot:facebook/bart-large-mnli"": 0.31030112504959106, ""zero-shot:typeform/distilbert-base-uncased-mnli"": 0.3064223527908325}"
Cztb-0cliGA_4330-4442:person_2,Cztb-0cliGA_4330-4442,train,visible_ratio=0.912; gaze_shift_ratio=0.088; occlusion_ratio=0.000; eyes_closed_ratio=0.000; mean_gaze_motion=8.89; attention_stability_score=0.887; dominant_gaze_class=inside_visible; observed_frames=113,,"{""rule-based"": ""focused_attention"", ""zero-shot:facebook/bart-large-mnli"": ""occluded_attention"", ""zero-shot:typeform/distilbert-base-uncased-mnli"": ""exploratory_attention""}","{""rule-based"": 0.84, ""zero-shot:facebook/bart-large-mnli"": 0.2857809364795685, ""zero-shot:typeform/distilbert-base-uncased-mnli"": 0.4752485156059265}"
Cztb-0cliGA_537-637:person_1,Cztb-0cliGA_537-637,train,visible_ratio=1.000; gaze_shift_ratio=0.000; occlusion_ratio=0.000; eyes_closed_ratio=0.000; mean_gaze_motion=0.00; attention_stability_score=1.000; dominant_gaze_class=inside_visible; observed_frames=101,,"{""rule-based"": ""focused_attention"", ""zero-shot:facebook/bart-large-mnli"": ""focused_attention"", ""zero-shot:typeform/distilbert-base-uncased-mnli"": ""exploratory_attention""}","{""rule-based"": 0.84, ""zero-shot:facebook/bart-large-mnli"": 0.5588232278823853, ""zero-shot:typeform/distilbert-base-uncased-mnli"": 0.538489043712616}"
Cztb-0cliGA_887-958:person_1,Cztb-0cliGA_887-958,train,visible_ratio=0.903; gaze_shift_ratio=0.097; occlusion_ratio=0.000; eyes_closed_ratio=0.000; mean_gaze_motion=25.46; attention_stability_score=0.839; dominant_gaze_class=inside_visible; observed_frames=72,,"{""rule-based"": ""focused_attention"", ""zero-shot:facebook/bart-large-mnli"": ""reduced_visual_availability"", ""zero-shot:typeform/distilbert-base-uncased-mnli"": ""exploratory_attention""}","{""rule-based"": 0.84, ""zero-shot:facebook/bart-large-mnli"": 0.3020761013031006, ""zero-shot:typeform/distilbert-base-uncased-mnli"": 0.4194575548171997}"
Cztb-0cliGA_887-958:person_2,Cztb-0cliGA_887-958,train,visible_ratio=0.208; gaze_shift_ratio=0.000; occlusion_ratio=0.000; eyes_closed_ratio=0.000; mean_gaze_motion=4.18; attention_stability_score=0.444; dominant_gaze_class=outside_frame; observed_frames=72,,"{""rule-based"": ""mixed_attention"", ""zero-shot:facebook/bart-large-mnli"": ""reduced_visual_availability"", ""zero-shot:typeform/distilbert-base-uncased-mnli"": ""exploratory_attention""}","{""rule-based"": 0.68, ""zero-shot:facebook/bart-large-mnli"": 0.5106627345085144, ""zero-shot:typeform/distilbert-base-uncased-mnli"": 0.5383707284927368}"
DGls-Z4e6OI_10127-10377:person_1,DGls-Z4e6OI_10127-10377,train,visible_ratio=0.892; gaze_shift_ratio=0.076; occlusion_ratio=0.000; eyes_closed_ratio=0.000; mean_gaze_motion=2.94; attention_stability_score=0.861; dominant_gaze_class=inside_visible; observed_frames=251,,"{""rule-based"": ""focused_attention"", ""zero-shot:facebook/bart-large-mnli"": ""reduced_visual_availability"", ""zero-shot:typeform/distilbert-base-uncased-mnli"": ""exploratory_attention""}","{""rule-based"": 0.84, ""zero-shot:facebook/bart-large-mnli"": 0.2958701550960541, ""zero-shot:typeform/distilbert-base-uncased-mnli"": 0.445547878742218}"
DGls-Z4e6OI_11251-11528:person_1,DGls-Z4e6OI_11251-11528,train,visible_ratio=0.860; gaze_shift_ratio=0.043; occlusion_ratio=0.000; eyes_closed_ratio=0.000; mean_gaze_motion=6.38; attention_stability_score=0.866; dominant_gaze_class=inside_visible; observed_frames=278,,"{""rule-based"": ""focused_attention"", ""zero-shot:facebook/bart-large-mnli"": ""exploratory_attention"", ""zero-shot:typeform/distilbert-base-uncased-mnli"": ""exploratory_attention""}","{""rule-based"": 0.84, ""zero-shot:facebook/bart-large-mnli"": 0.2535950839519501, ""zero-shot:typeform/distilbert-base-uncased-mnli"": 0.37093380093574524}"
DGls-Z4e6OI_11664-11753:person_1,DGls-Z4e6OI_11664-11753,train,visible_ratio=1.000; gaze_shift_ratio=0.000; occlusion_ratio=0.000; eyes_closed_ratio=0.000; mean_gaze_motion=2.73; attention_stability_score=0.999; dominant_gaze_class=inside_visible; observed_frames=90,,"{""rule-based"": ""focused_attention"", ""zero-shot:facebook/bart-large-mnli"": ""focused_attention"", ""zero-shot:typeform/distilbert-base-uncased-mnli"": ""exploratory_attention""}","{""rule-based"": 0.84, ""zero-shot:facebook/bart-large-mnli"": 0.6146117448806763, ""zero-shot:typeform/distilbert-base-uncased-mnli"": 0.5318241715431213}"
DGls-Z4e6OI_11664-11753:person_2,DGls-Z4e6OI_11664-11753,train,visible_ratio=0.689; gaze_shift_ratio=0.000; occlusion_ratio=0.178; eyes_closed_ratio=0.000; mean_gaze_motion=3.39; attention_stability_score=0.750; dominant_gaze_class=inside_visible; observed_frames=90,,"{""rule-based"": ""mixed_attention"", ""zero-shot:facebook/bart-large-mnli"": ""reduced_visual_availability"", ""zero-shot:typeform/distilbert-base-uncased-mnli"": ""exploratory_attention""}","{""rule-based"": 0.68, ""zero-shot:facebook/bart-large-mnli"": 0.5548681020736694, ""zero-shot:typeform/distilbert-base-uncased-mnli"": 0.27105948328971863}"
DGls-Z4e6OI_11755-11879:person_1,DGls-Z4e6OI_11755-11879,train,visible_ratio=1.000; gaze_shift_ratio=0.000; occlusion_ratio=0.000; eyes_closed_ratio=0.000; mean_gaze_motion=2.39; attention_stability_score=0.999; dominant_gaze_class=inside_visible; observed_frames=125,,"{""rule-based"": ""focused_attention"", ""zero-shot:facebook/bart-large-mnli"": ""focused_attention"", ""zero-shot:typeform/distilbert-base-uncased-mnli"": ""exploratory_attention""}","{""rule-based"": 0.84, ""zero-shot:facebook/bart-large-mnli"": 0.606078028678894, ""zero-shot:typeform/distilbert-base-uncased-mnli"": 0.5339159369468689}"
DGls-Z4e6OI_12503-12693:person_1,DGls-Z4e6OI_12503-12693,train,visible_ratio=0.812; gaze_shift_ratio=0.141; occlusion_ratio=0.000; eyes_closed_ratio=0.000; mean_gaze_motion=6.96; attention_stability_score=0.736; dominant_gaze_class=inside_visible; observed_frames=191,,"{""rule-based"": ""mixed_attention"", ""zero-shot:facebook/bart-large-mnli"": ""reduced_visual_availability"", ""zero-shot:typeform/distilbert-base-uncased-mnli"": ""exploratory_attention""}","{""rule-based"": 0.68, ""zero-shot:facebook/bart-large-mnli"": 0.5598309636116028, ""zero-shot:typeform/distilbert-base-uncased-mnli"": 0.29731041193008423}"
DGls-Z4e6OI_12503-12693:person_2,DGls-Z4e6OI_12503-12693,train,visible_ratio=0.373; gaze_shift_ratio=0.065; occlusion_ratio=0.357; eyes_closed_ratio=0.000; mean_gaze_motion=8.38; attention_stability_score=0.547; dominant_gaze_class=inside_visible; observed_frames=185,,"{""rule-based"": ""occluded_attention"", ""zero-shot:facebook/bart-large-mnli"": ""reduced_visual_availability"", ""zero-shot:typeform/distilbert-base-uncased-mnli"": ""exploratory_attention""}","{""rule-based"": 0.74, ""zero-shot:facebook/bart-large-mnli"": 0.4271075129508972, ""zero-shot:typeform/distilbert-base-uncased-mnli"": 0.3075143098831177}"
DGls-Z4e6OI_14779-14977:person_1,DGls-Z4e6OI_14779-14977,train,visible_ratio=0.342; gaze_shift_ratio=0.156; occlusion_ratio=0.000; eyes_closed_ratio=0.000; mean_gaze_motion=2.95; attention_stability_score=0.480; dominant_gaze_class=outside_frame; observed_frames=199,,"{""rule-based"": ""mixed_attention"", ""zero-shot:facebook/bart-large-mnli"": ""reduced_visual_availability"", ""zero-shot:typeform/distilbert-base-uncased-mnli"": ""exploratory_attention""}","{""rule-based"": 0.68, ""zero-shot:facebook/bart-large-mnli"": 0.43049564957618713, ""zero-shot:typeform/distilbert-base-uncased-mnli"": 0.31786221265792847}"
DGls-Z4e6OI_15025-15289:person_1,DGls-Z4e6OI_15025-15289,train,visible_ratio=0.872; gaze_shift_ratio=0.000; occlusion_ratio=0.000; eyes_closed_ratio=0.000; mean_gaze_motion=2.44; attention_stability_score=0.909; dominant_gaze_class=inside_visible; observed_frames=265,,"{""rule-based"": ""focused_attention"", ""zero-shot:facebook/bart-large-mnli"": ""reduced_visual_availability"", ""zero-shot:typeform/distilbert-base-uncased-mnli"": ""reduced_visual_availability""}","{""rule-based"": 0.84, ""zero-shot:facebook/bart-large-mnli"": 0.34473609924316406, ""zero-shot:typeform/distilbert-base-uncased-mnli"": 0.4751124680042267}"
DGls-Z4e6OI_15291-15496:person_1,DGls-Z4e6OI_15291-15496,train,visible_ratio=1.000; gaze_shift_ratio=0.000; occlusion_ratio=0.000; eyes_closed_ratio=0.000; mean_gaze_motion=2.65; attention_stability_score=0.999; dominant_gaze_class=inside_visible; observed_frames=206,,"{""rule-based"": ""focused_attention"", ""zero-shot:facebook/bart-large-mnli"": ""focused_attention"", ""zero-shot:typeform/distilbert-base-uncased-mnli"": ""exploratory_attention""}","{""rule-based"": 0.84, ""zero-shot:facebook/bart-large-mnli"": 0.5956656336784363, ""zero-shot:typeform/distilbert-base-uncased-mnli"": 0.5331532955169678}"
DGls-Z4e6OI_15498-15721:person_1,DGls-Z4e6OI_15498-15721,train,visible_ratio=0.973; gaze_shift_ratio=0.027; occlusion_ratio=0.000; eyes_closed_ratio=0.000; mean_gaze_motion=2.64; attention_stability_score=0.897; dominant_gaze_class=inside_visible; observed_frames=224,,"{""rule-based"": ""focused_attention"", ""zero-shot:facebook/bart-large-mnli"": ""occluded_attention"", ""zero-shot:typeform/distilbert-base-uncased-mnli"": ""exploratory_attention""}","{""rule-based"": 0.84, ""zero-shot:facebook/bart-large-mnli"": 0.3116130232810974, ""zero-shot:typeform/distilbert-base-uncased-mnli"": 0.438646137714386}"
DGls-Z4e6OI_15498-15721:person_2,DGls-Z4e6OI_15498-15721,train,visible_ratio=0.621; gaze_shift_ratio=0.112; occlusion_ratio=0.268; eyes_closed_ratio=0.000; mean_gaze_motion=2.62; attention_stability_score=0.674; dominant_gaze_class=inside_visible; observed_frames=224,,"{""rule-based"": ""mixed_attention"", ""zero-shot:facebook/bart-large-mnli"": ""reduced_visual_availability"", ""zero-shot:typeform/distilbert-base-uncased-mnli"": ""reduced_visual_availability""}","{""rule-based"": 0.68, ""zero-shot:facebook/bart-large-mnli"": 0.3713965117931366, ""zero-shot:typeform/distilbert-base-uncased-mnli"": 0.35837146639823914}"
DGls-Z4e6OI_15723-15861:person_1,DGls-Z4e6OI_15723-15861,train,visible_ratio=0.971; gaze_shift_ratio=0.029; occlusion_ratio=0.000; eyes_closed_ratio=0.000; mean_gaze_motion=11.97; attention_stability_score=0.847; dominant_gaze_class=inside_visible; observed_frames=139,,"{""rule-based"": ""focused_attention"", ""zero-shot:facebook/bart-large-mnli"": ""exploratory_attention"", ""zero-shot:typeform/distilbert-base-uncased-mnli"": ""exploratory_attention""}","{""rule-based"": 0.84, ""zero-shot:facebook/bart-large-mnli"": 0.28682103753089905, ""zero-shot:typeform/distilbert-base-uncased-mnli"": 0.34782153367996216}"
DGls-Z4e6OI_15951-16031:person_1,DGls-Z4e6OI_15951-16031,train,visible_ratio=1.000; gaze_shift_ratio=0.000; occlusion_ratio=0.000; eyes_closed_ratio=0.000; mean_gaze_motion=15.77; attention_stability_score=0.992; dominant_gaze_class=inside_visible; observed_frames=81,,"{""rule-based"": ""focused_attention"", ""zero-shot:facebook/bart-large-mnli"": ""reduced_visual_availability"", ""zero-shot:typeform/distilbert-base-uncased-mnli"": ""exploratory_attention""}","{""rule-based"": 0.84, ""zero-shot:facebook/bart-large-mnli"": 0.33004820346832275, ""zero-shot:typeform/distilbert-base-uncased-mnli"": 0.37750956416130066}"
DGls-Z4e6OI_16145-16202:person_1,DGls-Z4e6OI_16145-16202,train,visible_ratio=0.879; gaze_shift_ratio=0.121; occlusion_ratio=0.000; eyes_closed_ratio=0.000; mean_gaze_motion=9.48; attention_stability_score=0.884; dominant_gaze_class=inside_visible; observed_frames=58,,"{""rule-based"": ""mixed_attention"", ""zero-shot:facebook/bart-large-mnli"": ""occluded_attention"", ""zero-shot:typeform/distilbert-base-uncased-mnli"": ""exploratory_attention""}","{""rule-based"": 0.68, ""zero-shot:facebook/bart-large-mnli"": 0.2715757191181183, ""zero-shot:typeform/distilbert-base-uncased-mnli"": 0.4273641109466553}"
DGls-Z4e6OI_16204-16323:person_1,DGls-Z4e6OI_16204-16323,train,visible_ratio=1.000; gaze_shift_ratio=0.000; occlusion_ratio=0.000; eyes_closed_ratio=0.000; mean_gaze_motion=1.04; attention_stability_score=0.999; dominant_gaze_class=inside_visible; observed_frames=120,,"{""rule-based"": ""focused_attention"", ""zero-shot:facebook/bart-large-mnli"": ""focused_attention"", ""zero-shot:typeform/distilbert-base-uncased-mnli"": ""exploratory_attention""}","{""rule-based"": 0.84, ""zero-shot:facebook/bart-large-mnli"": 0.5881907939910889, ""zero-shot:typeform/distilbert-base-uncased-mnli"": 0.5360564589500427}"
DGls-Z4e6OI_16325-16461:person_1,DGls-Z4e6OI_16325-16461,train,visible_ratio=0.832; gaze_shift_ratio=0.029; occlusion_ratio=0.000; eyes_closed_ratio=0.000; mean_gaze_motion=0.84; attention_stability_score=0.841; dominant_gaze_class=inside_visible; observed_frames=137,,"{""rule-based"": ""focused_attention"", ""zero-shot:facebook/bart-large-mnli"": ""reduced_visual_availability"", ""zero-shot:typeform/distilbert-base-uncased-mnli"": ""exploratory_attention""}","{""rule-based"": 0.84, ""zero-shot:facebook/bart-large-mnli"": 0.3061511516571045, ""zero-shot:typeform/distilbert-base-uncased-mnli"": 0.38866013288497925}"
DGls-Z4e6OI_16463-17068:person_2,DGls-Z4e6OI_16463-17068,train,visible_ratio=0.739; gaze_shift_ratio=0.068; occlusion_ratio=0.016; eyes_closed_ratio=0.000; mean_gaze_motion=12.31; attention_stability_score=0.716; dominant_gaze_class=inside_visible; observed_frames=574,,"{""rule-based"": ""mixed_attention"", ""zero-shot:facebook/bart-large-mnli"": ""mixed_attention"", ""zero-shot:typeform/distilbert-base-uncased-mnli"": ""exploratory_attention""}","{""rule-based"": 0.68, ""zero-shot:facebook/bart-large-mnli"": 0.3244280219078064, ""zero-shot:typeform/distilbert-base-uncased-mnli"": 0.32363083958625793}"
DGls-Z4e6OI_17098-17490:person_2,DGls-Z4e6OI_17098-17490,train,visible_ratio=0.896; gaze_shift_ratio=0.053; occlusion_ratio=0.051; eyes_closed_ratio=0.000; mean_gaze_motion=9.71; attention_stability_score=0.763; dominant_gaze_class=inside_visible; observed_frames=393,,"{""rule-based"": ""focused_attention"", ""zero-shot:facebook/bart-large-mnli"": ""reduced_visual_availability"", ""zero-shot:typeform/distilbert-base-uncased-mnli"": ""reduced_visual_availability""}","{""rule-based"": 0.84, ""zero-shot:facebook/bart-large-mnli"": 0.5567805171012878, ""zero-shot:typeform/distilbert-base-uncased-mnli"": 0.36524635553359985}"
DGls-Z4e6OI_1936-2401:person_1,DGls-Z4e6OI_1936-2401,train,visible_ratio=0.725; gaze_shift_ratio=0.043; occlusion_ratio=0.064; eyes_closed_ratio=0.000; mean_gaze_motion=4.36; attention_stability_score=0.781; dominant_gaze_class=inside_visible; observed_frames=466,,"{""rule-based"": ""mixed_attention"", ""zero-shot:facebook/bart-large-mnli"": ""reduced_visual_availability"", ""zero-shot:typeform/distilbert-base-uncased-mnli"": ""reduced_visual_availability""}","{""rule-based"": 0.68, ""zero-shot:facebook/bart-large-mnli"": 0.41324979066848755, ""zero-shot:typeform/distilbert-base-uncased-mnli"": 0.3121258616447449}"
DGls-Z4e6OI_1936-2401:person_2,DGls-Z4e6OI_1936-2401,train,visible_ratio=0.948; gaze_shift_ratio=0.052; occlusion_ratio=0.000; eyes_closed_ratio=0.000; mean_gaze_motion=3.66; attention_stability_score=0.845; dominant_gaze_class=inside_visible; observed_frames=466,,"{""rule-based"": ""focused_attention"", ""zero-shot:facebook/bart-large-mnli"": ""focused_attention"", ""zero-shot:typeform/distilbert-base-uncased-mnli"": ""exploratory_attention""}","{""rule-based"": 0.84, ""zero-shot:facebook/bart-large-mnli"": 0.3555537462234497, ""zero-shot:typeform/distilbert-base-uncased-mnli"": 0.3619300425052643}"
DGls-Z4e6OI_20210-20288:person_2,DGls-Z4e6OI_20210-20288,train,visible_ratio=1.000; gaze_shift_ratio=0.000; occlusion_ratio=0.000; eyes_closed_ratio=0.000; mean_gaze_motion=4.01; attention_stability_score=0.998; dominant_gaze_class=inside_visible; observed_frames=79,,"{""rule-based"": ""focused_attention"", ""zero-shot:facebook/bart-large-mnli"": ""focused_attention"", ""zero-shot:typeform/distilbert-base-uncased-mnli"": ""exploratory_attention""}","{""rule-based"": 0.84, ""zero-shot:facebook/bart-large-mnli"": 0.5648764967918396, ""zero-shot:typeform/distilbert-base-uncased-mnli"": 0.5699204802513123}"
DGls-Z4e6OI_20290-20419:person_1,DGls-Z4e6OI_20290-20419,train,visible_ratio=0.815; gaze_shift_ratio=0.146; occlusion_ratio=0.000; eyes_closed_ratio=0.000; mean_gaze_motion=11.54; attention_stability_score=0.735; dominant_gaze_class=inside_visible; observed_frames=130,,"{""rule-based"": ""mixed_attention"", ""zero-shot:facebook/bart-large-mnli"": ""occluded_attention"", ""zero-shot:typeform/distilbert-base-uncased-mnli"": ""reduced_visual_availability""}","{""rule-based"": 0.68, ""zero-shot:facebook/bart-large-mnli"": 0.4132593870162964, ""zero-shot:typeform/distilbert-base-uncased-mnli"": 0.35192447900772095}"
DGls-Z4e6OI_20453-20628:person_1,DGls-Z4e6OI_20453-20628,train,visible_ratio=0.960; gaze_shift_ratio=0.000; occlusion_ratio=0.000; eyes_closed_ratio=0.000; mean_gaze_motion=22.52; attention_stability_score=0.924; dominant_gaze_class=inside_visible; observed_frames=176,,"{""rule-based"": ""focused_attention"", ""zero-shot:facebook/bart-large-mnli"": ""mixed_attention"", ""zero-shot:typeform/distilbert-base-uncased-mnli"": ""exploratory_attention""}","{""rule-based"": 0.84, ""zero-shot:facebook/bart-large-mnli"": 0.2956094443798065, ""zero-shot:typeform/distilbert-base-uncased-mnli"": 0.35891038179397583}"
DGls-Z4e6OI_20453-20628:person_2,DGls-Z4e6OI_20453-20628,train,visible_ratio=0.665; gaze_shift_ratio=0.040; occlusion_ratio=0.108; eyes_closed_ratio=0.000; mean_gaze_motion=22.14; attention_stability_score=0.667; dominant_gaze_class=inside_visible; observed_frames=176,,"{""rule-based"": ""mixed_attention"", ""zero-shot:facebook/bart-large-mnli"": ""mixed_attention"", ""zero-shot:typeform/distilbert-base-uncased-mnli"": ""exploratory_attention""}","{""rule-based"": 0.68, ""zero-shot:facebook/bart-large-mnli"": 0.3194395899772644, ""zero-shot:typeform/distilbert-base-uncased-mnli"": 0.3380076289176941}"
DGls-Z4e6OI_21052-21203:person_1,DGls-Z4e6OI_21052-21203,train,visible_ratio=0.829; gaze_shift_ratio=0.092; occlusion_ratio=0.079; eyes_closed_ratio=0.000; mean_gaze_motion=24.15; attention_stability_score=0.747; dominant_gaze_class=inside_visible; observed_frames=152,,"{""rule-based"": ""focused_attention"", ""zero-shot:facebook/bart-large-mnli"": ""reduced_visual_availability"", ""zero-shot:typeform/distilbert-base-uncased-mnli"": ""exploratory_attention""}","{""rule-based"": 0.84, ""zero-shot:facebook/bart-large-mnli"": 0.38033467531204224, ""zero-shot:typeform/distilbert-base-uncased-mnli"": 0.3355781137943268}"
DGls-Z4e6OI_21052-21203:person_2,DGls-Z4e6OI_21052-21203,train,visible_ratio=0.633; gaze_shift_ratio=0.022; occlusion_ratio=0.000; eyes_closed_ratio=0.000; mean_gaze_motion=2.52; attention_stability_score=0.669; dominant_gaze_class=inside_visible; observed_frames=139,,"{""rule-based"": ""mixed_attention"", ""zero-shot:facebook/bart-large-mnli"": ""occluded_attention"", ""zero-shot:typeform/distilbert-base-uncased-mnli"": ""exploratory_attention""}","{""rule-based"": 0.68, ""zero-shot:facebook/bart-large-mnli"": 0.39873722195625305, ""zero-shot:typeform/distilbert-base-uncased-mnli"": 0.30511659383773804}"
DGls-Z4e6OI_22806-23096:person_2,DGls-Z4e6OI_22806-23096,train,visible_ratio=0.849; gaze_shift_ratio=0.096; occlusion_ratio=0.000; eyes_closed_ratio=0.000; mean_gaze_motion=7.48; attention_stability_score=0.766; dominant_gaze_class=inside_visible; observed_frames=291,,"{""rule-based"": ""focused_attention"", ""zero-shot:facebook/bart-large-mnli"": ""focused_attention"", ""zero-shot:typeform/distilbert-base-uncased-mnli"": ""exploratory_attention""}","{""rule-based"": 0.84, ""zero-shot:facebook/bart-large-mnli"": 0.509712278842926, ""zero-shot:typeform/distilbert-base-uncased-mnli"": 0.3320179283618927}"
DGls-Z4e6OI_3182-3491:person_2,DGls-Z4e6OI_3182-3491,train,visible_ratio=0.708; gaze_shift_ratio=0.000; occlusion_ratio=0.224; eyes_closed_ratio=0.000; mean_gaze_motion=10.34; attention_stability_score=0.695; dominant_gaze_class=inside_visible; observed_frames=250,,"{""rule-based"": ""mixed_attention"", ""zero-shot:facebook/bart-large-mnli"": ""reduced_visual_availability"", ""zero-shot:typeform/distilbert-base-uncased-mnli"": ""reduced_visual_availability""}","{""rule-based"": 0.68, ""zero-shot:facebook/bart-large-mnli"": 0.5747742652893066, ""zero-shot:typeform/distilbert-base-uncased-mnli"": 0.3655354082584381}"
DGls-Z4e6OI_3182-3491:person_3,DGls-Z4e6OI_3182-3491,train,visible_ratio=0.879; gaze_shift_ratio=0.035; occlusion_ratio=0.087; eyes_closed_ratio=0.000; mean_gaze_motion=5.79; attention_stability_score=0.789; dominant_gaze_class=inside_visible; observed_frames=289,,"{""rule-based"": ""focused_attention"", ""zero-shot:facebook/bart-large-mnli"": ""focused_attention"", ""zero-shot:typeform/distilbert-base-uncased-mnli"": ""exploratory_attention""}","{""rule-based"": 0.84, ""zero-shot:facebook/bart-large-mnli"": 0.35281211137771606, ""zero-shot:typeform/distilbert-base-uncased-mnli"": 0.297912061214447}"
DGls-Z4e6OI_4145-4401:person_2,DGls-Z4e6OI_4145-4401,train,visible_ratio=1.000; gaze_shift_ratio=0.000; occlusion_ratio=0.000; eyes_closed_ratio=0.000; mean_gaze_motion=0.43; attention_stability_score=1.000; dominant_gaze_class=inside_visible; observed_frames=257,,"{""rule-based"": ""focused_attention"", ""zero-shot:facebook/bart-large-mnli"": ""focused_attention"", ""zero-shot:typeform/distilbert-base-uncased-mnli"": ""exploratory_attention""}","{""rule-based"": 0.84, ""zero-shot:facebook/bart-large-mnli"": 0.5627495050430298, ""zero-shot:typeform/distilbert-base-uncased-mnli"": 0.5446910858154297}"
DGls-Z4e6OI_4939-4993:person_1,DGls-Z4e6OI_4939-4993,train,visible_ratio=1.000; gaze_shift_ratio=0.000; occlusion_ratio=0.000; eyes_closed_ratio=0.000; mean_gaze_motion=5.46; attention_stability_score=0.997; dominant_gaze_class=inside_visible; observed_frames=55,,"{""rule-based"": ""focused_attention"", ""zero-shot:facebook/bart-large-mnli"": ""focused_attention"", ""zero-shot:typeform/distilbert-base-uncased-mnli"": ""exploratory_attention""}","{""rule-based"": 0.84, ""zero-shot:facebook/bart-large-mnli"": 0.591716468334198, ""zero-shot:typeform/distilbert-base-uncased-mnli"": 0.5682350397109985}"
DGls-Z4e6OI_520-648:person_1,DGls-Z4e6OI_520-648,train,visible_ratio=0.504; gaze_shift_ratio=0.039; occlusion_ratio=0.457; eyes_closed_ratio=0.000; mean_gaze_motion=7.62; attention_stability_score=0.597; dominant_gaze_class=inside_visible; observed_frames=129,,"{""rule-based"": ""occluded_attention"", ""zero-shot:facebook/bart-large-mnli"": ""reduced_visual_availability"", ""zero-shot:typeform/distilbert-base-uncased-mnli"": ""reduced_visual_availability""}","{""rule-based"": 0.74, ""zero-shot:facebook/bart-large-mnli"": 0.4367111921310425, ""zero-shot:typeform/distilbert-base-uncased-mnli"": 0.2984689176082611}"
DGls-Z4e6OI_520-648:person_2,DGls-Z4e6OI_520-648,train,visible_ratio=1.000; gaze_shift_ratio=0.000; occlusion_ratio=0.000; eyes_closed_ratio=0.000; mean_gaze_motion=6.70; attention_stability_score=0.997; dominant_gaze_class=inside_visible; observed_frames=129,,"{""rule-based"": ""focused_attention"", ""zero-shot:facebook/bart-large-mnli"": ""reduced_visual_availability"", ""zero-shot:typeform/distilbert-base-uncased-mnli"": ""exploratory_attention""}","{""rule-based"": 0.84, ""zero-shot:facebook/bart-large-mnli"": 0.26599279046058655, ""zero-shot:typeform/distilbert-base-uncased-mnli"": 0.5047733187675476}"
DGls-Z4e6OI_5417-5718:person_1,DGls-Z4e6OI_5417-5718,train,visible_ratio=0.291; gaze_shift_ratio=0.000; occlusion_ratio=0.474; eyes_closed_ratio=0.000; mean_gaze_motion=9.81; attention_stability_score=0.499; dominant_gaze_class=inside_uncertain; observed_frames=302,,"{""rule-based"": ""occluded_attention"", ""zero-shot:facebook/bart-large-mnli"": ""reduced_visual_availability"", ""zero-shot:typeform/distilbert-base-uncased-mnli"": ""reduced_visual_availability""}","{""rule-based"": 0.74, ""zero-shot:facebook/bart-large-mnli"": 0.5336648225784302, ""zero-shot:typeform/distilbert-base-uncased-mnli"": 0.30447259545326233}"
DGls-Z4e6OI_5417-5718:person_4,DGls-Z4e6OI_5417-5718,train,visible_ratio=0.699; gaze_shift_ratio=0.000; occlusion_ratio=0.000; eyes_closed_ratio=0.000; mean_gaze_motion=22.60; attention_stability_score=0.679; dominant_gaze_class=inside_visible; observed_frames=302,,"{""rule-based"": ""mixed_attention"", ""zero-shot:facebook/bart-large-mnli"": ""reduced_visual_availability"", ""zero-shot:typeform/distilbert-base-uncased-mnli"": ""exploratory_attention""}","{""rule-based"": 0.68, ""zero-shot:facebook/bart-large-mnli"": 0.4972893297672272, ""zero-shot:typeform/distilbert-base-uncased-mnli"": 0.3040451407432556}"
DGls-Z4e6OI_6288-6482:person_1,DGls-Z4e6OI_6288-6482,train,visible_ratio=0.503; gaze_shift_ratio=0.046; occlusion_ratio=0.000; eyes_closed_ratio=0.000; mean_gaze_motion=6.46; attention_stability_score=0.642; dominant_gaze_class=inside_visible; observed_frames=195,,"{""rule-based"": ""mixed_attention"", ""zero-shot:facebook/bart-large-mnli"": ""reduced_visual_availability"", ""zero-shot:typeform/distilbert-base-uncased-mnli"": ""reduced_visual_availability""}","{""rule-based"": 0.68, ""zero-shot:facebook/bart-large-mnli"": 0.5127004981040955, ""zero-shot:typeform/distilbert-base-uncased-mnli"": 0.30836719274520874}"
DGls-Z4e6OI_6484-6729:person_1,DGls-Z4e6OI_6484-6729,train,visible_ratio=0.886; gaze_shift_ratio=0.093; occlusion_ratio=0.000; eyes_closed_ratio=0.000; mean_gaze_motion=17.03; attention_stability_score=0.759; dominant_gaze_class=inside_visible; observed_frames=246,,"{""rule-based"": ""focused_attention"", ""zero-shot:facebook/bart-large-mnli"": ""mixed_attention"", ""zero-shot:typeform/distilbert-base-uncased-mnli"": ""exploratory_attention""}","{""rule-based"": 0.84, ""zero-shot:facebook/bart-large-mnli"": 0.28567570447921753, ""zero-shot:typeform/distilbert-base-uncased-mnli"": 0.3585192859172821}"
DGls-Z4e6OI_6484-6729:person_2,DGls-Z4e6OI_6484-6729,train,visible_ratio=0.726; gaze_shift_ratio=0.077; occlusion_ratio=0.000; eyes_closed_ratio=0.000; mean_gaze_motion=33.95; attention_stability_score=0.682; dominant_gaze_class=inside_visible; observed_frames=208,,"{""rule-based"": ""mixed_attention"", ""zero-shot:facebook/bart-large-mnli"": ""reduced_visual_availability"", ""zero-shot:typeform/distilbert-base-uncased-mnli"": ""exploratory_attention""}","{""rule-based"": 0.68, ""zero-shot:facebook/bart-large-mnli"": 0.4714384377002716, ""zero-shot:typeform/distilbert-base-uncased-mnli"": 0.29849231243133545}"
DGls-Z4e6OI_651-755:person_1,DGls-Z4e6OI_651-755,train,visible_ratio=0.714; gaze_shift_ratio=0.257; occlusion_ratio=0.000; eyes_closed_ratio=0.000; mean_gaze_motion=22.17; attention_stability_score=0.646; dominant_gaze_class=inside_visible; observed_frames=105,,"{""rule-based"": ""exploratory_attention"", ""zero-shot:facebook/bart-large-mnli"": ""mixed_attention"", ""zero-shot:typeform/distilbert-base-uncased-mnli"": ""exploratory_attention""}","{""rule-based"": 0.8, ""zero-shot:facebook/bart-large-mnli"": 0.31021830439567566, ""zero-shot:typeform/distilbert-base-uncased-mnli"": 0.3383982479572296}"
DGls-Z4e6OI_651-755:person_2,DGls-Z4e6OI_651-755,train,visible_ratio=0.848; gaze_shift_ratio=0.048; occlusion_ratio=0.076; eyes_closed_ratio=0.000; mean_gaze_motion=36.71; attention_stability_score=0.820; dominant_gaze_class=inside_visible; observed_frames=105,,"{""rule-based"": ""focused_attention"", ""zero-shot:facebook/bart-large-mnli"": ""reduced_visual_availability"", ""zero-shot:typeform/distilbert-base-uncased-mnli"": ""exploratory_attention""}","{""rule-based"": 0.84, ""zero-shot:facebook/bart-large-mnli"": 0.6116939783096313, ""zero-shot:typeform/distilbert-base-uncased-mnli"": 0.26098132133483887}"
DGls-Z4e6OI_6731-6960:person_1,DGls-Z4e6OI_6731-6960,train,visible_ratio=0.891; gaze_shift_ratio=0.052; occlusion_ratio=0.000; eyes_closed_ratio=0.000; mean_gaze_motion=13.56; attention_stability_score=0.794; dominant_gaze_class=inside_visible; observed_frames=230,,"{""rule-based"": ""focused_attention"", ""zero-shot:facebook/bart-large-mnli"": ""focused_attention"", ""zero-shot:typeform/distilbert-base-uncased-mnli"": ""exploratory_attention""}","{""rule-based"": 0.84, ""zero-shot:facebook/bart-large-mnli"": 0.34780609607696533, ""zero-shot:typeform/distilbert-base-uncased-mnli"": 0.39245712757110596}"
DGls-Z4e6OI_6983-7262:person_1,DGls-Z4e6OI_6983-7262,train,visible_ratio=0.918; gaze_shift_ratio=0.050; occlusion_ratio=0.000; eyes_closed_ratio=0.000; mean_gaze_motion=15.90; attention_stability_score=0.835; dominant_gaze_class=inside_visible; observed_frames=280,,"{""rule-based"": ""focused_attention"", ""zero-shot:facebook/bart-large-mnli"": ""reduced_visual_availability"", ""zero-shot:typeform/distilbert-base-uncased-mnli"": ""exploratory_attention""}","{""rule-based"": 0.84, ""zero-shot:facebook/bart-large-mnli"": 0.5395650863647461, ""zero-shot:typeform/distilbert-base-uncased-mnli"": 0.30818501114845276}"
DGls-Z4e6OI_7698-7883:person_1,DGls-Z4e6OI_7698-7883,train,visible_ratio=0.694; gaze_shift_ratio=0.000; occlusion_ratio=0.290; eyes_closed_ratio=0.000; mean_gaze_motion=6.56; attention_stability_score=0.753; dominant_gaze_class=inside_visible; observed_frames=186,,"{""rule-based"": ""mixed_attention"", ""zero-shot:facebook/bart-large-mnli"": ""reduced_visual_availability"", ""zero-shot:typeform/distilbert-base-uncased-mnli"": ""exploratory_attention""}","{""rule-based"": 0.68, ""zero-shot:facebook/bart-large-mnli"": 0.38855162262916565, ""zero-shot:typeform/distilbert-base-uncased-mnli"": 0.258605033159256}"
DGls-Z4e6OI_7885-8029:person_1,DGls-Z4e6OI_7885-8029,train,visible_ratio=0.703; gaze_shift_ratio=0.055; occlusion_ratio=0.159; eyes_closed_ratio=0.041; mean_gaze_motion=14.45; attention_stability_score=0.703; dominant_gaze_class=inside_visible; observed_frames=145,,"{""rule-based"": ""mixed_attention"", ""zero-shot:facebook/bart-large-mnli"": ""focused_attention"", ""zero-shot:typeform/distilbert-base-uncased-mnli"": ""reduced_visual_availability""}","{""rule-based"": 0.68, ""zero-shot:facebook/bart-large-mnli"": 0.5650073885917664, ""zero-shot:typeform/distilbert-base-uncased-mnli"": 0.26369336247444153}"
DGls-Z4e6OI_8031-8107:person_1,DGls-Z4e6OI_8031-8107,train,visible_ratio=0.935; gaze_shift_ratio=0.065; occlusion_ratio=0.000; eyes_closed_ratio=0.000; mean_gaze_motion=9.35; attention_stability_score=0.865; dominant_gaze_class=inside_visible; observed_frames=77,,"{""rule-based"": ""focused_attention"", ""zero-shot:facebook/bart-large-mnli"": ""focused_attention"", ""zero-shot:typeform/distilbert-base-uncased-mnli"": ""exploratory_attention""}","{""rule-based"": 0.84, ""zero-shot:facebook/bart-large-mnli"": 0.24854719638824463, ""zero-shot:typeform/distilbert-base-uncased-mnli"": 0.4280712306499481}"
DGls-Z4e6OI_8160-8300:person_1,DGls-Z4e6OI_8160-8300,train,visible_ratio=0.915; gaze_shift_ratio=0.085; occlusion_ratio=0.000; eyes_closed_ratio=0.000; mean_gaze_motion=13.88; attention_stability_score=0.832; dominant_gaze_class=inside_visible; observed_frames=141,,"{""rule-based"": ""focused_attention"", ""zero-shot:facebook/bart-large-mnli"": ""focused_attention"", ""zero-shot:typeform/distilbert-base-uncased-mnli"": ""exploratory_attention""}","{""rule-based"": 0.84, ""zero-shot:facebook/bart-large-mnli"": 0.3574093282222748, ""zero-shot:typeform/distilbert-base-uncased-mnli"": 0.35850703716278076}"
DGls-Z4e6OI_922-1175:person_1,DGls-Z4e6OI_922-1175,train,visible_ratio=0.685; gaze_shift_ratio=0.000; occlusion_ratio=0.154; eyes_closed_ratio=0.000; mean_gaze_motion=11.65; attention_stability_score=0.692; dominant_gaze_class=inside_visible; observed_frames=254,,"{""rule-based"": ""mixed_attention"", ""zero-shot:facebook/bart-large-mnli"": ""reduced_visual_availability"", ""zero-shot:typeform/distilbert-base-uncased-mnli"": ""exploratory_attention""}","{""rule-based"": 0.68, ""zero-shot:facebook/bart-large-mnli"": 0.41633886098861694, ""zero-shot:typeform/distilbert-base-uncased-mnli"": 0.3113398551940918}"
DGls-Z4e6OI_9760-10125:person_1,DGls-Z4e6OI_9760-10125,train,visible_ratio=0.872; gaze_shift_ratio=0.049; occlusion_ratio=0.000; eyes_closed_ratio=0.000; mean_gaze_motion=8.71; attention_stability_score=0.855; dominant_gaze_class=inside_visible; observed_frames=366,,"{""rule-based"": ""focused_attention"", ""zero-shot:facebook/bart-large-mnli"": ""focused_attention"", ""zero-shot:typeform/distilbert-base-uncased-mnli"": ""exploratory_attention""}","{""rule-based"": 0.84, ""zero-shot:facebook/bart-large-mnli"": 0.33258697390556335, ""zero-shot:typeform/distilbert-base-uncased-mnli"": 0.31889063119888306}"
Dai13S2XbsI_2133-2421:person_1,Dai13S2XbsI_2133-2421,train,visible_ratio=0.910; gaze_shift_ratio=0.090; occlusion_ratio=0.000; eyes_closed_ratio=0.000; mean_gaze_motion=3.31; attention_stability_score=0.798; dominant_gaze_class=inside_visible; observed_frames=289,,"{""rule-based"": ""focused_attention"", ""zero-shot:facebook/bart-large-mnli"": ""focused_attention"", ""zero-shot:typeform/distilbert-base-uncased-mnli"": ""exploratory_attention""}","{""rule-based"": 0.84, ""zero-shot:facebook/bart-large-mnli"": 0.30298563838005066, ""zero-shot:typeform/distilbert-base-uncased-mnli"": 0.38715195655822754}"
Dai13S2XbsI_4200-4356:person_1,Dai13S2XbsI_4200-4356,train,visible_ratio=0.981; gaze_shift_ratio=0.019; occlusion_ratio=0.000; eyes_closed_ratio=0.000; mean_gaze_motion=5.60; attention_stability_score=0.978; dominant_gaze_class=inside_visible; observed_frames=157,,"{""rule-based"": ""focused_attention"", ""zero-shot:facebook/bart-large-mnli"": ""mixed_attention"", ""zero-shot:typeform/distilbert-base-uncased-mnli"": ""exploratory_attention""}","{""rule-based"": 0.84, ""zero-shot:facebook/bart-large-mnli"": 0.26914799213409424, ""zero-shot:typeform/distilbert-base-uncased-mnli"": 0.4625631272792816}"
Dai13S2XbsI_4399-4602:person_1,Dai13S2XbsI_4399-4602,train,visible_ratio=0.956; gaze_shift_ratio=0.044; occlusion_ratio=0.000; eyes_closed_ratio=0.000; mean_gaze_motion=5.46; attention_stability_score=0.932; dominant_gaze_class=inside_visible; observed_frames=204,,"{""rule-based"": ""focused_attention"", ""zero-shot:facebook/bart-large-mnli"": ""occluded_attention"", ""zero-shot:typeform/distilbert-base-uncased-mnli"": ""exploratory_attention""}","{""rule-based"": 0.84, ""zero-shot:facebook/bart-large-mnli"": 0.27264320850372314, ""zero-shot:typeform/distilbert-base-uncased-mnli"": 0.32782477140426636}"
Dai13S2XbsI_4636-5000:person_1,Dai13S2XbsI_4636-5000,train,visible_ratio=0.975; gaze_shift_ratio=0.025; occlusion_ratio=0.000; eyes_closed_ratio=0.000; mean_gaze_motion=10.59; attention_stability_score=0.831; dominant_gaze_class=inside_visible; observed_frames=365,,"{""rule-based"": ""focused_attention"", ""zero-shot:facebook/bart-large-mnli"": ""mixed_attention"", ""zero-shot:typeform/distilbert-base-uncased-mnli"": ""exploratory_attention""}","{""rule-based"": 0.84, ""zero-shot:facebook/bart-large-mnli"": 0.3152468204498291, ""zero-shot:typeform/distilbert-base-uncased-mnli"": 0.2904716730117798}"
Dai13S2XbsI_4636-5000:person_3,Dai13S2XbsI_4636-5000,train,visible_ratio=0.788; gaze_shift_ratio=0.000; occlusion_ratio=0.212; eyes_closed_ratio=0.000; mean_gaze_motion=3.67; attention_stability_score=0.764; dominant_gaze_class=inside_visible; observed_frames=288,,"{""rule-based"": ""focused_attention"", ""zero-shot:facebook/bart-large-mnli"": ""focused_attention"", ""zero-shot:typeform/distilbert-base-uncased-mnli"": ""exploratory_attention""}","{""rule-based"": 0.84, ""zero-shot:facebook/bart-large-mnli"": 0.28327807784080505, ""zero-shot:typeform/distilbert-base-uncased-mnli"": 0.2976226806640625}"
Dai13S2XbsI_5113-5272:person_2,Dai13S2XbsI_5113-5272,train,visible_ratio=0.606; gaze_shift_ratio=0.175; occlusion_ratio=0.075; eyes_closed_ratio=0.000; mean_gaze_motion=8.83; attention_stability_score=0.602; dominant_gaze_class=inside_visible; observed_frames=160,,"{""rule-based"": ""mixed_attention"", ""zero-shot:facebook/bart-large-mnli"": ""reduced_visual_availability"", ""zero-shot:typeform/distilbert-base-uncased-mnli"": ""exploratory_attention""}","{""rule-based"": 0.68, ""zero-shot:facebook/bart-large-mnli"": 0.36806994676589966, ""zero-shot:typeform/distilbert-base-uncased-mnli"": 0.26167160272598267}"
Dai13S2XbsI_784-990:person_1,Dai13S2XbsI_784-990,train,visible_ratio=1.000; gaze_shift_ratio=0.000; occlusion_ratio=0.000; eyes_closed_ratio=0.000; mean_gaze_motion=2.05; attention_stability_score=0.999; dominant_gaze_class=inside_visible; observed_frames=205,,"{""rule-based"": ""focused_attention"", ""zero-shot:facebook/bart-large-mnli"": ""reduced_visual_availability"", ""zero-shot:typeform/distilbert-base-uncased-mnli"": ""exploratory_attention""}","{""rule-based"": 0.84, ""zero-shot:facebook/bart-large-mnli"": 0.27899184823036194, ""zero-shot:typeform/distilbert-base-uncased-mnli"": 0.5355729460716248}"
EuYseDl2jm8_1869-2033:person_1,EuYseDl2jm8_1869-2033,train,visible_ratio=0.897; gaze_shift_ratio=0.073; occlusion_ratio=0.030; eyes_closed_ratio=0.000; mean_gaze_motion=13.52; attention_stability_score=0.827; dominant_gaze_class=inside_visible; observed_frames=165,,"{""rule-based"": ""focused_attention"", ""zero-shot:facebook/bart-large-mnli"": ""reduced_visual_availability"", ""zero-shot:typeform/distilbert-base-uncased-mnli"": ""occluded_attention""}","{""rule-based"": 0.84, ""zero-shot:facebook/bart-large-mnli"": 0.3092471957206726, ""zero-shot:typeform/distilbert-base-uncased-mnli"": 0.28861159086227417}"
EuYseDl2jm8_3680-3791:person_1,EuYseDl2jm8_3680-3791,train,visible_ratio=0.973; gaze_shift_ratio=0.027; occlusion_ratio=0.000; eyes_closed_ratio=0.000; mean_gaze_motion=15.00; attention_stability_score=0.954; dominant_gaze_class=inside_visible; observed_frames=112,,"{""rule-based"": ""focused_attention"", ""zero-shot:facebook/bart-large-mnli"": ""occluded_attention"", ""zero-shot:typeform/distilbert-base-uncased-mnli"": ""exploratory_attention""}","{""rule-based"": 0.84, ""zero-shot:facebook/bart-large-mnli"": 0.2307879775762558, ""zero-shot:typeform/distilbert-base-uncased-mnli"": 0.4171648323535919}"
F1Q8R2XJ5cs_3004-3231:person_1,F1Q8R2XJ5cs_3004-3231,train,visible_ratio=0.956; gaze_shift_ratio=0.044; occlusion_ratio=0.000; eyes_closed_ratio=0.000; mean_gaze_motion=11.40; attention_stability_score=0.820; dominant_gaze_class=inside_visible; observed_frames=228,,"{""rule-based"": ""focused_attention"", ""zero-shot:facebook/bart-large-mnli"": ""focused_attention"", ""zero-shot:typeform/distilbert-base-uncased-mnli"": ""exploratory_attention""}","{""rule-based"": 0.84, ""zero-shot:facebook/bart-large-mnli"": 0.2946423590183258, ""zero-shot:typeform/distilbert-base-uncased-mnli"": 0.46865421533584595}"
F1Q8R2XJ5cs_3004-3231:person_2,F1Q8R2XJ5cs_3004-3231,train,visible_ratio=0.876; gaze_shift_ratio=0.085; occlusion_ratio=0.039; eyes_closed_ratio=0.000; mean_gaze_motion=15.79; attention_stability_score=0.788; dominant_gaze_class=inside_visible; observed_frames=153,,"{""rule-based"": ""focused_attention"", ""zero-shot:facebook/bart-large-mnli"": ""focused_attention"", ""zero-shot:typeform/distilbert-base-uncased-mnli"": ""exploratory_attention""}","{""rule-based"": 0.84, ""zero-shot:facebook/bart-large-mnli"": 0.2611714005470276, ""zero-shot:typeform/distilbert-base-uncased-mnli"": 0.30089297890663147}"
F1Q8R2XJ5cs_3487-3583:person_1,F1Q8R2XJ5cs_3487-3583,train,visible_ratio=0.732; gaze_shift_ratio=0.041; occlusion_ratio=0.000; eyes_closed_ratio=0.000; mean_gaze_motion=18.33; attention_stability_score=0.745; dominant_gaze_class=inside_visible; observed_frames=97,,"{""rule-based"": ""mixed_attention"", ""zero-shot:facebook/bart-large-mnli"": ""mixed_attention"", ""zero-shot:typeform/distilbert-base-uncased-mnli"": ""exploratory_attention""}","{""rule-based"": 0.68, ""zero-shot:facebook/bart-large-mnli"": 0.35416361689567566, ""zero-shot:typeform/distilbert-base-uncased-mnli"": 0.31838738918304443}"
F1Q8R2XJ5cs_3487-3583:person_2,F1Q8R2XJ5cs_3487-3583,train,visible_ratio=0.814; gaze_shift_ratio=0.031; occlusion_ratio=0.000; eyes_closed_ratio=0.000; mean_gaze_motion=3.45; attention_stability_score=0.812; dominant_gaze_class=inside_visible; observed_frames=97,,"{""rule-based"": ""focused_attention"", ""zero-shot:facebook/bart-large-mnli"": ""reduced_visual_availability"", ""zero-shot:typeform/distilbert-base-uncased-mnli"": ""reduced_visual_availability""}","{""rule-based"": 0.84, ""zero-shot:facebook/bart-large-mnli"": 0.3274224102497101, ""zero-shot:typeform/distilbert-base-uncased-mnli"": 0.3346059322357178}"
F1Q8R2XJ5cs_3487-3583:person_3,F1Q8R2XJ5cs_3487-3583,train,visible_ratio=0.330; gaze_shift_ratio=0.031; occlusion_ratio=0.000; eyes_closed_ratio=0.000; mean_gaze_motion=2.56; attention_stability_score=0.525; dominant_gaze_class=outside_frame; observed_frames=97,,"{""rule-based"": ""mixed_attention"", ""zero-shot:facebook/bart-large-mnli"": ""occluded_attention"", ""zero-shot:typeform/distilbert-base-uncased-mnli"": ""exploratory_attention""}","{""rule-based"": 0.68, ""zero-shot:facebook/bart-large-mnli"": 0.34314796328544617, ""zero-shot:typeform/distilbert-base-uncased-mnli"": 0.3873994052410126}"
F1Q8R2XJ5cs_3600-3738:person_1,F1Q8R2XJ5cs_3600-3738,train,visible_ratio=0.964; gaze_shift_ratio=0.036; occlusion_ratio=0.000; eyes_closed_ratio=0.000; mean_gaze_motion=15.65; attention_stability_score=0.823; dominant_gaze_class=inside_visible; observed_frames=139,,"{""rule-based"": ""focused_attention"", ""zero-shot:facebook/bart-large-mnli"": ""focused_attention"", ""zero-shot:typeform/distilbert-base-uncased-mnli"": ""exploratory_attention""}","{""rule-based"": 0.84, ""zero-shot:facebook/bart-large-mnli"": 0.3177918493747711, ""zero-shot:typeform/distilbert-base-uncased-mnli"": 0.3524262309074402}"
F1Q8R2XJ5cs_3600-3738:person_2,F1Q8R2XJ5cs_3600-3738,train,visible_ratio=0.957; gaze_shift_ratio=0.043; occlusion_ratio=0.000; eyes_closed_ratio=0.000; mean_gaze_motion=13.92; attention_stability_score=0.829; dominant_gaze_class=inside_visible; observed_frames=139,,"{""rule-based"": ""focused_attention"", ""zero-shot:facebook/bart-large-mnli"": ""exploratory_attention"", ""zero-shot:typeform/distilbert-base-uncased-mnli"": ""exploratory_attention""}","{""rule-based"": 0.84, ""zero-shot:facebook/bart-large-mnli"": 0.28256893157958984, ""zero-shot:typeform/distilbert-base-uncased-mnli"": 0.34594443440437317}"
F1Q8R2XJ5cs_3600-3738:person_3,F1Q8R2XJ5cs_3600-3738,train,visible_ratio=0.935; gaze_shift_ratio=0.065; occlusion_ratio=0.000; eyes_closed_ratio=0.000; mean_gaze_motion=21.71; attention_stability_score=0.826; dominant_gaze_class=inside_visible; observed_frames=139,,"{""rule-based"": ""focused_attention"", ""zero-shot:facebook/bart-large-mnli"": ""mixed_attention"", ""zero-shot:typeform/distilbert-base-uncased-mnli"": ""exploratory_attention""}","{""rule-based"": 0.84, ""zero-shot:facebook/bart-large-mnli"": 0.34303659200668335, ""zero-shot:typeform/distilbert-base-uncased-mnli"": 0.328082412481308}"
F1Q8R2XJ5cs_775-1013:person_1,F1Q8R2XJ5cs_775-1013,train,visible_ratio=0.762; gaze_shift_ratio=0.063; occlusion_ratio=0.000; eyes_closed_ratio=0.000; mean_gaze_motion=10.96; attention_stability_score=0.728; dominant_gaze_class=inside_visible; observed_frames=239,,"{""rule-based"": ""focused_attention"", ""zero-shot:facebook/bart-large-mnli"": ""mixed_attention"", ""zero-shot:typeform/distilbert-base-uncased-mnli"": ""exploratory_attention""}","{""rule-based"": 0.84, ""zero-shot:facebook/bart-large-mnli"": 0.24921107292175293, ""zero-shot:typeform/distilbert-base-uncased-mnli"": 0.31441405415534973}"
F1Q8R2XJ5cs_775-1013:person_2,F1Q8R2XJ5cs_775-1013,train,visible_ratio=0.879; gaze_shift_ratio=0.029; occlusion_ratio=0.046; eyes_closed_ratio=0.000; mean_gaze_motion=6.62; attention_stability_score=0.769; dominant_gaze_class=inside_visible; observed_frames=239,,"{""rule-based"": ""focused_attention"", ""zero-shot:facebook/bart-large-mnli"": ""reduced_visual_availability"", ""zero-shot:typeform/distilbert-base-uncased-mnli"": ""reduced_visual_availability""}","{""rule-based"": 0.84, ""zero-shot:facebook/bart-large-mnli"": 0.6704680323600769, ""zero-shot:typeform/distilbert-base-uncased-mnli"": 0.3564925491809845}"
F1Q8R2XJ5cs_775-1013:person_3,F1Q8R2XJ5cs_775-1013,train,visible_ratio=1.000; gaze_shift_ratio=0.000; occlusion_ratio=0.000; eyes_closed_ratio=0.000; mean_gaze_motion=5.00; attention_stability_score=0.997; dominant_gaze_class=inside_visible; observed_frames=207,,"{""rule-based"": ""focused_attention"", ""zero-shot:facebook/bart-large-mnli"": ""focused_attention"", ""zero-shot:typeform/distilbert-base-uncased-mnli"": ""exploratory_attention""}","{""rule-based"": 0.84, ""zero-shot:facebook/bart-large-mnli"": 0.5756984949111938, ""zero-shot:typeform/distilbert-base-uncased-mnli"": 0.5596989989280701}"
G0NLcryxxgE_1282-1392:person_1,G0NLcryxxgE_1282-1392,train,visible_ratio=0.919; gaze_shift_ratio=0.054; occlusion_ratio=0.000; eyes_closed_ratio=0.000; mean_gaze_motion=7.32; attention_stability_score=0.832; dominant_gaze_class=inside_visible; observed_frames=111,,"{""rule-based"": ""focused_attention"", ""zero-shot:facebook/bart-large-mnli"": ""reduced_visual_availability"", ""zero-shot:typeform/distilbert-base-uncased-mnli"": ""reduced_visual_availability""}","{""rule-based"": 0.84, ""zero-shot:facebook/bart-large-mnli"": 0.46374478936195374, ""zero-shot:typeform/distilbert-base-uncased-mnli"": 0.35559824109077454}"
G0NLcryxxgE_1282-1392:person_2,G0NLcryxxgE_1282-1392,train,visible_ratio=0.964; gaze_shift_ratio=0.036; occlusion_ratio=0.000; eyes_closed_ratio=0.000; mean_gaze_motion=2.62; attention_stability_score=0.900; dominant_gaze_class=inside_visible; observed_frames=111,,"{""rule-based"": ""focused_attention"", ""zero-shot:facebook/bart-large-mnli"": ""occluded_attention"", ""zero-shot:typeform/distilbert-base-uncased-mnli"": ""exploratory_attention""}","{""rule-based"": 0.84, ""zero-shot:facebook/bart-large-mnli"": 0.31452077627182007, ""zero-shot:typeform/distilbert-base-uncased-mnli"": 0.4066295623779297}"
G0NLcryxxgE_1426-1625:person_2,G0NLcryxxgE_1426-1625,train,visible_ratio=0.770; gaze_shift_ratio=0.230; occlusion_ratio=0.000; eyes_closed_ratio=0.000; mean_gaze_motion=12.60; attention_stability_score=0.691; dominant_gaze_class=inside_visible; observed_frames=200,,"{""rule-based"": ""exploratory_attention"", ""zero-shot:facebook/bart-large-mnli"": ""focused_attention"", ""zero-shot:typeform/distilbert-base-uncased-mnli"": ""exploratory_attention""}","{""rule-based"": 0.8, ""zero-shot:facebook/bart-large-mnli"": 0.46145501732826233, ""zero-shot:typeform/distilbert-base-uncased-mnli"": 0.3647812604904175}"
G0NLcryxxgE_200-290:person_1,G0NLcryxxgE_200-290,train,visible_ratio=1.000; gaze_shift_ratio=0.000; occlusion_ratio=0.000; eyes_closed_ratio=0.000; mean_gaze_motion=0.00; attention_stability_score=1.000; dominant_gaze_class=inside_visible; observed_frames=91,,"{""rule-based"": ""focused_attention"", ""zero-shot:facebook/bart-large-mnli"": ""focused_attention"", ""zero-shot:typeform/distilbert-base-uncased-mnli"": ""exploratory_attention""}","{""rule-based"": 0.84, ""zero-shot:facebook/bart-large-mnli"": 0.5563154816627502, ""zero-shot:typeform/distilbert-base-uncased-mnli"": 0.5328337550163269}"
G0NLcryxxgE_200-290:person_2,G0NLcryxxgE_200-290,train,visible_ratio=0.967; gaze_shift_ratio=0.000; occlusion_ratio=0.033; eyes_closed_ratio=0.000; mean_gaze_motion=1.73; attention_stability_score=0.976; dominant_gaze_class=inside_visible; observed_frames=91,,"{""rule-based"": ""focused_attention"", ""zero-shot:facebook/bart-large-mnli"": ""reduced_visual_availability"", ""zero-shot:typeform/distilbert-base-uncased-mnli"": ""reduced_visual_availability""}","{""rule-based"": 0.84, ""zero-shot:facebook/bart-large-mnli"": 0.39009928703308105, ""zero-shot:typeform/distilbert-base-uncased-mnli"": 0.43508532643318176}"
G0NLcryxxgE_200-290:person_3,G0NLcryxxgE_200-290,train,visible_ratio=1.000; gaze_shift_ratio=0.000; occlusion_ratio=0.000; eyes_closed_ratio=0.000; mean_gaze_motion=0.34; attention_stability_score=1.000; dominant_gaze_class=inside_visible; observed_frames=91,,"{""rule-based"": ""focused_attention"", ""zero-shot:facebook/bart-large-mnli"": ""focused_attention"", ""zero-shot:typeform/distilbert-base-uncased-mnli"": ""exploratory_attention""}","{""rule-based"": 0.84, ""zero-shot:facebook/bart-large-mnli"": 0.5454186201095581, ""zero-shot:typeform/distilbert-base-uncased-mnli"": 0.5365702509880066}"
G0NLcryxxgE_841-967:person_1,G0NLcryxxgE_841-967,train,visible_ratio=0.961; gaze_shift_ratio=0.039; occlusion_ratio=0.000; eyes_closed_ratio=0.000; mean_gaze_motion=9.50; attention_stability_score=0.832; dominant_gaze_class=inside_visible; observed_frames=127,,"{""rule-based"": ""focused_attention"", ""zero-shot:facebook/bart-large-mnli"": ""mixed_attention"", ""zero-shot:typeform/distilbert-base-uncased-mnli"": ""exploratory_attention""}","{""rule-based"": 0.84, ""zero-shot:facebook/bart-large-mnli"": 0.27842050790786743, ""zero-shot:typeform/distilbert-base-uncased-mnli"": 0.3539315462112427}"
G0NLcryxxgE_841-967:person_3,G0NLcryxxgE_841-967,train,visible_ratio=0.795; gaze_shift_ratio=0.205; occlusion_ratio=0.000; eyes_closed_ratio=0.000; mean_gaze_motion=23.35; attention_stability_score=0.700; dominant_gaze_class=inside_visible; observed_frames=127,,"{""rule-based"": ""exploratory_attention"", ""zero-shot:facebook/bart-large-mnli"": ""occluded_attention"", ""zero-shot:typeform/distilbert-base-uncased-mnli"": ""exploratory_attention""}","{""rule-based"": 0.8, ""zero-shot:facebook/bart-large-mnli"": 0.27583473920822144, ""zero-shot:typeform/distilbert-base-uncased-mnli"": 0.332842618227005}"
GNVTuLHdeSo_1829-3081:person_2,GNVTuLHdeSo_1829-3081,train,visible_ratio=0.690; gaze_shift_ratio=0.047; occlusion_ratio=0.263; eyes_closed_ratio=0.000; mean_gaze_motion=8.83; attention_stability_score=0.647; dominant_gaze_class=inside_visible; observed_frames=1253,,"{""rule-based"": ""mixed_attention"", ""zero-shot:facebook/bart-large-mnli"": ""reduced_visual_availability"", ""zero-shot:typeform/distilbert-base-uncased-mnli"": ""reduced_visual_availability""}","{""rule-based"": 0.68, ""zero-shot:facebook/bart-large-mnli"": 0.37046658992767334, ""zero-shot:typeform/distilbert-base-uncased-mnli"": 0.3821527361869812}"
GNVTuLHdeSo_3143-3955:person_1,GNVTuLHdeSo_3143-3955,train,visible_ratio=0.745; gaze_shift_ratio=0.085; occlusion_ratio=0.000; eyes_closed_ratio=0.000; mean_gaze_motion=15.75; attention_stability_score=0.652; dominant_gaze_class=inside_visible; observed_frames=813,,"{""rule-based"": ""mixed_attention"", ""zero-shot:facebook/bart-large-mnli"": ""reduced_visual_availability"", ""zero-shot:typeform/distilbert-base-uncased-mnli"": ""exploratory_attention""}","{""rule-based"": 0.68, ""zero-shot:facebook/bart-large-mnli"": 0.31159669160842896, ""zero-shot:typeform/distilbert-base-uncased-mnli"": 0.32572969794273376}"
GNVTuLHdeSo_4001-4572:person_2,GNVTuLHdeSo_4001-4572,train,visible_ratio=0.902; gaze_shift_ratio=0.098; occlusion_ratio=0.000; eyes_closed_ratio=0.000; mean_gaze_motion=8.97; attention_stability_score=0.811; dominant_gaze_class=inside_visible; observed_frames=572,,"{""rule-based"": ""focused_attention"", ""zero-shot:facebook/bart-large-mnli"": ""focused_attention"", ""zero-shot:typeform/distilbert-base-uncased-mnli"": ""exploratory_attention""}","{""rule-based"": 0.84, ""zero-shot:facebook/bart-large-mnli"": 0.33384013175964355, ""zero-shot:typeform/distilbert-base-uncased-mnli"": 0.34888479113578796}"
GNVTuLHdeSo_712-948:person_1,GNVTuLHdeSo_712-948,train,visible_ratio=0.895; gaze_shift_ratio=0.000; occlusion_ratio=0.105; eyes_closed_ratio=0.000; mean_gaze_motion=6.64; attention_stability_score=0.815; dominant_gaze_class=inside_visible; observed_frames=237,,"{""rule-based"": ""focused_attention"", ""zero-shot:facebook/bart-large-mnli"": ""reduced_visual_availability"", ""zero-shot:typeform/distilbert-base-uncased-mnli"": ""exploratory_attention""}","{""rule-based"": 0.84, ""zero-shot:facebook/bart-large-mnli"": 0.45350655913352966, ""zero-shot:typeform/distilbert-base-uncased-mnli"": 0.3359639346599579}"
HK25g1U-GF4_2552-2812:person_1,HK25g1U-GF4_2552-2812,train,visible_ratio=1.000; gaze_shift_ratio=0.000; occlusion_ratio=0.000; eyes_closed_ratio=0.000; mean_gaze_motion=3.65; attention_stability_score=0.998; dominant_gaze_class=inside_visible; observed_frames=261,,"{""rule-based"": ""focused_attention"", ""zero-shot:facebook/bart-large-mnli"": ""focused_attention"", ""zero-shot:typeform/distilbert-base-uncased-mnli"": ""exploratory_attention""}","{""rule-based"": 0.84, ""zero-shot:facebook/bart-large-mnli"": 0.5962646007537842, ""zero-shot:typeform/distilbert-base-uncased-mnli"": 0.5690861940383911}"
HK25g1U-GF4_2552-2812:person_2,HK25g1U-GF4_2552-2812,train,visible_ratio=1.000; gaze_shift_ratio=0.000; occlusion_ratio=0.000; eyes_closed_ratio=0.000; mean_gaze_motion=3.37; attention_stability_score=0.998; dominant_gaze_class=inside_visible; observed_frames=261,,"{""rule-based"": ""focused_attention"", ""zero-shot:facebook/bart-large-mnli"": ""focused_attention"", ""zero-shot:typeform/distilbert-base-uncased-mnli"": ""exploratory_attention""}","{""rule-based"": 0.84, ""zero-shot:facebook/bart-large-mnli"": 0.5973570346832275, ""zero-shot:typeform/distilbert-base-uncased-mnli"": 0.5758700370788574}"
HK25g1U-GF4_2842-3325:person_1,HK25g1U-GF4_2842-3325,train,visible_ratio=0.994; gaze_shift_ratio=0.000; occlusion_ratio=0.006; eyes_closed_ratio=0.000; mean_gaze_motion=2.72; attention_stability_score=0.941; dominant_gaze_class=inside_visible; observed_frames=484,,"{""rule-based"": ""focused_attention"", ""zero-shot:facebook/bart-large-mnli"": ""occluded_attention"", ""zero-shot:typeform/distilbert-base-uncased-mnli"": ""focused_attention""}","{""rule-based"": 0.84, ""zero-shot:facebook/bart-large-mnli"": 0.30585911870002747, ""zero-shot:typeform/distilbert-base-uncased-mnli"": 0.35000351071357727}"
HK25g1U-GF4_2842-3325:person_2,HK25g1U-GF4_2842-3325,train,visible_ratio=0.748; gaze_shift_ratio=0.122; occlusion_ratio=0.064; eyes_closed_ratio=0.000; mean_gaze_motion=5.56; attention_stability_score=0.686; dominant_gaze_class=inside_visible; observed_frames=484,,"{""rule-based"": ""mixed_attention"", ""zero-shot:facebook/bart-large-mnli"": ""reduced_visual_availability"", ""zero-shot:typeform/distilbert-base-uncased-mnli"": ""exploratory_attention""}","{""rule-based"": 0.68, ""zero-shot:facebook/bart-large-mnli"": 0.35271188616752625, ""zero-shot:typeform/distilbert-base-uncased-mnli"": 0.2925052046775818}"
HK25g1U-GF4_350-871:person_1,HK25g1U-GF4_350-871,train,visible_ratio=1.000; gaze_shift_ratio=0.000; occlusion_ratio=0.000; eyes_closed_ratio=0.000; mean_gaze_motion=5.39; attention_stability_score=0.997; dominant_gaze_class=inside_visible; observed_frames=522,,"{""rule-based"": ""focused_attention"", ""zero-shot:facebook/bart-large-mnli"": ""mixed_attention"", ""zero-shot:typeform/distilbert-base-uncased-mnli"": ""exploratory_attention""}","{""rule-based"": 0.84, ""zero-shot:facebook/bart-large-mnli"": 0.2647578716278076, ""zero-shot:typeform/distilbert-base-uncased-mnli"": 0.32985472679138184}"
HK25g1U-GF4_954-1392:person_2,HK25g1U-GF4_954-1392,train,visible_ratio=0.831; gaze_shift_ratio=0.046; occlusion_ratio=0.000; eyes_closed_ratio=0.000; mean_gaze_motion=9.45; attention_stability_score=0.734; dominant_gaze_class=inside_visible; observed_frames=439,,"{""rule-based"": ""focused_attention"", ""zero-shot:facebook/bart-large-mnli"": ""mixed_attention"", ""zero-shot:typeform/distilbert-base-uncased-mnli"": ""exploratory_attention""}","{""rule-based"": 0.84, ""zero-shot:facebook/bart-large-mnli"": 0.27593910694122314, ""zero-shot:typeform/distilbert-base-uncased-mnli"": 0.3008802831172943}"
HK25g1U-GF4_954-1392:person_3,HK25g1U-GF4_954-1392,train,visible_ratio=0.925; gaze_shift_ratio=0.057; occlusion_ratio=0.018; eyes_closed_ratio=0.000; mean_gaze_motion=7.30; attention_stability_score=0.791; dominant_gaze_class=inside_visible; observed_frames=439,,"{""rule-based"": ""focused_attention"", ""zero-shot:facebook/bart-large-mnli"": ""reduced_visual_availability"", ""zero-shot:typeform/distilbert-base-uncased-mnli"": ""exploratory_attention""}","{""rule-based"": 0.84, ""zero-shot:facebook/bart-large-mnli"": 0.27486294507980347, ""zero-shot:typeform/distilbert-base-uncased-mnli"": 0.25871944427490234}"
HUnQ6VE9NIY_24-1029:person_1,HUnQ6VE9NIY_24-1029,train,visible_ratio=0.914; gaze_shift_ratio=0.049; occlusion_ratio=0.005; eyes_closed_ratio=0.000; mean_gaze_motion=7.72; attention_stability_score=0.813; dominant_gaze_class=inside_visible; observed_frames=914,,"{""rule-based"": ""focused_attention"", ""zero-shot:facebook/bart-large-mnli"": ""reduced_visual_availability"", ""zero-shot:typeform/distilbert-base-uncased-mnli"": ""reduced_visual_availability""}","{""rule-based"": 0.84, ""zero-shot:facebook/bart-large-mnli"": 0.5208445191383362, ""zero-shot:typeform/distilbert-base-uncased-mnli"": 0.30594488978385925}"
HUnQ6VE9NIY_24-1029:person_3,HUnQ6VE9NIY_24-1029,train,visible_ratio=0.993; gaze_shift_ratio=0.007; occlusion_ratio=0.000; eyes_closed_ratio=0.000; mean_gaze_motion=7.13; attention_stability_score=0.854; dominant_gaze_class=inside_visible; observed_frames=1006,,"{""rule-based"": ""focused_attention"", ""zero-shot:facebook/bart-large-mnli"": ""focused_attention"", ""zero-shot:typeform/distilbert-base-uncased-mnli"": ""exploratory_attention""}","{""rule-based"": 0.84, ""zero-shot:facebook/bart-large-mnli"": 0.4043673276901245, ""zero-shot:typeform/distilbert-base-uncased-mnli"": 0.29181981086730957}"
HUnQ6VE9NIY_3547-4167:person_1,HUnQ6VE9NIY_3547-4167,train,visible_ratio=0.815; gaze_shift_ratio=0.027; occlusion_ratio=0.056; eyes_closed_ratio=0.000; mean_gaze_motion=4.57; attention_stability_score=0.749; dominant_gaze_class=inside_visible; observed_frames=621,,"{""rule-based"": ""focused_attention"", ""zero-shot:facebook/bart-large-mnli"": ""focused_attention"", ""zero-shot:typeform/distilbert-base-uncased-mnli"": ""exploratory_attention""}","{""rule-based"": 0.84, ""zero-shot:facebook/bart-large-mnli"": 0.347866952419281, ""zero-shot:typeform/distilbert-base-uncased-mnli"": 0.33136531710624695}"
HUnQ6VE9NIY_3547-4167:person_2,HUnQ6VE9NIY_3547-4167,train,visible_ratio=0.593; gaze_shift_ratio=0.233; occlusion_ratio=0.005; eyes_closed_ratio=0.000; mean_gaze_motion=10.04; attention_stability_score=0.597; dominant_gaze_class=inside_visible; observed_frames=621,,"{""rule-based"": ""exploratory_attention"", ""zero-shot:facebook/bart-large-mnli"": ""reduced_visual_availability"", ""zero-shot:typeform/distilbert-base-uncased-mnli"": ""exploratory_attention""}","{""rule-based"": 0.8, ""zero-shot:facebook/bart-large-mnli"": 0.3367553651332855, ""zero-shot:typeform/distilbert-base-uncased-mnli"": 0.2471582591533661}"
HUnQ6VE9NIY_4216-4440:person_1,HUnQ6VE9NIY_4216-4440,train,visible_ratio=0.920; gaze_shift_ratio=0.080; occlusion_ratio=0.000; eyes_closed_ratio=0.000; mean_gaze_motion=7.06; attention_stability_score=0.810; dominant_gaze_class=inside_visible; observed_frames=225,,"{""rule-based"": ""focused_attention"", ""zero-shot:facebook/bart-large-mnli"": ""mixed_attention"", ""zero-shot:typeform/distilbert-base-uncased-mnli"": ""exploratory_attention""}","{""rule-based"": 0.84, ""zero-shot:facebook/bart-large-mnli"": 0.30429160594940186, ""zero-shot:typeform/distilbert-base-uncased-mnli"": 0.35719895362854004}"
HUnQ6VE9NIY_4526-4685:person_1,HUnQ6VE9NIY_4526-4685,train,visible_ratio=0.819; gaze_shift_ratio=0.181; occlusion_ratio=0.000; eyes_closed_ratio=0.000; mean_gaze_motion=7.29; attention_stability_score=0.730; dominant_gaze_class=inside_visible; observed_frames=160,,"{""rule-based"": ""mixed_attention"", ""zero-shot:facebook/bart-large-mnli"": ""occluded_attention"", ""zero-shot:typeform/distilbert-base-uncased-mnli"": ""exploratory_attention""}","{""rule-based"": 0.68, ""zero-shot:facebook/bart-large-mnli"": 0.2584590017795563, ""zero-shot:typeform/distilbert-base-uncased-mnli"": 0.46506983041763306}"
IMrKEA2j278_4605-4875:person_1,IMrKEA2j278_4605-4875,train,visible_ratio=0.734; gaze_shift_ratio=0.011; occlusion_ratio=0.000; eyes_closed_ratio=0.000; mean_gaze_motion=23.96; attention_stability_score=0.750; dominant_gaze_class=inside_visible; observed_frames=271,,"{""rule-based"": ""mixed_attention"", ""zero-shot:facebook/bart-large-mnli"": ""reduced_visual_availability"", ""zero-shot:typeform/distilbert-base-uncased-mnli"": ""reduced_visual_availability""}","{""rule-based"": 0.68, ""zero-shot:facebook/bart-large-mnli"": 0.4677751362323761, ""zero-shot:typeform/distilbert-base-uncased-mnli"": 0.34060364961624146}"
IMrKEA2j278_4605-4875:person_2,IMrKEA2j278_4605-4875,train,visible_ratio=0.827; gaze_shift_ratio=0.022; occlusion_ratio=0.000; eyes_closed_ratio=0.000; mean_gaze_motion=19.44; attention_stability_score=0.753; dominant_gaze_class=inside_visible; observed_frames=271,,"{""rule-based"": ""focused_attention"", ""zero-shot:facebook/bart-large-mnli"": ""focused_attention"", ""zero-shot:typeform/distilbert-base-uncased-mnli"": ""exploratory_attention""}","{""rule-based"": 0.84, ""zero-shot:facebook/bart-large-mnli"": 0.4935658276081085, ""zero-shot:typeform/distilbert-base-uncased-mnli"": 0.34185802936553955}"
IMrKEA2j278_4931-5209:person_1,IMrKEA2j278_4931-5209,train,visible_ratio=0.993; gaze_shift_ratio=0.007; occlusion_ratio=0.000; eyes_closed_ratio=0.000; mean_gaze_motion=16.22; attention_stability_score=0.930; dominant_gaze_class=inside_visible; observed_frames=279,,"{""rule-based"": ""focused_attention"", ""zero-shot:facebook/bart-large-mnli"": ""focused_attention"", ""zero-shot:typeform/distilbert-base-uncased-mnli"": ""exploratory_attention""}","{""rule-based"": 0.84, ""zero-shot:facebook/bart-large-mnli"": 0.34098389744758606, ""zero-shot:typeform/distilbert-base-uncased-mnli"": 0.3102283775806427}"
IMrKEA2j278_4931-5209:person_2,IMrKEA2j278_4931-5209,train,visible_ratio=0.932; gaze_shift_ratio=0.068; occlusion_ratio=0.000; eyes_closed_ratio=0.000; mean_gaze_motion=30.53; attention_stability_score=0.780; dominant_gaze_class=inside_visible; observed_frames=279,,"{""rule-based"": ""focused_attention"", ""zero-shot:facebook/bart-large-mnli"": ""mixed_attention"", ""zero-shot:typeform/distilbert-base-uncased-mnli"": ""exploratory_attention""}","{""rule-based"": 0.84, ""zero-shot:facebook/bart-large-mnli"": 0.26130592823028564, ""zero-shot:typeform/distilbert-base-uncased-mnli"": 0.3404008448123932}"
IMrKEA2j278_6853-6890:person_2,IMrKEA2j278_6853-6890,train,visible_ratio=1.000; gaze_shift_ratio=0.000; occlusion_ratio=0.000; eyes_closed_ratio=0.000; mean_gaze_motion=0.00; attention_stability_score=1.000; dominant_gaze_class=inside_visible; observed_frames=38,,"{""rule-based"": ""focused_attention"", ""zero-shot:facebook/bart-large-mnli"": ""focused_attention"", ""zero-shot:typeform/distilbert-base-uncased-mnli"": ""exploratory_attention""}","{""rule-based"": 0.84, ""zero-shot:facebook/bart-large-mnli"": 0.5608705282211304, ""zero-shot:typeform/distilbert-base-uncased-mnli"": 0.5267396569252014}"
IMrKEA2j278_6853-6890:person_3,IMrKEA2j278_6853-6890,train,visible_ratio=1.000; gaze_shift_ratio=0.000; occlusion_ratio=0.000; eyes_closed_ratio=0.000; mean_gaze_motion=18.51; attention_stability_score=0.991; dominant_gaze_class=inside_visible; observed_frames=34,,"{""rule-based"": ""focused_attention"", ""zero-shot:facebook/bart-large-mnli"": ""mixed_attention"", ""zero-shot:typeform/distilbert-base-uncased-mnli"": ""exploratory_attention""}","{""rule-based"": 0.84, ""zero-shot:facebook/bart-large-mnli"": 0.31538116931915283, ""zero-shot:typeform/distilbert-base-uncased-mnli"": 0.3705735206604004}"
IzIGXVPWaFQ_285-832:person_1,IzIGXVPWaFQ_285-832,train,visible_ratio=0.912; gaze_shift_ratio=0.088; occlusion_ratio=0.000; eyes_closed_ratio=0.000; mean_gaze_motion=4.05; attention_stability_score=0.762; dominant_gaze_class=inside_visible; observed_frames=548,,"{""rule-based"": ""focused_attention"", ""zero-shot:facebook/bart-large-mnli"": ""focused_attention"", ""zero-shot:typeform/distilbert-base-uncased-mnli"": ""exploratory_attention""}","{""rule-based"": 0.84, ""zero-shot:facebook/bart-large-mnli"": 0.3461386263370514, ""zero-shot:typeform/distilbert-base-uncased-mnli"": 0.3673224151134491}"
Kaf6jiHMmYc_11126-11268:person_1,Kaf6jiHMmYc_11126-11268,val,visible_ratio=1.000; gaze_shift_ratio=0.000; occlusion_ratio=0.000; eyes_closed_ratio=0.000; mean_gaze_motion=4.68; attention_stability_score=0.998; dominant_gaze_class=inside_visible; observed_frames=143,,"{""rule-based"": ""focused_attention"", ""zero-shot:facebook/bart-large-mnli"": ""focused_attention"", ""zero-shot:typeform/distilbert-base-uncased-mnli"": ""exploratory_attention""}","{""rule-based"": 0.84, ""zero-shot:facebook/bart-large-mnli"": 0.31292906403541565, ""zero-shot:typeform/distilbert-base-uncased-mnli"": 0.4226652681827545}"
Kaf6jiHMmYc_15026-15271:person_1,Kaf6jiHMmYc_15026-15271,val,visible_ratio=0.886; gaze_shift_ratio=0.000; occlusion_ratio=0.114; eyes_closed_ratio=0.000; mean_gaze_motion=2.74; attention_stability_score=0.876; dominant_gaze_class=inside_visible; observed_frames=246,,"{""rule-based"": ""focused_attention"", ""zero-shot:facebook/bart-large-mnli"": ""reduced_visual_availability"", ""zero-shot:typeform/distilbert-base-uncased-mnli"": ""occluded_attention""}","{""rule-based"": 0.84, ""zero-shot:facebook/bart-large-mnli"": 0.5833700299263, ""zero-shot:typeform/distilbert-base-uncased-mnli"": 0.3068077266216278}"
Kaf6jiHMmYc_6757-6910:person_1,Kaf6jiHMmYc_6757-6910,val,visible_ratio=0.779; gaze_shift_ratio=0.000; occlusion_ratio=0.221; eyes_closed_ratio=0.000; mean_gaze_motion=11.95; attention_stability_score=0.802; dominant_gaze_class=inside_visible; observed_frames=154,,"{""rule-based"": ""focused_attention"", ""zero-shot:facebook/bart-large-mnli"": ""mixed_attention"", ""zero-shot:typeform/distilbert-base-uncased-mnli"": ""exploratory_attention""}","{""rule-based"": 0.84, ""zero-shot:facebook/bart-large-mnli"": 0.3170755207538605, ""zero-shot:typeform/distilbert-base-uncased-mnli"": 0.3207251727581024}"
LHT2zVYvObg_1790-1917:person_1,LHT2zVYvObg_1790-1917,test,visible_ratio=0.836; gaze_shift_ratio=0.016; occlusion_ratio=0.000; eyes_closed_ratio=0.000; mean_gaze_motion=4.30; attention_stability_score=0.881; dominant_gaze_class=inside_visible; observed_frames=128,,"{""rule-based"": ""focused_attention"", ""zero-shot:facebook/bart-large-mnli"": ""exploratory_attention"", ""zero-shot:typeform/distilbert-base-uncased-mnli"": ""exploratory_attention""}","{""rule-based"": 0.84, ""zero-shot:facebook/bart-large-mnli"": 0.358112633228302, ""zero-shot:typeform/distilbert-base-uncased-mnli"": 0.33991000056266785}"
LHT2zVYvObg_1790-1917:person_2,LHT2zVYvObg_1790-1917,test,visible_ratio=0.625; gaze_shift_ratio=0.016; occlusion_ratio=0.000; eyes_closed_ratio=0.000; mean_gaze_motion=3.69; attention_stability_score=0.733; dominant_gaze_class=inside_visible; observed_frames=128,,"{""rule-based"": ""mixed_attention"", ""zero-shot:facebook/bart-large-mnli"": ""reduced_visual_availability"", ""zero-shot:typeform/distilbert-base-uncased-mnli"": ""exploratory_attention""}","{""rule-based"": 0.68, ""zero-shot:facebook/bart-large-mnli"": 0.5144302845001221, ""zero-shot:typeform/distilbert-base-uncased-mnli"": 0.35454508662223816}"
LHT2zVYvObg_1921-2099:person_1,LHT2zVYvObg_1921-2099,test,visible_ratio=0.765; gaze_shift_ratio=0.056; occlusion_ratio=0.006; eyes_closed_ratio=0.000; mean_gaze_motion=17.93; attention_stability_score=0.740; dominant_gaze_class=inside_visible; observed_frames=179,,"{""rule-based"": ""focused_attention"", ""zero-shot:facebook/bart-large-mnli"": ""focused_attention"", ""zero-shot:typeform/distilbert-base-uncased-mnli"": ""exploratory_attention""}","{""rule-based"": 0.84, ""zero-shot:facebook/bart-large-mnli"": 0.3414212763309479, ""zero-shot:typeform/distilbert-base-uncased-mnli"": 0.26805371046066284}"
LHprThG7a00_1-948:person_1,LHprThG7a00_1-948,train,visible_ratio=0.802; gaze_shift_ratio=0.036; occlusion_ratio=0.133; eyes_closed_ratio=0.000; mean_gaze_motion=13.19; attention_stability_score=0.732; dominant_gaze_class=inside_visible; observed_frames=948,,"{""rule-based"": ""focused_attention"", ""zero-shot:facebook/bart-large-mnli"": ""focused_attention"", ""zero-shot:typeform/distilbert-base-uncased-mnli"": ""exploratory_attention""}","{""rule-based"": 0.84, ""zero-shot:facebook/bart-large-mnli"": 0.3587692081928253, ""zero-shot:typeform/distilbert-base-uncased-mnli"": 0.2901351749897003}"
LS9Hztyrmmw_1768-1839:person_2,LS9Hztyrmmw_1768-1839,test,visible_ratio=0.917; gaze_shift_ratio=0.083; occlusion_ratio=0.000; eyes_closed_ratio=0.000; mean_gaze_motion=12.12; attention_stability_score=0.881; dominant_gaze_class=inside_visible; observed_frames=72,,"{""rule-based"": ""focused_attention"", ""zero-shot:facebook/bart-large-mnli"": ""focused_attention"", ""zero-shot:typeform/distilbert-base-uncased-mnli"": ""exploratory_attention""}","{""rule-based"": 0.84, ""zero-shot:facebook/bart-large-mnli"": 0.29717063903808594, ""zero-shot:typeform/distilbert-base-uncased-mnli"": 0.4326305091381073}"
LS9Hztyrmmw_1768-1839:person_3,LS9Hztyrmmw_1768-1839,test,visible_ratio=0.472; gaze_shift_ratio=0.125; occlusion_ratio=0.000; eyes_closed_ratio=0.000; mean_gaze_motion=16.69; attention_stability_score=0.597; dominant_gaze_class=inside_visible; observed_frames=72,exploratory_attention,"{""rule-based"": ""mixed_attention"", ""zero-shot:facebook/bart-large-mnli"": ""focused_attention"", ""zero-shot:typeform/distilbert-base-uncased-mnli"": ""exploratory_attention""}","{""rule-based"": 0.68, ""zero-shot:facebook/bart-large-mnli"": 0.3062819838523865, ""zero-shot:typeform/distilbert-base-uncased-mnli"": 0.388814240694046}"
LS9Hztyrmmw_2667-2845:person_2,LS9Hztyrmmw_2667-2845,test,visible_ratio=0.866; gaze_shift_ratio=0.000; occlusion_ratio=0.134; eyes_closed_ratio=0.000; mean_gaze_motion=5.06; attention_stability_score=0.904; dominant_gaze_class=inside_visible; observed_frames=179,,"{""rule-based"": ""focused_attention"", ""zero-shot:facebook/bart-large-mnli"": ""reduced_visual_availability"", ""zero-shot:typeform/distilbert-base-uncased-mnli"": ""reduced_visual_availability""}","{""rule-based"": 0.84, ""zero-shot:facebook/bart-large-mnli"": 0.4199669063091278, ""zero-shot:typeform/distilbert-base-uncased-mnli"": 0.34578999876976013}"
LS9Hztyrmmw_2667-2845:person_3,LS9Hztyrmmw_2667-2845,test,visible_ratio=0.950; gaze_shift_ratio=0.050; occlusion_ratio=0.000; eyes_closed_ratio=0.000; mean_gaze_motion=19.50; attention_stability_score=0.812; dominant_gaze_class=inside_visible; observed_frames=179,,"{""rule-based"": ""focused_attention"", ""zero-shot:facebook/bart-large-mnli"": ""mixed_attention"", ""zero-shot:typeform/distilbert-base-uncased-mnli"": ""exploratory_attention""}","{""rule-based"": 0.84, ""zero-shot:facebook/bart-large-mnli"": 0.298270583152771, ""zero-shot:typeform/distilbert-base-uncased-mnli"": 0.3773312568664551}"
Lu-4VcxuBW0_2035-2159:person_2,Lu-4VcxuBW0_2035-2159,train,visible_ratio=0.920; gaze_shift_ratio=0.072; occlusion_ratio=0.008; eyes_closed_ratio=0.000; mean_gaze_motion=9.69; attention_stability_score=0.792; dominant_gaze_class=inside_visible; observed_frames=125,,"{""rule-based"": ""focused_attention"", ""zero-shot:facebook/bart-large-mnli"": ""occluded_attention"", ""zero-shot:typeform/distilbert-base-uncased-mnli"": ""exploratory_attention""}","{""rule-based"": 0.84, ""zero-shot:facebook/bart-large-mnli"": 0.3707330524921417, ""zero-shot:typeform/distilbert-base-uncased-mnli"": 0.2749907374382019}"
Lu-4VcxuBW0_2035-2159:person_3,Lu-4VcxuBW0_2035-2159,train,visible_ratio=0.928; gaze_shift_ratio=0.072; occlusion_ratio=0.000; eyes_closed_ratio=0.000; mean_gaze_motion=9.49; attention_stability_score=0.836; dominant_gaze_class=inside_visible; observed_frames=125,,"{""rule-based"": ""focused_attention"", ""zero-shot:facebook/bart-large-mnli"": ""mixed_attention"", ""zero-shot:typeform/distilbert-base-uncased-mnli"": ""exploratory_attention""}","{""rule-based"": 0.84, ""zero-shot:facebook/bart-large-mnli"": 0.2772030234336853, ""zero-shot:typeform/distilbert-base-uncased-mnli"": 0.4557860493659973}"
Lu-4VcxuBW0_2517-2591:person_1,Lu-4VcxuBW0_2517-2591,train,visible_ratio=1.000; gaze_shift_ratio=0.000; occlusion_ratio=0.000; eyes_closed_ratio=0.000; mean_gaze_motion=8.82; attention_stability_score=0.996; dominant_gaze_class=inside_visible; observed_frames=75,,"{""rule-based"": ""focused_attention"", ""zero-shot:facebook/bart-large-mnli"": ""reduced_visual_availability"", ""zero-shot:typeform/distilbert-base-uncased-mnli"": ""exploratory_attention""}","{""rule-based"": 0.84, ""zero-shot:facebook/bart-large-mnli"": 0.2510412037372589, ""zero-shot:typeform/distilbert-base-uncased-mnli"": 0.5366024374961853}"
Lu-4VcxuBW0_2517-2591:person_2,Lu-4VcxuBW0_2517-2591,train,visible_ratio=1.000; gaze_shift_ratio=0.000; occlusion_ratio=0.000; eyes_closed_ratio=0.000; mean_gaze_motion=5.46; attention_stability_score=0.997; dominant_gaze_class=inside_visible; observed_frames=75,,"{""rule-based"": ""focused_attention"", ""zero-shot:facebook/bart-large-mnli"": ""focused_attention"", ""zero-shot:typeform/distilbert-base-uncased-mnli"": ""exploratory_attention""}","{""rule-based"": 0.84, ""zero-shot:facebook/bart-large-mnli"": 0.5921995043754578, ""zero-shot:typeform/distilbert-base-uncased-mnli"": 0.573032796382904}"
Lu-4VcxuBW0_3207-3448:person_1,Lu-4VcxuBW0_3207-3448,train,visible_ratio=0.707; gaze_shift_ratio=0.194; occlusion_ratio=0.000; eyes_closed_ratio=0.000; mean_gaze_motion=3.14; attention_stability_score=0.651; dominant_gaze_class=inside_visible; observed_frames=242,,"{""rule-based"": ""mixed_attention"", ""zero-shot:facebook/bart-large-mnli"": ""mixed_attention"", ""zero-shot:typeform/distilbert-base-uncased-mnli"": ""exploratory_attention""}","{""rule-based"": 0.68, ""zero-shot:facebook/bart-large-mnli"": 0.3346344828605652, ""zero-shot:typeform/distilbert-base-uncased-mnli"": 0.36324942111968994}"
Lu-4VcxuBW0_3207-3448:person_2,Lu-4VcxuBW0_3207-3448,train,visible_ratio=0.826; gaze_shift_ratio=0.145; occlusion_ratio=0.000; eyes_closed_ratio=0.000; mean_gaze_motion=11.01; attention_stability_score=0.712; dominant_gaze_class=inside_visible; observed_frames=242,,"{""rule-based"": ""mixed_attention"", ""zero-shot:facebook/bart-large-mnli"": ""focused_attention"", ""zero-shot:typeform/distilbert-base-uncased-mnli"": ""exploratory_attention""}","{""rule-based"": 0.68, ""zero-shot:facebook/bart-large-mnli"": 0.3354339897632599, ""zero-shot:typeform/distilbert-base-uncased-mnli"": 0.33544817566871643}"
Lva4fn4_q88_1270-1473:person_2,Lva4fn4_q88_1270-1473,test,visible_ratio=0.971; gaze_shift_ratio=0.029; occlusion_ratio=0.000; eyes_closed_ratio=0.000; mean_gaze_motion=14.41; attention_stability_score=0.882; dominant_gaze_class=inside_visible; observed_frames=204,,"{""rule-based"": ""focused_attention"", ""zero-shot:facebook/bart-large-mnli"": ""mixed_attention"", ""zero-shot:typeform/distilbert-base-uncased-mnli"": ""exploratory_attention""}","{""rule-based"": 0.84, ""zero-shot:facebook/bart-large-mnli"": 0.253473699092865, ""zero-shot:typeform/distilbert-base-uncased-mnli"": 0.37395092844963074}"
Lva4fn4_q88_1270-1473:person_3,Lva4fn4_q88_1270-1473,test,visible_ratio=0.309; gaze_shift_ratio=0.691; occlusion_ratio=0.000; eyes_closed_ratio=0.000; mean_gaze_motion=12.25; attention_stability_score=0.361; dominant_gaze_class=gaze_shift; observed_frames=204,exploratory_attention,"{""rule-based"": ""exploratory_attention"", ""zero-shot:facebook/bart-large-mnli"": ""occluded_attention"", ""zero-shot:typeform/distilbert-base-uncased-mnli"": ""exploratory_attention""}","{""rule-based"": 0.8, ""zero-shot:facebook/bart-large-mnli"": 0.23095272481441498, ""zero-shot:typeform/distilbert-base-uncased-mnli"": 0.4030253291130066}"
Lva4fn4_q88_4391-4523:person_2,Lva4fn4_q88_4391-4523,test,visible_ratio=1.000; gaze_shift_ratio=0.000; occlusion_ratio=0.000; eyes_closed_ratio=0.000; mean_gaze_motion=12.61; attention_stability_score=0.994; dominant_gaze_class=inside_visible; observed_frames=124,,"{""rule-based"": ""focused_attention"", ""zero-shot:facebook/bart-large-mnli"": ""exploratory_attention"", ""zero-shot:typeform/distilbert-base-uncased-mnli"": ""exploratory_attention""}","{""rule-based"": 0.84, ""zero-shot:facebook/bart-large-mnli"": 0.33044442534446716, ""zero-shot:typeform/distilbert-base-uncased-mnli"": 0.4693381190299988}"
Lva4fn4_q88_4391-4523:person_3,Lva4fn4_q88_4391-4523,test,visible_ratio=1.000; gaze_shift_ratio=0.000; occlusion_ratio=0.000; eyes_closed_ratio=0.000; mean_gaze_motion=6.79; attention_stability_score=0.997; dominant_gaze_class=inside_visible; observed_frames=133,,"{""rule-based"": ""focused_attention"", ""zero-shot:facebook/bart-large-mnli"": ""reduced_visual_availability"", ""zero-shot:typeform/distilbert-base-uncased-mnli"": ""exploratory_attention""}","{""rule-based"": 0.84, ""zero-shot:facebook/bart-large-mnli"": 0.26526084542274475, ""zero-shot:typeform/distilbert-base-uncased-mnli"": 0.49442726373672485}"
Lva4fn4_q88_4691-4775:person_2,Lva4fn4_q88_4691-4775,test,visible_ratio=1.000; gaze_shift_ratio=0.000; occlusion_ratio=0.000; eyes_closed_ratio=0.000; mean_gaze_motion=14.89; attention_stability_score=0.993; dominant_gaze_class=inside_visible; observed_frames=85,,"{""rule-based"": ""focused_attention"", ""zero-shot:facebook/bart-large-mnli"": ""focused_attention"", ""zero-shot:typeform/distilbert-base-uncased-mnli"": ""exploratory_attention""}","{""rule-based"": 0.84, ""zero-shot:facebook/bart-large-mnli"": 0.28862541913986206, ""zero-shot:typeform/distilbert-base-uncased-mnli"": 0.3780495822429657}"
Lva4fn4_q88_4691-4775:person_3,Lva4fn4_q88_4691-4775,test,visible_ratio=0.941; gaze_shift_ratio=0.059; occlusion_ratio=0.000; eyes_closed_ratio=0.000; mean_gaze_motion=17.04; attention_stability_score=0.856; dominant_gaze_class=inside_visible; observed_frames=85,,"{""rule-based"": ""focused_attention"", ""zero-shot:facebook/bart-large-mnli"": ""focused_attention"", ""zero-shot:typeform/distilbert-base-uncased-mnli"": ""exploratory_attention""}","{""rule-based"": 0.84, ""zero-shot:facebook/bart-large-mnli"": 0.34263452887535095, ""zero-shot:typeform/distilbert-base-uncased-mnli"": 0.3684993386268616}"
Lva4fn4_q88_5291-5420:person_2,Lva4fn4_q88_5291-5420,test,visible_ratio=1.000; gaze_shift_ratio=0.000; occlusion_ratio=0.000; eyes_closed_ratio=0.000; mean_gaze_motion=7.72; attention_stability_score=0.996; dominant_gaze_class=inside_visible; observed_frames=130,,"{""rule-based"": ""focused_attention"", ""zero-shot:facebook/bart-large-mnli"": ""reduced_visual_availability"", ""zero-shot:typeform/distilbert-base-uncased-mnli"": ""exploratory_attention""}","{""rule-based"": 0.84, ""zero-shot:facebook/bart-large-mnli"": 0.32075002789497375, ""zero-shot:typeform/distilbert-base-uncased-mnli"": 0.37908801436424255}"
Lva4fn4_q88_5291-5420:person_3,Lva4fn4_q88_5291-5420,test,visible_ratio=0.977; gaze_shift_ratio=0.023; occlusion_ratio=0.000; eyes_closed_ratio=0.000; mean_gaze_motion=8.63; attention_stability_score=0.886; dominant_gaze_class=inside_visible; observed_frames=130,,"{""rule-based"": ""focused_attention"", ""zero-shot:facebook/bart-large-mnli"": ""reduced_visual_availability"", ""zero-shot:typeform/distilbert-base-uncased-mnli"": ""exploratory_attention""}","{""rule-based"": 0.84, ""zero-shot:facebook/bart-large-mnli"": 0.279498815536499, ""zero-shot:typeform/distilbert-base-uncased-mnli"": 0.4183676540851593}"
Lz0Oh2cxoTU_12550-14053:person_2,Lz0Oh2cxoTU_12550-14053,train,visible_ratio=0.948; gaze_shift_ratio=0.034; occlusion_ratio=0.018; eyes_closed_ratio=0.000; mean_gaze_motion=5.79; attention_stability_score=0.773; dominant_gaze_class=inside_visible; observed_frames=1504,,"{""rule-based"": ""focused_attention"", ""zero-shot:facebook/bart-large-mnli"": ""reduced_visual_availability"", ""zero-shot:typeform/distilbert-base-uncased-mnli"": ""reduced_visual_availability""}","{""rule-based"": 0.84, ""zero-shot:facebook/bart-large-mnli"": 0.6011908650398254, ""zero-shot:typeform/distilbert-base-uncased-mnli"": 0.41198238730430603}"
Lz0Oh2cxoTU_12550-14053:person_3,Lz0Oh2cxoTU_12550-14053,train,visible_ratio=1.000; gaze_shift_ratio=0.000; occlusion_ratio=0.000; eyes_closed_ratio=0.000; mean_gaze_motion=0.00; attention_stability_score=1.000; dominant_gaze_class=inside_visible; observed_frames=1504,,"{""rule-based"": ""focused_attention"", ""zero-shot:facebook/bart-large-mnli"": ""focused_attention"", ""zero-shot:typeform/distilbert-base-uncased-mnli"": ""exploratory_attention""}","{""rule-based"": 0.84, ""zero-shot:facebook/bart-large-mnli"": 0.5426414012908936, ""zero-shot:typeform/distilbert-base-uncased-mnli"": 0.570116400718689}"
Lz0Oh2cxoTU_14104-14994:person_1,Lz0Oh2cxoTU_14104-14994,train,visible_ratio=0.569; gaze_shift_ratio=0.003; occlusion_ratio=0.428; eyes_closed_ratio=0.000; mean_gaze_motion=17.91; attention_stability_score=0.598; dominant_gaze_class=inside_visible; observed_frames=891,,"{""rule-based"": ""occluded_attention"", ""zero-shot:facebook/bart-large-mnli"": ""reduced_visual_availability"", ""zero-shot:typeform/distilbert-base-uncased-mnli"": ""exploratory_attention""}","{""rule-based"": 0.74, ""zero-shot:facebook/bart-large-mnli"": 0.37595871090888977, ""zero-shot:typeform/distilbert-base-uncased-mnli"": 0.33691009879112244}"
Lz0Oh2cxoTU_14104-14994:person_3,Lz0Oh2cxoTU_14104-14994,train,visible_ratio=0.649; gaze_shift_ratio=0.011; occlusion_ratio=0.118; eyes_closed_ratio=0.000; mean_gaze_motion=15.87; attention_stability_score=0.648; dominant_gaze_class=inside_visible; observed_frames=609,,"{""rule-based"": ""mixed_attention"", ""zero-shot:facebook/bart-large-mnli"": ""mixed_attention"", ""zero-shot:typeform/distilbert-base-uncased-mnli"": ""exploratory_attention""}","{""rule-based"": 0.68, ""zero-shot:facebook/bart-large-mnli"": 0.33638203144073486, ""zero-shot:typeform/distilbert-base-uncased-mnli"": 0.2669336497783661}"
Lz0Oh2cxoTU_15359-15573:person_2,Lz0Oh2cxoTU_15359-15573,train,visible_ratio=0.000; gaze_shift_ratio=0.000; occlusion_ratio=1.000; eyes_closed_ratio=0.000; mean_gaze_motion=0.00; attention_stability_score=0.300; dominant_gaze_class=inside_occluded; observed_frames=215,,"{""rule-based"": ""occluded_attention"", ""zero-shot:facebook/bart-large-mnli"": ""reduced_visual_availability"", ""zero-shot:typeform/distilbert-base-uncased-mnli"": ""reduced_visual_availability""}","{""rule-based"": 0.74, ""zero-shot:facebook/bart-large-mnli"": 0.6694959402084351, ""zero-shot:typeform/distilbert-base-uncased-mnli"": 0.3357442021369934}"
Lz0Oh2cxoTU_15359-15573:person_3,Lz0Oh2cxoTU_15359-15573,train,visible_ratio=0.000; gaze_shift_ratio=0.000; occlusion_ratio=0.000; eyes_closed_ratio=0.000; mean_gaze_motion=0.00; attention_stability_score=0.300; dominant_gaze_class=outside_frame; observed_frames=32,,"{""rule-based"": ""mixed_attention"", ""zero-shot:facebook/bart-large-mnli"": ""reduced_visual_availability"", ""zero-shot:typeform/distilbert-base-uncased-mnli"": ""exploratory_attention""}","{""rule-based"": 0.68, ""zero-shot:facebook/bart-large-mnli"": 0.6149179935455322, ""zero-shot:typeform/distilbert-base-uncased-mnli"": 0.4849247336387634}"
Lz0Oh2cxoTU_24789-24823:person_1,Lz0Oh2cxoTU_24789-24823,train,visible_ratio=1.000; gaze_shift_ratio=0.000; occlusion_ratio=0.000; eyes_closed_ratio=0.000; mean_gaze_motion=1.29; attention_stability_score=0.999; dominant_gaze_class=inside_visible; observed_frames=35,,"{""rule-based"": ""focused_attention"", ""zero-shot:facebook/bart-large-mnli"": ""focused_attention"", ""zero-shot:typeform/distilbert-base-uncased-mnli"": ""exploratory_attention""}","{""rule-based"": 0.84, ""zero-shot:facebook/bart-large-mnli"": 0.6161275506019592, ""zero-shot:typeform/distilbert-base-uncased-mnli"": 0.5358045101165771}"
Lz0Oh2cxoTU_24789-24823:person_2,Lz0Oh2cxoTU_24789-24823,train,visible_ratio=0.629; gaze_shift_ratio=0.000; occlusion_ratio=0.000; eyes_closed_ratio=0.000; mean_gaze_motion=9.54; attention_stability_score=0.735; dominant_gaze_class=inside_visible; observed_frames=35,,"{""rule-based"": ""mixed_attention"", ""zero-shot:facebook/bart-large-mnli"": ""mixed_attention"", ""zero-shot:typeform/distilbert-base-uncased-mnli"": ""exploratory_attention""}","{""rule-based"": 0.68, ""zero-shot:facebook/bart-large-mnli"": 0.3317490518093109, ""zero-shot:typeform/distilbert-base-uncased-mnli"": 0.32735252380371094}"
Lz0Oh2cxoTU_25430-26026:person_2,Lz0Oh2cxoTU_25430-26026,train,visible_ratio=0.786; gaze_shift_ratio=0.112; occlusion_ratio=0.102; eyes_closed_ratio=0.000; mean_gaze_motion=10.21; attention_stability_score=0.676; dominant_gaze_class=inside_visible; observed_frames=597,,"{""rule-based"": ""mixed_attention"", ""zero-shot:facebook/bart-large-mnli"": ""focused_attention"", ""zero-shot:typeform/distilbert-base-uncased-mnli"": ""exploratory_attention""}","{""rule-based"": 0.68, ""zero-shot:facebook/bart-large-mnli"": 0.32402148842811584, ""zero-shot:typeform/distilbert-base-uncased-mnli"": 0.3180047273635864}"
Lz0Oh2cxoTU_2729-2900:person_2,Lz0Oh2cxoTU_2729-2900,train,visible_ratio=0.436; gaze_shift_ratio=0.000; occlusion_ratio=0.564; eyes_closed_ratio=0.000; mean_gaze_motion=20.59; attention_stability_score=0.582; dominant_gaze_class=inside_occluded; observed_frames=172,,"{""rule-based"": ""occluded_attention"", ""zero-shot:facebook/bart-large-mnli"": ""reduced_visual_availability"", ""zero-shot:typeform/distilbert-base-uncased-mnli"": ""exploratory_attention""}","{""rule-based"": 0.74, ""zero-shot:facebook/bart-large-mnli"": 0.2823900878429413, ""zero-shot:typeform/distilbert-base-uncased-mnli"": 0.2880220115184784}"
Lz0Oh2cxoTU_2729-2900:person_3,Lz0Oh2cxoTU_2729-2900,train,visible_ratio=1.000; gaze_shift_ratio=0.000; occlusion_ratio=0.000; eyes_closed_ratio=0.000; mean_gaze_motion=6.48; attention_stability_score=0.997; dominant_gaze_class=inside_visible; observed_frames=172,,"{""rule-based"": ""focused_attention"", ""zero-shot:facebook/bart-large-mnli"": ""reduced_visual_availability"", ""zero-shot:typeform/distilbert-base-uncased-mnli"": ""exploratory_attention""}","{""rule-based"": 0.84, ""zero-shot:facebook/bart-large-mnli"": 0.2800379991531372, ""zero-shot:typeform/distilbert-base-uncased-mnli"": 0.4307299554347992}"
Lz0Oh2cxoTU_28133-28296:person_2,Lz0Oh2cxoTU_28133-28296,train,visible_ratio=0.878; gaze_shift_ratio=0.000; occlusion_ratio=0.122; eyes_closed_ratio=0.000; mean_gaze_motion=0.62; attention_stability_score=0.869; dominant_gaze_class=inside_visible; observed_frames=164,,"{""rule-based"": ""focused_attention"", ""zero-shot:facebook/bart-large-mnli"": ""reduced_visual_availability"", ""zero-shot:typeform/distilbert-base-uncased-mnli"": ""exploratory_attention""}","{""rule-based"": 0.84, ""zero-shot:facebook/bart-large-mnli"": 0.46383726596832275, ""zero-shot:typeform/distilbert-base-uncased-mnli"": 0.2937237620353699}"
Lz0Oh2cxoTU_28133-28296:person_3,Lz0Oh2cxoTU_28133-28296,train,visible_ratio=0.791; gaze_shift_ratio=0.000; occlusion_ratio=0.209; eyes_closed_ratio=0.000; mean_gaze_motion=3.89; attention_stability_score=0.852; dominant_gaze_class=inside_visible; observed_frames=139,,"{""rule-based"": ""focused_attention"", ""zero-shot:facebook/bart-large-mnli"": ""reduced_visual_availability"", ""zero-shot:typeform/distilbert-base-uncased-mnli"": ""exploratory_attention""}","{""rule-based"": 0.84, ""zero-shot:facebook/bart-large-mnli"": 0.6048600077629089, ""zero-shot:typeform/distilbert-base-uncased-mnli"": 0.2750639319419861}"
Lz0Oh2cxoTU_30300-30484:person_2,Lz0Oh2cxoTU_30300-30484,train,visible_ratio=1.000; gaze_shift_ratio=0.000; occlusion_ratio=0.000; eyes_closed_ratio=0.000; mean_gaze_motion=0.51; attention_stability_score=1.000; dominant_gaze_class=inside_visible; observed_frames=185,,"{""rule-based"": ""focused_attention"", ""zero-shot:facebook/bart-large-mnli"": ""focused_attention"", ""zero-shot:typeform/distilbert-base-uncased-mnli"": ""exploratory_attention""}","{""rule-based"": 0.84, ""zero-shot:facebook/bart-large-mnli"": 0.5574610829353333, ""zero-shot:typeform/distilbert-base-uncased-mnli"": 0.5406678915023804}"
Lz0Oh2cxoTU_30300-30484:person_3,Lz0Oh2cxoTU_30300-30484,train,visible_ratio=0.638; gaze_shift_ratio=0.000; occlusion_ratio=0.081; eyes_closed_ratio=0.000; mean_gaze_motion=5.45; attention_stability_score=0.717; dominant_gaze_class=inside_visible; observed_frames=185,,"{""rule-based"": ""mixed_attention"", ""zero-shot:facebook/bart-large-mnli"": ""reduced_visual_availability"", ""zero-shot:typeform/distilbert-base-uncased-mnli"": ""reduced_visual_availability""}","{""rule-based"": 0.68, ""zero-shot:facebook/bart-large-mnli"": 0.45768001675605774, ""zero-shot:typeform/distilbert-base-uncased-mnli"": 0.3608872592449188}"
Lz0Oh2cxoTU_45601-45755:person_2,Lz0Oh2cxoTU_45601-45755,train,visible_ratio=0.955; gaze_shift_ratio=0.039; occlusion_ratio=0.000; eyes_closed_ratio=0.000; mean_gaze_motion=12.53; attention_stability_score=0.845; dominant_gaze_class=inside_visible; observed_frames=155,,"{""rule-based"": ""focused_attention"", ""zero-shot:facebook/bart-large-mnli"": ""occluded_attention"", ""zero-shot:typeform/distilbert-base-uncased-mnli"": ""exploratory_attention""}","{""rule-based"": 0.84, ""zero-shot:facebook/bart-large-mnli"": 0.3181290328502655, ""zero-shot:typeform/distilbert-base-uncased-mnli"": 0.37753570079803467}"
Lz0Oh2cxoTU_45601-45755:person_3,Lz0Oh2cxoTU_45601-45755,train,visible_ratio=1.000; gaze_shift_ratio=0.000; occlusion_ratio=0.000; eyes_closed_ratio=0.000; mean_gaze_motion=11.72; attention_stability_score=0.994; dominant_gaze_class=inside_visible; observed_frames=155,,"{""rule-based"": ""focused_attention"", ""zero-shot:facebook/bart-large-mnli"": ""mixed_attention"", ""zero-shot:typeform/distilbert-base-uncased-mnli"": ""exploratory_attention""}","{""rule-based"": 0.84, ""zero-shot:facebook/bart-large-mnli"": 0.34536445140838623, ""zero-shot:typeform/distilbert-base-uncased-mnli"": 0.37899285554885864}"
Lz0Oh2cxoTU_5624-5690:person_2,Lz0Oh2cxoTU_5624-5690,train,visible_ratio=1.000; gaze_shift_ratio=0.000; occlusion_ratio=0.000; eyes_closed_ratio=0.000; mean_gaze_motion=0.58; attention_stability_score=1.000; dominant_gaze_class=inside_visible; observed_frames=67,,"{""rule-based"": ""focused_attention"", ""zero-shot:facebook/bart-large-mnli"": ""focused_attention"", ""zero-shot:typeform/distilbert-base-uncased-mnli"": ""exploratory_attention""}","{""rule-based"": 0.84, ""zero-shot:facebook/bart-large-mnli"": 0.5554826855659485, ""zero-shot:typeform/distilbert-base-uncased-mnli"": 0.540977418422699}"
Lz0Oh2cxoTU_5624-5690:person_3,Lz0Oh2cxoTU_5624-5690,train,visible_ratio=1.000; gaze_shift_ratio=0.000; occlusion_ratio=0.000; eyes_closed_ratio=0.000; mean_gaze_motion=0.10; attention_stability_score=1.000; dominant_gaze_class=inside_visible; observed_frames=67,,"{""rule-based"": ""focused_attention"", ""zero-shot:facebook/bart-large-mnli"": ""focused_attention"", ""zero-shot:typeform/distilbert-base-uncased-mnli"": ""exploratory_attention""}","{""rule-based"": 0.84, ""zero-shot:facebook/bart-large-mnli"": 0.5428295731544495, ""zero-shot:typeform/distilbert-base-uncased-mnli"": 0.5396950244903564}"
Lz0Oh2cxoTU_6450-6517:person_2,Lz0Oh2cxoTU_6450-6517,train,visible_ratio=0.515; gaze_shift_ratio=0.074; occlusion_ratio=0.412; eyes_closed_ratio=0.000; mean_gaze_motion=8.98; attention_stability_score=0.623; dominant_gaze_class=inside_visible; observed_frames=68,,"{""rule-based"": ""occluded_attention"", ""zero-shot:facebook/bart-large-mnli"": ""reduced_visual_availability"", ""zero-shot:typeform/distilbert-base-uncased-mnli"": ""reduced_visual_availability""}","{""rule-based"": 0.74, ""zero-shot:facebook/bart-large-mnli"": 0.27976366877555847, ""zero-shot:typeform/distilbert-base-uncased-mnli"": 0.4335516691207886}"
Lz0Oh2cxoTU_6450-6517:person_3,Lz0Oh2cxoTU_6450-6517,train,visible_ratio=1.000; gaze_shift_ratio=0.000; occlusion_ratio=0.000; eyes_closed_ratio=0.000; mean_gaze_motion=30.13; attention_stability_score=0.985; dominant_gaze_class=inside_visible; observed_frames=68,,"{""rule-based"": ""focused_attention"", ""zero-shot:facebook/bart-large-mnli"": ""mixed_attention"", ""zero-shot:typeform/distilbert-base-uncased-mnli"": ""exploratory_attention""}","{""rule-based"": 0.84, ""zero-shot:facebook/bart-large-mnli"": 0.351316899061203, ""zero-shot:typeform/distilbert-base-uncased-mnli"": 0.3724241256713867}"
MTLKr-8UDYE_1087-1316:person_2,MTLKr-8UDYE_1087-1316,train,visible_ratio=0.852; gaze_shift_ratio=0.117; occlusion_ratio=0.030; eyes_closed_ratio=0.000; mean_gaze_motion=19.05; attention_stability_score=0.735; dominant_gaze_class=inside_visible; observed_frames=230,,"{""rule-based"": ""mixed_attention"", ""zero-shot:facebook/bart-large-mnli"": ""focused_attention"", ""zero-shot:typeform/distilbert-base-uncased-mnli"": ""exploratory_attention""}","{""rule-based"": 0.68, ""zero-shot:facebook/bart-large-mnli"": 0.3814345598220825, ""zero-shot:typeform/distilbert-base-uncased-mnli"": 0.3432266414165497}"
MTLKr-8UDYE_1087-1316:person_3,MTLKr-8UDYE_1087-1316,train,visible_ratio=0.761; gaze_shift_ratio=0.209; occlusion_ratio=0.030; eyes_closed_ratio=0.000; mean_gaze_motion=24.62; attention_stability_score=0.641; dominant_gaze_class=inside_visible; observed_frames=230,,"{""rule-based"": ""exploratory_attention"", ""zero-shot:facebook/bart-large-mnli"": ""mixed_attention"", ""zero-shot:typeform/distilbert-base-uncased-mnli"": ""exploratory_attention""}","{""rule-based"": 0.8, ""zero-shot:facebook/bart-large-mnli"": 0.31089115142822266, ""zero-shot:typeform/distilbert-base-uncased-mnli"": 0.35652071237564087}"
MTLKr-8UDYE_1779-2072:person_1,MTLKr-8UDYE_1779-2072,train,visible_ratio=0.973; gaze_shift_ratio=0.000; occlusion_ratio=0.000; eyes_closed_ratio=0.000; mean_gaze_motion=11.75; attention_stability_score=0.918; dominant_gaze_class=inside_visible; observed_frames=294,,"{""rule-based"": ""focused_attention"", ""zero-shot:facebook/bart-large-mnli"": ""mixed_attention"", ""zero-shot:typeform/distilbert-base-uncased-mnli"": ""exploratory_attention""}","{""rule-based"": 0.84, ""zero-shot:facebook/bart-large-mnli"": 0.3347299098968506, ""zero-shot:typeform/distilbert-base-uncased-mnli"": 0.3565477430820465}"
MTLKr-8UDYE_1779-2072:person_3,MTLKr-8UDYE_1779-2072,train,visible_ratio=0.912; gaze_shift_ratio=0.024; occlusion_ratio=0.000; eyes_closed_ratio=0.000; mean_gaze_motion=21.03; attention_stability_score=0.825; dominant_gaze_class=inside_visible; observed_frames=294,,"{""rule-based"": ""focused_attention"", ""zero-shot:facebook/bart-large-mnli"": ""reduced_visual_availability"", ""zero-shot:typeform/distilbert-base-uncased-mnli"": ""exploratory_attention""}","{""rule-based"": 0.84, ""zero-shot:facebook/bart-large-mnli"": 0.33775731921195984, ""zero-shot:typeform/distilbert-base-uncased-mnli"": 0.35022708773612976}"
MTLKr-8UDYE_652-927:person_1,MTLKr-8UDYE_652-927,train,visible_ratio=0.949; gaze_shift_ratio=0.051; occlusion_ratio=0.000; eyes_closed_ratio=0.000; mean_gaze_motion=24.01; attention_stability_score=0.790; dominant_gaze_class=inside_visible; observed_frames=276,,"{""rule-based"": ""focused_attention"", ""zero-shot:facebook/bart-large-mnli"": ""reduced_visual_availability"", ""zero-shot:typeform/distilbert-base-uncased-mnli"": ""exploratory_attention""}","{""rule-based"": 0.84, ""zero-shot:facebook/bart-large-mnli"": 0.2569993734359741, ""zero-shot:typeform/distilbert-base-uncased-mnli"": 0.3336436450481415}"
MTLKr-8UDYE_652-927:person_2,MTLKr-8UDYE_652-927,train,visible_ratio=1.000; gaze_shift_ratio=0.000; occlusion_ratio=0.000; eyes_closed_ratio=0.000; mean_gaze_motion=18.58; attention_stability_score=0.991; dominant_gaze_class=inside_visible; observed_frames=276,,"{""rule-based"": ""focused_attention"", ""zero-shot:facebook/bart-large-mnli"": ""mixed_attention"", ""zero-shot:typeform/distilbert-base-uncased-mnli"": ""exploratory_attention""}","{""rule-based"": 0.84, ""zero-shot:facebook/bart-large-mnli"": 0.33929306268692017, ""zero-shot:typeform/distilbert-base-uncased-mnli"": 0.3824698328971863}"
ND7pXuhs3VM_1800-1925:person_2,ND7pXuhs3VM_1800-1925,test,visible_ratio=0.667; gaze_shift_ratio=0.111; occlusion_ratio=0.000; eyes_closed_ratio=0.000; mean_gaze_motion=31.59; attention_stability_score=0.724; dominant_gaze_class=inside_visible; observed_frames=126,,"{""rule-based"": ""mixed_attention"", ""zero-shot:facebook/bart-large-mnli"": ""mixed_attention"", ""zero-shot:typeform/distilbert-base-uncased-mnli"": ""exploratory_attention""}","{""rule-based"": 0.68, ""zero-shot:facebook/bart-large-mnli"": 0.30840933322906494, ""zero-shot:typeform/distilbert-base-uncased-mnli"": 0.3130810558795929}"
ND7pXuhs3VM_3066-3159:person_1,ND7pXuhs3VM_3066-3159,test,visible_ratio=0.309; gaze_shift_ratio=0.053; occlusion_ratio=0.000; eyes_closed_ratio=0.000; mean_gaze_motion=6.36; attention_stability_score=0.505; dominant_gaze_class=outside_frame; observed_frames=94,,"{""rule-based"": ""mixed_attention"", ""zero-shot:facebook/bart-large-mnli"": ""mixed_attention"", ""zero-shot:typeform/distilbert-base-uncased-mnli"": ""exploratory_attention""}","{""rule-based"": 0.68, ""zero-shot:facebook/bart-large-mnli"": 0.2826651930809021, ""zero-shot:typeform/distilbert-base-uncased-mnli"": 0.3379834294319153}"
NIk1-ck4c6Q_13651-13719:person_2,NIk1-ck4c6Q_13651-13719,test,visible_ratio=0.841; gaze_shift_ratio=0.159; occlusion_ratio=0.000; eyes_closed_ratio=0.000; mean_gaze_motion=7.26; attention_stability_score=0.778; dominant_gaze_class=inside_visible; observed_frames=69,,"{""rule-based"": ""mixed_attention"", ""zero-shot:facebook/bart-large-mnli"": ""reduced_visual_availability"", ""zero-shot:typeform/distilbert-base-uncased-mnli"": ""exploratory_attention""}","{""rule-based"": 0.68, ""zero-shot:facebook/bart-large-mnli"": 0.32337647676467896, ""zero-shot:typeform/distilbert-base-uncased-mnli"": 0.41364505887031555}"
NIk1-ck4c6Q_13651-13719:person_3,NIk1-ck4c6Q_13651-13719,test,visible_ratio=0.696; gaze_shift_ratio=0.304; occlusion_ratio=0.000; eyes_closed_ratio=0.000; mean_gaze_motion=24.85; attention_stability_score=0.675; dominant_gaze_class=inside_visible; observed_frames=69,exploratory_attention,"{""rule-based"": ""exploratory_attention"", ""zero-shot:facebook/bart-large-mnli"": ""focused_attention"", ""zero-shot:typeform/distilbert-base-uncased-mnli"": ""exploratory_attention""}","{""rule-based"": 0.8, ""zero-shot:facebook/bart-large-mnli"": 0.24470102787017822, ""zero-shot:typeform/distilbert-base-uncased-mnli"": 0.4138745665550232}"
NIk1-ck4c6Q_22766-22806:person_2,NIk1-ck4c6Q_22766-22806,test,visible_ratio=1.000; gaze_shift_ratio=0.000; occlusion_ratio=0.000; eyes_closed_ratio=0.000; mean_gaze_motion=1.74; attention_stability_score=0.999; dominant_gaze_class=inside_visible; observed_frames=41,,"{""rule-based"": ""focused_attention"", ""zero-shot:facebook/bart-large-mnli"": ""focused_attention"", ""zero-shot:typeform/distilbert-base-uncased-mnli"": ""exploratory_attention""}","{""rule-based"": 0.84, ""zero-shot:facebook/bart-large-mnli"": 0.57052081823349, ""zero-shot:typeform/distilbert-base-uncased-mnli"": 0.5303983092308044}"
NIk1-ck4c6Q_22766-22806:person_3,NIk1-ck4c6Q_22766-22806,test,visible_ratio=0.927; gaze_shift_ratio=0.073; occlusion_ratio=0.000; eyes_closed_ratio=0.000; mean_gaze_motion=9.04; attention_stability_score=0.909; dominant_gaze_class=inside_visible; observed_frames=41,,"{""rule-based"": ""focused_attention"", ""zero-shot:facebook/bart-large-mnli"": ""occluded_attention"", ""zero-shot:typeform/distilbert-base-uncased-mnli"": ""exploratory_attention""}","{""rule-based"": 0.84, ""zero-shot:facebook/bart-large-mnli"": 0.24053603410720825, ""zero-shot:typeform/distilbert-base-uncased-mnli"": 0.4286019206047058}"
N_9vfhsDz8w_5785-5911:person_2,N_9vfhsDz8w_5785-5911,test,visible_ratio=1.000; gaze_shift_ratio=0.000; occlusion_ratio=0.000; eyes_closed_ratio=0.000; mean_gaze_motion=1.16; attention_stability_score=0.999; dominant_gaze_class=inside_visible; observed_frames=127,,"{""rule-based"": ""focused_attention"", ""zero-shot:facebook/bart-large-mnli"": ""focused_attention"", ""zero-shot:typeform/distilbert-base-uncased-mnli"": ""exploratory_attention""}","{""rule-based"": 0.84, ""zero-shot:facebook/bart-large-mnli"": 0.5750189423561096, ""zero-shot:typeform/distilbert-base-uncased-mnli"": 0.5355129241943359}"
N_9vfhsDz8w_5785-5911:person_3,N_9vfhsDz8w_5785-5911,test,visible_ratio=1.000; gaze_shift_ratio=0.000; occlusion_ratio=0.000; eyes_closed_ratio=0.000; mean_gaze_motion=8.23; attention_stability_score=0.996; dominant_gaze_class=inside_visible; observed_frames=127,,"{""rule-based"": ""focused_attention"", ""zero-shot:facebook/bart-large-mnli"": ""reduced_visual_availability"", ""zero-shot:typeform/distilbert-base-uncased-mnli"": ""exploratory_attention""}","{""rule-based"": 0.84, ""zero-shot:facebook/bart-large-mnli"": 0.27030086517333984, ""zero-shot:typeform/distilbert-base-uncased-mnli"": 0.3774833083152771}"
N_9vfhsDz8w_6085-6298:person_2,N_9vfhsDz8w_6085-6298,test,visible_ratio=0.850; gaze_shift_ratio=0.000; occlusion_ratio=0.000; eyes_closed_ratio=0.000; mean_gaze_motion=6.05; attention_stability_score=0.890; dominant_gaze_class=inside_visible; observed_frames=214,,"{""rule-based"": ""focused_attention"", ""zero-shot:facebook/bart-large-mnli"": ""mixed_attention"", ""zero-shot:typeform/distilbert-base-uncased-mnli"": ""exploratory_attention""}","{""rule-based"": 0.84, ""zero-shot:facebook/bart-large-mnli"": 0.33769547939300537, ""zero-shot:typeform/distilbert-base-uncased-mnli"": 0.3754424452781677}"
N_9vfhsDz8w_6085-6298:person_3,N_9vfhsDz8w_6085-6298,test,visible_ratio=1.000; gaze_shift_ratio=0.000; occlusion_ratio=0.000; eyes_closed_ratio=0.000; mean_gaze_motion=5.90; attention_stability_score=0.997; dominant_gaze_class=inside_visible; observed_frames=214,,"{""rule-based"": ""focused_attention"", ""zero-shot:facebook/bart-large-mnli"": ""focused_attention"", ""zero-shot:typeform/distilbert-base-uncased-mnli"": ""exploratory_attention""}","{""rule-based"": 0.84, ""zero-shot:facebook/bart-large-mnli"": 0.31958580017089844, ""zero-shot:typeform/distilbert-base-uncased-mnli"": 0.40770071744918823}"
Nc3hwh-AFFw_1538-1632:person_2,Nc3hwh-AFFw_1538-1632,train,visible_ratio=1.000; gaze_shift_ratio=0.000; occlusion_ratio=0.000; eyes_closed_ratio=0.000; mean_gaze_motion=8.75; attention_stability_score=0.996; dominant_gaze_class=inside_visible; observed_frames=95,,"{""rule-based"": ""focused_attention"", ""zero-shot:facebook/bart-large-mnli"": ""reduced_visual_availability"", ""zero-shot:typeform/distilbert-base-uncased-mnli"": ""exploratory_attention""}","{""rule-based"": 0.84, ""zero-shot:facebook/bart-large-mnli"": 0.26853325963020325, ""zero-shot:typeform/distilbert-base-uncased-mnli"": 0.4305003881454468}"
Nc3hwh-AFFw_1538-1632:person_3,Nc3hwh-AFFw_1538-1632,train,visible_ratio=1.000; gaze_shift_ratio=0.000; occlusion_ratio=0.000; eyes_closed_ratio=0.000; mean_gaze_motion=9.32; attention_stability_score=0.995; dominant_gaze_class=inside_visible; observed_frames=95,,"{""rule-based"": ""focused_attention"", ""zero-shot:facebook/bart-large-mnli"": ""reduced_visual_availability"", ""zero-shot:typeform/distilbert-base-uncased-mnli"": ""exploratory_attention""}","{""rule-based"": 0.84, ""zero-shot:facebook/bart-large-mnli"": 0.2814680337905884, ""zero-shot:typeform/distilbert-base-uncased-mnli"": 0.5097704529762268}"
Nc3hwh-AFFw_338-456:person_2,Nc3hwh-AFFw_338-456,train,visible_ratio=1.000; gaze_shift_ratio=0.000; occlusion_ratio=0.000; eyes_closed_ratio=0.000; mean_gaze_motion=8.28; attention_stability_score=0.996; dominant_gaze_class=inside_visible; observed_frames=119,,"{""rule-based"": ""focused_attention"", ""zero-shot:facebook/bart-large-mnli"": ""mixed_attention"", ""zero-shot:typeform/distilbert-base-uncased-mnli"": ""exploratory_attention""}","{""rule-based"": 0.84, ""zero-shot:facebook/bart-large-mnli"": 0.29795509576797485, ""zero-shot:typeform/distilbert-base-uncased-mnli"": 0.41908159852027893}"
Nc3hwh-AFFw_338-456:person_3,Nc3hwh-AFFw_338-456,train,visible_ratio=1.000; gaze_shift_ratio=0.000; occlusion_ratio=0.000; eyes_closed_ratio=0.000; mean_gaze_motion=1.87; attention_stability_score=0.999; dominant_gaze_class=inside_visible; observed_frames=119,,"{""rule-based"": ""focused_attention"", ""zero-shot:facebook/bart-large-mnli"": ""reduced_visual_availability"", ""zero-shot:typeform/distilbert-base-uncased-mnli"": ""exploratory_attention""}","{""rule-based"": 0.84, ""zero-shot:facebook/bart-large-mnli"": 0.3334951102733612, ""zero-shot:typeform/distilbert-base-uncased-mnli"": 0.5808470845222473}"
PO6iJ3tTvcA_4788-4877:person_2,PO6iJ3tTvcA_4788-4877,train,visible_ratio=0.956; gaze_shift_ratio=0.044; occlusion_ratio=0.000; eyes_closed_ratio=0.000; mean_gaze_motion=3.25; attention_stability_score=0.883; dominant_gaze_class=inside_visible; observed_frames=90,,"{""rule-based"": ""focused_attention"", ""zero-shot:facebook/bart-large-mnli"": ""occluded_attention"", ""zero-shot:typeform/distilbert-base-uncased-mnli"": ""exploratory_attention""}","{""rule-based"": 0.84, ""zero-shot:facebook/bart-large-mnli"": 0.3474906384944916, ""zero-shot:typeform/distilbert-base-uncased-mnli"": 0.4413694143295288}"
PO6iJ3tTvcA_5388-5556:person_1,PO6iJ3tTvcA_5388-5556,train,visible_ratio=1.000; gaze_shift_ratio=0.000; occlusion_ratio=0.000; eyes_closed_ratio=0.000; mean_gaze_motion=10.25; attention_stability_score=0.995; dominant_gaze_class=inside_visible; observed_frames=169,,"{""rule-based"": ""focused_attention"", ""zero-shot:facebook/bart-large-mnli"": ""mixed_attention"", ""zero-shot:typeform/distilbert-base-uncased-mnli"": ""exploratory_attention""}","{""rule-based"": 0.84, ""zero-shot:facebook/bart-large-mnli"": 0.2807347774505615, ""zero-shot:typeform/distilbert-base-uncased-mnli"": 0.3905474841594696}"
PggqMEe9dSQ_1489-2054:person_2,PggqMEe9dSQ_1489-2054,train,visible_ratio=0.606; gaze_shift_ratio=0.030; occlusion_ratio=0.069; eyes_closed_ratio=0.000; mean_gaze_motion=8.44; attention_stability_score=0.682; dominant_gaze_class=inside_visible; observed_frames=566,,"{""rule-based"": ""mixed_attention"", ""zero-shot:facebook/bart-large-mnli"": ""focused_attention"", ""zero-shot:typeform/distilbert-base-uncased-mnli"": ""exploratory_attention""}","{""rule-based"": 0.68, ""zero-shot:facebook/bart-large-mnli"": 0.2498258352279663, ""zero-shot:typeform/distilbert-base-uncased-mnli"": 0.2826675474643707}"
PggqMEe9dSQ_905-1060:person_2,PggqMEe9dSQ_905-1060,train,visible_ratio=0.500; gaze_shift_ratio=0.090; occlusion_ratio=0.090; eyes_closed_ratio=0.000; mean_gaze_motion=7.56; attention_stability_score=0.618; dominant_gaze_class=inside_visible; observed_frames=156,,"{""rule-based"": ""mixed_attention"", ""zero-shot:facebook/bart-large-mnli"": ""focused_attention"", ""zero-shot:typeform/distilbert-base-uncased-mnli"": ""exploratory_attention""}","{""rule-based"": 0.68, ""zero-shot:facebook/bart-large-mnli"": 0.2774868607521057, ""zero-shot:typeform/distilbert-base-uncased-mnli"": 0.32806330919265747}"
Pyb0z_YQjjI_7332-7429:person_2,Pyb0z_YQjjI_7332-7429,test,visible_ratio=0.776; gaze_shift_ratio=0.224; occlusion_ratio=0.000; eyes_closed_ratio=0.000; mean_gaze_motion=70.93; attention_stability_score=0.639; dominant_gaze_class=inside_visible; observed_frames=98,exploratory_attention,"{""rule-based"": ""exploratory_attention"", ""zero-shot:facebook/bart-large-mnli"": ""mixed_attention"", ""zero-shot:typeform/distilbert-base-uncased-mnli"": ""exploratory_attention""}","{""rule-based"": 0.8, ""zero-shot:facebook/bart-large-mnli"": 0.28501132130622864, ""zero-shot:typeform/distilbert-base-uncased-mnli"": 0.3341006636619568}"
Pyb0z_YQjjI_7332-7429:person_3,Pyb0z_YQjjI_7332-7429,test,visible_ratio=1.000; gaze_shift_ratio=0.000; occlusion_ratio=0.000; eyes_closed_ratio=0.000; mean_gaze_motion=32.29; attention_stability_score=0.984; dominant_gaze_class=inside_visible; observed_frames=98,,"{""rule-based"": ""focused_attention"", ""zero-shot:facebook/bart-large-mnli"": ""mixed_attention"", ""zero-shot:typeform/distilbert-base-uncased-mnli"": ""exploratory_attention""}","{""rule-based"": 0.84, ""zero-shot:facebook/bart-large-mnli"": 0.30801355838775635, ""zero-shot:typeform/distilbert-base-uncased-mnli"": 0.38336071372032166}"
Pyb0z_YQjjI_7632-7685:person_2,Pyb0z_YQjjI_7632-7685,test,visible_ratio=0.944; gaze_shift_ratio=0.056; occlusion_ratio=0.000; eyes_closed_ratio=0.000; mean_gaze_motion=43.05; attention_stability_score=0.885; dominant_gaze_class=inside_visible; observed_frames=54,focused_attention,"{""rule-based"": ""focused_attention"", ""zero-shot:facebook/bart-large-mnli"": ""mixed_attention"", ""zero-shot:typeform/distilbert-base-uncased-mnli"": ""exploratory_attention""}","{""rule-based"": 0.84, ""zero-shot:facebook/bart-large-mnli"": 0.30433976650238037, ""zero-shot:typeform/distilbert-base-uncased-mnli"": 0.4087357819080353}"
Pyb0z_YQjjI_7632-7685:person_3,Pyb0z_YQjjI_7632-7685,test,visible_ratio=0.926; gaze_shift_ratio=0.074; occlusion_ratio=0.000; eyes_closed_ratio=0.000; mean_gaze_motion=33.24; attention_stability_score=0.879; dominant_gaze_class=inside_visible; observed_frames=54,,"{""rule-based"": ""focused_attention"", ""zero-shot:facebook/bart-large-mnli"": ""mixed_attention"", ""zero-shot:typeform/distilbert-base-uncased-mnli"": ""exploratory_attention""}","{""rule-based"": 0.84, ""zero-shot:facebook/bart-large-mnli"": 0.2894509434700012, ""zero-shot:typeform/distilbert-base-uncased-mnli"": 0.40486854314804077}"
RzI6Ar5mu2Q_1031-1177:person_1,RzI6Ar5mu2Q_1031-1177,train,visible_ratio=0.966; gaze_shift_ratio=0.000; occlusion_ratio=0.034; eyes_closed_ratio=0.000; mean_gaze_motion=16.07; attention_stability_score=0.936; dominant_gaze_class=inside_visible; observed_frames=147,,"{""rule-based"": ""focused_attention"", ""zero-shot:facebook/bart-large-mnli"": ""focused_attention"", ""zero-shot:typeform/distilbert-base-uncased-mnli"": ""exploratory_attention""}","{""rule-based"": 0.84, ""zero-shot:facebook/bart-large-mnli"": 0.4890058636665344, ""zero-shot:typeform/distilbert-base-uncased-mnli"": 0.3277176320552826}"
RzI6Ar5mu2Q_1950-2240:person_1,RzI6Ar5mu2Q_1950-2240,train,visible_ratio=0.787; gaze_shift_ratio=0.024; occlusion_ratio=0.000; eyes_closed_ratio=0.000; mean_gaze_motion=16.27; attention_stability_score=0.793; dominant_gaze_class=inside_visible; observed_frames=291,,"{""rule-based"": ""focused_attention"", ""zero-shot:facebook/bart-large-mnli"": ""mixed_attention"", ""zero-shot:typeform/distilbert-base-uncased-mnli"": ""exploratory_attention""}","{""rule-based"": 0.84, ""zero-shot:facebook/bart-large-mnli"": 0.3448375165462494, ""zero-shot:typeform/distilbert-base-uncased-mnli"": 0.29971662163734436}"
RzI6Ar5mu2Q_2550-2635:person_1,RzI6Ar5mu2Q_2550-2635,train,visible_ratio=1.000; gaze_shift_ratio=0.000; occlusion_ratio=0.000; eyes_closed_ratio=0.000; mean_gaze_motion=0.00; attention_stability_score=1.000; dominant_gaze_class=inside_visible; observed_frames=86,,"{""rule-based"": ""focused_attention"", ""zero-shot:facebook/bart-large-mnli"": ""focused_attention"", ""zero-shot:typeform/distilbert-base-uncased-mnli"": ""exploratory_attention""}","{""rule-based"": 0.84, ""zero-shot:facebook/bart-large-mnli"": 0.5649862885475159, ""zero-shot:typeform/distilbert-base-uncased-mnli"": 0.5333535075187683}"
RzI6Ar5mu2Q_263-879:person_1,RzI6Ar5mu2Q_263-879,train,visible_ratio=0.955; gaze_shift_ratio=0.016; occlusion_ratio=0.029; eyes_closed_ratio=0.000; mean_gaze_motion=3.32; attention_stability_score=0.864; dominant_gaze_class=inside_visible; observed_frames=617,,"{""rule-based"": ""focused_attention"", ""zero-shot:facebook/bart-large-mnli"": ""focused_attention"", ""zero-shot:typeform/distilbert-base-uncased-mnli"": ""reduced_visual_availability""}","{""rule-based"": 0.84, ""zero-shot:facebook/bart-large-mnli"": 0.2665131688117981, ""zero-shot:typeform/distilbert-base-uncased-mnli"": 0.29656434059143066}"
TVe0JN9Ij6o_10-287:person_2,TVe0JN9Ij6o_10-287,val,visible_ratio=0.906; gaze_shift_ratio=0.018; occlusion_ratio=0.000; eyes_closed_ratio=0.000; mean_gaze_motion=10.54; attention_stability_score=0.927; dominant_gaze_class=inside_visible; observed_frames=278,,"{""rule-based"": ""focused_attention"", ""zero-shot:facebook/bart-large-mnli"": ""reduced_visual_availability"", ""zero-shot:typeform/distilbert-base-uncased-mnli"": ""exploratory_attention""}","{""rule-based"": 0.84, ""zero-shot:facebook/bart-large-mnli"": 0.41462182998657227, ""zero-shot:typeform/distilbert-base-uncased-mnli"": 0.302467942237854}"
TVe0JN9Ij6o_10022-10669:person_2,TVe0JN9Ij6o_10022-10669,val,visible_ratio=0.799; gaze_shift_ratio=0.000; occlusion_ratio=0.080; eyes_closed_ratio=0.000; mean_gaze_motion=9.37; attention_stability_score=0.823; dominant_gaze_class=inside_visible; observed_frames=349,,"{""rule-based"": ""focused_attention"", ""zero-shot:facebook/bart-large-mnli"": ""reduced_visual_availability"", ""zero-shot:typeform/distilbert-base-uncased-mnli"": ""reduced_visual_availability""}","{""rule-based"": 0.84, ""zero-shot:facebook/bart-large-mnli"": 0.3213547170162201, ""zero-shot:typeform/distilbert-base-uncased-mnli"": 0.27345994114875793}"
TVe0JN9Ij6o_10022-10669:person_3,TVe0JN9Ij6o_10022-10669,val,visible_ratio=0.918; gaze_shift_ratio=0.024; occlusion_ratio=0.008; eyes_closed_ratio=0.000; mean_gaze_motion=9.18; attention_stability_score=0.888; dominant_gaze_class=inside_visible; observed_frames=380,,"{""rule-based"": ""focused_attention"", ""zero-shot:facebook/bart-large-mnli"": ""focused_attention"", ""zero-shot:typeform/distilbert-base-uncased-mnli"": ""occluded_attention""}","{""rule-based"": 0.84, ""zero-shot:facebook/bart-large-mnli"": 0.3032664954662323, ""zero-shot:typeform/distilbert-base-uncased-mnli"": 0.2739267647266388}"
TVe0JN9Ij6o_14750-15000:person_2,TVe0JN9Ij6o_14750-15000,val,visible_ratio=0.940; gaze_shift_ratio=0.000; occlusion_ratio=0.000; eyes_closed_ratio=0.000; mean_gaze_motion=3.68; attention_stability_score=0.956; dominant_gaze_class=inside_visible; observed_frames=251,,"{""rule-based"": ""focused_attention"", ""zero-shot:facebook/bart-large-mnli"": ""reduced_visual_availability"", ""zero-shot:typeform/distilbert-base-uncased-mnli"": ""exploratory_attention""}","{""rule-based"": 0.84, ""zero-shot:facebook/bart-large-mnli"": 0.2873910367488861, ""zero-shot:typeform/distilbert-base-uncased-mnli"": 0.4002574384212494}"
TVe0JN9Ij6o_17029-17489:person_2,TVe0JN9Ij6o_17029-17489,val,visible_ratio=0.972; gaze_shift_ratio=0.000; occlusion_ratio=0.000; eyes_closed_ratio=0.000; mean_gaze_motion=2.69; attention_stability_score=0.979; dominant_gaze_class=inside_visible; observed_frames=461,,"{""rule-based"": ""focused_attention"", ""zero-shot:facebook/bart-large-mnli"": ""reduced_visual_availability"", ""zero-shot:typeform/distilbert-base-uncased-mnli"": ""exploratory_attention""}","{""rule-based"": 0.84, ""zero-shot:facebook/bart-large-mnli"": 0.5451319813728333, ""zero-shot:typeform/distilbert-base-uncased-mnli"": 0.26553377509117126}"
TVe0JN9Ij6o_463-2035:person_2,TVe0JN9Ij6o_463-2035,val,visible_ratio=0.972; gaze_shift_ratio=0.026; occlusion_ratio=0.000; eyes_closed_ratio=0.000; mean_gaze_motion=8.92; attention_stability_score=0.823; dominant_gaze_class=inside_visible; observed_frames=1573,,"{""rule-based"": ""focused_attention"", ""zero-shot:facebook/bart-large-mnli"": ""reduced_visual_availability"", ""zero-shot:typeform/distilbert-base-uncased-mnli"": ""exploratory_attention""}","{""rule-based"": 0.84, ""zero-shot:facebook/bart-large-mnli"": 0.5111242532730103, ""zero-shot:typeform/distilbert-base-uncased-mnli"": 0.3162555396556854}"
UUwGLDeYN8c_266-474:person_1,UUwGLDeYN8c_266-474,test,visible_ratio=0.766; gaze_shift_ratio=0.019; occlusion_ratio=0.129; eyes_closed_ratio=0.000; mean_gaze_motion=9.53; attention_stability_score=0.717; dominant_gaze_class=inside_visible; observed_frames=209,focused_attention,"{""rule-based"": ""focused_attention"", ""zero-shot:facebook/bart-large-mnli"": ""reduced_visual_availability"", ""zero-shot:typeform/distilbert-base-uncased-mnli"": ""reduced_visual_availability""}","{""rule-based"": 0.84, ""zero-shot:facebook/bart-large-mnli"": 0.3977337181568146, ""zero-shot:typeform/distilbert-base-uncased-mnli"": 0.3196709156036377}"
V9YDDpo9LWg_923-1575:person_1,V9YDDpo9LWg_923-1575,train,visible_ratio=0.518; gaze_shift_ratio=0.000; occlusion_ratio=0.207; eyes_closed_ratio=0.276; mean_gaze_motion=11.14; attention_stability_score=0.591; dominant_gaze_class=inside_visible; observed_frames=653,,"{""rule-based"": ""mixed_attention"", ""zero-shot:facebook/bart-large-mnli"": ""reduced_visual_availability"", ""zero-shot:typeform/distilbert-base-uncased-mnli"": ""reduced_visual_availability""}","{""rule-based"": 0.68, ""zero-shot:facebook/bart-large-mnli"": 0.684732973575592, ""zero-shot:typeform/distilbert-base-uncased-mnli"": 0.26353520154953003}"
VMtgYMIS_o0_10810-11000:person_1,VMtgYMIS_o0_10810-11000,train,visible_ratio=1.000; gaze_shift_ratio=0.000; occlusion_ratio=0.000; eyes_closed_ratio=0.000; mean_gaze_motion=7.26; attention_stability_score=0.996; dominant_gaze_class=inside_visible; observed_frames=191,,"{""rule-based"": ""focused_attention"", ""zero-shot:facebook/bart-large-mnli"": ""mixed_attention"", ""zero-shot:typeform/distilbert-base-uncased-mnli"": ""exploratory_attention""}","{""rule-based"": 0.84, ""zero-shot:facebook/bart-large-mnli"": 0.33568713068962097, ""zero-shot:typeform/distilbert-base-uncased-mnli"": 0.46929922699928284}"
VMtgYMIS_o0_16881-17125:person_3,VMtgYMIS_o0_16881-17125,train,visible_ratio=0.984; gaze_shift_ratio=0.016; occlusion_ratio=0.000; eyes_closed_ratio=0.000; mean_gaze_motion=2.87; attention_stability_score=0.951; dominant_gaze_class=inside_visible; observed_frames=245,,"{""rule-based"": ""focused_attention"", ""zero-shot:facebook/bart-large-mnli"": ""occluded_attention"", ""zero-shot:typeform/distilbert-base-uncased-mnli"": ""exploratory_attention""}","{""rule-based"": 0.84, ""zero-shot:facebook/bart-large-mnli"": 0.3019382953643799, ""zero-shot:typeform/distilbert-base-uncased-mnli"": 0.4425971508026123}"
VMtgYMIS_o0_1837-1966:person_3,VMtgYMIS_o0_1837-1966,train,visible_ratio=0.877; gaze_shift_ratio=0.123; occlusion_ratio=0.000; eyes_closed_ratio=0.000; mean_gaze_motion=24.04; attention_stability_score=0.733; dominant_gaze_class=inside_visible; observed_frames=130,,"{""rule-based"": ""mixed_attention"", ""zero-shot:facebook/bart-large-mnli"": ""mixed_attention"", ""zero-shot:typeform/distilbert-base-uncased-mnli"": ""exploratory_attention""}","{""rule-based"": 0.68, ""zero-shot:facebook/bart-large-mnli"": 0.3245062232017517, ""zero-shot:typeform/distilbert-base-uncased-mnli"": 0.3570012152194977}"
VMtgYMIS_o0_4414-4598:person_1,VMtgYMIS_o0_4414-4598,train,visible_ratio=0.865; gaze_shift_ratio=0.016; occlusion_ratio=0.000; eyes_closed_ratio=0.000; mean_gaze_motion=20.17; attention_stability_score=0.781; dominant_gaze_class=inside_visible; observed_frames=185,,"{""rule-based"": ""focused_attention"", ""zero-shot:facebook/bart-large-mnli"": ""reduced_visual_availability"", ""zero-shot:typeform/distilbert-base-uncased-mnli"": ""exploratory_attention""}","{""rule-based"": 0.84, ""zero-shot:facebook/bart-large-mnli"": 0.3667289614677429, ""zero-shot:typeform/distilbert-base-uncased-mnli"": 0.3514801859855652}"
VMtgYMIS_o0_4681-4818:person_1,VMtgYMIS_o0_4681-4818,train,visible_ratio=0.942; gaze_shift_ratio=0.022; occlusion_ratio=0.000; eyes_closed_ratio=0.000; mean_gaze_motion=13.87; attention_stability_score=0.924; dominant_gaze_class=inside_visible; observed_frames=138,,"{""rule-based"": ""focused_attention"", ""zero-shot:facebook/bart-large-mnli"": ""mixed_attention"", ""zero-shot:typeform/distilbert-base-uncased-mnli"": ""exploratory_attention""}","{""rule-based"": 0.84, ""zero-shot:facebook/bart-large-mnli"": 0.3121770918369293, ""zero-shot:typeform/distilbert-base-uncased-mnli"": 0.32772397994995117}"
VgunPOuHyW0_1255-1534:person_2,VgunPOuHyW0_1255-1534,train,visible_ratio=0.821; gaze_shift_ratio=0.000; occlusion_ratio=0.000; eyes_closed_ratio=0.000; mean_gaze_motion=9.43; attention_stability_score=0.870; dominant_gaze_class=inside_visible; observed_frames=280,,"{""rule-based"": ""focused_attention"", ""zero-shot:facebook/bart-large-mnli"": ""reduced_visual_availability"", ""zero-shot:typeform/distilbert-base-uncased-mnli"": ""exploratory_attention""}","{""rule-based"": 0.84, ""zero-shot:facebook/bart-large-mnli"": 0.5403864979743958, ""zero-shot:typeform/distilbert-base-uncased-mnli"": 0.3200473487377167}"
VgunPOuHyW0_1255-1534:person_3,VgunPOuHyW0_1255-1534,train,visible_ratio=1.000; gaze_shift_ratio=0.000; occlusion_ratio=0.000; eyes_closed_ratio=0.000; mean_gaze_motion=5.53; attention_stability_score=0.997; dominant_gaze_class=inside_visible; observed_frames=280,,"{""rule-based"": ""focused_attention"", ""zero-shot:facebook/bart-large-mnli"": ""exploratory_attention"", ""zero-shot:typeform/distilbert-base-uncased-mnli"": ""exploratory_attention""}","{""rule-based"": 0.84, ""zero-shot:facebook/bart-large-mnli"": 0.42061352729797363, ""zero-shot:typeform/distilbert-base-uncased-mnli"": 0.4887792766094208}"
WPRrMorSAkQ_3557-4258:person_1,WPRrMorSAkQ_3557-4258,train,visible_ratio=1.000; gaze_shift_ratio=0.000; occlusion_ratio=0.000; eyes_closed_ratio=0.000; mean_gaze_motion=12.80; attention_stability_score=0.994; dominant_gaze_class=inside_visible; observed_frames=702,,"{""rule-based"": ""focused_attention"", ""zero-shot:facebook/bart-large-mnli"": ""mixed_attention"", ""zero-shot:typeform/distilbert-base-uncased-mnli"": ""exploratory_attention""}","{""rule-based"": 0.84, ""zero-shot:facebook/bart-large-mnli"": 0.35150066018104553, ""zero-shot:typeform/distilbert-base-uncased-mnli"": 0.27827972173690796}"
WPRrMorSAkQ_4329-4879:person_1,WPRrMorSAkQ_4329-4879,train,visible_ratio=1.000; gaze_shift_ratio=0.000; occlusion_ratio=0.000; eyes_closed_ratio=0.000; mean_gaze_motion=12.77; attention_stability_score=0.994; dominant_gaze_class=inside_visible; observed_frames=551,,"{""rule-based"": ""focused_attention"", ""zero-shot:facebook/bart-large-mnli"": ""focused_attention"", ""zero-shot:typeform/distilbert-base-uncased-mnli"": ""exploratory_attention""}","{""rule-based"": 0.84, ""zero-shot:facebook/bart-large-mnli"": 0.3826430141925812, ""zero-shot:typeform/distilbert-base-uncased-mnli"": 0.38209280371665955}"
WPRrMorSAkQ_940-1400:person_1,WPRrMorSAkQ_940-1400,train,visible_ratio=0.980; gaze_shift_ratio=0.007; occlusion_ratio=0.013; eyes_closed_ratio=0.000; mean_gaze_motion=5.87; attention_stability_score=0.910; dominant_gaze_class=inside_visible; observed_frames=461,,"{""rule-based"": ""focused_attention"", ""zero-shot:facebook/bart-large-mnli"": ""reduced_visual_availability"", ""zero-shot:typeform/distilbert-base-uncased-mnli"": ""exploratory_attention""}","{""rule-based"": 0.84, ""zero-shot:facebook/bart-large-mnli"": 0.40924933552742004, ""zero-shot:typeform/distilbert-base-uncased-mnli"": 0.3007754981517792}"
WpbXt04qWEk_1166-1611:person_1,WpbXt04qWEk_1166-1611,test,visible_ratio=0.762; gaze_shift_ratio=0.085; occlusion_ratio=0.000; eyes_closed_ratio=0.000; mean_gaze_motion=3.66; attention_stability_score=0.733; dominant_gaze_class=inside_visible; observed_frames=446,focused_attention,"{""rule-based"": ""focused_attention"", ""zero-shot:facebook/bart-large-mnli"": ""reduced_visual_availability"", ""zero-shot:typeform/distilbert-base-uncased-mnli"": ""exploratory_attention""}","{""rule-based"": 0.84, ""zero-shot:facebook/bart-large-mnli"": 0.30516117811203003, ""zero-shot:typeform/distilbert-base-uncased-mnli"": 0.32182833552360535}"
WpbXt04qWEk_924-1135:person_1,WpbXt04qWEk_924-1135,test,visible_ratio=1.000; gaze_shift_ratio=0.000; occlusion_ratio=0.000; eyes_closed_ratio=0.000; mean_gaze_motion=5.58; attention_stability_score=0.997; dominant_gaze_class=inside_visible; observed_frames=212,,"{""rule-based"": ""focused_attention"", ""zero-shot:facebook/bart-large-mnli"": ""exploratory_attention"", ""zero-shot:typeform/distilbert-base-uncased-mnli"": ""exploratory_attention""}","{""rule-based"": 0.84, ""zero-shot:facebook/bart-large-mnli"": 0.3414301574230194, ""zero-shot:typeform/distilbert-base-uncased-mnli"": 0.4831107258796692}"
X7qv5w1clGw_3199-3385:person_1,X7qv5w1clGw_3199-3385,train,visible_ratio=1.000; gaze_shift_ratio=0.000; occlusion_ratio=0.000; eyes_closed_ratio=0.000; mean_gaze_motion=5.43; attention_stability_score=0.997; dominant_gaze_class=inside_visible; observed_frames=187,,"{""rule-based"": ""focused_attention"", ""zero-shot:facebook/bart-large-mnli"": ""mixed_attention"", ""zero-shot:typeform/distilbert-base-uncased-mnli"": ""exploratory_attention""}","{""rule-based"": 0.84, ""zero-shot:facebook/bart-large-mnli"": 0.28551554679870605, ""zero-shot:typeform/distilbert-base-uncased-mnli"": 0.3686322271823883}"
X7qv5w1clGw_525-881:person_1,X7qv5w1clGw_525-881,train,visible_ratio=0.961; gaze_shift_ratio=0.025; occlusion_ratio=0.014; eyes_closed_ratio=0.000; mean_gaze_motion=11.06; attention_stability_score=0.934; dominant_gaze_class=inside_visible; observed_frames=357,,"{""rule-based"": ""focused_attention"", ""zero-shot:facebook/bart-large-mnli"": ""reduced_visual_availability"", ""zero-shot:typeform/distilbert-base-uncased-mnli"": ""exploratory_attention""}","{""rule-based"": 0.84, ""zero-shot:facebook/bart-large-mnli"": 0.36118248105049133, ""zero-shot:typeform/distilbert-base-uncased-mnli"": 0.3098805546760559}"
XyNTKSm69Gs_1-1053:person_1,XyNTKSm69Gs_1-1053,train,visible_ratio=0.816; gaze_shift_ratio=0.029; occlusion_ratio=0.013; eyes_closed_ratio=0.000; mean_gaze_motion=7.43; attention_stability_score=0.737; dominant_gaze_class=inside_visible; observed_frames=1018,,"{""rule-based"": ""focused_attention"", ""zero-shot:facebook/bart-large-mnli"": ""reduced_visual_availability"", ""zero-shot:typeform/distilbert-base-uncased-mnli"": ""exploratory_attention""}","{""rule-based"": 0.84, ""zero-shot:facebook/bart-large-mnli"": 0.4268336892127991, ""zero-shot:typeform/distilbert-base-uncased-mnli"": 0.2630631625652313}"
Y-5XEtligfs_966-1084:person_1,Y-5XEtligfs_966-1084,train,visible_ratio=1.000; gaze_shift_ratio=0.000; occlusion_ratio=0.000; eyes_closed_ratio=0.000; mean_gaze_motion=10.74; attention_stability_score=0.995; dominant_gaze_class=inside_visible; observed_frames=119,,"{""rule-based"": ""focused_attention"", ""zero-shot:facebook/bart-large-mnli"": ""exploratory_attention"", ""zero-shot:typeform/distilbert-base-uncased-mnli"": ""exploratory_attention""}","{""rule-based"": 0.84, ""zero-shot:facebook/bart-large-mnli"": 0.2899511754512787, ""zero-shot:typeform/distilbert-base-uncased-mnli"": 0.3794410526752472}"
Y6_S5bipsBk_763-965:person_2,Y6_S5bipsBk_763-965,train,visible_ratio=0.724; gaze_shift_ratio=0.039; occlusion_ratio=0.000; eyes_closed_ratio=0.000; mean_gaze_motion=21.29; attention_stability_score=0.686; dominant_gaze_class=inside_visible; observed_frames=203,,"{""rule-based"": ""mixed_attention"", ""zero-shot:facebook/bart-large-mnli"": ""reduced_visual_availability"", ""zero-shot:typeform/distilbert-base-uncased-mnli"": ""exploratory_attention""}","{""rule-based"": 0.68, ""zero-shot:facebook/bart-large-mnli"": 0.36718854308128357, ""zero-shot:typeform/distilbert-base-uncased-mnli"": 0.3266522288322449}"
Y6_S5bipsBk_763-965:person_3,Y6_S5bipsBk_763-965,train,visible_ratio=1.000; gaze_shift_ratio=0.000; occlusion_ratio=0.000; eyes_closed_ratio=0.000; mean_gaze_motion=8.10; attention_stability_score=0.996; dominant_gaze_class=inside_visible; observed_frames=203,,"{""rule-based"": ""focused_attention"", ""zero-shot:facebook/bart-large-mnli"": ""exploratory_attention"", ""zero-shot:typeform/distilbert-base-uncased-mnli"": ""exploratory_attention""}","{""rule-based"": 0.84, ""zero-shot:facebook/bart-large-mnli"": 0.39657068252563477, ""zero-shot:typeform/distilbert-base-uncased-mnli"": 0.5169509649276733}"
YUdsgQGHSR8_1772-1880:person_1,YUdsgQGHSR8_1772-1880,train,visible_ratio=1.000; gaze_shift_ratio=0.000; occlusion_ratio=0.000; eyes_closed_ratio=0.000; mean_gaze_motion=5.03; attention_stability_score=0.997; dominant_gaze_class=inside_visible; observed_frames=109,,"{""rule-based"": ""focused_attention"", ""zero-shot:facebook/bart-large-mnli"": ""reduced_visual_availability"", ""zero-shot:typeform/distilbert-base-uncased-mnli"": ""exploratory_attention""}","{""rule-based"": 0.84, ""zero-shot:facebook/bart-large-mnli"": 0.28073519468307495, ""zero-shot:typeform/distilbert-base-uncased-mnli"": 0.5056419372558594}"
YUdsgQGHSR8_2516-2814:person_1,YUdsgQGHSR8_2516-2814,train,visible_ratio=0.569; gaze_shift_ratio=0.077; occlusion_ratio=0.020; eyes_closed_ratio=0.000; mean_gaze_motion=10.75; attention_stability_score=0.592; dominant_gaze_class=inside_visible; observed_frames=299,,"{""rule-based"": ""mixed_attention"", ""zero-shot:facebook/bart-large-mnli"": ""reduced_visual_availability"", ""zero-shot:typeform/distilbert-base-uncased-mnli"": ""reduced_visual_availability""}","{""rule-based"": 0.68, ""zero-shot:facebook/bart-large-mnli"": 0.5039149522781372, ""zero-shot:typeform/distilbert-base-uncased-mnli"": 0.3309505581855774}"
YUdsgQGHSR8_3980-4079:person_1,YUdsgQGHSR8_3980-4079,train,visible_ratio=1.000; gaze_shift_ratio=0.000; occlusion_ratio=0.000; eyes_closed_ratio=0.000; mean_gaze_motion=2.29; attention_stability_score=0.999; dominant_gaze_class=inside_visible; observed_frames=100,,"{""rule-based"": ""focused_attention"", ""zero-shot:facebook/bart-large-mnli"": ""focused_attention"", ""zero-shot:typeform/distilbert-base-uncased-mnli"": ""exploratory_attention""}","{""rule-based"": 0.84, ""zero-shot:facebook/bart-large-mnli"": 0.6090924739837646, ""zero-shot:typeform/distilbert-base-uncased-mnli"": 0.5352655649185181}"
YUdsgQGHSR8_5816-5831:person_1,YUdsgQGHSR8_5816-5831,train,visible_ratio=1.000; gaze_shift_ratio=0.000; occlusion_ratio=0.000; eyes_closed_ratio=0.000; mean_gaze_motion=2.31; attention_stability_score=0.999; dominant_gaze_class=inside_visible; observed_frames=16,,"{""rule-based"": ""focused_attention"", ""zero-shot:facebook/bart-large-mnli"": ""mixed_attention"", ""zero-shot:typeform/distilbert-base-uncased-mnli"": ""exploratory_attention""}","{""rule-based"": 0.84, ""zero-shot:facebook/bart-large-mnli"": 0.3106282949447632, ""zero-shot:typeform/distilbert-base-uncased-mnli"": 0.36212411522865295}"
YUdsgQGHSR8_969-1396:person_1,YUdsgQGHSR8_969-1396,train,visible_ratio=0.748; gaze_shift_ratio=0.016; occlusion_ratio=0.002; eyes_closed_ratio=0.000; mean_gaze_motion=8.33; attention_stability_score=0.775; dominant_gaze_class=inside_visible; observed_frames=428,,"{""rule-based"": ""mixed_attention"", ""zero-shot:facebook/bart-large-mnli"": ""mixed_attention"", ""zero-shot:typeform/distilbert-base-uncased-mnli"": ""occluded_attention""}","{""rule-based"": 0.68, ""zero-shot:facebook/bart-large-mnli"": 0.3152986764907837, ""zero-shot:typeform/distilbert-base-uncased-mnli"": 0.25941503047943115}"
Z9tJBluH1Zw_11118-11642:person_1,Z9tJBluH1Zw_11118-11642,val,visible_ratio=0.699; gaze_shift_ratio=0.069; occlusion_ratio=0.011; eyes_closed_ratio=0.000; mean_gaze_motion=18.99; attention_stability_score=0.646; dominant_gaze_class=inside_visible; observed_frames=525,,"{""rule-based"": ""mixed_attention"", ""zero-shot:facebook/bart-large-mnli"": ""reduced_visual_availability"", ""zero-shot:typeform/distilbert-base-uncased-mnli"": ""exploratory_attention""}","{""rule-based"": 0.68, ""zero-shot:facebook/bart-large-mnli"": 0.5846670866012573, ""zero-shot:typeform/distilbert-base-uncased-mnli"": 0.23800215125083923}"
Z9tJBluH1Zw_21634-21754:person_1,Z9tJBluH1Zw_21634-21754,val,visible_ratio=0.950; gaze_shift_ratio=0.000; occlusion_ratio=0.000; eyes_closed_ratio=0.000; mean_gaze_motion=21.25; attention_stability_score=0.934; dominant_gaze_class=inside_visible; observed_frames=121,,"{""rule-based"": ""focused_attention"", ""zero-shot:facebook/bart-large-mnli"": ""reduced_visual_availability"", ""zero-shot:typeform/distilbert-base-uncased-mnli"": ""reduced_visual_availability""}","{""rule-based"": 0.84, ""zero-shot:facebook/bart-large-mnli"": 0.3903326392173767, ""zero-shot:typeform/distilbert-base-uncased-mnli"": 0.397238165140152}"
Z9tJBluH1Zw_21634-21754:person_2,Z9tJBluH1Zw_21634-21754,val,visible_ratio=0.845; gaze_shift_ratio=0.068; occlusion_ratio=0.000; eyes_closed_ratio=0.000; mean_gaze_motion=10.50; attention_stability_score=0.830; dominant_gaze_class=inside_visible; observed_frames=103,,"{""rule-based"": ""focused_attention"", ""zero-shot:facebook/bart-large-mnli"": ""reduced_visual_availability"", ""zero-shot:typeform/distilbert-base-uncased-mnli"": ""exploratory_attention""}","{""rule-based"": 0.84, ""zero-shot:facebook/bart-large-mnli"": 0.3931083381175995, ""zero-shot:typeform/distilbert-base-uncased-mnli"": 0.3674207329750061}"
Z9tJBluH1Zw_2561-2755:person_1,Z9tJBluH1Zw_2561-2755,val,visible_ratio=1.000; gaze_shift_ratio=0.000; occlusion_ratio=0.000; eyes_closed_ratio=0.000; mean_gaze_motion=1.63; attention_stability_score=0.999; dominant_gaze_class=inside_visible; observed_frames=195,,"{""rule-based"": ""focused_attention"", ""zero-shot:facebook/bart-large-mnli"": ""focused_attention"", ""zero-shot:typeform/distilbert-base-uncased-mnli"": ""exploratory_attention""}","{""rule-based"": 0.84, ""zero-shot:facebook/bart-large-mnli"": 0.6066828370094299, ""zero-shot:typeform/distilbert-base-uncased-mnli"": 0.5262073874473572}"
Z9tJBluH1Zw_2561-2755:person_2,Z9tJBluH1Zw_2561-2755,val,visible_ratio=0.985; gaze_shift_ratio=0.000; occlusion_ratio=0.015; eyes_closed_ratio=0.000; mean_gaze_motion=14.62; attention_stability_score=0.982; dominant_gaze_class=inside_visible; observed_frames=195,,"{""rule-based"": ""focused_attention"", ""zero-shot:facebook/bart-large-mnli"": ""reduced_visual_availability"", ""zero-shot:typeform/distilbert-base-uncased-mnli"": ""occluded_attention""}","{""rule-based"": 0.84, ""zero-shot:facebook/bart-large-mnli"": 0.45718055963516235, ""zero-shot:typeform/distilbert-base-uncased-mnli"": 0.31667426228523254}"
Z9tJBluH1Zw_27193-27774:person_1,Z9tJBluH1Zw_27193-27774,val,visible_ratio=0.870; gaze_shift_ratio=0.000; occlusion_ratio=0.130; eyes_closed_ratio=0.000; mean_gaze_motion=7.51; attention_stability_score=0.829; dominant_gaze_class=inside_visible; observed_frames=529,,"{""rule-based"": ""focused_attention"", ""zero-shot:facebook/bart-large-mnli"": ""reduced_visual_availability"", ""zero-shot:typeform/distilbert-base-uncased-mnli"": ""reduced_visual_availability""}","{""rule-based"": 0.84, ""zero-shot:facebook/bart-large-mnli"": 0.3069162666797638, ""zero-shot:typeform/distilbert-base-uncased-mnli"": 0.34068629145622253}"
Z9tJBluH1Zw_27193-27774:person_2,Z9tJBluH1Zw_27193-27774,val,visible_ratio=0.952; gaze_shift_ratio=0.000; occlusion_ratio=0.048; eyes_closed_ratio=0.000; mean_gaze_motion=10.61; attention_stability_score=0.961; dominant_gaze_class=inside_visible; observed_frames=582,,"{""rule-based"": ""focused_attention"", ""zero-shot:facebook/bart-large-mnli"": ""reduced_visual_availability"", ""zero-shot:typeform/distilbert-base-uncased-mnli"": ""exploratory_attention""}","{""rule-based"": 0.84, ""zero-shot:facebook/bart-large-mnli"": 0.44387733936309814, ""zero-shot:typeform/distilbert-base-uncased-mnli"": 0.29147300124168396}"
Z9tJBluH1Zw_28790-29055:person_1,Z9tJBluH1Zw_28790-29055,val,visible_ratio=1.000; gaze_shift_ratio=0.000; occlusion_ratio=0.000; eyes_closed_ratio=0.000; mean_gaze_motion=10.14; attention_stability_score=0.995; dominant_gaze_class=inside_visible; observed_frames=266,,"{""rule-based"": ""focused_attention"", ""zero-shot:facebook/bart-large-mnli"": ""focused_attention"", ""zero-shot:typeform/distilbert-base-uncased-mnli"": ""exploratory_attention""}","{""rule-based"": 0.84, ""zero-shot:facebook/bart-large-mnli"": 0.3341287672519684, ""zero-shot:typeform/distilbert-base-uncased-mnli"": 0.4358089864253998}"
Z9tJBluH1Zw_28790-29055:person_2,Z9tJBluH1Zw_28790-29055,val,visible_ratio=0.970; gaze_shift_ratio=0.030; occlusion_ratio=0.000; eyes_closed_ratio=0.000; mean_gaze_motion=12.99; attention_stability_score=0.908; dominant_gaze_class=inside_visible; observed_frames=266,,"{""rule-based"": ""focused_attention"", ""zero-shot:facebook/bart-large-mnli"": ""focused_attention"", ""zero-shot:typeform/distilbert-base-uncased-mnli"": ""exploratory_attention""}","{""rule-based"": 0.84, ""zero-shot:facebook/bart-large-mnli"": 0.3175050914287567, ""zero-shot:typeform/distilbert-base-uncased-mnli"": 0.3933267295360565}"
Z9tJBluH1Zw_35962-36597:person_2,Z9tJBluH1Zw_35962-36597,val,visible_ratio=1.000; gaze_shift_ratio=0.000; occlusion_ratio=0.000; eyes_closed_ratio=0.000; mean_gaze_motion=7.51; attention_stability_score=0.996; dominant_gaze_class=inside_visible; observed_frames=636,,"{""rule-based"": ""focused_attention"", ""zero-shot:facebook/bart-large-mnli"": ""mixed_attention"", ""zero-shot:typeform/distilbert-base-uncased-mnli"": ""exploratory_attention""}","{""rule-based"": 0.84, ""zero-shot:facebook/bart-large-mnli"": 0.31688523292541504, ""zero-shot:typeform/distilbert-base-uncased-mnli"": 0.2960571348667145}"
Z9tJBluH1Zw_35962-36597:person_3,Z9tJBluH1Zw_35962-36597,val,visible_ratio=1.000; gaze_shift_ratio=0.000; occlusion_ratio=0.000; eyes_closed_ratio=0.000; mean_gaze_motion=8.53; attention_stability_score=0.996; dominant_gaze_class=inside_visible; observed_frames=636,,"{""rule-based"": ""focused_attention"", ""zero-shot:facebook/bart-large-mnli"": ""focused_attention"", ""zero-shot:typeform/distilbert-base-uncased-mnli"": ""exploratory_attention""}","{""rule-based"": 0.84, ""zero-shot:facebook/bart-large-mnli"": 0.3725122809410095, ""zero-shot:typeform/distilbert-base-uncased-mnli"": 0.3809778392314911}"
Z9tJBluH1Zw_47076-47146:person_1,Z9tJBluH1Zw_47076-47146,val,visible_ratio=1.000; gaze_shift_ratio=0.000; occlusion_ratio=0.000; eyes_closed_ratio=0.000; mean_gaze_motion=11.02; attention_stability_score=0.994; dominant_gaze_class=inside_visible; observed_frames=71,,"{""rule-based"": ""focused_attention"", ""zero-shot:facebook/bart-large-mnli"": ""mixed_attention"", ""zero-shot:typeform/distilbert-base-uncased-mnli"": ""exploratory_attention""}","{""rule-based"": 0.84, ""zero-shot:facebook/bart-large-mnli"": 0.2924535274505615, ""zero-shot:typeform/distilbert-base-uncased-mnli"": 0.3730435073375702}"
Z9tJBluH1Zw_47076-47146:person_2,Z9tJBluH1Zw_47076-47146,val,visible_ratio=0.732; gaze_shift_ratio=0.099; occlusion_ratio=0.000; eyes_closed_ratio=0.000; mean_gaze_motion=25.18; attention_stability_score=0.711; dominant_gaze_class=inside_visible; observed_frames=71,,"{""rule-based"": ""mixed_attention"", ""zero-shot:facebook/bart-large-mnli"": ""reduced_visual_availability"", ""zero-shot:typeform/distilbert-base-uncased-mnli"": ""exploratory_attention""}","{""rule-based"": 0.68, ""zero-shot:facebook/bart-large-mnli"": 0.4322143793106079, ""zero-shot:typeform/distilbert-base-uncased-mnli"": 0.3474837839603424}"
Z9tJBluH1Zw_47076-47146:person_3,Z9tJBluH1Zw_47076-47146,val,visible_ratio=0.000; gaze_shift_ratio=0.000; occlusion_ratio=0.000; eyes_closed_ratio=0.000; mean_gaze_motion=0.00; attention_stability_score=0.300; dominant_gaze_class=outside_frame; observed_frames=71,,"{""rule-based"": ""mixed_attention"", ""zero-shot:facebook/bart-large-mnli"": ""reduced_visual_availability"", ""zero-shot:typeform/distilbert-base-uncased-mnli"": ""exploratory_attention""}","{""rule-based"": 0.68, ""zero-shot:facebook/bart-large-mnli"": 0.5989236235618591, ""zero-shot:typeform/distilbert-base-uncased-mnli"": 0.4778645634651184}"
Z9tJBluH1Zw_47375-47454:person_1,Z9tJBluH1Zw_47375-47454,val,visible_ratio=1.000; gaze_shift_ratio=0.000; occlusion_ratio=0.000; eyes_closed_ratio=0.000; mean_gaze_motion=2.48; attention_stability_score=0.999; dominant_gaze_class=inside_visible; observed_frames=80,,"{""rule-based"": ""focused_attention"", ""zero-shot:facebook/bart-large-mnli"": ""focused_attention"", ""zero-shot:typeform/distilbert-base-uncased-mnli"": ""exploratory_attention""}","{""rule-based"": 0.84, ""zero-shot:facebook/bart-large-mnli"": 0.5894410610198975, ""zero-shot:typeform/distilbert-base-uncased-mnli"": 0.5253103971481323}"
Z9tJBluH1Zw_47375-47454:person_2,Z9tJBluH1Zw_47375-47454,val,visible_ratio=1.000; gaze_shift_ratio=0.000; occlusion_ratio=0.000; eyes_closed_ratio=0.000; mean_gaze_motion=1.92; attention_stability_score=0.999; dominant_gaze_class=inside_visible; observed_frames=80,,"{""rule-based"": ""focused_attention"", ""zero-shot:facebook/bart-large-mnli"": ""focused_attention"", ""zero-shot:typeform/distilbert-base-uncased-mnli"": ""exploratory_attention""}","{""rule-based"": 0.84, ""zero-shot:facebook/bart-large-mnli"": 0.5882325768470764, ""zero-shot:typeform/distilbert-base-uncased-mnli"": 0.5279036164283752}"
Z9tJBluH1Zw_57969-58294:person_1,Z9tJBluH1Zw_57969-58294,val,visible_ratio=0.798; gaze_shift_ratio=0.040; occlusion_ratio=0.163; eyes_closed_ratio=0.000; mean_gaze_motion=17.40; attention_stability_score=0.722; dominant_gaze_class=inside_visible; observed_frames=326,,"{""rule-based"": ""focused_attention"", ""zero-shot:facebook/bart-large-mnli"": ""mixed_attention"", ""zero-shot:typeform/distilbert-base-uncased-mnli"": ""exploratory_attention""}","{""rule-based"": 0.84, ""zero-shot:facebook/bart-large-mnli"": 0.2665502727031708, ""zero-shot:typeform/distilbert-base-uncased-mnli"": 0.36073872447013855}"
Z9tJBluH1Zw_57969-58294:person_3,Z9tJBluH1Zw_57969-58294,val,visible_ratio=0.863; gaze_shift_ratio=0.000; occlusion_ratio=0.138; eyes_closed_ratio=0.000; mean_gaze_motion=11.95; attention_stability_score=0.886; dominant_gaze_class=inside_visible; observed_frames=320,,"{""rule-based"": ""focused_attention"", ""zero-shot:facebook/bart-large-mnli"": ""mixed_attention"", ""zero-shot:typeform/distilbert-base-uncased-mnli"": ""exploratory_attention""}","{""rule-based"": 0.84, ""zero-shot:facebook/bart-large-mnli"": 0.29906436800956726, ""zero-shot:typeform/distilbert-base-uncased-mnli"": 0.295692503452301}"
ZAxOyANz3J0_1363-1457:person_2,ZAxOyANz3J0_1363-1457,train,visible_ratio=1.000; gaze_shift_ratio=0.000; occlusion_ratio=0.000; eyes_closed_ratio=0.000; mean_gaze_motion=0.99; attention_stability_score=1.000; dominant_gaze_class=inside_visible; observed_frames=95,,"{""rule-based"": ""focused_attention"", ""zero-shot:facebook/bart-large-mnli"": ""focused_attention"", ""zero-shot:typeform/distilbert-base-uncased-mnli"": ""exploratory_attention""}","{""rule-based"": 0.84, ""zero-shot:facebook/bart-large-mnli"": 0.5648101568222046, ""zero-shot:typeform/distilbert-base-uncased-mnli"": 0.525664210319519}"
ZAxOyANz3J0_1629-1816:person_2,ZAxOyANz3J0_1629-1816,train,visible_ratio=0.878; gaze_shift_ratio=0.122; occlusion_ratio=0.000; eyes_closed_ratio=0.000; mean_gaze_motion=20.92; attention_stability_score=0.800; dominant_gaze_class=inside_visible; observed_frames=188,,"{""rule-based"": ""mixed_attention"", ""zero-shot:facebook/bart-large-mnli"": ""mixed_attention"", ""zero-shot:typeform/distilbert-base-uncased-mnli"": ""exploratory_attention""}","{""rule-based"": 0.68, ""zero-shot:facebook/bart-large-mnli"": 0.2983657419681549, ""zero-shot:typeform/distilbert-base-uncased-mnli"": 0.39171209931373596}"
ZAxOyANz3J0_518-614:person_2,ZAxOyANz3J0_518-614,train,visible_ratio=1.000; gaze_shift_ratio=0.000; occlusion_ratio=0.000; eyes_closed_ratio=0.000; mean_gaze_motion=7.98; attention_stability_score=0.996; dominant_gaze_class=inside_visible; observed_frames=97,,"{""rule-based"": ""focused_attention"", ""zero-shot:facebook/bart-large-mnli"": ""focused_attention"", ""zero-shot:typeform/distilbert-base-uncased-mnli"": ""exploratory_attention""}","{""rule-based"": 0.84, ""zero-shot:facebook/bart-large-mnli"": 0.5990149974822998, ""zero-shot:typeform/distilbert-base-uncased-mnli"": 0.5656132102012634}"
ZAxOyANz3J0_656-819:person_2,ZAxOyANz3J0_656-819,train,visible_ratio=0.951; gaze_shift_ratio=0.049; occlusion_ratio=0.000; eyes_closed_ratio=0.000; mean_gaze_motion=12.30; attention_stability_score=0.928; dominant_gaze_class=inside_visible; observed_frames=164,,"{""rule-based"": ""focused_attention"", ""zero-shot:facebook/bart-large-mnli"": ""mixed_attention"", ""zero-shot:typeform/distilbert-base-uncased-mnli"": ""exploratory_attention""}","{""rule-based"": 0.84, ""zero-shot:facebook/bart-large-mnli"": 0.3020169734954834, ""zero-shot:typeform/distilbert-base-uncased-mnli"": 0.41563403606414795}"
aWV7UUMddCU_5934-6205:person_2,aWV7UUMddCU_5934-6205,test,visible_ratio=0.857; gaze_shift_ratio=0.118; occlusion_ratio=0.000; eyes_closed_ratio=0.000; mean_gaze_motion=11.80; attention_stability_score=0.735; dominant_gaze_class=inside_visible; observed_frames=272,,"{""rule-based"": ""mixed_attention"", ""zero-shot:facebook/bart-large-mnli"": ""reduced_visual_availability"", ""zero-shot:typeform/distilbert-base-uncased-mnli"": ""exploratory_attention""}","{""rule-based"": 0.68, ""zero-shot:facebook/bart-large-mnli"": 0.27932026982307434, ""zero-shot:typeform/distilbert-base-uncased-mnli"": 0.3481796979904175}"
aWV7UUMddCU_6517-7514:person_1,aWV7UUMddCU_6517-7514,test,visible_ratio=0.878; gaze_shift_ratio=0.109; occlusion_ratio=0.000; eyes_closed_ratio=0.000; mean_gaze_motion=11.16; attention_stability_score=0.730; dominant_gaze_class=inside_visible; observed_frames=923,,"{""rule-based"": ""mixed_attention"", ""zero-shot:facebook/bart-large-mnli"": ""mixed_attention"", ""zero-shot:typeform/distilbert-base-uncased-mnli"": ""exploratory_attention""}","{""rule-based"": 0.68, ""zero-shot:facebook/bart-large-mnli"": 0.31808382272720337, ""zero-shot:typeform/distilbert-base-uncased-mnli"": 0.2403445690870285}"
bI1GohGXSt0_2073-2675:person_1,bI1GohGXSt0_2073-2675,val,visible_ratio=0.650; gaze_shift_ratio=0.300; occlusion_ratio=0.050; eyes_closed_ratio=0.000; mean_gaze_motion=4.11; attention_stability_score=0.687; dominant_gaze_class=inside_visible; observed_frames=603,,"{""rule-based"": ""exploratory_attention"", ""zero-shot:facebook/bart-large-mnli"": ""occluded_attention"", ""zero-shot:typeform/distilbert-base-uncased-mnli"": ""reduced_visual_availability""}","{""rule-based"": 0.8, ""zero-shot:facebook/bart-large-mnli"": 0.28895485401153564, ""zero-shot:typeform/distilbert-base-uncased-mnli"": 0.2778608202934265}"
bI1GohGXSt0_30456-31432:person_1,bI1GohGXSt0_30456-31432,val,visible_ratio=0.594; gaze_shift_ratio=0.321; occlusion_ratio=0.060; eyes_closed_ratio=0.000; mean_gaze_motion=7.14; attention_stability_score=0.564; dominant_gaze_class=inside_visible; observed_frames=977,,"{""rule-based"": ""exploratory_attention"", ""zero-shot:facebook/bart-large-mnli"": ""reduced_visual_availability"", ""zero-shot:typeform/distilbert-base-uncased-mnli"": ""occluded_attention""}","{""rule-based"": 0.8, ""zero-shot:facebook/bart-large-mnli"": 0.38033202290534973, ""zero-shot:typeform/distilbert-base-uncased-mnli"": 0.27548959851264954}"
bI1GohGXSt0_40031-40552:person_1,bI1GohGXSt0_40031-40552,val,visible_ratio=0.833; gaze_shift_ratio=0.008; occlusion_ratio=0.092; eyes_closed_ratio=0.000; mean_gaze_motion=6.11; attention_stability_score=0.847; dominant_gaze_class=inside_visible; observed_frames=522,,"{""rule-based"": ""focused_attention"", ""zero-shot:facebook/bart-large-mnli"": ""reduced_visual_availability"", ""zero-shot:typeform/distilbert-base-uncased-mnli"": ""exploratory_attention""}","{""rule-based"": 0.84, ""zero-shot:facebook/bart-large-mnli"": 0.4253256320953369, ""zero-shot:typeform/distilbert-base-uncased-mnli"": 0.3027050793170929}"
bI1GohGXSt0_4992-5101:person_1,bI1GohGXSt0_4992-5101,val,visible_ratio=0.882; gaze_shift_ratio=0.027; occlusion_ratio=0.000; eyes_closed_ratio=0.000; mean_gaze_motion=12.33; attention_stability_score=0.814; dominant_gaze_class=inside_visible; observed_frames=110,,"{""rule-based"": ""focused_attention"", ""zero-shot:facebook/bart-large-mnli"": ""reduced_visual_availability"", ""zero-shot:typeform/distilbert-base-uncased-mnli"": ""reduced_visual_availability""}","{""rule-based"": 0.84, ""zero-shot:facebook/bart-large-mnli"": 0.34714624285697937, ""zero-shot:typeform/distilbert-base-uncased-mnli"": 0.34240812063217163}"
dUYIh1U2z-8_3300-3427:person_1,dUYIh1U2z-8_3300-3427,test,visible_ratio=1.000; gaze_shift_ratio=0.000; occlusion_ratio=0.000; eyes_closed_ratio=0.000; mean_gaze_motion=24.60; attention_stability_score=0.988; dominant_gaze_class=inside_visible; observed_frames=128,,"{""rule-based"": ""focused_attention"", ""zero-shot:facebook/bart-large-mnli"": ""focused_attention"", ""zero-shot:typeform/distilbert-base-uncased-mnli"": ""exploratory_attention""}","{""rule-based"": 0.84, ""zero-shot:facebook/bart-large-mnli"": 0.5191409587860107, ""zero-shot:typeform/distilbert-base-uncased-mnli"": 0.37335506081581116}"
dUYIh1U2z-8_3300-3427:person_2,dUYIh1U2z-8_3300-3427,test,visible_ratio=1.000; gaze_shift_ratio=0.000; occlusion_ratio=0.000; eyes_closed_ratio=0.000; mean_gaze_motion=14.12; attention_stability_score=0.993; dominant_gaze_class=inside_visible; observed_frames=128,,"{""rule-based"": ""focused_attention"", ""zero-shot:facebook/bart-large-mnli"": ""reduced_visual_availability"", ""zero-shot:typeform/distilbert-base-uncased-mnli"": ""exploratory_attention""}","{""rule-based"": 0.84, ""zero-shot:facebook/bart-large-mnli"": 0.3383176326751709, ""zero-shot:typeform/distilbert-base-uncased-mnli"": 0.3829623758792877}"
dUYIh1U2z-8_4007-4220:person_1,dUYIh1U2z-8_4007-4220,test,visible_ratio=0.902; gaze_shift_ratio=0.065; occlusion_ratio=0.000; eyes_closed_ratio=0.000; mean_gaze_motion=3.38; attention_stability_score=0.811; dominant_gaze_class=inside_visible; observed_frames=214,focused_attention,"{""rule-based"": ""focused_attention"", ""zero-shot:facebook/bart-large-mnli"": ""occluded_attention"", ""zero-shot:typeform/distilbert-base-uncased-mnli"": ""exploratory_attention""}","{""rule-based"": 0.84, ""zero-shot:facebook/bart-large-mnli"": 0.3340302109718323, ""zero-shot:typeform/distilbert-base-uncased-mnli"": 0.3229787051677704}"
dUYIh1U2z-8_4007-4220:person_2,dUYIh1U2z-8_4007-4220,test,visible_ratio=1.000; gaze_shift_ratio=0.000; occlusion_ratio=0.000; eyes_closed_ratio=0.000; mean_gaze_motion=5.74; attention_stability_score=0.997; dominant_gaze_class=inside_visible; observed_frames=214,,"{""rule-based"": ""focused_attention"", ""zero-shot:facebook/bart-large-mnli"": ""focused_attention"", ""zero-shot:typeform/distilbert-base-uncased-mnli"": ""exploratory_attention""}","{""rule-based"": 0.84, ""zero-shot:facebook/bart-large-mnli"": 0.37080976366996765, ""zero-shot:typeform/distilbert-base-uncased-mnli"": 0.3845059871673584}"
dUYIh1U2z-8_4007-4220:person_3,dUYIh1U2z-8_4007-4220,test,visible_ratio=1.000; gaze_shift_ratio=0.000; occlusion_ratio=0.000; eyes_closed_ratio=0.000; mean_gaze_motion=3.22; attention_stability_score=0.998; dominant_gaze_class=inside_visible; observed_frames=214,,"{""rule-based"": ""focused_attention"", ""zero-shot:facebook/bart-large-mnli"": ""reduced_visual_availability"", ""zero-shot:typeform/distilbert-base-uncased-mnli"": ""exploratory_attention""}","{""rule-based"": 0.84, ""zero-shot:facebook/bart-large-mnli"": 0.29082393646240234, ""zero-shot:typeform/distilbert-base-uncased-mnli"": 0.49013954401016235}"
dzaiF1iIc68_638-747:person_2,dzaiF1iIc68_638-747,train,visible_ratio=0.536; gaze_shift_ratio=0.000; occlusion_ratio=0.000; eyes_closed_ratio=0.000; mean_gaze_motion=8.06; attention_stability_score=0.671; dominant_gaze_class=inside_visible; observed_frames=110,,"{""rule-based"": ""mixed_attention"", ""zero-shot:facebook/bart-large-mnli"": ""reduced_visual_availability"", ""zero-shot:typeform/distilbert-base-uncased-mnli"": ""reduced_visual_availability""}","{""rule-based"": 0.68, ""zero-shot:facebook/bart-large-mnli"": 0.5658162832260132, ""zero-shot:typeform/distilbert-base-uncased-mnli"": 0.27914199233055115}"
dzaiF1iIc68_638-747:person_3,dzaiF1iIc68_638-747,train,visible_ratio=1.000; gaze_shift_ratio=0.000; occlusion_ratio=0.000; eyes_closed_ratio=0.000; mean_gaze_motion=16.96; attention_stability_score=0.992; dominant_gaze_class=inside_visible; observed_frames=110,,"{""rule-based"": ""focused_attention"", ""zero-shot:facebook/bart-large-mnli"": ""focused_attention"", ""zero-shot:typeform/distilbert-base-uncased-mnli"": ""exploratory_attention""}","{""rule-based"": 0.84, ""zero-shot:facebook/bart-large-mnli"": 0.28710508346557617, ""zero-shot:typeform/distilbert-base-uncased-mnli"": 0.4214279055595398}"
ec_OE0WFEOY_15649-15701:person_1,ec_OE0WFEOY_15649-15701,train,visible_ratio=1.000; gaze_shift_ratio=0.000; occlusion_ratio=0.000; eyes_closed_ratio=0.000; mean_gaze_motion=29.54; attention_stability_score=0.985; dominant_gaze_class=inside_visible; observed_frames=53,,"{""rule-based"": ""focused_attention"", ""zero-shot:facebook/bart-large-mnli"": ""mixed_attention"", ""zero-shot:typeform/distilbert-base-uncased-mnli"": ""exploratory_attention""}","{""rule-based"": 0.84, ""zero-shot:facebook/bart-large-mnli"": 0.2817283272743225, ""zero-shot:typeform/distilbert-base-uncased-mnli"": 0.44281864166259766}"
ec_OE0WFEOY_31919-31977:person_1,ec_OE0WFEOY_31919-31977,train,visible_ratio=1.000; gaze_shift_ratio=0.000; occlusion_ratio=0.000; eyes_closed_ratio=0.000; mean_gaze_motion=4.12; attention_stability_score=0.998; dominant_gaze_class=inside_visible; observed_frames=59,,"{""rule-based"": ""focused_attention"", ""zero-shot:facebook/bart-large-mnli"": ""reduced_visual_availability"", ""zero-shot:typeform/distilbert-base-uncased-mnli"": ""exploratory_attention""}","{""rule-based"": 0.84, ""zero-shot:facebook/bart-large-mnli"": 0.3570053279399872, ""zero-shot:typeform/distilbert-base-uncased-mnli"": 0.5488891005516052}"
ec_OE0WFEOY_35495-35785:person_1,ec_OE0WFEOY_35495-35785,train,visible_ratio=0.773; gaze_shift_ratio=0.010; occlusion_ratio=0.000; eyes_closed_ratio=0.000; mean_gaze_motion=3.50; attention_stability_score=0.838; dominant_gaze_class=inside_visible; observed_frames=291,,"{""rule-based"": ""focused_attention"", ""zero-shot:facebook/bart-large-mnli"": ""reduced_visual_availability"", ""zero-shot:typeform/distilbert-base-uncased-mnli"": ""exploratory_attention""}","{""rule-based"": 0.84, ""zero-shot:facebook/bart-large-mnli"": 0.4498487710952759, ""zero-shot:typeform/distilbert-base-uncased-mnli"": 0.34643423557281494}"
ec_OE0WFEOY_40598-40742:person_1,ec_OE0WFEOY_40598-40742,train,visible_ratio=0.979; gaze_shift_ratio=0.021; occlusion_ratio=0.000; eyes_closed_ratio=0.000; mean_gaze_motion=14.73; attention_stability_score=0.949; dominant_gaze_class=inside_visible; observed_frames=145,,"{""rule-based"": ""focused_attention"", ""zero-shot:facebook/bart-large-mnli"": ""mixed_attention"", ""zero-shot:typeform/distilbert-base-uncased-mnli"": ""exploratory_attention""}","{""rule-based"": 0.84, ""zero-shot:facebook/bart-large-mnli"": 0.30655619502067566, ""zero-shot:typeform/distilbert-base-uncased-mnli"": 0.3689630627632141}"
ec_OE0WFEOY_41112-41385:person_1,ec_OE0WFEOY_41112-41385,train,visible_ratio=0.916; gaze_shift_ratio=0.022; occlusion_ratio=0.000; eyes_closed_ratio=0.000; mean_gaze_motion=5.55; attention_stability_score=0.935; dominant_gaze_class=inside_visible; observed_frames=274,,"{""rule-based"": ""focused_attention"", ""zero-shot:facebook/bart-large-mnli"": ""reduced_visual_availability"", ""zero-shot:typeform/distilbert-base-uncased-mnli"": ""exploratory_attention""}","{""rule-based"": 0.84, ""zero-shot:facebook/bart-large-mnli"": 0.5575044751167297, ""zero-shot:typeform/distilbert-base-uncased-mnli"": 0.28874146938323975}"
ec_OE0WFEOY_50688-50814:person_1,ec_OE0WFEOY_50688-50814,train,visible_ratio=1.000; gaze_shift_ratio=0.000; occlusion_ratio=0.000; eyes_closed_ratio=0.000; mean_gaze_motion=10.64; attention_stability_score=0.995; dominant_gaze_class=inside_visible; observed_frames=127,,"{""rule-based"": ""focused_attention"", ""zero-shot:facebook/bart-large-mnli"": ""mixed_attention"", ""zero-shot:typeform/distilbert-base-uncased-mnli"": ""exploratory_attention""}","{""rule-based"": 0.84, ""zero-shot:facebook/bart-large-mnli"": 0.3417964279651642, ""zero-shot:typeform/distilbert-base-uncased-mnli"": 0.38417237997055054}"
erJVXbaIicU_2219-2333:person_1,erJVXbaIicU_2219-2333,train,visible_ratio=0.948; gaze_shift_ratio=0.052; occlusion_ratio=0.000; eyes_closed_ratio=0.000; mean_gaze_motion=10.62; attention_stability_score=0.839; dominant_gaze_class=inside_visible; observed_frames=115,,"{""rule-based"": ""focused_attention"", ""zero-shot:facebook/bart-large-mnli"": ""focused_attention"", ""zero-shot:typeform/distilbert-base-uncased-mnli"": ""exploratory_attention""}","{""rule-based"": 0.84, ""zero-shot:facebook/bart-large-mnli"": 0.27402788400650024, ""zero-shot:typeform/distilbert-base-uncased-mnli"": 0.424557089805603}"
erJVXbaIicU_260-1684:person_2,erJVXbaIicU_260-1684,train,visible_ratio=0.850; gaze_shift_ratio=0.083; occlusion_ratio=0.000; eyes_closed_ratio=0.008; mean_gaze_motion=7.99; attention_stability_score=0.698; dominant_gaze_class=inside_visible; observed_frames=1425,,"{""rule-based"": ""focused_attention"", ""zero-shot:facebook/bart-large-mnli"": ""mixed_attention"", ""zero-shot:typeform/distilbert-base-uncased-mnli"": ""exploratory_attention""}","{""rule-based"": 0.84, ""zero-shot:facebook/bart-large-mnli"": 0.3289065659046173, ""zero-shot:typeform/distilbert-base-uncased-mnli"": 0.28170526027679443}"
f6wqlpG9rd0_1402-1688:person_1,f6wqlpG9rd0_1402-1688,test,visible_ratio=0.955; gaze_shift_ratio=0.017; occlusion_ratio=0.000; eyes_closed_ratio=0.000; mean_gaze_motion=7.66; attention_stability_score=0.945; dominant_gaze_class=inside_visible; observed_frames=287,,"{""rule-based"": ""focused_attention"", ""zero-shot:facebook/bart-large-mnli"": ""focused_attention"", ""zero-shot:typeform/distilbert-base-uncased-mnli"": ""exploratory_attention""}","{""rule-based"": 0.84, ""zero-shot:facebook/bart-large-mnli"": 0.3637676239013672, ""zero-shot:typeform/distilbert-base-uncased-mnli"": 0.3137367367744446}"
f6wqlpG9rd0_203-262:person_1,f6wqlpG9rd0_203-262,test,visible_ratio=1.000; gaze_shift_ratio=0.000; occlusion_ratio=0.000; eyes_closed_ratio=0.000; mean_gaze_motion=7.64; attention_stability_score=0.996; dominant_gaze_class=inside_visible; observed_frames=60,,"{""rule-based"": ""focused_attention"", ""zero-shot:facebook/bart-large-mnli"": ""reduced_visual_availability"", ""zero-shot:typeform/distilbert-base-uncased-mnli"": ""exploratory_attention""}","{""rule-based"": 0.84, ""zero-shot:facebook/bart-large-mnli"": 0.3628692328929901, ""zero-shot:typeform/distilbert-base-uncased-mnli"": 0.5457022786140442}"
f6wqlpG9rd0_9404-9541:person_1,f6wqlpG9rd0_9404-9541,test,visible_ratio=0.652; gaze_shift_ratio=0.072; occlusion_ratio=0.275; eyes_closed_ratio=0.000; mean_gaze_motion=32.53; attention_stability_score=0.651; dominant_gaze_class=inside_visible; observed_frames=138,exploratory_attention,"{""rule-based"": ""mixed_attention"", ""zero-shot:facebook/bart-large-mnli"": ""focused_attention"", ""zero-shot:typeform/distilbert-base-uncased-mnli"": ""exploratory_attention""}","{""rule-based"": 0.68, ""zero-shot:facebook/bart-large-mnli"": 0.46889618039131165, ""zero-shot:typeform/distilbert-base-uncased-mnli"": 0.33152294158935547}"
f6wqlpG9rd0_9704-9949:person_1,f6wqlpG9rd0_9704-9949,test,visible_ratio=0.833; gaze_shift_ratio=0.154; occlusion_ratio=0.012; eyes_closed_ratio=0.000; mean_gaze_motion=19.61; attention_stability_score=0.718; dominant_gaze_class=inside_visible; observed_frames=246,,"{""rule-based"": ""mixed_attention"", ""zero-shot:facebook/bart-large-mnli"": ""focused_attention"", ""zero-shot:typeform/distilbert-base-uncased-mnli"": ""exploratory_attention""}","{""rule-based"": 0.68, ""zero-shot:facebook/bart-large-mnli"": 0.4819820821285248, ""zero-shot:typeform/distilbert-base-uncased-mnli"": 0.3660317659378052}"
fvJbRuIu4-0_1308-1370:person_1,fvJbRuIu4-0_1308-1370,test,visible_ratio=0.952; gaze_shift_ratio=0.048; occlusion_ratio=0.000; eyes_closed_ratio=0.000; mean_gaze_motion=8.87; attention_stability_score=0.840; dominant_gaze_class=inside_visible; observed_frames=63,,"{""rule-based"": ""focused_attention"", ""zero-shot:facebook/bart-large-mnli"": ""mixed_attention"", ""zero-shot:typeform/distilbert-base-uncased-mnli"": ""exploratory_attention""}","{""rule-based"": 0.84, ""zero-shot:facebook/bart-large-mnli"": 0.2898995876312256, ""zero-shot:typeform/distilbert-base-uncased-mnli"": 0.3549184501171112}"
fvJbRuIu4-0_1308-1370:person_2,fvJbRuIu4-0_1308-1370,test,visible_ratio=0.968; gaze_shift_ratio=0.032; occlusion_ratio=0.000; eyes_closed_ratio=0.000; mean_gaze_motion=26.50; attention_stability_score=0.872; dominant_gaze_class=inside_visible; observed_frames=63,,"{""rule-based"": ""focused_attention"", ""zero-shot:facebook/bart-large-mnli"": ""exploratory_attention"", ""zero-shot:typeform/distilbert-base-uncased-mnli"": ""exploratory_attention""}","{""rule-based"": 0.84, ""zero-shot:facebook/bart-large-mnli"": 0.2605379521846771, ""zero-shot:typeform/distilbert-base-uncased-mnli"": 0.3551642894744873}"
fvJbRuIu4-0_1907-2018:person_1,fvJbRuIu4-0_1907-2018,test,visible_ratio=0.554; gaze_shift_ratio=0.036; occlusion_ratio=0.179; eyes_closed_ratio=0.000; mean_gaze_motion=15.95; attention_stability_score=0.674; dominant_gaze_class=inside_visible; observed_frames=112,exploratory_attention,"{""rule-based"": ""mixed_attention"", ""zero-shot:facebook/bart-large-mnli"": ""reduced_visual_availability"", ""zero-shot:typeform/distilbert-base-uncased-mnli"": ""exploratory_attention""}","{""rule-based"": 0.68, ""zero-shot:facebook/bart-large-mnli"": 0.39024946093559265, ""zero-shot:typeform/distilbert-base-uncased-mnli"": 0.2973189949989319}"
fvJbRuIu4-0_1907-2018:person_2,fvJbRuIu4-0_1907-2018,test,visible_ratio=1.000; gaze_shift_ratio=0.000; occlusion_ratio=0.000; eyes_closed_ratio=0.000; mean_gaze_motion=11.53; attention_stability_score=0.994; dominant_gaze_class=inside_visible; observed_frames=112,,"{""rule-based"": ""focused_attention"", ""zero-shot:facebook/bart-large-mnli"": ""focused_attention"", ""zero-shot:typeform/distilbert-base-uncased-mnli"": ""exploratory_attention""}","{""rule-based"": 0.84, ""zero-shot:facebook/bart-large-mnli"": 0.3715682923793793, ""zero-shot:typeform/distilbert-base-uncased-mnli"": 0.3462415337562561}"
gsuga2JCcYc_1567-1727:person_1,gsuga2JCcYc_1567-1727,train,visible_ratio=0.416; gaze_shift_ratio=0.093; occlusion_ratio=0.000; eyes_closed_ratio=0.000; mean_gaze_motion=27.58; attention_stability_score=0.523; dominant_gaze_class=outside_frame; observed_frames=161,,"{""rule-based"": ""mixed_attention"", ""zero-shot:facebook/bart-large-mnli"": ""mixed_attention"", ""zero-shot:typeform/distilbert-base-uncased-mnli"": ""exploratory_attention""}","{""rule-based"": 0.68, ""zero-shot:facebook/bart-large-mnli"": 0.2829853296279907, ""zero-shot:typeform/distilbert-base-uncased-mnli"": 0.290605366230011}"
gsuga2JCcYc_2184-2402:person_1,gsuga2JCcYc_2184-2402,train,visible_ratio=0.836; gaze_shift_ratio=0.096; occlusion_ratio=0.000; eyes_closed_ratio=0.000; mean_gaze_motion=16.20; attention_stability_score=0.765; dominant_gaze_class=inside_visible; observed_frames=219,,"{""rule-based"": ""focused_attention"", ""zero-shot:facebook/bart-large-mnli"": ""mixed_attention"", ""zero-shot:typeform/distilbert-base-uncased-mnli"": ""exploratory_attention""}","{""rule-based"": 0.84, ""zero-shot:facebook/bart-large-mnli"": 0.27291011810302734, ""zero-shot:typeform/distilbert-base-uncased-mnli"": 0.3674468398094177}"
gsuga2JCcYc_321-611:person_2,gsuga2JCcYc_321-611,train,visible_ratio=0.983; gaze_shift_ratio=0.017; occlusion_ratio=0.000; eyes_closed_ratio=0.000; mean_gaze_motion=8.04; attention_stability_score=0.951; dominant_gaze_class=inside_visible; observed_frames=291,,"{""rule-based"": ""focused_attention"", ""zero-shot:facebook/bart-large-mnli"": ""exploratory_attention"", ""zero-shot:typeform/distilbert-base-uncased-mnli"": ""exploratory_attention""}","{""rule-based"": 0.84, ""zero-shot:facebook/bart-large-mnli"": 0.3174379765987396, ""zero-shot:typeform/distilbert-base-uncased-mnli"": 0.42469945549964905}"
gsuga2JCcYc_823-977:person_2,gsuga2JCcYc_823-977,train,visible_ratio=0.781; gaze_shift_ratio=0.116; occlusion_ratio=0.039; eyes_closed_ratio=0.000; mean_gaze_motion=11.92; attention_stability_score=0.733; dominant_gaze_class=inside_visible; observed_frames=155,,"{""rule-based"": ""mixed_attention"", ""zero-shot:facebook/bart-large-mnli"": ""reduced_visual_availability"", ""zero-shot:typeform/distilbert-base-uncased-mnli"": ""exploratory_attention""}","{""rule-based"": 0.68, ""zero-shot:facebook/bart-large-mnli"": 0.2993529736995697, ""zero-shot:typeform/distilbert-base-uncased-mnli"": 0.29390954971313477}"
gsuga2JCcYc_979-1256:person_1,gsuga2JCcYc_979-1256,train,visible_ratio=0.939; gaze_shift_ratio=0.061; occlusion_ratio=0.000; eyes_closed_ratio=0.000; mean_gaze_motion=8.75; attention_stability_score=0.825; dominant_gaze_class=inside_visible; observed_frames=278,,"{""rule-based"": ""focused_attention"", ""zero-shot:facebook/bart-large-mnli"": ""focused_attention"", ""zero-shot:typeform/distilbert-base-uncased-mnli"": ""exploratory_attention""}","{""rule-based"": 0.84, ""zero-shot:facebook/bart-large-mnli"": 0.26810917258262634, ""zero-shot:typeform/distilbert-base-uncased-mnli"": 0.4321728050708771}"
i7GsJrDdCVU_15263-16742:person_1,i7GsJrDdCVU_15263-16742,train,visible_ratio=0.899; gaze_shift_ratio=0.034; occlusion_ratio=0.000; eyes_closed_ratio=0.000; mean_gaze_motion=6.76; attention_stability_score=0.768; dominant_gaze_class=inside_visible; observed_frames=1480,,"{""rule-based"": ""focused_attention"", ""zero-shot:facebook/bart-large-mnli"": ""focused_attention"", ""zero-shot:typeform/distilbert-base-uncased-mnli"": ""exploratory_attention""}","{""rule-based"": 0.84, ""zero-shot:facebook/bart-large-mnli"": 0.36048561334609985, ""zero-shot:typeform/distilbert-base-uncased-mnli"": 0.3205704391002655}"
i7GsJrDdCVU_1865-3654:person_1,i7GsJrDdCVU_1865-3654,train,visible_ratio=0.611; gaze_shift_ratio=0.054; occlusion_ratio=0.045; eyes_closed_ratio=0.000; mean_gaze_motion=17.15; attention_stability_score=0.607; dominant_gaze_class=inside_visible; observed_frames=1790,,"{""rule-based"": ""mixed_attention"", ""zero-shot:facebook/bart-large-mnli"": ""reduced_visual_availability"", ""zero-shot:typeform/distilbert-base-uncased-mnli"": ""reduced_visual_availability""}","{""rule-based"": 0.68, ""zero-shot:facebook/bart-large-mnli"": 0.6301639676094055, ""zero-shot:typeform/distilbert-base-uncased-mnli"": 0.33078041672706604}"
iDg2hR1FPgA_10270-10332:person_2,iDg2hR1FPgA_10270-10332,train,visible_ratio=1.000; gaze_shift_ratio=0.000; occlusion_ratio=0.000; eyes_closed_ratio=0.000; mean_gaze_motion=11.93; attention_stability_score=0.994; dominant_gaze_class=inside_visible; observed_frames=63,,"{""rule-based"": ""focused_attention"", ""zero-shot:facebook/bart-large-mnli"": ""focused_attention"", ""zero-shot:typeform/distilbert-base-uncased-mnli"": ""exploratory_attention""}","{""rule-based"": 0.84, ""zero-shot:facebook/bart-large-mnli"": 0.2523486316204071, ""zero-shot:typeform/distilbert-base-uncased-mnli"": 0.5401766896247864}"
iDg2hR1FPgA_10270-10332:person_3,iDg2hR1FPgA_10270-10332,train,visible_ratio=1.000; gaze_shift_ratio=0.000; occlusion_ratio=0.000; eyes_closed_ratio=0.000; mean_gaze_motion=20.64; attention_stability_score=0.990; dominant_gaze_class=inside_visible; observed_frames=63,,"{""rule-based"": ""focused_attention"", ""zero-shot:facebook/bart-large-mnli"": ""reduced_visual_availability"", ""zero-shot:typeform/distilbert-base-uncased-mnli"": ""exploratory_attention""}","{""rule-based"": 0.84, ""zero-shot:facebook/bart-large-mnli"": 0.3420301675796509, ""zero-shot:typeform/distilbert-base-uncased-mnli"": 0.38071662187576294}"
iDg2hR1FPgA_13892-14690:person_2,iDg2hR1FPgA_13892-14690,train,visible_ratio=0.406; gaze_shift_ratio=0.006; occlusion_ratio=0.013; eyes_closed_ratio=0.000; mean_gaze_motion=7.49; attention_stability_score=0.574; dominant_gaze_class=outside_frame; observed_frames=780,,"{""rule-based"": ""mixed_attention"", ""zero-shot:facebook/bart-large-mnli"": ""reduced_visual_availability"", ""zero-shot:typeform/distilbert-base-uncased-mnli"": ""reduced_visual_availability""}","{""rule-based"": 0.68, ""zero-shot:facebook/bart-large-mnli"": 0.4921504855155945, ""zero-shot:typeform/distilbert-base-uncased-mnli"": 0.3570380210876465}"
iDg2hR1FPgA_13892-14690:person_3,iDg2hR1FPgA_13892-14690,train,visible_ratio=0.800; gaze_shift_ratio=0.019; occlusion_ratio=0.013; eyes_closed_ratio=0.000; mean_gaze_motion=13.13; attention_stability_score=0.688; dominant_gaze_class=inside_visible; observed_frames=799,,"{""rule-based"": ""focused_attention"", ""zero-shot:facebook/bart-large-mnli"": ""mixed_attention"", ""zero-shot:typeform/distilbert-base-uncased-mnli"": ""exploratory_attention""}","{""rule-based"": 0.84, ""zero-shot:facebook/bart-large-mnli"": 0.3028514087200165, ""zero-shot:typeform/distilbert-base-uncased-mnli"": 0.2886565029621124}"
iDg2hR1FPgA_14815-14999:person_2,iDg2hR1FPgA_14815-14999,train,visible_ratio=0.870; gaze_shift_ratio=0.000; occlusion_ratio=0.000; eyes_closed_ratio=0.000; mean_gaze_motion=10.02; attention_stability_score=0.876; dominant_gaze_class=inside_visible; observed_frames=185,,"{""rule-based"": ""focused_attention"", ""zero-shot:facebook/bart-large-mnli"": ""occluded_attention"", ""zero-shot:typeform/distilbert-base-uncased-mnli"": ""exploratory_attention""}","{""rule-based"": 0.84, ""zero-shot:facebook/bart-large-mnli"": 0.23451350629329681, ""zero-shot:typeform/distilbert-base-uncased-mnli"": 0.3473193049430847}"
iDg2hR1FPgA_14815-14999:person_3,iDg2hR1FPgA_14815-14999,train,visible_ratio=0.000; gaze_shift_ratio=0.076; occlusion_ratio=0.276; eyes_closed_ratio=0.000; mean_gaze_motion=0.00; attention_stability_score=0.289; dominant_gaze_class=outside_frame; observed_frames=185,,"{""rule-based"": ""mixed_attention"", ""zero-shot:facebook/bart-large-mnli"": ""reduced_visual_availability"", ""zero-shot:typeform/distilbert-base-uncased-mnli"": ""exploratory_attention""}","{""rule-based"": 0.68, ""zero-shot:facebook/bart-large-mnli"": 0.328510046005249, ""zero-shot:typeform/distilbert-base-uncased-mnli"": 0.36758655309677124}"
iDg2hR1FPgA_15001-15094:person_2,iDg2hR1FPgA_15001-15094,train,visible_ratio=1.000; gaze_shift_ratio=0.000; occlusion_ratio=0.000; eyes_closed_ratio=0.000; mean_gaze_motion=10.98; attention_stability_score=0.995; dominant_gaze_class=inside_visible; observed_frames=94,,"{""rule-based"": ""focused_attention"", ""zero-shot:facebook/bart-large-mnli"": ""focused_attention"", ""zero-shot:typeform/distilbert-base-uncased-mnli"": ""exploratory_attention""}","{""rule-based"": 0.84, ""zero-shot:facebook/bart-large-mnli"": 0.6010117530822754, ""zero-shot:typeform/distilbert-base-uncased-mnli"": 0.5659558176994324}"
iDg2hR1FPgA_15001-15094:person_3,iDg2hR1FPgA_15001-15094,train,visible_ratio=0.372; gaze_shift_ratio=0.149; occlusion_ratio=0.000; eyes_closed_ratio=0.000; mean_gaze_motion=0.99; attention_stability_score=0.527; dominant_gaze_class=outside_frame; observed_frames=94,,"{""rule-based"": ""mixed_attention"", ""zero-shot:facebook/bart-large-mnli"": ""occluded_attention"", ""zero-shot:typeform/distilbert-base-uncased-mnli"": ""exploratory_attention""}","{""rule-based"": 0.68, ""zero-shot:facebook/bart-large-mnli"": 0.26055777072906494, ""zero-shot:typeform/distilbert-base-uncased-mnli"": 0.3972003757953644}"
iDg2hR1FPgA_15978-16223:person_2,iDg2hR1FPgA_15978-16223,train,visible_ratio=0.390; gaze_shift_ratio=0.037; occlusion_ratio=0.024; eyes_closed_ratio=0.000; mean_gaze_motion=3.78; attention_stability_score=0.566; dominant_gaze_class=outside_frame; observed_frames=246,,"{""rule-based"": ""mixed_attention"", ""zero-shot:facebook/bart-large-mnli"": ""reduced_visual_availability"", ""zero-shot:typeform/distilbert-base-uncased-mnli"": ""reduced_visual_availability""}","{""rule-based"": 0.68, ""zero-shot:facebook/bart-large-mnli"": 0.3796716630458832, ""zero-shot:typeform/distilbert-base-uncased-mnli"": 0.47807392477989197}"
iDg2hR1FPgA_16347-16992:person_1,iDg2hR1FPgA_16347-16992,train,visible_ratio=0.702; gaze_shift_ratio=0.086; occlusion_ratio=0.122; eyes_closed_ratio=0.000; mean_gaze_motion=9.16; attention_stability_score=0.685; dominant_gaze_class=inside_visible; observed_frames=581,,"{""rule-based"": ""mixed_attention"", ""zero-shot:facebook/bart-large-mnli"": ""reduced_visual_availability"", ""zero-shot:typeform/distilbert-base-uncased-mnli"": ""reduced_visual_availability""}","{""rule-based"": 0.68, ""zero-shot:facebook/bart-large-mnli"": 0.44704344868659973, ""zero-shot:typeform/distilbert-base-uncased-mnli"": 0.3312299847602844}"
iDg2hR1FPgA_16347-16992:person_3,iDg2hR1FPgA_16347-16992,train,visible_ratio=0.865; gaze_shift_ratio=0.030; occlusion_ratio=0.058; eyes_closed_ratio=0.000; mean_gaze_motion=6.69; attention_stability_score=0.848; dominant_gaze_class=inside_visible; observed_frames=637,,"{""rule-based"": ""focused_attention"", ""zero-shot:facebook/bart-large-mnli"": ""focused_attention"", ""zero-shot:typeform/distilbert-base-uncased-mnli"": ""occluded_attention""}","{""rule-based"": 0.84, ""zero-shot:facebook/bart-large-mnli"": 0.3347601592540741, ""zero-shot:typeform/distilbert-base-uncased-mnli"": 0.2697611153125763}"
iDg2hR1FPgA_17030-17507:person_1,iDg2hR1FPgA_17030-17507,train,visible_ratio=0.973; gaze_shift_ratio=0.017; occlusion_ratio=0.000; eyes_closed_ratio=0.000; mean_gaze_motion=24.38; attention_stability_score=0.850; dominant_gaze_class=inside_visible; observed_frames=478,,"{""rule-based"": ""focused_attention"", ""zero-shot:facebook/bart-large-mnli"": ""reduced_visual_availability"", ""zero-shot:typeform/distilbert-base-uncased-mnli"": ""exploratory_attention""}","{""rule-based"": 0.84, ""zero-shot:facebook/bart-large-mnli"": 0.2937306761741638, ""zero-shot:typeform/distilbert-base-uncased-mnli"": 0.32440638542175293}"
iDg2hR1FPgA_19399-19781:person_2,iDg2hR1FPgA_19399-19781,train,visible_ratio=0.761; gaze_shift_ratio=0.000; occlusion_ratio=0.000; eyes_closed_ratio=0.000; mean_gaze_motion=11.50; attention_stability_score=0.729; dominant_gaze_class=inside_visible; observed_frames=372,,"{""rule-based"": ""focused_attention"", ""zero-shot:facebook/bart-large-mnli"": ""focused_attention"", ""zero-shot:typeform/distilbert-base-uncased-mnli"": ""exploratory_attention""}","{""rule-based"": 0.84, ""zero-shot:facebook/bart-large-mnli"": 0.49645495414733887, ""zero-shot:typeform/distilbert-base-uncased-mnli"": 0.3298659920692444}"
iDg2hR1FPgA_25090-25258:person_1,iDg2hR1FPgA_25090-25258,train,visible_ratio=0.840; gaze_shift_ratio=0.000; occlusion_ratio=0.000; eyes_closed_ratio=0.000; mean_gaze_motion=29.89; attention_stability_score=0.799; dominant_gaze_class=inside_visible; observed_frames=144,,"{""rule-based"": ""focused_attention"", ""zero-shot:facebook/bart-large-mnli"": ""mixed_attention"", ""zero-shot:typeform/distilbert-base-uncased-mnli"": ""exploratory_attention""}","{""rule-based"": 0.84, ""zero-shot:facebook/bart-large-mnli"": 0.32314983010292053, ""zero-shot:typeform/distilbert-base-uncased-mnli"": 0.3771764636039734}"
iDg2hR1FPgA_25090-25258:person_3,iDg2hR1FPgA_25090-25258,train,visible_ratio=0.616; gaze_shift_ratio=0.000; occlusion_ratio=0.000; eyes_closed_ratio=0.000; mean_gaze_motion=37.36; attention_stability_score=0.707; dominant_gaze_class=inside_visible; observed_frames=86,,"{""rule-based"": ""mixed_attention"", ""zero-shot:facebook/bart-large-mnli"": ""reduced_visual_availability"", ""zero-shot:typeform/distilbert-base-uncased-mnli"": ""exploratory_attention""}","{""rule-based"": 0.68, ""zero-shot:facebook/bart-large-mnli"": 0.4506446421146393, ""zero-shot:typeform/distilbert-base-uncased-mnli"": 0.34972792863845825}"
iDg2hR1FPgA_25990-26228:person_1,iDg2hR1FPgA_25990-26228,train,visible_ratio=0.814; gaze_shift_ratio=0.025; occlusion_ratio=0.059; eyes_closed_ratio=0.000; mean_gaze_motion=15.85; attention_stability_score=0.773; dominant_gaze_class=inside_visible; observed_frames=237,,"{""rule-based"": ""focused_attention"", ""zero-shot:facebook/bart-large-mnli"": ""focused_attention"", ""zero-shot:typeform/distilbert-base-uncased-mnli"": ""exploratory_attention""}","{""rule-based"": 0.84, ""zero-shot:facebook/bart-large-mnli"": 0.3893353343009949, ""zero-shot:typeform/distilbert-base-uncased-mnli"": 0.2835372984409332}"
iDg2hR1FPgA_47999-48192:person_2,iDg2hR1FPgA_47999-48192,train,visible_ratio=1.000; gaze_shift_ratio=0.000; occlusion_ratio=0.000; eyes_closed_ratio=0.000; mean_gaze_motion=20.21; attention_stability_score=0.990; dominant_gaze_class=inside_visible; observed_frames=194,,"{""rule-based"": ""focused_attention"", ""zero-shot:facebook/bart-large-mnli"": ""mixed_attention"", ""zero-shot:typeform/distilbert-base-uncased-mnli"": ""exploratory_attention""}","{""rule-based"": 0.84, ""zero-shot:facebook/bart-large-mnli"": 0.32711857557296753, ""zero-shot:typeform/distilbert-base-uncased-mnli"": 0.4676283895969391}"
iDg2hR1FPgA_47999-48192:person_3,iDg2hR1FPgA_47999-48192,train,visible_ratio=1.000; gaze_shift_ratio=0.000; occlusion_ratio=0.000; eyes_closed_ratio=0.000; mean_gaze_motion=17.55; attention_stability_score=0.991; dominant_gaze_class=inside_visible; observed_frames=194,,"{""rule-based"": ""focused_attention"", ""zero-shot:facebook/bart-large-mnli"": ""mixed_attention"", ""zero-shot:typeform/distilbert-base-uncased-mnli"": ""exploratory_attention""}","{""rule-based"": 0.84, ""zero-shot:facebook/bart-large-mnli"": 0.3391250669956207, ""zero-shot:typeform/distilbert-base-uncased-mnli"": 0.4108092784881592}"
iDg2hR1FPgA_53769-53940:person_1,iDg2hR1FPgA_53769-53940,train,visible_ratio=0.959; gaze_shift_ratio=0.041; occlusion_ratio=0.000; eyes_closed_ratio=0.000; mean_gaze_motion=30.99; attention_stability_score=0.900; dominant_gaze_class=inside_visible; observed_frames=172,,"{""rule-based"": ""focused_attention"", ""zero-shot:facebook/bart-large-mnli"": ""mixed_attention"", ""zero-shot:typeform/distilbert-base-uncased-mnli"": ""exploratory_attention""}","{""rule-based"": 0.84, ""zero-shot:facebook/bart-large-mnli"": 0.3214738368988037, ""zero-shot:typeform/distilbert-base-uncased-mnli"": 0.34180325269699097}"
iDg2hR1FPgA_53769-53940:person_2,iDg2hR1FPgA_53769-53940,train,visible_ratio=1.000; gaze_shift_ratio=0.000; occlusion_ratio=0.000; eyes_closed_ratio=0.000; mean_gaze_motion=13.77; attention_stability_score=0.993; dominant_gaze_class=inside_visible; observed_frames=172,,"{""rule-based"": ""focused_attention"", ""zero-shot:facebook/bart-large-mnli"": ""focused_attention"", ""zero-shot:typeform/distilbert-base-uncased-mnli"": ""exploratory_attention""}","{""rule-based"": 0.84, ""zero-shot:facebook/bart-large-mnli"": 0.49615973234176636, ""zero-shot:typeform/distilbert-base-uncased-mnli"": 0.38226836919784546}"
iDg2hR1FPgA_53769-53940:person_3,iDg2hR1FPgA_53769-53940,train,visible_ratio=1.000; gaze_shift_ratio=0.000; occlusion_ratio=0.000; eyes_closed_ratio=0.000; mean_gaze_motion=9.93; attention_stability_score=0.995; dominant_gaze_class=inside_visible; observed_frames=172,,"{""rule-based"": ""focused_attention"", ""zero-shot:facebook/bart-large-mnli"": ""reduced_visual_availability"", ""zero-shot:typeform/distilbert-base-uncased-mnli"": ""exploratory_attention""}","{""rule-based"": 0.84, ""zero-shot:facebook/bart-large-mnli"": 0.36225488781929016, ""zero-shot:typeform/distilbert-base-uncased-mnli"": 0.5540834665298462}"
iDg2hR1FPgA_6118-6236:person_2,iDg2hR1FPgA_6118-6236,train,visible_ratio=0.403; gaze_shift_ratio=0.034; occlusion_ratio=0.000; eyes_closed_ratio=0.000; mean_gaze_motion=18.49; attention_stability_score=0.568; dominant_gaze_class=outside_frame; observed_frames=119,,"{""rule-based"": ""mixed_attention"", ""zero-shot:facebook/bart-large-mnli"": ""reduced_visual_availability"", ""zero-shot:typeform/distilbert-base-uncased-mnli"": ""exploratory_attention""}","{""rule-based"": 0.68, ""zero-shot:facebook/bart-large-mnli"": 0.5841640830039978, ""zero-shot:typeform/distilbert-base-uncased-mnli"": 0.3192893862724304}"
iDg2hR1FPgA_6118-6236:person_3,iDg2hR1FPgA_6118-6236,train,visible_ratio=1.000; gaze_shift_ratio=0.000; occlusion_ratio=0.000; eyes_closed_ratio=0.000; mean_gaze_motion=10.39; attention_stability_score=0.995; dominant_gaze_class=inside_visible; observed_frames=119,,"{""rule-based"": ""focused_attention"", ""zero-shot:facebook/bart-large-mnli"": ""reduced_visual_availability"", ""zero-shot:typeform/distilbert-base-uncased-mnli"": ""exploratory_attention""}","{""rule-based"": 0.84, ""zero-shot:facebook/bart-large-mnli"": 0.3462907075881958, ""zero-shot:typeform/distilbert-base-uncased-mnli"": 0.5533589720726013}"
iDg2hR1FPgA_7058-7244:person_2,iDg2hR1FPgA_7058-7244,train,visible_ratio=0.856; gaze_shift_ratio=0.091; occlusion_ratio=0.053; eyes_closed_ratio=0.000; mean_gaze_motion=2.10; attention_stability_score=0.757; dominant_gaze_class=inside_visible; observed_frames=187,,"{""rule-based"": ""focused_attention"", ""zero-shot:facebook/bart-large-mnli"": ""exploratory_attention"", ""zero-shot:typeform/distilbert-base-uncased-mnli"": ""exploratory_attention""}","{""rule-based"": 0.84, ""zero-shot:facebook/bart-large-mnli"": 0.3079988658428192, ""zero-shot:typeform/distilbert-base-uncased-mnli"": 0.38471195101737976}"
iDg2hR1FPgA_7058-7244:person_3,iDg2hR1FPgA_7058-7244,train,visible_ratio=0.711; gaze_shift_ratio=0.021; occlusion_ratio=0.000; eyes_closed_ratio=0.000; mean_gaze_motion=13.13; attention_stability_score=0.788; dominant_gaze_class=inside_visible; observed_frames=187,,"{""rule-based"": ""mixed_attention"", ""zero-shot:facebook/bart-large-mnli"": ""reduced_visual_availability"", ""zero-shot:typeform/distilbert-base-uncased-mnli"": ""exploratory_attention""}","{""rule-based"": 0.68, ""zero-shot:facebook/bart-large-mnli"": 0.6040359735488892, ""zero-shot:typeform/distilbert-base-uncased-mnli"": 0.32883772253990173}"
iDg2hR1FPgA_913-1696:person_2,iDg2hR1FPgA_913-1696,train,visible_ratio=0.797; gaze_shift_ratio=0.040; occlusion_ratio=0.027; eyes_closed_ratio=0.000; mean_gaze_motion=10.50; attention_stability_score=0.709; dominant_gaze_class=inside_visible; observed_frames=784,,"{""rule-based"": ""focused_attention"", ""zero-shot:facebook/bart-large-mnli"": ""mixed_attention"", ""zero-shot:typeform/distilbert-base-uncased-mnli"": ""exploratory_attention""}","{""rule-based"": 0.84, ""zero-shot:facebook/bart-large-mnli"": 0.3090869188308716, ""zero-shot:typeform/distilbert-base-uncased-mnli"": 0.32338762283325195}"
iDg2hR1FPgA_913-1696:person_3,iDg2hR1FPgA_913-1696,train,visible_ratio=0.708; gaze_shift_ratio=0.033; occlusion_ratio=0.017; eyes_closed_ratio=0.000; mean_gaze_motion=5.14; attention_stability_score=0.713; dominant_gaze_class=inside_visible; observed_frames=784,,"{""rule-based"": ""mixed_attention"", ""zero-shot:facebook/bart-large-mnli"": ""reduced_visual_availability"", ""zero-shot:typeform/distilbert-base-uncased-mnli"": ""occluded_attention""}","{""rule-based"": 0.68, ""zero-shot:facebook/bart-large-mnli"": 0.5805191993713379, ""zero-shot:typeform/distilbert-base-uncased-mnli"": 0.2481427639722824}"
iTzr7agImr8_10928-11185:person_2,iTzr7agImr8_10928-11185,train,visible_ratio=0.908; gaze_shift_ratio=0.000; occlusion_ratio=0.092; eyes_closed_ratio=0.000; mean_gaze_motion=9.42; attention_stability_score=0.925; dominant_gaze_class=inside_visible; observed_frames=238,,"{""rule-based"": ""focused_attention"", ""zero-shot:facebook/bart-large-mnli"": ""reduced_visual_availability"", ""zero-shot:typeform/distilbert-base-uncased-mnli"": ""exploratory_attention""}","{""rule-based"": 0.84, ""zero-shot:facebook/bart-large-mnli"": 0.357479065656662, ""zero-shot:typeform/distilbert-base-uncased-mnli"": 0.26468420028686523}"
iTzr7agImr8_10928-11185:person_3,iTzr7agImr8_10928-11185,train,visible_ratio=0.550; gaze_shift_ratio=0.019; occlusion_ratio=0.430; eyes_closed_ratio=0.000; mean_gaze_motion=15.95; attention_stability_score=0.650; dominant_gaze_class=inside_visible; observed_frames=258,,"{""rule-based"": ""occluded_attention"", ""zero-shot:facebook/bart-large-mnli"": ""focused_attention"", ""zero-shot:typeform/distilbert-base-uncased-mnli"": ""exploratory_attention""}","{""rule-based"": 0.74, ""zero-shot:facebook/bart-large-mnli"": 0.3026956021785736, ""zero-shot:typeform/distilbert-base-uncased-mnli"": 0.40584105253219604}"
iTzr7agImr8_13511-13973:person_1,iTzr7agImr8_13511-13973,train,visible_ratio=0.991; gaze_shift_ratio=0.009; occlusion_ratio=0.000; eyes_closed_ratio=0.000; mean_gaze_motion=10.29; attention_stability_score=0.921; dominant_gaze_class=inside_visible; observed_frames=463,,"{""rule-based"": ""focused_attention"", ""zero-shot:facebook/bart-large-mnli"": ""mixed_attention"", ""zero-shot:typeform/distilbert-base-uncased-mnli"": ""exploratory_attention""}","{""rule-based"": 0.84, ""zero-shot:facebook/bart-large-mnli"": 0.2591710388660431, ""zero-shot:typeform/distilbert-base-uncased-mnli"": 0.30850642919540405}"
iTzr7agImr8_16653-16712:person_2,iTzr7agImr8_16653-16712,train,visible_ratio=1.000; gaze_shift_ratio=0.000; occlusion_ratio=0.000; eyes_closed_ratio=0.000; mean_gaze_motion=10.96; attention_stability_score=0.995; dominant_gaze_class=inside_visible; observed_frames=60,,"{""rule-based"": ""focused_attention"", ""zero-shot:facebook/bart-large-mnli"": ""reduced_visual_availability"", ""zero-shot:typeform/distilbert-base-uncased-mnli"": ""exploratory_attention""}","{""rule-based"": 0.84, ""zero-shot:facebook/bart-large-mnli"": 0.3392356336116791, ""zero-shot:typeform/distilbert-base-uncased-mnli"": 0.37680384516716003}"
iTzr7agImr8_16653-16712:person_3,iTzr7agImr8_16653-16712,train,visible_ratio=0.817; gaze_shift_ratio=0.000; occlusion_ratio=0.000; eyes_closed_ratio=0.000; mean_gaze_motion=4.90; attention_stability_score=0.869; dominant_gaze_class=inside_visible; observed_frames=60,,"{""rule-based"": ""focused_attention"", ""zero-shot:facebook/bart-large-mnli"": ""reduced_visual_availability"", ""zero-shot:typeform/distilbert-base-uncased-mnli"": ""reduced_visual_availability""}","{""rule-based"": 0.84, ""zero-shot:facebook/bart-large-mnli"": 0.3154182434082031, ""zero-shot:typeform/distilbert-base-uncased-mnli"": 0.3595195412635803}"
iTzr7agImr8_20127-20305:person_1,iTzr7agImr8_20127-20305,train,visible_ratio=0.933; gaze_shift_ratio=0.000; occlusion_ratio=0.028; eyes_closed_ratio=0.000; mean_gaze_motion=4.96; attention_stability_score=0.951; dominant_gaze_class=inside_visible; observed_frames=179,,"{""rule-based"": ""focused_attention"", ""zero-shot:facebook/bart-large-mnli"": ""reduced_visual_availability"", ""zero-shot:typeform/distilbert-base-uncased-mnli"": ""reduced_visual_availability""}","{""rule-based"": 0.84, ""zero-shot:facebook/bart-large-mnli"": 0.37085044384002686, ""zero-shot:typeform/distilbert-base-uncased-mnli"": 0.375047504901886}"
iTzr7agImr8_22196-22404:person_1,iTzr7agImr8_22196-22404,train,visible_ratio=0.957; gaze_shift_ratio=0.043; occlusion_ratio=0.000; eyes_closed_ratio=0.000; mean_gaze_motion=28.97; attention_stability_score=0.827; dominant_gaze_class=inside_visible; observed_frames=209,,"{""rule-based"": ""focused_attention"", ""zero-shot:facebook/bart-large-mnli"": ""occluded_attention"", ""zero-shot:typeform/distilbert-base-uncased-mnli"": ""exploratory_attention""}","{""rule-based"": 0.84, ""zero-shot:facebook/bart-large-mnli"": 0.24741199612617493, ""zero-shot:typeform/distilbert-base-uncased-mnli"": 0.33690932393074036}"
iTzr7agImr8_22648-22695:person_1,iTzr7agImr8_22648-22695,train,visible_ratio=1.000; gaze_shift_ratio=0.000; occlusion_ratio=0.000; eyes_closed_ratio=0.000; mean_gaze_motion=5.23; attention_stability_score=0.997; dominant_gaze_class=inside_visible; observed_frames=48,,"{""rule-based"": ""focused_attention"", ""zero-shot:facebook/bart-large-mnli"": ""reduced_visual_availability"", ""zero-shot:typeform/distilbert-base-uncased-mnli"": ""exploratory_attention""}","{""rule-based"": 0.84, ""zero-shot:facebook/bart-large-mnli"": 0.3361116051673889, ""zero-shot:typeform/distilbert-base-uncased-mnli"": 0.5555066466331482}"
iTzr7agImr8_25865-26145:person_1,iTzr7agImr8_25865-26145,train,visible_ratio=0.839; gaze_shift_ratio=0.161; occlusion_ratio=0.000; eyes_closed_ratio=0.000; mean_gaze_motion=23.14; attention_stability_score=0.714; dominant_gaze_class=inside_visible; observed_frames=274,,"{""rule-based"": ""mixed_attention"", ""zero-shot:facebook/bart-large-mnli"": ""reduced_visual_availability"", ""zero-shot:typeform/distilbert-base-uncased-mnli"": ""exploratory_attention""}","{""rule-based"": 0.68, ""zero-shot:facebook/bart-large-mnli"": 0.26076459884643555, ""zero-shot:typeform/distilbert-base-uncased-mnli"": 0.3786951005458832}"
iTzr7agImr8_25865-26145:person_2,iTzr7agImr8_25865-26145,train,visible_ratio=0.786; gaze_shift_ratio=0.085; occlusion_ratio=0.128; eyes_closed_ratio=0.000; mean_gaze_motion=40.09; attention_stability_score=0.706; dominant_gaze_class=inside_visible; observed_frames=281,,"{""rule-based"": ""focused_attention"", ""zero-shot:facebook/bart-large-mnli"": ""mixed_attention"", ""zero-shot:typeform/distilbert-base-uncased-mnli"": ""exploratory_attention""}","{""rule-based"": 0.84, ""zero-shot:facebook/bart-large-mnli"": 0.31946736574172974, ""zero-shot:typeform/distilbert-base-uncased-mnli"": 0.3333391547203064}"
iTzr7agImr8_26184-26274:person_1,iTzr7agImr8_26184-26274,train,visible_ratio=0.396; gaze_shift_ratio=0.033; occlusion_ratio=0.165; eyes_closed_ratio=0.000; mean_gaze_motion=48.97; attention_stability_score=0.537; dominant_gaze_class=outside_frame; observed_frames=91,,"{""rule-based"": ""mixed_attention"", ""zero-shot:facebook/bart-large-mnli"": ""reduced_visual_availability"", ""zero-shot:typeform/distilbert-base-uncased-mnli"": ""exploratory_attention""}","{""rule-based"": 0.68, ""zero-shot:facebook/bart-large-mnli"": 0.3841768205165863, ""zero-shot:typeform/distilbert-base-uncased-mnli"": 0.27705690264701843}"
iTzr7agImr8_26184-26274:person_2,iTzr7agImr8_26184-26274,train,visible_ratio=1.000; gaze_shift_ratio=0.000; occlusion_ratio=0.000; eyes_closed_ratio=0.000; mean_gaze_motion=13.54; attention_stability_score=0.993; dominant_gaze_class=inside_visible; observed_frames=91,,"{""rule-based"": ""focused_attention"", ""zero-shot:facebook/bart-large-mnli"": ""exploratory_attention"", ""zero-shot:typeform/distilbert-base-uncased-mnli"": ""exploratory_attention""}","{""rule-based"": 0.84, ""zero-shot:facebook/bart-large-mnli"": 0.2812400460243225, ""zero-shot:typeform/distilbert-base-uncased-mnli"": 0.3788504898548126}"
iTzr7agImr8_2675-2717:person_1,iTzr7agImr8_2675-2717,train,visible_ratio=1.000; gaze_shift_ratio=0.000; occlusion_ratio=0.000; eyes_closed_ratio=0.000; mean_gaze_motion=0.43; attention_stability_score=1.000; dominant_gaze_class=inside_visible; observed_frames=43,,"{""rule-based"": ""focused_attention"", ""zero-shot:facebook/bart-large-mnli"": ""focused_attention"", ""zero-shot:typeform/distilbert-base-uncased-mnli"": ""exploratory_attention""}","{""rule-based"": 0.84, ""zero-shot:facebook/bart-large-mnli"": 0.5686933398246765, ""zero-shot:typeform/distilbert-base-uncased-mnli"": 0.5414731502532959}"
iTzr7agImr8_40240-40295:person_1,iTzr7agImr8_40240-40295,train,visible_ratio=1.000; gaze_shift_ratio=0.000; occlusion_ratio=0.000; eyes_closed_ratio=0.000; mean_gaze_motion=4.51; attention_stability_score=0.998; dominant_gaze_class=inside_visible; observed_frames=56,,"{""rule-based"": ""focused_attention"", ""zero-shot:facebook/bart-large-mnli"": ""reduced_visual_availability"", ""zero-shot:typeform/distilbert-base-uncased-mnli"": ""exploratory_attention""}","{""rule-based"": 0.84, ""zero-shot:facebook/bart-large-mnli"": 0.34925150871276855, ""zero-shot:typeform/distilbert-base-uncased-mnli"": 0.5458821058273315}"
iTzr7agImr8_40240-40295:person_2,iTzr7agImr8_40240-40295,train,visible_ratio=1.000; gaze_shift_ratio=0.000; occlusion_ratio=0.000; eyes_closed_ratio=0.000; mean_gaze_motion=11.06; attention_stability_score=0.994; dominant_gaze_class=inside_visible; observed_frames=56,,"{""rule-based"": ""focused_attention"", ""zero-shot:facebook/bart-large-mnli"": ""focused_attention"", ""zero-shot:typeform/distilbert-base-uncased-mnli"": ""exploratory_attention""}","{""rule-based"": 0.84, ""zero-shot:facebook/bart-large-mnli"": 0.39746537804603577, ""zero-shot:typeform/distilbert-base-uncased-mnli"": 0.3481270968914032}"
iTzr7agImr8_6225-6337:person_1,iTzr7agImr8_6225-6337,train,visible_ratio=0.735; gaze_shift_ratio=0.088; occlusion_ratio=0.000; eyes_closed_ratio=0.000; mean_gaze_motion=13.23; attention_stability_score=0.706; dominant_gaze_class=inside_visible; observed_frames=113,,"{""rule-based"": ""mixed_attention"", ""zero-shot:facebook/bart-large-mnli"": ""focused_attention"", ""zero-shot:typeform/distilbert-base-uncased-mnli"": ""exploratory_attention""}","{""rule-based"": 0.68, ""zero-shot:facebook/bart-large-mnli"": 0.426679402589798, ""zero-shot:typeform/distilbert-base-uncased-mnli"": 0.34471362829208374}"
iTzr7agImr8_6225-6337:person_3,iTzr7agImr8_6225-6337,train,visible_ratio=1.000; gaze_shift_ratio=0.000; occlusion_ratio=0.000; eyes_closed_ratio=0.000; mean_gaze_motion=14.42; attention_stability_score=0.993; dominant_gaze_class=inside_visible; observed_frames=113,,"{""rule-based"": ""focused_attention"", ""zero-shot:facebook/bart-large-mnli"": ""reduced_visual_availability"", ""zero-shot:typeform/distilbert-base-uncased-mnli"": ""exploratory_attention""}","{""rule-based"": 0.84, ""zero-shot:facebook/bart-large-mnli"": 0.3316496014595032, ""zero-shot:typeform/distilbert-base-uncased-mnli"": 0.3816378116607666}"
iTzr7agImr8_6590-6640:person_1,iTzr7agImr8_6590-6640,train,visible_ratio=0.843; gaze_shift_ratio=0.000; occlusion_ratio=0.157; eyes_closed_ratio=0.000; mean_gaze_motion=10.77; attention_stability_score=0.811; dominant_gaze_class=inside_visible; observed_frames=51,,"{""rule-based"": ""focused_attention"", ""zero-shot:facebook/bart-large-mnli"": ""reduced_visual_availability"", ""zero-shot:typeform/distilbert-base-uncased-mnli"": ""reduced_visual_availability""}","{""rule-based"": 0.84, ""zero-shot:facebook/bart-large-mnli"": 0.32730475068092346, ""zero-shot:typeform/distilbert-base-uncased-mnli"": 0.3217529356479645}"
iTzr7agImr8_6590-6640:person_2,iTzr7agImr8_6590-6640,train,visible_ratio=1.000; gaze_shift_ratio=0.000; occlusion_ratio=0.000; eyes_closed_ratio=0.000; mean_gaze_motion=7.41; attention_stability_score=0.996; dominant_gaze_class=inside_visible; observed_frames=35,,"{""rule-based"": ""focused_attention"", ""zero-shot:facebook/bart-large-mnli"": ""focused_attention"", ""zero-shot:typeform/distilbert-base-uncased-mnli"": ""exploratory_attention""}","{""rule-based"": 0.84, ""zero-shot:facebook/bart-large-mnli"": 0.5835866332054138, ""zero-shot:typeform/distilbert-base-uncased-mnli"": 0.5702120661735535}"
iTzr7agImr8_7039-7124:person_1,iTzr7agImr8_7039-7124,train,visible_ratio=1.000; gaze_shift_ratio=0.000; occlusion_ratio=0.000; eyes_closed_ratio=0.000; mean_gaze_motion=5.86; attention_stability_score=0.997; dominant_gaze_class=inside_visible; observed_frames=86,,"{""rule-based"": ""focused_attention"", ""zero-shot:facebook/bart-large-mnli"": ""mixed_attention"", ""zero-shot:typeform/distilbert-base-uncased-mnli"": ""exploratory_attention""}","{""rule-based"": 0.84, ""zero-shot:facebook/bart-large-mnli"": 0.313786119222641, ""zero-shot:typeform/distilbert-base-uncased-mnli"": 0.3759583830833435}"
iTzr7agImr8_7039-7124:person_3,iTzr7agImr8_7039-7124,train,visible_ratio=1.000; gaze_shift_ratio=0.000; occlusion_ratio=0.000; eyes_closed_ratio=0.000; mean_gaze_motion=1.04; attention_stability_score=0.999; dominant_gaze_class=inside_visible; observed_frames=45,,"{""rule-based"": ""focused_attention"", ""zero-shot:facebook/bart-large-mnli"": ""focused_attention"", ""zero-shot:typeform/distilbert-base-uncased-mnli"": ""exploratory_attention""}","{""rule-based"": 0.84, ""zero-shot:facebook/bart-large-mnli"": 0.5872166156768799, ""zero-shot:typeform/distilbert-base-uncased-mnli"": 0.5374974608421326}"
iWYy8n6mSwc_10318-10481:person_1,iWYy8n6mSwc_10318-10481,train,visible_ratio=1.000; gaze_shift_ratio=0.000; occlusion_ratio=0.000; eyes_closed_ratio=0.000; mean_gaze_motion=6.74; attention_stability_score=0.997; dominant_gaze_class=inside_visible; observed_frames=164,,"{""rule-based"": ""focused_attention"", ""zero-shot:facebook/bart-large-mnli"": ""reduced_visual_availability"", ""zero-shot:typeform/distilbert-base-uncased-mnli"": ""exploratory_attention""}","{""rule-based"": 0.84, ""zero-shot:facebook/bart-large-mnli"": 0.26075857877731323, ""zero-shot:typeform/distilbert-base-uncased-mnli"": 0.5082931518554688}"
iWYy8n6mSwc_10560-10693:person_1,iWYy8n6mSwc_10560-10693,train,visible_ratio=1.000; gaze_shift_ratio=0.000; occlusion_ratio=0.000; eyes_closed_ratio=0.000; mean_gaze_motion=2.06; attention_stability_score=0.999; dominant_gaze_class=inside_visible; observed_frames=134,,"{""rule-based"": ""focused_attention"", ""zero-shot:facebook/bart-large-mnli"": ""reduced_visual_availability"", ""zero-shot:typeform/distilbert-base-uncased-mnli"": ""exploratory_attention""}","{""rule-based"": 0.84, ""zero-shot:facebook/bart-large-mnli"": 0.2704102694988251, ""zero-shot:typeform/distilbert-base-uncased-mnli"": 0.5322695970535278}"
iWYy8n6mSwc_11685-11947:person_1,iWYy8n6mSwc_11685-11947,train,visible_ratio=0.449; gaze_shift_ratio=0.030; occlusion_ratio=0.198; eyes_closed_ratio=0.000; mean_gaze_motion=7.19; attention_stability_score=0.575; dominant_gaze_class=inside_visible; observed_frames=263,,"{""rule-based"": ""mixed_attention"", ""zero-shot:facebook/bart-large-mnli"": ""occluded_attention"", ""zero-shot:typeform/distilbert-base-uncased-mnli"": ""reduced_visual_availability""}","{""rule-based"": 0.68, ""zero-shot:facebook/bart-large-mnli"": 0.2900876998901367, ""zero-shot:typeform/distilbert-base-uncased-mnli"": 0.2753921151161194}"
iWYy8n6mSwc_11949-12164:person_1,iWYy8n6mSwc_11949-12164,train,visible_ratio=0.444; gaze_shift_ratio=0.023; occlusion_ratio=0.000; eyes_closed_ratio=0.000; mean_gaze_motion=8.27; attention_stability_score=0.551; dominant_gaze_class=outside_frame; observed_frames=216,,"{""rule-based"": ""mixed_attention"", ""zero-shot:facebook/bart-large-mnli"": ""reduced_visual_availability"", ""zero-shot:typeform/distilbert-base-uncased-mnli"": ""reduced_visual_availability""}","{""rule-based"": 0.68, ""zero-shot:facebook/bart-large-mnli"": 0.36924442648887634, ""zero-shot:typeform/distilbert-base-uncased-mnli"": 0.3314906358718872}"
iWYy8n6mSwc_12172-12757:person_1,iWYy8n6mSwc_12172-12757,train,visible_ratio=0.899; gaze_shift_ratio=0.019; occlusion_ratio=0.082; eyes_closed_ratio=0.000; mean_gaze_motion=9.20; attention_stability_score=0.795; dominant_gaze_class=inside_visible; observed_frames=575,,"{""rule-based"": ""focused_attention"", ""zero-shot:facebook/bart-large-mnli"": ""reduced_visual_availability"", ""zero-shot:typeform/distilbert-base-uncased-mnli"": ""occluded_attention""}","{""rule-based"": 0.84, ""zero-shot:facebook/bart-large-mnli"": 0.5018571019172668, ""zero-shot:typeform/distilbert-base-uncased-mnli"": 0.2821292579174042}"
iWYy8n6mSwc_12172-12757:person_2,iWYy8n6mSwc_12172-12757,train,visible_ratio=0.557; gaze_shift_ratio=0.065; occlusion_ratio=0.000; eyes_closed_ratio=0.000; mean_gaze_motion=15.62; attention_stability_score=0.613; dominant_gaze_class=inside_visible; observed_frames=413,,"{""rule-based"": ""mixed_attention"", ""zero-shot:facebook/bart-large-mnli"": ""mixed_attention"", ""zero-shot:typeform/distilbert-base-uncased-mnli"": ""exploratory_attention""}","{""rule-based"": 0.68, ""zero-shot:facebook/bart-large-mnli"": 0.2667795717716217, ""zero-shot:typeform/distilbert-base-uncased-mnli"": 0.30766457319259644}"
iWYy8n6mSwc_13412-13892:person_1,iWYy8n6mSwc_13412-13892,train,visible_ratio=0.782; gaze_shift_ratio=0.044; occlusion_ratio=0.000; eyes_closed_ratio=0.000; mean_gaze_motion=9.42; attention_stability_score=0.763; dominant_gaze_class=inside_visible; observed_frames=481,,"{""rule-based"": ""focused_attention"", ""zero-shot:facebook/bart-large-mnli"": ""mixed_attention"", ""zero-shot:typeform/distilbert-base-uncased-mnli"": ""exploratory_attention""}","{""rule-based"": 0.84, ""zero-shot:facebook/bart-large-mnli"": 0.2572762966156006, ""zero-shot:typeform/distilbert-base-uncased-mnli"": 0.33565396070480347}"
iWYy8n6mSwc_14050-14535:person_1,iWYy8n6mSwc_14050-14535,train,visible_ratio=0.899; gaze_shift_ratio=0.033; occlusion_ratio=0.049; eyes_closed_ratio=0.000; mean_gaze_motion=24.58; attention_stability_score=0.800; dominant_gaze_class=inside_visible; observed_frames=486,,"{""rule-based"": ""focused_attention"", ""zero-shot:facebook/bart-large-mnli"": ""mixed_attention"", ""zero-shot:typeform/distilbert-base-uncased-mnli"": ""occluded_attention""}","{""rule-based"": 0.84, ""zero-shot:facebook/bart-large-mnli"": 0.3382045030593872, ""zero-shot:typeform/distilbert-base-uncased-mnli"": 0.26113131642341614}"
iWYy8n6mSwc_14660-15000:person_2,iWYy8n6mSwc_14660-15000,train,visible_ratio=1.000; gaze_shift_ratio=0.000; occlusion_ratio=0.000; eyes_closed_ratio=0.000; mean_gaze_motion=4.97; attention_stability_score=0.998; dominant_gaze_class=inside_visible; observed_frames=341,,"{""rule-based"": ""focused_attention"", ""zero-shot:facebook/bart-large-mnli"": ""mixed_attention"", ""zero-shot:typeform/distilbert-base-uncased-mnli"": ""exploratory_attention""}","{""rule-based"": 0.84, ""zero-shot:facebook/bart-large-mnli"": 0.3190433084964752, ""zero-shot:typeform/distilbert-base-uncased-mnli"": 0.42066869139671326}"
iWYy8n6mSwc_15570-15842:person_1,iWYy8n6mSwc_15570-15842,train,visible_ratio=0.853; gaze_shift_ratio=0.022; occlusion_ratio=0.015; eyes_closed_ratio=0.000; mean_gaze_motion=8.31; attention_stability_score=0.794; dominant_gaze_class=inside_visible; observed_frames=273,,"{""rule-based"": ""focused_attention"", ""zero-shot:facebook/bart-large-mnli"": ""reduced_visual_availability"", ""zero-shot:typeform/distilbert-base-uncased-mnli"": ""exploratory_attention""}","{""rule-based"": 0.84, ""zero-shot:facebook/bart-large-mnli"": 0.4824504256248474, ""zero-shot:typeform/distilbert-base-uncased-mnli"": 0.2948717474937439}"
iWYy8n6mSwc_16300-16611:person_1,iWYy8n6mSwc_16300-16611,train,visible_ratio=0.965; gaze_shift_ratio=0.035; occlusion_ratio=0.000; eyes_closed_ratio=0.000; mean_gaze_motion=8.02; attention_stability_score=0.902; dominant_gaze_class=inside_visible; observed_frames=312,,"{""rule-based"": ""focused_attention"", ""zero-shot:facebook/bart-large-mnli"": ""focused_attention"", ""zero-shot:typeform/distilbert-base-uncased-mnli"": ""exploratory_attention""}","{""rule-based"": 0.84, ""zero-shot:facebook/bart-large-mnli"": 0.29882732033729553, ""zero-shot:typeform/distilbert-base-uncased-mnli"": 0.32922759652137756}"
iWYy8n6mSwc_1640-1941:person_1,iWYy8n6mSwc_1640-1941,train,visible_ratio=1.000; gaze_shift_ratio=0.000; occlusion_ratio=0.000; eyes_closed_ratio=0.000; mean_gaze_motion=8.13; attention_stability_score=0.996; dominant_gaze_class=inside_visible; observed_frames=302,,"{""rule-based"": ""focused_attention"", ""zero-shot:facebook/bart-large-mnli"": ""exploratory_attention"", ""zero-shot:typeform/distilbert-base-uncased-mnli"": ""exploratory_attention""}","{""rule-based"": 0.84, ""zero-shot:facebook/bart-large-mnli"": 0.4113108515739441, ""zero-shot:typeform/distilbert-base-uncased-mnli"": 0.5154521465301514}"
iWYy8n6mSwc_16691-17091:person_1,iWYy8n6mSwc_16691-17091,train,visible_ratio=0.799; gaze_shift_ratio=0.059; occlusion_ratio=0.000; eyes_closed_ratio=0.000; mean_gaze_motion=14.50; attention_stability_score=0.727; dominant_gaze_class=inside_visible; observed_frames=388,,"{""rule-based"": ""focused_attention"", ""zero-shot:facebook/bart-large-mnli"": ""reduced_visual_availability"", ""zero-shot:typeform/distilbert-base-uncased-mnli"": ""exploratory_attention""}","{""rule-based"": 0.84, ""zero-shot:facebook/bart-large-mnli"": 0.5572651624679565, ""zero-shot:typeform/distilbert-base-uncased-mnli"": 0.3401487171649933}"
iWYy8n6mSwc_17592-17828:person_1,iWYy8n6mSwc_17592-17828,train,visible_ratio=0.979; gaze_shift_ratio=0.021; occlusion_ratio=0.000; eyes_closed_ratio=0.000; mean_gaze_motion=6.17; attention_stability_score=0.939; dominant_gaze_class=inside_visible; observed_frames=237,,"{""rule-based"": ""focused_attention"", ""zero-shot:facebook/bart-large-mnli"": ""exploratory_attention"", ""zero-shot:typeform/distilbert-base-uncased-mnli"": ""exploratory_attention""}","{""rule-based"": 0.84, ""zero-shot:facebook/bart-large-mnli"": 0.4116682708263397, ""zero-shot:typeform/distilbert-base-uncased-mnli"": 0.3696196377277374}"
iWYy8n6mSwc_17842-18035:person_1,iWYy8n6mSwc_17842-18035,train,visible_ratio=0.732; gaze_shift_ratio=0.000; occlusion_ratio=0.000; eyes_closed_ratio=0.000; mean_gaze_motion=12.23; attention_stability_score=0.760; dominant_gaze_class=inside_visible; observed_frames=194,,"{""rule-based"": ""mixed_attention"", ""zero-shot:facebook/bart-large-mnli"": ""focused_attention"", ""zero-shot:typeform/distilbert-base-uncased-mnli"": ""exploratory_attention""}","{""rule-based"": 0.68, ""zero-shot:facebook/bart-large-mnli"": 0.31435996294021606, ""zero-shot:typeform/distilbert-base-uncased-mnli"": 0.3294386863708496}"
iWYy8n6mSwc_17842-18035:person_2,iWYy8n6mSwc_17842-18035,train,visible_ratio=1.000; gaze_shift_ratio=0.000; occlusion_ratio=0.000; eyes_closed_ratio=0.000; mean_gaze_motion=4.28; attention_stability_score=0.998; dominant_gaze_class=inside_visible; observed_frames=194,,"{""rule-based"": ""focused_attention"", ""zero-shot:facebook/bart-large-mnli"": ""focused_attention"", ""zero-shot:typeform/distilbert-base-uncased-mnli"": ""exploratory_attention""}","{""rule-based"": 0.84, ""zero-shot:facebook/bart-large-mnli"": 0.5949258208274841, ""zero-shot:typeform/distilbert-base-uncased-mnli"": 0.5706725120544434}"
iWYy8n6mSwc_18040-18538:person_1,iWYy8n6mSwc_18040-18538,train,visible_ratio=1.000; gaze_shift_ratio=0.000; occlusion_ratio=0.000; eyes_closed_ratio=0.000; mean_gaze_motion=5.67; attention_stability_score=0.997; dominant_gaze_class=inside_visible; observed_frames=499,,"{""rule-based"": ""focused_attention"", ""zero-shot:facebook/bart-large-mnli"": ""mixed_attention"", ""zero-shot:typeform/distilbert-base-uncased-mnli"": ""exploratory_attention""}","{""rule-based"": 0.84, ""zero-shot:facebook/bart-large-mnli"": 0.28316253423690796, ""zero-shot:typeform/distilbert-base-uncased-mnli"": 0.3488672971725464}"
iWYy8n6mSwc_18915-19497:person_2,iWYy8n6mSwc_18915-19497,train,visible_ratio=0.909; gaze_shift_ratio=0.091; occlusion_ratio=0.000; eyes_closed_ratio=0.000; mean_gaze_motion=5.88; attention_stability_score=0.758; dominant_gaze_class=inside_visible; observed_frames=583,,"{""rule-based"": ""focused_attention"", ""zero-shot:facebook/bart-large-mnli"": ""focused_attention"", ""zero-shot:typeform/distilbert-base-uncased-mnli"": ""exploratory_attention""}","{""rule-based"": 0.84, ""zero-shot:facebook/bart-large-mnli"": 0.4015602469444275, ""zero-shot:typeform/distilbert-base-uncased-mnli"": 0.3923088610172272}"
iWYy8n6mSwc_18915-19497:person_3,iWYy8n6mSwc_18915-19497,train,visible_ratio=0.786; gaze_shift_ratio=0.115; occlusion_ratio=0.067; eyes_closed_ratio=0.000; mean_gaze_motion=7.33; attention_stability_score=0.717; dominant_gaze_class=inside_visible; observed_frames=583,,"{""rule-based"": ""mixed_attention"", ""zero-shot:facebook/bart-large-mnli"": ""focused_attention"", ""zero-shot:typeform/distilbert-base-uncased-mnli"": ""reduced_visual_availability""}","{""rule-based"": 0.68, ""zero-shot:facebook/bart-large-mnli"": 0.3433910310268402, ""zero-shot:typeform/distilbert-base-uncased-mnli"": 0.35316020250320435}"
iWYy8n6mSwc_2055-3079:person_2,iWYy8n6mSwc_2055-3079,train,visible_ratio=0.919; gaze_shift_ratio=0.011; occlusion_ratio=0.070; eyes_closed_ratio=0.000; mean_gaze_motion=13.94; attention_stability_score=0.768; dominant_gaze_class=inside_visible; observed_frames=1025,,"{""rule-based"": ""focused_attention"", ""zero-shot:facebook/bart-large-mnli"": ""focused_attention"", ""zero-shot:typeform/distilbert-base-uncased-mnli"": ""exploratory_attention""}","{""rule-based"": 0.84, ""zero-shot:facebook/bart-large-mnli"": 0.34694117307662964, ""zero-shot:typeform/distilbert-base-uncased-mnli"": 0.33275845646858215}"
iWYy8n6mSwc_2055-3079:person_3,iWYy8n6mSwc_2055-3079,train,visible_ratio=0.220; gaze_shift_ratio=0.000; occlusion_ratio=0.490; eyes_closed_ratio=0.000; mean_gaze_motion=14.83; attention_stability_score=0.439; dominant_gaze_class=inside_uncertain; observed_frames=200,,"{""rule-based"": ""occluded_attention"", ""zero-shot:facebook/bart-large-mnli"": ""reduced_visual_availability"", ""zero-shot:typeform/distilbert-base-uncased-mnli"": ""reduced_visual_availability""}","{""rule-based"": 0.74, ""zero-shot:facebook/bart-large-mnli"": 0.640516459941864, ""zero-shot:typeform/distilbert-base-uncased-mnli"": 0.38781437277793884}"
iWYy8n6mSwc_4749-4874:person_1,iWYy8n6mSwc_4749-4874,train,visible_ratio=0.944; gaze_shift_ratio=0.040; occlusion_ratio=0.000; eyes_closed_ratio=0.000; mean_gaze_motion=2.26; attention_stability_score=0.954; dominant_gaze_class=inside_visible; observed_frames=126,,"{""rule-based"": ""focused_attention"", ""zero-shot:facebook/bart-large-mnli"": ""reduced_visual_availability"", ""zero-shot:typeform/distilbert-base-uncased-mnli"": ""exploratory_attention""}","{""rule-based"": 0.84, ""zero-shot:facebook/bart-large-mnli"": 0.45825427770614624, ""zero-shot:typeform/distilbert-base-uncased-mnli"": 0.3796137273311615}"
iWYy8n6mSwc_4877-5032:person_1,iWYy8n6mSwc_4877-5032,train,visible_ratio=1.000; gaze_shift_ratio=0.000; occlusion_ratio=0.000; eyes_closed_ratio=0.000; mean_gaze_motion=3.54; attention_stability_score=0.998; dominant_gaze_class=inside_visible; observed_frames=156,,"{""rule-based"": ""focused_attention"", ""zero-shot:facebook/bart-large-mnli"": ""focused_attention"", ""zero-shot:typeform/distilbert-base-uncased-mnli"": ""exploratory_attention""}","{""rule-based"": 0.84, ""zero-shot:facebook/bart-large-mnli"": 0.3250454366207123, ""zero-shot:typeform/distilbert-base-uncased-mnli"": 0.5183444023132324}"
iWYy8n6mSwc_5429-5630:person_1,iWYy8n6mSwc_5429-5630,train,visible_ratio=0.827; gaze_shift_ratio=0.134; occlusion_ratio=0.000; eyes_closed_ratio=0.000; mean_gaze_motion=10.01; attention_stability_score=0.736; dominant_gaze_class=inside_visible; observed_frames=202,,"{""rule-based"": ""mixed_attention"", ""zero-shot:facebook/bart-large-mnli"": ""mixed_attention"", ""zero-shot:typeform/distilbert-base-uncased-mnli"": ""exploratory_attention""}","{""rule-based"": 0.68, ""zero-shot:facebook/bart-large-mnli"": 0.3531195819377899, ""zero-shot:typeform/distilbert-base-uncased-mnli"": 0.3164205253124237}"
iWYy8n6mSwc_5429-5630:person_2,iWYy8n6mSwc_5429-5630,train,visible_ratio=0.797; gaze_shift_ratio=0.129; occlusion_ratio=0.000; eyes_closed_ratio=0.000; mean_gaze_motion=10.03; attention_stability_score=0.702; dominant_gaze_class=inside_visible; observed_frames=202,,"{""rule-based"": ""mixed_attention"", ""zero-shot:facebook/bart-large-mnli"": ""focused_attention"", ""zero-shot:typeform/distilbert-base-uncased-mnli"": ""exploratory_attention""}","{""rule-based"": 0.68, ""zero-shot:facebook/bart-large-mnli"": 0.2966899275779724, ""zero-shot:typeform/distilbert-base-uncased-mnli"": 0.350190132856369}"
iWYy8n6mSwc_5881-6244:person_1,iWYy8n6mSwc_5881-6244,train,visible_ratio=0.967; gaze_shift_ratio=0.025; occlusion_ratio=0.008; eyes_closed_ratio=0.000; mean_gaze_motion=9.04; attention_stability_score=0.845; dominant_gaze_class=inside_visible; observed_frames=364,,"{""rule-based"": ""focused_attention"", ""zero-shot:facebook/bart-large-mnli"": ""focused_attention"", ""zero-shot:typeform/distilbert-base-uncased-mnli"": ""exploratory_attention""}","{""rule-based"": 0.84, ""zero-shot:facebook/bart-large-mnli"": 0.3466355502605438, ""zero-shot:typeform/distilbert-base-uncased-mnli"": 0.34845978021621704}"
iWYy8n6mSwc_6250-6508:person_1,iWYy8n6mSwc_6250-6508,train,visible_ratio=0.981; gaze_shift_ratio=0.019; occlusion_ratio=0.000; eyes_closed_ratio=0.000; mean_gaze_motion=1.45; attention_stability_score=0.953; dominant_gaze_class=inside_visible; observed_frames=259,,"{""rule-based"": ""focused_attention"", ""zero-shot:facebook/bart-large-mnli"": ""occluded_attention"", ""zero-shot:typeform/distilbert-base-uncased-mnli"": ""exploratory_attention""}","{""rule-based"": 0.84, ""zero-shot:facebook/bart-large-mnli"": 0.31021058559417725, ""zero-shot:typeform/distilbert-base-uncased-mnli"": 0.4480578601360321}"
iWYy8n6mSwc_6567-6724:person_1,iWYy8n6mSwc_6567-6724,train,visible_ratio=0.671; gaze_shift_ratio=0.000; occlusion_ratio=0.329; eyes_closed_ratio=0.000; mean_gaze_motion=7.08; attention_stability_score=0.703; dominant_gaze_class=inside_visible; observed_frames=158,,"{""rule-based"": ""mixed_attention"", ""zero-shot:facebook/bart-large-mnli"": ""reduced_visual_availability"", ""zero-shot:typeform/distilbert-base-uncased-mnli"": ""exploratory_attention""}","{""rule-based"": 0.68, ""zero-shot:facebook/bart-large-mnli"": 0.5537195801734924, ""zero-shot:typeform/distilbert-base-uncased-mnli"": 0.2803140878677368}"
iWYy8n6mSwc_6894-7009:person_1,iWYy8n6mSwc_6894-7009,train,visible_ratio=1.000; gaze_shift_ratio=0.000; occlusion_ratio=0.000; eyes_closed_ratio=0.000; mean_gaze_motion=2.70; attention_stability_score=0.999; dominant_gaze_class=inside_visible; observed_frames=116,,"{""rule-based"": ""focused_attention"", ""zero-shot:facebook/bart-large-mnli"": ""focused_attention"", ""zero-shot:typeform/distilbert-base-uncased-mnli"": ""exploratory_attention""}","{""rule-based"": 0.84, ""zero-shot:facebook/bart-large-mnli"": 0.6065180897712708, ""zero-shot:typeform/distilbert-base-uncased-mnli"": 0.5311258435249329}"
iWYy8n6mSwc_7471-7653:person_2,iWYy8n6mSwc_7471-7653,train,visible_ratio=0.962; gaze_shift_ratio=0.000; occlusion_ratio=0.000; eyes_closed_ratio=0.000; mean_gaze_motion=18.60; attention_stability_score=0.964; dominant_gaze_class=inside_visible; observed_frames=183,,"{""rule-based"": ""focused_attention"", ""zero-shot:facebook/bart-large-mnli"": ""focused_attention"", ""zero-shot:typeform/distilbert-base-uncased-mnli"": ""exploratory_attention""}","{""rule-based"": 0.84, ""zero-shot:facebook/bart-large-mnli"": 0.412620484828949, ""zero-shot:typeform/distilbert-base-uncased-mnli"": 0.3441803753376007}"
iWYy8n6mSwc_7471-7653:person_3,iWYy8n6mSwc_7471-7653,train,visible_ratio=0.596; gaze_shift_ratio=0.000; occlusion_ratio=0.404; eyes_closed_ratio=0.000; mean_gaze_motion=12.22; attention_stability_score=0.711; dominant_gaze_class=inside_visible; observed_frames=183,,"{""rule-based"": ""occluded_attention"", ""zero-shot:facebook/bart-large-mnli"": ""focused_attention"", ""zero-shot:typeform/distilbert-base-uncased-mnli"": ""exploratory_attention""}","{""rule-based"": 0.74, ""zero-shot:facebook/bart-large-mnli"": 0.4957903325557709, ""zero-shot:typeform/distilbert-base-uncased-mnli"": 0.3210933804512024}"
iWYy8n6mSwc_7892-8171:person_2,iWYy8n6mSwc_7892-8171,train,visible_ratio=0.929; gaze_shift_ratio=0.032; occlusion_ratio=0.000; eyes_closed_ratio=0.000; mean_gaze_motion=3.05; attention_stability_score=0.879; dominant_gaze_class=inside_visible; observed_frames=280,,"{""rule-based"": ""focused_attention"", ""zero-shot:facebook/bart-large-mnli"": ""reduced_visual_availability"", ""zero-shot:typeform/distilbert-base-uncased-mnli"": ""exploratory_attention""}","{""rule-based"": 0.84, ""zero-shot:facebook/bart-large-mnli"": 0.5943293571472168, ""zero-shot:typeform/distilbert-base-uncased-mnli"": 0.3029094338417053}"
iWYy8n6mSwc_7892-8171:person_3,iWYy8n6mSwc_7892-8171,train,visible_ratio=0.500; gaze_shift_ratio=0.064; occlusion_ratio=0.300; eyes_closed_ratio=0.000; mean_gaze_motion=8.60; attention_stability_score=0.572; dominant_gaze_class=inside_visible; observed_frames=280,,"{""rule-based"": ""mixed_attention"", ""zero-shot:facebook/bart-large-mnli"": ""focused_attention"", ""zero-shot:typeform/distilbert-base-uncased-mnli"": ""reduced_visual_availability""}","{""rule-based"": 0.68, ""zero-shot:facebook/bart-large-mnli"": 0.3827151954174042, ""zero-shot:typeform/distilbert-base-uncased-mnli"": 0.34643542766571045}"
iWYy8n6mSwc_814-944:person_1,iWYy8n6mSwc_814-944,train,visible_ratio=1.000; gaze_shift_ratio=0.000; occlusion_ratio=0.000; eyes_closed_ratio=0.000; mean_gaze_motion=9.55; attention_stability_score=0.995; dominant_gaze_class=inside_visible; observed_frames=131,,"{""rule-based"": ""focused_attention"", ""zero-shot:facebook/bart-large-mnli"": ""reduced_visual_availability"", ""zero-shot:typeform/distilbert-base-uncased-mnli"": ""exploratory_attention""}","{""rule-based"": 0.84, ""zero-shot:facebook/bart-large-mnli"": 0.33406466245651245, ""zero-shot:typeform/distilbert-base-uncased-mnli"": 0.37147387862205505}"
iWYy8n6mSwc_8384-8850:person_2,iWYy8n6mSwc_8384-8850,train,visible_ratio=0.889; gaze_shift_ratio=0.024; occlusion_ratio=0.000; eyes_closed_ratio=0.000; mean_gaze_motion=5.97; attention_stability_score=0.915; dominant_gaze_class=inside_visible; observed_frames=467,,"{""rule-based"": ""focused_attention"", ""zero-shot:facebook/bart-large-mnli"": ""reduced_visual_availability"", ""zero-shot:typeform/distilbert-base-uncased-mnli"": ""exploratory_attention""}","{""rule-based"": 0.84, ""zero-shot:facebook/bart-large-mnli"": 0.5576665997505188, ""zero-shot:typeform/distilbert-base-uncased-mnli"": 0.32805341482162476}"
iWYy8n6mSwc_8918-8980:person_1,iWYy8n6mSwc_8918-8980,train,visible_ratio=0.952; gaze_shift_ratio=0.048; occlusion_ratio=0.000; eyes_closed_ratio=0.000; mean_gaze_motion=12.38; attention_stability_score=0.898; dominant_gaze_class=inside_visible; observed_frames=63,,"{""rule-based"": ""focused_attention"", ""zero-shot:facebook/bart-large-mnli"": ""occluded_attention"", ""zero-shot:typeform/distilbert-base-uncased-mnli"": ""exploratory_attention""}","{""rule-based"": 0.84, ""zero-shot:facebook/bart-large-mnli"": 0.27057769894599915, ""zero-shot:typeform/distilbert-base-uncased-mnli"": 0.4321107268333435}"
iWYy8n6mSwc_8918-8980:person_3,iWYy8n6mSwc_8918-8980,train,visible_ratio=0.587; gaze_shift_ratio=0.238; occlusion_ratio=0.000; eyes_closed_ratio=0.000; mean_gaze_motion=19.28; attention_stability_score=0.610; dominant_gaze_class=inside_visible; observed_frames=63,,"{""rule-based"": ""exploratory_attention"", ""zero-shot:facebook/bart-large-mnli"": ""mixed_attention"", ""zero-shot:typeform/distilbert-base-uncased-mnli"": ""exploratory_attention""}","{""rule-based"": 0.8, ""zero-shot:facebook/bart-large-mnli"": 0.3070828318595886, ""zero-shot:typeform/distilbert-base-uncased-mnli"": 0.3600384294986725}"
iWYy8n6mSwc_9140-9457:person_1,iWYy8n6mSwc_9140-9457,train,visible_ratio=1.000; gaze_shift_ratio=0.000; occlusion_ratio=0.000; eyes_closed_ratio=0.000; mean_gaze_motion=3.47; attention_stability_score=0.998; dominant_gaze_class=inside_visible; observed_frames=318,,"{""rule-based"": ""focused_attention"", ""zero-shot:facebook/bart-large-mnli"": ""reduced_visual_availability"", ""zero-shot:typeform/distilbert-base-uncased-mnli"": ""exploratory_attention""}","{""rule-based"": 0.84, ""zero-shot:facebook/bart-large-mnli"": 0.28040242195129395, ""zero-shot:typeform/distilbert-base-uncased-mnli"": 0.5004311800003052}"
iWYy8n6mSwc_949-1017:person_1,iWYy8n6mSwc_949-1017,train,visible_ratio=0.899; gaze_shift_ratio=0.000; occlusion_ratio=0.101; eyes_closed_ratio=0.000; mean_gaze_motion=18.16; attention_stability_score=0.876; dominant_gaze_class=inside_visible; observed_frames=69,,"{""rule-based"": ""focused_attention"", ""zero-shot:facebook/bart-large-mnli"": ""mixed_attention"", ""zero-shot:typeform/distilbert-base-uncased-mnli"": ""exploratory_attention""}","{""rule-based"": 0.84, ""zero-shot:facebook/bart-large-mnli"": 0.36134040355682373, ""zero-shot:typeform/distilbert-base-uncased-mnli"": 0.2771443724632263}"
iWYy8n6mSwc_949-1017:person_2,iWYy8n6mSwc_949-1017,train,visible_ratio=0.391; gaze_shift_ratio=0.101; occlusion_ratio=0.000; eyes_closed_ratio=0.000; mean_gaze_motion=8.48; attention_stability_score=0.525; dominant_gaze_class=outside_frame; observed_frames=69,,"{""rule-based"": ""mixed_attention"", ""zero-shot:facebook/bart-large-mnli"": ""reduced_visual_availability"", ""zero-shot:typeform/distilbert-base-uncased-mnli"": ""reduced_visual_availability""}","{""rule-based"": 0.68, ""zero-shot:facebook/bart-large-mnli"": 0.37460899353027344, ""zero-shot:typeform/distilbert-base-uncased-mnli"": 0.5233575105667114}"
iWYy8n6mSwc_9601-9788:person_1,iWYy8n6mSwc_9601-9788,train,visible_ratio=0.777; gaze_shift_ratio=0.048; occlusion_ratio=0.000; eyes_closed_ratio=0.000; mean_gaze_motion=2.43; attention_stability_score=0.825; dominant_gaze_class=inside_visible; observed_frames=188,,"{""rule-based"": ""focused_attention"", ""zero-shot:facebook/bart-large-mnli"": ""focused_attention"", ""zero-shot:typeform/distilbert-base-uncased-mnli"": ""exploratory_attention""}","{""rule-based"": 0.84, ""zero-shot:facebook/bart-large-mnli"": 0.4108833074569702, ""zero-shot:typeform/distilbert-base-uncased-mnli"": 0.32418516278266907}"
iWYy8n6mSwc_9801-10085:person_1,iWYy8n6mSwc_9801-10085,train,visible_ratio=0.765; gaze_shift_ratio=0.042; occlusion_ratio=0.193; eyes_closed_ratio=0.000; mean_gaze_motion=5.78; attention_stability_score=0.747; dominant_gaze_class=inside_visible; observed_frames=238,,"{""rule-based"": ""focused_attention"", ""zero-shot:facebook/bart-large-mnli"": ""mixed_attention"", ""zero-shot:typeform/distilbert-base-uncased-mnli"": ""exploratory_attention""}","{""rule-based"": 0.84, ""zero-shot:facebook/bart-large-mnli"": 0.32595404982566833, ""zero-shot:typeform/distilbert-base-uncased-mnli"": 0.2673233151435852}"
iZHhWklQwmQ_1356-1546:person_1,iZHhWklQwmQ_1356-1546,train,visible_ratio=0.969; gaze_shift_ratio=0.031; occlusion_ratio=0.000; eyes_closed_ratio=0.000; mean_gaze_motion=16.33; attention_stability_score=0.947; dominant_gaze_class=inside_visible; observed_frames=191,,"{""rule-based"": ""focused_attention"", ""zero-shot:facebook/bart-large-mnli"": ""mixed_attention"", ""zero-shot:typeform/distilbert-base-uncased-mnli"": ""exploratory_attention""}","{""rule-based"": 0.84, ""zero-shot:facebook/bart-large-mnli"": 0.28527727723121643, ""zero-shot:typeform/distilbert-base-uncased-mnli"": 0.3634742200374603}"
iZHhWklQwmQ_2136-3006:person_2,iZHhWklQwmQ_2136-3006,train,visible_ratio=0.873; gaze_shift_ratio=0.096; occlusion_ratio=0.000; eyes_closed_ratio=0.000; mean_gaze_motion=10.03; attention_stability_score=0.729; dominant_gaze_class=inside_visible; observed_frames=871,,"{""rule-based"": ""focused_attention"", ""zero-shot:facebook/bart-large-mnli"": ""mixed_attention"", ""zero-shot:typeform/distilbert-base-uncased-mnli"": ""exploratory_attention""}","{""rule-based"": 0.84, ""zero-shot:facebook/bart-large-mnli"": 0.3391474485397339, ""zero-shot:typeform/distilbert-base-uncased-mnli"": 0.31658855080604553}"
iZHhWklQwmQ_3660-3831:person_1,iZHhWklQwmQ_3660-3831,train,visible_ratio=0.849; gaze_shift_ratio=0.035; occlusion_ratio=0.035; eyes_closed_ratio=0.000; mean_gaze_motion=12.12; attention_stability_score=0.848; dominant_gaze_class=inside_visible; observed_frames=172,,"{""rule-based"": ""focused_attention"", ""zero-shot:facebook/bart-large-mnli"": ""mixed_attention"", ""zero-shot:typeform/distilbert-base-uncased-mnli"": ""exploratory_attention""}","{""rule-based"": 0.84, ""zero-shot:facebook/bart-large-mnli"": 0.3047088384628296, ""zero-shot:typeform/distilbert-base-uncased-mnli"": 0.3043319880962372}"
iZHhWklQwmQ_3660-3831:person_3,iZHhWklQwmQ_3660-3831,train,visible_ratio=1.000; gaze_shift_ratio=0.000; occlusion_ratio=0.000; eyes_closed_ratio=0.000; mean_gaze_motion=9.17; attention_stability_score=0.995; dominant_gaze_class=inside_visible; observed_frames=172,,"{""rule-based"": ""focused_attention"", ""zero-shot:facebook/bart-large-mnli"": ""mixed_attention"", ""zero-shot:typeform/distilbert-base-uncased-mnli"": ""exploratory_attention""}","{""rule-based"": 0.84, ""zero-shot:facebook/bart-large-mnli"": 0.26592132449150085, ""zero-shot:typeform/distilbert-base-uncased-mnli"": 0.3631367087364197}"
iZHhWklQwmQ_5140-5473:person_2,iZHhWklQwmQ_5140-5473,train,visible_ratio=0.976; gaze_shift_ratio=0.024; occlusion_ratio=0.000; eyes_closed_ratio=0.000; mean_gaze_motion=5.79; attention_stability_score=0.940; dominant_gaze_class=inside_visible; observed_frames=334,,"{""rule-based"": ""focused_attention"", ""zero-shot:facebook/bart-large-mnli"": ""focused_attention"", ""zero-shot:typeform/distilbert-base-uncased-mnli"": ""exploratory_attention""}","{""rule-based"": 0.84, ""zero-shot:facebook/bart-large-mnli"": 0.3044443726539612, ""zero-shot:typeform/distilbert-base-uncased-mnli"": 0.3210771679878235}"
iZHhWklQwmQ_5140-5473:person_3,iZHhWklQwmQ_5140-5473,train,visible_ratio=0.907; gaze_shift_ratio=0.015; occlusion_ratio=0.078; eyes_closed_ratio=0.000; mean_gaze_motion=5.42; attention_stability_score=0.896; dominant_gaze_class=inside_visible; observed_frames=334,,"{""rule-based"": ""focused_attention"", ""zero-shot:facebook/bart-large-mnli"": ""reduced_visual_availability"", ""zero-shot:typeform/distilbert-base-uncased-mnli"": ""occluded_attention""}","{""rule-based"": 0.84, ""zero-shot:facebook/bart-large-mnli"": 0.47165778279304504, ""zero-shot:typeform/distilbert-base-uncased-mnli"": 0.28695935010910034}"
ivX3JXIV1W4_1-1920:person_1,ivX3JXIV1W4_1-1920,test,visible_ratio=0.728; gaze_shift_ratio=0.219; occlusion_ratio=0.003; eyes_closed_ratio=0.000; mean_gaze_motion=1.85; attention_stability_score=0.660; dominant_gaze_class=inside_visible; observed_frames=1920,exploratory_attention,"{""rule-based"": ""exploratory_attention"", ""zero-shot:facebook/bart-large-mnli"": ""focused_attention"", ""zero-shot:typeform/distilbert-base-uncased-mnli"": ""exploratory_attention""}","{""rule-based"": 0.8, ""zero-shot:facebook/bart-large-mnli"": 0.5102940797805786, ""zero-shot:typeform/distilbert-base-uncased-mnli"": 0.3212951421737671}"
ivX3JXIV1W4_1-1920:person_2,ivX3JXIV1W4_1-1920,test,visible_ratio=0.957; gaze_shift_ratio=0.038; occlusion_ratio=0.001; eyes_closed_ratio=0.000; mean_gaze_motion=5.11; attention_stability_score=0.790; dominant_gaze_class=inside_visible; observed_frames=1920,,"{""rule-based"": ""focused_attention"", ""zero-shot:facebook/bart-large-mnli"": ""focused_attention"", ""zero-shot:typeform/distilbert-base-uncased-mnli"": ""exploratory_attention""}","{""rule-based"": 0.84, ""zero-shot:facebook/bart-large-mnli"": 0.3330761790275574, ""zero-shot:typeform/distilbert-base-uncased-mnli"": 0.3226850628852844}"
jSOSCiJx_nM_1335-1425:person_1,jSOSCiJx_nM_1335-1425,train,visible_ratio=0.637; gaze_shift_ratio=0.055; occlusion_ratio=0.055; eyes_closed_ratio=0.000; mean_gaze_motion=14.63; attention_stability_score=0.725; dominant_gaze_class=inside_visible; observed_frames=91,,"{""rule-based"": ""mixed_attention"", ""zero-shot:facebook/bart-large-mnli"": ""reduced_visual_availability"", ""zero-shot:typeform/distilbert-base-uncased-mnli"": ""reduced_visual_availability""}","{""rule-based"": 0.68, ""zero-shot:facebook/bart-large-mnli"": 0.4500659108161926, ""zero-shot:typeform/distilbert-base-uncased-mnli"": 0.2958861291408539}"
jSOSCiJx_nM_1640-1789:person_1,jSOSCiJx_nM_1640-1789,train,visible_ratio=0.700; gaze_shift_ratio=0.047; occlusion_ratio=0.000; eyes_closed_ratio=0.000; mean_gaze_motion=3.86; attention_stability_score=0.708; dominant_gaze_class=inside_visible; observed_frames=150,,"{""rule-based"": ""mixed_attention"", ""zero-shot:facebook/bart-large-mnli"": ""occluded_attention"", ""zero-shot:typeform/distilbert-base-uncased-mnli"": ""reduced_visual_availability""}","{""rule-based"": 0.68, ""zero-shot:facebook/bart-large-mnli"": 0.3195399045944214, ""zero-shot:typeform/distilbert-base-uncased-mnli"": 0.3776980936527252}"
jSOSCiJx_nM_1806-1980:person_1,jSOSCiJx_nM_1806-1980,train,visible_ratio=1.000; gaze_shift_ratio=0.000; occlusion_ratio=0.000; eyes_closed_ratio=0.000; mean_gaze_motion=0.90; attention_stability_score=1.000; dominant_gaze_class=inside_visible; observed_frames=175,,"{""rule-based"": ""focused_attention"", ""zero-shot:facebook/bart-large-mnli"": ""focused_attention"", ""zero-shot:typeform/distilbert-base-uncased-mnli"": ""exploratory_attention""}","{""rule-based"": 0.84, ""zero-shot:facebook/bart-large-mnli"": 0.5736173987388611, ""zero-shot:typeform/distilbert-base-uncased-mnli"": 0.5376370549201965}"
jSOSCiJx_nM_2662-2717:person_1,jSOSCiJx_nM_2662-2717,train,visible_ratio=1.000; gaze_shift_ratio=0.000; occlusion_ratio=0.000; eyes_closed_ratio=0.000; mean_gaze_motion=6.36; attention_stability_score=0.997; dominant_gaze_class=inside_visible; observed_frames=56,,"{""rule-based"": ""focused_attention"", ""zero-shot:facebook/bart-large-mnli"": ""mixed_attention"", ""zero-shot:typeform/distilbert-base-uncased-mnli"": ""exploratory_attention""}","{""rule-based"": 0.84, ""zero-shot:facebook/bart-large-mnli"": 0.31686267256736755, ""zero-shot:typeform/distilbert-base-uncased-mnli"": 0.3719481825828552}"
jSOSCiJx_nM_271-458:person_1,jSOSCiJx_nM_271-458,train,visible_ratio=1.000; gaze_shift_ratio=0.000; occlusion_ratio=0.000; eyes_closed_ratio=0.000; mean_gaze_motion=5.13; attention_stability_score=0.997; dominant_gaze_class=inside_visible; observed_frames=188,,"{""rule-based"": ""focused_attention"", ""zero-shot:facebook/bart-large-mnli"": ""mixed_attention"", ""zero-shot:typeform/distilbert-base-uncased-mnli"": ""exploratory_attention""}","{""rule-based"": 0.84, ""zero-shot:facebook/bart-large-mnli"": 0.3347082734107971, ""zero-shot:typeform/distilbert-base-uncased-mnli"": 0.4577179551124573}"
jSOSCiJx_nM_3339-3518:person_1,jSOSCiJx_nM_3339-3518,train,visible_ratio=1.000; gaze_shift_ratio=0.000; occlusion_ratio=0.000; eyes_closed_ratio=0.000; mean_gaze_motion=4.35; attention_stability_score=0.998; dominant_gaze_class=inside_visible; observed_frames=180,,"{""rule-based"": ""focused_attention"", ""zero-shot:facebook/bart-large-mnli"": ""focused_attention"", ""zero-shot:typeform/distilbert-base-uncased-mnli"": ""exploratory_attention""}","{""rule-based"": 0.84, ""zero-shot:facebook/bart-large-mnli"": 0.32483911514282227, ""zero-shot:typeform/distilbert-base-uncased-mnli"": 0.41359269618988037}"
jSOSCiJx_nM_476-589:person_1,jSOSCiJx_nM_476-589,train,visible_ratio=0.965; gaze_shift_ratio=0.000; occlusion_ratio=0.000; eyes_closed_ratio=0.035; mean_gaze_motion=6.83; attention_stability_score=0.961; dominant_gaze_class=inside_visible; observed_frames=114,,"{""rule-based"": ""focused_attention"", ""zero-shot:facebook/bart-large-mnli"": ""occluded_attention"", ""zero-shot:typeform/distilbert-base-uncased-mnli"": ""exploratory_attention""}","{""rule-based"": 0.84, ""zero-shot:facebook/bart-large-mnli"": 0.2781858742237091, ""zero-shot:typeform/distilbert-base-uncased-mnli"": 0.3308431804180145}"
jSOSCiJx_nM_595-728:person_2,jSOSCiJx_nM_595-728,train,visible_ratio=1.000; gaze_shift_ratio=0.000; occlusion_ratio=0.000; eyes_closed_ratio=0.000; mean_gaze_motion=6.01; attention_stability_score=0.997; dominant_gaze_class=inside_visible; observed_frames=134,,"{""rule-based"": ""focused_attention"", ""zero-shot:facebook/bart-large-mnli"": ""focused_attention"", ""zero-shot:typeform/distilbert-base-uncased-mnli"": ""exploratory_attention""}","{""rule-based"": 0.84, ""zero-shot:facebook/bart-large-mnli"": 0.5771026611328125, ""zero-shot:typeform/distilbert-base-uncased-mnli"": 0.5707982778549194}"
jSOSCiJx_nM_736-828:person_1,jSOSCiJx_nM_736-828,train,visible_ratio=0.957; gaze_shift_ratio=0.043; occlusion_ratio=0.000; eyes_closed_ratio=0.000; mean_gaze_motion=6.53; attention_stability_score=0.933; dominant_gaze_class=inside_visible; observed_frames=93,,"{""rule-based"": ""focused_attention"", ""zero-shot:facebook/bart-large-mnli"": ""occluded_attention"", ""zero-shot:typeform/distilbert-base-uncased-mnli"": ""exploratory_attention""}","{""rule-based"": 0.84, ""zero-shot:facebook/bart-large-mnli"": 0.2961815893650055, ""zero-shot:typeform/distilbert-base-uncased-mnli"": 0.4403430223464966}"
jSOSCiJx_nM_968-1047:person_2,jSOSCiJx_nM_968-1047,train,visible_ratio=1.000; gaze_shift_ratio=0.000; occlusion_ratio=0.000; eyes_closed_ratio=0.000; mean_gaze_motion=0.03; attention_stability_score=1.000; dominant_gaze_class=inside_visible; observed_frames=80,,"{""rule-based"": ""focused_attention"", ""zero-shot:facebook/bart-large-mnli"": ""focused_attention"", ""zero-shot:typeform/distilbert-base-uncased-mnli"": ""exploratory_attention""}","{""rule-based"": 0.84, ""zero-shot:facebook/bart-large-mnli"": 0.5599724054336548, ""zero-shot:typeform/distilbert-base-uncased-mnli"": 0.5346070528030396}"
jT5WV_7EJr8_1318-1666:person_2,jT5WV_7EJr8_1318-1666,train,visible_ratio=0.808; gaze_shift_ratio=0.009; occlusion_ratio=0.000; eyes_closed_ratio=0.000; mean_gaze_motion=10.67; attention_stability_score=0.818; dominant_gaze_class=inside_visible; observed_frames=349,,"{""rule-based"": ""focused_attention"", ""zero-shot:facebook/bart-large-mnli"": ""focused_attention"", ""zero-shot:typeform/distilbert-base-uncased-mnli"": ""exploratory_attention""}","{""rule-based"": 0.84, ""zero-shot:facebook/bart-large-mnli"": 0.4509793519973755, ""zero-shot:typeform/distilbert-base-uncased-mnli"": 0.3256841003894806}"
jT5WV_7EJr8_1318-1666:person_3,jT5WV_7EJr8_1318-1666,train,visible_ratio=0.980; gaze_shift_ratio=0.020; occlusion_ratio=0.000; eyes_closed_ratio=0.000; mean_gaze_motion=10.65; attention_stability_score=0.884; dominant_gaze_class=inside_visible; observed_frames=349,,"{""rule-based"": ""focused_attention"", ""zero-shot:facebook/bart-large-mnli"": ""occluded_attention"", ""zero-shot:typeform/distilbert-base-uncased-mnli"": ""exploratory_attention""}","{""rule-based"": 0.84, ""zero-shot:facebook/bart-large-mnli"": 0.26736998558044434, ""zero-shot:typeform/distilbert-base-uncased-mnli"": 0.38095754384994507}"
jT5WV_7EJr8_1675-1917:person_2,jT5WV_7EJr8_1675-1917,train,visible_ratio=1.000; gaze_shift_ratio=0.000; occlusion_ratio=0.000; eyes_closed_ratio=0.000; mean_gaze_motion=10.16; attention_stability_score=0.995; dominant_gaze_class=inside_visible; observed_frames=243,,"{""rule-based"": ""focused_attention"", ""zero-shot:facebook/bart-large-mnli"": ""mixed_attention"", ""zero-shot:typeform/distilbert-base-uncased-mnli"": ""exploratory_attention""}","{""rule-based"": 0.84, ""zero-shot:facebook/bart-large-mnli"": 0.2833320200443268, ""zero-shot:typeform/distilbert-base-uncased-mnli"": 0.3876049220561981}"
jT5WV_7EJr8_1927-2421:person_2,jT5WV_7EJr8_1927-2421,train,visible_ratio=0.903; gaze_shift_ratio=0.055; occlusion_ratio=0.042; eyes_closed_ratio=0.000; mean_gaze_motion=7.51; attention_stability_score=0.856; dominant_gaze_class=inside_visible; observed_frames=495,,"{""rule-based"": ""focused_attention"", ""zero-shot:facebook/bart-large-mnli"": ""reduced_visual_availability"", ""zero-shot:typeform/distilbert-base-uncased-mnli"": ""occluded_attention""}","{""rule-based"": 0.84, ""zero-shot:facebook/bart-large-mnli"": 0.3195664584636688, ""zero-shot:typeform/distilbert-base-uncased-mnli"": 0.2903180420398712}"
jT5WV_7EJr8_1927-2421:person_3,jT5WV_7EJr8_1927-2421,train,visible_ratio=0.869; gaze_shift_ratio=0.057; occlusion_ratio=0.075; eyes_closed_ratio=0.000; mean_gaze_motion=6.48; attention_stability_score=0.809; dominant_gaze_class=inside_visible; observed_frames=495,,"{""rule-based"": ""focused_attention"", ""zero-shot:facebook/bart-large-mnli"": ""reduced_visual_availability"", ""zero-shot:typeform/distilbert-base-uncased-mnli"": ""exploratory_attention""}","{""rule-based"": 0.84, ""zero-shot:facebook/bart-large-mnli"": 0.36223629117012024, ""zero-shot:typeform/distilbert-base-uncased-mnli"": 0.2841968238353729}"
jT5WV_7EJr8_3748-4057:person_2,jT5WV_7EJr8_3748-4057,train,visible_ratio=1.000; gaze_shift_ratio=0.000; occlusion_ratio=0.000; eyes_closed_ratio=0.000; mean_gaze_motion=5.63; attention_stability_score=0.997; dominant_gaze_class=inside_visible; observed_frames=310,,"{""rule-based"": ""focused_attention"", ""zero-shot:facebook/bart-large-mnli"": ""focused_attention"", ""zero-shot:typeform/distilbert-base-uncased-mnli"": ""exploratory_attention""}","{""rule-based"": 0.84, ""zero-shot:facebook/bart-large-mnli"": 0.2575452923774719, ""zero-shot:typeform/distilbert-base-uncased-mnli"": 0.3734581768512726}"
jT5WV_7EJr8_3748-4057:person_3,jT5WV_7EJr8_3748-4057,train,visible_ratio=1.000; gaze_shift_ratio=0.000; occlusion_ratio=0.000; eyes_closed_ratio=0.000; mean_gaze_motion=6.44; attention_stability_score=0.997; dominant_gaze_class=inside_visible; observed_frames=310,,"{""rule-based"": ""focused_attention"", ""zero-shot:facebook/bart-large-mnli"": ""mixed_attention"", ""zero-shot:typeform/distilbert-base-uncased-mnli"": ""exploratory_attention""}","{""rule-based"": 0.84, ""zero-shot:facebook/bart-large-mnli"": 0.3220209777355194, ""zero-shot:typeform/distilbert-base-uncased-mnli"": 0.4268214702606201}"
jisAfi381WM_2314-2872:person_1,jisAfi381WM_2314-2872,train,visible_ratio=0.725; gaze_shift_ratio=0.134; occlusion_ratio=0.000; eyes_closed_ratio=0.000; mean_gaze_motion=22.08; attention_stability_score=0.668; dominant_gaze_class=inside_visible; observed_frames=559,,"{""rule-based"": ""mixed_attention"", ""zero-shot:facebook/bart-large-mnli"": ""mixed_attention"", ""zero-shot:typeform/distilbert-base-uncased-mnli"": ""exploratory_attention""}","{""rule-based"": 0.68, ""zero-shot:facebook/bart-large-mnli"": 0.3449861407279968, ""zero-shot:typeform/distilbert-base-uncased-mnli"": 0.30863845348358154}"
jisAfi381WM_5329-5481:person_1,jisAfi381WM_5329-5481,train,visible_ratio=0.935; gaze_shift_ratio=0.033; occlusion_ratio=0.000; eyes_closed_ratio=0.000; mean_gaze_motion=4.59; attention_stability_score=0.947; dominant_gaze_class=inside_visible; observed_frames=153,,"{""rule-based"": ""focused_attention"", ""zero-shot:facebook/bart-large-mnli"": ""occluded_attention"", ""zero-shot:typeform/distilbert-base-uncased-mnli"": ""exploratory_attention""}","{""rule-based"": 0.84, ""zero-shot:facebook/bart-large-mnli"": 0.32947856187820435, ""zero-shot:typeform/distilbert-base-uncased-mnli"": 0.29496854543685913}"
jisAfi381WM_940-1443:person_1,jisAfi381WM_940-1443,train,visible_ratio=0.639; gaze_shift_ratio=0.040; occlusion_ratio=0.042; eyes_closed_ratio=0.000; mean_gaze_motion=12.62; attention_stability_score=0.621; dominant_gaze_class=inside_visible; observed_frames=504,,"{""rule-based"": ""mixed_attention"", ""zero-shot:facebook/bart-large-mnli"": ""reduced_visual_availability"", ""zero-shot:typeform/distilbert-base-uncased-mnli"": ""exploratory_attention""}","{""rule-based"": 0.68, ""zero-shot:facebook/bart-large-mnli"": 0.4312835931777954, ""zero-shot:typeform/distilbert-base-uncased-mnli"": 0.33464863896369934}"
js4wxP9HxG0_3496-3539:person_1,js4wxP9HxG0_3496-3539,train,visible_ratio=1.000; gaze_shift_ratio=0.000; occlusion_ratio=0.000; eyes_closed_ratio=0.000; mean_gaze_motion=28.70; attention_stability_score=0.986; dominant_gaze_class=inside_visible; observed_frames=44,,"{""rule-based"": ""focused_attention"", ""zero-shot:facebook/bart-large-mnli"": ""mixed_attention"", ""zero-shot:typeform/distilbert-base-uncased-mnli"": ""exploratory_attention""}","{""rule-based"": 0.84, ""zero-shot:facebook/bart-large-mnli"": 0.31747204065322876, ""zero-shot:typeform/distilbert-base-uncased-mnli"": 0.37669074535369873}"
js4wxP9HxG0_3589-3760:person_1,js4wxP9HxG0_3589-3760,train,visible_ratio=0.884; gaze_shift_ratio=0.000; occlusion_ratio=0.116; eyes_closed_ratio=0.000; mean_gaze_motion=14.38; attention_stability_score=0.891; dominant_gaze_class=inside_visible; observed_frames=172,,"{""rule-based"": ""focused_attention"", ""zero-shot:facebook/bart-large-mnli"": ""reduced_visual_availability"", ""zero-shot:typeform/distilbert-base-uncased-mnli"": ""occluded_attention""}","{""rule-based"": 0.84, ""zero-shot:facebook/bart-large-mnli"": 0.30397000908851624, ""zero-shot:typeform/distilbert-base-uncased-mnli"": 0.3146003782749176}"
lEeraAOgcKc_1509-1714:person_2,lEeraAOgcKc_1509-1714,train,visible_ratio=0.956; gaze_shift_ratio=0.044; occlusion_ratio=0.000; eyes_closed_ratio=0.000; mean_gaze_motion=15.68; attention_stability_score=0.904; dominant_gaze_class=inside_visible; observed_frames=206,,"{""rule-based"": ""focused_attention"", ""zero-shot:facebook/bart-large-mnli"": ""occluded_attention"", ""zero-shot:typeform/distilbert-base-uncased-mnli"": ""exploratory_attention""}","{""rule-based"": 0.84, ""zero-shot:facebook/bart-large-mnli"": 0.2783610224723816, ""zero-shot:typeform/distilbert-base-uncased-mnli"": 0.38023948669433594}"
lEeraAOgcKc_1509-1714:person_3,lEeraAOgcKc_1509-1714,train,visible_ratio=0.933; gaze_shift_ratio=0.000; occlusion_ratio=0.000; eyes_closed_ratio=0.000; mean_gaze_motion=13.58; attention_stability_score=0.946; dominant_gaze_class=inside_visible; observed_frames=193,,"{""rule-based"": ""focused_attention"", ""zero-shot:facebook/bart-large-mnli"": ""mixed_attention"", ""zero-shot:typeform/distilbert-base-uncased-mnli"": ""exploratory_attention""}","{""rule-based"": 0.84, ""zero-shot:facebook/bart-large-mnli"": 0.3291933536529541, ""zero-shot:typeform/distilbert-base-uncased-mnli"": 0.35164228081703186}"
lEeraAOgcKc_450-619:person_2,lEeraAOgcKc_450-619,train,visible_ratio=0.771; gaze_shift_ratio=0.100; occlusion_ratio=0.000; eyes_closed_ratio=0.000; mean_gaze_motion=9.46; attention_stability_score=0.687; dominant_gaze_class=inside_visible; observed_frames=170,,"{""rule-based"": ""focused_attention"", ""zero-shot:facebook/bart-large-mnli"": ""focused_attention"", ""zero-shot:typeform/distilbert-base-uncased-mnli"": ""exploratory_attention""}","{""rule-based"": 0.84, ""zero-shot:facebook/bart-large-mnli"": 0.3074493110179901, ""zero-shot:typeform/distilbert-base-uncased-mnli"": 0.3604286313056946}"
lEeraAOgcKc_450-619:person_3,lEeraAOgcKc_450-619,train,visible_ratio=0.712; gaze_shift_ratio=0.124; occlusion_ratio=0.165; eyes_closed_ratio=0.000; mean_gaze_motion=5.96; attention_stability_score=0.722; dominant_gaze_class=inside_visible; observed_frames=170,,"{""rule-based"": ""mixed_attention"", ""zero-shot:facebook/bart-large-mnli"": ""reduced_visual_availability"", ""zero-shot:typeform/distilbert-base-uncased-mnli"": ""exploratory_attention""}","{""rule-based"": 0.68, ""zero-shot:facebook/bart-large-mnli"": 0.6082112193107605, ""zero-shot:typeform/distilbert-base-uncased-mnli"": 0.2803283631801605}"
lEeraAOgcKc_693-782:person_2,lEeraAOgcKc_693-782,train,visible_ratio=0.931; gaze_shift_ratio=0.000; occlusion_ratio=0.069; eyes_closed_ratio=0.000; mean_gaze_motion=3.32; attention_stability_score=0.950; dominant_gaze_class=inside_visible; observed_frames=72,,"{""rule-based"": ""focused_attention"", ""zero-shot:facebook/bart-large-mnli"": ""reduced_visual_availability"", ""zero-shot:typeform/distilbert-base-uncased-mnli"": ""reduced_visual_availability""}","{""rule-based"": 0.84, ""zero-shot:facebook/bart-large-mnli"": 0.425220251083374, ""zero-shot:typeform/distilbert-base-uncased-mnli"": 0.4017481207847595}"
lEeraAOgcKc_693-782:person_3,lEeraAOgcKc_693-782,train,visible_ratio=0.456; gaze_shift_ratio=0.100; occlusion_ratio=0.444; eyes_closed_ratio=0.000; mean_gaze_motion=5.42; attention_stability_score=0.601; dominant_gaze_class=inside_visible; observed_frames=90,,"{""rule-based"": ""occluded_attention"", ""zero-shot:facebook/bart-large-mnli"": ""reduced_visual_availability"", ""zero-shot:typeform/distilbert-base-uncased-mnli"": ""reduced_visual_availability""}","{""rule-based"": 0.74, ""zero-shot:facebook/bart-large-mnli"": 0.3989163637161255, ""zero-shot:typeform/distilbert-base-uncased-mnli"": 0.44505128264427185}"
lEeraAOgcKc_836-986:person_1,lEeraAOgcKc_836-986,train,visible_ratio=1.000; gaze_shift_ratio=0.000; occlusion_ratio=0.000; eyes_closed_ratio=0.000; mean_gaze_motion=5.95; attention_stability_score=0.997; dominant_gaze_class=inside_visible; observed_frames=151,,"{""rule-based"": ""focused_attention"", ""zero-shot:facebook/bart-large-mnli"": ""focused_attention"", ""zero-shot:typeform/distilbert-base-uncased-mnli"": ""exploratory_attention""}","{""rule-based"": 0.84, ""zero-shot:facebook/bart-large-mnli"": 0.29444271326065063, ""zero-shot:typeform/distilbert-base-uncased-mnli"": 0.37802842259407043}"
lEeraAOgcKc_836-986:person_3,lEeraAOgcKc_836-986,train,visible_ratio=0.318; gaze_shift_ratio=0.000; occlusion_ratio=0.682; eyes_closed_ratio=0.000; mean_gaze_motion=0.85; attention_stability_score=0.522; dominant_gaze_class=inside_occluded; observed_frames=151,,"{""rule-based"": ""occluded_attention"", ""zero-shot:facebook/bart-large-mnli"": ""reduced_visual_availability"", ""zero-shot:typeform/distilbert-base-uncased-mnli"": ""exploratory_attention""}","{""rule-based"": 0.74, ""zero-shot:facebook/bart-large-mnli"": 0.369281142950058, ""zero-shot:typeform/distilbert-base-uncased-mnli"": 0.34128114581108093}"
ljahBVDaBNE_10818-10882:person_2,ljahBVDaBNE_10818-10882,train,visible_ratio=0.769; gaze_shift_ratio=0.231; occlusion_ratio=0.000; eyes_closed_ratio=0.000; mean_gaze_motion=18.21; attention_stability_score=0.706; dominant_gaze_class=inside_visible; observed_frames=65,,"{""rule-based"": ""exploratory_attention"", ""zero-shot:facebook/bart-large-mnli"": ""mixed_attention"", ""zero-shot:typeform/distilbert-base-uncased-mnli"": ""exploratory_attention""}","{""rule-based"": 0.8, ""zero-shot:facebook/bart-large-mnli"": 0.3253391981124878, ""zero-shot:typeform/distilbert-base-uncased-mnli"": 0.3602350652217865}"
ljahBVDaBNE_14837-14979:person_2,ljahBVDaBNE_14837-14979,train,visible_ratio=0.916; gaze_shift_ratio=0.084; occlusion_ratio=0.000; eyes_closed_ratio=0.000; mean_gaze_motion=20.77; attention_stability_score=0.806; dominant_gaze_class=inside_visible; observed_frames=143,,"{""rule-based"": ""focused_attention"", ""zero-shot:facebook/bart-large-mnli"": ""mixed_attention"", ""zero-shot:typeform/distilbert-base-uncased-mnli"": ""exploratory_attention""}","{""rule-based"": 0.84, ""zero-shot:facebook/bart-large-mnli"": 0.2703854739665985, ""zero-shot:typeform/distilbert-base-uncased-mnli"": 0.4549065828323364}"
ljahBVDaBNE_14837-14979:person_3,ljahBVDaBNE_14837-14979,train,visible_ratio=0.818; gaze_shift_ratio=0.182; occlusion_ratio=0.000; eyes_closed_ratio=0.000; mean_gaze_motion=13.72; attention_stability_score=0.697; dominant_gaze_class=inside_visible; observed_frames=143,,"{""rule-based"": ""mixed_attention"", ""zero-shot:facebook/bart-large-mnli"": ""exploratory_attention"", ""zero-shot:typeform/distilbert-base-uncased-mnli"": ""exploratory_attention""}","{""rule-based"": 0.68, ""zero-shot:facebook/bart-large-mnli"": 0.26246604323387146, ""zero-shot:typeform/distilbert-base-uncased-mnli"": 0.43946003913879395}"
ljahBVDaBNE_15103-15857:person_2,ljahBVDaBNE_15103-15857,train,visible_ratio=0.958; gaze_shift_ratio=0.004; occlusion_ratio=0.023; eyes_closed_ratio=0.000; mean_gaze_motion=17.61; attention_stability_score=0.806; dominant_gaze_class=inside_visible; observed_frames=755,,"{""rule-based"": ""focused_attention"", ""zero-shot:facebook/bart-large-mnli"": ""mixed_attention"", ""zero-shot:typeform/distilbert-base-uncased-mnli"": ""exploratory_attention""}","{""rule-based"": 0.84, ""zero-shot:facebook/bart-large-mnli"": 0.31408604979515076, ""zero-shot:typeform/distilbert-base-uncased-mnli"": 0.2816828489303589}"
ljahBVDaBNE_15103-15857:person_3,ljahBVDaBNE_15103-15857,train,visible_ratio=0.890; gaze_shift_ratio=0.004; occlusion_ratio=0.000; eyes_closed_ratio=0.000; mean_gaze_motion=11.85; attention_stability_score=0.815; dominant_gaze_class=inside_visible; observed_frames=755,,"{""rule-based"": ""focused_attention"", ""zero-shot:facebook/bart-large-mnli"": ""mixed_attention"", ""zero-shot:typeform/distilbert-base-uncased-mnli"": ""exploratory_attention""}","{""rule-based"": 0.84, ""zero-shot:facebook/bart-large-mnli"": 0.27219006419181824, ""zero-shot:typeform/distilbert-base-uncased-mnli"": 0.28733915090560913}"
ljahBVDaBNE_17263-17684:person_2,ljahBVDaBNE_17263-17684,train,visible_ratio=0.948; gaze_shift_ratio=0.000; occlusion_ratio=0.021; eyes_closed_ratio=0.000; mean_gaze_motion=13.26; attention_stability_score=0.844; dominant_gaze_class=inside_visible; observed_frames=422,,"{""rule-based"": ""focused_attention"", ""zero-shot:facebook/bart-large-mnli"": ""reduced_visual_availability"", ""zero-shot:typeform/distilbert-base-uncased-mnli"": ""exploratory_attention""}","{""rule-based"": 0.84, ""zero-shot:facebook/bart-large-mnli"": 0.3636018931865692, ""zero-shot:typeform/distilbert-base-uncased-mnli"": 0.30183830857276917}"
ljahBVDaBNE_17263-17684:person_3,ljahBVDaBNE_17263-17684,train,visible_ratio=0.728; gaze_shift_ratio=0.045; occlusion_ratio=0.000; eyes_closed_ratio=0.000; mean_gaze_motion=11.04; attention_stability_score=0.700; dominant_gaze_class=inside_visible; observed_frames=404,,"{""rule-based"": ""mixed_attention"", ""zero-shot:facebook/bart-large-mnli"": ""reduced_visual_availability"", ""zero-shot:typeform/distilbert-base-uncased-mnli"": ""exploratory_attention""}","{""rule-based"": 0.68, ""zero-shot:facebook/bart-large-mnli"": 0.5642877817153931, ""zero-shot:typeform/distilbert-base-uncased-mnli"": 0.27604469656944275}"
ljahBVDaBNE_17800-17956:person_1,ljahBVDaBNE_17800-17956,train,visible_ratio=0.961; gaze_shift_ratio=0.039; occlusion_ratio=0.000; eyes_closed_ratio=0.000; mean_gaze_motion=29.59; attention_stability_score=0.843; dominant_gaze_class=inside_visible; observed_frames=152,,"{""rule-based"": ""focused_attention"", ""zero-shot:facebook/bart-large-mnli"": ""mixed_attention"", ""zero-shot:typeform/distilbert-base-uncased-mnli"": ""exploratory_attention""}","{""rule-based"": 0.84, ""zero-shot:facebook/bart-large-mnli"": 0.3459184467792511, ""zero-shot:typeform/distilbert-base-uncased-mnli"": 0.3254182040691376}"
ljahBVDaBNE_17800-17956:person_2,ljahBVDaBNE_17800-17956,train,visible_ratio=1.000; gaze_shift_ratio=0.000; occlusion_ratio=0.000; eyes_closed_ratio=0.000; mean_gaze_motion=7.57; attention_stability_score=0.996; dominant_gaze_class=inside_visible; observed_frames=157,,"{""rule-based"": ""focused_attention"", ""zero-shot:facebook/bart-large-mnli"": ""focused_attention"", ""zero-shot:typeform/distilbert-base-uncased-mnli"": ""exploratory_attention""}","{""rule-based"": 0.84, ""zero-shot:facebook/bart-large-mnli"": 0.5932565927505493, ""zero-shot:typeform/distilbert-base-uncased-mnli"": 0.5697594285011292}"
ljahBVDaBNE_17977-18466:person_2,ljahBVDaBNE_17977-18466,train,visible_ratio=0.928; gaze_shift_ratio=0.060; occlusion_ratio=0.000; eyes_closed_ratio=0.000; mean_gaze_motion=14.11; attention_stability_score=0.772; dominant_gaze_class=inside_visible; observed_frames=469,,"{""rule-based"": ""focused_attention"", ""zero-shot:facebook/bart-large-mnli"": ""mixed_attention"", ""zero-shot:typeform/distilbert-base-uncased-mnli"": ""exploratory_attention""}","{""rule-based"": 0.84, ""zero-shot:facebook/bart-large-mnli"": 0.3083098828792572, ""zero-shot:typeform/distilbert-base-uncased-mnli"": 0.32397282123565674}"
ljahBVDaBNE_17977-18466:person_3,ljahBVDaBNE_17977-18466,train,visible_ratio=0.733; gaze_shift_ratio=0.016; occlusion_ratio=0.000; eyes_closed_ratio=0.000; mean_gaze_motion=15.72; attention_stability_score=0.724; dominant_gaze_class=inside_visible; observed_frames=490,,"{""rule-based"": ""mixed_attention"", ""zero-shot:facebook/bart-large-mnli"": ""focused_attention"", ""zero-shot:typeform/distilbert-base-uncased-mnli"": ""exploratory_attention""}","{""rule-based"": 0.68, ""zero-shot:facebook/bart-large-mnli"": 0.3474198281764984, ""zero-shot:typeform/distilbert-base-uncased-mnli"": 0.30407091975212097}"
ljahBVDaBNE_18525-19117:person_2,ljahBVDaBNE_18525-19117,train,visible_ratio=0.965; gaze_shift_ratio=0.015; occlusion_ratio=0.000; eyes_closed_ratio=0.000; mean_gaze_motion=12.71; attention_stability_score=0.915; dominant_gaze_class=inside_visible; observed_frames=593,,"{""rule-based"": ""focused_attention"", ""zero-shot:facebook/bart-large-mnli"": ""mixed_attention"", ""zero-shot:typeform/distilbert-base-uncased-mnli"": ""exploratory_attention""}","{""rule-based"": 0.84, ""zero-shot:facebook/bart-large-mnli"": 0.2846602499485016, ""zero-shot:typeform/distilbert-base-uncased-mnli"": 0.31033000349998474}"
ljahBVDaBNE_18525-19117:person_3,ljahBVDaBNE_18525-19117,train,visible_ratio=0.927; gaze_shift_ratio=0.000; occlusion_ratio=0.000; eyes_closed_ratio=0.000; mean_gaze_motion=16.21; attention_stability_score=0.941; dominant_gaze_class=inside_visible; observed_frames=593,,"{""rule-based"": ""focused_attention"", ""zero-shot:facebook/bart-large-mnli"": ""mixed_attention"", ""zero-shot:typeform/distilbert-base-uncased-mnli"": ""exploratory_attention""}","{""rule-based"": 0.84, ""zero-shot:facebook/bart-large-mnli"": 0.26878002285957336, ""zero-shot:typeform/distilbert-base-uncased-mnli"": 0.3504968285560608}"
ljahBVDaBNE_23894-24032:person_1,ljahBVDaBNE_23894-24032,train,visible_ratio=1.000; gaze_shift_ratio=0.000; occlusion_ratio=0.000; eyes_closed_ratio=0.000; mean_gaze_motion=5.64; attention_stability_score=0.997; dominant_gaze_class=inside_visible; observed_frames=139,,"{""rule-based"": ""focused_attention"", ""zero-shot:facebook/bart-large-mnli"": ""reduced_visual_availability"", ""zero-shot:typeform/distilbert-base-uncased-mnli"": ""exploratory_attention""}","{""rule-based"": 0.84, ""zero-shot:facebook/bart-large-mnli"": 0.3591151237487793, ""zero-shot:typeform/distilbert-base-uncased-mnli"": 0.5561566948890686}"
ljahBVDaBNE_23894-24032:person_3,ljahBVDaBNE_23894-24032,train,visible_ratio=1.000; gaze_shift_ratio=0.000; occlusion_ratio=0.000; eyes_closed_ratio=0.000; mean_gaze_motion=7.12; attention_stability_score=0.996; dominant_gaze_class=inside_visible; observed_frames=129,,"{""rule-based"": ""focused_attention"", ""zero-shot:facebook/bart-large-mnli"": ""reduced_visual_availability"", ""zero-shot:typeform/distilbert-base-uncased-mnli"": ""exploratory_attention""}","{""rule-based"": 0.84, ""zero-shot:facebook/bart-large-mnli"": 0.3251654803752899, ""zero-shot:typeform/distilbert-base-uncased-mnli"": 0.3784306049346924}"
ljahBVDaBNE_24135-24475:person_1,ljahBVDaBNE_24135-24475,train,visible_ratio=0.924; gaze_shift_ratio=0.056; occlusion_ratio=0.000; eyes_closed_ratio=0.000; mean_gaze_motion=15.09; attention_stability_score=0.867; dominant_gaze_class=inside_visible; observed_frames=341,,"{""rule-based"": ""focused_attention"", ""zero-shot:facebook/bart-large-mnli"": ""reduced_visual_availability"", ""zero-shot:typeform/distilbert-base-uncased-mnli"": ""exploratory_attention""}","{""rule-based"": 0.84, ""zero-shot:facebook/bart-large-mnli"": 0.369538277387619, ""zero-shot:typeform/distilbert-base-uncased-mnli"": 0.32490235567092896}"
ljahBVDaBNE_25718-26310:person_2,ljahBVDaBNE_25718-26310,train,visible_ratio=0.878; gaze_shift_ratio=0.122; occlusion_ratio=0.000; eyes_closed_ratio=0.000; mean_gaze_motion=21.71; attention_stability_score=0.761; dominant_gaze_class=inside_visible; observed_frames=532,,"{""rule-based"": ""mixed_attention"", ""zero-shot:facebook/bart-large-mnli"": ""mixed_attention"", ""zero-shot:typeform/distilbert-base-uncased-mnli"": ""exploratory_attention""}","{""rule-based"": 0.68, ""zero-shot:facebook/bart-large-mnli"": 0.2824232876300812, ""zero-shot:typeform/distilbert-base-uncased-mnli"": 0.34140512347221375}"
ljahBVDaBNE_25718-26310:person_3,ljahBVDaBNE_25718-26310,train,visible_ratio=0.850; gaze_shift_ratio=0.150; occlusion_ratio=0.000; eyes_closed_ratio=0.000; mean_gaze_motion=15.09; attention_stability_score=0.784; dominant_gaze_class=inside_visible; observed_frames=593,,"{""rule-based"": ""mixed_attention"", ""zero-shot:facebook/bart-large-mnli"": ""mixed_attention"", ""zero-shot:typeform/distilbert-base-uncased-mnli"": ""exploratory_attention""}","{""rule-based"": 0.68, ""zero-shot:facebook/bart-large-mnli"": 0.26734572649002075, ""zero-shot:typeform/distilbert-base-uncased-mnli"": 0.338758647441864}"
ljahBVDaBNE_41703-42074:person_1,ljahBVDaBNE_41703-42074,train,visible_ratio=0.868; gaze_shift_ratio=0.132; occlusion_ratio=0.000; eyes_closed_ratio=0.000; mean_gaze_motion=14.84; attention_stability_score=0.797; dominant_gaze_class=inside_visible; observed_frames=372,,"{""rule-based"": ""mixed_attention"", ""zero-shot:facebook/bart-large-mnli"": ""mixed_attention"", ""zero-shot:typeform/distilbert-base-uncased-mnli"": ""exploratory_attention""}","{""rule-based"": 0.68, ""zero-shot:facebook/bart-large-mnli"": 0.2953356206417084, ""zero-shot:typeform/distilbert-base-uncased-mnli"": 0.3790068030357361}"
ljahBVDaBNE_6572-6683:person_2,ljahBVDaBNE_6572-6683,train,visible_ratio=0.857; gaze_shift_ratio=0.000; occlusion_ratio=0.000; eyes_closed_ratio=0.143; mean_gaze_motion=11.76; attention_stability_score=0.863; dominant_gaze_class=inside_visible; observed_frames=112,,"{""rule-based"": ""focused_attention"", ""zero-shot:facebook/bart-large-mnli"": ""mixed_attention"", ""zero-shot:typeform/distilbert-base-uncased-mnli"": ""exploratory_attention""}","{""rule-based"": 0.84, ""zero-shot:facebook/bart-large-mnli"": 0.3455965518951416, ""zero-shot:typeform/distilbert-base-uncased-mnli"": 0.30869418382644653}"
ljahBVDaBNE_6572-6683:person_3,ljahBVDaBNE_6572-6683,train,visible_ratio=0.964; gaze_shift_ratio=0.036; occlusion_ratio=0.000; eyes_closed_ratio=0.000; mean_gaze_motion=14.82; attention_stability_score=0.884; dominant_gaze_class=inside_visible; observed_frames=112,,"{""rule-based"": ""focused_attention"", ""zero-shot:facebook/bart-large-mnli"": ""exploratory_attention"", ""zero-shot:typeform/distilbert-base-uncased-mnli"": ""exploratory_attention""}","{""rule-based"": 0.84, ""zero-shot:facebook/bart-large-mnli"": 0.2906627953052521, ""zero-shot:typeform/distilbert-base-uncased-mnli"": 0.36422333121299744}"
oRtGfXWrf6Y_1285-1369:person_2,oRtGfXWrf6Y_1285-1369,train,visible_ratio=0.976; gaze_shift_ratio=0.000; occlusion_ratio=0.024; eyes_closed_ratio=0.000; mean_gaze_motion=3.60; attention_stability_score=0.902; dominant_gaze_class=inside_visible; observed_frames=85,,"{""rule-based"": ""focused_attention"", ""zero-shot:facebook/bart-large-mnli"": ""focused_attention"", ""zero-shot:typeform/distilbert-base-uncased-mnli"": ""reduced_visual_availability""}","{""rule-based"": 0.84, ""zero-shot:facebook/bart-large-mnli"": 0.2951282262802124, ""zero-shot:typeform/distilbert-base-uncased-mnli"": 0.33257222175598145}"
oRtGfXWrf6Y_1285-1369:person_3,oRtGfXWrf6Y_1285-1369,train,visible_ratio=0.882; gaze_shift_ratio=0.118; occlusion_ratio=0.000; eyes_closed_ratio=0.000; mean_gaze_motion=8.31; attention_stability_score=0.875; dominant_gaze_class=inside_visible; observed_frames=85,,"{""rule-based"": ""mixed_attention"", ""zero-shot:facebook/bart-large-mnli"": ""focused_attention"", ""zero-shot:typeform/distilbert-base-uncased-mnli"": ""exploratory_attention""}","{""rule-based"": 0.68, ""zero-shot:facebook/bart-large-mnli"": 0.29208022356033325, ""zero-shot:typeform/distilbert-base-uncased-mnli"": 0.3713064193725586}"
odFKscFdEas_14127-14292:person_2,odFKscFdEas_14127-14292,test,visible_ratio=0.663; gaze_shift_ratio=0.114; occlusion_ratio=0.000; eyes_closed_ratio=0.000; mean_gaze_motion=8.57; attention_stability_score=0.669; dominant_gaze_class=inside_visible; observed_frames=166,exploratory_attention,"{""rule-based"": ""mixed_attention"", ""zero-shot:facebook/bart-large-mnli"": ""exploratory_attention"", ""zero-shot:typeform/distilbert-base-uncased-mnli"": ""exploratory_attention""}","{""rule-based"": 0.68, ""zero-shot:facebook/bart-large-mnli"": 0.34947624802589417, ""zero-shot:typeform/distilbert-base-uncased-mnli"": 0.34046244621276855}"
odFKscFdEas_15822-16030:person_2,odFKscFdEas_15822-16030,test,visible_ratio=0.914; gaze_shift_ratio=0.086; occlusion_ratio=0.000; eyes_closed_ratio=0.000; mean_gaze_motion=6.81; attention_stability_score=0.764; dominant_gaze_class=inside_visible; observed_frames=209,,"{""rule-based"": ""focused_attention"", ""zero-shot:facebook/bart-large-mnli"": ""focused_attention"", ""zero-shot:typeform/distilbert-base-uncased-mnli"": ""exploratory_attention""}","{""rule-based"": 0.84, ""zero-shot:facebook/bart-large-mnli"": 0.30929940938949585, ""zero-shot:typeform/distilbert-base-uncased-mnli"": 0.32484331727027893}"
pQyNKRHbjRA_1-1822:person_1,pQyNKRHbjRA_1-1822,train,visible_ratio=0.852; gaze_shift_ratio=0.106; occlusion_ratio=0.035; eyes_closed_ratio=0.007; mean_gaze_motion=12.69; attention_stability_score=0.690; dominant_gaze_class=inside_visible; observed_frames=1822,,"{""rule-based"": ""mixed_attention"", ""zero-shot:facebook/bart-large-mnli"": ""focused_attention"", ""zero-shot:typeform/distilbert-base-uncased-mnli"": ""exploratory_attention""}","{""rule-based"": 0.68, ""zero-shot:facebook/bart-large-mnli"": 0.3046637177467346, ""zero-shot:typeform/distilbert-base-uncased-mnli"": 0.31722259521484375}"
pzh7M60ujyE_16956-17086:person_2,pzh7M60ujyE_16956-17086,train,visible_ratio=1.000; gaze_shift_ratio=0.000; occlusion_ratio=0.000; eyes_closed_ratio=0.000; mean_gaze_motion=2.15; attention_stability_score=0.999; dominant_gaze_class=inside_visible; observed_frames=131,,"{""rule-based"": ""focused_attention"", ""zero-shot:facebook/bart-large-mnli"": ""focused_attention"", ""zero-shot:typeform/distilbert-base-uncased-mnli"": ""exploratory_attention""}","{""rule-based"": 0.84, ""zero-shot:facebook/bart-large-mnli"": 0.5892956256866455, ""zero-shot:typeform/distilbert-base-uncased-mnli"": 0.5352640748023987}"
pzh7M60ujyE_2096-2218:person_2,pzh7M60ujyE_2096-2218,train,visible_ratio=0.943; gaze_shift_ratio=0.057; occlusion_ratio=0.000; eyes_closed_ratio=0.000; mean_gaze_motion=6.53; attention_stability_score=0.841; dominant_gaze_class=inside_visible; observed_frames=123,,"{""rule-based"": ""focused_attention"", ""zero-shot:facebook/bart-large-mnli"": ""mixed_attention"", ""zero-shot:typeform/distilbert-base-uncased-mnli"": ""exploratory_attention""}","{""rule-based"": 0.84, ""zero-shot:facebook/bart-large-mnli"": 0.27431321144104004, ""zero-shot:typeform/distilbert-base-uncased-mnli"": 0.3396082818508148}"
pzh7M60ujyE_2096-2218:person_3,pzh7M60ujyE_2096-2218,train,visible_ratio=0.878; gaze_shift_ratio=0.122; occlusion_ratio=0.000; eyes_closed_ratio=0.000; mean_gaze_motion=5.75; attention_stability_score=0.845; dominant_gaze_class=inside_visible; observed_frames=123,,"{""rule-based"": ""mixed_attention"", ""zero-shot:facebook/bart-large-mnli"": ""mixed_attention"", ""zero-shot:typeform/distilbert-base-uncased-mnli"": ""exploratory_attention""}","{""rule-based"": 0.68, ""zero-shot:facebook/bart-large-mnli"": 0.2883772552013397, ""zero-shot:typeform/distilbert-base-uncased-mnli"": 0.3839769661426544}"
qSygRnE4D54_1645-1839:person_1,qSygRnE4D54_1645-1839,val,visible_ratio=0.995; gaze_shift_ratio=0.000; occlusion_ratio=0.000; eyes_closed_ratio=0.000; mean_gaze_motion=10.90; attention_stability_score=0.917; dominant_gaze_class=inside_visible; observed_frames=195,,"{""rule-based"": ""focused_attention"", ""zero-shot:facebook/bart-large-mnli"": ""reduced_visual_availability"", ""zero-shot:typeform/distilbert-base-uncased-mnli"": ""reduced_visual_availability""}","{""rule-based"": 0.84, ""zero-shot:facebook/bart-large-mnli"": 0.34001436829566956, ""zero-shot:typeform/distilbert-base-uncased-mnli"": 0.30733415484428406}"
qSygRnE4D54_1945-1981:person_1,qSygRnE4D54_1945-1981,val,visible_ratio=1.000; gaze_shift_ratio=0.000; occlusion_ratio=0.000; eyes_closed_ratio=0.000; mean_gaze_motion=12.93; attention_stability_score=0.994; dominant_gaze_class=inside_visible; observed_frames=37,,"{""rule-based"": ""focused_attention"", ""zero-shot:facebook/bart-large-mnli"": ""mixed_attention"", ""zero-shot:typeform/distilbert-base-uncased-mnli"": ""exploratory_attention""}","{""rule-based"": 0.84, ""zero-shot:facebook/bart-large-mnli"": 0.29438379406929016, ""zero-shot:typeform/distilbert-base-uncased-mnli"": 0.5106052160263062}"
qSygRnE4D54_4151-4307:person_1,qSygRnE4D54_4151-4307,val,visible_ratio=1.000; gaze_shift_ratio=0.000; occlusion_ratio=0.000; eyes_closed_ratio=0.000; mean_gaze_motion=4.02; attention_stability_score=0.998; dominant_gaze_class=inside_visible; observed_frames=157,,"{""rule-based"": ""focused_attention"", ""zero-shot:facebook/bart-large-mnli"": ""focused_attention"", ""zero-shot:typeform/distilbert-base-uncased-mnli"": ""exploratory_attention""}","{""rule-based"": 0.84, ""zero-shot:facebook/bart-large-mnli"": 0.3428576588630676, ""zero-shot:typeform/distilbert-base-uncased-mnli"": 0.5228554606437683}"
rLRfPneawQs_2054-2806:person_1,rLRfPneawQs_2054-2806,val,visible_ratio=0.963; gaze_shift_ratio=0.037; occlusion_ratio=0.000; eyes_closed_ratio=0.000; mean_gaze_motion=6.70; attention_stability_score=0.809; dominant_gaze_class=inside_visible; observed_frames=753,,"{""rule-based"": ""focused_attention"", ""zero-shot:facebook/bart-large-mnli"": ""focused_attention"", ""zero-shot:typeform/distilbert-base-uncased-mnli"": ""exploratory_attention""}","{""rule-based"": 0.84, ""zero-shot:facebook/bart-large-mnli"": 0.5428459048271179, ""zero-shot:typeform/distilbert-base-uncased-mnli"": 0.3001393675804138}"
rLRfPneawQs_3123-3495:person_1,rLRfPneawQs_3123-3495,val,visible_ratio=0.863; gaze_shift_ratio=0.070; occlusion_ratio=0.067; eyes_closed_ratio=0.000; mean_gaze_motion=17.00; attention_stability_score=0.721; dominant_gaze_class=inside_visible; observed_frames=373,,"{""rule-based"": ""focused_attention"", ""zero-shot:facebook/bart-large-mnli"": ""mixed_attention"", ""zero-shot:typeform/distilbert-base-uncased-mnli"": ""exploratory_attention""}","{""rule-based"": 0.84, ""zero-shot:facebook/bart-large-mnli"": 0.30741581320762634, ""zero-shot:typeform/distilbert-base-uncased-mnli"": 0.4050877094268799}"
r_MB_vPXqkA_490-1507:person_2,r_MB_vPXqkA_490-1507,train,visible_ratio=0.772; gaze_shift_ratio=0.070; occlusion_ratio=0.073; eyes_closed_ratio=0.000; mean_gaze_motion=11.02; attention_stability_score=0.717; dominant_gaze_class=inside_visible; observed_frames=1018,,"{""rule-based"": ""focused_attention"", ""zero-shot:facebook/bart-large-mnli"": ""reduced_visual_availability"", ""zero-shot:typeform/distilbert-base-uncased-mnli"": ""reduced_visual_availability""}","{""rule-based"": 0.84, ""zero-shot:facebook/bart-large-mnli"": 0.5454391837120056, ""zero-shot:typeform/distilbert-base-uncased-mnli"": 0.334102064371109}"
rvIPH4ccfpI_1-812:person_1,rvIPH4ccfpI_1-812,train,visible_ratio=0.776; gaze_shift_ratio=0.103; occlusion_ratio=0.033; eyes_closed_ratio=0.000; mean_gaze_motion=5.52; attention_stability_score=0.730; dominant_gaze_class=inside_visible; observed_frames=812,,"{""rule-based"": ""mixed_attention"", ""zero-shot:facebook/bart-large-mnli"": ""reduced_visual_availability"", ""zero-shot:typeform/distilbert-base-uncased-mnli"": ""reduced_visual_availability""}","{""rule-based"": 0.68, ""zero-shot:facebook/bart-large-mnli"": 0.45539551973342896, ""zero-shot:typeform/distilbert-base-uncased-mnli"": 0.3480314314365387}"
s0BpHgMB_8o_2041-2205:person_1,s0BpHgMB_8o_2041-2205,train,visible_ratio=0.970; gaze_shift_ratio=0.030; occlusion_ratio=0.000; eyes_closed_ratio=0.000; mean_gaze_motion=14.00; attention_stability_score=0.961; dominant_gaze_class=inside_visible; observed_frames=165,,"{""rule-based"": ""focused_attention"", ""zero-shot:facebook/bart-large-mnli"": ""mixed_attention"", ""zero-shot:typeform/distilbert-base-uncased-mnli"": ""exploratory_attention""}","{""rule-based"": 0.84, ""zero-shot:facebook/bart-large-mnli"": 0.30239126086235046, ""zero-shot:typeform/distilbert-base-uncased-mnli"": 0.3889364004135132}"
s0BpHgMB_8o_2941-3142:person_1,s0BpHgMB_8o_2941-3142,train,visible_ratio=1.000; gaze_shift_ratio=0.000; occlusion_ratio=0.000; eyes_closed_ratio=0.000; mean_gaze_motion=5.21; attention_stability_score=0.997; dominant_gaze_class=inside_visible; observed_frames=202,,"{""rule-based"": ""focused_attention"", ""zero-shot:facebook/bart-large-mnli"": ""mixed_attention"", ""zero-shot:typeform/distilbert-base-uncased-mnli"": ""exploratory_attention""}","{""rule-based"": 0.84, ""zero-shot:facebook/bart-large-mnli"": 0.2882905900478363, ""zero-shot:typeform/distilbert-base-uncased-mnli"": 0.41306406259536743}"
s0BpHgMB_8o_2941-3142:person_3,s0BpHgMB_8o_2941-3142,train,visible_ratio=1.000; gaze_shift_ratio=0.000; occlusion_ratio=0.000; eyes_closed_ratio=0.000; mean_gaze_motion=8.71; attention_stability_score=0.996; dominant_gaze_class=inside_visible; observed_frames=202,,"{""rule-based"": ""focused_attention"", ""zero-shot:facebook/bart-large-mnli"": ""focused_attention"", ""zero-shot:typeform/distilbert-base-uncased-mnli"": ""exploratory_attention""}","{""rule-based"": 0.84, ""zero-shot:facebook/bart-large-mnli"": 0.5112378597259521, ""zero-shot:typeform/distilbert-base-uncased-mnli"": 0.35240253806114197}"
smwfiZd8HLc_10346-12974-downsampled:person_1,smwfiZd8HLc_10346-12974-downsampled,train,visible_ratio=0.944; gaze_shift_ratio=0.055; occlusion_ratio=0.000; eyes_closed_ratio=0.000; mean_gaze_motion=12.32; attention_stability_score=0.772; dominant_gaze_class=inside_visible; observed_frames=1315,,"{""rule-based"": ""focused_attention"", ""zero-shot:facebook/bart-large-mnli"": ""focused_attention"", ""zero-shot:typeform/distilbert-base-uncased-mnli"": ""exploratory_attention""}","{""rule-based"": 0.84, ""zero-shot:facebook/bart-large-mnli"": 0.3582254946231842, ""zero-shot:typeform/distilbert-base-uncased-mnli"": 0.27145564556121826}"
smwfiZd8HLc_16176-16586-downsampled:person_1,smwfiZd8HLc_16176-16586-downsampled,train,visible_ratio=0.985; gaze_shift_ratio=0.015; occlusion_ratio=0.000; eyes_closed_ratio=0.000; mean_gaze_motion=9.19; attention_stability_score=0.968; dominant_gaze_class=inside_visible; observed_frames=206,,"{""rule-based"": ""focused_attention"", ""zero-shot:facebook/bart-large-mnli"": ""exploratory_attention"", ""zero-shot:typeform/distilbert-base-uncased-mnli"": ""exploratory_attention""}","{""rule-based"": 0.84, ""zero-shot:facebook/bart-large-mnli"": 0.24806202948093414, ""zero-shot:typeform/distilbert-base-uncased-mnli"": 0.3758578300476074}"
smwfiZd8HLc_20322-20668-downsampled:person_1,smwfiZd8HLc_20322-20668-downsampled,train,visible_ratio=0.971; gaze_shift_ratio=0.000; occlusion_ratio=0.029; eyes_closed_ratio=0.000; mean_gaze_motion=10.82; attention_stability_score=0.857; dominant_gaze_class=inside_visible; observed_frames=174,,"{""rule-based"": ""focused_attention"", ""zero-shot:facebook/bart-large-mnli"": ""mixed_attention"", ""zero-shot:typeform/distilbert-base-uncased-mnli"": ""exploratory_attention""}","{""rule-based"": 0.84, ""zero-shot:facebook/bart-large-mnli"": 0.32624638080596924, ""zero-shot:typeform/distilbert-base-uncased-mnli"": 0.3357391059398651}"
smwfiZd8HLc_270-891-downsampled:person_2,smwfiZd8HLc_270-891-downsampled,train,visible_ratio=0.974; gaze_shift_ratio=0.026; occlusion_ratio=0.000; eyes_closed_ratio=0.000; mean_gaze_motion=7.98; attention_stability_score=0.889; dominant_gaze_class=inside_visible; observed_frames=311,,"{""rule-based"": ""focused_attention"", ""zero-shot:facebook/bart-large-mnli"": ""focused_attention"", ""zero-shot:typeform/distilbert-base-uncased-mnli"": ""exploratory_attention""}","{""rule-based"": 0.84, ""zero-shot:facebook/bart-large-mnli"": 0.4729365408420563, ""zero-shot:typeform/distilbert-base-uncased-mnli"": 0.34358081221580505}"
smwfiZd8HLc_7508-8408-downsampled:person_1,smwfiZd8HLc_7508-8408-downsampled,train,visible_ratio=0.958; gaze_shift_ratio=0.011; occlusion_ratio=0.000; eyes_closed_ratio=0.031; mean_gaze_motion=11.94; attention_stability_score=0.851; dominant_gaze_class=inside_visible; observed_frames=451,,"{""rule-based"": ""focused_attention"", ""zero-shot:facebook/bart-large-mnli"": ""mixed_attention"", ""zero-shot:typeform/distilbert-base-uncased-mnli"": ""exploratory_attention""}","{""rule-based"": 0.84, ""zero-shot:facebook/bart-large-mnli"": 0.3466162085533142, ""zero-shot:typeform/distilbert-base-uncased-mnli"": 0.28461316227912903}"
smwfiZd8HLc_8799-10332-downsampled:person_1,smwfiZd8HLc_8799-10332-downsampled,train,visible_ratio=1.000; gaze_shift_ratio=0.000; occlusion_ratio=0.000; eyes_closed_ratio=0.000; mean_gaze_motion=9.36; attention_stability_score=0.995; dominant_gaze_class=inside_visible; observed_frames=767,,"{""rule-based"": ""focused_attention"", ""zero-shot:facebook/bart-large-mnli"": ""focused_attention"", ""zero-shot:typeform/distilbert-base-uncased-mnli"": ""exploratory_attention""}","{""rule-based"": 0.84, ""zero-shot:facebook/bart-large-mnli"": 0.41970306634902954, ""zero-shot:typeform/distilbert-base-uncased-mnli"": 0.37600550055503845}"
smwfiZd8HLc_897-1557-downsampled:person_1,smwfiZd8HLc_897-1557-downsampled,train,visible_ratio=0.894; gaze_shift_ratio=0.027; occlusion_ratio=0.000; eyes_closed_ratio=0.000; mean_gaze_motion=2.33; attention_stability_score=0.921; dominant_gaze_class=inside_visible; observed_frames=330,,"{""rule-based"": ""focused_attention"", ""zero-shot:facebook/bart-large-mnli"": ""reduced_visual_availability"", ""zero-shot:typeform/distilbert-base-uncased-mnli"": ""exploratory_attention""}","{""rule-based"": 0.84, ""zero-shot:facebook/bart-large-mnli"": 0.5071703791618347, ""zero-shot:typeform/distilbert-base-uncased-mnli"": 0.36373814940452576}"
tw91epryD28_1264-1925:person_1,tw91epryD28_1264-1925,train,visible_ratio=0.973; gaze_shift_ratio=0.024; occlusion_ratio=0.003; eyes_closed_ratio=0.000; mean_gaze_motion=11.03; attention_stability_score=0.838; dominant_gaze_class=inside_visible; observed_frames=662,,"{""rule-based"": ""focused_attention"", ""zero-shot:facebook/bart-large-mnli"": ""mixed_attention"", ""zero-shot:typeform/distilbert-base-uncased-mnli"": ""exploratory_attention""}","{""rule-based"": 0.84, ""zero-shot:facebook/bart-large-mnli"": 0.2805509567260742, ""zero-shot:typeform/distilbert-base-uncased-mnli"": 0.32091251015663147}"
w6oRoyTBmU4_1653-1939:person_2,w6oRoyTBmU4_1653-1939,train,visible_ratio=0.801; gaze_shift_ratio=0.199; occlusion_ratio=0.000; eyes_closed_ratio=0.000; mean_gaze_motion=11.50; attention_stability_score=0.705; dominant_gaze_class=inside_visible; observed_frames=287,,"{""rule-based"": ""mixed_attention"", ""zero-shot:facebook/bart-large-mnli"": ""focused_attention"", ""zero-shot:typeform/distilbert-base-uncased-mnli"": ""exploratory_attention""}","{""rule-based"": 0.68, ""zero-shot:facebook/bart-large-mnli"": 0.4402303397655487, ""zero-shot:typeform/distilbert-base-uncased-mnli"": 0.3633369505405426}"
w6oRoyTBmU4_3693-3871:person_2,w6oRoyTBmU4_3693-3871,train,visible_ratio=0.939; gaze_shift_ratio=0.061; occlusion_ratio=0.000; eyes_closed_ratio=0.000; mean_gaze_motion=5.40; attention_stability_score=0.853; dominant_gaze_class=inside_visible; observed_frames=179,,"{""rule-based"": ""focused_attention"", ""zero-shot:facebook/bart-large-mnli"": ""reduced_visual_availability"", ""zero-shot:typeform/distilbert-base-uncased-mnli"": ""exploratory_attention""}","{""rule-based"": 0.84, ""zero-shot:facebook/bart-large-mnli"": 0.27660393714904785, ""zero-shot:typeform/distilbert-base-uncased-mnli"": 0.4464631676673889}"
whHPATlDw8M_33039-33248-downsampled:person_1,whHPATlDw8M_33039-33248-downsampled,test,visible_ratio=1.000; gaze_shift_ratio=0.000; occlusion_ratio=0.000; eyes_closed_ratio=0.000; mean_gaze_motion=6.23; attention_stability_score=0.997; dominant_gaze_class=inside_visible; observed_frames=105,,"{""rule-based"": ""focused_attention"", ""zero-shot:facebook/bart-large-mnli"": ""exploratory_attention"", ""zero-shot:typeform/distilbert-base-uncased-mnli"": ""exploratory_attention""}","{""rule-based"": 0.84, ""zero-shot:facebook/bart-large-mnli"": 0.2823043465614319, ""zero-shot:typeform/distilbert-base-uncased-mnli"": 0.43817487359046936}"
whHPATlDw8M_5014-5313-downsampled:person_2,whHPATlDw8M_5014-5313-downsampled,test,visible_ratio=0.907; gaze_shift_ratio=0.093; occlusion_ratio=0.000; eyes_closed_ratio=0.000; mean_gaze_motion=8.46; attention_stability_score=0.810; dominant_gaze_class=inside_visible; observed_frames=150,focused_attention,"{""rule-based"": ""focused_attention"", ""zero-shot:facebook/bart-large-mnli"": ""focused_attention"", ""zero-shot:typeform/distilbert-base-uncased-mnli"": ""exploratory_attention""}","{""rule-based"": 0.84, ""zero-shot:facebook/bart-large-mnli"": 0.36254727840423584, ""zero-shot:typeform/distilbert-base-uncased-mnli"": 0.4157313406467438}"
zUdMBtK2UVE_16917-17113:person_1,zUdMBtK2UVE_16917-17113,train,visible_ratio=0.843; gaze_shift_ratio=0.157; occlusion_ratio=0.000; eyes_closed_ratio=0.000; mean_gaze_motion=6.57; attention_stability_score=0.726; dominant_gaze_class=inside_visible; observed_frames=197,,"{""rule-based"": ""mixed_attention"", ""zero-shot:facebook/bart-large-mnli"": ""focused_attention"", ""zero-shot:typeform/distilbert-base-uncased-mnli"": ""exploratory_attention""}","{""rule-based"": 0.68, ""zero-shot:facebook/bart-large-mnli"": 0.3670034110546112, ""zero-shot:typeform/distilbert-base-uncased-mnli"": 0.3310334086418152}"
zUdMBtK2UVE_21114-21348:person_2,zUdMBtK2UVE_21114-21348,train,visible_ratio=0.834; gaze_shift_ratio=0.166; occlusion_ratio=0.000; eyes_closed_ratio=0.000; mean_gaze_motion=10.15; attention_stability_score=0.745; dominant_gaze_class=inside_visible; observed_frames=235,,"{""rule-based"": ""mixed_attention"", ""zero-shot:facebook/bart-large-mnli"": ""mixed_attention"", ""zero-shot:typeform/distilbert-base-uncased-mnli"": ""exploratory_attention""}","{""rule-based"": 0.68, ""zero-shot:facebook/bart-large-mnli"": 0.26880860328674316, ""zero-shot:typeform/distilbert-base-uncased-mnli"": 0.3765637278556824}"
zUdMBtK2UVE_21114-21348:person_3,zUdMBtK2UVE_21114-21348,train,visible_ratio=1.000; gaze_shift_ratio=0.000; occlusion_ratio=0.000; eyes_closed_ratio=0.000; mean_gaze_motion=0.00; attention_stability_score=1.000; dominant_gaze_class=inside_visible; observed_frames=106,,"{""rule-based"": ""focused_attention"", ""zero-shot:facebook/bart-large-mnli"": ""focused_attention"", ""zero-shot:typeform/distilbert-base-uncased-mnli"": ""exploratory_attention""}","{""rule-based"": 0.84, ""zero-shot:facebook/bart-large-mnli"": 0.5810911059379578, ""zero-shot:typeform/distilbert-base-uncased-mnli"": 0.5346546769142151}"
zUdMBtK2UVE_31011-31098:person_1,zUdMBtK2UVE_31011-31098,train,visible_ratio=1.000; gaze_shift_ratio=0.000; occlusion_ratio=0.000; eyes_closed_ratio=0.000; mean_gaze_motion=16.32; attention_stability_score=0.992; dominant_gaze_class=inside_visible; observed_frames=88,,"{""rule-based"": ""focused_attention"", ""zero-shot:facebook/bart-large-mnli"": ""focused_attention"", ""zero-shot:typeform/distilbert-base-uncased-mnli"": ""exploratory_attention""}","{""rule-based"": 0.84, ""zero-shot:facebook/bart-large-mnli"": 0.5002878904342651, ""zero-shot:typeform/distilbert-base-uncased-mnli"": 0.36404550075531006}"
zUdMBtK2UVE_36737-37596:person_2,zUdMBtK2UVE_36737-37596,train,visible_ratio=0.900; gaze_shift_ratio=0.016; occlusion_ratio=0.084; eyes_closed_ratio=0.000; mean_gaze_motion=11.42; attention_stability_score=0.778; dominant_gaze_class=inside_visible; observed_frames=860,,"{""rule-based"": ""focused_attention"", ""zero-shot:facebook/bart-large-mnli"": ""reduced_visual_availability"", ""zero-shot:typeform/distilbert-base-uncased-mnli"": ""exploratory_attention""}","{""rule-based"": 0.84, ""zero-shot:facebook/bart-large-mnli"": 0.36069196462631226, ""zero-shot:typeform/distilbert-base-uncased-mnli"": 0.24443554878234863}"
zmZpa1p5zaE_1028-1129:person_1,zmZpa1p5zaE_1028-1129,test,visible_ratio=1.000; gaze_shift_ratio=0.000; occlusion_ratio=0.000; eyes_closed_ratio=0.000; mean_gaze_motion=1.92; attention_stability_score=0.999; dominant_gaze_class=inside_visible; observed_frames=102,,"{""rule-based"": ""focused_attention"", ""zero-shot:facebook/bart-large-mnli"": ""focused_attention"", ""zero-shot:typeform/distilbert-base-uncased-mnli"": ""exploratory_attention""}","{""rule-based"": 0.84, ""zero-shot:facebook/bart-large-mnli"": 0.5766642689704895, ""zero-shot:typeform/distilbert-base-uncased-mnli"": 0.5325057506561279}"
zmZpa1p5zaE_1028-1129:person_2,zmZpa1p5zaE_1028-1129,test,visible_ratio=0.833; gaze_shift_ratio=0.167; occlusion_ratio=0.000; eyes_closed_ratio=0.000; mean_gaze_motion=7.38; attention_stability_score=0.752; dominant_gaze_class=inside_visible; observed_frames=102,,"{""rule-based"": ""mixed_attention"", ""zero-shot:facebook/bart-large-mnli"": ""mixed_attention"", ""zero-shot:typeform/distilbert-base-uncased-mnli"": ""exploratory_attention""}","{""rule-based"": 0.68, ""zero-shot:facebook/bart-large-mnli"": 0.28234153985977173, ""zero-shot:typeform/distilbert-base-uncased-mnli"": 0.3883589506149292}"
