clip,frame,person_id,bbox_x,bbox_y,bbox_width,bbox_height,gaze_class,gaze_x,gaze_y,is_child
4Y7MMmedX7E_4371-4987,1,1,251.0,75.0,150.0,167.0,gaze_shift,676.0,272.25,1
4Y7MMmedX7E_4371-4987,1,2,846.0,107.0,203.0,218.0,inside_visible,375.437,166.542,0
4Y7MMmedX7E_4371-4987,2,1,247.28571428571428,75.28571428571429,150.57142857142856,166.28571428571428,gaze_shift,676.0335,273.16066666666666,1
4Y7MMmedX7E_4371-4987,2,2,845.6153846153846,106.92307692307692,203.30769230769224,217.92307692307696,inside_visible,373.0840588235294,167.542,0
4Y7MMmedX7E_4371-4987,3,1,243.57142857142856,75.57142857142857,151.14285714285714,165.57142857142856,gaze_shift,676.067,274.0713333333333,1
4Y7MMmedX7E_4371-4987,3,2,845.2307692307693,106.84615384615384,203.61538461538453,217.84615384615384,inside_visible,370.73111764705885,168.542,0
4Y7MMmedX7E_4371-4987,4,1,239.8571428571429,75.85714285714286,151.7142857142857,164.85714285714286,gaze_shift,676.1005,274.982,1
4Y7MMmedX7E_4371-4987,4,2,844.8461538461538,106.76923076923076,203.9230769230769,217.7692307692308,inside_visible,368.3781764705882,169.542,0
4Y7MMmedX7E_4371-4987,5,1,236.14285714285717,76.14285714285714,152.2857142857143,164.14285714285714,gaze_shift,676.134,275.8926666666667,1
4Y7MMmedX7E_4371-4987,5,2,844.4615384615385,106.6923076923077,204.2307692307692,217.69230769230768,inside_visible,366.0252352941176,170.542,0
4Y7MMmedX7E_4371-4987,6,1,232.42857142857144,76.42857142857143,152.85714285714286,163.42857142857144,gaze_shift,676.1675,276.80333333333334,1
4Y7MMmedX7E_4371-4987,6,2,844.0769230769231,106.6153846153846,204.53846153846143,217.6153846153846,inside_visible,363.6722941176471,171.542,0
4Y7MMmedX7E_4371-4987,7,1,228.7142857142857,76.71428571428571,153.42857142857144,162.71428571428572,gaze_shift,676.201,277.714,1
4Y7MMmedX7E_4371-4987,7,2,843.6923076923077,106.53846153846152,204.8461538461537,217.53846153846155,inside_visible,361.3193529411765,172.542,0
4Y7MMmedX7E_4371-4987,8,1,225.0,77.0,154.0,162.0,inside_visible,874.422,226.125,1
4Y7MMmedX7E_4371-4987,8,2,843.3076923076923,106.46153846153848,205.1538461538463,217.46153846153845,inside_visible,358.96641176470587,173.542,0
4Y7MMmedX7E_4371-4987,9,1,225.2941176470588,77.0,153.7058823529412,161.8235294117647,inside_visible,869.5,221.625,1
4Y7MMmedX7E_4371-4987,9,2,842.9230769230769,106.3846153846154,205.46153846153857,217.3846153846154,inside_visible,356.6134705882353,174.542,0
4Y7MMmedX7E_4371-4987,10,1,225.58823529411765,77.0,153.41176470588235,161.64705882352942,inside_visible,869.6125,221.34375,1
4Y7MMmedX7E_4371-4987,10,2,842.5384615384615,106.3076923076923,205.76923076923083,217.30769230769232,inside_visible,354.2605294117647,175.542,0
4Y7MMmedX7E_4371-4987,11,1,225.8823529411765,77.0,153.11764705882354,161.47058823529412,inside_visible,869.725,221.0625,1
4Y7MMmedX7E_4371-4987,11,2,842.1538461538462,106.23076923076924,206.0769230769231,217.23076923076923,inside_visible,351.90758823529416,176.542,0
4Y7MMmedX7E_4371-4987,12,1,226.1764705882353,77.0,152.8235294117647,161.2941176470588,inside_visible,869.8375,220.78125,1
4Y7MMmedX7E_4371-4987,12,2,841.7692307692307,106.15384615384616,206.38461538461547,217.15384615384616,inside_visible,349.55464705882355,177.542,0
4Y7MMmedX7E_4371-4987,13,1,226.4705882352941,77.0,152.52941176470588,161.11764705882354,inside_visible,869.95,220.5,1
4Y7MMmedX7E_4371-4987,13,2,841.3846153846154,106.07692307692308,206.6923076923077,217.07692307692304,inside_visible,347.20170588235294,178.542,0
4Y7MMmedX7E_4371-4987,14,1,226.76470588235293,77.0,152.23529411764707,160.94117647058823,inside_visible,870.0625,220.21875,1
4Y7MMmedX7E_4371-4987,14,2,841.0,106.0,207.0,217.0,inside_visible,344.8487647058824,179.542,0
4Y7MMmedX7E_4371-4987,15,1,227.05882352941177,77.0,151.94117647058823,160.76470588235293,inside_visible,870.175,219.9375,1
4Y7MMmedX7E_4371-4987,15,2,841.25,105.91666666666669,206.66666666666677,216.3333333333333,inside_visible,342.4958235294118,180.542,0
4Y7MMmedX7E_4371-4987,16,1,227.35294117647055,77.0,151.64705882352942,160.58823529411765,inside_visible,870.2875,219.65625,1
4Y7MMmedX7E_4371-4987,16,2,841.5,105.83333333333331,206.3333333333333,215.66666666666669,inside_visible,340.1428823529412,181.542,0
4Y7MMmedX7E_4371-4987,17,1,227.64705882352945,77.0,151.35294117647058,160.41176470588235,inside_visible,870.4,219.375,1
4Y7MMmedX7E_4371-4987,17,2,841.75,105.75,206.0,215.0,inside_visible,337.7899411764706,182.542,0
4Y7MMmedX7E_4371-4987,18,1,227.94117647058823,77.0,151.05882352941177,160.23529411764707,inside_visible,870.5125,219.09375,1
4Y7MMmedX7E_4371-4987,18,2,842.0,105.66666666666669,205.66666666666677,214.3333333333333,inside_visible,335.437,183.542,0
4Y7MMmedX7E_4371-4987,19,1,228.23529411764707,77.0,150.76470588235293,160.05882352941177,inside_visible,870.625,218.8125,1
4Y7MMmedX7E_4371-4987,19,2,842.25,105.58333333333331,205.3333333333333,213.66666666666669,inside_visible,336.442,182.42673684210527,0
4Y7MMmedX7E_4371-4987,20,1,228.52941176470588,77.0,150.47058823529412,159.88235294117646,inside_visible,870.7375,218.53125,1
4Y7MMmedX7E_4371-4987,20,2,842.5,105.5,205.0,213.0,inside_visible,337.447,181.3114736842105,0
4Y7MMmedX7E_4371-4987,21,1,228.8235294117647,77.0,150.1764705882353,159.7058823529412,inside_visible,870.85,218.25,1
4Y7MMmedX7E_4371-4987,21,2,842.75,105.41666666666669,204.66666666666677,212.3333333333333,inside_visible,338.452,180.19621052631575,0
4Y7MMmedX7E_4371-4987,22,1,229.11764705882356,77.0,149.88235294117646,159.52941176470588,inside_visible,870.9625,217.96875,1
4Y7MMmedX7E_4371-4987,22,2,843.0,105.33333333333331,204.3333333333333,211.66666666666669,inside_visible,339.457,179.08094736842105,0
4Y7MMmedX7E_4371-4987,23,1,229.41176470588235,77.0,149.58823529411765,159.35294117647058,inside_visible,871.075,217.6875,1
4Y7MMmedX7E_4371-4987,23,2,843.25,105.25,204.0,211.0,inside_visible,340.462,177.96568421052632,0
4Y7MMmedX7E_4371-4987,24,1,229.7058823529412,77.0,149.2941176470588,159.1764705882353,inside_visible,871.1875,217.40625,1
4Y7MMmedX7E_4371-4987,24,2,843.5,105.16666666666669,203.66666666666677,210.3333333333333,inside_visible,341.467,176.8504210526316,0
4Y7MMmedX7E_4371-4987,25,1,230.0,77.0,149.0,159.0,inside_visible,871.3,217.125,1
4Y7MMmedX7E_4371-4987,25,2,843.75,105.08333333333331,203.3333333333333,209.66666666666669,inside_visible,342.472,175.73515789473686,0
4Y7MMmedX7E_4371-4987,26,1,230.9375,76.875,149.0,159.0,inside_visible,871.4125,216.84375,1
4Y7MMmedX7E_4371-4987,26,2,844.0,105.0,203.0,209.0,inside_visible,343.477,174.6198947368421,0
4Y7MMmedX7E_4371-4987,27,1,231.875,76.75,149.0,159.0,inside_visible,871.525,216.5625,1
4Y7MMmedX7E_4371-4987,27,2,842.7142857142857,105.28571428571428,203.0000000000001,208.7142857142857,inside_visible,344.482,173.50463157894737,0
4Y7MMmedX7E_4371-4987,28,1,232.8125,76.625,149.0,159.0,inside_visible,871.6375,216.28125,1
4Y7MMmedX7E_4371-4987,28,2,841.4285714285714,105.57142857142856,202.9999999999999,208.42857142857144,inside_visible,345.487,172.38936842105264,0
4Y7MMmedX7E_4371-4987,29,1,233.75,76.5,149.0,159.0,inside_visible,871.75,216.0,1
4Y7MMmedX7E_4371-4987,29,2,840.1428571428571,105.85714285714286,203.0,208.14285714285717,inside_visible,346.492,171.2741052631579,0
4Y7MMmedX7E_4371-4987,30,1,234.6875,76.375,149.0,159.0,gaze_shift,867.7776666666666,215.3683333333333,1
4Y7MMmedX7E_4371-4987,30,2,838.8571428571429,106.14285714285714,203.0,207.8571428571429,inside_visible,347.497,170.15884210526315,0
4Y7MMmedX7E_4371-4987,31,1,235.625,76.25,149.0,159.0,gaze_shift,863.8053333333334,214.73666666666665,1
4Y7MMmedX7E_4371-4987,31,2,837.5714285714286,106.42857142857144,203.0000000000001,207.57142857142856,inside_visible,348.502,169.04357894736842,0
4Y7MMmedX7E_4371-4987,32,1,236.5625,76.125,149.0,159.0,gaze_shift,859.833,214.105,1
4Y7MMmedX7E_4371-4987,32,2,836.2857142857143,106.71428571428572,202.9999999999999,207.28571428571428,inside_visible,349.507,167.9283157894737,0
4Y7MMmedX7E_4371-4987,33,1,237.5,76.0,149.0,159.0,inside_visible,538.75,377.25,1
4Y7MMmedX7E_4371-4987,33,2,835.0,107.0,203.0,207.0,inside_visible,350.512,166.81305263157896,0
4Y7MMmedX7E_4371-4987,34,1,238.4375,75.875,149.0,159.0,inside_visible,536.8831250000001,379.054,1
4Y7MMmedX7E_4371-4987,34,2,833.4545454545455,107.45454545454544,202.27272727272725,206.63636363636363,inside_visible,351.517,165.69778947368422,0
4Y7MMmedX7E_4371-4987,35,1,239.375,75.75,149.0,159.0,inside_visible,535.01625,380.858,1
4Y7MMmedX7E_4371-4987,35,2,831.9090909090909,107.9090909090909,201.54545454545465,206.27272727272728,inside_visible,352.522,164.5825263157895,0
4Y7MMmedX7E_4371-4987,36,1,240.3125,75.625,149.0,159.0,inside_visible,533.149375,382.662,1
4Y7MMmedX7E_4371-4987,36,2,830.3636363636364,108.36363636363636,200.81818181818187,205.90909090909088,inside_visible,353.527,163.4672631578947,0
4Y7MMmedX7E_4371-4987,37,1,241.25,75.5,149.0,159.0,inside_visible,531.2825,384.466,1
4Y7MMmedX7E_4371-4987,37,2,828.8181818181819,108.8181818181818,200.09090909090912,205.54545454545456,inside_visible,354.532,162.352,0
4Y7MMmedX7E_4371-4987,38,1,242.1875,75.375,149.0,159.0,inside_visible,529.4156250000001,386.27,1
4Y7MMmedX7E_4371-4987,38,2,827.2727272727273,109.27272727272728,199.3636363636365,205.1818181818182,gaze_shift,354.9845,163.447,0
4Y7MMmedX7E_4371-4987,39,1,243.125,75.25,149.0,159.0,inside_visible,527.54875,388.074,1
4Y7MMmedX7E_4371-4987,39,2,825.7272727272727,109.72727272727272,198.6363636363635,204.8181818181818,gaze_shift,355.437,164.542,0
4Y7MMmedX7E_4371-4987,40,1,244.0625,75.125,149.0,159.0,inside_visible,525.681875,389.878,1
4Y7MMmedX7E_4371-4987,40,2,824.1818181818181,110.1818181818182,197.909090909091,204.45454545454544,gaze_shift,358.8369090909091,165.4851818181818,0
4Y7MMmedX7E_4371-4987,41,1,245.0,75.0,149.0,159.0,inside_visible,523.815,391.682,1
4Y7MMmedX7E_4371-4987,41,2,822.6363636363636,110.63636363636364,197.18181818181824,204.09090909090912,gaze_shift,362.2368181818182,166.42836363636363,0
4Y7MMmedX7E_4371-4987,42,1,246.7692307692308,75.23076923076923,149.0769230769231,159.0,inside_visible,523.2735,392.5985,1
4Y7MMmedX7E_4371-4987,42,2,821.0909090909091,111.0909090909091,196.45454545454535,203.72727272727272,gaze_shift,365.6367272727273,167.37154545454547,0
4Y7MMmedX7E_4371-4987,43,1,248.53846153846155,75.46153846153847,149.15384615384613,159.0,gaze_shift,522.732,393.515,1
4Y7MMmedX7E_4371-4987,43,2,819.5454545454545,111.54545454545456,195.72727272727275,203.3636363636364,gaze_shift,369.0366363636364,168.31472727272728,0
4Y7MMmedX7E_4371-4987,44,1,250.30769230769232,75.6923076923077,149.23076923076923,159.0,gaze_shift,522.706,392.76325,1
4Y7MMmedX7E_4371-4987,44,2,818.0,112.0,195.0,203.0,gaze_shift,372.4365454545455,169.2579090909091,0
4Y7MMmedX7E_4371-4987,45,1,252.07692307692307,75.92307692307692,149.3076923076923,159.0,gaze_shift,522.6800000000001,392.0115,1
4Y7MMmedX7E_4371-4987,45,2,817.7142857142857,112.28571428571428,194.6428571428572,202.78571428571428,gaze_shift,375.83645454545456,170.2010909090909,0
4Y7MMmedX7E_4371-4987,46,1,253.84615384615384,76.15384615384616,149.3846153846154,159.0,gaze_shift,522.654,391.25975,1
4Y7MMmedX7E_4371-4987,46,2,817.4285714285714,112.57142857142856,194.28571428571425,202.5714285714286,gaze_shift,379.2363636363637,171.14427272727272,0
4Y7MMmedX7E_4371-4987,47,1,255.6153846153846,76.38461538461539,149.46153846153848,159.0,gaze_shift,522.628,390.508,1
4Y7MMmedX7E_4371-4987,47,2,817.1428571428571,112.85714285714286,193.92857142857144,202.3571428571429,gaze_shift,382.6362727272728,172.08745454545453,0
4Y7MMmedX7E_4371-4987,48,1,257.38461538461536,76.61538461538461,149.53846153846155,159.0,gaze_shift,601.769,292.256,1
4Y7MMmedX7E_4371-4987,48,2,816.8571428571429,113.14285714285714,193.57142857142856,202.14285714285717,gaze_shift,386.0361818181818,173.03063636363638,0
4Y7MMmedX7E_4371-4987,49,1,259.15384615384613,76.84615384615384,149.61538461538464,159.0,gaze_shift,603.1765,290.904,1
4Y7MMmedX7E_4371-4987,49,2,816.5714285714286,113.42857142857144,193.21428571428575,201.9285714285714,gaze_shift,389.4360909090909,173.9738181818182,0
4Y7MMmedX7E_4371-4987,50,1,260.9230769230769,77.07692307692308,149.69230769230774,159.0,gaze_shift,604.5840000000001,289.552,1
4Y7MMmedX7E_4371-4987,50,2,816.2857142857143,113.71428571428572,192.8571428571428,201.7142857142857,gaze_shift,392.836,174.917,0
4Y7MMmedX7E_4371-4987,51,1,262.6923076923077,77.3076923076923,149.76923076923077,159.0,gaze_shift,605.9915,288.2,1
4Y7MMmedX7E_4371-4987,51,2,816.0,114.0,192.5,201.5,inside_visible,602.418,291.497,0
4Y7MMmedX7E_4371-4987,52,1,264.46153846153845,77.53846153846153,149.84615384615387,159.0,inside_visible,607.399,286.848,1
4Y7MMmedX7E_4371-4987,52,2,815.7142857142857,114.28571428571428,192.1428571428572,201.28571428571428,inside_visible,602.66925,291.7125,0
4Y7MMmedX7E_4371-4987,53,1,266.2307692307692,77.76923076923077,149.9230769230769,159.0,inside_visible,620.2393333333333,287.7754444444445,1
4Y7MMmedX7E_4371-4987,53,2,815.4285714285714,114.57142857142856,191.78571428571425,201.0714285714286,inside_visible,602.9205,291.928,0
4Y7MMmedX7E_4371-4987,54,1,268.0,78.0,150.0,159.0,inside_visible,633.0796666666666,288.7028888888889,1
4Y7MMmedX7E_4371-4987,54,2,815.1428571428571,114.85714285714286,191.42857142857144,200.8571428571429,inside_visible,603.17175,292.1435,0
4Y7MMmedX7E_4371-4987,55,1,268.6,78.2,150.0,159.0,inside_visible,645.92,289.63033333333334,1
4Y7MMmedX7E_4371-4987,55,2,814.8571428571429,115.14285714285714,191.07142857142856,200.64285714285717,inside_visible,603.423,292.359,0
4Y7MMmedX7E_4371-4987,56,1,269.2,78.4,150.0,159.0,inside_visible,658.7603333333333,290.5577777777778,1
4Y7MMmedX7E_4371-4987,56,2,814.5714285714286,115.42857142857144,190.71428571428575,200.4285714285714,inside_visible,623.39175,292.54225,0
4Y7MMmedX7E_4371-4987,57,1,269.8,78.6,150.0,159.0,inside_visible,671.6006666666667,291.4852222222222,1
4Y7MMmedX7E_4371-4987,57,2,814.2857142857143,115.71428571428572,190.3571428571428,200.2142857142857,inside_visible,643.3605,292.7255,0
4Y7MMmedX7E_4371-4987,58,1,270.4,78.8,150.0,159.0,inside_visible,684.441,292.41266666666667,1
4Y7MMmedX7E_4371-4987,58,2,814.0,116.0,190.0,200.0,gaze_shift,663.32925,292.90875,0
4Y7MMmedX7E_4371-4987,59,1,271.0,79.0,150.0,159.0,inside_visible,697.2813333333334,293.3401111111111,1
4Y7MMmedX7E_4371-4987,59,2,813.75,116.25,189.625,203.125,gaze_shift,683.298,293.092,0
4Y7MMmedX7E_4371-4987,60,1,271.45454545454544,79.13636363636364,150.0,159.0,inside_visible,710.1216666666667,294.26755555555553,1
4Y7MMmedX7E_4371-4987,60,2,813.5,116.5,189.25,206.25,gaze_shift,695.9706666666667,293.3213333333333,0
4Y7MMmedX7E_4371-4987,61,1,271.90909090909093,79.27272727272727,150.0,159.0,inside_visible,722.962,295.195,1
4Y7MMmedX7E_4371-4987,61,2,813.25,116.75,188.875,209.375,gaze_shift,708.6433333333333,293.55066666666664,0
4Y7MMmedX7E_4371-4987,62,1,272.3636363636364,79.4090909090909,150.0,159.0,inside_visible,708.17925,294.912125,1
4Y7MMmedX7E_4371-4987,62,2,813.0,117.0,188.5,212.5,gaze_shift,721.316,293.78,0
4Y7MMmedX7E_4371-4987,63,1,272.8181818181818,79.54545454545455,150.0,159.0,inside_visible,693.3965000000001,294.62925,1
4Y7MMmedX7E_4371-4987,63,2,812.75,117.25,188.125,215.625,gaze_shift,717.5303333333334,297.1343333333333,0
4Y7MMmedX7E_4371-4987,64,1,273.27272727272725,79.68181818181819,150.0,159.0,inside_visible,678.61375,294.346375,1
4Y7MMmedX7E_4371-4987,64,2,812.5,117.5,187.75,218.75,gaze_shift,713.7446666666666,300.4886666666667,0
4Y7MMmedX7E_4371-4987,65,1,273.72727272727275,79.81818181818181,150.0,159.0,inside_visible,663.831,294.0635,1
4Y7MMmedX7E_4371-4987,65,2,812.25,117.75,187.375,221.875,gaze_shift,709.959,303.843,0
4Y7MMmedX7E_4371-4987,66,1,274.1818181818182,79.95454545454545,150.0,159.0,inside_visible,649.04825,293.780625,1
4Y7MMmedX7E_4371-4987,66,2,812.0,118.0,187.0,225.0,gaze_shift,715.506,599.198,0
4Y7MMmedX7E_4371-4987,67,1,274.6363636363636,80.0909090909091,150.0,159.0,inside_visible,634.2655,293.49775,1
4Y7MMmedX7E_4371-4987,67,2,811.6666666666666,118.33333333333331,186.66666666666677,225.25,inside_visible,715.0536,599.1525,0
4Y7MMmedX7E_4371-4987,68,1,275.09090909090907,80.22727272727273,150.0,159.0,inside_visible,619.48275,293.214875,1
4Y7MMmedX7E_4371-4987,68,2,811.3333333333334,118.66666666666669,186.3333333333333,225.5,inside_visible,714.6012,599.107,0
4Y7MMmedX7E_4371-4987,69,1,275.54545454545456,80.36363636363636,150.0,159.0,gaze_shift,604.7,292.932,1
4Y7MMmedX7E_4371-4987,69,2,811.0,119.0,186.0,225.75,inside_visible,714.1487999999999,599.0615,0
4Y7MMmedX7E_4371-4987,70,1,276.0,80.5,150.0,159.0,gaze_shift,603.4173333333333,292.14933333333335,1
4Y7MMmedX7E_4371-4987,70,2,810.6666666666666,119.33333333333331,185.66666666666677,226.0,inside_visible,713.6963999999999,599.016,0
4Y7MMmedX7E_4371-4987,71,1,276.45454545454544,80.63636363636364,150.0,159.0,gaze_shift,602.1346666666667,291.3666666666667,1
4Y7MMmedX7E_4371-4987,71,2,810.3333333333334,119.66666666666669,185.3333333333333,226.25,inside_visible,713.2439999999999,598.9705,0
4Y7MMmedX7E_4371-4987,72,1,276.90909090909093,80.77272727272727,150.0,159.0,gaze_shift,600.852,290.584,1
4Y7MMmedX7E_4371-4987,72,2,810.0,120.0,185.0,226.5,inside_visible,712.7916,598.9250000000001,0
4Y7MMmedX7E_4371-4987,73,1,277.3636363636364,80.9090909090909,150.0,159.0,inside_visible,842.569,273.801,1
4Y7MMmedX7E_4371-4987,73,2,809.6666666666666,120.33333333333331,184.66666666666677,226.75,inside_visible,712.3392,598.8795,0
4Y7MMmedX7E_4371-4987,74,1,277.8181818181818,81.04545454545455,150.0,159.0,inside_visible,846.3695,269.26800000000003,1
4Y7MMmedX7E_4371-4987,74,2,809.3333333333334,120.66666666666669,184.3333333333333,227.0,inside_visible,711.8868,598.8340000000001,0
4Y7MMmedX7E_4371-4987,75,1,278.27272727272725,81.18181818181819,150.0,159.0,inside_visible,850.17,264.735,1
4Y7MMmedX7E_4371-4987,75,2,809.0,121.0,184.0,227.25,inside_visible,711.4344,598.7885,0
4Y7MMmedX7E_4371-4987,76,1,278.72727272727275,81.31818181818181,150.0,159.0,inside_visible,848.7714545454545,263.50772727272727,1
4Y7MMmedX7E_4371-4987,76,2,808.6666666666666,121.33333333333331,183.66666666666677,227.5,inside_visible,710.982,598.743,0
4Y7MMmedX7E_4371-4987,77,1,279.1818181818182,81.45454545454545,150.0,159.0,inside_visible,847.372909090909,262.2804545454546,1
4Y7MMmedX7E_4371-4987,77,2,808.3333333333334,121.66666666666669,183.3333333333333,227.75,inside_visible,712.13,595.898,0
4Y7MMmedX7E_4371-4987,78,1,279.6363636363636,81.5909090909091,150.0,159.0,inside_visible,845.9743636363636,261.0531818181818,1
4Y7MMmedX7E_4371-4987,78,2,808.0,122.0,183.0,228.0,gaze_shift,711.6943333333334,596.6496666666667,0
4Y7MMmedX7E_4371-4987,79,1,280.09090909090907,81.72727272727273,150.0,159.0,inside_visible,844.5758181818181,259.8259090909091,1
4Y7MMmedX7E_4371-4987,79,2,809.0,121.66666666666669,183.0,226.66666666666663,gaze_shift,711.2586666666666,597.4013333333334,0
4Y7MMmedX7E_4371-4987,80,1,280.54545454545456,81.86363636363636,150.0,159.0,inside_visible,843.1772727272727,258.5986363636364,1
4Y7MMmedX7E_4371-4987,80,2,810.0,121.33333333333331,183.0,225.33333333333337,gaze_shift,710.823,598.153,0
4Y7MMmedX7E_4371-4987,81,1,281.0,82.0,150.0,159.0,inside_visible,841.7787272727272,257.37136363636364,1
4Y7MMmedX7E_4371-4987,81,2,811.0,121.0,183.0,224.0,gaze_shift,599.587,287.571,0
4Y7MMmedX7E_4371-4987,82,1,281.72,82.2,150.0,159.0,inside_visible,840.3801818181818,256.1440909090909,1
4Y7MMmedX7E_4371-4987,82,2,812.0,121.0,183.0,223.0,gaze_shift,600.8512499999999,289.4895,0
4Y7MMmedX7E_4371-4987,83,1,282.44,82.4,150.0,159.0,inside_visible,838.9816363636363,254.9168181818182,1
4Y7MMmedX7E_4371-4987,83,2,813.0,121.0,183.0,222.0,gaze_shift,602.1155,291.408,0
4Y7MMmedX7E_4371-4987,84,1,283.16,82.6,150.0,159.0,inside_visible,837.5830909090909,253.68954545454545,1
4Y7MMmedX7E_4371-4987,84,2,814.2,120.8,183.0,221.2,gaze_shift,603.3797500000001,293.3265,0
4Y7MMmedX7E_4371-4987,85,1,283.88,82.8,150.0,159.0,inside_visible,836.1845454545454,252.46227272727276,1
4Y7MMmedX7E_4371-4987,85,2,815.4,120.6,183.0,220.4,gaze_shift,604.644,295.245,0
4Y7MMmedX7E_4371-4987,86,1,284.6,83.0,150.0,159.0,inside_visible,834.786,251.235,1
4Y7MMmedX7E_4371-4987,86,2,816.6,120.4,183.0,219.6,inside_visible,602.458,290.288,0
4Y7MMmedX7E_4371-4987,87,1,285.32,83.2,150.0,159.0,gaze_shift,841.297,254.528,1
4Y7MMmedX7E_4371-4987,87,2,817.8,120.2,183.0,218.8,inside_visible,602.4525882352941,290.2828823529412,0
4Y7MMmedX7E_4371-4987,88,1,286.04,83.4,150.0,159.0,gaze_shift,841.808,249.921,1
4Y7MMmedX7E_4371-4987,88,2,819.0,120.0,183.0,218.0,inside_visible,602.4471764705883,290.2777647058824,0
4Y7MMmedX7E_4371-4987,89,1,286.76,83.6,150.0,159.0,gaze_shift,842.319,245.314,1
4Y7MMmedX7E_4371-4987,89,2,820.0,119.8,183.0,217.6,inside_visible,602.4417647058823,290.2726470588236,0
4Y7MMmedX7E_4371-4987,90,1,287.48,83.8,150.0,159.0,gaze_shift,601.83,292.873,1
4Y7MMmedX7E_4371-4987,90,2,821.0,119.6,183.0,217.2,inside_visible,602.4363529411764,290.2675294117647,0
4Y7MMmedX7E_4371-4987,91,1,288.2,84.0,150.0,159.0,gaze_shift,602.841,290.9325,1
4Y7MMmedX7E_4371-4987,91,2,822.0,119.4,183.0,216.8,inside_visible,602.4309411764706,290.2624117647059,0
4Y7MMmedX7E_4371-4987,92,1,288.92,84.2,150.0,159.0,gaze_shift,603.852,288.992,1
4Y7MMmedX7E_4371-4987,92,2,823.0,119.2,183.0,216.40000000000003,inside_visible,602.4255294117647,290.25729411764706,0
4Y7MMmedX7E_4371-4987,93,1,289.64,84.4,150.0,159.0,inside_visible,604.6965,289.285,1
4Y7MMmedX7E_4371-4987,93,2,824.0,119.0,183.0,216.0,inside_visible,602.4201176470588,290.25217647058827,0
4Y7MMmedX7E_4371-4987,94,1,290.36,84.6,150.0,159.0,inside_visible,605.541,289.578,1
4Y7MMmedX7E_4371-4987,94,2,825.8333333333334,118.75,183.0,216.3333333333333,inside_visible,602.4147058823529,290.2470588235294,0
4Y7MMmedX7E_4371-4987,95,1,291.08,84.8,150.0,159.0,inside_visible,605.4038148148148,289.5097407407407,1
4Y7MMmedX7E_4371-4987,95,2,827.6666666666666,118.5,183.0,216.66666666666669,inside_visible,602.409294117647,290.2419411764706,0
4Y7MMmedX7E_4371-4987,96,1,291.8,85.0,150.0,159.0,inside_visible,605.2666296296297,289.44148148148145,1
4Y7MMmedX7E_4371-4987,96,2,829.5,118.25,183.0,217.0,inside_visible,602.4038823529412,290.23682352941177,0
4Y7MMmedX7E_4371-4987,97,1,292.52,85.2,150.0,159.0,inside_visible,605.1294444444445,289.3732222222222,1
4Y7MMmedX7E_4371-4987,97,2,831.3333333333334,118.0,183.0,217.3333333333333,inside_visible,602.3984705882352,290.23170588235297,0
4Y7MMmedX7E_4371-4987,98,1,293.24,85.4,150.0,159.0,inside_visible,604.9922592592593,289.3049629629629,1
4Y7MMmedX7E_4371-4987,98,2,833.1666666666666,117.75,183.0,217.66666666666669,inside_visible,602.3930588235294,290.2265882352941,0
4Y7MMmedX7E_4371-4987,99,1,293.96,85.6,150.0,159.0,inside_visible,604.8550740740741,289.2367037037037,1
4Y7MMmedX7E_4371-4987,99,2,835.0,117.5,183.0,218.0,inside_visible,602.3876470588235,290.2214705882353,0
4Y7MMmedX7E_4371-4987,100,1,294.68,85.8,150.0,159.0,inside_visible,604.717888888889,289.16844444444445,1
4Y7MMmedX7E_4371-4987,100,2,836.8333333333334,117.25,183.0,218.3333333333333,inside_visible,602.3822352941177,290.21635294117647,0
4Y7MMmedX7E_4371-4987,101,1,295.4,86.0,150.0,159.0,inside_visible,604.5807037037038,289.1001851851852,1
4Y7MMmedX7E_4371-4987,101,2,838.6666666666666,117.0,183.0,218.66666666666669,inside_visible,602.3768235294117,290.21123529411767,0
4Y7MMmedX7E_4371-4987,102,1,296.12,86.2,150.0,159.0,inside_visible,604.4435185185185,289.0319259259259,1
4Y7MMmedX7E_4371-4987,102,2,840.5,116.75,183.0,219.0,inside_visible,602.3714117647058,290.2061176470588,0
4Y7MMmedX7E_4371-4987,103,1,296.84,86.4,150.0,159.0,inside_visible,604.3063333333333,288.96366666666665,1
4Y7MMmedX7E_4371-4987,103,2,842.3333333333334,116.5,182.9999999999999,219.3333333333333,inside_visible,602.366,290.201,0
4Y7MMmedX7E_4371-4987,104,1,297.56,86.6,150.0,159.0,inside_visible,604.1691481481482,288.8954074074074,1
4Y7MMmedX7E_4371-4987,104,2,844.1666666666666,116.25,183.0000000000001,219.66666666666669,inside_visible,602.1995,288.701,0
4Y7MMmedX7E_4371-4987,105,1,298.28,86.8,150.0,159.0,inside_visible,604.031962962963,288.8271481481481,1
4Y7MMmedX7E_4371-4987,105,2,846.0,116.0,183.0,220.0,inside_visible,602.033,287.201,0
4Y7MMmedX7E_4371-4987,106,1,299.0,87.0,150.0,159.0,inside_visible,603.8947777777778,288.75888888888886,1
4Y7MMmedX7E_4371-4987,106,2,846.0,115.66666666666669,184.3333333333333,222.0,inside_visible,700.866,561.701,0
4Y7MMmedX7E_4371-4987,107,1,299.4,87.0,150.0,159.0,inside_visible,603.7575925925926,288.6906296296296,1
4Y7MMmedX7E_4371-4987,107,2,846.0,115.33333333333331,185.66666666666677,224.0,inside_visible,701.7945714285714,560.7724285714286,0
4Y7MMmedX7E_4371-4987,108,1,299.8,87.0,150.0,159.0,inside_visible,603.6204074074075,288.6223703703704,1
4Y7MMmedX7E_4371-4987,108,2,846.0,115.0,187.0,226.0,inside_visible,702.7231428571429,559.8438571428571,0
4Y7MMmedX7E_4371-4987,109,1,300.2,87.0,150.0,159.0,inside_visible,603.4832222222223,288.5541111111111,1
4Y7MMmedX7E_4371-4987,109,2,846.0,114.66666666666669,188.3333333333333,228.0,inside_visible,703.6517142857143,558.9152857142857,0
4Y7MMmedX7E_4371-4987,110,1,300.6,87.0,150.0,159.0,inside_visible,603.346037037037,288.48585185185186,1
4Y7MMmedX7E_4371-4987,110,2,846.0,114.33333333333331,189.66666666666677,230.0,inside_visible,704.5802857142857,557.9867142857144,0
4Y7MMmedX7E_4371-4987,111,1,301.0,87.0,150.0,159.0,inside_visible,603.2088518518518,288.4175925925926,1
4Y7MMmedX7E_4371-4987,111,2,846.0,114.0,191.0,232.0,inside_visible,705.5088571428571,557.0581428571429,0
4Y7MMmedX7E_4371-4987,112,1,301.4,87.0,150.0,159.0,inside_visible,603.0716666666667,288.34933333333333,1
4Y7MMmedX7E_4371-4987,112,2,847.0,113.75,191.25,231.5,inside_visible,706.4374285714285,556.1295714285715,0
4Y7MMmedX7E_4371-4987,113,1,301.8,87.0,150.0,159.0,inside_visible,602.9344814814815,288.28107407407407,1
4Y7MMmedX7E_4371-4987,113,2,848.0,113.5,191.5,231.0,inside_visible,707.366,555.201,0
4Y7MMmedX7E_4371-4987,114,1,302.2,87.0,150.0,159.0,inside_visible,602.7972962962963,288.2128148148148,1
4Y7MMmedX7E_4371-4987,114,2,849.0,113.25,191.75,230.5,inside_visible,705.518,549.697,0
4Y7MMmedX7E_4371-4987,115,1,302.6,87.0,150.0,159.0,inside_visible,602.6601111111111,288.14455555555554,1
4Y7MMmedX7E_4371-4987,115,2,850.0,113.0,192.0,230.0,inside_visible,703.6700000000001,544.193,0
4Y7MMmedX7E_4371-4987,116,1,303.0,87.0,150.0,159.0,inside_visible,602.522925925926,288.0762962962963,1
4Y7MMmedX7E_4371-4987,116,2,851.0,112.75,192.25,229.5,inside_visible,701.822,538.689,0
4Y7MMmedX7E_4371-4987,117,1,303.4,87.0,150.0,159.0,inside_visible,602.3857407407407,288.00803703703707,1
4Y7MMmedX7E_4371-4987,117,2,852.0,112.5,192.5,229.0,gaze_shift,699.974,533.185,0
4Y7MMmedX7E_4371-4987,118,1,303.8,87.0,150.0,159.0,inside_visible,602.2485555555555,287.9397777777778,1
4Y7MMmedX7E_4371-4987,118,2,853.0,112.25,192.75,228.5,gaze_shift,694.976,532.531,0
4Y7MMmedX7E_4371-4987,119,1,304.2,87.0,150.0,159.0,inside_visible,602.1113703703703,287.87151851851854,1
4Y7MMmedX7E_4371-4987,119,2,854.0,112.0,193.0,228.0,gaze_shift,609.978,287.877,0
4Y7MMmedX7E_4371-4987,120,1,304.6,87.0,150.0,159.0,inside_visible,601.9741851851852,287.8032592592593,1
4Y7MMmedX7E_4371-4987,120,2,855.6,111.73333333333332,192.9999999999999,227.13333333333333,gaze_shift,609.1469999999999,287.723,0
4Y7MMmedX7E_4371-4987,121,1,305.0,87.0,150.0,159.0,inside_visible,601.837,287.735,1
4Y7MMmedX7E_4371-4987,121,2,857.2,111.46666666666668,193.0,226.26666666666668,gaze_shift,608.316,287.569,0
4Y7MMmedX7E_4371-4987,122,1,305.4,87.0,150.0,159.0,inside_visible,602.1686,288.07710000000003,1
4Y7MMmedX7E_4371-4987,122,2,858.8,111.2,193.0,225.40000000000003,inside_visible,607.485,287.415,0
4Y7MMmedX7E_4371-4987,123,1,305.8,87.0,150.0,159.0,inside_visible,602.5002,288.4192,1
4Y7MMmedX7E_4371-4987,123,2,860.4,110.93333333333334,193.0000000000001,224.5333333333333,inside_visible,607.2980909090909,287.91018181818185,0
4Y7MMmedX7E_4371-4987,124,1,306.2,87.0,150.0,159.0,gaze_shift,602.8318,288.7613,1
4Y7MMmedX7E_4371-4987,124,2,862.0,110.66666666666669,193.0,223.66666666666663,inside_visible,607.1111818181819,288.40536363636363,0
4Y7MMmedX7E_4371-4987,125,1,306.6,87.0,150.0,159.0,gaze_shift,603.1634,289.1034,1
4Y7MMmedX7E_4371-4987,125,2,863.6,110.4,192.9999999999999,222.8,inside_visible,606.9242727272728,288.90054545454547,0
4Y7MMmedX7E_4371-4987,126,1,307.0,87.0,150.0,159.0,gaze_shift,603.495,289.44550000000004,1
4Y7MMmedX7E_4371-4987,126,2,865.2,110.13333333333334,193.0,221.9333333333333,inside_visible,606.7373636363636,289.3957272727273,0
4Y7MMmedX7E_4371-4987,127,1,306.3684210526316,86.63157894736842,150.0,159.0,gaze_shift,603.8266,289.7876,1
4Y7MMmedX7E_4371-4987,127,2,866.8,109.86666666666666,193.0,221.06666666666663,inside_visible,606.5504545454545,289.89090909090913,0
4Y7MMmedX7E_4371-4987,128,1,305.7368421052632,86.26315789473684,150.0,159.0,gaze_shift,604.1582,290.1297,1
4Y7MMmedX7E_4371-4987,128,2,868.4,109.6,193.0000000000001,220.2,inside_visible,606.3635454545455,290.3860909090909,0
4Y7MMmedX7E_4371-4987,129,1,305.10526315789474,85.89473684210526,150.0,159.0,gaze_shift,604.4898000000001,290.47180000000003,1
4Y7MMmedX7E_4371-4987,129,2,870.0,109.33333333333331,193.0,219.33333333333337,inside_visible,606.1766363636364,290.88127272727274,0
4Y7MMmedX7E_4371-4987,130,1,304.4736842105263,85.52631578947368,150.0,159.0,gaze_shift,604.8214,290.8139,1
4Y7MMmedX7E_4371-4987,130,2,871.6,109.06666666666666,192.9999999999999,218.4666666666667,inside_visible,605.9897272727272,291.3764545454546,0
4Y7MMmedX7E_4371-4987,131,1,303.8421052631579,85.15789473684211,150.0,159.0,gaze_shift,605.153,291.156,1
4Y7MMmedX7E_4371-4987,131,2,873.2,108.8,193.0,217.6,inside_visible,605.8028181818181,291.8716363636364,0
4Y7MMmedX7E_4371-4987,132,1,303.2105263157895,84.78947368421052,150.0,159.0,gaze_shift,676.277,481.653,1
4Y7MMmedX7E_4371-4987,132,2,874.8,108.53333333333332,193.0,216.7333333333333,inside_visible,605.6159090909091,292.3668181818182,0
4Y7MMmedX7E_4371-4987,133,1,302.57894736842104,84.42105263157895,150.0,159.0,gaze_shift,676.3733333333333,501.3453333333334,1
4Y7MMmedX7E_4371-4987,133,2,876.4,108.26666666666668,193.0000000000001,215.86666666666667,inside_visible,605.429,292.862,0
4Y7MMmedX7E_4371-4987,134,1,301.94736842105266,84.05263157894737,150.0,159.0,gaze_shift,676.4696666666667,521.0376666666667,1
4Y7MMmedX7E_4371-4987,134,2,878.0,108.0,193.0,215.0,inside_visible,602.429,291.862,0
4Y7MMmedX7E_4371-4987,135,1,301.3157894736842,83.6842105263158,150.0,159.0,gaze_shift,676.566,540.73,1
4Y7MMmedX7E_4371-4987,135,2,876.8461538461538,108.0,192.6538461538462,215.53846153846155,gaze_shift,602.41125,290.0485,0
4Y7MMmedX7E_4371-4987,136,1,300.6842105263158,83.3157894736842,150.0,159.0,gaze_shift,674.9733333333334,549.8000000000001,1
4Y7MMmedX7E_4371-4987,136,2,875.6923076923077,108.0,192.30769230769224,216.0769230769231,gaze_shift,602.3934999999999,288.235,0
4Y7MMmedX7E_4371-4987,137,1,300.05263157894734,82.94736842105263,150.0,159.0,gaze_shift,673.3806666666667,558.87,1
4Y7MMmedX7E_4371-4987,137,2,874.5384615384615,108.0,191.96153846153845,216.61538461538464,gaze_shift,602.3757499999999,286.42150000000004,0
4Y7MMmedX7E_4371-4987,138,1,299.42105263157896,82.57894736842105,150.0,159.0,gaze_shift,671.788,567.94,1
4Y7MMmedX7E_4371-4987,138,2,873.3846153846154,108.0,191.61538461538464,217.15384615384613,gaze_shift,602.358,284.608,0
4Y7MMmedX7E_4371-4987,139,1,298.7894736842105,82.21052631578948,150.0,159.0,gaze_shift,673.529,569.7875,1
4Y7MMmedX7E_4371-4987,139,2,872.2307692307693,108.0,191.26923076923072,217.69230769230768,gaze_shift,674.007,572.545,0
4Y7MMmedX7E_4371-4987,140,1,298.1578947368421,81.84210526315789,150.0,159.0,inside_visible,675.27,571.635,1
4Y7MMmedX7E_4371-4987,140,2,871.0769230769231,108.0,190.9230769230769,218.23076923076923,gaze_shift,676.6555,575.4815,0
4Y7MMmedX7E_4371-4987,141,1,297.5263157894737,81.47368421052632,150.0,159.0,inside_visible,679.837,583.068,1
4Y7MMmedX7E_4371-4987,141,2,869.9230769230769,108.0,190.5769230769231,218.7692307692308,gaze_shift,679.304,578.418,0
4Y7MMmedX7E_4371-4987,142,1,296.89473684210526,81.10526315789474,150.0,159.0,inside_visible,682.5722499999999,578.6234999999999,1
4Y7MMmedX7E_4371-4987,142,2,868.7692307692307,108.0,190.23076923076928,219.30769230769232,inside_visible,675.429,565.64,0
4Y7MMmedX7E_4371-4987,143,1,296.2631578947368,80.73684210526315,150.0,159.0,inside_visible,685.3075,574.179,1
4Y7MMmedX7E_4371-4987,143,2,867.6153846153846,108.0,189.88461538461536,219.84615384615387,inside_visible,683.429,563.862,0
4Y7MMmedX7E_4371-4987,144,1,295.63157894736844,80.36842105263158,150.0,159.0,inside_visible,688.0427500000001,569.7345,1
4Y7MMmedX7E_4371-4987,144,2,866.4615384615385,108.0,189.53846153846155,220.38461538461536,inside_visible,688.1302499999999,562.784125,0
4Y7MMmedX7E_4371-4987,145,1,295.0,80.0,150.0,159.0,inside_visible,690.778,565.29,1
4Y7MMmedX7E_4371-4987,145,2,865.3076923076923,108.0,189.1923076923077,220.9230769230769,inside_visible,692.8315,561.70625,0
4Y7MMmedX7E_4371-4987,146,1,295.13953488372096,79.83720930232558,150.0,159.0,inside_visible,693.51325,560.8454999999999,1
4Y7MMmedX7E_4371-4987,146,2,864.1538461538462,108.0,188.8461538461538,221.46153846153845,inside_visible,697.53275,560.628375,0
4Y7MMmedX7E_4371-4987,147,1,295.27906976744185,79.67441860465117,150.0,159.0,inside_visible,696.2485,556.401,1
4Y7MMmedX7E_4371-4987,147,2,863.0,108.0,188.5,222.0,inside_visible,702.2339999999999,559.5505,0
4Y7MMmedX7E_4371-4987,148,1,295.4186046511628,79.51162790697674,150.0,159.0,inside_visible,698.9837500000001,551.9565,1
4Y7MMmedX7E_4371-4987,148,2,861.8461538461538,108.0,188.1538461538462,222.53846153846155,inside_visible,706.93525,558.472625,0
4Y7MMmedX7E_4371-4987,149,1,295.5581395348837,79.34883720930233,150.0,159.0,inside_visible,701.719,547.512,1
4Y7MMmedX7E_4371-4987,149,2,860.6923076923077,108.0,187.80769230769224,223.0769230769231,inside_visible,711.6365,557.39475,0
4Y7MMmedX7E_4371-4987,150,1,295.69767441860466,79.18604651162791,150.0,159.0,inside_visible,703.4787142857143,548.1157142857143,1
4Y7MMmedX7E_4371-4987,150,2,859.5384615384615,108.0,187.46153846153845,223.61538461538464,inside_visible,716.33775,556.316875,0
4Y7MMmedX7E_4371-4987,151,1,295.8372093023256,79.02325581395348,150.0,159.0,inside_visible,705.2384285714286,548.7194285714286,1
4Y7MMmedX7E_4371-4987,151,2,858.3846153846154,108.0,187.11538461538464,224.15384615384613,inside_visible,721.039,555.239,0
4Y7MMmedX7E_4371-4987,152,1,295.9767441860465,78.86046511627907,150.0,159.0,inside_visible,706.9981428571429,549.3231428571429,1
4Y7MMmedX7E_4371-4987,152,2,857.2307692307693,108.0,186.76923076923072,224.69230769230768,inside_visible,720.8654,554.8112,0
4Y7MMmedX7E_4371-4987,153,1,296.1162790697674,78.69767441860465,150.0,159.0,inside_visible,708.7578571428572,549.9268571428571,1
4Y7MMmedX7E_4371-4987,153,2,856.0769230769231,108.0,186.4230769230769,225.23076923076923,inside_visible,720.6918000000001,554.3834,0
4Y7MMmedX7E_4371-4987,154,1,296.2558139534884,78.53488372093024,150.0,159.0,inside_visible,710.5175714285715,550.5305714285714,1
4Y7MMmedX7E_4371-4987,154,2,854.9230769230769,108.0,186.0769230769231,225.7692307692308,inside_visible,720.5182,553.9556,0
4Y7MMmedX7E_4371-4987,155,1,296.3953488372093,78.37209302325581,150.0,159.0,inside_visible,712.2772857142858,551.1342857142857,1
4Y7MMmedX7E_4371-4987,155,2,853.7692307692307,108.0,185.73076923076928,226.30769230769232,inside_visible,720.3446,553.5278000000001,0
4Y7MMmedX7E_4371-4987,156,1,296.5348837209302,78.20930232558139,150.0,159.0,inside_visible,714.037,551.738,1
4Y7MMmedX7E_4371-4987,156,2,852.6153846153846,108.0,185.38461538461536,226.84615384615387,inside_visible,720.171,553.1,0
4Y7MMmedX7E_4371-4987,157,1,296.6744186046512,78.04651162790698,150.0,159.0,inside_visible,712.3345,551.3570000000001,1
4Y7MMmedX7E_4371-4987,157,2,851.4615384615385,108.0,185.03846153846155,227.38461538461536,inside_visible,718.3728,553.7046,0
4Y7MMmedX7E_4371-4987,158,1,296.8139534883721,77.88372093023256,150.0,159.0,inside_visible,710.6320000000001,550.9760000000001,1
4Y7MMmedX7E_4371-4987,158,2,850.3076923076923,108.0,184.6923076923077,227.9230769230769,inside_visible,716.5746,554.3092,0
4Y7MMmedX7E_4371-4987,159,1,296.95348837209303,77.72093023255815,150.0,159.0,inside_visible,708.9295,550.595,1
4Y7MMmedX7E_4371-4987,159,2,849.1538461538462,108.0,184.3461538461538,228.46153846153845,inside_visible,714.7764,554.9138,0
4Y7MMmedX7E_4371-4987,160,1,297.09302325581393,77.55813953488372,150.0,159.0,inside_visible,707.227,550.214,1
4Y7MMmedX7E_4371-4987,160,2,848.0,108.0,184.0,229.0,inside_visible,712.9782,555.5184,0
4Y7MMmedX7E_4371-4987,161,1,297.2325581395349,77.3953488372093,150.0,159.0,inside_visible,701.608,552.2775,1
4Y7MMmedX7E_4371-4987,161,2,847.5,107.875,185.125,227.875,inside_visible,711.18,556.123,0
4Y7MMmedX7E_4371-4987,162,1,297.3720930232558,77.23255813953489,150.0,159.0,inside_visible,695.989,554.341,1
4Y7MMmedX7E_4371-4987,162,2,847.0,107.75,186.25,226.75,inside_visible,689.9549999999999,551.223,0
4Y7MMmedX7E_4371-4987,163,1,297.51162790697674,77.06976744186046,150.0,159.0,inside_visible,665.37,544.405,1
4Y7MMmedX7E_4371-4987,163,2,846.5,107.625,187.375,225.625,inside_visible,668.73,546.323,0
4Y7MMmedX7E_4371-4987,164,1,297.6511627906977,76.90697674418604,150.0,159.0,inside_visible,644.9535000000001,522.905,1
4Y7MMmedX7E_4371-4987,164,2,846.0,107.5,188.5,224.5,inside_visible,647.0465,523.923,0
4Y7MMmedX7E_4371-4987,165,1,297.7906976744186,76.74418604651163,150.0,159.0,inside_visible,624.537,501.405,1
4Y7MMmedX7E_4371-4987,165,2,845.5,107.375,189.625,223.375,inside_visible,625.363,501.523,0
4Y7MMmedX7E_4371-4987,166,1,297.93023255813955,76.5813953488372,150.0,159.0,inside_visible,610.9535000000001,486.7385,1
4Y7MMmedX7E_4371-4987,166,2,845.0,107.25,190.75,222.25,inside_visible,613.18,484.123,0
4Y7MMmedX7E_4371-4987,167,1,298.06976744186045,76.4186046511628,150.0,159.0,inside_visible,597.37,472.072,1
4Y7MMmedX7E_4371-4987,167,2,844.5,107.125,191.875,221.125,inside_visible,600.63,473.9695,0
4Y7MMmedX7E_4371-4987,168,1,298.2093023255814,76.25581395348837,150.0,159.0,inside_visible,588.0364999999999,463.822,1
4Y7MMmedX7E_4371-4987,168,2,844.0,107.0,193.0,220.0,inside_visible,588.08,463.816,0
4Y7MMmedX7E_4371-4987,169,1,298.3488372093023,76.09302325581396,150.0,159.0,inside_visible,578.703,455.572,1
4Y7MMmedX7E_4371-4987,169,2,843.6666666666666,107.0,192.66666666666663,218.66666666666669,inside_visible,581.0578,459.9108,0
4Y7MMmedX7E_4371-4987,170,1,298.48837209302326,75.93023255813954,150.0,159.0,inside_visible,574.703,454.322,1
4Y7MMmedX7E_4371-4987,170,2,843.3333333333334,107.0,192.33333333333337,217.3333333333333,inside_visible,574.0356,456.0056,0
4Y7MMmedX7E_4371-4987,171,1,298.6279069767442,75.76744186046511,150.0,159.0,inside_visible,570.703,453.072,1
4Y7MMmedX7E_4371-4987,171,2,843.0,107.0,192.0,216.0,inside_visible,567.0134,452.1004,0
4Y7MMmedX7E_4371-4987,172,1,298.7674418604651,75.6046511627907,150.0,159.0,inside_visible,565.7339999999999,448.549,1
4Y7MMmedX7E_4371-4987,172,2,842.0,107.23076923076924,191.38461538461547,215.53846153846155,inside_visible,559.9912,448.1952,0
4Y7MMmedX7E_4371-4987,173,1,298.90697674418607,75.44186046511628,150.0,159.0,inside_visible,560.765,444.026,1
4Y7MMmedX7E_4371-4987,173,2,841.0,107.46153846153848,190.76923076923072,215.0769230769231,inside_visible,552.969,444.29,0
4Y7MMmedX7E_4371-4987,174,1,299.04651162790697,75.27906976744185,150.0,159.0,inside_visible,557.296,443.003,1
4Y7MMmedX7E_4371-4987,174,2,840.0,107.6923076923077,190.1538461538462,214.61538461538464,inside_visible,399.547,185.985,0
4Y7MMmedX7E_4371-4987,175,1,299.1860465116279,75.11627906976744,150.0,159.0,inside_visible,553.827,441.98,1
4Y7MMmedX7E_4371-4987,175,2,839.0,107.92307692307692,189.53846153846143,214.1538461538462,inside_visible,398.458,187.513,0
4Y7MMmedX7E_4371-4987,176,1,299.3255813953488,74.95348837209302,150.0,159.0,inside_visible,553.0093333333333,441.2346666666666,1
4Y7MMmedX7E_4371-4987,176,2,838.0,108.15384615384616,188.9230769230769,213.6923076923077,inside_visible,397.7262500000001,187.041,0
4Y7MMmedX7E_4371-4987,177,1,299.4651162790698,74.79069767441861,150.0,159.0,inside_visible,552.1916666666667,440.4893333333333,1
4Y7MMmedX7E_4371-4987,177,2,837.0,108.3846153846154,188.3076923076924,213.23076923076923,inside_visible,396.9945,186.569,0
4Y7MMmedX7E_4371-4987,178,1,299.6046511627907,74.62790697674419,150.0,159.0,inside_visible,551.374,439.744,1
4Y7MMmedX7E_4371-4987,178,2,836.0,108.6153846153846,187.6923076923077,212.76923076923077,inside_visible,396.26275,186.097,0
4Y7MMmedX7E_4371-4987,179,1,299.74418604651163,74.46511627906976,150.0,159.0,inside_visible,550.5563333333333,438.9986666666667,1
4Y7MMmedX7E_4371-4987,179,2,835.0,108.84615384615384,187.0769230769231,212.3076923076923,inside_visible,395.531,185.625,0
4Y7MMmedX7E_4371-4987,180,1,299.8837209302326,74.30232558139535,150.0,159.0,inside_visible,549.7386666666667,438.2533333333333,1
4Y7MMmedX7E_4371-4987,180,2,834.0,109.07692307692308,186.46153846153845,211.8461538461538,inside_visible,397.2382857142857,185.77214285714285,0
4Y7MMmedX7E_4371-4987,181,1,300.0232558139535,74.13953488372093,150.0,159.0,inside_visible,548.921,437.508,1
4Y7MMmedX7E_4371-4987,181,2,833.0,109.3076923076923,185.8461538461538,211.38461538461536,inside_visible,398.9455714285714,185.9192857142857,0
4Y7MMmedX7E_4371-4987,182,1,300.16279069767444,73.97674418604652,150.0,159.0,inside_visible,556.052,437.128,1
4Y7MMmedX7E_4371-4987,182,2,832.0,109.53846153846152,185.23076923076928,210.9230769230769,inside_visible,400.6528571428572,186.06642857142856,0
4Y7MMmedX7E_4371-4987,183,1,300.30232558139534,73.81395348837209,150.0,159.0,gaze_shift,555.9606666666667,432.6356666666667,1
4Y7MMmedX7E_4371-4987,183,2,831.0,109.76923076923076,184.61538461538464,210.46153846153845,inside_visible,402.3601428571429,186.21357142857144,0
4Y7MMmedX7E_4371-4987,184,1,300.4418604651163,73.65116279069767,150.0,159.0,gaze_shift,555.8693333333333,428.1433333333333,1
4Y7MMmedX7E_4371-4987,184,2,830.0,110.0,184.0,210.0,inside_visible,404.0674285714286,186.3607142857143,0
4Y7MMmedX7E_4371-4987,185,1,300.5813953488372,73.48837209302326,150.0,159.0,gaze_shift,555.778,423.651,1
4Y7MMmedX7E_4371-4987,185,2,829.3636363636364,110.1818181818182,183.90909090909088,210.63636363636363,inside_visible,405.7747142857143,186.50785714285715,0
4Y7MMmedX7E_4371-4987,186,1,300.72093023255815,73.32558139534883,150.0,159.0,gaze_shift,556.9925000000001,420.999,1
4Y7MMmedX7E_4371-4987,186,2,828.7272727272727,110.36363636363636,183.81818181818176,211.27272727272725,inside_visible,407.482,186.655,0
4Y7MMmedX7E_4371-4987,187,1,300.86046511627904,73.16279069767442,150.0,159.0,gaze_shift,558.207,418.347,1
4Y7MMmedX7E_4371-4987,187,2,828.0909090909091,110.54545454545456,183.72727272727275,211.90909090909088,inside_visible,408.85083333333336,185.85966666666667,0
4Y7MMmedX7E_4371-4987,188,1,301.0,73.0,150.0,159.0,gaze_shift,626.421,293.758,1
4Y7MMmedX7E_4371-4987,188,2,827.4545454545455,110.72727272727272,183.63636363636363,212.5454545454545,inside_visible,410.2196666666667,185.0643333333333,0
4Y7MMmedX7E_4371-4987,189,1,301.5348837209302,73.13953488372093,150.0,159.0,gaze_shift,628.168,292.631,1
4Y7MMmedX7E_4371-4987,189,2,826.8181818181819,110.9090909090909,183.5454545454545,213.18181818181816,inside_visible,411.5885,184.269,0
4Y7MMmedX7E_4371-4987,190,1,302.06976744186045,73.27906976744185,150.0,159.0,gaze_shift,627.4145,292.0035,1
4Y7MMmedX7E_4371-4987,190,2,826.1818181818181,111.0909090909091,183.4545454545455,213.81818181818184,inside_visible,412.9573333333333,183.47366666666667,0
4Y7MMmedX7E_4371-4987,191,1,302.6046511627907,73.4186046511628,150.0,159.0,gaze_shift,626.661,291.376,1
4Y7MMmedX7E_4371-4987,191,2,825.5454545454545,111.27272727272728,183.3636363636364,214.4545454545455,inside_visible,414.32616666666667,182.6783333333333,0
4Y7MMmedX7E_4371-4987,192,1,303.13953488372096,73.55813953488372,150.0,159.0,inside_visible,625.408,290.415,1
4Y7MMmedX7E_4371-4987,192,2,824.9090909090909,111.45454545454544,183.27272727272725,215.09090909090912,inside_visible,415.695,181.883,0
4Y7MMmedX7E_4371-4987,193,1,303.6744186046512,73.69767441860465,150.0,159.0,inside_visible,625.45772,290.37264000000005,1
4Y7MMmedX7E_4371-4987,193,2,824.2727272727273,111.63636363636364,183.18181818181824,215.72727272727275,gaze_shift,411.231,182.254,0
4Y7MMmedX7E_4371-4987,194,1,304.2093023255814,73.83720930232558,150.0,159.0,inside_visible,625.50744,290.33028,1
4Y7MMmedX7E_4371-4987,194,2,823.6363636363636,111.8181818181818,183.09090909090912,216.3636363636364,gaze_shift,412.5255,178.375,0
4Y7MMmedX7E_4371-4987,195,1,304.74418604651163,73.97674418604652,150.0,159.0,inside_visible,625.55716,290.28792000000004,1
4Y7MMmedX7E_4371-4987,195,2,823.0,112.0,183.0,217.0,gaze_shift,413.82,174.496,0
4Y7MMmedX7E_4371-4987,196,1,305.27906976744185,74.11627906976744,150.0,159.0,inside_visible,625.60688,290.24556,1
4Y7MMmedX7E_4371-4987,196,2,821.75,112.5,183.0,218.75,gaze_shift,418.734,180.879,0
4Y7MMmedX7E_4371-4987,197,1,305.8139534883721,74.25581395348837,150.0,159.0,inside_visible,625.6566,290.20320000000004,1
4Y7MMmedX7E_4371-4987,197,2,820.5,113.0,183.0,220.5,gaze_shift,639.647,613.262,0
4Y7MMmedX7E_4371-4987,198,1,306.3488372093023,74.3953488372093,150.0,159.0,inside_visible,625.70632,290.16084,1
4Y7MMmedX7E_4371-4987,198,2,819.25,113.5,183.0,222.25,gaze_shift,638.5607500000001,617.3952499999999,0
4Y7MMmedX7E_4371-4987,199,1,306.8837209302326,74.53488372093024,150.0,159.0,inside_visible,625.75604,290.11848000000003,1
4Y7MMmedX7E_4371-4987,199,2,818.0,114.0,183.0,224.0,gaze_shift,637.4745,621.5284999999999,0
4Y7MMmedX7E_4371-4987,200,1,307.4186046511628,74.67441860465117,150.0,159.0,inside_visible,625.80576,290.07612,1
4Y7MMmedX7E_4371-4987,200,2,816.75,114.5,183.0,225.75,gaze_shift,636.38825,625.66175,0
4Y7MMmedX7E_4371-4987,201,1,307.95348837209303,74.81395348837209,150.0,159.0,inside_visible,625.85548,290.03376000000003,1
4Y7MMmedX7E_4371-4987,201,2,815.5,115.0,183.0,227.5,gaze_shift,635.302,629.795,0
4Y7MMmedX7E_4371-4987,202,1,308.48837209302326,74.95348837209302,150.0,159.0,inside_visible,625.9052,289.9914,1
4Y7MMmedX7E_4371-4987,202,2,814.25,115.5,183.0,229.25,gaze_shift,635.88225,630.09475,0
4Y7MMmedX7E_4371-4987,203,1,309.0232558139535,75.09302325581396,150.0,159.0,inside_visible,625.95492,289.94904,1
4Y7MMmedX7E_4371-4987,203,2,813.0,116.0,183.0,231.0,gaze_shift,636.4625,630.3945,0
4Y7MMmedX7E_4371-4987,204,1,309.5581395348837,75.23255813953489,150.0,159.0,inside_visible,626.00464,289.90668,1
4Y7MMmedX7E_4371-4987,204,2,813.0,115.875,182.875,231.375,inside_visible,637.04275,630.69425,0
4Y7MMmedX7E_4371-4987,205,1,310.09302325581393,75.37209302325581,150.0,159.0,inside_visible,626.05436,289.86432,1
4Y7MMmedX7E_4371-4987,205,2,813.0,115.75,182.75,231.75,inside_visible,637.623,630.9939999999999,0
4Y7MMmedX7E_4371-4987,206,1,310.6279069767442,75.51162790697674,150.0,159.0,inside_visible,626.10408,289.82196,1
4Y7MMmedX7E_4371-4987,206,2,813.0,115.625,182.625,232.125,inside_visible,638.20325,631.2937499999999,0
4Y7MMmedX7E_4371-4987,207,1,311.16279069767444,75.65116279069767,150.0,159.0,inside_visible,626.1537999999999,289.7796,1
4Y7MMmedX7E_4371-4987,207,2,813.0,115.5,182.5,232.5,inside_visible,638.7835,631.5935,0
4Y7MMmedX7E_4371-4987,208,1,311.69767441860466,75.79069767441861,150.0,159.0,inside_visible,626.20352,289.73724,1
4Y7MMmedX7E_4371-4987,208,2,813.0,115.375,182.375,232.875,inside_visible,639.36375,631.89325,0
4Y7MMmedX7E_4371-4987,209,1,312.2325581395349,75.93023255813954,150.0,159.0,inside_visible,626.25324,289.69488,1
4Y7MMmedX7E_4371-4987,209,2,813.0,115.25,182.25,233.25,inside_visible,639.944,632.193,0
4Y7MMmedX7E_4371-4987,210,1,312.7674418604651,76.06976744186046,150.0,159.0,inside_visible,626.30296,289.65252,1
4Y7MMmedX7E_4371-4987,210,2,813.0,115.125,182.125,233.625,inside_visible,640.4566666666666,632.347,0
4Y7MMmedX7E_4371-4987,211,1,313.30232558139534,76.20930232558139,150.0,159.0,inside_visible,626.35268,289.61016,1
4Y7MMmedX7E_4371-4987,211,2,813.0,115.0,182.0,234.0,inside_visible,640.9693333333333,632.501,0
4Y7MMmedX7E_4371-4987,212,1,313.8372093023256,76.34883720930233,150.0,159.0,inside_visible,626.4024,289.5678,1
4Y7MMmedX7E_4371-4987,212,2,813.8571428571429,114.85714285714286,182.1428571428571,233.7142857142857,inside_visible,641.482,632.655,0
4Y7MMmedX7E_4371-4987,213,1,314.37209302325584,76.48837209302326,150.0,159.0,inside_visible,626.4521199999999,289.52544,1
4Y7MMmedX7E_4371-4987,213,2,814.7142857142857,114.71428571428572,182.28571428571436,233.42857142857144,inside_visible,641.1006666666666,633.7798333333333,0
4Y7MMmedX7E_4371-4987,214,1,314.90697674418607,76.62790697674419,150.0,159.0,inside_visible,626.50184,289.48308,1
4Y7MMmedX7E_4371-4987,214,2,815.5714285714286,114.57142857142856,182.42857142857144,233.1428571428572,inside_visible,640.7193333333333,634.9046666666667,0
4Y7MMmedX7E_4371-4987,215,1,315.4418604651163,76.76744186046511,150.0,159.0,inside_visible,626.55156,289.44072,1
4Y7MMmedX7E_4371-4987,215,2,816.4285714285714,114.42857142857144,182.57142857142856,232.85714285714283,inside_visible,640.338,636.0295,0
4Y7MMmedX7E_4371-4987,216,1,315.9767441860465,76.90697674418605,150.0,159.0,inside_visible,626.60128,289.39836,1
4Y7MMmedX7E_4371-4987,216,2,817.2857142857143,114.28571428571428,182.7142857142857,232.57142857142856,inside_visible,639.9566666666666,637.1543333333333,0
4Y7MMmedX7E_4371-4987,217,1,316.51162790697674,77.04651162790698,150.0,159.0,inside_visible,626.651,289.356,1
4Y7MMmedX7E_4371-4987,217,2,818.1428571428571,114.14285714285714,182.8571428571429,232.2857142857143,inside_visible,639.5753333333333,638.2791666666667,0
4Y7MMmedX7E_4371-4987,218,1,317.04651162790697,77.18604651162791,150.0,159.0,inside_visible,626.6474,289.5114,1
4Y7MMmedX7E_4371-4987,218,2,819.0,114.0,183.0,232.0,gaze_shift,639.194,639.404,0
4Y7MMmedX7E_4371-4987,219,1,317.5813953488372,77.32558139534883,150.0,159.0,inside_visible,626.6437999999999,289.6668,1
4Y7MMmedX7E_4371-4987,219,2,820.375,113.75,183.25,229.875,gaze_shift,639.3293333333334,638.279,0
4Y7MMmedX7E_4371-4987,220,1,318.1162790697674,77.46511627906976,150.0,159.0,inside_visible,626.6401999999999,289.8222,1
4Y7MMmedX7E_4371-4987,220,2,821.75,113.5,183.5,227.75,gaze_shift,639.4646666666666,637.154,0
4Y7MMmedX7E_4371-4987,221,1,318.6511627906977,77.6046511627907,150.0,159.0,inside_visible,626.6365999999999,289.9776,1
4Y7MMmedX7E_4371-4987,221,2,823.125,113.25,183.75,225.625,gaze_shift,639.6,636.029,0
4Y7MMmedX7E_4371-4987,222,1,319.1860465116279,77.74418604651163,150.0,159.0,inside_visible,626.633,290.13300000000004,1
4Y7MMmedX7E_4371-4987,222,2,824.5,113.0,184.0,223.5,gaze_shift,641.069,293.57,0
4Y7MMmedX7E_4371-4987,223,1,319.72093023255815,77.88372093023256,150.0,159.0,inside_visible,626.6294,290.2884,1
4Y7MMmedX7E_4371-4987,223,2,825.875,112.75,184.25,221.375,inside_visible,639.8085555555555,293.24333333333334,0
4Y7MMmedX7E_4371-4987,224,1,320.2558139534884,78.02325581395348,150.0,159.0,inside_visible,626.6258,290.4438,1
4Y7MMmedX7E_4371-4987,224,2,827.25,112.5,184.5,219.25,inside_visible,638.5481111111111,292.9166666666667,0
4Y7MMmedX7E_4371-4987,225,1,320.7906976744186,78.16279069767442,150.0,159.0,inside_visible,626.6222,290.5992,1
4Y7MMmedX7E_4371-4987,225,2,828.625,112.25,184.75,217.125,inside_visible,637.2876666666666,292.59,0
4Y7MMmedX7E_4371-4987,226,1,321.3255813953488,78.30232558139535,150.0,159.0,inside_visible,626.6186,290.75460000000004,1
4Y7MMmedX7E_4371-4987,226,2,830.0,112.0,185.0,215.0,inside_visible,636.0272222222222,292.2633333333333,0
4Y7MMmedX7E_4371-4987,227,1,321.86046511627904,78.44186046511628,150.0,159.0,inside_visible,626.615,290.91,1
4Y7MMmedX7E_4371-4987,227,2,830.5,112.0,185.25,214.91666666666669,inside_visible,634.7667777777777,291.93666666666667,0
4Y7MMmedX7E_4371-4987,228,1,322.3953488372093,78.5813953488372,150.0,159.0,gaze_shift,624.311,291.265,1
4Y7MMmedX7E_4371-4987,228,2,831.0,112.0,185.5,214.8333333333333,inside_visible,633.5063333333334,291.61,0
4Y7MMmedX7E_4371-4987,229,1,322.93023255813955,78.72093023255815,150.0,159.0,gaze_shift,624.2216666666667,291.59666666666664,1
4Y7MMmedX7E_4371-4987,229,2,831.5,112.0,185.75,214.75,inside_visible,632.2458888888889,291.2833333333333,0
4Y7MMmedX7E_4371-4987,230,1,323.4651162790698,78.86046511627907,150.0,159.0,gaze_shift,624.1323333333333,291.92833333333334,1
4Y7MMmedX7E_4371-4987,230,2,832.0,112.0,186.0,214.66666666666669,inside_visible,630.9854444444445,290.95666666666665,0
4Y7MMmedX7E_4371-4987,231,1,324.0,79.0,150.0,159.0,gaze_shift,624.043,292.26,1
4Y7MMmedX7E_4371-4987,231,2,832.5,112.0,186.25,214.5833333333333,inside_visible,629.725,290.63,0
4Y7MMmedX7E_4371-4987,232,1,323.25,78.95,150.0,159.0,gaze_shift,623.9536666666667,292.59166666666664,1
4Y7MMmedX7E_4371-4987,232,2,833.0,112.0,186.5,214.5,inside_visible,628.2025,290.716,0
4Y7MMmedX7E_4371-4987,233,1,322.5,78.9,150.0,159.0,gaze_shift,623.8643333333333,292.92333333333335,1
4Y7MMmedX7E_4371-4987,233,2,833.5,112.0,186.75,214.41666666666669,inside_visible,626.68,290.802,0
4Y7MMmedX7E_4371-4987,234,1,321.75,78.85,150.0,159.0,gaze_shift,623.775,293.255,1
4Y7MMmedX7E_4371-4987,234,2,834.0,112.0,187.0,214.3333333333333,inside_visible,625.8578,291.08820000000003,0
4Y7MMmedX7E_4371-4987,235,1,321.0,78.8,150.0,159.0,inside_visible,648.186,637.753,1
4Y7MMmedX7E_4371-4987,235,2,834.5,112.0,187.25,214.25,inside_visible,625.0355999999999,291.37440000000004,0
4Y7MMmedX7E_4371-4987,236,1,320.25,78.75,150.0,159.0,inside_visible,697.943,626.388,1
4Y7MMmedX7E_4371-4987,236,2,835.0,112.0,187.5,214.16666666666669,inside_visible,624.2134,291.6606,0
4Y7MMmedX7E_4371-4987,237,1,319.5,78.7,150.0,159.0,inside_visible,697.95,622.473,1
4Y7MMmedX7E_4371-4987,237,2,835.5,112.0,187.75,214.0833333333333,inside_visible,623.3911999999999,291.9468,0
4Y7MMmedX7E_4371-4987,238,1,318.75,78.65,150.0,159.0,inside_visible,697.895,618.496,1
4Y7MMmedX7E_4371-4987,238,2,836.0,112.0,188.0,214.0,inside_visible,622.569,292.233,0
4Y7MMmedX7E_4371-4987,239,1,318.0,78.6,150.0,159.0,inside_visible,697.589,619.436,1
4Y7MMmedX7E_4371-4987,239,2,835.375,112.125,188.0,214.04166666666669,inside_visible,623.1415999999999,292.0014,0
4Y7MMmedX7E_4371-4987,240,1,317.25,78.55,150.0,159.0,inside_visible,690.909,601.501,1
4Y7MMmedX7E_4371-4987,240,2,834.75,112.25,188.0,214.0833333333333,inside_visible,623.7142,291.7698,0
4Y7MMmedX7E_4371-4987,241,1,316.5,78.5,150.0,159.0,inside_visible,676.728,575.565,1
4Y7MMmedX7E_4371-4987,241,2,834.125,112.375,188.0,214.125,inside_visible,624.2868,291.5382,0
4Y7MMmedX7E_4371-4987,242,1,315.75,78.45,150.0,159.0,inside_visible,663.957,555.45,1
4Y7MMmedX7E_4371-4987,242,2,833.5,112.5,188.0,214.16666666666669,inside_visible,624.8594,291.3066,0
4Y7MMmedX7E_4371-4987,243,1,315.0,78.4,150.0,159.0,inside_visible,653.6865,534.8355,1
4Y7MMmedX7E_4371-4987,243,2,832.875,112.625,188.0,214.2083333333333,inside_visible,625.432,291.075,0
4Y7MMmedX7E_4371-4987,244,1,314.25,78.35,150.0,159.0,inside_visible,643.416,514.221,1
4Y7MMmedX7E_4371-4987,244,2,832.25,112.75,188.0,214.25,inside_visible,625.9095384615384,290.93689743589744,0
4Y7MMmedX7E_4371-4987,245,1,313.5,78.3,150.0,159.0,inside_visible,639.7840000000001,497.773,1
4Y7MMmedX7E_4371-4987,245,2,831.625,112.875,188.0,214.29166666666669,inside_visible,626.387076923077,290.7987948717949,0
4Y7MMmedX7E_4371-4987,246,1,312.75,78.25,150.0,159.0,inside_visible,636.152,481.325,1
4Y7MMmedX7E_4371-4987,246,2,831.0,113.0,188.0,214.3333333333333,inside_visible,626.8646153846154,290.6606923076923,0
4Y7MMmedX7E_4371-4987,247,1,312.0,78.2,150.0,159.0,gaze_shift,635.27,465.377,1
4Y7MMmedX7E_4371-4987,247,2,830.375,113.125,188.0,214.375,inside_visible,627.3421538461539,290.5225897435897,0
4Y7MMmedX7E_4371-4987,248,1,311.25,78.15,150.0,159.0,gaze_shift,629.466,451.952,1
4Y7MMmedX7E_4371-4987,248,2,829.75,113.25,188.0,214.41666666666669,inside_visible,627.8196923076923,290.3844871794872,0
4Y7MMmedX7E_4371-4987,249,1,310.5,78.1,150.0,159.0,gaze_shift,629.466,451.952,1
4Y7MMmedX7E_4371-4987,249,2,829.125,113.375,188.0,214.4583333333333,inside_visible,628.2972307692307,290.2463846153846,0
4Y7MMmedX7E_4371-4987,250,1,309.75,78.05,150.0,159.0,gaze_shift,622.966,292.619,1
4Y7MMmedX7E_4371-4987,250,2,828.5,113.5,188.0,214.5,inside_visible,628.7747692307693,290.10828205128206,0
4Y7MMmedX7E_4371-4987,251,1,309.0,78.0,150.0,159.0,gaze_shift,624.966,288.619,1
4Y7MMmedX7E_4371-4987,251,2,827.875,113.625,188.0,214.54166666666669,inside_visible,629.2523076923077,289.9701794871795,0
4Y7MMmedX7E_4371-4987,252,1,309.34375,77.96875,150.0,159.0,gaze_shift,622.716,290.952,1
4Y7MMmedX7E_4371-4987,252,2,827.25,113.75,188.0,214.5833333333333,inside_visible,629.7298461538462,289.8320769230769,0
4Y7MMmedX7E_4371-4987,253,1,309.6875,77.9375,150.0,159.0,inside_visible,624.466,291.952,1
4Y7MMmedX7E_4371-4987,253,2,826.625,113.875,188.0,214.625,inside_visible,630.2073846153846,289.69397435897434,0
4Y7MMmedX7E_4371-4987,254,1,310.03125,77.90625,150.0,159.0,inside_visible,625.3092592592593,291.9291111111111,1
4Y7MMmedX7E_4371-4987,254,2,826.0,114.0,188.0,214.66666666666669,inside_visible,630.6849230769232,289.5558717948718,0
4Y7MMmedX7E_4371-4987,255,1,310.375,77.875,150.0,159.0,inside_visible,626.1525185185185,291.9062222222222,1
4Y7MMmedX7E_4371-4987,255,2,825.375,114.125,188.0,214.7083333333333,inside_visible,631.1624615384616,289.41776923076924,0
4Y7MMmedX7E_4371-4987,256,1,310.71875,77.84375,150.0,159.0,inside_visible,626.9957777777778,291.8833333333333,1
4Y7MMmedX7E_4371-4987,256,2,824.75,114.25,188.0,214.75,inside_visible,631.64,289.2796666666667,0
4Y7MMmedX7E_4371-4987,257,1,311.0625,77.8125,150.0,159.0,inside_visible,627.8390370370371,291.86044444444445,1
4Y7MMmedX7E_4371-4987,257,2,824.125,114.375,188.0,214.79166666666669,inside_visible,632.1175384615385,289.1415641025641,0
4Y7MMmedX7E_4371-4987,258,1,311.40625,77.78125,150.0,159.0,inside_visible,628.6822962962963,291.8375555555556,1
4Y7MMmedX7E_4371-4987,258,2,823.5,114.5,188.0,214.8333333333333,inside_visible,632.5950769230769,289.0034615384615,0
4Y7MMmedX7E_4371-4987,259,1,311.75,77.75,150.0,159.0,inside_visible,629.5255555555556,291.81466666666665,1
4Y7MMmedX7E_4371-4987,259,2,822.875,114.625,188.0,214.875,inside_visible,633.0726153846155,288.86535897435897,0
4Y7MMmedX7E_4371-4987,260,1,312.09375,77.71875,150.0,159.0,inside_visible,630.3688148148149,291.7917777777778,1
4Y7MMmedX7E_4371-4987,260,2,822.25,114.75,188.0,214.91666666666669,inside_visible,633.5501538461539,288.7272564102564,0
4Y7MMmedX7E_4371-4987,261,1,312.4375,77.6875,150.0,159.0,inside_visible,631.212074074074,291.7688888888889,1
4Y7MMmedX7E_4371-4987,261,2,821.625,114.875,188.0,214.9583333333333,inside_visible,634.0276923076923,288.58915384615386,0
4Y7MMmedX7E_4371-4987,262,1,312.78125,77.65625,150.0,159.0,inside_visible,632.0553333333334,291.746,1
4Y7MMmedX7E_4371-4987,262,2,821.0,115.0,188.0,215.0,inside_visible,634.5052307692308,288.4510512820513,0
4Y7MMmedX7E_4371-4987,263,1,313.125,77.625,150.0,159.0,inside_visible,632.8985925925926,291.7231111111111,1
4Y7MMmedX7E_4371-4987,263,2,821.4444444444445,114.88888888888889,188.0,215.00000000000003,inside_visible,634.9827692307692,288.3129487179487,0
4Y7MMmedX7E_4371-4987,264,1,313.46875,77.59375,150.0,159.0,inside_visible,633.7418518518518,291.70022222222224,1
4Y7MMmedX7E_4371-4987,264,2,821.8888888888889,114.77777777777776,188.0,215.0,inside_visible,635.4603076923078,288.17484615384615,0
4Y7MMmedX7E_4371-4987,265,1,313.8125,77.5625,150.0,159.0,inside_visible,634.5851111111111,291.6773333333333,1
4Y7MMmedX7E_4371-4987,265,2,822.3333333333334,114.66666666666669,188.0,215.0,inside_visible,635.9378461538462,288.0367435897436,0
4Y7MMmedX7E_4371-4987,266,1,314.15625,77.53125,150.0,159.0,inside_visible,635.4283703703704,291.65444444444444,1
4Y7MMmedX7E_4371-4987,266,2,822.7777777777778,114.55555555555556,188.0,215.0,inside_visible,636.4153846153846,287.89864102564104,0
4Y7MMmedX7E_4371-4987,267,1,314.5,77.5,150.0,159.0,inside_visible,636.2716296296296,291.6315555555556,1
4Y7MMmedX7E_4371-4987,267,2,823.2222222222222,114.44444444444444,188.0,215.0,inside_visible,636.8929230769231,287.7605384615385,0
4Y7MMmedX7E_4371-4987,268,1,314.84375,77.46875,150.0,159.0,inside_visible,637.1148888888889,291.6086666666667,1
4Y7MMmedX7E_4371-4987,268,2,823.6666666666666,114.33333333333331,188.0,215.0,inside_visible,637.3704615384615,287.62243589743593,0
4Y7MMmedX7E_4371-4987,269,1,315.1875,77.4375,150.0,159.0,inside_visible,637.9581481481482,291.58577777777776,1
4Y7MMmedX7E_4371-4987,269,2,824.1111111111111,114.22222222222224,188.0,215.0,inside_visible,637.8480000000001,287.4843333333333,0
4Y7MMmedX7E_4371-4987,270,1,315.53125,77.40625,150.0,159.0,inside_visible,638.8014074074074,291.5628888888889,1
4Y7MMmedX7E_4371-4987,270,2,824.5555555555555,114.11111111111111,188.0,215.0,inside_visible,638.3255384615385,287.3462307692308,0
4Y7MMmedX7E_4371-4987,271,1,315.875,77.375,150.0,159.0,inside_visible,639.6446666666667,291.54,1
4Y7MMmedX7E_4371-4987,271,2,825.0,114.0,188.0,215.0,inside_visible,638.8030769230769,287.2081282051282,0
4Y7MMmedX7E_4371-4987,272,1,316.21875,77.34375,150.0,159.0,inside_visible,640.487925925926,291.5171111111111,1
4Y7MMmedX7E_4371-4987,272,2,825.3333333333334,113.77777777777776,188.0,215.11111111111117,inside_visible,639.2806153846154,287.07002564102567,0
4Y7MMmedX7E_4371-4987,273,1,316.5625,77.3125,150.0,159.0,inside_visible,641.3311851851852,291.4942222222222,1
4Y7MMmedX7E_4371-4987,273,2,825.6666666666666,113.55555555555556,188.0,215.22222222222223,inside_visible,639.7581538461538,286.9319230769231,0
4Y7MMmedX7E_4371-4987,274,1,316.90625,77.28125,150.0,159.0,inside_visible,642.1744444444445,291.47133333333335,1
4Y7MMmedX7E_4371-4987,274,2,826.0,113.33333333333331,188.0,215.33333333333337,inside_visible,640.2356923076924,286.7938205128205,0
4Y7MMmedX7E_4371-4987,275,1,317.25,77.25,150.0,159.0,inside_visible,643.0177037037038,291.4484444444444,1
4Y7MMmedX7E_4371-4987,275,2,826.3333333333334,113.11111111111111,188.0,215.44444444444443,inside_visible,640.7132307692308,286.65571794871795,0
4Y7MMmedX7E_4371-4987,276,1,317.59375,77.21875,150.0,159.0,inside_visible,643.860962962963,291.42555555555555,1
4Y7MMmedX7E_4371-4987,276,2,826.6666666666666,112.88888888888889,188.0,215.5555555555556,inside_visible,641.1907692307693,286.5176153846154,0
4Y7MMmedX7E_4371-4987,277,1,317.9375,77.1875,150.0,159.0,inside_visible,644.7042222222223,291.4026666666667,1
4Y7MMmedX7E_4371-4987,277,2,827.0,112.66666666666669,188.0,215.66666666666663,inside_visible,641.6683076923077,286.37951282051284,0
4Y7MMmedX7E_4371-4987,278,1,318.28125,77.15625,150.0,159.0,inside_visible,645.5474814814816,291.3797777777778,1
4Y7MMmedX7E_4371-4987,278,2,827.3333333333334,112.44444444444444,188.0,215.77777777777777,inside_visible,642.1458461538462,286.2414102564103,0
4Y7MMmedX7E_4371-4987,279,1,318.625,77.125,150.0,159.0,inside_visible,646.3907407407407,291.3568888888889,1
4Y7MMmedX7E_4371-4987,279,2,827.6666666666666,112.22222222222224,188.0,215.88888888888889,inside_visible,642.6233846153847,286.10330769230774,0
4Y7MMmedX7E_4371-4987,280,1,318.96875,77.09375,150.0,159.0,inside_visible,647.234,291.334,1
4Y7MMmedX7E_4371-4987,280,2,828.0,112.0,188.0,216.0,inside_visible,643.1009230769231,285.9652051282051,0
4Y7MMmedX7E_4371-4987,281,1,319.3125,77.0625,150.0,159.0,inside_visible,646.5833333333334,291.447,1
4Y7MMmedX7E_4371-4987,281,2,828.8,112.4,188.0,216.0,inside_visible,643.5784615384616,285.8271025641026,0
4Y7MMmedX7E_4371-4987,282,1,319.65625,77.03125,150.0,159.0,inside_visible,645.9326666666667,291.56,1
4Y7MMmedX7E_4371-4987,282,2,829.6,112.8,188.0,216.0,inside_visible,644.056,285.689,0
4Y7MMmedX7E_4371-4987,283,1,320.0,77.0,150.0,159.0,inside_visible,645.282,291.673,1
4Y7MMmedX7E_4371-4987,283,2,830.4,113.2,188.0,216.0,inside_visible,644.552,285.78875000000005,0
4Y7MMmedX7E_4371-4987,284,1,319.86046511627904,77.0,150.0,159.0,inside_visible,644.6313333333334,291.786,1
4Y7MMmedX7E_4371-4987,284,2,831.2,113.6,188.0,216.00000000000003,inside_visible,645.048,285.8885,0
4Y7MMmedX7E_4371-4987,285,1,319.72093023255815,77.0,150.0,159.0,inside_visible,643.9806666666667,291.899,1
4Y7MMmedX7E_4371-4987,285,2,832.0,114.0,188.0,216.0,inside_visible,645.544,285.98825,0
4Y7MMmedX7E_4371-4987,286,1,319.5813953488372,77.0,150.0,159.0,inside_visible,643.33,292.012,1
4Y7MMmedX7E_4371-4987,286,2,831.5,114.0,188.0,216.0,inside_visible,646.04,286.088,0
4Y7MMmedX7E_4371-4987,287,1,319.4418604651163,77.0,150.0,159.0,inside_visible,643.5064705882353,291.98258823529414,1
4Y7MMmedX7E_4371-4987,287,2,831.0,114.0,188.0,216.0,inside_visible,646.4694999999999,286.38750000000005,0
4Y7MMmedX7E_4371-4987,288,1,319.30232558139534,77.0,150.0,159.0,inside_visible,643.6829411764706,291.95317647058823,1
4Y7MMmedX7E_4371-4987,288,2,830.5,114.0,188.0,216.0,gaze_shift,646.899,286.687,0
4Y7MMmedX7E_4371-4987,289,1,319.16279069767444,77.0,150.0,159.0,inside_visible,643.8594117647059,291.9237647058824,1
4Y7MMmedX7E_4371-4987,289,2,830.0,114.0,188.0,216.0,gaze_shift,646.9673333333334,285.9173333333333,0
4Y7MMmedX7E_4371-4987,290,1,319.0232558139535,77.0,150.0,159.0,inside_visible,644.0358823529413,291.89435294117646,1
4Y7MMmedX7E_4371-4987,290,2,829.5,114.0,188.0,216.0,gaze_shift,647.0356666666667,285.1476666666667,0
4Y7MMmedX7E_4371-4987,291,1,318.8837209302326,77.0,150.0,159.0,inside_visible,644.2123529411765,291.8649411764706,1
4Y7MMmedX7E_4371-4987,291,2,829.0,114.0,188.0,216.0,gaze_shift,647.104,284.378,0
4Y7MMmedX7E_4371-4987,292,1,318.74418604651163,77.0,150.0,159.0,inside_visible,644.3888235294118,291.8355294117647,1
4Y7MMmedX7E_4371-4987,292,2,829.8,113.4,188.0,216.0,gaze_shift,649.6323333333333,283.132,0
4Y7MMmedX7E_4371-4987,293,1,318.6046511627907,77.0,150.0,159.0,inside_visible,644.5652941176471,291.80611764705884,1
4Y7MMmedX7E_4371-4987,293,2,830.6,112.8,188.0,216.0,gaze_shift,652.1606666666667,281.886,0
4Y7MMmedX7E_4371-4987,294,1,318.4651162790698,77.0,150.0,159.0,inside_visible,644.7417647058824,291.7767058823529,1
4Y7MMmedX7E_4371-4987,294,2,831.4,112.2,188.0,216.0,gaze_shift,654.689,280.64,0
4Y7MMmedX7E_4371-4987,295,1,318.3255813953488,77.0,150.0,159.0,inside_visible,644.9182352941177,291.7472941176471,1
4Y7MMmedX7E_4371-4987,295,2,832.2,111.6,188.0,216.00000000000003,gaze_shift,426.355,177.477,0
4Y7MMmedX7E_4371-4987,296,1,318.1860465116279,77.0,150.0,159.0,inside_visible,645.094705882353,291.7178823529412,1
4Y7MMmedX7E_4371-4987,296,2,833.0,111.0,188.0,216.0,inside_visible,427.001,177.419,0
4Y7MMmedX7E_4371-4987,297,1,318.04651162790697,77.0,150.0,159.0,inside_visible,645.2711764705883,291.6884705882353,1
4Y7MMmedX7E_4371-4987,297,2,833.8,110.4,188.0,216.0,inside_visible,427.08160714285714,177.69460714285717,0
4Y7MMmedX7E_4371-4987,298,1,317.90697674418607,77.0,150.0,159.0,inside_visible,645.4476470588236,291.6590588235294,1
4Y7MMmedX7E_4371-4987,298,2,834.6,109.8,188.0,216.0,inside_visible,427.16221428571424,177.9702142857143,0
4Y7MMmedX7E_4371-4987,299,1,317.7674418604651,77.0,150.0,159.0,inside_visible,645.6241176470588,291.62964705882354,1
4Y7MMmedX7E_4371-4987,299,2,835.4,109.2,188.0,216.0,inside_visible,427.2428214285714,178.24582142857145,0
4Y7MMmedX7E_4371-4987,300,1,317.6279069767442,77.0,150.0,159.0,inside_visible,645.8005882352942,291.6002352941176,1
4Y7MMmedX7E_4371-4987,300,2,836.2,108.6,188.0,216.00000000000003,inside_visible,427.32342857142856,178.52142857142857,0
4Y7MMmedX7E_4371-4987,301,1,317.48837209302326,77.0,150.0,159.0,inside_visible,645.9770588235294,291.57082352941177,1
4Y7MMmedX7E_4371-4987,301,2,837.0,108.0,188.0,216.0,inside_visible,427.40403571428567,178.79703571428573,0
4Y7MMmedX7E_4371-4987,302,1,317.3488372093023,77.0,150.0,159.0,inside_visible,646.1535294117648,291.54141176470586,1
4Y7MMmedX7E_4371-4987,302,2,837.25,108.1875,188.0,215.5625,inside_visible,427.4846428571428,179.07264285714285,0
4Y7MMmedX7E_4371-4987,303,1,317.2093023255814,77.0,150.0,159.0,inside_visible,646.33,291.512,1
4Y7MMmedX7E_4371-4987,303,2,837.5,108.375,188.0,215.125,inside_visible,427.56525,179.34825,0
4Y7MMmedX7E_4371-4987,304,1,317.06976744186045,77.0,150.0,159.0,inside_visible,646.5064705882353,291.48258823529414,1
4Y7MMmedX7E_4371-4987,304,2,837.75,108.5625,188.0,214.6875,inside_visible,427.6458571428571,179.62385714285716,0
4Y7MMmedX7E_4371-4987,305,1,316.93023255813955,77.0,150.0,159.0,inside_visible,646.6829411764706,291.45317647058823,1
4Y7MMmedX7E_4371-4987,305,2,838.0,108.75,188.0,214.25,eyes_closed,427.7264642857143,179.8994642857143,0
4Y7MMmedX7E_4371-4987,306,1,316.7906976744186,77.0,150.0,159.0,inside_visible,646.8594117647059,291.4237647058824,1
4Y7MMmedX7E_4371-4987,306,2,838.25,108.9375,188.0,213.8125,eyes_closed,427.8070714285714,180.17507142857144,0
4Y7MMmedX7E_4371-4987,307,1,316.6511627906977,77.0,150.0,159.0,inside_visible,647.0358823529413,291.39435294117646,1
4Y7MMmedX7E_4371-4987,307,2,838.5,109.125,188.0,213.375,eyes_closed,427.8876785714285,180.45067857142857,0
4Y7MMmedX7E_4371-4987,308,1,316.51162790697674,77.0,150.0,159.0,inside_visible,647.2123529411765,291.3649411764706,1
4Y7MMmedX7E_4371-4987,308,2,838.75,109.3125,188.0,212.9375,eyes_closed,427.9682857142857,180.72628571428567,0
4Y7MMmedX7E_4371-4987,309,1,316.3720930232558,77.0,150.0,159.0,inside_visible,647.3888235294118,291.3355294117647,1
4Y7MMmedX7E_4371-4987,309,2,839.0,109.5,188.0,212.5,eyes_closed,428.0488928571429,181.00189285714285,0
4Y7MMmedX7E_4371-4987,310,1,316.2325581395349,77.0,150.0,159.0,inside_visible,647.5652941176471,291.30611764705884,1
4Y7MMmedX7E_4371-4987,310,2,839.25,109.6875,188.0,212.0625,inside_visible,428.1295,181.2775,0
4Y7MMmedX7E_4371-4987,311,1,316.09302325581393,77.0,150.0,159.0,inside_visible,647.7417647058824,291.2767058823529,1
4Y7MMmedX7E_4371-4987,311,2,839.5,109.875,188.0,211.625,inside_visible,428.2101071428571,181.5531071428572,0
4Y7MMmedX7E_4371-4987,312,1,315.95348837209303,77.0,150.0,159.0,inside_visible,647.9182352941177,291.2472941176471,1
4Y7MMmedX7E_4371-4987,312,2,839.75,110.0625,188.0,211.1875,inside_visible,428.2907142857143,181.82871428571428,0
4Y7MMmedX7E_4371-4987,313,1,315.8139534883721,77.0,150.0,159.0,inside_visible,648.094705882353,291.2178823529412,1
4Y7MMmedX7E_4371-4987,313,2,840.0,110.25,188.0,210.75,inside_visible,428.3713214285714,182.10432142857144,0
4Y7MMmedX7E_4371-4987,314,1,315.6744186046512,77.0,150.0,159.0,inside_visible,648.2711764705883,291.1884705882353,1
4Y7MMmedX7E_4371-4987,314,2,840.25,110.4375,188.0,210.3125,inside_visible,428.4519285714285,182.37992857142856,0
4Y7MMmedX7E_4371-4987,315,1,315.5348837209302,77.0,150.0,159.0,inside_visible,648.4476470588236,291.1590588235294,1
4Y7MMmedX7E_4371-4987,315,2,840.5,110.625,188.0,209.875,inside_visible,428.5325357142857,182.6555357142857,0
4Y7MMmedX7E_4371-4987,316,1,315.3953488372093,77.0,150.0,159.0,inside_visible,648.6241176470588,291.12964705882354,1
4Y7MMmedX7E_4371-4987,316,2,840.75,110.8125,188.0,209.4375,inside_visible,428.61314285714286,182.93114285714285,0
4Y7MMmedX7E_4371-4987,317,1,315.2558139534884,77.0,150.0,159.0,inside_visible,648.8005882352942,291.1002352941176,1
4Y7MMmedX7E_4371-4987,317,2,841.0,111.0,188.0,209.0,inside_visible,428.69375,183.20675,0
4Y7MMmedX7E_4371-4987,318,1,315.1162790697674,77.0,150.0,159.0,inside_visible,648.9770588235294,291.07082352941177,1
4Y7MMmedX7E_4371-4987,318,2,840.8157894736842,111.0,188.0,209.0,inside_visible,428.7743571428571,183.48235714285715,0
4Y7MMmedX7E_4371-4987,319,1,314.9767441860465,77.0,150.0,159.0,inside_visible,649.1535294117648,291.04141176470586,1
4Y7MMmedX7E_4371-4987,319,2,840.6315789473684,111.0,187.9999999999999,209.0,inside_visible,428.8549642857143,183.75796428571428,0
4Y7MMmedX7E_4371-4987,320,1,314.8372093023256,77.0,150.0,159.0,inside_visible,649.33,291.012,1
4Y7MMmedX7E_4371-4987,320,2,840.4473684210526,111.0,188.0000000000001,209.0,inside_visible,428.9355714285714,184.03357142857143,0
4Y7MMmedX7E_4371-4987,321,1,314.69767441860466,77.0,150.0,159.0,inside_visible,649.1560869565218,291.012,1
4Y7MMmedX7E_4371-4987,321,2,840.2631578947369,111.0,188.0,209.0,inside_visible,429.01617857142855,184.30917857142856,0
4Y7MMmedX7E_4371-4987,322,1,314.5581395348837,77.0,150.0,159.0,inside_visible,648.9821739130435,291.012,1
4Y7MMmedX7E_4371-4987,322,2,840.078947368421,111.0,188.0,209.0,inside_visible,429.0967857142857,184.5847857142857,0
4Y7MMmedX7E_4371-4987,323,1,314.4186046511628,77.0,150.0,159.0,inside_visible,648.8082608695653,291.012,1
4Y7MMmedX7E_4371-4987,323,2,839.8947368421053,111.0,187.9999999999999,209.0,inside_visible,429.1773928571428,184.86039285714284,0
4Y7MMmedX7E_4371-4987,324,1,314.27906976744185,77.0,150.0,159.0,inside_visible,648.634347826087,291.012,1
4Y7MMmedX7E_4371-4987,324,2,839.7105263157895,111.0,187.9999999999999,209.0,inside_visible,429.258,185.136,0
4Y7MMmedX7E_4371-4987,325,1,314.13953488372096,77.0,150.0,159.0,inside_visible,648.4604347826088,291.012,1
4Y7MMmedX7E_4371-4987,325,2,839.5263157894736,111.0,188.0000000000001,209.0,inside_visible,646.839,292.09,0
4Y7MMmedX7E_4371-4987,326,1,314.0,77.0,150.0,159.0,inside_visible,648.2865217391304,291.012,1
4Y7MMmedX7E_4371-4987,326,2,839.3421052631579,111.0,188.0,209.0,inside_visible,647.431,293.10166666666663,0
4Y7MMmedX7E_4371-4987,327,1,313.86046511627904,77.0,150.0,159.0,inside_visible,648.1126086956522,291.012,1
4Y7MMmedX7E_4371-4987,327,2,839.1578947368421,111.0,188.0,209.0,inside_visible,648.023,294.11333333333334,0
4Y7MMmedX7E_4371-4987,328,1,313.72093023255815,77.0,150.0,159.0,inside_visible,647.9386956521739,291.012,1
4Y7MMmedX7E_4371-4987,328,2,838.9736842105264,111.0,187.9999999999999,209.0,inside_visible,648.615,295.125,0
4Y7MMmedX7E_4371-4987,329,1,313.5813953488372,77.0,150.0,159.0,inside_visible,647.7647826086957,291.012,1
4Y7MMmedX7E_4371-4987,329,2,838.7894736842105,111.0,188.0000000000001,209.0,inside_visible,648.5195,294.90422222222224,0
4Y7MMmedX7E_4371-4987,330,1,313.4418604651163,77.0,150.0,159.0,inside_visible,647.5908695652174,291.012,1
4Y7MMmedX7E_4371-4987,330,2,838.6052631578947,111.0,188.0000000000001,209.0,inside_visible,648.424,294.68344444444443,0
4Y7MMmedX7E_4371-4987,331,1,313.30232558139534,77.0,150.0,159.0,inside_visible,647.4169565217392,291.012,1
4Y7MMmedX7E_4371-4987,331,2,838.421052631579,111.0,188.0,209.0,inside_visible,648.3285,294.4626666666667,0
4Y7MMmedX7E_4371-4987,332,1,313.16279069767444,77.0,150.0,159.0,inside_visible,647.2430434782609,291.012,1
4Y7MMmedX7E_4371-4987,332,2,838.2368421052631,111.0,188.0,209.0,inside_visible,648.233,294.24188888888887,0
4Y7MMmedX7E_4371-4987,333,1,313.0232558139535,77.0,150.0,159.0,inside_visible,647.0691304347827,291.012,1
4Y7MMmedX7E_4371-4987,333,2,838.0526315789474,111.0,187.9999999999999,209.0,inside_visible,648.1375,294.0211111111111,0
4Y7MMmedX7E_4371-4987,334,1,312.8837209302326,77.0,150.0,159.0,inside_visible,646.8952173913044,291.012,1
4Y7MMmedX7E_4371-4987,334,2,837.8684210526316,111.0,188.0000000000001,209.0,inside_visible,648.042,293.80033333333336,0
4Y7MMmedX7E_4371-4987,335,1,312.74418604651163,77.0,150.0,159.0,inside_visible,646.7213043478262,291.012,1
4Y7MMmedX7E_4371-4987,335,2,837.6842105263158,111.0,188.0,209.0,inside_visible,647.9465,293.57955555555554,0
4Y7MMmedX7E_4371-4987,336,1,312.6046511627907,77.0,150.0,159.0,inside_visible,646.5473913043479,291.012,1
4Y7MMmedX7E_4371-4987,336,2,837.5,111.0,188.0,209.0,inside_visible,647.851,293.3587777777778,0
4Y7MMmedX7E_4371-4987,337,1,312.4651162790698,77.0,150.0,159.0,inside_visible,646.3734782608697,291.012,1
4Y7MMmedX7E_4371-4987,337,2,837.3157894736842,111.0,188.0,209.0,inside_visible,647.7555,293.13800000000003,0
4Y7MMmedX7E_4371-4987,338,1,312.3255813953488,77.0,150.0,159.0,inside_visible,646.1995652173913,291.012,1
4Y7MMmedX7E_4371-4987,338,2,837.1315789473684,111.0,187.9999999999999,209.0,inside_visible,647.66,292.9172222222222,0
4Y7MMmedX7E_4371-4987,339,1,312.1860465116279,77.0,150.0,159.0,inside_visible,646.025652173913,291.012,1
4Y7MMmedX7E_4371-4987,339,2,836.9473684210526,111.0,188.0000000000001,209.0,inside_visible,647.5645,292.69644444444447,0
4Y7MMmedX7E_4371-4987,340,1,312.04651162790697,77.0,150.0,159.0,inside_visible,645.8517391304348,291.012,1
4Y7MMmedX7E_4371-4987,340,2,836.7631578947369,111.0,188.0,209.0,inside_visible,647.4689999999999,292.47566666666665,0
4Y7MMmedX7E_4371-4987,341,1,311.90697674418607,77.0,150.0,159.0,inside_visible,645.6778260869565,291.012,1
4Y7MMmedX7E_4371-4987,341,2,836.578947368421,111.0,188.0,209.0,inside_visible,647.3734999999999,292.2548888888889,0
4Y7MMmedX7E_4371-4987,342,1,311.7674418604651,77.0,150.0,159.0,inside_visible,645.5039130434783,291.012,1
4Y7MMmedX7E_4371-4987,342,2,836.3947368421053,111.0,187.9999999999999,209.0,inside_visible,647.278,292.03411111111114,0
4Y7MMmedX7E_4371-4987,343,1,311.62790697674416,77.0,150.0,159.0,inside_visible,645.33,291.012,1
4Y7MMmedX7E_4371-4987,343,2,836.2105263157895,111.0,187.9999999999999,209.0,inside_visible,647.1825,291.81333333333333,0
4Y7MMmedX7E_4371-4987,344,1,311.48837209302326,77.0,150.0,159.0,inside_visible,645.6633333333334,291.3453333333333,1
4Y7MMmedX7E_4371-4987,344,2,836.0263157894736,111.0,188.0000000000001,209.0,inside_visible,647.087,291.5925555555556,0
4Y7MMmedX7E_4371-4987,345,1,311.3488372093023,77.0,150.0,159.0,inside_visible,645.9966666666667,291.6786666666667,1
4Y7MMmedX7E_4371-4987,345,2,835.8421052631579,111.0,188.0,209.0,inside_visible,646.9915,291.37177777777777,0
4Y7MMmedX7E_4371-4987,346,1,311.2093023255814,77.0,150.0,159.0,inside_visible,646.33,292.012,1
4Y7MMmedX7E_4371-4987,346,2,835.6578947368421,111.0,188.0,209.0,inside_visible,646.896,291.151,0
4Y7MMmedX7E_4371-4987,347,1,311.06976744186045,77.0,150.0,159.0,inside_visible,646.6633333333334,292.3453333333333,1
4Y7MMmedX7E_4371-4987,347,2,835.4736842105264,111.0,188.0,209.0,inside_visible,646.8652,291.06260000000003,0
4Y7MMmedX7E_4371-4987,348,1,310.93023255813955,77.0,150.0,159.0,inside_visible,646.9966666666667,292.6786666666667,1
4Y7MMmedX7E_4371-4987,348,2,835.2894736842105,111.0,188.0,209.0,inside_visible,646.8344,290.9742,0
4Y7MMmedX7E_4371-4987,349,1,310.7906976744186,77.0,150.0,159.0,gaze_shift,647.33,293.012,1
4Y7MMmedX7E_4371-4987,349,2,835.1052631578947,111.0,188.0,209.0,inside_visible,646.8036,290.8858,0
4Y7MMmedX7E_4371-4987,350,1,310.6511627906977,77.0,150.0,159.0,gaze_shift,642.698,294.69,1
4Y7MMmedX7E_4371-4987,350,2,834.921052631579,111.0,188.0,209.0,inside_visible,646.7728,290.7974,0
4Y7MMmedX7E_4371-4987,351,1,310.51162790697674,77.0,150.0,159.0,gaze_shift,646.732,294.702,1
4Y7MMmedX7E_4371-4987,351,2,834.7368421052631,111.0,188.0,209.0,inside_visible,646.742,290.709,0
4Y7MMmedX7E_4371-4987,352,1,310.37209302325584,77.0,150.0,159.0,gaze_shift,643.767,296.214,1
4Y7MMmedX7E_4371-4987,352,2,834.5526315789474,111.0,188.0,209.0,inside_visible,648.4445000000001,292.437,0
4Y7MMmedX7E_4371-4987,353,1,310.2325581395349,77.0,150.0,159.0,gaze_shift,596.801,379.725,1
4Y7MMmedX7E_4371-4987,353,2,834.3684210526316,111.0,188.0,209.0,inside_visible,650.147,294.165,0
4Y7MMmedX7E_4371-4987,354,1,310.09302325581393,77.0,150.0,159.0,gaze_shift,595.002,381.299,1
4Y7MMmedX7E_4371-4987,354,2,834.1842105263158,111.0,188.0,209.0,inside_visible,596.516,381.893,0
4Y7MMmedX7E_4371-4987,355,1,309.95348837209303,77.0,150.0,159.0,gaze_shift,594.737,380.757,1
4Y7MMmedX7E_4371-4987,355,2,834.0,111.0,188.0,209.0,inside_visible,593.552,380.287,0
4Y7MMmedX7E_4371-4987,356,1,309.8139534883721,77.0,150.0,159.0,gaze_shift,594.721,382.694,1
4Y7MMmedX7E_4371-4987,356,2,833.7857142857143,110.85714285714286,188.0,209.92857142857144,inside_visible,592.755,382.681,0
4Y7MMmedX7E_4371-4987,357,1,309.6744186046512,77.0,150.0,159.0,gaze_shift,593.205,382.22,1
4Y7MMmedX7E_4371-4987,357,2,833.5714285714286,110.71428571428572,188.0,210.85714285714283,inside_visible,593.6908,383.7422,0
4Y7MMmedX7E_4371-4987,358,1,309.5348837209302,77.0,150.0,159.0,inside_visible,593.33,384.512,1
4Y7MMmedX7E_4371-4987,358,2,833.3571428571429,110.57142857142856,188.0,211.78571428571428,inside_visible,594.6265999999999,384.8034,0
4Y7MMmedX7E_4371-4987,359,1,309.3953488372093,77.0,150.0,159.0,inside_visible,593.6832857142857,385.37757142857146,1
4Y7MMmedX7E_4371-4987,359,2,833.1428571428571,110.42857142857144,188.0,212.7142857142857,inside_visible,595.5624,385.8646,0
4Y7MMmedX7E_4371-4987,360,1,309.2558139534884,77.0,150.0,159.0,gaze_shift,594.0365714285715,386.24314285714286,1
4Y7MMmedX7E_4371-4987,360,2,832.9285714285714,110.28571428571428,188.0,213.6428571428572,inside_visible,596.4982,386.9258,0
4Y7MMmedX7E_4371-4987,361,1,309.1162790697674,77.0,150.0,159.0,gaze_shift,594.3898571428572,387.1087142857143,1
4Y7MMmedX7E_4371-4987,361,2,832.7142857142857,110.14285714285714,188.0,214.57142857142856,inside_visible,597.434,387.987,0
4Y7MMmedX7E_4371-4987,362,1,308.9767441860465,77.0,150.0,159.0,gaze_shift,594.7431428571429,387.9742857142857,1
4Y7MMmedX7E_4371-4987,362,2,832.5,110.0,188.0,215.5,inside_visible,598.1363333333334,388.7773333333333,0
4Y7MMmedX7E_4371-4987,363,1,308.8372093023256,77.0,150.0,159.0,gaze_shift,595.0964285714285,388.8398571428572,1
4Y7MMmedX7E_4371-4987,363,2,832.2857142857143,109.85714285714286,188.0,216.42857142857144,inside_visible,598.8386666666667,389.5676666666667,0
4Y7MMmedX7E_4371-4987,364,1,308.69767441860466,77.0,150.0,159.0,gaze_shift,595.4497142857143,389.70542857142857,1
4Y7MMmedX7E_4371-4987,364,2,832.0714285714286,109.71428571428572,188.0,217.35714285714283,inside_visible,599.541,390.358,0
4Y7MMmedX7E_4371-4987,365,1,308.5581395348837,77.0,150.0,159.0,gaze_shift,595.803,390.571,1
4Y7MMmedX7E_4371-4987,365,2,831.8571428571429,109.57142857142856,188.0,218.28571428571428,inside_visible,598.4393333333334,389.44466666666665,0
4Y7MMmedX7E_4371-4987,366,1,308.4186046511628,77.0,150.0,159.0,gaze_shift,693.68,295.437,1
4Y7MMmedX7E_4371-4987,366,2,831.6428571428571,109.42857142857144,188.0,219.2142857142857,inside_visible,597.3376666666667,388.53133333333335,0
4Y7MMmedX7E_4371-4987,367,1,308.27906976744185,77.0,150.0,159.0,inside_visible,693.474,294.053,1
4Y7MMmedX7E_4371-4987,367,2,831.4285714285714,109.28571428571428,188.0,220.1428571428572,inside_visible,596.236,387.618,0
4Y7MMmedX7E_4371-4987,368,1,308.13953488372096,77.0,150.0,159.0,inside_visible,693.5269285714286,294.00964285714286,1
4Y7MMmedX7E_4371-4987,368,2,831.2142857142857,109.14285714285714,188.0,221.07142857142856,gaze_shift,595.677,385.294,0
4Y7MMmedX7E_4371-4987,369,1,308.0,77.0,150.0,159.0,inside_visible,693.5798571428572,293.96628571428573,1
4Y7MMmedX7E_4371-4987,369,2,831.0,109.0,188.0,222.0,gaze_shift,595.118,382.97,0
4Y7MMmedX7E_4371-4987,370,1,308.6774193548387,77.0,150.0,159.0,inside_visible,693.6327857142858,293.9229285714286,1
4Y7MMmedX7E_4371-4987,370,2,828.8,109.8,188.0,223.6,gaze_shift,593.309,383.36,0
4Y7MMmedX7E_4371-4987,371,1,309.35483870967744,77.0,150.0,159.0,inside_visible,693.6857142857143,293.8795714285714,1
4Y7MMmedX7E_4371-4987,371,2,826.6,110.6,188.0,225.2,gaze_shift,645.833,646.834,0
4Y7MMmedX7E_4371-4987,372,1,310.03225806451616,77.0,150.0,159.0,inside_visible,693.7386428571428,293.8362142857143,1
4Y7MMmedX7E_4371-4987,372,2,824.4,111.4,188.0,226.8,gaze_shift,652.357,642.307,0
4Y7MMmedX7E_4371-4987,373,1,310.7096774193548,77.0,150.0,159.0,inside_visible,693.7915714285715,293.79285714285714,1
4Y7MMmedX7E_4371-4987,373,2,822.2,112.2,188.0,228.40000000000003,gaze_shift,648.881,642.03025,0
4Y7MMmedX7E_4371-4987,374,1,311.38709677419354,77.0,150.0,159.0,inside_visible,693.8445,293.7495,1
4Y7MMmedX7E_4371-4987,374,2,820.0,113.0,188.0,230.0,gaze_shift,645.405,641.7535,0
4Y7MMmedX7E_4371-4987,375,1,312.06451612903226,77.0,150.0,159.0,inside_visible,693.8974285714286,293.7061428571429,1
4Y7MMmedX7E_4371-4987,375,2,817.6,113.8,188.0,230.2,gaze_shift,641.929,641.47675,0
4Y7MMmedX7E_4371-4987,376,1,312.741935483871,77.0,150.0,159.0,inside_visible,693.9503571428572,293.66278571428575,1
4Y7MMmedX7E_4371-4987,376,2,815.2,114.6,188.0,230.4,gaze_shift,638.453,641.2,0
4Y7MMmedX7E_4371-4987,377,1,313.4193548387097,77.0,150.0,159.0,inside_visible,694.0032857142858,293.6194285714286,1
4Y7MMmedX7E_4371-4987,377,2,812.8,115.4,188.0,230.6,inside_visible,637.218,647.153,0
4Y7MMmedX7E_4371-4987,378,1,314.0967741935484,77.0,150.0,159.0,inside_visible,694.0562142857143,293.5760714285714,1
4Y7MMmedX7E_4371-4987,378,2,810.4,116.2,188.0,230.8,inside_visible,637.2315,642.6755,0
4Y7MMmedX7E_4371-4987,379,1,314.7741935483871,77.0,150.0,159.0,inside_visible,694.1091428571428,293.5327142857143,1
4Y7MMmedX7E_4371-4987,379,2,808.0,117.0,188.0,231.0,inside_visible,637.245,638.198,0
4Y7MMmedX7E_4371-4987,380,1,315.4516129032258,77.0,150.0,159.0,inside_visible,694.1620714285715,293.4893571428572,1
4Y7MMmedX7E_4371-4987,380,2,806.8,117.4,188.0,232.0,inside_visible,636.998,638.2316,0
4Y7MMmedX7E_4371-4987,381,1,316.1290322580645,77.0,150.0,159.0,inside_visible,694.215,293.446,1
4Y7MMmedX7E_4371-4987,381,2,805.6,117.8,188.0,233.0,inside_visible,636.751,638.2651999999999,0
4Y7MMmedX7E_4371-4987,382,1,316.80645161290323,77.0,150.0,159.0,inside_visible,694.3051304347827,293.30326086956524,1
4Y7MMmedX7E_4371-4987,382,2,804.4,118.2,188.0,234.0,inside_visible,636.504,638.2988,0
4Y7MMmedX7E_4371-4987,383,1,317.48387096774195,77.0,150.0,159.0,inside_visible,694.3952608695653,293.16052173913044,1
4Y7MMmedX7E_4371-4987,383,2,803.2,118.6,188.0,235.00000000000003,inside_visible,636.257,638.3324,0
4Y7MMmedX7E_4371-4987,384,1,318.16129032258067,77.0,150.0,159.0,inside_visible,694.4853913043479,293.01778260869565,1
4Y7MMmedX7E_4371-4987,384,2,802.0,119.0,188.0,236.0,inside_visible,636.01,638.366,0
4Y7MMmedX7E_4371-4987,385,1,318.83870967741933,77.0,150.0,159.0,inside_visible,694.5755217391304,292.8750434782609,1
4Y7MMmedX7E_4371-4987,385,2,802.4166666666666,118.79166666666669,187.75,236.04166666666663,inside_visible,636.3168947368421,638.4191052631579,0
4Y7MMmedX7E_4371-4987,386,1,319.51612903225805,77.0,150.0,159.0,inside_visible,694.665652173913,292.73230434782613,1
4Y7MMmedX7E_4371-4987,386,2,802.8333333333334,118.58333333333331,187.5,236.08333333333337,inside_visible,636.6237894736842,638.4722105263157,0
4Y7MMmedX7E_4371-4987,387,1,320.1935483870968,77.0,150.0,159.0,inside_visible,694.7557826086957,292.58956521739134,1
4Y7MMmedX7E_4371-4987,387,2,803.25,118.375,187.25,236.125,inside_visible,636.9306842105264,638.5253157894737,0
4Y7MMmedX7E_4371-4987,388,1,320.8709677419355,77.0,150.0,159.0,inside_visible,694.8459130434783,292.44682608695655,1
4Y7MMmedX7E_4371-4987,388,2,803.6666666666666,118.16666666666669,187.0,236.16666666666663,inside_visible,637.2375789473684,638.5784210526316,0
4Y7MMmedX7E_4371-4987,389,1,321.5483870967742,77.0,150.0,159.0,inside_visible,694.9360434782609,292.30408695652176,1
4Y7MMmedX7E_4371-4987,389,2,804.0833333333334,117.95833333333331,186.75,236.20833333333337,inside_visible,637.5444736842105,638.6315263157894,0
4Y7MMmedX7E_4371-4987,390,1,322.2258064516129,77.0,150.0,159.0,inside_visible,695.0261739130435,292.16134782608697,1
4Y7MMmedX7E_4371-4987,390,2,804.5,117.75,186.5,236.25,inside_visible,637.8513684210526,638.6846315789473,0
4Y7MMmedX7E_4371-4987,391,1,322.9032258064516,77.0,150.0,159.0,inside_visible,695.1163043478261,292.0186086956522,1
4Y7MMmedX7E_4371-4987,391,2,804.9166666666666,117.54166666666669,186.25,236.29166666666663,inside_visible,638.1582631578947,638.7377368421053,0
4Y7MMmedX7E_4371-4987,392,1,323.5806451612903,77.0,150.0,159.0,inside_visible,695.2064347826088,291.8758695652174,1
4Y7MMmedX7E_4371-4987,392,2,805.3333333333334,117.33333333333331,186.0,236.33333333333337,inside_visible,638.4651578947369,638.7908421052631,0
4Y7MMmedX7E_4371-4987,393,1,324.258064516129,77.0,150.0,159.0,inside_visible,695.2965652173913,291.73313043478265,1
4Y7MMmedX7E_4371-4987,393,2,805.75,117.125,185.75,236.375,inside_visible,638.772052631579,638.843947368421,0
4Y7MMmedX7E_4371-4987,394,1,324.93548387096774,77.0,150.0,159.0,inside_visible,695.3866956521739,291.59039130434786,1
4Y7MMmedX7E_4371-4987,394,2,806.1666666666666,116.91666666666669,185.5,236.41666666666663,inside_visible,639.078947368421,638.897052631579,0
4Y7MMmedX7E_4371-4987,395,1,325.61290322580646,77.0,150.0,159.0,inside_visible,695.4768260869565,291.44765217391307,1
4Y7MMmedX7E_4371-4987,395,2,806.5833333333334,116.70833333333331,185.25,236.45833333333337,inside_visible,639.3858421052631,638.9501578947369,0
4Y7MMmedX7E_4371-4987,396,1,326.2903225806452,77.0,150.0,159.0,inside_visible,695.5669565217391,291.3049130434783,1
4Y7MMmedX7E_4371-4987,396,2,807.0,116.5,185.0,236.5,inside_visible,639.6927368421053,639.0032631578947,0
4Y7MMmedX7E_4371-4987,397,1,326.9677419354839,77.0,150.0,159.0,inside_visible,695.6570869565218,291.1621739130435,1
4Y7MMmedX7E_4371-4987,397,2,807.4166666666666,116.29166666666669,184.75,236.54166666666663,inside_visible,639.9996315789474,639.0563684210526,0
4Y7MMmedX7E_4371-4987,398,1,327.64516129032256,77.0,150.0,159.0,inside_visible,695.7472173913044,291.0194347826087,1
4Y7MMmedX7E_4371-4987,398,2,807.8333333333334,116.08333333333331,184.5,236.58333333333337,inside_visible,640.3065263157895,639.1094736842106,0
4Y7MMmedX7E_4371-4987,399,1,328.3225806451613,77.0,150.0,159.0,inside_visible,695.837347826087,290.8766956521739,1
4Y7MMmedX7E_4371-4987,399,2,808.25,115.875,184.25,236.625,inside_visible,640.6134210526316,639.1625789473684,0
4Y7MMmedX7E_4371-4987,400,1,329.0,77.0,150.0,159.0,inside_visible,695.9274782608696,290.7339565217391,1
4Y7MMmedX7E_4371-4987,400,2,808.6666666666666,115.66666666666669,184.0,236.66666666666663,inside_visible,640.9203157894736,639.2156842105263,0
4Y7MMmedX7E_4371-4987,401,1,328.6666666666667,77.0,150.0,159.0,inside_visible,696.0176086956521,290.5912173913044,1
4Y7MMmedX7E_4371-4987,401,2,809.0833333333334,115.45833333333331,183.75,236.70833333333337,inside_visible,641.2272105263158,639.2687894736843,0
4Y7MMmedX7E_4371-4987,402,1,328.3333333333333,77.0,150.0,159.0,inside_visible,696.1077391304348,290.4484782608696,1
4Y7MMmedX7E_4371-4987,402,2,809.5,115.25,183.5,236.75,inside_visible,641.5341052631579,639.3218947368421,0
4Y7MMmedX7E_4371-4987,403,1,328.0,77.0,150.0,159.0,inside_visible,696.1978695652174,290.3057391304348,1
4Y7MMmedX7E_4371-4987,403,2,809.9166666666666,115.04166666666669,183.25,236.79166666666663,inside_visible,641.841,639.375,0
4Y7MMmedX7E_4371-4987,404,1,327.6666666666667,77.0,150.0,159.0,inside_visible,696.288,290.163,1
4Y7MMmedX7E_4371-4987,404,2,810.3333333333334,114.83333333333331,183.0,236.83333333333337,inside_visible,641.4783333333334,639.5386666666667,0
4Y7MMmedX7E_4371-4987,405,1,327.3333333333333,77.0,150.0,159.0,inside_visible,695.8301428571428,290.43,1
4Y7MMmedX7E_4371-4987,405,2,810.75,114.625,182.75,236.875,inside_visible,641.1156666666667,639.7023333333333,0
4Y7MMmedX7E_4371-4987,406,1,327.0,77.0,150.0,159.0,inside_visible,695.3722857142857,290.697,1
4Y7MMmedX7E_4371-4987,406,2,811.1666666666666,114.41666666666669,182.5,236.91666666666663,inside_visible,640.753,639.866,0
4Y7MMmedX7E_4371-4987,407,1,326.6666666666667,77.0,150.0,159.0,inside_visible,694.9144285714286,290.964,1
4Y7MMmedX7E_4371-4987,407,2,811.5833333333334,114.20833333333331,182.25,236.95833333333337,inside_visible,642.1692,638.9446,0
4Y7MMmedX7E_4371-4987,408,1,326.3333333333333,77.0,150.0,159.0,inside_visible,694.4565714285715,291.231,1
4Y7MMmedX7E_4371-4987,408,2,812.0,114.0,182.0,237.0,inside_visible,643.5854,638.0232,0
4Y7MMmedX7E_4371-4987,409,1,326.0,77.0,150.0,159.0,inside_visible,693.9987142857143,291.498,1
4Y7MMmedX7E_4371-4987,409,2,813.4615384615385,113.53846153846152,181.8461538461538,236.0,inside_visible,645.0015999999999,637.1018,0
4Y7MMmedX7E_4371-4987,410,1,325.6666666666667,77.0,150.0,159.0,inside_visible,693.5408571428571,291.765,1
4Y7MMmedX7E_4371-4987,410,2,814.9230769230769,113.07692307692308,181.6923076923077,235.0,inside_visible,646.4177999999999,636.1804,0
4Y7MMmedX7E_4371-4987,411,1,325.3333333333333,77.0,150.0,159.0,inside_visible,693.0830000000001,292.03200000000004,1
4Y7MMmedX7E_4371-4987,411,2,816.3846153846154,112.6153846153846,181.53846153846155,234.00000000000003,gaze_shift,647.834,635.259,0
4Y7MMmedX7E_4371-4987,412,1,325.0,77.0,150.0,159.0,inside_visible,692.6251428571429,292.29900000000004,1
4Y7MMmedX7E_4371-4987,412,2,817.8461538461538,112.15384615384616,181.38461538461547,233.0,gaze_shift,440.295,173.315,0
4Y7MMmedX7E_4371-4987,413,1,324.6666666666667,77.0,150.0,159.0,inside_visible,692.1672857142858,292.56600000000003,1
4Y7MMmedX7E_4371-4987,413,2,819.3076923076923,111.6923076923077,181.23076923076928,232.0,gaze_shift,440.130625,174.496375,0
4Y7MMmedX7E_4371-4987,414,1,324.3333333333333,77.0,150.0,159.0,inside_visible,691.7094285714286,292.833,1
4Y7MMmedX7E_4371-4987,414,2,820.7692307692307,111.23076923076924,181.0769230769231,231.0,gaze_shift,439.96625,175.67775,0
4Y7MMmedX7E_4371-4987,415,1,324.0,77.0,150.0,159.0,inside_visible,691.2515714285714,293.1,1
4Y7MMmedX7E_4371-4987,415,2,822.2307692307693,110.76923076923076,180.9230769230769,230.0,gaze_shift,439.801875,176.859125,0
4Y7MMmedX7E_4371-4987,416,1,323.6666666666667,77.0,150.0,159.0,inside_visible,690.7937142857144,293.367,1
4Y7MMmedX7E_4371-4987,416,2,823.6923076923077,110.3076923076923,180.76923076923072,229.0,gaze_shift,439.6375000000001,178.0405,0
4Y7MMmedX7E_4371-4987,417,1,323.3333333333333,77.0,150.0,159.0,inside_visible,690.3358571428572,293.634,1
4Y7MMmedX7E_4371-4987,417,2,825.1538461538462,109.84615384615384,180.61538461538453,228.00000000000003,gaze_shift,439.473125,179.22187499999998,0
4Y7MMmedX7E_4371-4987,418,1,323.0,77.0,150.0,159.0,inside_visible,689.878,293.901,1
4Y7MMmedX7E_4371-4987,418,2,826.6153846153846,109.3846153846154,180.46153846153845,227.0,gaze_shift,439.30875,180.40325,0
4Y7MMmedX7E_4371-4987,419,1,322.6666666666667,77.0,150.0,159.0,inside_visible,691.1576666666667,295.642,1
4Y7MMmedX7E_4371-4987,419,2,828.0769230769231,108.92307692307692,180.30769230769224,226.0,gaze_shift,439.144375,181.584625,0
4Y7MMmedX7E_4371-4987,420,1,322.3333333333333,77.0,150.0,159.0,inside_visible,692.4373333333333,297.38300000000004,1
4Y7MMmedX7E_4371-4987,420,2,829.5384615384615,108.46153846153848,180.1538461538462,225.0,inside_visible,438.98,182.766,0
4Y7MMmedX7E_4371-4987,421,1,322.0,77.0,150.0,159.0,inside_visible,693.717,299.124,1
4Y7MMmedX7E_4371-4987,421,2,831.0,108.0,180.0,224.0,inside_visible,435.139,182.973,0
4Y7MMmedX7E_4371-4987,422,1,321.6666666666667,77.0,150.0,159.0,inside_visible,702.9345999999999,299.06980000000004,1
4Y7MMmedX7E_4371-4987,422,2,830.9285714285714,108.07142857142856,180.2142857142857,223.6428571428572,inside_visible,431.298,183.18,0
4Y7MMmedX7E_4371-4987,423,1,321.3333333333333,77.0,150.0,159.0,inside_visible,712.1522,299.0156,1
4Y7MMmedX7E_4371-4987,423,2,830.8571428571429,108.14285714285714,180.42857142857144,223.2857142857143,inside_visible,428.8231428571429,182.67285714285717,0
4Y7MMmedX7E_4371-4987,424,1,321.0,77.0,150.0,159.0,inside_visible,721.3697999999999,298.9614,1
4Y7MMmedX7E_4371-4987,424,2,830.7857142857143,108.21428571428572,180.6428571428571,222.92857142857144,inside_visible,426.34828571428574,182.1657142857143,0
4Y7MMmedX7E_4371-4987,425,1,320.6666666666667,77.0,150.0,159.0,inside_visible,730.5874,298.9072,1
4Y7MMmedX7E_4371-4987,425,2,830.7142857142857,108.28571428571428,180.8571428571429,222.57142857142856,inside_visible,423.8734285714286,181.65857142857143,0
4Y7MMmedX7E_4371-4987,426,1,320.3333333333333,77.0,150.0,159.0,inside_visible,739.805,298.853,1
4Y7MMmedX7E_4371-4987,426,2,830.6428571428571,108.35714285714286,181.07142857142856,222.2142857142857,inside_visible,421.3985714285714,181.15142857142857,0
4Y7MMmedX7E_4371-4987,427,1,320.0,77.0,150.0,159.0,inside_visible,597.823,409.999,1
4Y7MMmedX7E_4371-4987,427,2,830.5714285714286,108.42857142857144,181.28571428571436,221.85714285714283,inside_visible,418.9237142857143,180.6442857142857,0
4Y7MMmedX7E_4371-4987,428,1,318.6666666666667,76.83333333333333,150.0,159.0,inside_visible,597.882375,409.811375,1
4Y7MMmedX7E_4371-4987,428,2,830.5,108.5,181.5,221.5,inside_visible,416.4488571428572,180.13714285714286,0
4Y7MMmedX7E_4371-4987,429,1,317.3333333333333,76.66666666666667,150.0,159.0,inside_visible,597.94175,409.62375,1
4Y7MMmedX7E_4371-4987,429,2,830.4285714285714,108.57142857142856,181.7142857142857,221.1428571428572,inside_visible,413.974,179.63,0
4Y7MMmedX7E_4371-4987,430,1,316.0,76.5,150.0,159.0,inside_visible,598.001125,409.436125,1
4Y7MMmedX7E_4371-4987,430,2,830.3571428571429,108.64285714285714,181.92857142857144,220.7857142857143,inside_visible,419.114,181.3805,0
4Y7MMmedX7E_4371-4987,431,1,314.6666666666667,76.33333333333333,150.0,159.0,inside_visible,598.0605,409.2485,1
4Y7MMmedX7E_4371-4987,431,2,830.2857142857143,108.71428571428572,182.1428571428571,220.42857142857144,inside_visible,424.254,183.131,0
4Y7MMmedX7E_4371-4987,432,1,313.3333333333333,76.16666666666667,150.0,159.0,inside_visible,598.119875,409.060875,1
4Y7MMmedX7E_4371-4987,432,2,830.2142857142857,108.78571428571428,182.3571428571429,220.07142857142856,inside_visible,430.878,182.635,0
4Y7MMmedX7E_4371-4987,433,1,312.0,76.0,150.0,159.0,inside_visible,598.17925,408.87325,1
4Y7MMmedX7E_4371-4987,433,2,830.1428571428571,108.85714285714286,182.57142857142856,219.7142857142857,inside_visible,428.419,184.469,0
4Y7MMmedX7E_4371-4987,434,1,312.2142857142857,75.85714285714286,150.0,159.0,inside_visible,598.238625,408.685625,1
4Y7MMmedX7E_4371-4987,434,2,830.0714285714286,108.92857142857144,182.78571428571436,219.35714285714283,inside_visible,429.96,181.804,0
4Y7MMmedX7E_4371-4987,435,1,312.42857142857144,75.71428571428571,150.0,159.0,inside_visible,598.298,408.498,1
4Y7MMmedX7E_4371-4987,435,2,830.0,109.0,183.0,219.0,inside_visible,600.501,405.138,0
4Y7MMmedX7E_4371-4987,436,1,312.6428571428572,75.57142857142857,150.0,159.0,inside_visible,742.726,296.151,1
4Y7MMmedX7E_4371-4987,436,2,829.3684210526316,109.10526315789474,183.31578947368428,220.0,inside_visible,600.54,411.263,0
4Y7MMmedX7E_4371-4987,437,1,312.85714285714283,75.42857142857143,150.0,159.0,inside_visible,742.4875,296.38716666666664,1
4Y7MMmedX7E_4371-4987,437,2,828.7368421052631,109.21052631578948,183.63157894736844,221.0,inside_visible,602.829,410.3875,0
4Y7MMmedX7E_4371-4987,438,1,313.07142857142856,75.28571428571429,150.0,159.0,inside_visible,742.249,296.62333333333333,1
4Y7MMmedX7E_4371-4987,438,2,828.1052631578947,109.3157894736842,183.94736842105272,222.0,inside_visible,605.1179999999999,409.512,0
4Y7MMmedX7E_4371-4987,439,1,313.2857142857143,75.14285714285714,150.0,159.0,inside_visible,742.0105,296.8595,1
4Y7MMmedX7E_4371-4987,439,2,827.4736842105264,109.42105263157896,184.2631578947368,223.0,inside_visible,607.407,408.6365,0
4Y7MMmedX7E_4371-4987,440,1,313.5,75.0,150.0,159.0,inside_visible,741.7719999999999,297.09566666666666,1
4Y7MMmedX7E_4371-4987,440,2,826.8421052631579,109.52631578947368,184.57894736842104,224.0,inside_visible,609.696,407.761,0
4Y7MMmedX7E_4371-4987,441,1,313.7142857142857,74.85714285714286,150.0,159.0,inside_visible,741.5335,297.3318333333333,1
4Y7MMmedX7E_4371-4987,441,2,826.2105263157895,109.63157894736842,184.8947368421052,225.0,inside_visible,610.088,407.462,0
4Y7MMmedX7E_4371-4987,442,1,313.92857142857144,74.71428571428571,150.0,159.0,inside_visible,741.295,297.568,1
4Y7MMmedX7E_4371-4987,442,2,825.578947368421,109.73684210526316,185.21052631578948,226.0,inside_visible,610.48,407.163,0
4Y7MMmedX7E_4371-4987,443,1,314.1428571428572,74.57142857142857,150.0,159.0,inside_visible,741.7567777777778,297.4152222222222,1
4Y7MMmedX7E_4371-4987,443,2,824.9473684210526,109.84210526315788,185.52631578947376,227.00000000000003,inside_visible,610.8720000000001,406.864,0
4Y7MMmedX7E_4371-4987,444,1,314.35714285714283,74.42857142857143,150.0,159.0,inside_visible,742.2185555555556,297.26244444444444,1
4Y7MMmedX7E_4371-4987,444,2,824.3157894736842,109.94736842105264,185.84210526315792,228.00000000000003,gaze_shift,611.264,406.565,0
4Y7MMmedX7E_4371-4987,445,1,314.57142857142856,74.28571428571429,150.0,159.0,inside_visible,742.6803333333334,297.10966666666667,1
4Y7MMmedX7E_4371-4987,445,2,823.6842105263158,110.05263157894736,186.15789473684208,229.0,gaze_shift,603.5715,400.07375,0
4Y7MMmedX7E_4371-4987,446,1,314.7857142857143,74.14285714285714,150.0,159.0,inside_visible,743.1421111111111,296.9568888888889,1
4Y7MMmedX7E_4371-4987,446,2,823.0526315789474,110.15789473684212,186.47368421052624,230.0,gaze_shift,595.879,393.5825,0
4Y7MMmedX7E_4371-4987,447,1,315.0,74.0,150.0,159.0,inside_visible,743.6038888888888,296.80411111111107,1
4Y7MMmedX7E_4371-4987,447,2,822.421052631579,110.26315789473684,186.7894736842105,231.0,gaze_shift,588.1865,387.09125,0
4Y7MMmedX7E_4371-4987,448,1,317.22222222222223,74.16666666666667,150.0,159.0,inside_visible,744.0656666666666,296.6513333333333,1
4Y7MMmedX7E_4371-4987,448,2,821.7894736842105,110.36842105263158,187.1052631578948,232.0,gaze_shift,580.494,380.6,0
4Y7MMmedX7E_4371-4987,449,1,319.44444444444446,74.33333333333333,150.0,159.0,inside_visible,744.5274444444444,296.4985555555555,1
4Y7MMmedX7E_4371-4987,449,2,821.1578947368421,110.47368421052632,187.42105263157896,233.0,inside_visible,648.301,639.609,0
4Y7MMmedX7E_4371-4987,450,1,321.6666666666667,74.5,150.0,159.0,inside_visible,744.9892222222222,296.34577777777776,1
4Y7MMmedX7E_4371-4987,450,2,820.5263157894736,110.57894736842104,187.73684210526324,234.0,inside_visible,648.5583750000001,639.74275,0
4Y7MMmedX7E_4371-4987,451,1,323.8888888888889,74.66666666666667,150.0,159.0,inside_visible,745.451,296.193,1
4Y7MMmedX7E_4371-4987,451,2,819.8947368421053,110.6842105263158,188.05263157894728,235.0,inside_visible,648.81575,639.8765000000001,0
4Y7MMmedX7E_4371-4987,452,1,326.1111111111111,74.83333333333333,150.0,159.0,inside_visible,745.2926,295.8018,1
4Y7MMmedX7E_4371-4987,452,2,819.2631578947369,110.78947368421052,188.3684210526316,236.0,inside_visible,649.073125,640.01025,0
4Y7MMmedX7E_4371-4987,453,1,328.3333333333333,75.0,150.0,159.0,inside_visible,745.1342,295.4106,1
4Y7MMmedX7E_4371-4987,453,2,818.6315789473684,110.89473684210526,188.68421052631567,237.0,inside_visible,649.3305,640.144,0
4Y7MMmedX7E_4371-4987,454,1,330.55555555555554,75.16666666666667,150.0,159.0,inside_visible,744.9758,295.0194,1
4Y7MMmedX7E_4371-4987,454,2,818.0,111.0,189.0,238.0,inside_visible,649.587875,640.27775,0
4Y7MMmedX7E_4371-4987,455,1,332.77777777777777,75.33333333333333,150.0,159.0,inside_visible,744.8174,294.6282,1
4Y7MMmedX7E_4371-4987,455,2,819.3333333333334,111.0,188.0833333333333,236.25,inside_visible,649.8452500000001,640.4114999999999,0
4Y7MMmedX7E_4371-4987,456,1,335.0,75.5,150.0,159.0,inside_visible,744.659,294.237,1
4Y7MMmedX7E_4371-4987,456,2,820.6666666666666,111.0,187.16666666666677,234.5,inside_visible,650.102625,640.54525,0
4Y7MMmedX7E_4371-4987,457,1,337.22222222222223,75.66666666666667,150.0,159.0,inside_visible,744.8335555555556,294.3725185185185,1
4Y7MMmedX7E_4371-4987,457,2,822.0,111.0,186.25,232.75,inside_visible,650.36,640.679,0
4Y7MMmedX7E_4371-4987,458,1,339.44444444444446,75.83333333333333,150.0,159.0,inside_visible,745.0081111111111,294.50803703703707,1
4Y7MMmedX7E_4371-4987,458,2,823.3333333333334,111.0,185.3333333333333,231.0,gaze_shift,648.9636,640.5316,0
4Y7MMmedX7E_4371-4987,459,1,341.6666666666667,76.0,150.0,159.0,inside_visible,745.1826666666667,294.6435555555556,1
4Y7MMmedX7E_4371-4987,459,2,824.6666666666666,111.0,184.41666666666677,229.25,gaze_shift,647.5672000000001,640.3842,0
4Y7MMmedX7E_4371-4987,460,1,343.8888888888889,76.16666666666667,150.0,159.0,inside_visible,745.3572222222222,294.7790740740741,1
4Y7MMmedX7E_4371-4987,460,2,826.0,111.0,183.5,227.5,gaze_shift,646.1708,640.2368,0
4Y7MMmedX7E_4371-4987,461,1,346.1111111111111,76.33333333333333,150.0,159.0,inside_visible,745.5317777777777,294.9145925925926,1
4Y7MMmedX7E_4371-4987,461,2,827.3333333333334,111.0,182.5833333333333,225.75,gaze_shift,644.7744,640.0894,0
4Y7MMmedX7E_4371-4987,462,1,348.3333333333333,76.5,150.0,159.0,inside_visible,745.7063333333333,295.0501111111111,1
4Y7MMmedX7E_4371-4987,462,2,828.6666666666666,111.0,181.66666666666677,224.0,gaze_shift,643.378,639.942,0
4Y7MMmedX7E_4371-4987,463,1,350.55555555555554,76.66666666666667,150.0,159.0,inside_visible,745.8808888888889,295.18562962962966,1
4Y7MMmedX7E_4371-4987,463,2,830.0,111.0,180.75,222.25,gaze_shift,747.582,304.995,0
4Y7MMmedX7E_4371-4987,464,1,352.77777777777777,76.83333333333333,150.0,159.0,inside_visible,746.0554444444444,295.3211481481481,1
4Y7MMmedX7E_4371-4987,464,2,831.3333333333334,111.0,179.83333333333326,220.5,inside_visible,748.619,296.881,0
4Y7MMmedX7E_4371-4987,465,1,355.0,77.0,150.0,159.0,inside_visible,746.23,295.4566666666667,1
4Y7MMmedX7E_4371-4987,465,2,832.6666666666666,111.0,178.91666666666674,218.75,inside_visible,748.3701428571429,296.3385714285714,0
4Y7MMmedX7E_4371-4987,466,1,355.25,77.0,150.0,159.0,inside_visible,746.4045555555556,295.5921851851852,1
4Y7MMmedX7E_4371-4987,466,2,834.0,111.0,178.0,217.0,inside_visible,748.1212857142857,295.79614285714285,0
4Y7MMmedX7E_4371-4987,467,1,355.5,77.0,150.0,159.0,inside_visible,746.579111111111,295.7277037037037,1
4Y7MMmedX7E_4371-4987,467,2,834.2105263157895,111.05263157894736,178.21052631578948,217.1578947368421,inside_visible,747.8724285714286,295.2537142857143,0
4Y7MMmedX7E_4371-4987,468,1,355.75,77.0,150.0,159.0,inside_visible,746.7536666666666,295.86322222222225,1
4Y7MMmedX7E_4371-4987,468,2,834.421052631579,111.10526315789474,178.42105263157896,217.31578947368425,inside_visible,747.6235714285714,294.7112857142857,0
4Y7MMmedX7E_4371-4987,469,1,356.0,77.0,150.0,159.0,inside_visible,746.9282222222222,295.99874074074074,1
4Y7MMmedX7E_4371-4987,469,2,834.6315789473684,111.15789473684212,178.63157894736844,217.47368421052636,inside_visible,747.3747142857143,294.1688571428571,0
4Y7MMmedX7E_4371-4987,470,1,356.25,77.0,150.0,159.0,inside_visible,747.1027777777778,296.1342592592593,1
4Y7MMmedX7E_4371-4987,470,2,834.8421052631579,111.21052631578948,178.84210526315792,217.63157894736844,inside_visible,747.1258571428571,293.62642857142856,0
4Y7MMmedX7E_4371-4987,471,1,356.5,77.0,150.0,159.0,inside_visible,747.2773333333333,296.2697777777778,1
4Y7MMmedX7E_4371-4987,471,2,835.0526315789474,111.26315789473684,179.05263157894728,217.7894736842105,inside_visible,746.877,293.084,0
4Y7MMmedX7E_4371-4987,472,1,356.75,77.0,150.0,159.0,inside_visible,747.4518888888889,296.40529629629634,1
4Y7MMmedX7E_4371-4987,472,2,835.2631578947369,111.3157894736842,179.26315789473676,217.9473684210526,inside_visible,746.6554666666666,293.17266666666666,0
4Y7MMmedX7E_4371-4987,473,1,357.0,77.0,150.0,159.0,inside_visible,747.6264444444444,296.54081481481484,1
4Y7MMmedX7E_4371-4987,473,2,835.4736842105264,111.36842105263158,179.47368421052624,218.10526315789477,inside_visible,746.4339333333332,293.2613333333333,0
4Y7MMmedX7E_4371-4987,474,1,357.25,77.0,150.0,159.0,inside_visible,747.8009999999999,296.67633333333333,1
4Y7MMmedX7E_4371-4987,474,2,835.6842105263158,111.42105263157896,179.68421052631572,218.2631578947368,inside_visible,746.2124,293.35,0
4Y7MMmedX7E_4371-4987,475,1,357.5,77.0,150.0,159.0,inside_visible,747.9755555555555,296.8118518518519,1
4Y7MMmedX7E_4371-4987,475,2,835.8947368421053,111.47368421052632,179.8947368421052,218.42105263157896,inside_visible,745.9908666666666,293.4386666666667,0
4Y7MMmedX7E_4371-4987,476,1,357.75,77.0,150.0,159.0,inside_visible,748.1501111111111,296.9473703703704,1
4Y7MMmedX7E_4371-4987,476,2,836.1052631578947,111.52631578947368,180.1052631578948,218.57894736842104,inside_visible,745.7693333333333,293.52733333333333,0
4Y7MMmedX7E_4371-4987,477,1,358.0,77.0,150.0,159.0,inside_visible,748.3246666666666,297.08288888888893,1
4Y7MMmedX7E_4371-4987,477,2,836.3157894736842,111.57894736842104,180.31578947368428,218.7368421052632,inside_visible,745.5477999999999,293.616,0
4Y7MMmedX7E_4371-4987,478,1,355.61538461538464,77.07692307692308,150.0,159.0,inside_visible,748.4992222222222,297.2184074074074,1
4Y7MMmedX7E_4371-4987,478,2,836.5263157894736,111.63157894736842,180.52631578947376,218.8947368421053,inside_visible,745.3262666666666,293.70466666666664,0
4Y7MMmedX7E_4371-4987,479,1,353.2307692307692,77.15384615384616,150.0,159.0,inside_visible,748.6737777777778,297.3539259259259,1
4Y7MMmedX7E_4371-4987,479,2,836.7368421052631,111.6842105263158,180.73684210526324,219.0526315789474,inside_visible,745.1047333333333,293.7933333333333,0
4Y7MMmedX7E_4371-4987,480,1,350.84615384615387,77.23076923076923,150.0,159.0,inside_visible,748.8483333333332,297.4894444444445,1
4Y7MMmedX7E_4371-4987,480,2,836.9473684210526,111.73684210526316,180.94736842105272,219.21052631578948,inside_visible,744.8832,293.882,0
4Y7MMmedX7E_4371-4987,481,1,348.46153846153845,77.3076923076923,150.0,159.0,inside_visible,749.0228888888888,297.62496296296297,1
4Y7MMmedX7E_4371-4987,481,2,837.1578947368421,111.78947368421052,181.15789473684208,219.3684210526316,inside_visible,744.6616666666666,293.97066666666666,0
4Y7MMmedX7E_4371-4987,482,1,346.0769230769231,77.38461538461539,150.0,159.0,inside_visible,749.1974444444444,297.7604814814815,1
4Y7MMmedX7E_4371-4987,482,2,837.3684210526316,111.84210526315788,181.3684210526316,219.52631578947367,inside_visible,744.4401333333333,294.0593333333333,0
4Y7MMmedX7E_4371-4987,483,1,343.6923076923077,77.46153846153847,150.0,159.0,inside_visible,749.372,297.896,1
4Y7MMmedX7E_4371-4987,483,2,837.578947368421,111.89473684210526,181.57894736842104,219.68421052631575,inside_visible,744.2185999999999,294.148,0
4Y7MMmedX7E_4371-4987,484,1,341.3076923076923,77.53846153846153,150.0,159.0,inside_visible,749.691,299.4575,1
4Y7MMmedX7E_4371-4987,484,2,837.7894736842105,111.94736842105264,181.7894736842105,219.8421052631579,inside_visible,743.9970666666667,294.2366666666667,0
4Y7MMmedX7E_4371-4987,485,1,338.9230769230769,77.61538461538461,150.0,159.0,inside_visible,750.01,301.019,1
4Y7MMmedX7E_4371-4987,485,2,838.0,112.0,182.0,220.0,inside_visible,743.7755333333333,294.32533333333333,0
4Y7MMmedX7E_4371-4987,486,1,336.53846153846155,77.6923076923077,150.0,159.0,inside_visible,746.325,300.8915,1
4Y7MMmedX7E_4371-4987,486,2,837.7307692307693,112.0,182.0,220.0,inside_visible,743.554,294.414,0
4Y7MMmedX7E_4371-4987,487,1,334.15384615384613,77.76923076923077,150.0,159.0,inside_visible,742.64,300.764,1
4Y7MMmedX7E_4371-4987,487,2,837.4615384615385,112.0,182.0,220.0,inside_visible,743.81025,294.66925,0
4Y7MMmedX7E_4371-4987,488,1,331.7692307692308,77.84615384615384,150.0,159.0,inside_visible,744.288,301.637,1
4Y7MMmedX7E_4371-4987,488,2,837.1923076923077,112.0,182.0,220.0,inside_visible,744.0665,294.9245,0
4Y7MMmedX7E_4371-4987,489,1,329.38461538461536,77.92307692307692,150.0,159.0,inside_visible,682.027,648.964,1
4Y7MMmedX7E_4371-4987,489,2,836.9230769230769,112.0,182.0,220.0,inside_visible,744.32275,295.17975,0
4Y7MMmedX7E_4371-4987,490,1,327.0,78.0,150.0,159.0,inside_visible,678.066,647.591,1
4Y7MMmedX7E_4371-4987,490,2,836.6538461538462,112.0,182.0,220.0,inside_visible,744.579,295.435,0
4Y7MMmedX7E_4371-4987,491,1,327.0,78.0,150.0,159.0,inside_visible,674.105,646.2180000000001,1
4Y7MMmedX7E_4371-4987,491,2,836.3846153846154,112.0,182.0,220.0,inside_visible,744.83525,295.69025,0
4Y7MMmedX7E_4371-4987,492,1,327.0,78.0,150.0,159.0,inside_visible,670.144,644.845,1
4Y7MMmedX7E_4371-4987,492,2,836.1153846153846,112.0,182.0,220.0,inside_visible,745.0915,295.9455,0
4Y7MMmedX7E_4371-4987,493,1,327.0,78.0,150.0,159.0,inside_visible,666.183,643.4720000000001,1
4Y7MMmedX7E_4371-4987,493,2,835.8461538461538,112.0,182.0,220.0,inside_visible,745.34775,296.20075,0
4Y7MMmedX7E_4371-4987,494,1,327.0,78.0,150.0,159.0,inside_visible,662.222,642.099,1
4Y7MMmedX7E_4371-4987,494,2,835.5769230769231,112.0,182.0,220.0,inside_visible,745.604,296.456,0
4Y7MMmedX7E_4371-4987,495,1,327.0,78.0,150.0,159.0,inside_visible,658.2610000000001,640.726,1
4Y7MMmedX7E_4371-4987,495,2,835.3076923076923,112.0,182.0,220.0,inside_visible,745.86025,296.71124999999995,0
4Y7MMmedX7E_4371-4987,496,1,327.0,78.0,150.0,159.0,inside_visible,654.3000000000001,639.3530000000001,1
4Y7MMmedX7E_4371-4987,496,2,835.0384615384615,112.0,182.0,220.0,inside_visible,746.1165,296.9665,0
4Y7MMmedX7E_4371-4987,497,1,327.0,78.0,150.0,159.0,inside_visible,650.339,637.98,1
4Y7MMmedX7E_4371-4987,497,2,834.7692307692307,112.0,182.0,220.0,inside_visible,746.37275,297.22175,0
4Y7MMmedX7E_4371-4987,498,1,327.0,78.0,150.0,159.0,inside_visible,646.378,636.6070000000001,1
4Y7MMmedX7E_4371-4987,498,2,834.5,112.0,182.0,220.0,inside_visible,746.629,297.477,0
4Y7MMmedX7E_4371-4987,499,1,327.0,78.0,150.0,159.0,inside_visible,642.417,635.234,1
4Y7MMmedX7E_4371-4987,499,2,834.2307692307693,112.0,182.0,220.0,inside_visible,746.2236666666666,297.36366666666663,0
4Y7MMmedX7E_4371-4987,500,1,327.0,78.0,150.0,159.0,inside_visible,641.5889999999999,635.678,1
4Y7MMmedX7E_4371-4987,500,2,833.9615384615385,112.0,182.0,220.0,inside_visible,745.8183333333334,297.2503333333333,0
4Y7MMmedX7E_4371-4987,501,1,327.0,78.0,150.0,159.0,inside_visible,640.761,636.122,1
4Y7MMmedX7E_4371-4987,501,2,833.6923076923077,112.0,182.0,220.0,inside_visible,745.413,297.137,0
4Y7MMmedX7E_4371-4987,502,1,327.0,78.0,150.0,159.0,inside_visible,639.4746666666666,636.4826666666667,1
4Y7MMmedX7E_4371-4987,502,2,833.4230769230769,112.0,182.0,220.0,inside_visible,745.0076666666666,297.02366666666666,0
4Y7MMmedX7E_4371-4987,503,1,327.0,78.0,150.0,159.0,inside_visible,638.1883333333334,636.8433333333332,1
4Y7MMmedX7E_4371-4987,503,2,833.1538461538462,112.0,182.0,220.0,inside_visible,744.6023333333334,296.9103333333333,0
4Y7MMmedX7E_4371-4987,504,1,327.0,78.0,150.0,159.0,inside_visible,636.902,637.204,1
4Y7MMmedX7E_4371-4987,504,2,832.8846153846154,112.0,182.0,220.0,inside_visible,744.197,296.797,0
4Y7MMmedX7E_4371-4987,505,1,327.0,78.0,150.0,159.0,inside_visible,637.871,639.098,1
4Y7MMmedX7E_4371-4987,505,2,832.6153846153846,112.0,182.0,220.0,inside_visible,743.7916666666666,296.6836666666667,0
4Y7MMmedX7E_4371-4987,506,1,327.3684210526316,78.15789473684211,150.0,159.0,inside_visible,648.8399999999999,625.3675,1
4Y7MMmedX7E_4371-4987,506,2,832.3461538461538,112.0,182.0,220.0,inside_visible,743.3863333333334,296.57033333333334,0
4Y7MMmedX7E_4371-4987,507,1,327.7368421052632,78.3157894736842,150.0,159.0,inside_visible,659.809,611.637,1
4Y7MMmedX7E_4371-4987,507,2,832.0769230769231,112.0,182.0,220.0,inside_visible,742.981,296.457,0
4Y7MMmedX7E_4371-4987,508,1,328.10526315789474,78.47368421052632,150.0,159.0,inside_visible,670.778,597.9065,1
4Y7MMmedX7E_4371-4987,508,2,831.8076923076923,112.0,182.0,220.0,inside_visible,744.3276666666667,295.2523333333333,0
4Y7MMmedX7E_4371-4987,509,1,328.4736842105263,78.63157894736842,150.0,159.0,inside_visible,681.747,584.176,1
4Y7MMmedX7E_4371-4987,509,2,831.5384615384615,112.0,182.0,220.0,inside_visible,745.6743333333333,294.04766666666666,0
4Y7MMmedX7E_4371-4987,510,1,328.8421052631579,78.78947368421052,150.0,159.0,inside_visible,671.621,559.514,1
4Y7MMmedX7E_4371-4987,510,2,831.2692307692307,112.0,182.0,220.0,eyes_closed,747.021,292.843,0
4Y7MMmedX7E_4371-4987,511,1,329.2105263157895,78.94736842105263,150.0,159.0,inside_visible,654.7445,523.6025,1
4Y7MMmedX7E_4371-4987,511,2,831.0,112.0,182.0,220.0,gaze_shift,743.171,295.032,0
4Y7MMmedX7E_4371-4987,512,1,329.57894736842104,79.10526315789474,150.0,159.0,inside_visible,637.868,487.691,1
4Y7MMmedX7E_4371-4987,512,2,831.3333333333334,111.86666666666666,182.0,220.0,gaze_shift,743.4706666666667,294.0883333333333,0
4Y7MMmedX7E_4371-4987,513,1,329.94736842105266,79.26315789473684,150.0,159.0,inside_visible,629.283,468.6545,1
4Y7MMmedX7E_4371-4987,513,2,831.6666666666666,111.73333333333332,182.0,220.0,gaze_shift,743.7703333333334,293.1446666666667,0
4Y7MMmedX7E_4371-4987,514,1,330.3157894736842,79.42105263157895,150.0,159.0,inside_visible,620.698,449.618,1
4Y7MMmedX7E_4371-4987,514,2,832.0,111.6,182.0,220.00000000000003,gaze_shift,744.07,292.201,0
4Y7MMmedX7E_4371-4987,515,1,330.6842105263158,79.57894736842105,150.0,159.0,inside_visible,614.0005,442.0565,1
4Y7MMmedX7E_4371-4987,515,2,832.3333333333334,111.46666666666668,182.0,220.0,gaze_shift,616.369,444.59,0
4Y7MMmedX7E_4371-4987,516,1,331.05263157894734,79.73684210526316,150.0,159.0,inside_visible,607.303,434.495,1
4Y7MMmedX7E_4371-4987,516,2,832.6666666666666,111.33333333333331,182.0,220.0,gaze_shift,615.919,431.979,0
4Y7MMmedX7E_4371-4987,517,1,331.42105263157896,79.89473684210526,150.0,159.0,inside_visible,600.6055,426.9335,1
4Y7MMmedX7E_4371-4987,517,2,833.0,111.2,182.0,220.0,inside_visible,610.5686,429.5016,0
4Y7MMmedX7E_4371-4987,518,1,331.7894736842105,80.05263157894737,150.0,159.0,inside_visible,593.908,419.372,1
4Y7MMmedX7E_4371-4987,518,2,833.3333333333334,111.06666666666666,182.0,220.0,inside_visible,605.2182,427.0242,0
4Y7MMmedX7E_4371-4987,519,1,332.1578947368421,80.21052631578948,150.0,159.0,inside_visible,590.8146666666667,418.505,1
4Y7MMmedX7E_4371-4987,519,2,833.6666666666666,110.93333333333334,182.0,220.0,inside_visible,599.8678,424.5468,0
4Y7MMmedX7E_4371-4987,520,1,332.5263157894737,80.36842105263158,150.0,159.0,inside_visible,587.7213333333334,417.638,1
4Y7MMmedX7E_4371-4987,520,2,834.0,110.8,182.0,220.0,inside_visible,594.5174000000001,422.0694,0
4Y7MMmedX7E_4371-4987,521,1,332.89473684210526,80.52631578947368,150.0,159.0,inside_visible,584.628,416.771,1
4Y7MMmedX7E_4371-4987,521,2,834.3333333333334,110.66666666666669,182.0,220.0,inside_visible,589.167,419.592,0
4Y7MMmedX7E_4371-4987,522,1,333.2631578947368,80.6842105263158,150.0,159.0,inside_visible,585.123,416.2426,1
4Y7MMmedX7E_4371-4987,522,2,834.6666666666666,110.53333333333332,182.0,220.00000000000003,inside_visible,590.0088000000001,419.473,0
4Y7MMmedX7E_4371-4987,523,1,333.63157894736844,80.84210526315789,150.0,159.0,inside_visible,585.618,415.7142,1
4Y7MMmedX7E_4371-4987,523,2,835.0,110.4,182.0,220.0,inside_visible,590.8506,419.354,0
4Y7MMmedX7E_4371-4987,524,1,334.0,81.0,150.0,159.0,inside_visible,586.1129999999999,415.1858,1
4Y7MMmedX7E_4371-4987,524,2,835.3333333333334,110.26666666666668,182.0,220.0,inside_visible,591.6924,419.235,0
4Y7MMmedX7E_4371-4987,525,1,335.15384615384613,80.76923076923077,150.0,159.0,gaze_shift,586.608,414.6574,1
4Y7MMmedX7E_4371-4987,525,2,835.6666666666666,110.13333333333334,182.0,220.0,inside_visible,592.5342,419.116,0
4Y7MMmedX7E_4371-4987,526,1,336.3076923076923,80.53846153846153,150.0,159.0,gaze_shift,587.103,414.129,1
4Y7MMmedX7E_4371-4987,526,2,836.0,110.0,182.0,220.0,inside_visible,593.376,418.997,0
4Y7MMmedX7E_4371-4987,527,1,337.46153846153845,80.3076923076923,150.0,159.0,gaze_shift,796.398,296.8,1
4Y7MMmedX7E_4371-4987,527,2,836.2,110.0,182.0,220.0,inside_visible,594.2178,418.878,0
4Y7MMmedX7E_4371-4987,528,1,338.61538461538464,80.07692307692308,150.0,159.0,gaze_shift,796.1057142857143,296.932,1
4Y7MMmedX7E_4371-4987,528,2,836.4,110.0,182.0,220.0,inside_visible,595.0596,418.759,0
4Y7MMmedX7E_4371-4987,529,1,339.7692307692308,79.84615384615384,150.0,159.0,inside_visible,795.8134285714286,297.064,1
4Y7MMmedX7E_4371-4987,529,2,836.6,110.0,182.0,220.0,inside_visible,595.9014000000001,418.64,0
4Y7MMmedX7E_4371-4987,530,1,340.9230769230769,79.61538461538461,150.0,159.0,inside_visible,795.5211428571429,297.196,1
4Y7MMmedX7E_4371-4987,530,2,836.8,110.0,182.0,220.0,inside_visible,596.7432,418.521,0
4Y7MMmedX7E_4371-4987,531,1,342.0769230769231,79.38461538461539,150.0,159.0,inside_visible,795.2288571428571,297.328,1
4Y7MMmedX7E_4371-4987,531,2,837.0,110.0,182.0,220.0,inside_visible,597.585,418.402,0
4Y7MMmedX7E_4371-4987,532,1,343.2307692307692,79.15384615384616,150.0,159.0,inside_visible,794.9365714285714,297.46,1
4Y7MMmedX7E_4371-4987,532,2,837.2,110.0,182.0,220.0,inside_visible,597.39675,418.19075,0
4Y7MMmedX7E_4371-4987,533,1,344.38461538461536,78.92307692307692,150.0,159.0,inside_visible,794.6442857142857,297.592,1
4Y7MMmedX7E_4371-4987,533,2,837.4,110.0,182.0,220.0,inside_visible,597.2085,417.9795,0
4Y7MMmedX7E_4371-4987,534,1,345.53846153846155,78.6923076923077,150.0,159.0,inside_visible,794.352,297.724,1
4Y7MMmedX7E_4371-4987,534,2,837.6,110.0,182.0,220.0,inside_visible,597.02025,417.76825,0
4Y7MMmedX7E_4371-4987,535,1,346.6923076923077,78.46153846153847,150.0,159.0,inside_visible,794.4078333333333,297.98516666666666,1
4Y7MMmedX7E_4371-4987,535,2,837.8,110.0,182.0,220.0,gaze_shift,596.832,417.557,0
4Y7MMmedX7E_4371-4987,536,1,347.84615384615387,78.23076923076923,150.0,159.0,inside_visible,794.4636666666667,298.2463333333333,1
4Y7MMmedX7E_4371-4987,536,2,838.0,110.0,182.0,220.0,gaze_shift,573.644,390.846,0
4Y7MMmedX7E_4371-4987,537,1,349.0,78.0,150.0,159.0,inside_visible,794.5195,298.5075,1
4Y7MMmedX7E_4371-4987,537,2,838.2,110.0,182.0,220.0,gaze_shift,470.456,180.134,0
4Y7MMmedX7E_4371-4987,538,1,350.5,78.5,150.0,159.0,inside_visible,794.5753333333333,298.76866666666666,1
4Y7MMmedX7E_4371-4987,538,2,838.4,110.0,182.0,220.0,gaze_shift,469.6358,181.0,0
4Y7MMmedX7E_4371-4987,539,1,352.0,79.0,150.0,159.0,inside_visible,794.6311666666667,299.02983333333333,1
4Y7MMmedX7E_4371-4987,539,2,838.6,110.0,182.0,220.0,gaze_shift,468.8156,181.866,0
4Y7MMmedX7E_4371-4987,540,1,353.5,79.5,150.0,159.0,inside_visible,794.687,299.291,1
4Y7MMmedX7E_4371-4987,540,2,838.8,110.0,182.0,220.0,gaze_shift,467.9954,182.732,0
4Y7MMmedX7E_4371-4987,541,1,355.0,80.0,150.0,159.0,inside_visible,795.965,300.0553333333333,1
4Y7MMmedX7E_4371-4987,541,2,839.0,110.0,182.0,220.0,gaze_shift,467.1752,183.598,0
4Y7MMmedX7E_4371-4987,542,1,359.0,80.0,150.0,159.0,inside_visible,797.2429999999999,300.81966666666665,1
4Y7MMmedX7E_4371-4987,542,2,839.2,110.0,182.0,220.0,inside_visible,466.355,184.464,0
4Y7MMmedX7E_4371-4987,543,1,363.0,80.0,150.0,159.0,inside_visible,798.521,301.584,1
4Y7MMmedX7E_4371-4987,543,2,839.4,110.0,182.0,220.0,inside_visible,489.9633571428572,192.1156428571429,0
4Y7MMmedX7E_4371-4987,544,1,367.0,80.0,150.0,159.0,inside_visible,796.9825,301.6225,1
4Y7MMmedX7E_4371-4987,544,2,839.6,110.0,182.0,220.0,inside_visible,513.5717142857143,199.7672857142857,0
4Y7MMmedX7E_4371-4987,545,1,371.0,80.0,150.0,159.0,inside_visible,795.444,301.661,1
4Y7MMmedX7E_4371-4987,545,2,839.8,110.0,182.0,220.0,inside_visible,537.1800714285714,207.41892857142855,0
4Y7MMmedX7E_4371-4987,546,1,375.0,80.0,150.0,159.0,inside_visible,793.9055,301.6995,1
4Y7MMmedX7E_4371-4987,546,2,840.0,110.0,182.0,220.0,inside_visible,560.7884285714285,215.0705714285714,0
4Y7MMmedX7E_4371-4987,547,1,379.0,80.0,150.0,159.0,inside_visible,792.367,301.738,1
4Y7MMmedX7E_4371-4987,547,2,839.75,110.0,182.5,220.0,inside_visible,584.3967857142857,222.72221428571427,0
4Y7MMmedX7E_4371-4987,548,1,383.0,80.0,150.0,159.0,inside_visible,792.6143333333333,301.5780952380952,1
4Y7MMmedX7E_4371-4987,548,2,839.5,110.0,183.0,220.0,inside_visible,608.0051428571428,230.37385714285716,0
4Y7MMmedX7E_4371-4987,549,1,387.0,80.0,150.0,159.0,inside_visible,792.8616666666667,301.4181904761905,1
4Y7MMmedX7E_4371-4987,549,2,839.25,110.0,183.5,220.0,inside_visible,631.6134999999999,238.0255,0
4Y7MMmedX7E_4371-4987,550,1,391.0,80.0,150.0,159.0,inside_visible,793.1089999999999,301.2582857142857,1
4Y7MMmedX7E_4371-4987,550,2,839.0,110.0,184.0,220.0,inside_visible,655.2218571428571,245.67714285714283,0
4Y7MMmedX7E_4371-4987,551,1,395.0,80.0,150.0,159.0,inside_visible,793.3563333333333,301.098380952381,1
4Y7MMmedX7E_4371-4987,551,2,838.75,110.0,184.5,220.0,inside_visible,678.8302142857143,253.3287857142857,0
4Y7MMmedX7E_4371-4987,552,1,399.0,80.0,150.0,159.0,inside_visible,793.6036666666666,300.9384761904762,1
4Y7MMmedX7E_4371-4987,552,2,838.5,110.0,185.0,220.0,inside_visible,702.4385714285714,260.98042857142855,0
4Y7MMmedX7E_4371-4987,553,1,403.0,80.0,150.0,159.0,inside_visible,793.851,300.7785714285714,1
4Y7MMmedX7E_4371-4987,553,2,838.25,110.0,185.5,220.0,inside_visible,726.0469285714285,268.6320714285714,0
4Y7MMmedX7E_4371-4987,554,1,407.0,80.0,150.0,159.0,inside_visible,794.0983333333334,300.6186666666667,1
4Y7MMmedX7E_4371-4987,554,2,838.0,110.0,186.0,220.0,inside_visible,749.6552857142856,276.28371428571427,0
4Y7MMmedX7E_4371-4987,555,1,409.0,80.2,150.0,159.0,inside_visible,794.3456666666666,300.4587619047619,1
4Y7MMmedX7E_4371-4987,555,2,838.0909090909091,110.0909090909091,186.09090909090912,220.0,inside_visible,773.2636428571428,283.9353571428572,0
4Y7MMmedX7E_4371-4987,556,1,411.0,80.4,150.0,159.0,inside_visible,794.593,300.2988571428571,1
4Y7MMmedX7E_4371-4987,556,2,838.1818181818181,110.1818181818182,186.18181818181813,220.0,inside_visible,796.872,291.587,0
4Y7MMmedX7E_4371-4987,557,1,413.0,80.6,150.0,159.0,inside_visible,794.8403333333333,300.1389523809524,1
4Y7MMmedX7E_4371-4987,557,2,838.2727272727273,110.27272727272728,186.27272727272725,220.0,inside_visible,796.7111428571428,291.9584761904762,0
4Y7MMmedX7E_4371-4987,558,1,415.0,80.8,150.0,159.0,inside_visible,795.0876666666667,299.9790476190476,1
4Y7MMmedX7E_4371-4987,558,2,838.3636363636364,110.36363636363636,186.3636363636364,220.0,inside_visible,796.5502857142857,292.3299523809524,0
4Y7MMmedX7E_4371-4987,559,1,417.0,81.0,150.0,159.0,inside_visible,795.335,299.8191428571429,1
4Y7MMmedX7E_4371-4987,559,2,838.4545454545455,110.45454545454544,186.4545454545455,220.0,inside_visible,796.3894285714285,292.7014285714285,0
4Y7MMmedX7E_4371-4987,560,1,417.4,80.2,150.0,159.0,inside_visible,795.5823333333334,299.6592380952381,1
4Y7MMmedX7E_4371-4987,560,2,838.5454545454545,110.54545454545456,186.5454545454545,220.0,inside_visible,796.2285714285714,293.07290476190474,0
4Y7MMmedX7E_4371-4987,561,1,417.8,79.4,149.99999999999994,159.0,inside_visible,795.8296666666666,299.4993333333333,1
4Y7MMmedX7E_4371-4987,561,2,838.6363636363636,110.63636363636364,186.63636363636363,220.0,inside_visible,796.0677142857143,293.4443809523809,0
4Y7MMmedX7E_4371-4987,562,1,418.2,78.6,150.00000000000006,159.0,inside_visible,796.077,299.3394285714286,1
4Y7MMmedX7E_4371-4987,562,2,838.7272727272727,110.72727272727272,186.72727272727275,220.0,inside_visible,795.9068571428571,293.8158571428571,0
4Y7MMmedX7E_4371-4987,563,1,418.6,77.8,150.0,159.0,inside_visible,796.3243333333334,299.1795238095238,1
4Y7MMmedX7E_4371-4987,563,2,838.8181818181819,110.8181818181818,186.81818181818187,220.0,inside_visible,795.746,294.1873333333333,0
4Y7MMmedX7E_4371-4987,564,1,419.0,77.0,150.0,159.0,inside_visible,796.5716666666667,299.019619047619,1
4Y7MMmedX7E_4371-4987,564,2,838.9090909090909,110.9090909090909,186.90909090909088,220.00000000000003,inside_visible,795.5851428571428,294.5588095238095,0
4Y7MMmedX7E_4371-4987,565,1,417.0,76.6,150.0,159.0,inside_visible,796.8190000000001,298.8597142857143,1
4Y7MMmedX7E_4371-4987,565,2,839.0,111.0,187.0,220.0,inside_visible,795.4242857142857,294.9302857142857,0
4Y7MMmedX7E_4371-4987,566,1,415.0,76.2,150.0,159.0,inside_visible,797.0663333333333,298.6998095238095,1
4Y7MMmedX7E_4371-4987,566,2,838.9375,111.0625,187.25,220.0,inside_visible,795.2634285714286,295.30176190476186,0
4Y7MMmedX7E_4371-4987,567,1,413.0,75.8,150.0,159.0,inside_visible,797.3136666666667,298.5399047619048,1
4Y7MMmedX7E_4371-4987,567,2,838.875,111.125,187.5,220.0,inside_visible,795.1025714285714,295.6732380952381,0
4Y7MMmedX7E_4371-4987,568,1,411.0,75.4,150.0,159.0,inside_visible,797.561,298.38,1
4Y7MMmedX7E_4371-4987,568,2,838.8125,111.1875,187.75,220.0,inside_visible,794.9417142857143,296.0447142857143,0
4Y7MMmedX7E_4371-4987,569,1,409.0,75.0,150.0,159.0,inside_visible,797.2265555555556,298.43966666666665,1
4Y7MMmedX7E_4371-4987,569,2,838.75,111.25,188.0,220.0,inside_visible,794.7808571428571,296.4161904761905,0
4Y7MMmedX7E_4371-4987,570,1,405.3333333333333,75.16666666666667,150.00000000000006,159.0,inside_visible,796.8921111111111,298.4993333333333,1
4Y7MMmedX7E_4371-4987,570,2,838.6875,111.3125,188.25,220.0,inside_visible,794.62,296.78766666666667,0
4Y7MMmedX7E_4371-4987,571,1,401.6666666666667,75.33333333333333,149.99999999999994,159.0,inside_visible,796.5576666666667,298.559,1
4Y7MMmedX7E_4371-4987,571,2,838.625,111.375,188.5,220.0,inside_visible,794.4591428571429,297.15914285714285,0
4Y7MMmedX7E_4371-4987,572,1,398.0,75.5,150.0,159.0,inside_visible,796.2232222222223,298.6186666666666,1
4Y7MMmedX7E_4371-4987,572,2,838.5625,111.4375,188.75,220.0,inside_visible,794.2982857142857,297.53061904761904,0
4Y7MMmedX7E_4371-4987,573,1,394.3333333333333,75.66666666666667,150.00000000000006,159.0,inside_visible,795.8887777777778,298.67833333333334,1
4Y7MMmedX7E_4371-4987,573,2,838.5,111.5,189.0,220.0,inside_visible,794.1374285714286,297.9020952380952,0
4Y7MMmedX7E_4371-4987,574,1,390.6666666666667,75.83333333333333,149.99999999999994,159.0,inside_visible,795.5543333333334,298.738,1
4Y7MMmedX7E_4371-4987,574,2,838.4375,111.5625,189.25,220.0,inside_visible,793.9765714285714,298.2735714285714,0
4Y7MMmedX7E_4371-4987,575,1,387.0,76.0,150.0,159.0,inside_visible,795.2198888888889,298.79766666666666,1
4Y7MMmedX7E_4371-4987,575,2,838.375,111.625,189.5,220.0,inside_visible,793.8157142857143,298.6450476190476,0
4Y7MMmedX7E_4371-4987,576,1,382.1428571428572,76.28571428571429,149.99999999999994,159.0,inside_visible,794.8854444444445,298.8573333333333,1
4Y7MMmedX7E_4371-4987,576,2,838.3125,111.6875,189.75,220.0,inside_visible,793.6548571428572,299.0165238095238,0
4Y7MMmedX7E_4371-4987,577,1,377.2857142857143,76.57142857142857,150.00000000000006,159.0,inside_visible,794.551,298.917,1
4Y7MMmedX7E_4371-4987,577,2,838.25,111.75,190.0,220.0,inside_visible,793.494,299.388,0
4Y7MMmedX7E_4371-4987,578,1,372.4285714285714,76.85714285714286,150.0,159.0,inside_visible,795.039,296.984,1
4Y7MMmedX7E_4371-4987,578,2,838.1875,111.8125,190.25,220.0,gaze_shift,790.857,296.696,0
4Y7MMmedX7E_4371-4987,579,1,367.57142857142856,77.14285714285714,150.0,159.0,inside_visible,795.527,295.051,1
4Y7MMmedX7E_4371-4987,579,2,838.125,111.875,190.5,220.0,gaze_shift,791.3199999999999,296.8706,0
4Y7MMmedX7E_4371-4987,580,1,362.7142857142857,77.42857142857143,149.99999999999994,159.0,gaze_shift,793.348,296.868,1
4Y7MMmedX7E_4371-4987,580,2,838.0625,111.9375,190.75,220.0,gaze_shift,791.783,297.0452,0
4Y7MMmedX7E_4371-4987,581,1,357.85714285714283,77.71428571428571,150.0,159.0,gaze_shift,791.169,298.685,1
4Y7MMmedX7E_4371-4987,581,2,838.0,112.0,191.0,220.0,gaze_shift,792.246,297.2198,0
4Y7MMmedX7E_4371-4987,582,1,353.0,78.0,150.0,159.0,gaze_shift,793.4625,298.9185,1
4Y7MMmedX7E_4371-4987,582,2,838.2307692307693,111.84615384615384,191.23076923076928,220.00000000000003,gaze_shift,792.7090000000001,297.3944,0
4Y7MMmedX7E_4371-4987,583,1,350.5,78.16666666666667,150.0,159.0,gaze_shift,795.756,299.152,1
4Y7MMmedX7E_4371-4987,583,2,838.4615384615385,111.6923076923077,191.46153846153845,220.0,gaze_shift,793.172,297.569,0
4Y7MMmedX7E_4371-4987,584,1,348.0,78.33333333333333,150.0,159.0,gaze_shift,700.549,486.886,1
4Y7MMmedX7E_4371-4987,584,2,838.6923076923077,111.53846153846152,191.6923076923077,220.0,gaze_shift,460.035,182.544,0
4Y7MMmedX7E_4371-4987,585,1,345.5,78.5,150.0,159.0,inside_visible,702.342,444.287,1
4Y7MMmedX7E_4371-4987,585,2,838.9230769230769,111.3846153846154,191.9230769230769,220.0,inside_visible,456.755,181.9235,0
4Y7MMmedX7E_4371-4987,586,1,343.0,78.66666666666667,150.0,159.0,inside_visible,710.8855,416.9375,1
4Y7MMmedX7E_4371-4987,586,2,839.1538461538462,111.23076923076924,192.1538461538462,220.0,inside_visible,453.475,181.303,0
4Y7MMmedX7E_4371-4987,587,1,340.5,78.83333333333333,150.0,159.0,inside_visible,719.429,389.588,1
4Y7MMmedX7E_4371-4987,587,2,839.3846153846154,111.07692307692308,192.38461538461536,220.0,inside_visible,452.3490000000001,181.2039677419355,0
4Y7MMmedX7E_4371-4987,588,1,338.0,79.0,150.0,159.0,inside_visible,717.896,378.5465,1
4Y7MMmedX7E_4371-4987,588,2,839.6153846153846,110.92307692307692,192.61538461538464,220.0,inside_visible,451.223,181.10493548387095,0
4Y7MMmedX7E_4371-4987,589,1,336.25,78.75,150.0,159.0,inside_visible,716.363,367.505,1
4Y7MMmedX7E_4371-4987,589,2,839.8461538461538,110.76923076923076,192.8461538461538,220.0,inside_visible,450.097,181.0059032258065,0
4Y7MMmedX7E_4371-4987,590,1,334.5,78.5,150.0,159.0,inside_visible,708.7265,368.614,1
4Y7MMmedX7E_4371-4987,590,2,840.0769230769231,110.6153846153846,193.0769230769231,220.00000000000003,inside_visible,448.971,180.90687096774192,0
4Y7MMmedX7E_4371-4987,591,1,332.75,78.25,150.0,159.0,inside_visible,701.09,369.723,1
4Y7MMmedX7E_4371-4987,591,2,840.3076923076923,110.46153846153848,193.30769230769224,220.0,inside_visible,447.845,180.8078387096774,0
4Y7MMmedX7E_4371-4987,592,1,331.0,78.0,150.0,159.0,inside_visible,693.4535000000001,370.832,1
4Y7MMmedX7E_4371-4987,592,2,840.5384615384615,110.3076923076923,193.53846153846155,220.0,inside_visible,446.719,180.7088064516129,0
4Y7MMmedX7E_4371-4987,593,1,329.25,77.75,150.0,159.0,inside_visible,685.817,371.941,1
4Y7MMmedX7E_4371-4987,593,2,840.7692307692307,110.15384615384616,193.76923076923072,220.0,inside_visible,445.593,180.6097741935484,0
4Y7MMmedX7E_4371-4987,594,1,327.5,77.5,150.0,159.0,inside_visible,683.1469999999999,374.8835,1
4Y7MMmedX7E_4371-4987,594,2,841.0,110.0,194.0,220.0,inside_visible,444.467,180.51074193548388,0
4Y7MMmedX7E_4371-4987,595,1,325.75,77.25,150.0,159.0,inside_visible,680.477,377.826,1
4Y7MMmedX7E_4371-4987,595,2,840.8,110.0,193.73333333333332,220.0,inside_visible,443.341,180.41170967741937,0
4Y7MMmedX7E_4371-4987,596,1,324.0,77.0,150.0,159.0,inside_visible,692.98,371.77475,1
4Y7MMmedX7E_4371-4987,596,2,840.6,110.0,193.46666666666655,220.0,inside_visible,442.215,180.31267741935483,0
4Y7MMmedX7E_4371-4987,597,1,323.38461538461536,77.0,150.0,159.0,inside_visible,705.483,365.7235,1
4Y7MMmedX7E_4371-4987,597,2,840.4,110.0,193.19999999999996,220.0,inside_visible,441.089,180.21364516129032,0
4Y7MMmedX7E_4371-4987,598,1,322.7692307692308,77.0,150.0,159.0,inside_visible,717.986,359.67225,1
4Y7MMmedX7E_4371-4987,598,2,840.2,110.0,192.9333333333334,220.0,inside_visible,439.963,180.1146129032258,0
4Y7MMmedX7E_4371-4987,599,1,322.15384615384613,77.0,150.0,159.0,inside_visible,730.489,353.621,1
4Y7MMmedX7E_4371-4987,599,2,840.0,110.0,192.66666666666677,220.0,inside_visible,438.8370000000001,180.0155806451613,0
4Y7MMmedX7E_4371-4987,600,1,321.53846153846155,77.0,150.0,159.0,inside_visible,732.6495,350.5215,1
4Y7MMmedX7E_4371-4987,600,2,839.8,110.0,192.4000000000001,220.0,inside_visible,437.711,179.91654838709678,0
4Y7MMmedX7E_4371-4987,601,1,320.9230769230769,77.0,150.0,159.0,inside_visible,734.81,347.422,1
4Y7MMmedX7E_4371-4987,601,2,839.6,110.0,192.13333333333333,220.0,inside_visible,436.585,179.81751612903227,0
4Y7MMmedX7E_4371-4987,602,1,320.3076923076923,77.0,150.0,159.0,inside_visible,726.9704999999999,347.3225,1
4Y7MMmedX7E_4371-4987,602,2,839.4,110.0,191.86666666666667,220.0,inside_visible,435.459,179.71848387096773,0
4Y7MMmedX7E_4371-4987,603,1,319.6923076923077,77.0,150.0,159.0,inside_visible,719.131,347.223,1
4Y7MMmedX7E_4371-4987,603,2,839.2,110.0,191.5999999999999,220.0,inside_visible,434.333,179.61945161290322,0
4Y7MMmedX7E_4371-4987,604,1,319.0769230769231,77.0,150.0,159.0,inside_visible,704.0416666666666,345.04,1
4Y7MMmedX7E_4371-4987,604,2,839.0,110.0,191.3333333333333,220.0,inside_visible,433.207,179.5204193548387,0
4Y7MMmedX7E_4371-4987,605,1,318.46153846153845,77.0,150.0,159.0,inside_visible,688.9523333333334,342.857,1
4Y7MMmedX7E_4371-4987,605,2,838.8,110.0,191.0666666666666,220.0,inside_visible,432.081,179.4213870967742,0
4Y7MMmedX7E_4371-4987,606,1,317.84615384615387,77.0,150.0,159.0,inside_visible,673.863,340.674,1
4Y7MMmedX7E_4371-4987,606,2,838.6,110.0,190.80000000000007,220.0,inside_visible,430.955,179.32235483870969,0
4Y7MMmedX7E_4371-4987,607,1,317.2307692307692,77.0,150.0,159.0,inside_visible,662.6523333333333,342.20966666666664,1
4Y7MMmedX7E_4371-4987,607,2,838.4,110.0,190.53333333333345,220.0,inside_visible,429.829,179.22332258064517,0
4Y7MMmedX7E_4371-4987,608,1,316.61538461538464,77.0,150.0,159.0,inside_visible,651.4416666666667,343.7453333333333,1
4Y7MMmedX7E_4371-4987,608,2,838.2,110.0,190.26666666666665,220.0,inside_visible,428.703,179.12429032258063,0
4Y7MMmedX7E_4371-4987,609,1,316.0,77.0,150.0,159.0,inside_visible,640.231,345.281,1
4Y7MMmedX7E_4371-4987,609,2,838.0,110.0,190.0,220.0,inside_visible,427.577,179.02525806451612,0
4Y7MMmedX7E_4371-4987,610,1,315.6666666666667,76.83333333333333,150.0,159.0,inside_visible,651.812,351.7335,1
4Y7MMmedX7E_4371-4987,610,2,836.375,110.25,190.875,220.0,inside_visible,426.451,178.9262258064516,0
4Y7MMmedX7E_4371-4987,611,1,315.3333333333333,76.66666666666667,150.0,159.0,inside_visible,663.393,358.18600000000004,1
4Y7MMmedX7E_4371-4987,611,2,834.75,110.5,191.75,220.0,inside_visible,425.3250000000001,178.8271935483871,0
4Y7MMmedX7E_4371-4987,612,1,315.0,76.5,150.0,159.0,inside_visible,674.9739999999999,364.6385,1
4Y7MMmedX7E_4371-4987,612,2,833.125,110.75,192.625,220.0,inside_visible,424.199,178.7281612903226,0
4Y7MMmedX7E_4371-4987,613,1,314.6666666666667,76.33333333333333,150.0,159.0,inside_visible,686.555,371.091,1
4Y7MMmedX7E_4371-4987,613,2,831.5,111.0,193.5,220.0,inside_visible,423.073,178.62912903225808,0
4Y7MMmedX7E_4371-4987,614,1,314.3333333333333,76.16666666666667,150.0,159.0,inside_visible,692.1357499999999,398.5435,1
4Y7MMmedX7E_4371-4987,614,2,829.875,111.25,194.375,220.0,inside_visible,421.947,178.53009677419354,0
4Y7MMmedX7E_4371-4987,615,1,314.0,76.0,150.0,159.0,inside_visible,697.7165,425.996,1
4Y7MMmedX7E_4371-4987,615,2,828.25,111.5,195.25,220.0,inside_visible,420.821,178.43106451612903,0
4Y7MMmedX7E_4371-4987,616,1,312.5,76.0,150.0,159.0,inside_visible,703.2972500000001,453.4485,1
4Y7MMmedX7E_4371-4987,616,2,826.625,111.75,196.125,220.0,inside_visible,419.695,178.33203225806452,0
4Y7MMmedX7E_4371-4987,617,1,311.0,76.0,150.0,159.0,inside_visible,708.878,480.901,1
4Y7MMmedX7E_4371-4987,617,2,825.0,112.0,197.0,220.0,inside_visible,418.569,178.233,0
