clip,frame,person_id,bbox_x,bbox_y,bbox_width,bbox_height,gaze_class,gaze_x,gaze_y,is_child
erJVXbaIicU_260-1684,1,1,508.0,124.0,193.0,235.0,inside_visible,898.608,780.479,0
erJVXbaIicU_260-1684,1,2,1121.0,303.0,198.0,230.0,inside_visible,898.571,765.272,1
erJVXbaIicU_260-1684,2,1,509.1666666666667,124.38888888888889,192.99999999999997,235.00000000000003,inside_visible,889.808,779.6790000000001,0
erJVXbaIicU_260-1684,2,2,1120.96,302.88,197.76,230.0,inside_visible,900.691,766.4720000000001,1
erJVXbaIicU_260-1684,3,1,510.3333333333333,124.77777777777776,193.00000000000009,235.0,inside_visible,881.0079999999999,778.879,0
erJVXbaIicU_260-1684,3,2,1120.92,302.76,197.52,230.0,inside_visible,902.811,767.672,1
erJVXbaIicU_260-1684,4,1,511.5,125.16666666666669,193.0,235.0,inside_visible,872.208,778.0790000000001,0
erJVXbaIicU_260-1684,4,2,1120.88,302.64,197.28,230.0,gaze_shift,904.931,768.8720000000001,1
erJVXbaIicU_260-1684,5,1,512.6666666666666,125.55555555555556,193.0,235.0,inside_visible,863.4079999999999,777.279,0
erJVXbaIicU_260-1684,5,2,1120.84,302.52,197.0400000000002,230.0,gaze_shift,907.051,770.072,1
erJVXbaIicU_260-1684,6,1,513.8333333333334,125.94444444444444,193.0,235.0,inside_visible,854.608,776.479,0
erJVXbaIicU_260-1684,6,2,1120.8,302.4,196.79999999999995,230.0,outside_frame,909.171,771.272,1
erJVXbaIicU_260-1684,7,1,515.0,126.33333333333331,193.0,235.0,inside_visible,843.2745,773.8125,0
erJVXbaIicU_260-1684,7,2,1120.76,302.28,196.55999999999997,230.0,outside_frame,911.291,772.4720000000001,1
erJVXbaIicU_260-1684,8,1,516.1666666666666,126.72222222222224,193.0,235.0,inside_visible,831.941,771.146,0
erJVXbaIicU_260-1684,8,2,1120.72,302.16,196.31999999999996,229.99999999999997,outside_frame,913.411,773.672,1
erJVXbaIicU_260-1684,9,1,517.3333333333334,127.11111111111111,193.0,235.0,inside_visible,832.6075000000001,768.035,0
erJVXbaIicU_260-1684,9,2,1120.68,302.04,196.07999999999996,229.99999999999997,outside_frame,915.531,774.8720000000001,1
erJVXbaIicU_260-1684,10,1,518.5,127.5,193.0,235.0,inside_visible,833.274,764.924,0
erJVXbaIicU_260-1684,10,2,1120.64,301.92,195.83999999999992,229.99999999999997,outside_frame,917.651,776.072,1
erJVXbaIicU_260-1684,11,1,519.6666666666666,127.88888888888889,193.0,235.00000000000003,inside_visible,827.94075,757.81275,0
erJVXbaIicU_260-1684,11,2,1120.6,301.8,195.6000000000001,229.99999999999997,outside_frame,919.771,777.272,1
erJVXbaIicU_260-1684,12,1,520.8333333333334,128.27777777777777,193.0,235.0,inside_visible,822.6075000000001,750.7015,0
erJVXbaIicU_260-1684,12,2,1120.56,301.68,195.36000000000013,229.99999999999997,outside_frame,921.891,778.4720000000001,1
erJVXbaIicU_260-1684,13,1,522.0,128.66666666666666,193.0,235.00000000000003,inside_visible,817.27425,743.59025,0
erJVXbaIicU_260-1684,13,2,1120.52,301.56,195.1200000000001,229.99999999999997,outside_frame,924.011,779.672,1
erJVXbaIicU_260-1684,14,1,523.1666666666666,129.05555555555554,193.0,235.0,inside_visible,811.941,736.479,0
erJVXbaIicU_260-1684,14,2,1120.48,301.44,194.87999999999988,230.00000000000009,outside_frame,926.131,780.8720000000001,1
erJVXbaIicU_260-1684,15,1,524.3333333333334,129.44444444444446,193.0,235.0,gaze_shift,806.623,727.166,0
erJVXbaIicU_260-1684,15,2,1120.44,301.32,194.63999999999987,230.00000000000009,outside_frame,928.251,782.072,1
erJVXbaIicU_260-1684,16,1,525.5,129.83333333333334,193.0,235.0,gaze_shift,810.3267222222223,717.0919444444445,0
erJVXbaIicU_260-1684,16,2,1120.4,301.2,194.39999999999984,230.00000000000009,outside_frame,930.371,783.272,1
erJVXbaIicU_260-1684,17,1,526.6666666666666,130.22222222222223,193.0,235.0,gaze_shift,814.0304444444445,707.0178888888889,0
erJVXbaIicU_260-1684,17,2,1120.36,301.08,194.16000000000008,230.00000000000009,outside_frame,932.491,784.4720000000001,1
erJVXbaIicU_260-1684,18,1,527.8333333333334,130.61111111111111,193.0,235.0,gaze_shift,817.7341666666667,696.9438333333334,0
erJVXbaIicU_260-1684,18,2,1120.32,300.96,193.92000000000007,230.00000000000009,outside_frame,934.611,785.672,1
erJVXbaIicU_260-1684,19,1,529.0,131.0,193.0,235.0,outside_frame,821.4378888888889,686.8697777777778,0
erJVXbaIicU_260-1684,19,2,1120.28,300.84,193.6800000000001,230.00000000000009,outside_frame,936.731,786.8720000000001,1
erJVXbaIicU_260-1684,20,1,529.4666666666667,130.8,193.0,235.5333333333333,outside_frame,825.1416111111112,676.7957222222223,0
erJVXbaIicU_260-1684,20,2,1120.24,300.72,193.44000000000003,230.0,outside_frame,938.851,788.072,1
erJVXbaIicU_260-1684,21,1,529.9333333333333,130.6,193.0,236.0666666666667,outside_frame,828.8453333333333,666.7216666666667,0
erJVXbaIicU_260-1684,21,2,1120.2,300.6,193.20000000000005,230.0,outside_frame,940.971,789.272,1
erJVXbaIicU_260-1684,22,1,530.4,130.4,193.0,236.6,outside_frame,832.5490555555556,656.6476111111111,0
erJVXbaIicU_260-1684,22,2,1120.16,300.48,192.9599999999998,230.0,gaze_shift,943.091,790.4720000000001,1
erJVXbaIicU_260-1684,23,1,530.8666666666667,130.2,193.0,237.13333333333333,outside_frame,836.2527777777777,646.5735555555556,0
erJVXbaIicU_260-1684,23,2,1120.12,300.36,192.72000000000003,230.0,gaze_shift,945.211,791.672,1
erJVXbaIicU_260-1684,24,1,531.3333333333334,130.0,193.0,237.66666666666669,outside_frame,839.9565,636.4995,0
erJVXbaIicU_260-1684,24,2,1120.08,300.24,192.48,230.0,gaze_shift,947.331,792.8720000000001,1
erJVXbaIicU_260-1684,25,1,531.8,129.8,193.0,238.2,outside_frame,843.6602222222223,626.4254444444445,0
erJVXbaIicU_260-1684,25,2,1120.04,300.12,192.24,230.0,inside_visible,949.451,794.072,1
erJVXbaIicU_260-1684,26,1,532.2666666666667,129.6,193.0,238.7333333333333,outside_frame,847.3639444444444,616.3513888888889,0
erJVXbaIicU_260-1684,26,2,1120.0,300.0,192.0,230.0,inside_visible,951.571,795.272,1
erJVXbaIicU_260-1684,27,1,532.7333333333333,129.4,193.0,239.26666666666668,outside_frame,851.0676666666667,606.2773333333333,0
erJVXbaIicU_260-1684,27,2,1119.9305555555557,300.0,192.0416666666665,230.0,inside_visible,951.3319473684212,795.2281052631579,1
erJVXbaIicU_260-1684,28,1,533.2,129.2,193.0,239.8,gaze_shift,854.7713888888889,596.2032777777778,0
erJVXbaIicU_260-1684,28,2,1119.861111111111,300.0,192.0833333333333,230.0,inside_visible,951.092894736842,795.1842105263158,1
erJVXbaIicU_260-1684,29,1,533.6666666666666,129.0,193.0,240.3333333333333,gaze_shift,858.4751111111111,586.1292222222222,0
erJVXbaIicU_260-1684,29,2,1119.7916666666667,300.0,192.125,230.0,inside_visible,950.8538421052632,795.1403157894737,1
erJVXbaIicU_260-1684,30,1,534.1333333333333,128.8,193.0,240.86666666666667,gaze_shift,862.1788333333333,576.0551666666667,0
erJVXbaIicU_260-1684,30,2,1119.7222222222222,300.0,192.16666666666677,230.0,inside_visible,950.6147894736844,795.0964210526316,1
erJVXbaIicU_260-1684,31,1,534.6,128.6,193.0,241.4,gaze_shift,865.8825555555555,565.9811111111111,0
erJVXbaIicU_260-1684,31,2,1119.6527777777778,300.0,192.2083333333333,230.0,inside_visible,950.3757368421052,795.0525263157895,1
erJVXbaIicU_260-1684,32,1,535.0666666666667,128.4,193.0,241.9333333333333,gaze_shift,869.5862777777777,555.9070555555555,0
erJVXbaIicU_260-1684,32,2,1119.5833333333333,300.0,192.25,230.0,inside_visible,950.1366842105264,795.0086315789474,1
erJVXbaIicU_260-1684,33,1,535.5333333333333,128.2,193.0,242.4666666666667,inside_visible,873.29,545.833,0
erJVXbaIicU_260-1684,33,2,1119.513888888889,300.0,192.29166666666677,230.0,inside_visible,949.8976315789474,794.9647368421053,1
erJVXbaIicU_260-1684,34,1,536.0,128.0,193.0,243.0,inside_visible,856.6234999999999,529.833,0
erJVXbaIicU_260-1684,34,2,1119.4444444444443,300.0,192.33333333333348,230.0,inside_visible,949.6585789473684,794.9208421052632,1
erJVXbaIicU_260-1684,35,1,535.4242424242424,128.0,193.0,243.0,inside_visible,839.957,513.833,0
erJVXbaIicU_260-1684,35,2,1119.375,300.0,192.375,230.0,inside_visible,949.4195263157897,794.876947368421,1
erJVXbaIicU_260-1684,36,1,534.8484848484849,128.0,193.0,243.0,inside_visible,837.957,512.4995,0
erJVXbaIicU_260-1684,36,2,1119.3055555555557,300.0,192.4166666666665,230.0,inside_visible,949.1804736842104,794.833052631579,1
erJVXbaIicU_260-1684,37,1,534.2727272727273,128.0,193.0,243.0,inside_visible,835.957,511.166,0
erJVXbaIicU_260-1684,37,2,1119.236111111111,300.0,192.4583333333333,230.0,inside_visible,948.9414210526317,794.7891578947368,1
erJVXbaIicU_260-1684,38,1,533.6969696969697,128.0,193.0,243.0,inside_visible,842.29,507.833,0
erJVXbaIicU_260-1684,38,2,1119.1666666666667,300.0,192.5,230.0,inside_visible,948.7023684210526,794.7452631578948,1
erJVXbaIicU_260-1684,39,1,533.1212121212121,128.0,193.0,243.0,inside_visible,845.29,517.166,0
erJVXbaIicU_260-1684,39,2,1119.0972222222222,300.0,192.54166666666677,230.0,inside_visible,948.4633157894737,794.7013684210526,1
erJVXbaIicU_260-1684,40,1,532.5454545454545,128.0,193.0,243.0,inside_visible,849.9565,517.8325,0
erJVXbaIicU_260-1684,40,2,1119.0277777777778,300.0,192.5833333333333,230.0,inside_visible,948.2242631578948,794.6574736842106,1
erJVXbaIicU_260-1684,41,1,531.969696969697,128.0,193.0,243.0,inside_visible,854.623,518.499,0
erJVXbaIicU_260-1684,41,2,1118.9583333333333,300.0,192.625,230.0,inside_visible,947.9852105263158,794.6135789473684,1
erJVXbaIicU_260-1684,42,1,531.3939393939394,128.0,193.0,243.0,inside_visible,853.7761666666668,518.3304166666667,0
erJVXbaIicU_260-1684,42,2,1118.888888888889,300.0,192.66666666666677,230.0,inside_visible,947.7461578947368,794.5696842105264,1
erJVXbaIicU_260-1684,43,1,530.8181818181819,128.0,193.0,243.0,inside_visible,852.9293333333334,518.1618333333333,0
erJVXbaIicU_260-1684,43,2,1118.8194444444443,300.0,192.70833333333348,230.0,inside_visible,947.507105263158,794.5257894736842,1
erJVXbaIicU_260-1684,44,1,530.2424242424242,128.0,193.0,243.0,inside_visible,852.0825,517.99325,0
erJVXbaIicU_260-1684,44,2,1118.75,300.0,192.75,230.0,inside_visible,947.2680526315788,794.4818947368422,1
erJVXbaIicU_260-1684,45,1,529.6666666666666,128.0,193.0,243.0,inside_visible,851.2356666666667,517.8246666666666,0
erJVXbaIicU_260-1684,45,2,1118.6805555555557,300.0,192.7916666666665,230.0,inside_visible,947.029,794.438,1
erJVXbaIicU_260-1684,46,1,529.0909090909091,128.0,193.0,243.0,inside_visible,850.3888333333334,517.6560833333333,0
erJVXbaIicU_260-1684,46,2,1118.611111111111,300.0,192.8333333333333,230.0,gaze_shift,931.9219,765.2406,1
erJVXbaIicU_260-1684,47,1,528.5151515151515,128.0,193.0,243.0,gaze_shift,849.542,517.4875,0
erJVXbaIicU_260-1684,47,2,1118.5416666666667,300.0,192.875,230.0,gaze_shift,916.8148,736.0432,1
erJVXbaIicU_260-1684,48,1,527.939393939394,128.0,193.0,243.0,gaze_shift,848.6951666666666,517.3189166666667,0
erJVXbaIicU_260-1684,48,2,1118.4722222222222,300.0,192.91666666666677,230.0,gaze_shift,901.7077,706.8458,1
erJVXbaIicU_260-1684,49,1,527.3636363636364,128.0,193.0,243.0,gaze_shift,847.8483333333334,517.1503333333334,0
erJVXbaIicU_260-1684,49,2,1118.4027777777778,300.0,192.9583333333333,230.0,gaze_shift,886.6006,677.6484,1
erJVXbaIicU_260-1684,50,1,526.7878787878788,128.0,193.0,243.0,gaze_shift,847.0015000000001,516.98175,0
erJVXbaIicU_260-1684,50,2,1118.3333333333333,300.0,193.0,230.0,gaze_shift,871.4935,648.451,1
erJVXbaIicU_260-1684,51,1,526.2121212121212,128.0,193.0,243.0,gaze_shift,846.1546666666667,516.8131666666667,0
erJVXbaIicU_260-1684,51,2,1118.263888888889,300.0,193.04166666666677,230.0,gaze_shift,856.3864,619.2536,1
erJVXbaIicU_260-1684,52,1,525.6363636363636,128.0,193.0,243.0,gaze_shift,845.3078333333333,516.6445833333333,0
erJVXbaIicU_260-1684,52,2,1118.1944444444443,300.0,193.08333333333348,230.0,gaze_shift,841.2792999999999,590.0562,1
erJVXbaIicU_260-1684,53,1,525.060606060606,128.0,193.0,243.0,gaze_shift,844.461,516.476,0
erJVXbaIicU_260-1684,53,2,1118.125,300.0,193.125,230.0,gaze_shift,826.1722,560.8588,1
erJVXbaIicU_260-1684,54,1,524.4848484848485,128.0,193.0,243.0,gaze_shift,843.6141666666667,516.3074166666667,0
erJVXbaIicU_260-1684,54,2,1118.0555555555557,300.0,193.1666666666665,230.0,gaze_shift,811.0651,531.6614,1
erJVXbaIicU_260-1684,55,1,523.9090909090909,128.0,193.0,243.0,gaze_shift,842.7673333333333,516.1388333333333,0
erJVXbaIicU_260-1684,55,2,1117.986111111111,300.0,193.2083333333333,230.0,inside_visible,795.958,502.464,1
erJVXbaIicU_260-1684,56,1,523.3333333333334,128.0,193.0,243.0,gaze_shift,841.9205,515.97025,0
erJVXbaIicU_260-1684,56,2,1117.9166666666667,300.0,193.25,230.0,inside_visible,762.9399999999999,473.8443333333333,1
erJVXbaIicU_260-1684,57,1,522.7575757575758,128.0,193.0,243.0,gaze_shift,841.0736666666667,515.8016666666666,0
erJVXbaIicU_260-1684,57,2,1117.8472222222222,300.0,193.29166666666677,230.0,inside_visible,729.922,445.2246666666667,1
erJVXbaIicU_260-1684,58,1,522.1818181818181,128.0,193.0,243.0,inside_visible,840.2268333333334,515.6330833333333,0
erJVXbaIicU_260-1684,58,2,1117.7777777777778,300.0,193.3333333333333,230.0,inside_visible,696.904,416.605,1
erJVXbaIicU_260-1684,59,1,521.6060606060606,128.0,193.0,243.0,inside_visible,839.38,515.4645,0
erJVXbaIicU_260-1684,59,2,1117.7083333333333,300.0,193.375,230.0,inside_visible,690.8655,414.5565,1
erJVXbaIicU_260-1684,60,1,521.030303030303,128.0,193.0,243.0,inside_visible,838.5331666666666,515.2959166666667,0
erJVXbaIicU_260-1684,60,2,1117.638888888889,300.0,193.41666666666677,230.0,inside_visible,684.827,412.508,1
erJVXbaIicU_260-1684,61,1,520.4545454545455,128.0,193.0,243.0,inside_visible,837.6863333333333,515.1273333333334,0
erJVXbaIicU_260-1684,61,2,1117.5694444444443,300.0,193.45833333333348,230.0,inside_visible,698.729,414.5782222222222,1
erJVXbaIicU_260-1684,62,1,519.8787878787879,128.0,193.0,243.0,inside_visible,836.8395,514.95875,0
erJVXbaIicU_260-1684,62,2,1117.5,300.0,193.5,230.0,inside_visible,712.631,416.6484444444444,1
erJVXbaIicU_260-1684,63,1,519.3030303030303,128.0,193.0,243.0,inside_visible,835.9926666666667,514.7901666666667,0
erJVXbaIicU_260-1684,63,2,1117.4305555555557,300.0,193.5416666666665,230.0,inside_visible,726.533,418.71866666666665,1
erJVXbaIicU_260-1684,64,1,518.7272727272727,128.0,193.0,243.0,inside_visible,835.1458333333333,514.6215833333333,0
erJVXbaIicU_260-1684,64,2,1117.361111111111,300.0,193.5833333333333,230.0,inside_visible,740.4350000000001,420.7888888888889,1
erJVXbaIicU_260-1684,65,1,518.1515151515151,128.0,193.0,243.0,inside_visible,834.299,514.453,0
erJVXbaIicU_260-1684,65,2,1117.2916666666667,300.0,193.625,230.0,inside_visible,754.337,422.8591111111111,1
erJVXbaIicU_260-1684,66,1,517.5757575757576,128.0,193.0,243.0,inside_visible,833.4521666666667,514.2844166666666,0
erJVXbaIicU_260-1684,66,2,1117.2222222222222,300.0,193.66666666666677,230.0,inside_visible,768.239,424.9293333333333,1
erJVXbaIicU_260-1684,67,1,517.0,128.0,193.0,243.0,gaze_shift,832.6053333333333,514.1158333333333,0
erJVXbaIicU_260-1684,67,2,1117.1527777777778,300.0,193.7083333333333,230.0,inside_visible,782.1410000000001,426.9995555555556,1
erJVXbaIicU_260-1684,68,1,519.8571428571429,128.5,193.0,243.0,gaze_shift,831.7584999999999,513.9472499999999,0
erJVXbaIicU_260-1684,68,2,1117.0833333333333,300.0,193.75,230.0,inside_visible,796.043,429.06977777777774,1
erJVXbaIicU_260-1684,69,1,522.7142857142857,129.0,193.0,243.0,gaze_shift,830.9116666666666,513.7786666666666,0
erJVXbaIicU_260-1684,69,2,1117.013888888889,300.0,193.79166666666677,230.0,inside_visible,809.945,431.14,1
erJVXbaIicU_260-1684,70,1,525.5714285714286,129.5,193.0,243.0,gaze_shift,830.0648333333334,513.6100833333333,0
erJVXbaIicU_260-1684,70,2,1116.9444444444443,300.0,193.83333333333348,230.0,inside_visible,816.44,488.025,1
erJVXbaIicU_260-1684,71,1,528.4285714285714,130.0,193.0,243.0,gaze_shift,829.218,513.4414999999999,0
erJVXbaIicU_260-1684,71,2,1116.875,300.0,193.875,230.0,inside_visible,821.1020000000001,497.3165,1
erJVXbaIicU_260-1684,72,1,531.2857142857143,130.5,193.0,243.0,gaze_shift,828.3711666666666,513.2729166666667,0
erJVXbaIicU_260-1684,72,2,1116.8055555555557,300.0,193.9166666666665,230.0,inside_visible,825.764,506.608,1
erJVXbaIicU_260-1684,73,1,534.1428571428571,131.0,193.0,243.0,gaze_shift,827.5243333333333,513.1043333333333,0
erJVXbaIicU_260-1684,73,2,1116.736111111111,300.0,193.9583333333333,230.0,inside_visible,828.4306428571429,506.2270714285714,1
erJVXbaIicU_260-1684,74,1,537.0,131.5,193.0,243.0,gaze_shift,826.6775,512.93575,0
erJVXbaIicU_260-1684,74,2,1116.6666666666667,300.0,194.0,230.0,gaze_shift,831.0972857142857,505.84614285714287,1
erJVXbaIicU_260-1684,75,1,539.8571428571429,132.0,193.0,243.0,gaze_shift,825.8306666666666,512.7671666666666,0
erJVXbaIicU_260-1684,75,2,1116.5972222222222,300.0,194.04166666666677,230.0,gaze_shift,833.7639285714286,505.4652142857143,1
erJVXbaIicU_260-1684,76,1,542.7142857142857,132.5,193.0,243.0,gaze_shift,824.9838333333332,512.5985833333333,0
erJVXbaIicU_260-1684,76,2,1116.5277777777778,300.0,194.0833333333333,230.0,gaze_shift,836.4305714285714,505.0842857142857,1
erJVXbaIicU_260-1684,77,1,545.5714285714286,133.0,193.0,243.0,inside_visible,824.137,512.43,0
erJVXbaIicU_260-1684,77,2,1116.4583333333333,300.0,194.125,230.0,gaze_shift,839.0972142857142,504.7033571428572,1
erJVXbaIicU_260-1684,78,1,548.4285714285714,133.5,193.0,243.0,inside_visible,825.5369999999999,513.43,0
erJVXbaIicU_260-1684,78,2,1116.388888888889,300.0,194.16666666666677,230.0,gaze_shift,841.7638571428571,504.3224285714286,1
erJVXbaIicU_260-1684,79,1,551.2857142857143,134.0,193.0,243.0,inside_visible,826.9369999999999,514.43,0
erJVXbaIicU_260-1684,79,2,1116.3194444444443,300.0,194.20833333333348,230.0,gaze_shift,844.4304999999999,503.9415,1
erJVXbaIicU_260-1684,80,1,554.1428571428571,134.5,193.0,243.0,inside_visible,828.337,515.43,0
erJVXbaIicU_260-1684,80,2,1116.25,300.0,194.25,230.0,outside_frame,847.0971428571429,503.5605714285714,1
erJVXbaIicU_260-1684,81,1,557.0,135.0,193.0,243.0,inside_visible,829.737,516.43,0
erJVXbaIicU_260-1684,81,2,1116.1805555555557,300.0,194.2916666666665,230.0,outside_frame,849.7637857142857,503.1796428571428,1
erJVXbaIicU_260-1684,82,1,557.25,135.14285714285714,193.0,243.00000000000003,inside_visible,831.137,517.43,0
erJVXbaIicU_260-1684,82,2,1116.111111111111,300.0,194.3333333333333,230.0,outside_frame,852.4304285714286,502.7987142857143,1
erJVXbaIicU_260-1684,83,1,557.5,135.28571428571428,193.0,243.0,inside_visible,831.5259166666666,517.93,0
erJVXbaIicU_260-1684,83,2,1116.0416666666667,300.0,194.375,230.0,gaze_shift,855.0970714285714,502.4177857142857,1
erJVXbaIicU_260-1684,84,1,557.75,135.42857142857142,193.0,243.00000000000003,inside_visible,831.9148333333333,518.43,0
erJVXbaIicU_260-1684,84,2,1115.9722222222222,300.0,194.41666666666677,230.0,gaze_shift,857.7637142857143,502.0368571428571,1
erJVXbaIicU_260-1684,85,1,558.0,135.57142857142858,193.0,243.0,inside_visible,832.3037499999999,518.93,0
erJVXbaIicU_260-1684,85,2,1115.9027777777778,300.0,194.4583333333333,230.0,gaze_shift,860.4303571428571,501.65592857142855,1
erJVXbaIicU_260-1684,86,1,558.25,135.71428571428572,193.0,243.0,inside_visible,832.6926666666666,519.43,0
erJVXbaIicU_260-1684,86,2,1115.8333333333333,300.0,194.5,230.0,inside_visible,863.097,501.275,1
erJVXbaIicU_260-1684,87,1,558.5,135.85714285714286,193.0,243.0,inside_visible,833.0815833333332,519.93,0
erJVXbaIicU_260-1684,87,2,1115.763888888889,300.0,194.54166666666677,230.0,inside_visible,862.7398571428571,502.0607142857143,1
erJVXbaIicU_260-1684,88,1,558.75,136.0,193.0,243.0,inside_visible,833.4704999999999,520.43,0
erJVXbaIicU_260-1684,88,2,1115.6944444444443,300.0,194.58333333333348,230.0,inside_visible,862.3827142857143,502.8464285714285,1
erJVXbaIicU_260-1684,89,1,559.0,136.14285714285714,193.0,243.00000000000003,inside_visible,833.8594166666667,520.93,0
erJVXbaIicU_260-1684,89,2,1115.625,300.0,194.625,230.0,inside_visible,862.0255714285714,503.6321428571428,1
erJVXbaIicU_260-1684,90,1,559.25,136.28571428571428,193.0,243.0,inside_visible,834.2483333333333,521.43,0
erJVXbaIicU_260-1684,90,2,1115.5555555555557,300.0,194.6666666666665,230.0,inside_visible,861.6684285714285,504.41785714285714,1
erJVXbaIicU_260-1684,91,1,559.5,136.42857142857142,193.0,243.00000000000003,inside_visible,834.63725,521.93,0
erJVXbaIicU_260-1684,91,2,1115.486111111111,300.0,194.7083333333333,230.0,inside_visible,861.3112857142856,505.2035714285714,1
erJVXbaIicU_260-1684,92,1,559.75,136.57142857142858,193.0,243.0,inside_visible,835.0261666666667,522.43,0
erJVXbaIicU_260-1684,92,2,1115.4166666666667,300.0,194.75,230.0,inside_visible,860.9541428571429,505.9892857142857,1
erJVXbaIicU_260-1684,93,1,560.0,136.71428571428572,193.0,243.0,inside_visible,835.4150833333333,522.93,0
erJVXbaIicU_260-1684,93,2,1115.3472222222222,300.0,194.79166666666677,230.0,inside_visible,860.597,506.775,1
erJVXbaIicU_260-1684,94,1,560.25,136.85714285714286,193.0,243.0,inside_visible,835.804,523.43,0
erJVXbaIicU_260-1684,94,2,1115.2777777777778,300.0,194.8333333333333,230.0,inside_visible,857.597,511.025,1
erJVXbaIicU_260-1684,95,1,560.5,137.0,193.0,243.0,inside_visible,837.804,520.2633333333333,0
erJVXbaIicU_260-1684,95,2,1115.2083333333333,300.0,194.875,230.0,inside_visible,854.597,515.275,1
erJVXbaIicU_260-1684,96,1,560.75,137.14285714285714,193.0,243.00000000000003,inside_visible,839.804,517.0966666666666,0
erJVXbaIicU_260-1684,96,2,1115.138888888889,300.0,194.91666666666677,230.0,inside_visible,858.9303333333334,510.275,1
erJVXbaIicU_260-1684,97,1,561.0,137.28571428571428,193.0,243.0,inside_visible,841.804,513.93,0
erJVXbaIicU_260-1684,97,2,1115.0694444444443,300.0,194.95833333333348,230.0,inside_visible,863.2636666666666,505.275,1
erJVXbaIicU_260-1684,98,1,561.25,137.42857142857142,193.0,243.00000000000003,inside_visible,836.4706666666666,513.43,0
erJVXbaIicU_260-1684,98,2,1115.0,300.0,195.0,230.0,inside_visible,867.597,500.275,1
erJVXbaIicU_260-1684,99,1,561.5,137.57142857142858,193.0,243.0,inside_visible,831.1373333333333,512.93,0
erJVXbaIicU_260-1684,99,2,1114.8863636363635,300.0,195.0,230.0,inside_visible,868.097,498.50425,1
erJVXbaIicU_260-1684,100,1,561.75,137.71428571428572,193.0,243.0,inside_visible,825.804,512.43,0
erJVXbaIicU_260-1684,100,2,1114.7727272727273,300.0,195.0,230.0,inside_visible,868.597,496.7335,1
erJVXbaIicU_260-1684,101,1,562.0,137.85714285714286,193.0,243.0,inside_visible,828.6373333333333,513.7633333333333,0
erJVXbaIicU_260-1684,101,2,1114.659090909091,300.0,195.0,230.0,inside_visible,869.097,494.96275,1
erJVXbaIicU_260-1684,102,1,562.25,138.0,193.0,243.0,inside_visible,831.4706666666666,515.0966666666666,0
erJVXbaIicU_260-1684,102,2,1114.5454545454545,300.0,195.0,230.0,gaze_shift,869.597,493.192,1
erJVXbaIicU_260-1684,103,1,562.5,138.14285714285714,193.0,243.00000000000003,inside_visible,834.304,516.43,0
erJVXbaIicU_260-1684,103,2,1114.4318181818182,300.0,195.0,230.0,gaze_shift,830.43025,443.1295,1
erJVXbaIicU_260-1684,104,1,562.75,138.28571428571428,193.0,243.0,inside_visible,837.054,514.43,0
erJVXbaIicU_260-1684,104,2,1114.3181818181818,300.0,195.0,230.0,gaze_shift,791.2635,393.067,1
erJVXbaIicU_260-1684,105,1,563.0,138.42857142857142,193.0,243.00000000000003,inside_visible,839.804,512.43,0
erJVXbaIicU_260-1684,105,2,1114.2045454545455,300.0,195.0,230.0,gaze_shift,752.0967499999999,343.0045,1
erJVXbaIicU_260-1684,106,1,563.25,138.57142857142858,193.0,243.0,inside_visible,842.554,510.43,0
erJVXbaIicU_260-1684,106,2,1114.090909090909,300.0,195.0,230.0,inside_visible,712.93,292.942,1
erJVXbaIicU_260-1684,107,1,563.5,138.71428571428572,193.0,243.0,inside_visible,845.304,508.43,0
erJVXbaIicU_260-1684,107,2,1113.9772727272727,300.0,195.0,230.0,inside_visible,716.6155,287.6605,1
erJVXbaIicU_260-1684,108,1,563.75,138.85714285714286,193.0,243.0,inside_visible,848.054,506.43,0
erJVXbaIicU_260-1684,108,2,1113.8636363636365,300.0,195.0,230.0,inside_visible,720.3009999999999,282.379,1
erJVXbaIicU_260-1684,109,1,564.0,139.0,193.0,243.0,inside_visible,850.804,504.43,0
erJVXbaIicU_260-1684,109,2,1113.75,300.0,195.0,230.0,inside_visible,723.9865,277.0975,1
erJVXbaIicU_260-1684,110,1,564.4285714285714,138.71428571428572,193.0,243.0,inside_visible,855.304,502.03,0
erJVXbaIicU_260-1684,110,2,1113.6363636363635,300.0,195.0,230.0,inside_visible,727.672,271.816,1
erJVXbaIicU_260-1684,111,1,564.8571428571429,138.42857142857142,193.0,243.00000000000003,inside_visible,859.804,499.63,0
erJVXbaIicU_260-1684,111,2,1113.5227272727273,300.0,195.0,230.0,inside_visible,725.524,305.701,1
erJVXbaIicU_260-1684,112,1,565.2857142857143,138.14285714285714,193.0,243.00000000000003,inside_visible,864.304,497.23,0
erJVXbaIicU_260-1684,112,2,1113.409090909091,300.0,195.0,230.0,inside_visible,866.191,495.034,1
erJVXbaIicU_260-1684,113,1,565.7142857142857,137.85714285714286,193.0,243.0,inside_visible,868.804,494.83,0
erJVXbaIicU_260-1684,113,2,1113.2954545454545,300.0,195.0,230.0,inside_visible,866.086,498.197,1
erJVXbaIicU_260-1684,114,1,566.1428571428571,137.57142857142858,193.0,243.0,inside_visible,873.304,492.43,0
erJVXbaIicU_260-1684,114,2,1113.1818181818182,300.0,195.0,230.0,inside_visible,866.8661489361702,501.62962765957445,1
erJVXbaIicU_260-1684,115,1,566.5714285714286,137.28571428571428,193.0,243.0,inside_visible,871.6971538461538,493.7975128205129,0
erJVXbaIicU_260-1684,115,2,1113.0681818181818,300.0,195.0,230.0,inside_visible,867.6462978723405,505.06225531914896,1
erJVXbaIicU_260-1684,116,1,567.0,137.0,193.0,243.0,gaze_shift,870.0903076923076,495.1650256410256,0
erJVXbaIicU_260-1684,116,2,1112.9545454545455,300.0,195.0,230.0,inside_visible,868.4264468085106,508.4948829787234,1
erJVXbaIicU_260-1684,117,1,566.3636363636364,136.78787878787878,193.0,243.00000000000003,gaze_shift,868.4834615384615,496.5325384615385,0
erJVXbaIicU_260-1684,117,2,1112.840909090909,300.0,195.0,230.0,inside_visible,869.2065957446808,511.92751063829786,1
erJVXbaIicU_260-1684,118,1,565.7272727272727,136.57575757575756,193.0,243.0,gaze_shift,866.8766153846153,497.90005128205127,0
erJVXbaIicU_260-1684,118,2,1112.7272727272727,300.0,195.0,230.0,gaze_shift,869.9867446808511,515.3601382978724,1
erJVXbaIicU_260-1684,119,1,565.0909090909091,136.36363636363637,193.0,243.0,gaze_shift,865.2697692307692,499.2675641025641,0
erJVXbaIicU_260-1684,119,2,1112.6136363636365,300.0,195.0,230.0,gaze_shift,870.7668936170213,518.7927659574468,1
erJVXbaIicU_260-1684,120,1,564.4545454545455,136.15151515151516,193.0,243.0,gaze_shift,863.662923076923,500.63507692307695,0
erJVXbaIicU_260-1684,120,2,1112.5,300.0,195.0,230.0,gaze_shift,871.5470425531915,522.2253936170213,1
erJVXbaIicU_260-1684,121,1,563.8181818181819,135.93939393939394,193.0,243.0,gaze_shift,862.056076923077,502.00258974358974,0
erJVXbaIicU_260-1684,121,2,1112.3863636363635,300.0,195.0,230.0,gaze_shift,872.3271914893617,525.6580212765957,1
erJVXbaIicU_260-1684,122,1,563.1818181818181,135.72727272727272,193.0,243.00000000000003,outside_frame,860.4492307692308,503.3701025641026,0
erJVXbaIicU_260-1684,122,2,1112.2727272727273,300.0,195.0,230.0,gaze_shift,873.1073404255319,529.0906489361702,1
erJVXbaIicU_260-1684,123,1,562.5454545454545,135.5151515151515,193.0,243.0,outside_frame,858.8423846153846,504.7376153846154,0
erJVXbaIicU_260-1684,123,2,1112.159090909091,300.0,195.0,230.0,outside_frame,873.8874893617021,532.5232765957447,1
erJVXbaIicU_260-1684,124,1,561.9090909090909,135.3030303030303,193.0,243.0,outside_frame,857.2355384615385,506.1051282051282,0
erJVXbaIicU_260-1684,124,2,1112.0454545454545,300.0,195.0,230.0,outside_frame,874.6676382978724,535.9559042553192,1
erJVXbaIicU_260-1684,125,1,561.2727272727273,135.0909090909091,193.0,243.0,outside_frame,855.6286923076923,507.47264102564105,0
erJVXbaIicU_260-1684,125,2,1111.9318181818182,300.0,195.0,230.0,outside_frame,875.4477872340426,539.3885319148936,1
erJVXbaIicU_260-1684,126,1,560.6363636363636,134.87878787878788,193.0,243.0,outside_frame,854.0218461538461,508.8401538461538,0
erJVXbaIicU_260-1684,126,2,1111.8181818181818,300.0,195.0,230.0,outside_frame,876.2279361702127,542.8211595744681,1
erJVXbaIicU_260-1684,127,1,560.0,134.66666666666666,193.0,243.00000000000003,outside_frame,852.415,510.2076666666667,0
erJVXbaIicU_260-1684,127,2,1111.7045454545455,300.0,195.0,230.0,outside_frame,877.008085106383,546.2537872340425,1
erJVXbaIicU_260-1684,128,1,559.3636363636364,134.45454545454547,193.0,243.0,outside_frame,850.8081538461538,511.5751794871795,0
erJVXbaIicU_260-1684,128,2,1111.590909090909,300.0,195.0,230.0,outside_frame,877.7882340425532,549.686414893617,1
erJVXbaIicU_260-1684,129,1,558.7272727272727,134.24242424242425,193.0,243.0,outside_frame,849.2013076923076,512.9426923076924,0
erJVXbaIicU_260-1684,129,2,1111.4772727272727,300.0,195.0,230.0,outside_frame,878.5683829787234,553.1190425531915,1
erJVXbaIicU_260-1684,130,1,558.0909090909091,134.03030303030303,193.0,243.0,outside_frame,847.5944615384615,514.3102051282051,0
erJVXbaIicU_260-1684,130,2,1111.3636363636365,300.0,195.0,230.0,outside_frame,879.3485319148937,556.551670212766,1
erJVXbaIicU_260-1684,131,1,557.4545454545455,133.8181818181818,193.0,243.0,outside_frame,845.9876153846153,515.6777179487179,0
erJVXbaIicU_260-1684,131,2,1111.25,300.0,195.0,230.0,outside_frame,880.1286808510638,559.9842978723404,1
erJVXbaIicU_260-1684,132,1,556.8181818181819,133.6060606060606,193.0,243.00000000000003,outside_frame,844.3807692307691,517.0452307692308,0
erJVXbaIicU_260-1684,132,2,1111.1363636363635,300.0,195.0,230.0,outside_frame,880.908829787234,563.4169255319149,1
erJVXbaIicU_260-1684,133,1,556.1818181818181,133.3939393939394,193.0,243.0,outside_frame,842.773923076923,518.4127435897436,0
erJVXbaIicU_260-1684,133,2,1111.0227272727273,300.0,195.0,230.0,outside_frame,881.6889787234043,566.8495531914893,1
erJVXbaIicU_260-1684,134,1,555.5454545454545,133.1818181818182,193.0,243.0,outside_frame,841.1670769230769,519.7802564102565,0
erJVXbaIicU_260-1684,134,2,1110.909090909091,300.0,195.0,230.0,outside_frame,882.4691276595745,570.2821808510638,1
erJVXbaIicU_260-1684,135,1,554.9090909090909,132.96969696969697,193.0,243.00000000000003,eyes_closed,839.5602307692308,521.1477692307692,0
erJVXbaIicU_260-1684,135,2,1110.7954545454545,300.0,195.0,230.0,outside_frame,883.2492765957447,573.7148085106382,1
erJVXbaIicU_260-1684,136,1,554.2727272727273,132.75757575757575,193.0,243.0,eyes_closed,837.9533846153846,522.515282051282,0
erJVXbaIicU_260-1684,136,2,1110.6818181818182,300.0,195.0,230.0,outside_frame,884.0294255319149,577.1474361702128,1
erJVXbaIicU_260-1684,137,1,553.6363636363636,132.54545454545453,193.0,243.00000000000003,eyes_closed,836.3465384615384,523.8827948717949,0
erJVXbaIicU_260-1684,137,2,1110.5681818181818,300.0,195.0,230.0,outside_frame,884.8095744680851,580.5800638297873,1
erJVXbaIicU_260-1684,138,1,553.0,132.33333333333334,193.0,243.0,outside_frame,834.7396923076923,525.2503076923077,0
erJVXbaIicU_260-1684,138,2,1110.4545454545455,300.0,195.0,230.0,outside_frame,885.5897234042553,584.0126914893617,1
erJVXbaIicU_260-1684,139,1,552.3636363636364,132.12121212121212,193.0,243.0,outside_frame,833.1328461538461,526.6178205128206,0
erJVXbaIicU_260-1684,139,2,1110.340909090909,300.0,195.0,230.0,outside_frame,886.3698723404256,587.4453191489362,1
erJVXbaIicU_260-1684,140,1,551.7272727272727,131.9090909090909,193.0,243.00000000000003,outside_frame,831.526,527.9853333333333,0
erJVXbaIicU_260-1684,140,2,1110.2272727272727,300.0,195.0,230.0,outside_frame,887.1500212765958,590.8779468085106,1
erJVXbaIicU_260-1684,141,1,551.0909090909091,131.6969696969697,193.0,243.0,outside_frame,829.9191538461538,529.3528461538461,0
erJVXbaIicU_260-1684,141,2,1110.1136363636365,300.0,195.0,230.0,outside_frame,887.9301702127659,594.3105744680851,1
erJVXbaIicU_260-1684,142,1,550.4545454545455,131.4848484848485,193.0,243.0,outside_frame,828.3123076923076,530.720358974359,0
erJVXbaIicU_260-1684,142,2,1110.0,300.0,195.0,230.0,outside_frame,888.7103191489362,597.7432021276596,1
erJVXbaIicU_260-1684,143,1,549.8181818181819,131.27272727272728,193.0,243.0,gaze_shift,826.7054615384615,532.0878717948718,0
erJVXbaIicU_260-1684,143,2,1110.0625,299.9375,195.0,230.0,outside_frame,889.4904680851064,601.1758297872341,1
erJVXbaIicU_260-1684,144,1,549.1818181818181,131.06060606060606,193.0,243.0,gaze_shift,825.0986153846153,533.4553846153847,0
erJVXbaIicU_260-1684,144,2,1110.125,299.875,195.0,230.0,outside_frame,890.2706170212766,604.6084574468085,1
erJVXbaIicU_260-1684,145,1,548.5454545454545,130.84848484848484,193.0,243.00000000000003,gaze_shift,823.4917692307691,534.8228974358974,0
erJVXbaIicU_260-1684,145,2,1110.1875,299.8125,195.0,230.0,outside_frame,891.0507659574469,608.041085106383,1
erJVXbaIicU_260-1684,146,1,547.9090909090909,130.63636363636363,193.0,243.0,gaze_shift,821.8849230769231,536.1904102564102,0
erJVXbaIicU_260-1684,146,2,1110.25,299.75,195.0,230.0,outside_frame,891.830914893617,611.4737127659574,1
erJVXbaIicU_260-1684,147,1,547.2727272727273,130.42424242424244,193.0,243.0,gaze_shift,820.2780769230769,537.5579230769231,0
erJVXbaIicU_260-1684,147,2,1110.3125,299.6875,195.0,230.0,outside_frame,892.6110638297872,614.9063404255319,1
erJVXbaIicU_260-1684,148,1,546.6363636363636,130.21212121212122,193.0,243.0,gaze_shift,818.6712307692308,538.9254358974359,0
erJVXbaIicU_260-1684,148,2,1110.375,299.625,195.0,230.0,outside_frame,893.3912127659574,618.3389680851064,1
erJVXbaIicU_260-1684,149,1,546.0,130.0,193.0,243.0,gaze_shift,817.0643846153846,540.2929487179488,0
erJVXbaIicU_260-1684,149,2,1110.4375,299.5625,195.0,230.0,outside_frame,894.1713617021277,621.7715957446809,1
erJVXbaIicU_260-1684,150,1,546.3478260869565,129.8695652173913,192.52173913043475,242.43478260869563,gaze_shift,815.4575384615384,541.6604615384616,0
erJVXbaIicU_260-1684,150,2,1110.5,299.5,195.0,230.0,outside_frame,894.9515106382979,625.2042234042553,1
erJVXbaIicU_260-1684,151,1,546.695652173913,129.7391304347826,192.0434782608696,241.8695652173913,gaze_shift,813.8506923076923,543.0279743589743,0
erJVXbaIicU_260-1684,151,2,1110.5625,299.4375,195.0,230.0,outside_frame,895.731659574468,628.6368510638298,1
erJVXbaIicU_260-1684,152,1,547.0434782608696,129.6086956521739,191.56521739130423,241.30434782608697,gaze_shift,812.2438461538461,544.3954871794872,0
erJVXbaIicU_260-1684,152,2,1110.625,299.375,195.0,230.0,outside_frame,896.5118085106383,632.0694787234042,1
erJVXbaIicU_260-1684,153,1,547.3913043478261,129.47826086956522,191.08695652173915,240.7391304347826,inside_visible,810.637,545.763,0
erJVXbaIicU_260-1684,153,2,1110.6875,299.3125,195.0,230.0,outside_frame,897.2919574468085,635.5021063829788,1
erJVXbaIicU_260-1684,154,1,547.7391304347826,129.34782608695653,190.60869565217388,240.17391304347828,inside_visible,810.82367,545.6781000000001,0
erJVXbaIicU_260-1684,154,2,1110.75,299.25,195.0,230.0,outside_frame,898.0721063829787,638.9347340425531,1
erJVXbaIicU_260-1684,155,1,548.0869565217391,129.2173913043478,190.13043478260877,239.60869565217396,inside_visible,811.0103399999999,545.5932,0
erJVXbaIicU_260-1684,155,2,1110.8125,299.1875,195.0,230.0,outside_frame,898.852255319149,642.3673617021277,1
erJVXbaIicU_260-1684,156,1,548.4347826086956,129.08695652173913,189.6521739130435,239.0434782608696,inside_visible,811.19701,545.5083000000001,0
erJVXbaIicU_260-1684,156,2,1110.875,299.125,195.0,230.0,outside_frame,899.6324042553191,645.7999893617022,1
erJVXbaIicU_260-1684,157,1,548.7826086956521,128.95652173913044,189.17391304347825,238.4782608695652,gaze_shift,811.3836799999999,545.4234,0
erJVXbaIicU_260-1684,157,2,1110.9375,299.0625,195.0,230.0,outside_frame,900.4125531914893,649.2326170212766,1
erJVXbaIicU_260-1684,158,1,549.1304347826087,128.82608695652175,188.695652173913,237.91304347826087,gaze_shift,811.57035,545.3385000000001,0
erJVXbaIicU_260-1684,158,2,1111.0,299.0,195.0,230.0,outside_frame,901.1927021276596,652.6652446808511,1
erJVXbaIicU_260-1684,159,1,549.4782608695652,128.69565217391303,188.21739130434776,237.34782608695653,gaze_shift,811.7570199999999,545.2536,0
erJVXbaIicU_260-1684,159,2,1111.0625,298.9375,195.0,230.0,outside_frame,901.9728510638298,656.0978723404255,1
erJVXbaIicU_260-1684,160,1,549.8260869565217,128.56521739130434,187.73913043478265,236.78260869565216,gaze_shift,811.94369,545.1687000000001,0
erJVXbaIicU_260-1684,160,2,1111.125,298.875,195.0,230.0,gaze_shift,902.753,659.5305000000001,1
erJVXbaIicU_260-1684,161,1,550.1739130434783,128.43478260869566,187.26086956521735,236.21739130434784,gaze_shift,812.13036,545.0838,0
erJVXbaIicU_260-1684,161,2,1111.1875,298.8125,195.0,230.0,gaze_shift,903.5331489361702,662.9631276595744,1
erJVXbaIicU_260-1684,162,1,550.5217391304348,128.30434782608697,186.78260869565224,235.65217391304347,gaze_shift,812.3170299999999,544.9989,0
erJVXbaIicU_260-1684,162,2,1111.25,298.75,195.0,230.0,gaze_shift,904.3132978723404,666.395755319149,1
erJVXbaIicU_260-1684,163,1,550.8695652173913,128.17391304347825,186.304347826087,235.08695652173915,outside_frame,812.5037,544.914,0
erJVXbaIicU_260-1684,163,2,1111.3125,298.6875,195.0,230.0,gaze_shift,905.0934468085106,669.8283829787234,1
erJVXbaIicU_260-1684,164,1,551.2173913043479,128.04347826086956,185.82608695652172,234.5217391304348,outside_frame,812.6903699999999,544.8291,0
erJVXbaIicU_260-1684,164,2,1111.375,298.625,195.0,230.0,gaze_shift,905.8735957446808,673.2610106382979,1
erJVXbaIicU_260-1684,165,1,551.5652173913044,127.91304347826087,185.3478260869565,233.95652173913044,outside_frame,812.87704,544.7442,0
erJVXbaIicU_260-1684,165,2,1111.4375,298.5625,195.0,230.0,gaze_shift,906.6537446808512,676.6936382978723,1
erJVXbaIicU_260-1684,166,1,551.9130434782609,127.78260869565216,184.86956521739123,233.3913043478261,outside_frame,813.0637099999999,544.6593,0
erJVXbaIicU_260-1684,166,2,1111.5,298.5,195.0,230.0,gaze_shift,907.4338936170212,680.1262659574468,1
erJVXbaIicU_260-1684,167,1,552.2608695652174,127.65217391304348,184.3913043478261,232.8260869565217,outside_frame,813.25038,544.5744000000001,0
erJVXbaIicU_260-1684,167,2,1111.5625,298.4375,195.0,230.0,outside_frame,908.2140425531916,683.5588936170213,1
erJVXbaIicU_260-1684,168,1,552.6086956521739,127.52173913043478,183.91304347826087,232.2608695652174,outside_frame,813.43705,544.4895,0
erJVXbaIicU_260-1684,168,2,1111.625,298.375,195.0,230.0,outside_frame,908.9941914893616,686.9915212765958,1
erJVXbaIicU_260-1684,169,1,552.9565217391304,127.3913043478261,183.4347826086957,231.69565217391303,eyes_closed,813.6237199999999,544.4046000000001,0
erJVXbaIicU_260-1684,169,2,1111.6875,298.3125,195.0,230.0,outside_frame,909.774340425532,690.4241489361702,1
erJVXbaIicU_260-1684,170,1,553.304347826087,127.2608695652174,182.9565217391304,231.1304347826087,eyes_closed,813.81039,544.3197,0
erJVXbaIicU_260-1684,170,2,1111.75,298.25,195.0,230.0,outside_frame,910.554489361702,693.8567765957447,1
erJVXbaIicU_260-1684,171,1,553.6521739130435,127.13043478260867,182.47826086956525,230.5652173913044,eyes_closed,813.9970599999999,544.2348000000001,0
erJVXbaIicU_260-1684,171,2,1111.8125,298.1875,195.0,230.0,outside_frame,911.3346382978724,697.2894042553191,1
erJVXbaIicU_260-1684,172,1,554.0,127.0,182.0,230.0,outside_frame,814.18373,544.1499,0
erJVXbaIicU_260-1684,172,2,1111.875,298.125,195.0,230.0,outside_frame,912.1147872340424,700.7220319148936,1
erJVXbaIicU_260-1684,173,1,554.5,127.0,181.625,230.0,outside_frame,814.3703999999999,544.065,0
erJVXbaIicU_260-1684,173,2,1111.9375,298.0625,195.0,230.0,outside_frame,912.8949361702128,704.1546595744682,1
erJVXbaIicU_260-1684,174,1,555.0,127.0,181.25,230.0,outside_frame,814.55707,543.9801,0
erJVXbaIicU_260-1684,174,2,1112.0,298.0,195.0,230.0,outside_frame,913.675085106383,707.5872872340426,1
erJVXbaIicU_260-1684,175,1,555.5,127.0,180.875,230.0,outside_frame,814.74374,543.8952,0
erJVXbaIicU_260-1684,175,2,1111.8125,298.0,195.0,230.0,outside_frame,914.4552340425532,711.019914893617,1
erJVXbaIicU_260-1684,176,1,556.0,127.0,180.5,230.0,outside_frame,814.9304099999999,543.8103,0
erJVXbaIicU_260-1684,176,2,1111.625,298.0,195.0,230.0,outside_frame,915.2353829787234,714.4525425531915,1
erJVXbaIicU_260-1684,177,1,556.5,127.0,180.125,230.0,outside_frame,815.11708,543.7254,0
erJVXbaIicU_260-1684,177,2,1111.4375,298.0,195.0,230.0,outside_frame,916.0155319148936,717.885170212766,1
erJVXbaIicU_260-1684,178,1,557.0,127.0,179.75,230.0,outside_frame,815.3037499999999,543.6405,0
erJVXbaIicU_260-1684,178,2,1111.25,298.0,195.0,230.0,outside_frame,916.7956808510638,721.3177978723404,1
erJVXbaIicU_260-1684,179,1,557.5,127.0,179.375,230.0,outside_frame,815.49042,543.5556,0
erJVXbaIicU_260-1684,179,2,1111.0625,298.0,195.0,230.0,gaze_shift,917.575829787234,724.750425531915,1
erJVXbaIicU_260-1684,180,1,558.0,127.0,179.0,230.0,outside_frame,815.6770899999999,543.4707000000001,0
erJVXbaIicU_260-1684,180,2,1110.875,298.0,195.0,230.0,gaze_shift,918.3559787234042,728.1830531914893,1
erJVXbaIicU_260-1684,181,1,556.5,127.0,182.0,233.5,outside_frame,815.86376,543.3858,0
erJVXbaIicU_260-1684,181,2,1110.6875,298.0,195.0,230.0,gaze_shift,919.1361276595744,731.6156808510639,1
erJVXbaIicU_260-1684,182,1,555.0,127.0,185.0,237.0,outside_frame,816.05043,543.3009000000001,0
erJVXbaIicU_260-1684,182,2,1110.5,298.0,195.0,230.0,gaze_shift,919.9162765957446,735.0483085106383,1
erJVXbaIicU_260-1684,183,1,555.75,127.25,185.0,236.75,outside_frame,816.2370999999999,543.216,0
erJVXbaIicU_260-1684,183,2,1110.3125,298.0,195.0,230.0,gaze_shift,920.6964255319148,738.4809361702128,1
erJVXbaIicU_260-1684,184,1,556.5,127.5,185.0,236.5,outside_frame,816.42377,543.1311000000001,0
erJVXbaIicU_260-1684,184,2,1110.125,298.0,195.0,230.0,gaze_shift,921.4765744680852,741.9135638297873,1
erJVXbaIicU_260-1684,185,1,557.25,127.75,185.0,236.25,outside_frame,816.6104399999999,543.0462,0
erJVXbaIicU_260-1684,185,2,1109.9375,298.0,195.0,230.0,gaze_shift,922.2567234042552,745.3461914893617,1
erJVXbaIicU_260-1684,186,1,558.0,128.0,185.0,236.0,outside_frame,816.79711,542.9613,0
erJVXbaIicU_260-1684,186,2,1109.75,298.0,195.0,230.0,gaze_shift,923.0368723404256,748.7788191489362,1
erJVXbaIicU_260-1684,187,1,557.2352941176471,127.94117647058825,184.8823529411765,235.76470588235293,eyes_closed,816.9837799999999,542.8764,0
erJVXbaIicU_260-1684,187,2,1109.5625,298.0,195.0,230.0,gaze_shift,923.8170212765956,752.2114468085107,1
erJVXbaIicU_260-1684,188,1,556.4705882352941,127.88235294117646,184.76470588235293,235.5294117647059,eyes_closed,817.17045,542.7915,0
erJVXbaIicU_260-1684,188,2,1109.375,298.0,195.0,230.0,outside_frame,924.597170212766,755.6440744680851,1
erJVXbaIicU_260-1684,189,1,555.7058823529412,127.82352941176472,184.6470588235294,235.29411764705884,eyes_closed,817.35712,542.7066,0
erJVXbaIicU_260-1684,189,2,1109.1875,298.0,195.0,230.0,outside_frame,925.3773191489362,759.0767021276596,1
erJVXbaIicU_260-1684,190,1,554.9411764705883,127.76470588235294,184.52941176470583,235.05882352941177,outside_frame,817.54379,542.6217,0
erJVXbaIicU_260-1684,190,2,1109.0,298.0,195.0,230.0,outside_frame,926.1574680851064,762.509329787234,1
erJVXbaIicU_260-1684,191,1,554.1764705882352,127.70588235294116,184.41176470588243,234.8235294117647,outside_frame,817.73046,542.5368000000001,0
erJVXbaIicU_260-1684,191,2,1109.1,298.06666666666666,195.0,230.00000000000009,outside_frame,926.9376170212764,765.9419574468086,1
erJVXbaIicU_260-1684,192,1,553.4117647058823,127.6470588235294,184.2941176470589,234.58823529411768,outside_frame,817.9171299999999,542.4519,0
erJVXbaIicU_260-1684,192,2,1109.2,298.1333333333333,195.0,230.0,outside_frame,927.7177659574468,769.3745851063829,1
erJVXbaIicU_260-1684,193,1,552.6470588235294,127.58823529411764,184.17647058823536,234.35294117647055,outside_frame,818.1038,542.3670000000001,0
erJVXbaIicU_260-1684,193,2,1109.3,298.2,195.0,230.00000000000009,outside_frame,928.497914893617,772.8072127659575,1
erJVXbaIicU_260-1684,194,1,551.8823529411765,127.52941176470588,184.05882352941185,234.1176470588235,outside_frame,818.2904699999999,542.2821,0
erJVXbaIicU_260-1684,194,2,1109.4,298.26666666666665,195.0,230.0,outside_frame,929.2780638297872,776.239840425532,1
erJVXbaIicU_260-1684,195,1,551.1176470588235,127.47058823529412,183.94117647058815,233.8823529411765,outside_frame,818.47714,542.1972000000001,0
erJVXbaIicU_260-1684,195,2,1109.5,298.3333333333333,195.0,230.00000000000009,outside_frame,930.0582127659574,779.6724680851064,1
erJVXbaIicU_260-1684,196,1,550.3529411764706,127.41176470588236,183.82352941176464,233.64705882352945,outside_frame,818.66381,542.1123,0
erJVXbaIicU_260-1684,196,2,1109.6,298.4,195.0,230.0,outside_frame,930.8383617021276,783.1050957446809,1
erJVXbaIicU_260-1684,197,1,549.5882352941177,127.3529411764706,183.7058823529411,233.41176470588232,outside_frame,818.85048,542.0274000000001,0
erJVXbaIicU_260-1684,197,2,1109.7,298.46666666666664,195.0,230.00000000000009,outside_frame,931.6185106382978,786.5377234042553,1
erJVXbaIicU_260-1684,198,1,548.8235294117648,127.29411764705884,183.5882352941176,233.1764705882353,outside_frame,819.03715,541.9425,0
erJVXbaIicU_260-1684,198,2,1109.8,298.53333333333336,195.0,229.99999999999997,outside_frame,932.398659574468,789.9703510638299,1
erJVXbaIicU_260-1684,199,1,548.0588235294117,127.23529411764706,183.47058823529412,232.94117647058823,outside_frame,819.2238199999999,541.8576,0
erJVXbaIicU_260-1684,199,2,1109.9,298.6,195.0,230.0,outside_frame,933.1788085106384,793.4029787234042,1
erJVXbaIicU_260-1684,200,1,547.2941176470588,127.17647058823528,183.3529411764706,232.7058823529412,outside_frame,819.41049,541.7727,0
erJVXbaIicU_260-1684,200,2,1110.0,298.6666666666667,195.0,229.99999999999997,outside_frame,933.9589574468084,796.8356063829788,1
erJVXbaIicU_260-1684,201,1,546.5294117647059,127.11764705882354,183.23529411764707,232.4705882352941,outside_frame,819.5971599999999,541.6878,0
erJVXbaIicU_260-1684,201,2,1110.1,298.7333333333333,195.0,230.0,outside_frame,934.7391063829788,800.2682340425532,1
erJVXbaIicU_260-1684,202,1,545.7647058823529,127.05882352941175,183.11764705882356,232.23529411764707,outside_frame,819.78383,541.6029,0
erJVXbaIicU_260-1684,202,2,1110.2,298.8,195.0,229.99999999999997,outside_frame,935.5192553191488,803.7008617021277,1
erJVXbaIicU_260-1684,203,1,545.0,127.0,183.0,232.0,outside_frame,819.9704999999999,541.518,0
erJVXbaIicU_260-1684,203,2,1110.3,298.8666666666667,195.0,230.0,outside_frame,936.2994042553192,807.1334893617022,1
erJVXbaIicU_260-1684,204,1,542.0,127.55555555555556,182.8888888888889,231.77777777777777,eyes_closed,820.15717,541.4331000000001,0
erJVXbaIicU_260-1684,204,2,1110.4,298.93333333333334,195.0,229.99999999999997,gaze_shift,937.0795531914894,810.5661170212766,1
erJVXbaIicU_260-1684,205,1,539.0,128.11111111111111,182.77777777777783,231.5555555555556,eyes_closed,820.34384,541.3482,0
erJVXbaIicU_260-1684,205,2,1110.5,299.0,195.0,230.0,gaze_shift,937.8597021276596,813.9987446808511,1
erJVXbaIicU_260-1684,206,1,536.0,128.66666666666666,182.66666666666663,231.33333333333331,eyes_closed,820.5305099999999,541.2633000000001,0
erJVXbaIicU_260-1684,206,2,1110.6,299.06666666666666,195.0,230.00000000000009,gaze_shift,938.6398510638296,817.4313723404256,1
erJVXbaIicU_260-1684,207,1,533.0,129.22222222222223,182.55555555555557,231.1111111111111,inside_visible,820.71718,541.1784,0
erJVXbaIicU_260-1684,207,2,1110.7,299.1333333333333,195.0,230.0,inside_visible,939.42,820.864,1
erJVXbaIicU_260-1684,208,1,530.0,129.77777777777777,182.44444444444449,230.8888888888889,inside_visible,820.9038499999999,541.0935000000001,0
erJVXbaIicU_260-1684,208,2,1110.8,299.2,195.0,230.00000000000009,inside_visible,944.3088333333332,817.3085,1
erJVXbaIicU_260-1684,209,1,527.0,130.33333333333334,182.33333333333337,230.66666666666663,outside_frame,821.09052,541.0086,0
erJVXbaIicU_260-1684,209,2,1110.9,299.26666666666665,195.0,230.0,inside_visible,949.1976666666668,813.753,1
erJVXbaIicU_260-1684,210,1,524.0,130.88888888888889,182.22222222222217,230.44444444444443,outside_frame,821.2771899999999,540.9237,0
erJVXbaIicU_260-1684,210,2,1111.0,299.3333333333333,195.0,230.00000000000009,inside_visible,954.0865,810.1975,1
erJVXbaIicU_260-1684,211,1,521.0,131.44444444444446,182.1111111111111,230.22222222222223,outside_frame,821.46386,540.8388,0
erJVXbaIicU_260-1684,211,2,1111.1,299.4,195.0,230.0,inside_visible,958.9753333333332,806.6419999999999,1
erJVXbaIicU_260-1684,212,1,518.0,132.0,182.0,230.0,outside_frame,821.65053,540.7539,0
erJVXbaIicU_260-1684,212,2,1111.2,299.46666666666664,195.0,230.00000000000009,inside_visible,963.8641666666668,803.0865,1
erJVXbaIicU_260-1684,213,1,516.75,131.75,182.25,230.0,outside_frame,821.8371999999999,540.669,0
erJVXbaIicU_260-1684,213,2,1111.3,299.53333333333336,195.0,229.99999999999997,inside_visible,968.753,799.531,1
erJVXbaIicU_260-1684,214,1,515.5,131.5,182.5,230.0,outside_frame,822.02387,540.5841,0
erJVXbaIicU_260-1684,214,2,1111.4,299.6,195.0,230.0,inside_visible,967.3245,801.2453333333333,1
erJVXbaIicU_260-1684,215,1,514.25,131.25,182.75,230.0,outside_frame,822.2105399999999,540.4992,0
erJVXbaIicU_260-1684,215,2,1111.5,299.6666666666667,195.0,229.99999999999997,inside_visible,965.896,802.9596666666666,1
erJVXbaIicU_260-1684,216,1,513.0,131.0,183.0,230.0,outside_frame,822.39721,540.4143,0
erJVXbaIicU_260-1684,216,2,1111.6,299.7333333333333,195.0,230.0,inside_visible,964.4675,804.674,1
erJVXbaIicU_260-1684,217,1,512.2,131.4,183.0,230.0,outside_frame,822.5838799999999,540.3294000000001,0
erJVXbaIicU_260-1684,217,2,1111.7,299.8,195.0,229.99999999999997,inside_visible,963.039,806.3883333333333,1
erJVXbaIicU_260-1684,218,1,511.4,131.8,183.0,230.0,outside_frame,822.77055,540.2445,0
erJVXbaIicU_260-1684,218,2,1111.8,299.8666666666667,195.0,230.0,inside_visible,961.6105,808.1026666666667,1
erJVXbaIicU_260-1684,219,1,510.6,132.2,183.0,230.0,outside_frame,822.95722,540.1596000000001,0
erJVXbaIicU_260-1684,219,2,1111.9,299.93333333333334,195.0,229.99999999999997,inside_visible,960.182,809.817,1
erJVXbaIicU_260-1684,220,1,509.8,132.6,182.99999999999997,230.00000000000003,outside_frame,823.1438899999999,540.0747,0
erJVXbaIicU_260-1684,220,2,1112.0,300.0,195.0,230.0,gaze_shift,909.7375,722.4836666666666,1
erJVXbaIicU_260-1684,221,1,509.0,133.0,183.0,230.0,outside_frame,823.33056,539.9898000000001,0
erJVXbaIicU_260-1684,221,2,1112.909090909091,299.90909090909093,195.0,229.99999999999997,gaze_shift,859.293,635.1503333333334,1
erJVXbaIicU_260-1684,222,1,510.8666666666667,133.0,183.20000000000005,230.0,outside_frame,823.5172299999999,539.9049,0
erJVXbaIicU_260-1684,222,2,1113.8181818181818,299.8181818181818,195.0,230.00000000000009,gaze_shift,808.8485000000001,547.817,1
erJVXbaIicU_260-1684,223,1,512.7333333333333,133.0,183.4,230.0,outside_frame,823.7039,539.82,0
erJVXbaIicU_260-1684,223,2,1114.7272727272727,299.72727272727275,195.0,230.0,gaze_shift,758.404,460.4836666666667,1
erJVXbaIicU_260-1684,224,1,514.6,133.0,183.6,230.0,outside_frame,823.8905699999999,539.7351,0
erJVXbaIicU_260-1684,224,2,1115.6363636363635,299.6363636363636,195.0,230.0,gaze_shift,707.9594999999999,373.1503333333333,1
erJVXbaIicU_260-1684,225,1,516.4666666666667,133.0,183.79999999999995,230.0,outside_frame,824.07724,539.6502,0
erJVXbaIicU_260-1684,225,2,1116.5454545454545,299.54545454545456,195.0,229.99999999999997,inside_visible,657.515,285.817,1
erJVXbaIicU_260-1684,226,1,518.3333333333334,133.0,184.0,230.0,outside_frame,824.26391,539.5653,0
erJVXbaIicU_260-1684,226,2,1117.4545454545455,299.45454545454544,195.0,230.00000000000009,inside_visible,658.293,286.373,1
erJVXbaIicU_260-1684,227,1,520.2,133.0,184.19999999999996,230.0,outside_frame,824.45058,539.4804,0
erJVXbaIicU_260-1684,227,2,1118.3636363636365,299.3636363636364,195.0,230.0,gaze_shift,701.0708,345.7284,1
erJVXbaIicU_260-1684,228,1,522.0666666666667,133.0,184.4,230.0,outside_frame,824.63725,539.3955000000001,0
erJVXbaIicU_260-1684,228,2,1119.2727272727273,299.27272727272725,195.0,230.0,gaze_shift,743.8486,405.0838,1
erJVXbaIicU_260-1684,229,1,523.9333333333333,133.0,184.6,230.0,outside_frame,824.8239199999999,539.3106,0
erJVXbaIicU_260-1684,229,2,1120.1818181818182,299.1818181818182,195.0,229.99999999999997,gaze_shift,786.6264,464.4392,1
erJVXbaIicU_260-1684,230,1,525.8,133.0,184.80000000000007,230.0,outside_frame,825.01059,539.2257000000001,0
erJVXbaIicU_260-1684,230,2,1121.090909090909,299.09090909090907,195.0,230.00000000000009,gaze_shift,829.4042000000001,523.7946,1
erJVXbaIicU_260-1684,231,1,527.6666666666666,133.0,185.0,230.0,outside_frame,825.1972599999999,539.1408,0
erJVXbaIicU_260-1684,231,2,1122.0,299.0,195.0,230.0,inside_visible,872.182,583.15,1
erJVXbaIicU_260-1684,232,1,529.5333333333333,133.0,185.20000000000005,230.0,outside_frame,825.38393,539.0559000000001,0
erJVXbaIicU_260-1684,232,2,1122.142857142857,299.0,195.0,230.0,inside_visible,872.8916666666667,583.7903333333334,1
erJVXbaIicU_260-1684,233,1,531.4,133.0,185.4,230.0,outside_frame,825.5706,538.971,0
erJVXbaIicU_260-1684,233,2,1122.2857142857142,299.0,195.0,230.0,inside_visible,873.6013333333334,584.4306666666666,1
erJVXbaIicU_260-1684,234,1,533.2666666666667,133.0,185.6,230.0,outside_frame,825.75727,538.8861,0
erJVXbaIicU_260-1684,234,2,1122.428571428571,299.0,195.0,230.0,inside_visible,874.311,585.071,1
erJVXbaIicU_260-1684,235,1,535.1333333333333,133.0,185.79999999999995,230.0,outside_frame,825.94394,538.8012,0
erJVXbaIicU_260-1684,235,2,1122.571428571429,299.0,195.0,230.0,inside_visible,878.9775,588.4045000000001,1
erJVXbaIicU_260-1684,236,1,537.0,133.0,186.0,230.0,eyes_closed,826.1306099999999,538.7163,0
erJVXbaIicU_260-1684,236,2,1122.7142857142858,299.0,195.0,230.0,inside_visible,883.644,591.738,1
erJVXbaIicU_260-1684,237,1,537.75,132.5,186.375,230.5,eyes_closed,826.31728,538.6314,0
erJVXbaIicU_260-1684,237,2,1122.857142857143,299.0,195.0,230.0,inside_visible,877.644,595.738,1
erJVXbaIicU_260-1684,238,1,538.5,132.0,186.75,231.0,eyes_closed,826.5039499999999,538.5465,0
erJVXbaIicU_260-1684,238,2,1123.0,299.0,195.0,230.0,inside_visible,878.311,599.071,1
erJVXbaIicU_260-1684,239,1,539.25,131.5,187.125,231.5,outside_frame,826.69062,538.4616,0
erJVXbaIicU_260-1684,239,2,1122.4,297.5,194.5999999999999,229.20000000000005,inside_visible,880.1776,601.7376,1
erJVXbaIicU_260-1684,240,1,540.0,131.0,187.5,232.0,outside_frame,826.87729,538.3767,0
erJVXbaIicU_260-1684,240,2,1121.8,296.0,194.20000000000005,228.4,inside_visible,882.0442,604.4042000000001,1
erJVXbaIicU_260-1684,241,1,540.75,130.5,187.875,232.5,outside_frame,827.06396,538.2918000000001,0
erJVXbaIicU_260-1684,241,2,1121.2,294.5,193.79999999999995,227.6,inside_visible,883.9108,607.0708,1
erJVXbaIicU_260-1684,242,1,541.5,130.0,188.25,233.0,outside_frame,827.25063,538.2069,0
erJVXbaIicU_260-1684,242,2,1120.6,293.0,193.4000000000001,226.79999999999995,inside_visible,885.7774000000001,609.7374,1
erJVXbaIicU_260-1684,243,1,542.25,129.5,188.625,233.5,outside_frame,827.4372999999999,538.1220000000001,0
erJVXbaIicU_260-1684,243,2,1120.0,291.5,193.0,226.0,inside_visible,887.644,612.404,1
erJVXbaIicU_260-1684,244,1,543.0,129.0,189.0,234.0,outside_frame,827.62397,538.0371,0
erJVXbaIicU_260-1684,244,2,1119.4,290.0,192.5999999999999,225.20000000000005,eyes_closed,885.97725,609.404,1
erJVXbaIicU_260-1684,245,1,541.3333333333334,128.66666666666666,189.3333333333333,234.33333333333331,outside_frame,827.8106399999999,537.9522000000001,0
erJVXbaIicU_260-1684,245,2,1118.8,288.5,192.20000000000005,224.4,eyes_closed,884.3105,606.404,1
erJVXbaIicU_260-1684,246,1,539.6666666666666,128.33333333333334,189.66666666666677,234.66666666666663,outside_frame,827.99731,537.8673,0
erJVXbaIicU_260-1684,246,2,1118.2,287.0,191.79999999999995,223.6,eyes_closed,882.64375,603.404,1
erJVXbaIicU_260-1684,247,1,538.0,128.0,190.0,235.0,outside_frame,828.18398,537.7824,0
erJVXbaIicU_260-1684,247,2,1117.6,285.5,191.4000000000001,222.8,inside_visible,880.977,600.404,1
erJVXbaIicU_260-1684,248,1,541.6666666666666,129.33333333333334,190.16666666666677,237.0,gaze_shift,828.37065,537.6975,0
erJVXbaIicU_260-1684,248,2,1117.0,284.0,191.0,222.0,inside_visible,875.644,589.071,1
erJVXbaIicU_260-1684,249,1,545.3333333333334,130.66666666666666,190.3333333333333,239.00000000000003,gaze_shift,828.55732,537.6126,0
erJVXbaIicU_260-1684,249,2,1117.6666666666667,283.6666666666667,189.0,221.3333333333333,inside_visible,877.644,573.738,1
erJVXbaIicU_260-1684,250,1,549.0,132.0,190.5,241.0,gaze_shift,828.7439899999999,537.5277,0
erJVXbaIicU_260-1684,250,2,1118.3333333333333,283.3333333333333,187.0,220.66666666666669,inside_visible,868.3105,562.0715,1
erJVXbaIicU_260-1684,251,1,552.6666666666666,133.33333333333334,190.66666666666677,243.0,gaze_shift,828.93066,537.4428,0
erJVXbaIicU_260-1684,251,2,1119.0,283.0,185.0,220.0,inside_visible,858.977,550.405,1
erJVXbaIicU_260-1684,252,1,556.3333333333334,134.66666666666666,190.8333333333333,245.00000000000003,gaze_shift,829.1173299999999,537.3579,0
erJVXbaIicU_260-1684,252,2,1119.5,282.75,185.75,219.0,inside_visible,852.3105,538.405,1
erJVXbaIicU_260-1684,253,1,560.0,136.0,191.0,247.0,inside_visible,829.304,537.273,0
erJVXbaIicU_260-1684,253,2,1120.0,282.5,186.5,218.0,inside_visible,845.644,526.405,1
erJVXbaIicU_260-1684,254,1,561.625,136.25,191.375,246.25,inside_visible,828.4704999999999,528.518,0
erJVXbaIicU_260-1684,254,2,1120.5,282.25,187.25,217.0,inside_visible,844.9775,518.0715,1
erJVXbaIicU_260-1684,255,1,563.25,136.5,191.75,245.5,inside_visible,827.637,519.763,0
erJVXbaIicU_260-1684,255,2,1121.0,282.0,188.0,216.0,inside_visible,844.311,509.738,1
erJVXbaIicU_260-1684,256,1,564.875,136.75,192.125,244.75,inside_visible,829.1385,522.028,0
erJVXbaIicU_260-1684,256,2,1115.428571428571,286.85714285714283,189.8571428571429,216.5714285714286,inside_visible,847.803,511.1666666666667,1
erJVXbaIicU_260-1684,257,1,566.5,137.0,192.5,244.0,inside_visible,830.64,524.293,0
erJVXbaIicU_260-1684,257,2,1109.857142857143,291.7142857142857,191.71428571428575,217.1428571428571,inside_visible,851.2950000000001,512.5953333333333,1
erJVXbaIicU_260-1684,258,1,568.125,137.25,192.875,243.25,inside_visible,832.1415,526.558,0
erJVXbaIicU_260-1684,258,2,1104.2857142857142,296.57142857142856,193.57142857142867,217.71428571428575,inside_visible,854.787,514.024,1
erJVXbaIicU_260-1684,259,1,569.75,137.5,193.25,242.5,inside_visible,833.643,528.823,0
erJVXbaIicU_260-1684,259,2,1098.7142857142858,301.42857142857144,195.42857142857133,218.28571428571425,inside_visible,859.83475,520.11925,1
erJVXbaIicU_260-1684,260,1,571.375,137.75,193.625,241.75,inside_visible,831.443,531.6229999999999,0
erJVXbaIicU_260-1684,260,2,1093.142857142857,306.2857142857143,197.28571428571425,218.85714285714283,inside_visible,864.8824999999999,526.2145,1
erJVXbaIicU_260-1684,261,1,573.0,138.0,194.0,241.0,inside_visible,829.243,534.423,0
erJVXbaIicU_260-1684,261,2,1087.571428571429,311.1428571428572,199.1428571428571,219.4285714285714,inside_visible,869.93025,532.30975,1
erJVXbaIicU_260-1684,262,1,571.6315789473684,137.6315789473684,193.73684210526312,241.00000000000003,inside_visible,827.043,537.223,0
erJVXbaIicU_260-1684,262,2,1082.0,316.0,201.0,220.0,inside_visible,874.978,538.405,1
erJVXbaIicU_260-1684,263,1,570.2631578947369,137.26315789473685,193.47368421052624,241.0,inside_visible,824.8430000000001,540.023,0
erJVXbaIicU_260-1684,263,2,1076.0,322.0,202.0,219.0,inside_visible,872.1034285714285,535.3364285714285,1
erJVXbaIicU_260-1684,264,1,568.8947368421053,136.89473684210526,193.21052631578937,241.0,inside_visible,822.643,542.823,0
erJVXbaIicU_260-1684,264,2,1070.0,328.0,203.0,218.0,inside_visible,869.2288571428571,532.2678571428571,1
erJVXbaIicU_260-1684,265,1,567.5263157894736,136.52631578947367,192.94736842105272,241.00000000000003,inside_visible,816.143,541.823,0
erJVXbaIicU_260-1684,265,2,1069.2,327.4,204.0,217.6,inside_visible,866.3542857142857,529.1992857142857,1
erJVXbaIicU_260-1684,266,1,566.1578947368421,136.1578947368421,192.68421052631584,241.0,inside_visible,809.643,540.823,0
erJVXbaIicU_260-1684,266,2,1068.4,326.8,205.0,217.2,inside_visible,863.4797142857143,526.1307142857142,1
erJVXbaIicU_260-1684,267,1,564.7894736842105,135.78947368421052,192.42105263157896,241.0,inside_visible,809.643,534.823,0
erJVXbaIicU_260-1684,267,2,1067.6,326.2,206.0,216.8,inside_visible,860.6051428571428,523.0621428571428,1
erJVXbaIicU_260-1684,268,1,563.421052631579,135.42105263157896,192.15789473684208,241.0,inside_visible,809.643,528.823,0
erJVXbaIicU_260-1684,268,2,1066.8,325.6,207.0,216.4,inside_visible,857.7305714285715,519.9935714285714,1
erJVXbaIicU_260-1684,269,1,562.0526315789474,135.05263157894737,191.8947368421052,241.0,inside_visible,809.643,522.823,0
erJVXbaIicU_260-1684,269,2,1066.0,325.0,208.0,216.0,inside_visible,854.856,516.925,1
erJVXbaIicU_260-1684,270,1,560.6842105263158,134.68421052631578,191.63157894736835,241.0,gaze_shift,808.5001428571429,520.8944285714285,0
erJVXbaIicU_260-1684,270,2,1066.6666666666667,323.3333333333333,208.0,216.00000000000009,inside_visible,851.967,512.4806666666666,1
erJVXbaIicU_260-1684,271,1,559.3157894736842,134.31578947368422,191.36842105263167,241.0,gaze_shift,807.3572857142857,518.9658571428571,0
erJVXbaIicU_260-1684,271,2,1067.3333333333333,321.6666666666667,208.0,215.99999999999997,inside_visible,849.078,508.0363333333333,1
erJVXbaIicU_260-1684,272,1,557.9473684210526,133.94736842105263,191.1052631578948,241.00000000000003,gaze_shift,806.2144285714286,517.0372857142856,0
erJVXbaIicU_260-1684,272,2,1068.0,320.0,208.0,216.0,inside_visible,846.189,503.592,1
erJVXbaIicU_260-1684,273,1,556.578947368421,133.57894736842104,190.84210526315792,241.0,gaze_shift,805.0715714285715,515.1087142857143,0
erJVXbaIicU_260-1684,273,2,1069.3333333333333,318.6666666666667,208.0,215.99999999999997,inside_visible,844.7897142857142,502.78614285714286,1
erJVXbaIicU_260-1684,274,1,555.2105263157895,133.21052631578948,190.57894736842104,241.0,gaze_shift,803.9287142857144,513.1801428571429,0
erJVXbaIicU_260-1684,274,2,1070.6666666666667,317.3333333333333,208.0,216.00000000000009,inside_visible,843.3904285714285,501.9802857142857,1
erJVXbaIicU_260-1684,275,1,553.8421052631579,132.8421052631579,190.31578947368416,241.00000000000003,outside_frame,802.7858571428571,511.2515714285714,0
erJVXbaIicU_260-1684,275,2,1072.0,316.0,208.0,216.0,inside_visible,841.9911428571428,501.17442857142856,1
erJVXbaIicU_260-1684,276,1,552.4736842105264,132.47368421052633,190.05263157894728,241.0,outside_frame,801.643,509.323,0
erJVXbaIicU_260-1684,276,2,1071.4444444444443,316.22222222222223,208.0,215.99999999999997,inside_visible,840.5918571428572,500.3685714285714,1
erJVXbaIicU_260-1684,277,1,551.1052631578948,132.10526315789474,189.7894736842105,241.0,outside_frame,800.5001428571429,507.3944285714285,0
erJVXbaIicU_260-1684,277,2,1070.888888888889,316.44444444444446,208.0,216.0,inside_visible,839.1925714285715,499.5627142857143,1
erJVXbaIicU_260-1684,278,1,549.7368421052631,131.73684210526315,189.52631578947376,241.00000000000003,outside_frame,799.3572857142857,505.4658571428572,0
erJVXbaIicU_260-1684,278,2,1070.3333333333333,316.6666666666667,208.0,215.99999999999997,inside_visible,837.7932857142857,498.75685714285714,1
erJVXbaIicU_260-1684,279,1,548.3684210526316,131.3684210526316,189.26315789473688,241.0,outside_frame,798.2144285714286,503.5372857142857,0
erJVXbaIicU_260-1684,279,2,1069.7777777777778,316.8888888888889,208.0,216.0,inside_visible,836.394,497.951,1
erJVXbaIicU_260-1684,280,1,547.0,131.0,189.0,241.0,gaze_shift,797.0715714285715,501.6087142857143,0
erJVXbaIicU_260-1684,280,2,1069.2222222222222,317.1111111111111,208.0,216.0,inside_visible,836.0264999999999,493.2245,1
erJVXbaIicU_260-1684,281,1,547.6666666666666,130.88888888888889,189.0,241.00000000000003,gaze_shift,795.9287142857144,499.6801428571428,0
erJVXbaIicU_260-1684,281,2,1068.6666666666667,317.3333333333333,208.0,216.00000000000009,inside_visible,835.659,488.498,1
erJVXbaIicU_260-1684,282,1,548.3333333333334,130.77777777777777,189.0,241.0,gaze_shift,794.7858571428571,497.7515714285714,0
erJVXbaIicU_260-1684,282,2,1068.111111111111,317.55555555555554,208.0,216.0,inside_visible,835.2915,483.7715,1
erJVXbaIicU_260-1684,283,1,549.0,130.66666666666666,189.0,241.00000000000003,inside_visible,793.643,495.823,0
erJVXbaIicU_260-1684,283,2,1067.5555555555557,317.77777777777777,208.0,216.00000000000009,inside_visible,834.924,479.045,1
erJVXbaIicU_260-1684,284,1,549.6666666666666,130.55555555555554,189.0,241.0,inside_visible,797.393,494.323,0
erJVXbaIicU_260-1684,284,2,1067.0,318.0,208.0,216.0,inside_visible,834.5564999999999,474.3185,1
erJVXbaIicU_260-1684,285,1,550.3333333333334,130.44444444444446,189.0,241.0,inside_visible,801.143,492.823,0
erJVXbaIicU_260-1684,285,2,1066.5,317.5,208.0,216.0,inside_visible,834.189,469.592,1
erJVXbaIicU_260-1684,286,1,551.0,130.33333333333334,189.0,241.0,inside_visible,804.893,491.323,0
erJVXbaIicU_260-1684,286,2,1066.0,317.0,208.0,216.0,inside_visible,834.1909999999999,471.8836,1
erJVXbaIicU_260-1684,287,1,551.6666666666666,130.22222222222223,189.0,241.0,inside_visible,808.643,489.823,0
erJVXbaIicU_260-1684,287,2,1065.5,316.5,208.0,216.0,inside_visible,834.193,474.1752,1
erJVXbaIicU_260-1684,288,1,552.3333333333334,130.11111111111111,189.0,241.0,inside_visible,812.643,491.823,0
erJVXbaIicU_260-1684,288,2,1065.0,316.0,208.0,216.0,inside_visible,834.1949999999999,476.4668,1
erJVXbaIicU_260-1684,289,1,553.0,130.0,189.0,241.0,inside_visible,816.643,493.823,0
erJVXbaIicU_260-1684,289,2,1064.5,315.5,208.0,216.0,inside_visible,834.197,478.7584,1
erJVXbaIicU_260-1684,290,1,552.7222222222222,129.88888888888889,189.0,241.00000000000003,inside_visible,813.7096,493.823,0
erJVXbaIicU_260-1684,290,2,1064.0,315.0,208.0,216.0,inside_visible,834.199,481.05,1
erJVXbaIicU_260-1684,291,1,552.4444444444445,129.77777777777777,189.0,241.0,inside_visible,810.7762,493.823,0
erJVXbaIicU_260-1684,291,2,1063.142857142857,315.85714285714283,208.0,216.00000000000009,inside_visible,834.6341,481.0044,1
erJVXbaIicU_260-1684,292,1,552.1666666666666,129.66666666666666,189.0,241.00000000000003,inside_visible,807.8428,493.823,0
erJVXbaIicU_260-1684,292,2,1062.2857142857142,316.7142857142857,208.0,215.99999999999997,inside_visible,835.0691999999999,480.9588,1
erJVXbaIicU_260-1684,293,1,551.8888888888889,129.55555555555554,189.0,241.0,inside_visible,804.9094,493.823,0
erJVXbaIicU_260-1684,293,2,1061.428571428571,317.57142857142856,208.0,216.0,inside_visible,835.5043,480.9132,1
erJVXbaIicU_260-1684,294,1,551.6111111111111,129.44444444444446,189.0,241.0,inside_visible,801.976,493.823,0
erJVXbaIicU_260-1684,294,2,1060.571428571429,318.42857142857144,208.0,216.0,inside_visible,835.9394,480.8676,1
erJVXbaIicU_260-1684,295,1,551.3333333333334,129.33333333333334,189.0,241.0,inside_visible,803.3094,492.223,0
erJVXbaIicU_260-1684,295,2,1059.7142857142858,319.2857142857143,208.0,216.00000000000009,inside_visible,836.3744999999999,480.822,1
erJVXbaIicU_260-1684,296,1,551.0555555555555,129.22222222222223,189.0,241.0,inside_visible,804.6428,490.623,0
erJVXbaIicU_260-1684,296,2,1058.857142857143,320.1428571428572,208.0,215.99999999999997,inside_visible,836.8095999999999,480.7764,1
erJVXbaIicU_260-1684,297,1,550.7777777777778,129.11111111111111,189.0,241.0,inside_visible,805.9762000000001,489.023,0
erJVXbaIicU_260-1684,297,2,1058.0,321.0,208.0,216.0,inside_visible,837.2447,480.7308,1
erJVXbaIicU_260-1684,298,1,550.5,129.0,189.0,241.0,inside_visible,807.3096,487.423,0
erJVXbaIicU_260-1684,298,2,1058.0,322.0,208.0,216.0,inside_visible,837.6798,480.6852,1
erJVXbaIicU_260-1684,299,1,550.2222222222222,128.88888888888889,189.0,241.00000000000003,inside_visible,808.643,485.823,0
erJVXbaIicU_260-1684,299,2,1058.0,323.0,208.0,216.0,inside_visible,838.1148999999999,480.6396,1
erJVXbaIicU_260-1684,300,1,549.9444444444445,128.77777777777777,189.0,241.0,gaze_shift,810.4157272727273,486.00481818181817,0
erJVXbaIicU_260-1684,300,2,1058.0,324.0,208.0,216.0,inside_visible,838.55,480.594,1
erJVXbaIicU_260-1684,301,1,549.6666666666666,128.66666666666666,189.0,241.00000000000003,gaze_shift,812.1884545454545,486.1866363636364,0
erJVXbaIicU_260-1684,301,2,1058.0,325.0,208.0,216.0,gaze_shift,822.6591111111111,460.42244444444447,1
erJVXbaIicU_260-1684,302,1,549.3888888888889,128.55555555555554,189.0,241.0,gaze_shift,813.9611818181819,486.36845454545454,0
erJVXbaIicU_260-1684,302,2,1059.3333333333333,324.8333333333333,208.0,216.00000000000009,gaze_shift,806.7682222222222,440.2508888888889,1
erJVXbaIicU_260-1684,303,1,549.1111111111111,128.44444444444446,189.0,241.0,outside_frame,815.7339090909092,486.5502727272727,0
erJVXbaIicU_260-1684,303,2,1060.6666666666667,324.6666666666667,208.0,215.99999999999997,gaze_shift,790.8773333333334,420.07933333333335,1
erJVXbaIicU_260-1684,304,1,548.8333333333334,128.33333333333334,189.0,241.0,outside_frame,817.5066363636364,486.7320909090909,0
erJVXbaIicU_260-1684,304,2,1062.0,324.5,208.0,216.0,gaze_shift,774.9864444444445,399.90777777777777,1
erJVXbaIicU_260-1684,305,1,548.5555555555555,128.22222222222223,189.0,241.0,outside_frame,819.2793636363637,486.913909090909,0
erJVXbaIicU_260-1684,305,2,1063.3333333333333,324.3333333333333,208.0,216.00000000000009,gaze_shift,759.0955555555555,379.73622222222224,1
erJVXbaIicU_260-1684,306,1,548.2777777777778,128.11111111111111,189.0,241.0,outside_frame,821.0520909090909,487.0957272727272,0
erJVXbaIicU_260-1684,306,2,1064.6666666666667,324.1666666666667,208.0,215.99999999999997,gaze_shift,743.2046666666666,359.56466666666665,1
erJVXbaIicU_260-1684,307,1,548.0,128.0,189.0,241.0,outside_frame,822.8248181818182,487.2775454545454,0
erJVXbaIicU_260-1684,307,2,1066.0,324.0,208.0,216.0,gaze_shift,727.3137777777778,339.3931111111111,1
erJVXbaIicU_260-1684,308,1,550.1875,129.75,190.5625,241.6875,outside_frame,824.5975454545455,487.4593636363636,0
erJVXbaIicU_260-1684,308,2,1067.5,321.5,208.0,216.0,gaze_shift,711.4228888888889,319.2215555555556,1
erJVXbaIicU_260-1684,309,1,552.375,131.5,192.125,242.375,outside_frame,826.3702727272728,487.6411818181818,0
erJVXbaIicU_260-1684,309,2,1069.0,319.0,208.0,216.0,inside_visible,695.532,299.05,1
erJVXbaIicU_260-1684,310,1,554.5625,133.25,193.6875,243.0625,inside_visible,828.143,487.823,0
erJVXbaIicU_260-1684,310,2,1079.0,320.0,208.0,216.0,inside_visible,862.327,476.546,1
erJVXbaIicU_260-1684,311,1,556.75,135.0,195.25,243.75,inside_visible,833.31,481.99,0
erJVXbaIicU_260-1684,311,2,1078.7272727272727,320.0,207.4545454545455,216.4545454545455,inside_visible,857.49375,473.546,1
erJVXbaIicU_260-1684,312,1,558.9375,136.75,196.8125,244.4375,inside_visible,852.81,473.99,0
erJVXbaIicU_260-1684,312,2,1078.4545454545455,320.0,206.9090909090908,216.90909090909088,inside_visible,852.6605,470.546,1
erJVXbaIicU_260-1684,313,1,561.125,138.5,198.375,245.125,gaze_shift,902.41,469.19,0
erJVXbaIicU_260-1684,313,2,1078.1818181818182,320.0,206.36363636363623,217.3636363636364,inside_visible,847.82725,467.546,1
erJVXbaIicU_260-1684,314,1,563.3125,140.25,199.9375,245.8125,gaze_shift,952.01,464.39,0
erJVXbaIicU_260-1684,314,2,1077.909090909091,320.0,205.81818181818176,217.81818181818187,inside_visible,842.994,464.546,1
erJVXbaIicU_260-1684,315,1,565.5,142.0,201.5,246.5,gaze_shift,1001.61,459.59,0
erJVXbaIicU_260-1684,315,2,1077.6363636363635,320.0,205.27272727272725,218.27272727272725,inside_visible,840.494,465.046,1
erJVXbaIicU_260-1684,316,1,567.6875,143.75,203.0625,247.1875,gaze_shift,1051.21,454.79,0
erJVXbaIicU_260-1684,316,2,1077.3636363636365,320.0,204.72727272727275,218.72727272727275,inside_visible,837.994,465.546,1
erJVXbaIicU_260-1684,317,1,569.875,145.5,204.625,247.875,inside_visible,1100.81,449.99,0
erJVXbaIicU_260-1684,317,2,1077.090909090909,320.0,204.18181818181824,219.18181818181813,inside_visible,835.494,466.046,1
erJVXbaIicU_260-1684,318,1,572.0625,147.25,206.1875,248.5625,inside_visible,1100.444,450.18611111111113,0
erJVXbaIicU_260-1684,318,2,1076.8181818181818,320.0,203.6363636363637,219.63636363636363,inside_visible,832.994,438.546,1
erJVXbaIicU_260-1684,319,1,574.25,149.0,207.75,249.25,inside_visible,1100.078,450.3822222222223,0
erJVXbaIicU_260-1684,319,2,1076.5454545454545,320.0,203.09090909090924,220.09090909090912,inside_visible,843.994,422.546,1
erJVXbaIicU_260-1684,320,1,576.4375,150.75,209.3125,249.9375,inside_visible,1099.712,450.5783333333333,0
erJVXbaIicU_260-1684,320,2,1076.2727272727273,320.0,202.5454545454545,220.5454545454545,inside_visible,751.994,325.546,1
erJVXbaIicU_260-1684,321,1,578.625,152.5,210.875,250.625,inside_visible,1099.346,450.7744444444445,0
erJVXbaIicU_260-1684,321,2,1076.0,320.0,202.0,221.0,inside_visible,754.4145714285714,327.633,1
erJVXbaIicU_260-1684,322,1,580.8125,154.25,212.4375,251.3125,inside_visible,1098.98,450.9705555555556,0
erJVXbaIicU_260-1684,322,2,1076.3793103448277,319.6551724137931,201.48275862068957,221.3793103448276,inside_visible,756.8351428571428,329.72,1
erJVXbaIicU_260-1684,323,1,583.0,156.0,214.0,252.0,inside_visible,1098.614,451.1666666666667,0
erJVXbaIicU_260-1684,323,2,1076.7586206896551,319.3103448275862,200.9655172413793,221.7586206896552,inside_visible,759.2557142857142,331.807,1
erJVXbaIicU_260-1684,324,1,585.8,157.2,214.0,252.6,inside_visible,1098.248,451.36277777777775,0
erJVXbaIicU_260-1684,324,2,1077.1379310344828,318.9655172413793,200.44827586206884,222.1379310344828,inside_visible,761.6762857142858,333.894,1
erJVXbaIicU_260-1684,325,1,588.6,158.4,214.0,253.2,inside_visible,1097.882,451.5588888888889,0
erJVXbaIicU_260-1684,325,2,1077.5172413793102,318.62068965517244,199.93103448275883,222.51724137931035,inside_visible,764.0968571428572,335.981,1
erJVXbaIicU_260-1684,326,1,591.4,159.6,214.0,253.8,inside_visible,1097.516,451.755,0
erJVXbaIicU_260-1684,326,2,1077.896551724138,318.2758620689655,199.4137931034484,222.896551724138,inside_visible,766.5174285714286,338.068,1
erJVXbaIicU_260-1684,327,1,594.2,160.8,214.0,254.4,gaze_shift,1075.42775,476.034375,0
erJVXbaIicU_260-1684,327,2,1078.2758620689656,317.9310344827586,198.8965517241379,223.2758620689656,inside_visible,768.938,340.155,1
erJVXbaIicU_260-1684,328,1,597.0,162.0,214.0,255.0,gaze_shift,1053.3395,500.31375,0
erJVXbaIicU_260-1684,328,2,1078.655172413793,317.58620689655174,198.37931034482767,223.65517241379317,gaze_shift,793.7492,395.2332,1
erJVXbaIicU_260-1684,329,1,595.5714285714286,162.42857142857142,214.0,255.71428571428572,gaze_shift,1031.25125,524.593125,0
erJVXbaIicU_260-1684,329,2,1079.0344827586207,317.2413793103448,197.8620689655172,224.03448275862064,gaze_shift,818.5604,450.3114,1
erJVXbaIicU_260-1684,330,1,594.1428571428571,162.85714285714286,214.0,256.42857142857144,gaze_shift,1009.163,548.8725,0
erJVXbaIicU_260-1684,330,2,1079.4137931034484,316.8965517241379,197.34482758620675,224.41379310344823,gaze_shift,843.3716000000001,505.3896,1
erJVXbaIicU_260-1684,331,1,592.7142857142857,163.28571428571428,214.0,257.1428571428572,gaze_shift,987.07475,573.151875,0
erJVXbaIicU_260-1684,331,2,1079.7931034482758,316.55172413793105,196.8275862068965,224.79310344827584,gaze_shift,868.1828,560.4678,1
erJVXbaIicU_260-1684,332,1,591.2857142857143,163.71428571428572,214.0,257.85714285714283,gaze_shift,964.9865,597.43125,0
erJVXbaIicU_260-1684,332,2,1080.1724137931035,316.2068965517241,196.31034482758628,225.17241379310343,inside_visible,892.994,615.546,1
erJVXbaIicU_260-1684,333,1,589.8571428571429,164.14285714285714,214.0,258.57142857142856,gaze_shift,942.89825,621.7106249999999,0
erJVXbaIicU_260-1684,333,2,1080.551724137931,315.86206896551727,195.79310344827604,225.551724137931,inside_visible,903.5654285714286,624.546,1
erJVXbaIicU_260-1684,334,1,588.4285714285714,164.57142857142858,214.0,259.2857142857142,inside_visible,920.81,645.99,0
erJVXbaIicU_260-1684,334,2,1080.9310344827586,315.51724137931035,195.2758620689656,225.9310344827586,inside_visible,914.1368571428573,633.546,1
erJVXbaIicU_260-1684,335,1,587.0,165.0,214.0,260.0,inside_visible,934.972,650.812,0
erJVXbaIicU_260-1684,335,2,1081.3103448275865,315.17241379310343,194.75862068965512,226.31034482758625,inside_visible,924.7082857142856,642.546,1
erJVXbaIicU_260-1684,336,1,585.0,163.875,214.0,260.0,inside_visible,949.134,655.634,0
erJVXbaIicU_260-1684,336,2,1081.6896551724135,314.82758620689657,194.24137931034488,226.68965517241375,inside_visible,935.2797142857144,651.546,1
erJVXbaIicU_260-1684,337,1,583.0,162.75,214.0,260.0,inside_visible,963.296,660.456,0
erJVXbaIicU_260-1684,337,2,1082.0689655172414,314.48275862068965,193.7241379310344,227.0689655172414,inside_visible,945.8511428571428,660.546,1
erJVXbaIicU_260-1684,338,1,581.0,161.625,214.0,260.0,inside_visible,977.458,665.278,0
erJVXbaIicU_260-1684,338,2,1082.448275862069,314.13793103448273,193.206896551724,227.448275862069,inside_visible,956.4225714285716,669.546,1
erJVXbaIicU_260-1684,339,1,579.0,160.5,214.0,260.0,inside_visible,984.658,674.878,0
erJVXbaIicU_260-1684,339,2,1082.8275862068965,313.7931034482759,192.6896551724137,227.82758620689657,inside_visible,966.994,678.546,1
erJVXbaIicU_260-1684,340,1,577.0,159.375,214.0,260.0,inside_visible,991.858,684.4780000000001,0
erJVXbaIicU_260-1684,340,2,1083.2068965517242,313.4482758620689,192.1724137931035,228.20689655172416,inside_visible,973.494,686.7126666666667,1
erJVXbaIicU_260-1684,341,1,575.0,158.25,214.0,260.0,inside_visible,999.058,694.078,0
erJVXbaIicU_260-1684,341,2,1083.5862068965516,313.1034482758621,191.65517241379325,228.58620689655172,inside_visible,979.994,694.8793333333334,1
erJVXbaIicU_260-1684,342,1,573.0,157.125,214.0,260.0,inside_visible,1006.258,703.678,0
erJVXbaIicU_260-1684,342,2,1083.9655172413793,312.7586206896552,191.1379310344828,228.96551724137936,inside_visible,986.494,703.046,1
erJVXbaIicU_260-1684,343,1,571.0,156.0,214.0,260.0,inside_visible,1013.458,713.278,0
erJVXbaIicU_260-1684,343,2,1084.344827586207,312.41379310344826,190.62068965517236,229.3448275862069,inside_visible,992.994,711.2126666666667,1
erJVXbaIicU_260-1684,344,1,570.25,155.66666666666666,214.0,260.0,inside_visible,1013.458,722.945,0
erJVXbaIicU_260-1684,344,2,1084.7241379310344,312.0689655172414,190.1034482758621,229.7241379310344,inside_visible,999.494,719.3793333333334,1
erJVXbaIicU_260-1684,345,1,569.5,155.33333333333334,214.0,260.0,inside_visible,1013.458,725.1115,0
erJVXbaIicU_260-1684,345,2,1085.103448275862,311.7241379310345,189.58620689655163,230.10344827586204,inside_visible,1005.994,727.546,1
erJVXbaIicU_260-1684,346,1,568.75,155.0,214.0,260.0,inside_visible,1013.458,727.278,0
erJVXbaIicU_260-1684,346,2,1085.4827586206898,311.3793103448276,189.0689655172412,230.48275862068965,inside_visible,1005.994,728.1174285714286,1
erJVXbaIicU_260-1684,347,1,568.0,154.66666666666666,214.0,260.0,inside_visible,1009.658,727.274,0
erJVXbaIicU_260-1684,347,2,1085.8620689655172,311.0344827586207,188.5517241379312,230.8620689655172,inside_visible,1005.994,728.6888571428572,1
erJVXbaIicU_260-1684,348,1,567.25,154.33333333333334,214.0,260.0,inside_visible,1005.858,727.27,0
erJVXbaIicU_260-1684,348,2,1086.2413793103449,310.6896551724138,188.0344827586207,231.24137931034485,inside_visible,1005.994,729.2602857142857,1
erJVXbaIicU_260-1684,349,1,566.5,154.0,214.0,260.0,inside_visible,1002.058,727.2660000000001,0
erJVXbaIicU_260-1684,349,2,1086.6206896551723,310.3448275862069,187.5172413793105,231.6206896551724,inside_visible,1005.994,729.8317142857144,1
erJVXbaIicU_260-1684,350,1,565.75,153.66666666666666,214.0,260.0,inside_visible,998.258,727.2620000000001,0
erJVXbaIicU_260-1684,350,2,1087.0,310.0,187.0,232.0,inside_visible,1005.994,730.4031428571429,1
erJVXbaIicU_260-1684,351,1,565.0,153.33333333333334,214.0,260.0,inside_visible,994.458,727.258,0
erJVXbaIicU_260-1684,351,2,1087.428571428571,310.2142857142857,187.0,232.35714285714283,inside_visible,1005.994,730.9745714285715,1
erJVXbaIicU_260-1684,352,1,564.25,153.0,214.0,260.0,inside_visible,998.458,732.258,0
erJVXbaIicU_260-1684,352,2,1087.857142857143,310.42857142857144,187.0,232.7142857142857,inside_visible,1005.994,731.546,1
erJVXbaIicU_260-1684,353,1,563.5,152.66666666666666,214.0,260.0,inside_visible,1010.708,733.008,0
erJVXbaIicU_260-1684,353,2,1088.2857142857142,310.6428571428572,187.0,233.0714285714285,inside_visible,1006.82725,733.71275,1
erJVXbaIicU_260-1684,354,1,562.75,152.33333333333334,214.0,260.0,inside_visible,1022.958,733.758,0
erJVXbaIicU_260-1684,354,2,1088.7142857142858,310.85714285714283,187.0,233.4285714285715,inside_visible,1007.6605,735.8795,1
erJVXbaIicU_260-1684,355,1,562.0,152.0,214.0,260.0,inside_visible,1033.625,740.425,0
erJVXbaIicU_260-1684,355,2,1089.142857142857,311.07142857142856,187.0,233.78571428571436,inside_visible,1008.49375,738.04625,1
erJVXbaIicU_260-1684,356,1,562.3076923076923,151.92307692307693,214.0,260.0,gaze_shift,1037.125,742.425,0
erJVXbaIicU_260-1684,356,2,1089.571428571429,311.2857142857143,187.0,234.1428571428572,inside_visible,1009.327,740.213,1
erJVXbaIicU_260-1684,357,1,562.6153846153846,151.84615384615384,214.0,260.0,gaze_shift,1054.925,689.425,0
erJVXbaIicU_260-1684,357,2,1090.0,311.5,187.0,234.5,inside_visible,1011.410375,739.379625,1
erJVXbaIicU_260-1684,358,1,562.9230769230769,151.76923076923077,214.0,260.0,gaze_shift,1072.725,636.425,0
erJVXbaIicU_260-1684,358,2,1090.428571428571,311.7142857142857,187.0,234.85714285714283,inside_visible,1013.49375,738.54625,1
erJVXbaIicU_260-1684,359,1,563.2307692307693,151.69230769230768,214.0,260.0,gaze_shift,1090.525,583.425,0
erJVXbaIicU_260-1684,359,2,1090.857142857143,311.92857142857144,187.0,235.2142857142857,inside_visible,1015.577125,737.7128749999999,1
erJVXbaIicU_260-1684,360,1,563.5384615384615,151.6153846153846,214.0,260.0,gaze_shift,1108.325,530.425,0
erJVXbaIicU_260-1684,360,2,1091.2857142857142,312.1428571428572,187.0,235.5714285714285,inside_visible,1017.6605,736.8795,1
erJVXbaIicU_260-1684,361,1,563.8461538461538,151.53846153846155,214.0,260.0,inside_visible,1126.125,477.425,0
erJVXbaIicU_260-1684,361,2,1091.7142857142858,312.35714285714283,187.0,235.9285714285715,inside_visible,1019.743875,736.0461250000001,1
erJVXbaIicU_260-1684,362,1,564.1538461538462,151.46153846153845,214.0,260.0,inside_visible,1125.8701176470588,477.8138823529412,0
erJVXbaIicU_260-1684,362,2,1092.142857142857,312.57142857142856,187.0,236.28571428571436,inside_visible,1021.82725,735.21275,1
erJVXbaIicU_260-1684,363,1,564.4615384615385,151.3846153846154,214.0,260.0,inside_visible,1125.6152352941176,478.2027647058824,0
erJVXbaIicU_260-1684,363,2,1092.571428571429,312.7857142857143,187.0,236.6428571428572,inside_visible,1023.910625,734.379375,1
erJVXbaIicU_260-1684,364,1,564.7692307692307,151.30769230769232,214.0,260.0,inside_visible,1125.3603529411764,478.5916470588235,0
erJVXbaIicU_260-1684,364,2,1093.0,313.0,187.0,237.0,inside_visible,1025.994,733.546,1
erJVXbaIicU_260-1684,365,1,565.0769230769231,151.23076923076923,214.0,260.0,inside_visible,1125.1054705882352,478.98052941176473,0
erJVXbaIicU_260-1684,365,2,1093.4666666666667,313.4,187.0,237.33333333333337,inside_visible,1022.661,735.546,1
erJVXbaIicU_260-1684,366,1,565.3846153846154,151.15384615384616,214.0,260.0,inside_visible,1124.850588235294,479.3694117647059,0
erJVXbaIicU_260-1684,366,2,1093.9333333333334,313.8,187.0,237.66666666666669,inside_visible,1022.4688888888888,735.063888888889,1
erJVXbaIicU_260-1684,367,1,565.6923076923077,151.07692307692307,214.0,260.0,inside_visible,1124.5957058823528,479.75829411764704,0
erJVXbaIicU_260-1684,367,2,1094.4,314.2,187.0,238.00000000000009,inside_visible,1022.2767777777776,734.5817777777778,1
erJVXbaIicU_260-1684,368,1,566.0,151.0,214.0,260.0,inside_visible,1124.3408235294116,480.14717647058825,0
erJVXbaIicU_260-1684,368,2,1094.8666666666666,314.6,187.0,238.3333333333333,inside_visible,1022.0846666666666,734.0996666666667,1
erJVXbaIicU_260-1684,369,1,565.0,150.8,214.0,260.0,inside_visible,1124.0859411764704,480.5360588235294,0
erJVXbaIicU_260-1684,369,2,1095.3333333333333,315.0,187.0,238.66666666666663,inside_visible,1021.8925555555556,733.6175555555556,1
erJVXbaIicU_260-1684,370,1,564.0,150.6,214.0,260.0,inside_visible,1123.8310588235297,480.9249411764706,0
erJVXbaIicU_260-1684,370,2,1095.8,315.4,187.0,239.0,inside_visible,1021.7004444444444,733.1354444444445,1
erJVXbaIicU_260-1684,371,1,563.0,150.4,214.0,260.0,inside_visible,1123.5761764705885,481.31382352941176,0
erJVXbaIicU_260-1684,371,2,1096.2666666666669,315.8,187.0,239.3333333333333,inside_visible,1021.5083333333332,732.6533333333333,1
erJVXbaIicU_260-1684,372,1,562.0,150.2,214.0,260.0,inside_visible,1123.321294117647,481.702705882353,0
erJVXbaIicU_260-1684,372,2,1096.7333333333331,316.2,187.0,239.66666666666669,inside_visible,1021.3162222222222,732.1712222222222,1
erJVXbaIicU_260-1684,373,1,561.0,150.0,214.0,260.0,inside_visible,1123.066411764706,482.0915882352941,0
erJVXbaIicU_260-1684,373,2,1097.2,316.6,187.0,240.0,inside_visible,1021.1241111111112,731.6891111111111,1
erJVXbaIicU_260-1684,374,1,560.0,149.8,214.0,260.0,inside_visible,1122.8115294117647,482.4804705882353,0
erJVXbaIicU_260-1684,374,2,1097.6666666666667,317.0,187.0,240.33333333333337,inside_visible,1020.932,731.207,1
erJVXbaIicU_260-1684,375,1,559.0,149.6,214.0,260.0,inside_visible,1122.5566470588235,482.8693529411765,0
erJVXbaIicU_260-1684,375,2,1098.1333333333334,317.4,187.0,240.66666666666677,inside_visible,1021.481,737.392,1
erJVXbaIicU_260-1684,376,1,558.0,149.4,214.0,260.0,inside_visible,1122.3017647058823,483.2582352941176,0
erJVXbaIicU_260-1684,376,2,1098.6,317.8,187.0,240.99999999999997,inside_visible,1021.652,734.11,1
erJVXbaIicU_260-1684,377,1,557.0,149.2,214.0,260.0,inside_visible,1122.046882352941,483.6471176470589,0
erJVXbaIicU_260-1684,377,2,1099.0666666666666,318.2,187.0,241.3333333333333,inside_visible,1021.823,730.8280000000001,1
erJVXbaIicU_260-1684,378,1,556.0,149.0,214.0,260.0,inside_visible,1121.792,484.036,0
erJVXbaIicU_260-1684,378,2,1099.5333333333333,318.6,187.0,241.66666666666663,inside_visible,1021.994,727.546,1
erJVXbaIicU_260-1684,379,1,557.0,150.0,214.0,260.0,inside_visible,1000.125,724.425,0
erJVXbaIicU_260-1684,379,2,1100.0,319.0,187.0,242.0,inside_visible,1022.55675,727.226,1
erJVXbaIicU_260-1684,380,1,558.0,151.0,214.0,260.0,inside_visible,1001.908,724.1953333333333,0
erJVXbaIicU_260-1684,380,2,1100.5384615384614,319.38461538461536,187.0,242.0,inside_visible,1023.1195,726.906,1
erJVXbaIicU_260-1684,381,1,557.3,150.85,214.0,260.0,inside_visible,1003.691,723.9656666666666,0
erJVXbaIicU_260-1684,381,2,1101.076923076923,319.7692307692308,187.0,241.99999999999997,inside_visible,1023.68225,726.586,1
erJVXbaIicU_260-1684,382,1,556.6,150.7,214.0,260.0,inside_visible,1005.474,723.736,0
erJVXbaIicU_260-1684,382,2,1101.6153846153843,320.15384615384613,187.0,242.00000000000009,inside_visible,1024.245,726.266,1
erJVXbaIicU_260-1684,383,1,555.9,150.55,214.0,260.0,inside_visible,1005.5295,721.3471666666667,0
erJVXbaIicU_260-1684,383,2,1102.1538461538462,320.53846153846155,187.0,242.0,inside_visible,1026.0010909090909,724.3265454545455,1
erJVXbaIicU_260-1684,384,1,555.2,150.4,214.0,260.0,inside_visible,1005.585,718.9583333333334,0
erJVXbaIicU_260-1684,384,2,1102.6923076923076,320.9230769230769,187.0,242.0,inside_visible,1027.7571818181816,722.3870909090908,1
erJVXbaIicU_260-1684,385,1,554.5,150.25,214.0,260.0,inside_visible,1005.6405,716.5695000000001,0
erJVXbaIicU_260-1684,385,2,1103.2307692307693,321.3076923076923,187.0,241.99999999999997,inside_visible,1029.5132727272726,720.4476363636363,1
erJVXbaIicU_260-1684,386,1,553.8,150.1,214.0,260.0,inside_visible,1005.696,714.1806666666666,0
erJVXbaIicU_260-1684,386,2,1103.7692307692307,321.6923076923077,187.0,242.00000000000009,inside_visible,1031.2693636363636,718.5081818181818,1
erJVXbaIicU_260-1684,387,1,553.1,149.95,214.0,260.0,inside_visible,1005.7515,711.7918333333333,0
erJVXbaIicU_260-1684,387,2,1104.3076923076924,322.0769230769231,187.0,242.0,inside_visible,1033.0254545454543,716.5687272727273,1
erJVXbaIicU_260-1684,388,1,552.4,149.8,214.0,260.0,inside_visible,1005.807,709.403,0
erJVXbaIicU_260-1684,388,2,1104.8461538461538,322.46153846153845,187.0,242.0,inside_visible,1034.7815454545453,714.6292727272727,1
erJVXbaIicU_260-1684,389,1,551.7,149.65,214.0,260.0,inside_visible,1006.0187027027029,709.2498378378378,0
erJVXbaIicU_260-1684,389,2,1105.3846153846157,322.84615384615387,187.0,241.99999999999997,inside_visible,1036.5376363636362,712.6898181818182,1
erJVXbaIicU_260-1684,390,1,551.0,149.5,214.0,260.0,inside_visible,1006.2304054054056,709.0966756756757,0
erJVXbaIicU_260-1684,390,2,1105.923076923077,323.2307692307692,187.0,242.00000000000009,inside_visible,1038.2937272727272,710.7503636363637,1
erJVXbaIicU_260-1684,391,1,550.3,149.35,214.0,260.0,inside_visible,1006.442108108108,708.9435135135135,0
erJVXbaIicU_260-1684,391,2,1106.4615384615386,323.61538461538464,187.0,242.0,inside_visible,1040.0498181818182,708.8109090909091,1
erJVXbaIicU_260-1684,392,1,549.6,149.2,214.0,260.0,inside_visible,1006.6538108108108,708.7903513513513,0
erJVXbaIicU_260-1684,392,2,1107.0,324.0,187.0,242.0,inside_visible,1041.805909090909,706.8714545454545,1
erJVXbaIicU_260-1684,393,1,548.9,149.05,214.0,260.0,inside_visible,1006.8655135135136,708.6371891891893,0
erJVXbaIicU_260-1684,393,2,1107.142857142857,323.9428571428571,187.4000000000001,242.00000000000009,inside_visible,1043.562,704.932,1
erJVXbaIicU_260-1684,394,1,548.2,148.9,214.0,260.0,inside_visible,1007.0772162162162,708.4840270270271,0
erJVXbaIicU_260-1684,394,2,1107.2857142857142,323.8857142857143,187.79999999999995,241.99999999999997,inside_visible,1042.4182812499998,704.86934375,1
erJVXbaIicU_260-1684,395,1,547.5,148.75,214.0,260.0,inside_visible,1007.288918918919,708.3308648648649,0
erJVXbaIicU_260-1684,395,2,1107.428571428571,323.8285714285714,188.20000000000005,242.0,inside_visible,1041.2745625,704.8066875000001,1
erJVXbaIicU_260-1684,396,1,546.8,148.6,214.0,260.0,inside_visible,1007.5006216216216,708.1777027027027,0
erJVXbaIicU_260-1684,396,2,1107.571428571429,323.77142857142854,188.5999999999999,242.00000000000009,inside_visible,1040.13084375,704.74403125,1
erJVXbaIicU_260-1684,397,1,546.1,148.45,214.0,260.0,inside_visible,1007.7123243243244,708.0245405405406,0
erJVXbaIicU_260-1684,397,2,1107.7142857142858,323.7142857142857,189.0,241.99999999999997,inside_visible,1038.987125,704.681375,1
erJVXbaIicU_260-1684,398,1,545.4,148.3,214.0,260.0,inside_visible,1007.924027027027,707.8713783783784,0
erJVXbaIicU_260-1684,398,2,1107.857142857143,323.65714285714284,189.39999999999984,242.0,inside_visible,1037.8434062499998,704.61871875,1
erJVXbaIicU_260-1684,399,1,544.7,148.15,214.0,260.0,inside_visible,1008.1357297297296,707.7182162162162,0
erJVXbaIicU_260-1684,399,2,1108.0,323.6,189.79999999999995,242.0,inside_visible,1036.6996875,704.5560625,1
erJVXbaIicU_260-1684,400,1,544.0,148.0,214.0,260.0,inside_visible,1008.3474324324324,707.565054054054,0
erJVXbaIicU_260-1684,400,2,1108.142857142857,323.54285714285714,190.20000000000005,241.99999999999997,inside_visible,1035.55596875,704.49340625,1
erJVXbaIicU_260-1684,401,1,544.75,148.5,214.0,260.0,inside_visible,1008.5591351351352,707.4118918918919,0
erJVXbaIicU_260-1684,401,2,1108.2857142857142,323.48571428571427,190.6000000000001,242.0,inside_visible,1034.41225,704.43075,1
erJVXbaIicU_260-1684,402,1,545.5,149.0,214.0,260.0,inside_visible,1008.7708378378378,707.2587297297298,0
erJVXbaIicU_260-1684,402,2,1108.428571428571,323.42857142857144,191.0,242.0,inside_visible,1033.26853125,704.3680937500001,1
erJVXbaIicU_260-1684,403,1,546.25,149.5,214.0,260.0,inside_visible,1008.9825405405404,707.1055675675676,0
erJVXbaIicU_260-1684,403,2,1108.571428571429,323.37142857142857,191.39999999999984,242.00000000000009,inside_visible,1032.1248125,704.3054375,1
erJVXbaIicU_260-1684,404,1,547.0,150.0,214.0,260.0,inside_visible,1009.1942432432432,706.9524054054054,0
erJVXbaIicU_260-1684,404,2,1108.7142857142858,323.3142857142857,191.79999999999995,242.0,inside_visible,1030.98109375,704.24278125,1
erJVXbaIicU_260-1684,405,1,546.8636363636364,149.63636363636363,214.0,260.0,inside_visible,1009.405945945946,706.7992432432433,0
erJVXbaIicU_260-1684,405,2,1108.857142857143,323.25714285714287,192.20000000000005,242.0,inside_visible,1029.8373749999998,704.180125,1
erJVXbaIicU_260-1684,406,1,546.7272727272727,149.27272727272728,214.0,260.0,inside_visible,1009.6176486486488,706.6460810810811,0
erJVXbaIicU_260-1684,406,2,1109.0,323.2,192.5999999999999,242.00000000000009,inside_visible,1028.69365625,704.1174687500001,1
erJVXbaIicU_260-1684,407,1,546.5909090909091,148.9090909090909,214.0,260.0,inside_visible,1009.8293513513512,706.4929189189189,0
erJVXbaIicU_260-1684,407,2,1109.142857142857,323.1428571428572,193.0,241.99999999999997,inside_visible,1027.5499375,704.0548125,1
erJVXbaIicU_260-1684,408,1,546.4545454545455,148.54545454545453,214.0,260.0,inside_visible,1010.041054054054,706.3397567567567,0
erJVXbaIicU_260-1684,408,2,1109.2857142857142,323.0857142857143,193.4000000000001,242.0,inside_visible,1026.40621875,703.99215625,1
erJVXbaIicU_260-1684,409,1,546.3181818181819,148.1818181818182,214.0,260.0,inside_visible,1010.2527567567568,706.1865945945946,0
erJVXbaIicU_260-1684,409,2,1109.428571428571,323.0285714285714,193.80000000000015,242.00000000000009,inside_visible,1025.2624999999998,703.9295,1
erJVXbaIicU_260-1684,410,1,546.1818181818181,147.8181818181818,214.0,260.0,inside_visible,1010.4644594594596,706.0334324324324,0
erJVXbaIicU_260-1684,410,2,1109.571428571429,322.9714285714286,194.19999999999985,241.99999999999997,inside_visible,1024.11878125,703.86684375,1
erJVXbaIicU_260-1684,411,1,546.0454545454545,147.45454545454547,214.0,260.0,inside_visible,1010.6761621621622,705.8802702702702,0
erJVXbaIicU_260-1684,411,2,1109.7142857142858,322.9142857142857,194.5999999999999,242.0,inside_visible,1022.9750625,703.8041875,1
erJVXbaIicU_260-1684,412,1,545.9090909090909,147.0909090909091,214.0,260.0,inside_visible,1010.8878648648648,705.7271081081082,0
erJVXbaIicU_260-1684,412,2,1109.857142857143,322.85714285714283,195.0,242.00000000000009,inside_visible,1021.83134375,703.74153125,1
erJVXbaIicU_260-1684,413,1,545.7727272727273,146.72727272727272,214.0,260.0,inside_visible,1011.0995675675676,705.573945945946,0
erJVXbaIicU_260-1684,413,2,1110.0,322.8,195.4000000000001,241.99999999999997,inside_visible,1020.687625,703.6788750000001,1
erJVXbaIicU_260-1684,414,1,545.6363636363636,146.36363636363637,214.0,260.0,inside_visible,1011.3112702702704,705.4207837837838,0
erJVXbaIicU_260-1684,414,2,1110.142857142857,322.74285714285713,195.79999999999995,242.0,inside_visible,1019.54390625,703.61621875,1
erJVXbaIicU_260-1684,415,1,545.5,146.0,214.0,260.0,inside_visible,1011.522972972973,705.2676216216216,0
erJVXbaIicU_260-1684,415,2,1110.2857142857142,322.6857142857143,196.20000000000005,242.0,inside_visible,1018.4001875,703.5535625,1
erJVXbaIicU_260-1684,416,1,545.3636363636364,145.63636363636363,214.0,260.0,inside_visible,1011.7346756756756,705.1144594594595,0
erJVXbaIicU_260-1684,416,2,1110.428571428571,322.62857142857143,196.6000000000001,241.99999999999997,inside_visible,1017.25646875,703.49090625,1
erJVXbaIicU_260-1684,417,1,545.2272727272727,145.27272727272728,214.0,260.0,inside_visible,1011.9463783783784,704.9612972972973,0
erJVXbaIicU_260-1684,417,2,1110.571428571429,322.57142857142856,197.0,242.0,inside_visible,1016.11275,703.42825,1
erJVXbaIicU_260-1684,418,1,545.0909090909091,144.9090909090909,214.0,260.0,inside_visible,1012.158081081081,704.8081351351351,0
erJVXbaIicU_260-1684,418,2,1110.7142857142858,322.51428571428573,197.39999999999984,242.0,inside_visible,1014.96903125,703.36559375,1
erJVXbaIicU_260-1684,419,1,544.9545454545455,144.54545454545453,214.0,260.0,inside_visible,1012.3697837837838,704.6549729729729,0
erJVXbaIicU_260-1684,419,2,1110.857142857143,322.45714285714286,197.79999999999995,242.00000000000009,inside_visible,1013.8253125,703.3029375,1
erJVXbaIicU_260-1684,420,1,544.8181818181819,144.1818181818182,214.0,260.0,inside_visible,1012.5814864864864,704.5018108108108,0
erJVXbaIicU_260-1684,420,2,1111.0,322.4,198.20000000000005,242.0,inside_visible,1012.68159375,703.2402812500001,1
erJVXbaIicU_260-1684,421,1,544.6818181818181,143.8181818181818,214.0,260.0,inside_visible,1012.7931891891892,704.3486486486487,0
erJVXbaIicU_260-1684,421,2,1111.142857142857,322.3428571428572,198.6000000000001,242.0,inside_visible,1011.537875,703.177625,1
erJVXbaIicU_260-1684,422,1,544.5454545454545,143.45454545454547,214.0,260.0,inside_visible,1013.004891891892,704.1954864864865,0
erJVXbaIicU_260-1684,422,2,1111.2857142857142,322.2857142857143,199.0,242.00000000000009,inside_visible,1010.39415625,703.11496875,1
erJVXbaIicU_260-1684,423,1,544.4090909090909,143.0909090909091,214.0,260.0,inside_visible,1013.2165945945944,704.0423243243243,0
erJVXbaIicU_260-1684,423,2,1111.428571428571,322.22857142857146,199.4000000000001,241.99999999999997,inside_visible,1009.2504375,703.0523125,1
erJVXbaIicU_260-1684,424,1,544.2727272727273,142.72727272727272,214.0,260.0,inside_visible,1013.4282972972971,703.8891621621622,0
erJVXbaIicU_260-1684,424,2,1111.571428571429,322.1714285714286,199.79999999999995,242.0,inside_visible,1008.10671875,702.98965625,1
erJVXbaIicU_260-1684,425,1,544.1363636363636,142.36363636363637,214.0,260.0,inside_visible,1013.64,703.736,0
erJVXbaIicU_260-1684,425,2,1111.7142857142858,322.1142857142857,200.20000000000005,242.00000000000009,inside_visible,1006.963,702.927,1
erJVXbaIicU_260-1684,426,1,544.0,142.0,214.0,260.0,inside_visible,1013.4177777777778,704.6804444444444,0
erJVXbaIicU_260-1684,426,2,1111.857142857143,322.0571428571429,200.5999999999999,241.99999999999997,inside_visible,1002.0465,702.5105000000001,1
erJVXbaIicU_260-1684,427,1,544.32,142.44,214.0,260.0,inside_visible,1013.1955555555556,705.6248888888889,0
erJVXbaIicU_260-1684,427,2,1112.0,322.0,201.0,242.0,inside_visible,997.13,702.094,1
erJVXbaIicU_260-1684,428,1,544.64,142.88,214.0,260.0,inside_visible,1012.9733333333334,706.5693333333334,0
erJVXbaIicU_260-1684,428,2,1111.5384615384614,321.7692307692308,201.0,240.99999999999997,gaze_shift,952.1021666666668,638.6773333333334,1
erJVXbaIicU_260-1684,429,1,544.96,143.32,214.0,260.0,inside_visible,1012.7511111111112,707.5137777777778,0
erJVXbaIicU_260-1684,429,2,1111.076923076923,321.53846153846155,201.0,240.0,gaze_shift,907.0743333333334,575.2606666666667,1
erJVXbaIicU_260-1684,430,1,545.28,143.76,214.0,260.0,inside_visible,1012.5288888888888,708.4582222222222,0
erJVXbaIicU_260-1684,430,2,1110.6153846153843,321.3076923076923,201.0,238.99999999999997,gaze_shift,862.0464999999999,511.8440000000001,1
erJVXbaIicU_260-1684,431,1,545.6,144.2,214.0,260.0,inside_visible,1012.3066666666666,709.4026666666666,0
erJVXbaIicU_260-1684,431,2,1110.1538461538462,321.0769230769231,201.0,238.0,gaze_shift,817.0186666666666,448.42733333333337,1
erJVXbaIicU_260-1684,432,1,545.92,144.64,214.0,260.0,inside_visible,1012.0844444444444,710.3471111111111,0
erJVXbaIicU_260-1684,432,2,1109.6923076923076,320.84615384615387,201.0,236.99999999999997,gaze_shift,771.9908333333333,385.0106666666667,1
erJVXbaIicU_260-1684,433,1,546.24,145.08,214.0,260.0,inside_visible,1011.8622222222222,711.2915555555555,0
erJVXbaIicU_260-1684,433,2,1109.2307692307693,320.61538461538464,201.0,236.0,inside_visible,726.963,321.594,1
erJVXbaIicU_260-1684,434,1,546.56,145.52,214.0,260.0,inside_visible,1011.64,712.236,0
erJVXbaIicU_260-1684,434,2,1108.7692307692307,320.38461538461536,201.0,235.0,inside_visible,726.7358571428571,323.23314285714287,1
erJVXbaIicU_260-1684,435,1,546.88,145.96,214.0,260.0,inside_visible,1011.47325,712.70025,0
erJVXbaIicU_260-1684,435,2,1108.3076923076924,320.15384615384613,201.0,234.00000000000009,inside_visible,726.5087142857143,324.8722857142857,1
erJVXbaIicU_260-1684,436,1,547.2,146.4,214.0,260.0,inside_visible,1011.3065,713.1645,0
erJVXbaIicU_260-1684,436,2,1107.8461538461538,319.9230769230769,201.0,233.0,inside_visible,726.2815714285714,326.5114285714285,1
erJVXbaIicU_260-1684,437,1,547.52,146.84,214.0,260.0,inside_visible,1011.13975,713.62875,0
erJVXbaIicU_260-1684,437,2,1107.3846153846157,319.6923076923077,201.0,232.00000000000009,inside_visible,726.0544285714286,328.1505714285714,1
erJVXbaIicU_260-1684,438,1,547.84,147.28,214.0,260.0,inside_visible,1010.973,714.093,0
erJVXbaIicU_260-1684,438,2,1106.923076923077,319.46153846153845,201.0,231.0,inside_visible,725.8272857142857,329.7897142857143,1
erJVXbaIicU_260-1684,439,1,548.16,147.72,214.0,260.0,inside_visible,1011.1955,717.3075,0
erJVXbaIicU_260-1684,439,2,1106.4615384615386,319.2307692307692,201.0,230.00000000000009,inside_visible,725.6001428571429,331.4288571428571,1
erJVXbaIicU_260-1684,440,1,548.48,148.16,214.0,260.0,inside_visible,1011.418,720.522,0
erJVXbaIicU_260-1684,440,2,1106.0,319.0,201.0,229.0,inside_visible,725.373,333.068,1
erJVXbaIicU_260-1684,441,1,548.8,148.6,214.0,260.0,inside_visible,1011.64,720.236,0
erJVXbaIicU_260-1684,441,2,1107.4,318.4,201.0,229.80000000000007,gaze_shift,765.5734285714286,388.196,1
erJVXbaIicU_260-1684,442,1,549.12,149.04,214.0,260.0,inside_visible,1005.2112857142856,719.641,0
erJVXbaIicU_260-1684,442,2,1108.8,317.8,201.0,230.6,gaze_shift,805.7738571428572,443.324,1
erJVXbaIicU_260-1684,443,1,549.44,149.48,214.0,260.0,inside_visible,998.7825714285714,719.046,0
erJVXbaIicU_260-1684,443,2,1110.2,317.2,201.0,231.40000000000003,gaze_shift,845.9742857142858,498.452,1
erJVXbaIicU_260-1684,444,1,549.76,149.92,214.0,260.0,inside_visible,992.3538571428572,718.451,0
erJVXbaIicU_260-1684,444,2,1111.6,316.6,201.0,232.19999999999996,gaze_shift,886.1747142857142,553.58,1
erJVXbaIicU_260-1684,445,1,550.08,150.36,214.0,260.0,inside_visible,985.9251428571428,717.856,0
erJVXbaIicU_260-1684,445,2,1113.0,316.0,201.0,233.0,gaze_shift,926.3751428571428,608.7080000000001,1
erJVXbaIicU_260-1684,446,1,550.4,150.8,214.0,260.0,inside_visible,979.4964285714286,717.261,0
erJVXbaIicU_260-1684,446,2,1114.0,316.5,201.0,233.5,gaze_shift,966.5755714285714,663.836,1
erJVXbaIicU_260-1684,447,1,550.72,151.24,214.0,260.0,inside_visible,973.0677142857144,716.666,0
erJVXbaIicU_260-1684,447,2,1115.0,317.0,201.0,234.0,inside_visible,1006.776,718.964,1
erJVXbaIicU_260-1684,448,1,551.04,151.68,214.0,260.0,inside_visible,966.639,716.071,0
erJVXbaIicU_260-1684,448,2,1111.25,318.1666666666667,201.0,234.66666666666669,inside_visible,1005.6285,719.07825,1
erJVXbaIicU_260-1684,449,1,551.36,152.12,214.0,260.0,inside_visible,968.9723333333334,717.071,0
erJVXbaIicU_260-1684,449,2,1107.5,319.3333333333333,201.0,235.3333333333333,inside_visible,1004.481,719.1925000000001,1
erJVXbaIicU_260-1684,450,1,551.68,152.56,214.0,260.0,inside_visible,971.3056666666666,718.071,0
erJVXbaIicU_260-1684,450,2,1103.75,320.5,201.0,236.0,inside_visible,1003.3335,719.3067500000001,1
erJVXbaIicU_260-1684,451,1,552.0,153.0,214.0,260.0,inside_visible,973.639,719.071,0
erJVXbaIicU_260-1684,451,2,1100.0,321.6666666666667,201.0,236.66666666666669,inside_visible,1002.186,719.421,1
erJVXbaIicU_260-1684,452,1,551.8181818181819,153.04545454545453,214.0,260.0,inside_visible,975.9723333333334,720.071,0
erJVXbaIicU_260-1684,452,2,1096.25,322.8333333333333,201.0,237.3333333333333,inside_visible,1001.0383333333334,720.9241666666667,1
erJVXbaIicU_260-1684,453,1,551.6363636363636,153.0909090909091,214.0,260.0,inside_visible,978.3056666666666,721.071,0
erJVXbaIicU_260-1684,453,2,1092.5,324.0,201.0,238.0,inside_visible,999.8906666666668,722.4273333333334,1
erJVXbaIicU_260-1684,454,1,551.4545454545455,153.13636363636363,214.0,260.0,inside_visible,980.639,722.071,0
erJVXbaIicU_260-1684,454,2,1088.75,325.1666666666667,201.0,238.66666666666669,inside_visible,998.743,723.9305,1
erJVXbaIicU_260-1684,455,1,551.2727272727273,153.1818181818182,214.0,260.0,inside_visible,982.9723333333334,723.071,0
erJVXbaIicU_260-1684,455,2,1085.0,326.3333333333333,201.0,239.3333333333333,inside_visible,997.5953333333332,725.4336666666667,1
erJVXbaIicU_260-1684,456,1,551.0909090909091,153.22727272727272,214.0,260.0,inside_visible,985.3056666666666,724.071,0
erJVXbaIicU_260-1684,456,2,1081.25,327.5,201.0,240.0,inside_visible,996.4476666666668,726.9368333333334,1
erJVXbaIicU_260-1684,457,1,550.9090909090909,153.27272727272728,214.0,260.0,inside_visible,987.639,725.071,0
erJVXbaIicU_260-1684,457,2,1077.5,328.6666666666667,201.0,240.66666666666669,inside_visible,995.3,728.44,1
erJVXbaIicU_260-1684,458,1,550.7272727272727,153.3181818181818,214.0,260.0,inside_visible,989.9723333333334,726.071,0
erJVXbaIicU_260-1684,458,2,1073.75,329.8333333333333,201.0,241.3333333333333,inside_visible,997.419,727.9875000000001,1
erJVXbaIicU_260-1684,459,1,550.5454545454545,153.36363636363637,214.0,260.0,inside_visible,992.3056666666666,727.071,0
erJVXbaIicU_260-1684,459,2,1070.0,331.0,201.0,242.0,inside_visible,999.538,727.5350000000001,1
erJVXbaIicU_260-1684,460,1,550.3636363636364,153.4090909090909,214.0,260.0,inside_visible,994.639,728.071,0
erJVXbaIicU_260-1684,460,2,1067.5,333.0,200.0,242.0,inside_visible,1001.657,727.0825,1
erJVXbaIicU_260-1684,461,1,550.1818181818181,153.45454545454547,214.0,260.0,inside_visible,995.639,727.821,0
erJVXbaIicU_260-1684,461,2,1065.0,335.0,199.0,242.0,inside_visible,1003.776,726.63,1
erJVXbaIicU_260-1684,462,1,550.0,153.5,214.0,260.0,inside_visible,996.639,727.571,0
erJVXbaIicU_260-1684,462,2,1062.3333333333333,336.6666666666667,198.33333333333348,245.3333333333333,inside_visible,1004.9172142857144,726.3367857142857,1
erJVXbaIicU_260-1684,463,1,549.8181818181819,153.54545454545453,214.0,260.0,inside_visible,997.639,727.321,0
erJVXbaIicU_260-1684,463,2,1059.6666666666667,338.3333333333333,197.6666666666665,248.66666666666669,inside_visible,1006.0584285714284,726.0435714285715,1
erJVXbaIicU_260-1684,464,1,549.6363636363636,153.5909090909091,214.0,260.0,inside_visible,998.639,727.071,0
erJVXbaIicU_260-1684,464,2,1057.0,340.0,197.0,252.0,inside_visible,1007.1996428571427,725.7503571428572,1
erJVXbaIicU_260-1684,465,1,549.4545454545455,153.63636363636363,214.0,260.0,inside_visible,999.639,726.821,0
erJVXbaIicU_260-1684,465,2,1054.25,339.6666666666667,196.3333333333333,251.16666666666669,inside_visible,1008.3408571428572,725.4571428571428,1
erJVXbaIicU_260-1684,466,1,549.2727272727273,153.6818181818182,214.0,260.0,inside_visible,1000.639,726.571,0
erJVXbaIicU_260-1684,466,2,1051.5,339.3333333333333,195.66666666666677,250.3333333333333,inside_visible,1009.4820714285714,725.1639285714285,1
erJVXbaIicU_260-1684,467,1,549.0909090909091,153.72727272727272,214.0,260.0,inside_visible,1001.639,726.321,0
erJVXbaIicU_260-1684,467,2,1048.75,339.0,195.0,249.5,inside_visible,1010.6232857142855,724.8707142857143,1
erJVXbaIicU_260-1684,468,1,548.9090909090909,153.77272727272728,214.0,260.0,inside_visible,1002.639,726.071,0
erJVXbaIicU_260-1684,468,2,1046.0,338.6666666666667,194.3333333333333,248.66666666666669,inside_visible,1011.7645,724.5775,1
erJVXbaIicU_260-1684,469,1,548.7272727272727,153.8181818181818,214.0,260.0,inside_visible,1007.1723333333332,726.7266666666667,0
erJVXbaIicU_260-1684,469,2,1043.25,338.3333333333333,193.66666666666677,247.8333333333333,inside_visible,1012.9057142857145,724.2842857142857,1
erJVXbaIicU_260-1684,470,1,548.5454545454545,153.86363636363637,214.0,260.0,inside_visible,1011.7056666666668,727.3823333333333,0
erJVXbaIicU_260-1684,470,2,1040.5,338.0,193.0,247.0,inside_visible,1014.0469285714286,723.9910714285714,1
erJVXbaIicU_260-1684,471,1,548.3636363636364,153.9090909090909,214.0,260.0,inside_visible,1016.239,728.038,0
erJVXbaIicU_260-1684,471,2,1037.75,337.6666666666667,192.3333333333333,246.16666666666669,inside_visible,1015.1881428571428,723.6978571428572,1
erJVXbaIicU_260-1684,472,1,548.1818181818181,153.95454545454547,214.0,260.0,inside_visible,1019.939,726.0545,0
erJVXbaIicU_260-1684,472,2,1035.0,337.3333333333333,191.66666666666677,245.3333333333333,inside_visible,1016.3293571428572,723.4046428571428,1
erJVXbaIicU_260-1684,473,1,548.0,154.0,214.0,260.0,inside_visible,1023.639,724.071,0
erJVXbaIicU_260-1684,473,2,1032.25,337.0,191.0,244.5,inside_visible,1017.4705714285716,723.1114285714285,1
erJVXbaIicU_260-1684,474,1,548.7222222222222,153.77777777777777,214.0,260.0,inside_visible,1023.9543,723.8136000000001,0
erJVXbaIicU_260-1684,474,2,1029.5,336.6666666666667,190.3333333333333,243.66666666666669,inside_visible,1018.6117857142856,722.8182142857142,1
erJVXbaIicU_260-1684,475,1,549.4444444444445,153.55555555555554,214.0,260.0,inside_visible,1024.2696,723.5562,0
erJVXbaIicU_260-1684,475,2,1026.75,336.3333333333333,189.66666666666677,242.8333333333333,inside_visible,1019.753,722.525,1
erJVXbaIicU_260-1684,476,1,550.1666666666666,153.33333333333334,214.0,260.0,inside_visible,1024.5849,723.2988,0
erJVXbaIicU_260-1684,476,2,1024.0,336.0,189.0,242.0,inside_visible,1020.9196666666668,721.6083333333333,1
erJVXbaIicU_260-1684,477,1,550.8888888888889,153.11111111111111,214.0,260.0,inside_visible,1024.9002,723.0414,0
erJVXbaIicU_260-1684,477,2,1023.7272727272727,335.6363636363636,188.6363636363635,242.63636363636363,inside_visible,1022.0863333333334,720.6916666666666,1
erJVXbaIicU_260-1684,478,1,551.6111111111111,152.88888888888889,214.0,260.0,inside_visible,1025.2155,722.784,0
erJVXbaIicU_260-1684,478,2,1023.4545454545456,335.27272727272725,188.27272727272725,243.27272727272725,inside_visible,1023.253,719.775,1
erJVXbaIicU_260-1684,479,1,552.3333333333334,152.66666666666666,214.0,260.0,inside_visible,1025.5308,722.5266,0
erJVXbaIicU_260-1684,479,2,1023.181818181818,334.90909090909093,187.90909090909088,243.9090909090909,inside_visible,1024.419666666667,718.8583333333333,1
erJVXbaIicU_260-1684,480,1,553.0555555555555,152.44444444444446,214.0,260.0,inside_visible,1025.8461,722.2692,0
erJVXbaIicU_260-1684,480,2,1022.9090909090908,334.54545454545456,187.54545454545465,244.54545454545456,inside_visible,1025.5863333333334,717.9416666666666,1
erJVXbaIicU_260-1684,481,1,553.7777777777778,152.22222222222223,214.0,260.0,inside_visible,1026.1614,722.0118,0
erJVXbaIicU_260-1684,481,2,1022.6363636363636,334.1818181818182,187.18181818181813,245.1818181818182,inside_visible,1026.753,717.025,1
erJVXbaIicU_260-1684,482,1,554.5,152.0,214.0,260.0,inside_visible,1026.4767,721.7543999999999,0
erJVXbaIicU_260-1684,482,2,1022.3636363636364,333.8181818181818,186.81818181818187,245.8181818181818,inside_visible,1027.919666666667,716.1083333333333,1
erJVXbaIicU_260-1684,483,1,555.2222222222222,151.77777777777777,214.0,260.0,inside_visible,1026.792,721.497,0
erJVXbaIicU_260-1684,483,2,1022.0909090909092,333.45454545454544,186.45454545454535,246.45454545454544,inside_visible,1029.0863333333332,715.1916666666666,1
erJVXbaIicU_260-1684,484,1,555.9444444444445,151.55555555555554,214.0,260.0,inside_visible,1025.374,720.3729999999999,0
erJVXbaIicU_260-1684,484,2,1021.818181818182,333.09090909090907,186.09090909090912,247.0909090909091,inside_visible,1030.253,714.275,1
erJVXbaIicU_260-1684,485,1,556.6666666666666,151.33333333333334,214.0,260.0,inside_visible,1023.956,719.249,0
erJVXbaIicU_260-1684,485,2,1021.5454545454544,332.72727272727275,185.72727272727275,247.72727272727275,inside_visible,1031.419666666667,713.3583333333333,1
erJVXbaIicU_260-1684,486,1,557.3888888888889,151.11111111111111,214.0,260.0,inside_visible,1022.538,718.125,0
erJVXbaIicU_260-1684,486,2,1021.2727272727273,332.3636363636364,185.3636363636365,248.3636363636364,inside_visible,1032.5863333333332,712.4416666666666,1
erJVXbaIicU_260-1684,487,1,558.1111111111111,150.88888888888889,214.0,260.0,inside_visible,1023.5416,715.5278,0
erJVXbaIicU_260-1684,487,2,1021.0,332.0,185.0,249.0,inside_visible,1033.753,711.525,1
erJVXbaIicU_260-1684,488,1,558.8333333333334,150.66666666666666,214.0,260.0,inside_visible,1024.5452,712.9306,0
erJVXbaIicU_260-1684,488,2,1021.4864864864865,331.9189189189189,185.10810810810813,248.83783783783787,inside_visible,1033.419666666667,710.0805555555555,1
erJVXbaIicU_260-1684,489,1,559.5555555555555,150.44444444444446,214.0,260.0,inside_visible,1025.5488,710.3334,0
erJVXbaIicU_260-1684,489,2,1021.972972972973,331.8378378378378,185.2162162162161,248.67567567567573,inside_visible,1033.0863333333332,708.6361111111111,1
erJVXbaIicU_260-1684,490,1,560.2777777777778,150.22222222222223,214.0,260.0,inside_visible,1026.5524,707.7362,0
erJVXbaIicU_260-1684,490,2,1022.4594594594596,331.7567567567568,185.32432432432427,248.51351351351357,inside_visible,1032.753,707.1916666666666,1
erJVXbaIicU_260-1684,491,1,561.0,150.0,214.0,260.0,inside_visible,1027.556,705.139,0
erJVXbaIicU_260-1684,491,2,1022.945945945946,331.6756756756757,185.4324324324324,248.3513513513513,inside_visible,1032.419666666667,705.7472222222221,1
erJVXbaIicU_260-1684,492,1,560.9,149.8,214.0,260.0,inside_visible,1027.556,703.639,0
erJVXbaIicU_260-1684,492,2,1023.4324324324324,331.5945945945946,185.5405405405405,248.1891891891892,inside_visible,1032.0863333333332,704.3027777777778,1
erJVXbaIicU_260-1684,493,1,560.8,149.6,214.0,260.0,inside_visible,1027.556,702.139,0
erJVXbaIicU_260-1684,493,2,1023.918918918919,331.5135135135135,185.64864864864853,248.02702702702703,inside_visible,1031.753,702.8583333333333,1
erJVXbaIicU_260-1684,494,1,560.7,149.4,214.0,260.0,inside_visible,1027.556,700.639,0
erJVXbaIicU_260-1684,494,2,1024.4054054054054,331.43243243243245,185.75675675675663,247.86486486486484,inside_visible,1031.419666666667,701.4138888888889,1
erJVXbaIicU_260-1684,495,1,560.6,149.2,214.0,260.0,inside_visible,1027.556,699.139,0
erJVXbaIicU_260-1684,495,2,1024.891891891892,331.3513513513513,185.8648648648648,247.7027027027027,inside_visible,1031.0863333333332,699.9694444444444,1
erJVXbaIicU_260-1684,496,1,560.5,149.0,214.0,260.0,inside_visible,1027.2597037037035,698.6945555555556,0
erJVXbaIicU_260-1684,496,2,1025.3783783783783,331.27027027027026,185.9729729729729,247.54054054054055,inside_visible,1030.753,698.525,1
erJVXbaIicU_260-1684,497,1,560.4,148.8,214.0,260.0,inside_visible,1026.9634074074074,698.2501111111111,0
erJVXbaIicU_260-1684,497,2,1025.8648648648648,331.1891891891892,186.0810810810813,247.37837837837844,inside_visible,1031.114111111111,697.65,1
erJVXbaIicU_260-1684,498,1,560.3,148.6,214.0,260.0,inside_visible,1026.6671111111111,697.8056666666666,0
erJVXbaIicU_260-1684,498,2,1026.3513513513512,331.1081081081081,186.1891891891894,247.21621621621625,inside_visible,1031.475222222222,696.775,1
erJVXbaIicU_260-1684,499,1,560.2,148.4,214.0,260.0,inside_visible,1026.3708148148148,697.3612222222222,0
erJVXbaIicU_260-1684,499,2,1026.837837837838,331.02702702702703,186.2972972972973,247.054054054054,inside_visible,1031.8363333333332,695.9,1
erJVXbaIicU_260-1684,500,1,560.1,148.2,214.0,260.0,inside_visible,1026.0745185185183,696.9167777777778,0
erJVXbaIicU_260-1684,500,2,1027.3243243243244,330.94594594594594,186.40540540540545,246.89189189189187,inside_visible,1032.1974444444445,695.025,1
erJVXbaIicU_260-1684,501,1,560.0,148.0,214.0,260.0,inside_visible,1025.7782222222222,696.4723333333334,0
erJVXbaIicU_260-1684,501,2,1027.8108108108108,330.86486486486484,186.51351351351357,246.7297297297297,inside_visible,1032.5585555555556,694.15,1
erJVXbaIicU_260-1684,502,1,560.8684210526316,148.3421052631579,214.0,260.0,inside_visible,1025.481925925926,696.0278888888889,0
erJVXbaIicU_260-1684,502,2,1028.2972972972973,330.7837837837838,186.62162162162167,246.56756756756755,inside_visible,1032.919666666667,693.275,1
erJVXbaIicU_260-1684,503,1,561.7368421052631,148.68421052631578,214.0,260.0,inside_visible,1025.1856296296296,695.5834444444445,0
erJVXbaIicU_260-1684,503,2,1028.7837837837835,330.7027027027027,186.7297297297298,246.40540540540545,inside_visible,1033.2807777777778,692.4,1
erJVXbaIicU_260-1684,504,1,562.6052631578947,149.02631578947367,214.0,260.0,inside_visible,1024.8893333333333,695.139,0
erJVXbaIicU_260-1684,504,2,1029.2702702702702,330.6216216216216,186.83783783783792,246.24324324324328,inside_visible,1033.6418888888888,691.525,1
erJVXbaIicU_260-1684,505,1,563.4736842105264,149.3684210526316,214.0,260.0,inside_visible,1024.593037037037,694.6945555555556,0
erJVXbaIicU_260-1684,505,2,1029.7567567567569,330.5405405405405,186.94594594594605,246.08108108108115,inside_visible,1034.003,690.65,1
erJVXbaIicU_260-1684,506,1,564.3421052631579,149.71052631578948,214.0,260.0,inside_visible,1024.2967407407407,694.2501111111111,0
erJVXbaIicU_260-1684,506,2,1030.2432432432431,330.4594594594595,187.05405405405395,245.91891891891885,inside_visible,1033.0332727272726,690.2257272727272,1
erJVXbaIicU_260-1684,507,1,565.2105263157895,150.05263157894737,214.0,260.0,inside_visible,1024.0004444444444,693.8056666666666,0
erJVXbaIicU_260-1684,507,2,1030.7297297297298,330.3783783783784,187.16216216216208,245.75675675675672,inside_visible,1032.0635454545454,689.8014545454545,1
erJVXbaIicU_260-1684,508,1,566.078947368421,150.39473684210526,214.0,260.0,inside_visible,1023.7041481481482,693.3612222222222,0
erJVXbaIicU_260-1684,508,2,1031.2162162162165,330.2972972972973,187.2702702702702,245.59459459459455,inside_visible,1031.093818181818,689.3771818181818,1
erJVXbaIicU_260-1684,509,1,566.9473684210526,150.73684210526315,214.0,260.0,inside_visible,1023.407851851852,692.9167777777778,0
erJVXbaIicU_260-1684,509,2,1031.7027027027027,330.2162162162162,187.37837837837836,245.43243243243245,inside_visible,1030.124090909091,688.9529090909091,1
erJVXbaIicU_260-1684,510,1,567.8157894736842,151.07894736842104,214.0,260.0,inside_visible,1023.1115555555556,692.4723333333334,0
erJVXbaIicU_260-1684,510,2,1032.1891891891892,330.1351351351352,187.48648648648648,245.27027027027023,inside_visible,1029.1543636363635,688.5286363636363,1
erJVXbaIicU_260-1684,511,1,568.6842105263158,151.42105263157896,214.0,260.0,inside_visible,1022.8152592592592,692.0278888888889,0
erJVXbaIicU_260-1684,511,2,1032.6756756756756,330.05405405405406,187.59459459459455,245.10810810810813,inside_visible,1028.1846363636364,688.1043636363636,1
erJVXbaIicU_260-1684,512,1,569.5526315789474,151.76315789473685,214.0,260.0,inside_visible,1022.518962962963,691.5834444444445,0
erJVXbaIicU_260-1684,512,2,1033.162162162162,329.97297297297297,187.7027027027027,244.945945945946,inside_visible,1027.214909090909,687.6800909090908,1
erJVXbaIicU_260-1684,513,1,570.421052631579,152.10526315789474,214.0,260.0,inside_visible,1022.2226666666668,691.139,0
erJVXbaIicU_260-1684,513,2,1033.6486486486488,329.8918918918919,187.8108108108106,244.78378378378372,inside_visible,1026.245181818182,687.2558181818181,1
erJVXbaIicU_260-1684,514,1,571.2894736842105,152.44736842105263,214.0,260.0,inside_visible,1021.9263703703704,690.6945555555556,0
erJVXbaIicU_260-1684,514,2,1034.1351351351352,329.81081081081084,187.91891891891876,244.6216216216216,inside_visible,1025.2754545454543,686.8315454545454,1
erJVXbaIicU_260-1684,515,1,572.1578947368421,152.78947368421052,214.0,260.0,inside_visible,1021.630074074074,690.2501111111111,0
erJVXbaIicU_260-1684,515,2,1034.6216216216217,329.72972972972974,188.0270270270271,244.45945945945945,inside_visible,1024.3057272727274,686.4072727272727,1
erJVXbaIicU_260-1684,516,1,573.0263157894736,153.1315789473684,214.0,260.0,inside_visible,1021.333777777778,689.8056666666666,0
erJVXbaIicU_260-1684,516,2,1035.108108108108,329.64864864864865,188.1351351351352,244.2972972972973,inside_visible,1023.336,685.983,1
erJVXbaIicU_260-1684,517,1,573.8947368421053,153.4736842105263,214.0,260.0,inside_visible,1021.0374814814816,689.3612222222222,0
erJVXbaIicU_260-1684,517,2,1035.5945945945946,329.56756756756755,188.2432432432433,244.1351351351352,inside_visible,1020.8983333333332,684.6496666666666,1
erJVXbaIicU_260-1684,518,1,574.7631578947369,153.81578947368422,214.0,260.0,inside_visible,1020.7411851851851,688.9167777777778,0
erJVXbaIicU_260-1684,518,2,1036.081081081081,329.4864864864865,188.35135135135147,243.97297297297297,inside_visible,1018.4606666666668,683.3163333333333,1
erJVXbaIicU_260-1684,519,1,575.6315789473684,154.1578947368421,214.0,260.0,inside_visible,1020.444888888889,688.4723333333334,0
erJVXbaIicU_260-1684,519,2,1036.5675675675675,329.4054054054054,188.4594594594596,243.81081081081084,inside_visible,1016.023,681.983,1
erJVXbaIicU_260-1684,520,1,576.5,154.5,214.0,260.0,inside_visible,1020.1485925925926,688.0278888888889,0
erJVXbaIicU_260-1684,520,2,1037.054054054054,329.3243243243243,188.5675675675677,243.6486486486487,inside_visible,1010.402,669.9665,1
erJVXbaIicU_260-1684,521,1,577.3684210526316,154.8421052631579,214.0,260.0,inside_visible,1019.8522962962963,687.5834444444445,0
erJVXbaIicU_260-1684,521,2,1037.5405405405406,329.2432432432432,188.6756756756756,243.48648648648648,inside_visible,1004.781,657.95,1
erJVXbaIicU_260-1684,522,1,578.2368421052631,155.18421052631578,214.0,260.0,inside_visible,1019.556,687.139,0
erJVXbaIicU_260-1684,522,2,1038.027027027027,329.1621621621622,188.78378378378372,243.32432432432427,inside_visible,1004.4105,637.0165,1
erJVXbaIicU_260-1684,523,1,579.1052631578947,155.5263157894737,214.0,260.0,gaze_shift,1027.656,667.539,0
erJVXbaIicU_260-1684,523,2,1038.5135135135135,329.0810810810811,188.89189189189187,243.16216216216213,inside_visible,1004.04,616.083,1
erJVXbaIicU_260-1684,524,1,579.9736842105264,155.8684210526316,214.0,260.0,gaze_shift,1035.756,647.939,0
erJVXbaIicU_260-1684,524,2,1039.0,329.0,189.0,243.0,inside_visible,1020.54,606.833,1
erJVXbaIicU_260-1684,525,1,580.8421052631579,156.21052631578948,214.0,260.0,gaze_shift,1043.856,628.339,0
erJVXbaIicU_260-1684,525,2,1041.0,327.5,189.0,242.5,inside_visible,1037.04,597.583,1
erJVXbaIicU_260-1684,526,1,581.7105263157895,156.55263157894737,214.0,260.0,gaze_shift,1051.956,608.739,0
erJVXbaIicU_260-1684,526,2,1043.0,326.0,189.0,242.0,inside_visible,1048.54,606.583,1
erJVXbaIicU_260-1684,527,1,582.578947368421,156.89473684210526,214.0,260.0,gaze_shift,1060.056,589.139,0
erJVXbaIicU_260-1684,527,2,1044.2608695652175,325.5652173913044,189.0,242.0,inside_visible,1057.54,621.083,1
erJVXbaIicU_260-1684,528,1,583.4473684210526,157.23684210526315,214.0,260.0,gaze_shift,1068.156,569.539,0
erJVXbaIicU_260-1684,528,2,1045.5217391304348,325.1304347826087,189.0,242.00000000000009,inside_visible,1060.03,620.4003333333333,1
erJVXbaIicU_260-1684,529,1,584.3157894736842,157.57894736842104,214.0,260.0,gaze_shift,1076.256,549.9390000000001,0
erJVXbaIicU_260-1684,529,2,1046.7826086956522,324.69565217391306,189.0,241.99999999999997,inside_visible,1062.52,619.7176666666667,1
erJVXbaIicU_260-1684,530,1,585.1842105263158,157.92105263157896,214.0,260.0,gaze_shift,1084.356,530.3389999999999,0
erJVXbaIicU_260-1684,530,2,1048.0434782608695,324.2608695652174,189.0,242.0,inside_visible,1065.01,619.035,1
erJVXbaIicU_260-1684,531,1,586.0526315789474,158.26315789473685,214.0,260.0,gaze_shift,1092.456,510.739,0
erJVXbaIicU_260-1684,531,2,1049.304347826087,323.8260869565217,189.0,242.0,inside_visible,1068.61,617.635,1
erJVXbaIicU_260-1684,532,1,586.921052631579,158.60526315789474,214.0,260.0,inside_visible,1100.556,491.139,0
erJVXbaIicU_260-1684,532,2,1050.5652173913045,323.39130434782606,189.0,242.00000000000009,inside_visible,1072.21,616.235,1
erJVXbaIicU_260-1684,533,1,587.7894736842105,158.94736842105263,214.0,260.0,inside_visible,1103.056,492.139,0
erJVXbaIicU_260-1684,533,2,1051.8260869565215,322.95652173913044,189.0,241.99999999999997,inside_visible,1075.81,614.8349999999999,1
erJVXbaIicU_260-1684,534,1,588.6578947368421,159.28947368421052,214.0,260.0,inside_visible,1105.556,493.139,0
erJVXbaIicU_260-1684,534,2,1053.0869565217392,322.5217391304348,189.0,241.99999999999997,inside_visible,1079.41,613.435,1
erJVXbaIicU_260-1684,535,1,589.5263157894736,159.6315789473684,214.0,260.0,inside_visible,1108.056,494.139,0
erJVXbaIicU_260-1684,535,2,1054.3478260869565,322.0869565217391,189.0,242.0,inside_visible,1083.01,612.035,1
erJVXbaIicU_260-1684,536,1,590.3947368421053,159.9736842105263,214.0,260.0,inside_visible,1110.556,495.139,0
erJVXbaIicU_260-1684,536,2,1055.608695652174,321.6521739130435,189.0,242.0,inside_visible,1082.8433333333332,610.535,1
erJVXbaIicU_260-1684,537,1,591.2631578947369,160.31578947368422,214.0,260.0,inside_visible,1113.056,496.139,0
erJVXbaIicU_260-1684,537,2,1056.8695652173913,321.2173913043478,189.0,242.00000000000009,inside_visible,1082.6766666666667,609.035,1
erJVXbaIicU_260-1684,538,1,592.1315789473684,160.6578947368421,214.0,260.0,inside_visible,1115.556,497.139,0
erJVXbaIicU_260-1684,538,2,1058.1304347826087,320.7826086956522,189.0,241.99999999999997,inside_visible,1082.51,607.535,1
erJVXbaIicU_260-1684,539,1,593.0,161.0,214.0,260.0,inside_visible,1118.056,498.139,0
erJVXbaIicU_260-1684,539,2,1059.391304347826,320.3478260869565,189.0,242.0,inside_visible,1083.21,606.635,1
erJVXbaIicU_260-1684,540,1,596.1111111111111,162.77777777777777,214.0,260.0,inside_visible,1120.556,499.139,0
erJVXbaIicU_260-1684,540,2,1060.6521739130435,319.9130434782609,189.0,242.0,inside_visible,1083.91,605.735,1
erJVXbaIicU_260-1684,541,1,599.2222222222222,164.55555555555554,214.0,260.0,inside_visible,1119.880304347826,499.0461739130435,0
erJVXbaIicU_260-1684,541,2,1061.9130434782608,319.4782608695652,189.0,242.00000000000009,inside_visible,1084.61,604.8349999999999,1
erJVXbaIicU_260-1684,542,1,602.3333333333334,166.33333333333334,214.0,260.0,inside_visible,1119.2046086956525,498.9533478260869,0
erJVXbaIicU_260-1684,542,2,1063.1739130434785,319.0434782608696,189.0,242.00000000000009,inside_visible,1085.31,603.935,1
erJVXbaIicU_260-1684,543,1,605.4444444444445,168.11111111111111,214.0,260.0,inside_visible,1118.5289130434785,498.8605217391304,0
erJVXbaIicU_260-1684,543,2,1064.4347826086955,318.60869565217394,189.0,241.99999999999997,inside_visible,1086.01,603.035,1
erJVXbaIicU_260-1684,544,1,608.5555555555555,169.88888888888889,214.0,260.0,inside_visible,1117.8532173913045,498.7676956521739,0
erJVXbaIicU_260-1684,544,2,1065.695652173913,318.17391304347825,189.0,242.0,inside_visible,1086.385,603.8475,1
erJVXbaIicU_260-1684,545,1,611.6666666666666,171.66666666666666,214.0,260.0,inside_visible,1117.1775217391305,498.6748695652174,0
erJVXbaIicU_260-1684,545,2,1066.9565217391305,317.7391304347826,189.0,242.0,inside_visible,1086.76,604.66,1
erJVXbaIicU_260-1684,546,1,614.7777777777778,173.44444444444446,214.0,260.0,inside_visible,1116.5018260869565,498.58204347826086,0
erJVXbaIicU_260-1684,546,2,1068.2173913043478,317.30434782608694,189.0,242.00000000000009,inside_visible,1087.135,605.4725,1
erJVXbaIicU_260-1684,547,1,617.8888888888889,175.22222222222223,214.0,260.0,inside_visible,1115.8261304347827,498.4892173913044,0
erJVXbaIicU_260-1684,547,2,1069.4782608695652,316.8695652173913,189.0,241.99999999999997,inside_visible,1087.51,606.285,1
erJVXbaIicU_260-1684,548,1,621.0,177.0,214.0,260.0,inside_visible,1115.1504347826087,498.39639130434784,0
erJVXbaIicU_260-1684,548,2,1070.7391304347825,316.4347826086956,189.0,242.0,inside_visible,1087.885,607.0975,1
erJVXbaIicU_260-1684,549,1,624.1111111111111,178.77777777777777,214.0,260.0,inside_visible,1114.474739130435,498.30356521739134,0
erJVXbaIicU_260-1684,549,2,1072.0,316.0,189.0,242.0,inside_visible,1088.26,607.91,1
erJVXbaIicU_260-1684,550,1,627.2222222222222,180.55555555555557,214.0,260.0,inside_visible,1113.799043478261,498.2107391304348,0
erJVXbaIicU_260-1684,550,2,1072.428571428571,316.10714285714283,189.5,241.5714285714286,inside_visible,1088.635,608.7225,1
erJVXbaIicU_260-1684,551,1,630.3333333333334,182.33333333333331,214.0,260.0,inside_visible,1113.123347826087,498.1179130434783,0
erJVXbaIicU_260-1684,551,2,1072.857142857143,316.2142857142857,190.0,241.1428571428572,inside_visible,1089.01,609.535,1
erJVXbaIicU_260-1684,552,1,633.4444444444445,184.11111111111111,214.0,260.0,inside_visible,1112.4476521739132,498.02508695652176,0
erJVXbaIicU_260-1684,552,2,1073.2857142857142,316.32142857142856,190.5,240.71428571428575,inside_visible,1088.581428571429,609.3207142857143,1
erJVXbaIicU_260-1684,553,1,636.5555555555555,185.88888888888889,214.0,260.0,inside_visible,1111.7719565217392,497.93226086956525,0
erJVXbaIicU_260-1684,553,2,1073.7142857142858,316.42857142857144,191.0,240.28571428571425,inside_visible,1088.152857142857,609.1064285714285,1
erJVXbaIicU_260-1684,554,1,639.6666666666666,187.66666666666663,214.0,260.0,inside_visible,1111.0962608695652,497.8394347826087,0
erJVXbaIicU_260-1684,554,2,1074.142857142857,316.5357142857143,191.5,239.85714285714283,inside_visible,1087.7242857142858,608.8921428571429,1
erJVXbaIicU_260-1684,555,1,642.7777777777778,189.44444444444449,214.0,260.0,inside_visible,1110.4205652173914,497.7466086956522,0
erJVXbaIicU_260-1684,555,2,1074.571428571429,316.6428571428572,192.0,239.4285714285714,inside_visible,1087.2957142857142,608.6778571428571,1
erJVXbaIicU_260-1684,556,1,645.8888888888889,191.22222222222223,214.0,260.0,inside_visible,1109.7448695652174,497.6537826086957,0
erJVXbaIicU_260-1684,556,2,1075.0,316.75,192.5,239.0,inside_visible,1086.8671428571429,608.4635714285714,1
erJVXbaIicU_260-1684,557,1,649.0,193.0,214.0,260.0,inside_visible,1109.0691739130436,497.5609565217392,0
erJVXbaIicU_260-1684,557,2,1075.428571428571,316.85714285714283,193.0,238.5714285714286,inside_visible,1086.438571428571,608.2492857142856,1
erJVXbaIicU_260-1684,558,1,646.55,191.6,214.0,260.0,inside_visible,1108.3934782608696,497.4681304347826,0
erJVXbaIicU_260-1684,558,2,1075.857142857143,316.9642857142857,193.5,238.1428571428572,inside_visible,1086.01,608.035,1
erJVXbaIicU_260-1684,559,1,644.1,190.2,214.0,260.0,inside_visible,1107.7177826086956,497.3753043478261,0
erJVXbaIicU_260-1684,559,2,1076.2857142857142,317.07142857142856,194.0,237.71428571428575,inside_visible,825.01,696.535,1
erJVXbaIicU_260-1684,560,1,641.65,188.8,214.0,260.0,inside_visible,1107.042086956522,497.2824782608696,0
erJVXbaIicU_260-1684,560,2,1076.7142857142858,317.17857142857144,194.5,237.28571428571425,inside_visible,820.51,698.3683333333333,1
erJVXbaIicU_260-1684,561,1,639.2,187.4,214.0,260.0,inside_visible,1106.366391304348,497.1896521739131,0
erJVXbaIicU_260-1684,561,2,1077.142857142857,317.2857142857143,195.0,236.85714285714283,inside_visible,816.01,700.2016666666666,1
erJVXbaIicU_260-1684,562,1,636.75,186.0,214.0,260.0,inside_visible,1105.690695652174,497.0968260869565,0
erJVXbaIicU_260-1684,562,2,1077.571428571429,317.3928571428572,195.5,236.4285714285714,inside_visible,811.51,702.035,1
erJVXbaIicU_260-1684,563,1,634.3,184.6,214.0,260.0,inside_visible,1105.015,497.004,0
erJVXbaIicU_260-1684,563,2,1078.0,317.5,196.0,236.0,inside_visible,810.7933,700.6183,1
erJVXbaIicU_260-1684,564,1,631.85,183.2,214.0,260.0,inside_visible,1104.3393571428574,494.7279285714286,0
erJVXbaIicU_260-1684,564,2,1078.428571428571,317.60714285714283,196.5,235.5714285714286,inside_visible,810.0766,699.2016,1
erJVXbaIicU_260-1684,565,1,629.4,181.8,214.0,260.0,inside_visible,1103.6637142857144,492.45185714285714,0
erJVXbaIicU_260-1684,565,2,1078.857142857143,317.7142857142857,197.0,235.1428571428572,inside_visible,809.3598999999999,697.7849,1
erJVXbaIicU_260-1684,566,1,626.95,180.4,214.0,260.0,inside_visible,1102.9880714285714,490.1757857142857,0
erJVXbaIicU_260-1684,566,2,1079.2857142857142,317.82142857142856,197.5,234.71428571428575,inside_visible,808.6432,696.3682,1
erJVXbaIicU_260-1684,567,1,624.5,179.0,214.0,260.0,inside_visible,1102.3124285714289,487.8997142857143,0
erJVXbaIicU_260-1684,567,2,1079.7142857142858,317.92857142857144,198.0,234.28571428571425,inside_visible,807.9265,694.9515,1
erJVXbaIicU_260-1684,568,1,622.05,177.6,214.0,260.0,inside_visible,1101.636785714286,485.6236428571429,0
erJVXbaIicU_260-1684,568,2,1080.142857142857,318.0357142857143,198.5,233.85714285714283,inside_visible,807.2098,693.5348,1
erJVXbaIicU_260-1684,569,1,619.6,176.2,214.0,260.0,inside_visible,1100.961142857143,483.3475714285714,0
erJVXbaIicU_260-1684,569,2,1080.571428571429,318.1428571428572,199.0,233.4285714285714,inside_visible,806.4930999999999,692.1181,1
erJVXbaIicU_260-1684,570,1,617.15,174.8,214.0,260.0,inside_visible,1100.2855,481.0715,0
erJVXbaIicU_260-1684,570,2,1081.0,318.25,199.5,233.0,inside_visible,805.7764,690.7014,1
erJVXbaIicU_260-1684,571,1,614.7,173.4,214.0,260.0,inside_visible,1099.6098571428572,478.7954285714286,0
erJVXbaIicU_260-1684,571,2,1081.428571428571,318.35714285714283,200.0,232.5714285714286,inside_visible,805.0597,689.2847,1
erJVXbaIicU_260-1684,572,1,612.25,172.0,214.0,260.0,inside_visible,1098.9342142857142,476.51935714285713,0
erJVXbaIicU_260-1684,572,2,1081.857142857143,318.4642857142857,200.5,232.1428571428572,inside_visible,804.343,687.868,1
erJVXbaIicU_260-1684,573,1,609.8,170.6,214.0,260.0,inside_visible,1098.2585714285717,474.2432857142857,0
erJVXbaIicU_260-1684,573,2,1082.2857142857142,318.57142857142856,201.0,231.71428571428575,gaze_shift,797.7596666666666,630.4513333333334,1
erJVXbaIicU_260-1684,574,1,607.35,169.2,214.0,260.0,inside_visible,1097.5829285714285,471.9672142857143,0
erJVXbaIicU_260-1684,574,2,1082.7142857142858,318.67857142857144,201.5,231.28571428571425,gaze_shift,791.1763333333333,573.0346666666667,1
erJVXbaIicU_260-1684,575,1,604.9,167.8,214.0,260.0,inside_visible,1096.9072857142858,469.6911428571429,0
erJVXbaIicU_260-1684,575,2,1083.142857142857,318.7857142857143,202.0,230.85714285714283,gaze_shift,784.593,515.618,1
erJVXbaIicU_260-1684,576,1,602.45,166.4,214.0,260.0,inside_visible,1096.231642857143,467.4150714285714,0
erJVXbaIicU_260-1684,576,2,1083.571428571429,318.8928571428572,202.5,230.4285714285714,gaze_shift,778.0096666666666,458.20133333333337,1
erJVXbaIicU_260-1684,577,1,600.0,165.0,214.0,260.0,inside_visible,1095.556,465.139,0
erJVXbaIicU_260-1684,577,2,1084.0,319.0,203.0,230.0,gaze_shift,771.4263333333333,400.7846666666667,1
erJVXbaIicU_260-1684,578,1,599.2857142857143,164.42857142857142,214.0,259.4761904761905,inside_visible,1096.3853636363638,461.722,0
erJVXbaIicU_260-1684,578,2,1080.5,318.5,203.0,230.0,inside_visible,764.843,343.368,1
erJVXbaIicU_260-1684,579,1,598.5714285714286,163.85714285714286,214.0,258.95238095238096,inside_visible,1097.2147272727273,458.305,0
erJVXbaIicU_260-1684,579,2,1077.0,318.0,203.0,230.0,inside_visible,762.7096,340.968,1
erJVXbaIicU_260-1684,580,1,597.8571428571429,163.28571428571428,214.0,258.42857142857144,inside_visible,1098.044090909091,454.888,0
erJVXbaIicU_260-1684,580,2,1078.428571428571,316.2857142857143,203.0,230.00000000000009,inside_visible,760.5762,338.568,1
erJVXbaIicU_260-1684,581,1,597.1428571428571,162.71428571428572,214.0,257.90476190476187,inside_visible,1098.8734545454547,451.471,0
erJVXbaIicU_260-1684,581,2,1079.857142857143,314.57142857142856,203.0,230.0,inside_visible,758.4428,336.168,1
erJVXbaIicU_260-1684,582,1,596.4285714285714,162.14285714285714,214.0,257.3809523809524,inside_visible,1099.7028181818182,448.054,0
erJVXbaIicU_260-1684,582,2,1081.2857142857142,312.85714285714283,203.0,230.00000000000009,inside_visible,756.3094,333.768,1
erJVXbaIicU_260-1684,583,1,595.7142857142857,161.57142857142858,214.0,256.8571428571429,inside_visible,1100.532181818182,444.637,0
erJVXbaIicU_260-1684,583,2,1082.7142857142858,311.1428571428572,203.0,229.99999999999997,inside_visible,754.176,331.368,1
erJVXbaIicU_260-1684,584,1,595.0,161.0,214.0,256.3333333333333,inside_visible,1101.3615454545454,441.22,0
erJVXbaIicU_260-1684,584,2,1084.142857142857,309.42857142857144,203.0,230.0,inside_visible,756.0301875,330.6075625,1
erJVXbaIicU_260-1684,585,1,594.2857142857143,160.42857142857142,214.0,255.80952380952385,inside_visible,1102.1909090909091,437.803,0
erJVXbaIicU_260-1684,585,2,1085.571428571429,307.7142857142857,203.0,229.99999999999997,inside_visible,757.8843750000001,329.847125,1
erJVXbaIicU_260-1684,586,1,593.5714285714286,159.85714285714286,214.0,255.2857142857143,inside_visible,1103.0202727272729,434.386,0
erJVXbaIicU_260-1684,586,2,1087.0,306.0,203.0,230.0,inside_visible,759.7385625000001,329.0866875,1
erJVXbaIicU_260-1684,587,1,592.8571428571429,159.28571428571428,214.0,254.7619047619048,inside_visible,1103.8496363636364,430.9690000000001,0
erJVXbaIicU_260-1684,587,2,1088.6,302.8,203.0,229.99999999999997,inside_visible,761.59275,328.32625,1
erJVXbaIicU_260-1684,588,1,592.1428571428571,158.71428571428572,214.0,254.23809523809524,inside_visible,1104.679,427.552,0
erJVXbaIicU_260-1684,588,2,1090.2,299.6,203.0,230.0,inside_visible,763.4469375,327.5658125,1
erJVXbaIicU_260-1684,589,1,591.4285714285714,158.14285714285714,214.0,253.7142857142857,inside_visible,1064.2623333333331,422.1115,0
erJVXbaIicU_260-1684,589,2,1091.8,296.4,203.0,230.0,inside_visible,765.301125,326.805375,1
erJVXbaIicU_260-1684,590,1,590.7142857142857,157.57142857142858,214.0,253.19047619047615,inside_visible,1023.8456666666668,416.671,0
erJVXbaIicU_260-1684,590,2,1093.4,293.2,203.0,230.00000000000009,inside_visible,767.1553125,326.0449375,1
erJVXbaIicU_260-1684,591,1,590.0,157.0,214.0,252.66666666666669,inside_visible,983.429,411.2305,0
erJVXbaIicU_260-1684,591,2,1095.0,290.0,203.0,230.0,inside_visible,769.0095,325.2845,1
erJVXbaIicU_260-1684,592,1,589.2857142857143,156.42857142857142,214.0,252.14285714285717,inside_visible,943.0123333333332,405.79,0
erJVXbaIicU_260-1684,592,2,1093.5,288.0,203.5,229.375,inside_visible,770.8636875,324.5240625,1
erJVXbaIicU_260-1684,593,1,588.5714285714286,155.85714285714286,214.0,251.6190476190476,inside_visible,902.5956666666666,400.3495,0
erJVXbaIicU_260-1684,593,2,1092.0,286.0,204.0,228.75,inside_visible,772.717875,323.763625,1
erJVXbaIicU_260-1684,594,1,587.8571428571429,155.28571428571428,214.0,251.09523809523813,inside_visible,862.179,394.909,0
erJVXbaIicU_260-1684,594,2,1090.5,284.0,204.5,228.125,inside_visible,774.5720625,323.0031875,1
erJVXbaIicU_260-1684,595,1,587.1428571428571,154.71428571428572,214.0,250.57142857142856,inside_visible,854.179,382.052,0
erJVXbaIicU_260-1684,595,2,1089.0,282.0,205.0,227.5,inside_visible,776.42625,322.24275,1
erJVXbaIicU_260-1684,596,1,586.4285714285714,154.14285714285714,214.0,250.0476190476191,inside_visible,847.193,368.587,0
erJVXbaIicU_260-1684,596,2,1087.5,280.0,205.5,226.875,inside_visible,778.2804375,321.48231250000003,1
erJVXbaIicU_260-1684,597,1,585.7142857142857,153.57142857142858,214.0,249.5238095238095,inside_visible,840.207,355.122,0
erJVXbaIicU_260-1684,597,2,1086.0,278.0,206.0,226.25,inside_visible,780.1346249999999,320.721875,1
erJVXbaIicU_260-1684,598,1,585.0,153.0,214.0,249.0,inside_visible,836.2755,347.7985,0
erJVXbaIicU_260-1684,598,2,1084.5,276.0,206.5,225.625,inside_visible,781.9888125,319.96143750000005,1
erJVXbaIicU_260-1684,599,1,585.2597402597403,152.9090909090909,214.0,249.0909090909091,inside_visible,832.344,340.475,0
erJVXbaIicU_260-1684,599,2,1083.0,274.0,207.0,225.0,inside_visible,783.843,319.201,1
erJVXbaIicU_260-1684,600,1,585.5194805194806,152.8181818181818,214.0,249.1818181818182,eyes_closed,828.6437500000001,338.00775,0
erJVXbaIicU_260-1684,600,2,1083.357142857143,273.7857142857143,207.42857142857133,224.3571428571429,inside_visible,783.7596666666666,319.1871111111111,1
erJVXbaIicU_260-1684,601,1,585.7792207792207,152.72727272727272,214.0,249.27272727272728,eyes_closed,824.9435000000001,335.5405,0
erJVXbaIicU_260-1684,601,2,1083.7142857142858,273.57142857142856,207.8571428571429,223.7142857142857,inside_visible,783.6763333333333,319.17322222222225,1
erJVXbaIicU_260-1684,602,1,586.038961038961,152.63636363636363,214.0,249.3636363636364,eyes_closed,821.24325,333.07325000000003,0
erJVXbaIicU_260-1684,602,2,1084.071428571429,273.35714285714283,208.28571428571425,223.0714285714286,inside_visible,783.593,319.15933333333334,1
erJVXbaIicU_260-1684,603,1,586.2987012987013,152.54545454545453,214.0,249.45454545454547,inside_visible,817.543,330.606,0
erJVXbaIicU_260-1684,603,2,1084.428571428571,273.1428571428572,208.71428571428575,222.4285714285714,inside_visible,783.5096666666666,319.1454444444445,1
erJVXbaIicU_260-1684,604,1,586.5584415584416,152.45454545454547,214.0,249.54545454545453,inside_visible,1101.585,385.962,0
erJVXbaIicU_260-1684,604,2,1084.7857142857142,272.92857142857144,209.1428571428571,221.78571428571428,inside_visible,783.4263333333333,319.1315555555556,1
erJVXbaIicU_260-1684,605,1,586.8181818181819,152.36363636363637,214.0,249.63636363636363,inside_visible,1101.6187741935485,385.93925806451614,0
erJVXbaIicU_260-1684,605,2,1085.142857142857,272.7142857142857,209.57142857142867,221.1428571428571,inside_visible,783.343,319.1176666666667,1
erJVXbaIicU_260-1684,606,1,587.077922077922,152.27272727272728,214.0,249.72727272727272,inside_visible,1101.6525483870969,385.9165161290322,0
erJVXbaIicU_260-1684,606,2,1085.5,272.5,210.0,220.5,inside_visible,783.2596666666666,319.1037777777778,1
erJVXbaIicU_260-1684,607,1,587.3376623376623,152.1818181818182,214.0,249.8181818181818,inside_visible,1101.6863225806453,385.8937741935484,0
erJVXbaIicU_260-1684,607,2,1085.857142857143,272.2857142857143,210.42857142857133,219.8571428571429,inside_visible,783.1763333333333,319.08988888888894,1
erJVXbaIicU_260-1684,608,1,587.5974025974026,152.0909090909091,214.0,249.9090909090909,inside_visible,1101.7200967741935,385.8710322580645,0
erJVXbaIicU_260-1684,608,2,1086.2142857142858,272.07142857142856,210.8571428571429,219.2142857142857,inside_visible,783.093,319.076,1
erJVXbaIicU_260-1684,609,1,587.8571428571429,152.0,214.0,250.0,inside_visible,1101.753870967742,385.8482903225806,0
erJVXbaIicU_260-1684,609,2,1086.571428571429,271.85714285714283,211.28571428571425,218.5714285714286,inside_visible,783.0096666666666,319.0621111111111,1
erJVXbaIicU_260-1684,610,1,588.1168831168832,151.9090909090909,214.0,250.0909090909091,inside_visible,1101.7876451612904,385.8255483870968,0
erJVXbaIicU_260-1684,610,2,1086.928571428571,271.6428571428572,211.71428571428575,217.9285714285714,inside_visible,782.9263333333333,319.04822222222225,1
erJVXbaIicU_260-1684,611,1,588.3766233766233,151.8181818181818,214.0,250.1818181818182,inside_visible,1101.8214193548388,385.8028064516129,0
erJVXbaIicU_260-1684,611,2,1087.2857142857142,271.42857142857144,212.1428571428571,217.28571428571428,inside_visible,782.843,319.03433333333334,1
erJVXbaIicU_260-1684,612,1,588.6363636363636,151.72727272727272,214.0,250.27272727272728,inside_visible,1101.8551935483872,385.780064516129,0
erJVXbaIicU_260-1684,612,2,1087.642857142857,271.2142857142857,212.57142857142867,216.6428571428571,inside_visible,782.7596666666666,319.0204444444445,1
erJVXbaIicU_260-1684,613,1,588.8961038961039,151.63636363636363,214.0,250.3636363636364,inside_visible,1101.8889677419356,385.7573225806452,0
erJVXbaIicU_260-1684,613,2,1088.0,271.0,213.0,216.0,inside_visible,782.6763333333333,319.0065555555556,1
erJVXbaIicU_260-1684,614,1,589.1558441558442,151.54545454545453,214.0,250.45454545454547,inside_visible,1101.9227419354838,385.73458064516126,0
erJVXbaIicU_260-1684,614,2,1087.7,271.1,213.0,215.79999999999995,inside_visible,782.593,318.9926666666667,1
erJVXbaIicU_260-1684,615,1,589.4155844155844,151.45454545454547,214.0,250.54545454545453,inside_visible,1101.9565161290325,385.7118387096774,0
erJVXbaIicU_260-1684,615,2,1087.4,271.2,213.0,215.6,inside_visible,782.5096666666666,318.9787777777778,1
erJVXbaIicU_260-1684,616,1,589.6753246753246,151.36363636363637,214.0,250.63636363636363,inside_visible,1101.990290322581,385.6890967741936,0
erJVXbaIicU_260-1684,616,2,1087.1,271.3,213.0,215.4,inside_visible,782.4263333333333,318.96488888888894,1
erJVXbaIicU_260-1684,617,1,589.9350649350649,151.27272727272728,214.0,250.72727272727272,inside_visible,1102.024064516129,385.6663548387097,0
erJVXbaIicU_260-1684,617,2,1086.8,271.4,213.0,215.20000000000005,inside_visible,782.343,318.951,1
erJVXbaIicU_260-1684,618,1,590.1948051948052,151.1818181818182,214.0,250.8181818181818,inside_visible,1102.0578387096775,385.6436129032258,0
erJVXbaIicU_260-1684,618,2,1086.5,271.5,213.0,215.0,inside_visible,782.2596666666666,318.9371111111111,1
erJVXbaIicU_260-1684,619,1,590.4545454545455,151.0909090909091,214.0,250.9090909090909,inside_visible,1102.091612903226,385.620870967742,0
erJVXbaIicU_260-1684,619,2,1086.2,271.6,213.0,214.79999999999995,inside_visible,782.1763333333333,318.92322222222225,1
erJVXbaIicU_260-1684,620,1,590.7142857142857,151.0,214.0,251.0,inside_visible,1102.125387096774,385.5981290322581,0
erJVXbaIicU_260-1684,620,2,1085.9,271.7,213.0,214.6,inside_visible,782.093,318.90933333333334,1
erJVXbaIicU_260-1684,621,1,590.974025974026,150.9090909090909,214.0,251.0909090909091,inside_visible,1102.1591612903226,385.5753870967742,0
erJVXbaIicU_260-1684,621,2,1085.6,271.8,213.0,214.4,inside_visible,782.0096666666666,318.8954444444445,1
erJVXbaIicU_260-1684,622,1,591.2337662337662,150.8181818181818,214.0,251.1818181818182,inside_visible,1102.192935483871,385.5526451612904,0
erJVXbaIicU_260-1684,622,2,1085.3,271.9,213.0,214.20000000000005,inside_visible,781.9263333333333,318.8815555555556,1
erJVXbaIicU_260-1684,623,1,591.4935064935065,150.72727272727272,214.0,251.27272727272728,inside_visible,1102.2267096774194,385.5299032258064,0
erJVXbaIicU_260-1684,623,2,1085.0,272.0,213.0,214.0,inside_visible,781.843,318.8676666666667,1
erJVXbaIicU_260-1684,624,1,591.7532467532468,150.63636363636363,214.0,251.3636363636364,inside_visible,1102.2604838709678,385.5071612903226,0
erJVXbaIicU_260-1684,624,2,1084.9166666666667,272.3333333333333,213.0,213.75,inside_visible,781.7596666666666,318.8537777777778,1
erJVXbaIicU_260-1684,625,1,592.012987012987,150.54545454545453,214.0,251.45454545454547,inside_visible,1102.2942580645165,385.48441935483874,0
erJVXbaIicU_260-1684,625,2,1084.8333333333333,272.6666666666667,213.0,213.5,inside_visible,781.6763333333333,318.83988888888894,1
erJVXbaIicU_260-1684,626,1,592.2727272727273,150.45454545454547,214.0,251.54545454545453,inside_visible,1102.3280322580645,385.4616774193548,0
erJVXbaIicU_260-1684,626,2,1084.75,273.0,213.0,213.25,inside_visible,781.593,318.826,1
erJVXbaIicU_260-1684,627,1,592.5324675324675,150.36363636363637,214.0,251.63636363636363,inside_visible,1102.361806451613,385.438935483871,0
erJVXbaIicU_260-1684,627,2,1084.6666666666667,273.3333333333333,213.0,213.0,inside_visible,781.5096666666666,318.8121111111111,1
erJVXbaIicU_260-1684,628,1,592.7922077922078,150.27272727272728,214.0,251.72727272727272,inside_visible,1102.395580645161,385.4161935483871,0
erJVXbaIicU_260-1684,628,2,1084.5833333333333,273.6666666666667,213.0,212.75,inside_visible,781.4263333333333,318.79822222222225,1
erJVXbaIicU_260-1684,629,1,593.0519480519481,150.1818181818182,214.0,251.8181818181818,inside_visible,1102.4293548387095,385.3934516129032,0
erJVXbaIicU_260-1684,629,2,1084.5,274.0,213.0,212.5,inside_visible,781.343,318.78433333333334,1
erJVXbaIicU_260-1684,630,1,593.3116883116883,150.0909090909091,214.0,251.9090909090909,inside_visible,1102.4631290322582,385.37070967741937,0
erJVXbaIicU_260-1684,630,2,1084.4166666666667,274.3333333333333,213.0,212.25,inside_visible,781.2596666666666,318.7704444444445,1
erJVXbaIicU_260-1684,631,1,593.5714285714286,150.0,214.0,252.0,inside_visible,1102.4969032258066,385.34796774193546,0
erJVXbaIicU_260-1684,631,2,1084.3333333333333,274.6666666666667,213.0,212.0,inside_visible,781.1763333333333,318.7565555555556,1
erJVXbaIicU_260-1684,632,1,593.8311688311688,149.9090909090909,214.0,252.0909090909091,inside_visible,1102.5306774193548,385.3252258064516,0
erJVXbaIicU_260-1684,632,2,1084.25,275.0,213.0,211.75,inside_visible,781.093,318.7426666666667,1
erJVXbaIicU_260-1684,633,1,594.0909090909091,149.8181818181818,214.0,252.1818181818182,inside_visible,1102.5644516129032,385.30248387096776,0
erJVXbaIicU_260-1684,633,2,1084.1666666666667,275.3333333333333,213.0,211.5,inside_visible,781.0096666666666,318.7287777777778,1
erJVXbaIicU_260-1684,634,1,594.3506493506494,149.72727272727272,214.0,252.27272727272728,inside_visible,1102.5982258064516,385.2797419354839,0
erJVXbaIicU_260-1684,634,2,1084.0833333333333,275.6666666666667,213.0,211.25,inside_visible,780.9263333333333,318.71488888888894,1
erJVXbaIicU_260-1684,635,1,594.6103896103896,149.63636363636363,214.0,252.3636363636364,inside_visible,1102.632,385.257,0
erJVXbaIicU_260-1684,635,2,1084.0,276.0,213.0,211.0,inside_visible,780.843,318.701,1
erJVXbaIicU_260-1684,636,1,594.8701298701299,149.54545454545453,214.0,252.45454545454547,inside_visible,1102.6657741935485,385.23425806451615,0
erJVXbaIicU_260-1684,636,2,1084.111111111111,276.0,212.96296296296305,210.7407407407408,inside_visible,781.0096666666666,318.5105238095238,1
erJVXbaIicU_260-1684,637,1,595.1298701298701,149.45454545454547,214.0,252.54545454545453,inside_visible,1102.699548387097,385.21151612903225,0
erJVXbaIicU_260-1684,637,2,1084.2222222222222,276.0,212.92592592592587,210.48148148148147,inside_visible,781.1763333333333,318.3200476190476,1
erJVXbaIicU_260-1684,638,1,595.3896103896104,149.36363636363637,214.0,252.63636363636363,inside_visible,1102.733322580645,385.1887741935484,0
erJVXbaIicU_260-1684,638,2,1084.3333333333333,276.0,212.8888888888889,210.22222222222223,inside_visible,781.343,318.12957142857147,1
erJVXbaIicU_260-1684,639,1,595.6493506493506,149.27272727272728,214.0,252.72727272727272,inside_visible,1102.7670967741935,385.16603225806455,0
erJVXbaIicU_260-1684,639,2,1084.4444444444443,276.0,212.851851851852,209.962962962963,inside_visible,781.5096666666666,317.93909523809526,1
erJVXbaIicU_260-1684,640,1,595.9090909090909,149.1818181818182,214.0,252.8181818181818,inside_visible,1102.800870967742,385.14329032258064,0
erJVXbaIicU_260-1684,640,2,1084.5555555555557,276.0,212.8148148148148,209.7037037037037,inside_visible,781.6763333333333,317.74861904761906,1
erJVXbaIicU_260-1684,641,1,596.1688311688312,149.0909090909091,214.0,252.9090909090909,inside_visible,1102.8346451612904,385.1205483870968,0
erJVXbaIicU_260-1684,641,2,1084.6666666666667,276.0,212.7777777777776,209.44444444444449,inside_visible,781.843,317.55814285714285,1
erJVXbaIicU_260-1684,642,1,596.4285714285714,149.0,214.0,253.0,inside_visible,1102.8684193548388,385.09780645161294,0
erJVXbaIicU_260-1684,642,2,1084.7777777777778,276.0,212.74074074074065,209.1851851851852,inside_visible,782.0096666666666,317.3676666666667,1
erJVXbaIicU_260-1684,643,1,596.6883116883117,148.9090909090909,214.0,253.0909090909091,inside_visible,1102.9021935483872,385.075064516129,0
erJVXbaIicU_260-1684,643,2,1084.888888888889,276.0,212.7037037037037,208.92592592592592,inside_visible,782.1763333333333,317.1771904761905,1
erJVXbaIicU_260-1684,644,1,596.9480519480519,148.8181818181818,214.0,253.1818181818182,inside_visible,1102.9359677419357,385.0523225806452,0
erJVXbaIicU_260-1684,644,2,1085.0,276.0,212.66666666666677,208.66666666666669,inside_visible,782.343,316.9867142857143,1
erJVXbaIicU_260-1684,645,1,597.2077922077922,148.72727272727272,214.0,253.27272727272728,inside_visible,1102.969741935484,385.0295806451613,0
erJVXbaIicU_260-1684,645,2,1085.111111111111,276.0,212.6296296296296,208.4074074074074,inside_visible,782.5096666666666,316.7962380952381,1
erJVXbaIicU_260-1684,646,1,597.4675324675325,148.63636363636363,214.0,253.3636363636364,inside_visible,1103.0035161290325,385.0068387096774,0
erJVXbaIicU_260-1684,646,2,1085.2222222222222,276.0,212.5925925925926,208.14814814814812,inside_visible,782.6763333333333,316.60576190476195,1
erJVXbaIicU_260-1684,647,1,597.7272727272727,148.54545454545453,214.0,253.45454545454547,inside_visible,1103.0372903225807,384.9840967741936,0
erJVXbaIicU_260-1684,647,2,1085.3333333333333,276.0,212.55555555555569,207.8888888888889,inside_visible,782.843,316.41528571428574,1
erJVXbaIicU_260-1684,648,1,597.987012987013,148.45454545454547,214.0,253.54545454545453,inside_visible,1103.0710645161291,384.96135483870967,0
erJVXbaIicU_260-1684,648,2,1085.4444444444443,276.0,212.5185185185187,207.6296296296296,inside_visible,783.0096666666666,316.22480952380954,1
erJVXbaIicU_260-1684,649,1,598.2467532467532,148.36363636363637,214.0,253.63636363636363,inside_visible,1103.1048387096776,384.9386129032258,0
erJVXbaIicU_260-1684,649,2,1085.5555555555557,276.0,212.4814814814813,207.3703703703704,inside_visible,783.1763333333333,316.03433333333334,1
erJVXbaIicU_260-1684,650,1,598.5064935064935,148.27272727272728,214.0,253.72727272727272,inside_visible,1103.138612903226,384.915870967742,0
erJVXbaIicU_260-1684,650,2,1085.6666666666667,276.0,212.44444444444437,207.1111111111111,inside_visible,783.343,315.8438571428572,1
erJVXbaIicU_260-1684,651,1,598.7662337662338,148.1818181818182,214.0,253.8181818181818,inside_visible,1103.1723870967742,384.89312903225806,0
erJVXbaIicU_260-1684,651,2,1085.7777777777778,276.0,212.4074074074074,206.85185185185185,inside_visible,783.5096666666666,315.653380952381,1
erJVXbaIicU_260-1684,652,1,599.025974025974,148.0909090909091,214.0,253.9090909090909,inside_visible,1103.2061612903226,384.8703870967742,0
erJVXbaIicU_260-1684,652,2,1085.888888888889,276.0,212.37037037037044,206.5925925925926,inside_visible,783.6763333333333,315.4629047619048,1
erJVXbaIicU_260-1684,653,1,599.2857142857143,148.0,214.0,254.0,inside_visible,1103.239935483871,384.8476451612904,0
erJVXbaIicU_260-1684,653,2,1086.0,276.0,212.3333333333333,206.3333333333333,inside_visible,783.843,315.2724285714286,1
erJVXbaIicU_260-1684,654,1,599.5454545454545,147.9090909090909,214.0,254.0909090909091,inside_visible,1103.2737096774194,384.82490322580645,0
erJVXbaIicU_260-1684,654,2,1086.111111111111,276.0,212.2962962962963,206.07407407407408,inside_visible,784.0096666666666,315.08195238095243,1
erJVXbaIicU_260-1684,655,1,599.8051948051948,147.8181818181818,214.0,254.1818181818182,inside_visible,1103.307483870968,384.8021612903226,0
erJVXbaIicU_260-1684,655,2,1086.2222222222222,276.0,212.25925925925932,205.81481481481484,inside_visible,784.1763333333333,314.8914761904762,1
erJVXbaIicU_260-1684,656,1,600.0649350649351,147.72727272727272,214.0,254.27272727272728,inside_visible,1103.3412580645163,384.7794193548388,0
erJVXbaIicU_260-1684,656,2,1086.3333333333333,276.0,212.2222222222224,205.55555555555557,inside_visible,784.343,314.701,1
erJVXbaIicU_260-1684,657,1,600.3246753246754,147.63636363636363,214.0,254.3636363636364,inside_visible,1103.3750322580645,384.7566774193549,0
erJVXbaIicU_260-1684,657,2,1086.4444444444443,276.0,212.1851851851852,205.2962962962963,inside_visible,785.1763333333333,313.8676666666667,1
erJVXbaIicU_260-1684,658,1,600.5844155844156,147.54545454545453,214.0,254.45454545454547,inside_visible,1103.408806451613,384.733935483871,0
erJVXbaIicU_260-1684,658,2,1086.5555555555557,276.0,212.14814814814804,205.037037037037,inside_visible,786.0096666666666,313.03433333333334,1
erJVXbaIicU_260-1684,659,1,600.8441558441558,147.45454545454547,214.0,254.54545454545453,inside_visible,1103.4425806451611,384.7111935483871,0
erJVXbaIicU_260-1684,659,2,1086.6666666666667,276.0,212.1111111111111,204.77777777777777,inside_visible,786.843,312.201,1
erJVXbaIicU_260-1684,660,1,601.1038961038961,147.36363636363637,214.0,254.63636363636363,inside_visible,1103.4763548387098,384.6884516129032,0
erJVXbaIicU_260-1684,660,2,1086.7777777777778,276.0,212.07407407407413,204.51851851851853,inside_visible,787.6763333333333,311.3676666666667,1
erJVXbaIicU_260-1684,661,1,601.3636363636364,147.27272727272728,214.0,254.72727272727272,inside_visible,1103.5101290322582,384.6657096774194,0
erJVXbaIicU_260-1684,661,2,1086.888888888889,276.0,212.03703703703692,204.25925925925924,inside_visible,788.5096666666666,310.53433333333334,1
erJVXbaIicU_260-1684,662,1,601.6233766233767,147.1818181818182,214.0,254.8181818181818,inside_visible,1103.5439032258066,384.6429677419355,0
erJVXbaIicU_260-1684,662,2,1087.0,276.0,212.0,204.0,inside_visible,789.343,309.701,1
erJVXbaIicU_260-1684,663,1,601.8831168831168,147.0909090909091,214.0,254.9090909090909,inside_visible,1103.5776774193548,384.6202258064516,0
erJVXbaIicU_260-1684,663,2,1086.75,276.0,212.0,203.75,inside_visible,788.7429999999999,311.351,1
erJVXbaIicU_260-1684,664,1,602.1428571428571,147.0,214.0,255.0,inside_visible,1103.6114516129032,384.5974838709678,0
erJVXbaIicU_260-1684,664,2,1086.5,276.0,212.0,203.5,inside_visible,788.1429999999999,313.00100000000003,1
erJVXbaIicU_260-1684,665,1,602.4025974025974,146.9090909090909,214.0,255.0909090909091,inside_visible,1103.6452258064517,384.5747419354839,0
erJVXbaIicU_260-1684,665,2,1086.25,276.0,212.0,203.25,inside_visible,787.543,314.651,1
erJVXbaIicU_260-1684,666,1,602.6623376623377,146.8181818181818,214.0,255.1818181818182,inside_visible,1103.679,384.552,0
erJVXbaIicU_260-1684,666,2,1086.0,276.0,212.0,203.0,inside_visible,786.943,316.30100000000004,1
erJVXbaIicU_260-1684,667,1,602.922077922078,146.72727272727272,214.0,255.27272727272728,inside_visible,1105.1496666666667,385.807,0
erJVXbaIicU_260-1684,667,2,1086.8235294117646,276.05882352941177,212.0,202.8235294117647,inside_visible,786.343,317.951,1
erJVXbaIicU_260-1684,668,1,603.1818181818181,146.63636363636363,214.0,255.3636363636364,inside_visible,1106.6203333333333,387.062,0
erJVXbaIicU_260-1684,668,2,1087.6470588235295,276.11764705882354,212.0,202.6470588235294,inside_visible,785.7429999999999,319.601,1
erJVXbaIicU_260-1684,669,1,603.4415584415584,146.54545454545453,214.0,255.45454545454547,inside_visible,1108.091,388.317,0
erJVXbaIicU_260-1684,669,2,1088.470588235294,276.1764705882353,212.0,202.4705882352941,inside_visible,785.1429999999999,321.25100000000003,1
erJVXbaIicU_260-1684,670,1,603.7012987012987,146.45454545454547,214.0,255.54545454545453,gaze_shift,1093.3710714285712,398.07185714285714,0
erJVXbaIicU_260-1684,670,2,1089.2941176470588,276.2352941176471,212.0,202.2941176470588,inside_visible,784.543,322.901,1
erJVXbaIicU_260-1684,671,1,603.961038961039,146.36363636363637,214.0,255.63636363636363,gaze_shift,1078.6511428571428,407.8267142857143,0
erJVXbaIicU_260-1684,671,2,1090.1176470588234,276.29411764705884,212.0,202.11764705882356,inside_visible,783.943,324.55100000000004,1
erJVXbaIicU_260-1684,672,1,604.2207792207793,146.27272727272728,214.0,255.72727272727272,gaze_shift,1063.9312142857143,417.5815714285714,0
erJVXbaIicU_260-1684,672,2,1090.9411764705883,276.3529411764706,212.0,201.94117647058823,inside_visible,783.343,326.201,1
erJVXbaIicU_260-1684,673,1,604.4805194805194,146.1818181818182,214.0,255.8181818181818,gaze_shift,1049.2112857142856,427.3364285714285,0
erJVXbaIicU_260-1684,673,2,1091.764705882353,276.4117647058824,212.0,201.76470588235293,inside_visible,780.593,326.201,1
erJVXbaIicU_260-1684,674,1,604.7402597402597,146.0909090909091,214.0,255.9090909090909,gaze_shift,1034.491357142857,437.0912857142857,0
erJVXbaIicU_260-1684,674,2,1092.5882352941176,276.47058823529414,212.0,201.5882352941176,inside_visible,777.843,326.201,1
erJVXbaIicU_260-1684,675,1,605.0,146.0,214.0,256.0,gaze_shift,1019.7714285714284,446.84614285714287,0
erJVXbaIicU_260-1684,675,2,1093.4117647058824,276.52941176470586,212.0,201.4117647058824,inside_visible,775.093,326.201,1
erJVXbaIicU_260-1684,676,1,603.75,145.25,214.0,256.0,gaze_shift,1005.0515,456.601,0
erJVXbaIicU_260-1684,676,2,1094.235294117647,276.5882352941176,212.0,201.23529411764707,inside_visible,772.343,326.201,1
erJVXbaIicU_260-1684,677,1,602.5,144.5,214.0,256.0,gaze_shift,990.3315714285714,466.35585714285713,0
erJVXbaIicU_260-1684,677,2,1095.0588235294117,276.6470588235294,212.0,201.05882352941177,inside_visible,771.0096666666666,325.201,1
erJVXbaIicU_260-1684,678,1,601.25,143.75,214.0,256.0,gaze_shift,975.6116428571428,476.1107142857143,0
erJVXbaIicU_260-1684,678,2,1095.8823529411766,276.7058823529412,212.0,200.8823529411765,inside_visible,769.6763333333333,324.201,1
erJVXbaIicU_260-1684,679,1,600.0,143.0,214.0,256.0,gaze_shift,960.8917142857142,485.86557142857146,0
erJVXbaIicU_260-1684,679,2,1096.7058823529412,276.7647058823529,212.0,200.7058823529412,inside_visible,768.343,323.201,1
erJVXbaIicU_260-1684,680,1,598.75,142.25,214.0,256.0,gaze_shift,946.1717857142856,495.6204285714285,0
erJVXbaIicU_260-1684,680,2,1097.529411764706,276.8235294117647,212.0,200.5294117647059,inside_visible,769.468,320.951,1
erJVXbaIicU_260-1684,681,1,597.5,141.5,214.0,256.0,gaze_shift,931.4518571428572,505.3752857142857,0
erJVXbaIicU_260-1684,681,2,1098.3529411764705,276.88235294117646,212.0,200.3529411764706,inside_visible,770.593,318.701,1
erJVXbaIicU_260-1684,682,1,596.25,140.75,214.0,256.0,gaze_shift,916.7319285714284,515.1301428571428,0
erJVXbaIicU_260-1684,682,2,1099.1764705882354,276.94117647058823,212.0,200.1764705882353,inside_visible,771.718,316.451,1
erJVXbaIicU_260-1684,683,1,595.0,140.0,214.0,256.0,inside_visible,902.012,524.885,0
erJVXbaIicU_260-1684,683,2,1100.0,277.0,212.0,200.0,inside_visible,772.843,314.201,1
erJVXbaIicU_260-1684,684,1,595.4285714285714,140.42857142857142,214.0,256.0,inside_visible,902.2025,525.2897857142857,0
erJVXbaIicU_260-1684,684,2,1100.4666666666667,277.2,212.0,200.0,inside_visible,774.843,315.201,1
erJVXbaIicU_260-1684,685,1,595.8571428571429,140.85714285714286,214.0,256.0,inside_visible,902.393,525.6945714285714,0
erJVXbaIicU_260-1684,685,2,1100.9333333333334,277.4,212.0,200.0,inside_visible,776.843,316.201,1
erJVXbaIicU_260-1684,686,1,596.2857142857143,141.28571428571428,214.0,256.0,inside_visible,902.5835,526.0993571428571,0
erJVXbaIicU_260-1684,686,2,1101.4,277.6,212.0,200.0,inside_visible,778.843,317.201,1
erJVXbaIicU_260-1684,687,1,596.7142857142857,141.71428571428572,214.0,256.0,inside_visible,902.774,526.5041428571428,0
erJVXbaIicU_260-1684,687,2,1101.8666666666666,277.8,212.0,200.0,inside_visible,780.843,318.201,1
erJVXbaIicU_260-1684,688,1,597.1428571428571,142.14285714285714,214.0,256.0,inside_visible,902.9645,526.9089285714285,0
erJVXbaIicU_260-1684,688,2,1102.3333333333333,278.0,212.0,200.0,inside_visible,795.2874444444444,341.68244444444446,1
erJVXbaIicU_260-1684,689,1,597.5714285714286,142.57142857142858,214.0,256.0,inside_visible,903.155,527.3137142857142,0
erJVXbaIicU_260-1684,689,2,1102.8,278.2,212.0,200.0,inside_visible,809.7318888888889,365.1638888888889,1
erJVXbaIicU_260-1684,690,1,598.0,143.0,214.0,256.0,inside_visible,903.3455,527.7185,0
erJVXbaIicU_260-1684,690,2,1103.2666666666669,278.4,212.0,200.0,inside_visible,824.1763333333333,388.6453333333333,1
erJVXbaIicU_260-1684,691,1,598.0,142.77777777777777,214.0,256.0,inside_visible,903.536,528.1232857142858,0
erJVXbaIicU_260-1684,691,2,1103.7333333333331,278.6,212.0,200.0,gaze_shift,838.6207777777777,412.12677777777776,1
erJVXbaIicU_260-1684,692,1,598.0,142.55555555555554,214.0,256.0,inside_visible,903.7265,528.5280714285715,0
erJVXbaIicU_260-1684,692,2,1104.2,278.8,212.0,200.0,gaze_shift,853.0652222222222,435.6082222222223,1
erJVXbaIicU_260-1684,693,1,598.0,142.33333333333334,214.0,256.0,inside_visible,903.917,528.9328571428572,0
erJVXbaIicU_260-1684,693,2,1104.6666666666667,279.0,212.0,200.0,gaze_shift,867.5096666666666,459.0896666666666,1
erJVXbaIicU_260-1684,694,1,598.0,142.11111111111111,214.0,256.0,inside_visible,904.1075,529.3376428571429,0
erJVXbaIicU_260-1684,694,2,1105.1333333333334,279.2,212.0,200.0,gaze_shift,881.954111111111,482.5711111111111,1
erJVXbaIicU_260-1684,695,1,598.0,141.88888888888889,214.0,256.0,inside_visible,904.298,529.7424285714286,0
erJVXbaIicU_260-1684,695,2,1105.6,279.4,212.0,200.0,gaze_shift,896.3985555555555,506.0525555555555,1
erJVXbaIicU_260-1684,696,1,598.0,141.66666666666666,214.0,256.0,inside_visible,904.4885,530.1472142857143,0
erJVXbaIicU_260-1684,696,2,1106.0666666666666,279.6,212.0,200.0,inside_visible,910.843,529.534,1
erJVXbaIicU_260-1684,697,1,598.0,141.44444444444446,214.0,256.0,inside_visible,904.679,530.552,0
erJVXbaIicU_260-1684,697,2,1106.5333333333333,279.8,212.0,200.0,inside_visible,909.8985833333332,527.534,1
erJVXbaIicU_260-1684,698,1,598.0,141.22222222222223,214.0,256.0,inside_visible,902.762,530.6355000000001,0
erJVXbaIicU_260-1684,698,2,1107.0,280.0,212.0,200.0,inside_visible,908.9541666666668,525.534,1
erJVXbaIicU_260-1684,699,1,598.0,141.0,214.0,256.0,inside_visible,900.845,530.719,0
erJVXbaIicU_260-1684,699,2,1106.6666666666667,280.1666666666667,212.0,200.0,inside_visible,908.00975,523.534,1
erJVXbaIicU_260-1684,700,1,598.0625,141.3125,214.0,256.0,inside_visible,904.4285,533.802,0
erJVXbaIicU_260-1684,700,2,1106.3333333333333,280.3333333333333,212.0,200.0,inside_visible,907.0653333333332,521.534,1
erJVXbaIicU_260-1684,701,1,598.125,141.625,214.0,256.0,inside_visible,908.012,536.885,0
erJVXbaIicU_260-1684,701,2,1106.0,280.5,212.0,200.0,inside_visible,906.1209166666666,519.534,1
erJVXbaIicU_260-1684,702,1,598.1875,141.9375,214.0,256.0,inside_visible,904.002,532.8765,0
erJVXbaIicU_260-1684,702,2,1105.6666666666667,280.6666666666667,212.0,200.0,inside_visible,905.1765,517.534,1
erJVXbaIicU_260-1684,703,1,598.25,142.25,214.0,256.0,inside_visible,899.992,528.8679999999999,0
erJVXbaIicU_260-1684,703,2,1105.3333333333333,280.8333333333333,212.0,200.0,inside_visible,904.2320833333332,515.534,1
erJVXbaIicU_260-1684,704,1,598.3125,142.5625,214.0,256.0,inside_visible,895.982,524.8595,0
erJVXbaIicU_260-1684,704,2,1105.0,281.0,212.0,200.0,inside_visible,903.2876666666666,513.534,1
erJVXbaIicU_260-1684,705,1,598.375,142.875,214.0,256.0,inside_visible,891.972,520.851,0
erJVXbaIicU_260-1684,705,2,1104.2380952380952,281.0952380952381,212.0,200.0,inside_visible,902.34325,511.534,1
erJVXbaIicU_260-1684,706,1,598.4375,143.1875,214.0,256.0,inside_visible,1125.889,396.518,0
erJVXbaIicU_260-1684,706,2,1103.4761904761904,281.1904761904762,212.0,200.0,inside_visible,901.3988333333332,509.534,1
erJVXbaIicU_260-1684,707,1,598.5,143.5,214.0,256.0,inside_visible,1125.80025,396.1735,0
erJVXbaIicU_260-1684,707,2,1102.7142857142858,281.2857142857143,212.0,200.0,inside_visible,900.4544166666667,507.534,1
erJVXbaIicU_260-1684,708,1,598.5625,143.8125,214.0,256.0,inside_visible,1125.7115,395.829,0
erJVXbaIicU_260-1684,708,2,1101.952380952381,281.3809523809524,212.0,200.0,inside_visible,899.51,505.534,1
erJVXbaIicU_260-1684,709,1,598.625,144.125,214.0,256.0,inside_visible,1125.62275,395.4845,0
erJVXbaIicU_260-1684,709,2,1101.190476190476,281.4761904761905,212.0,200.0,inside_visible,901.2876666666666,510.645,1
erJVXbaIicU_260-1684,710,1,598.6875,144.4375,214.0,256.0,inside_visible,1125.534,395.14,0
erJVXbaIicU_260-1684,710,2,1100.428571428571,281.57142857142856,212.0,200.0,inside_visible,903.0653333333332,515.756,1
erJVXbaIicU_260-1684,711,1,598.75,144.75,214.0,256.0,inside_visible,1115.445,417.296,0
erJVXbaIicU_260-1684,711,2,1099.6666666666667,281.6666666666667,212.0,200.0,inside_visible,904.843,520.867,1
erJVXbaIicU_260-1684,712,1,598.8125,145.0625,214.0,256.0,inside_visible,908.556,523.851,0
erJVXbaIicU_260-1684,712,2,1098.904761904762,281.7619047619048,212.0,200.0,inside_visible,906.67625,523.0337499999999,1
erJVXbaIicU_260-1684,713,1,598.875,145.375,214.0,256.0,inside_visible,909.0826666666668,528.337,0
erJVXbaIicU_260-1684,713,2,1098.142857142857,281.85714285714283,212.0,200.0,inside_visible,908.5095,525.2004999999999,1
erJVXbaIicU_260-1684,714,1,598.9375,145.6875,214.0,256.0,inside_visible,909.6093333333332,532.823,0
erJVXbaIicU_260-1684,714,2,1097.3809523809523,281.95238095238096,212.0,200.0,inside_visible,910.34275,527.36725,1
erJVXbaIicU_260-1684,715,1,599.0,146.0,214.0,256.0,inside_visible,910.136,537.309,0
erJVXbaIicU_260-1684,715,2,1096.6190476190477,282.04761904761904,212.0,200.0,inside_visible,912.176,529.534,1
erJVXbaIicU_260-1684,716,1,600.2222222222222,146.66666666666666,214.0,256.0,inside_visible,912.136,536.6423333333333,0
erJVXbaIicU_260-1684,716,2,1095.857142857143,282.1428571428572,212.0,200.0,inside_visible,913.84275,532.20075,1
erJVXbaIicU_260-1684,717,1,601.4444444444445,147.33333333333334,214.0,256.0,inside_visible,914.136,535.9756666666666,0
erJVXbaIicU_260-1684,717,2,1095.095238095238,282.23809523809524,212.0,200.0,inside_visible,915.5095,534.8675000000001,1
erJVXbaIicU_260-1684,718,1,602.6666666666666,148.0,214.0,256.0,inside_visible,916.136,535.309,0
erJVXbaIicU_260-1684,718,2,1094.3333333333333,282.3333333333333,212.0,200.0,inside_visible,917.17625,537.53425,1
erJVXbaIicU_260-1684,719,1,603.8888888888889,148.66666666666666,214.0,256.0,inside_visible,915.136,536.6424999999999,0
erJVXbaIicU_260-1684,719,2,1093.571428571429,282.42857142857144,212.0,200.0,inside_visible,918.843,540.201,1
erJVXbaIicU_260-1684,720,1,605.1111111111111,149.33333333333334,214.0,256.0,inside_visible,914.136,537.976,0
erJVXbaIicU_260-1684,720,2,1092.809523809524,282.5238095238095,212.0,200.0,inside_visible,918.1763333333332,539.09,1
erJVXbaIicU_260-1684,721,1,606.3333333333334,150.0,214.0,256.0,inside_visible,1113.469,402.642,0
erJVXbaIicU_260-1684,721,2,1092.047619047619,282.6190476190476,212.0,200.0,inside_visible,917.5096666666666,537.979,1
erJVXbaIicU_260-1684,722,1,607.5555555555555,150.66666666666666,214.0,256.0,inside_visible,1112.230857142857,403.40385714285713,0
erJVXbaIicU_260-1684,722,2,1091.2857142857142,282.7142857142857,212.0,200.0,inside_visible,916.843,536.868,1
erJVXbaIicU_260-1684,723,1,608.7777777777778,151.33333333333334,214.0,256.0,inside_visible,1110.9927142857143,404.1657142857143,0
erJVXbaIicU_260-1684,723,2,1090.5238095238096,282.8095238095238,212.0,200.0,inside_visible,910.3986666666666,531.0903333333333,1
erJVXbaIicU_260-1684,724,1,610.0,152.0,214.0,256.0,inside_visible,1109.7545714285714,404.9275714285714,0
erJVXbaIicU_260-1684,724,2,1089.7619047619048,282.9047619047619,212.0,200.0,inside_visible,903.9543333333334,525.3126666666667,1
erJVXbaIicU_260-1684,725,1,611.2222222222222,152.66666666666666,214.0,256.0,inside_visible,1108.5164285714286,405.6894285714286,0
erJVXbaIicU_260-1684,725,2,1089.0,283.0,212.0,200.0,inside_visible,897.51,519.535,1
erJVXbaIicU_260-1684,726,1,612.4444444444445,153.33333333333334,214.0,256.0,inside_visible,1107.2782857142856,406.45128571428575,0
erJVXbaIicU_260-1684,726,2,1090.0,282.0,212.0,200.0,inside_visible,902.177,515.535,1
erJVXbaIicU_260-1684,727,1,613.6666666666666,154.0,214.0,256.0,inside_visible,1106.0401428571429,407.2131428571429,0
erJVXbaIicU_260-1684,727,2,1089.0,281.8,212.0,200.6,inside_visible,904.677,519.035,1
erJVXbaIicU_260-1684,728,1,614.8888888888889,154.66666666666666,214.0,256.0,inside_visible,1104.802,407.975,0
erJVXbaIicU_260-1684,728,2,1088.0,281.6,212.0,201.2,gaze_shift,878.677,474.285,1
erJVXbaIicU_260-1684,729,1,616.1111111111111,155.33333333333334,214.0,256.0,gaze_shift,1063.202,430.775,0
erJVXbaIicU_260-1684,729,2,1087.0,281.4,212.0,201.8,gaze_shift,852.677,429.535,1
erJVXbaIicU_260-1684,730,1,617.3333333333334,156.0,214.0,256.0,gaze_shift,1021.602,453.5750000000001,0
erJVXbaIicU_260-1684,730,2,1086.0,281.2,212.0,202.40000000000003,gaze_shift,826.677,384.785,1
erJVXbaIicU_260-1684,731,1,618.5555555555555,156.66666666666666,214.0,256.0,gaze_shift,980.002,476.375,0
erJVXbaIicU_260-1684,731,2,1085.0,281.0,212.0,203.0,inside_visible,800.677,340.035,1
erJVXbaIicU_260-1684,732,1,619.7777777777778,157.33333333333334,214.0,256.0,gaze_shift,938.402,499.175,0
erJVXbaIicU_260-1684,732,2,1085.111111111111,280.8888888888889,212.0,203.4444444444444,inside_visible,798.5658571428571,343.5747142857143,1
erJVXbaIicU_260-1684,733,1,621.0,158.0,214.0,256.0,inside_visible,896.802,521.975,0
erJVXbaIicU_260-1684,733,2,1085.2222222222222,280.77777777777777,212.0,203.8888888888889,inside_visible,796.4547142857143,347.11442857142856,1
erJVXbaIicU_260-1684,734,1,621.6363636363636,157.9090909090909,214.0,256.0,inside_visible,910.302,533.225,0
erJVXbaIicU_260-1684,734,2,1085.3333333333333,280.6666666666667,212.0,204.3333333333333,inside_visible,794.3435714285714,350.65414285714286,1
erJVXbaIicU_260-1684,735,1,622.2727272727273,157.8181818181818,214.0,256.0,inside_visible,923.802,544.475,0
erJVXbaIicU_260-1684,735,2,1085.4444444444443,280.55555555555554,212.0,204.77777777777777,eyes_closed,792.2324285714286,354.19385714285715,1
erJVXbaIicU_260-1684,736,1,622.9090909090909,157.72727272727272,214.0,256.0,inside_visible,937.302,555.725,0
erJVXbaIicU_260-1684,736,2,1085.5555555555557,280.44444444444446,212.0,205.22222222222223,eyes_closed,790.1212857142857,357.73357142857145,1
erJVXbaIicU_260-1684,737,1,623.5454545454545,157.63636363636363,214.0,256.0,inside_visible,950.802,566.975,0
erJVXbaIicU_260-1684,737,2,1085.6666666666667,280.3333333333333,212.0,205.66666666666669,eyes_closed,788.0101428571429,361.2732857142857,1
erJVXbaIicU_260-1684,738,1,624.1818181818181,157.54545454545453,214.0,256.0,inside_visible,950.4686666666666,569.6416666666667,0
erJVXbaIicU_260-1684,738,2,1085.7777777777778,280.22222222222223,212.0,206.1111111111111,inside_visible,785.899,364.813,1
erJVXbaIicU_260-1684,739,1,624.8181818181819,157.45454545454547,214.0,256.0,inside_visible,950.1353333333334,572.3083333333334,0
erJVXbaIicU_260-1684,739,2,1085.888888888889,280.1111111111111,212.0,206.5555555555556,inside_visible,797.288,352.924,1
erJVXbaIicU_260-1684,740,1,625.4545454545455,157.36363636363637,214.0,256.0,inside_visible,949.802,574.975,0
erJVXbaIicU_260-1684,740,2,1086.0,280.0,212.0,207.0,inside_visible,808.677,341.035,1
erJVXbaIicU_260-1684,741,1,626.0909090909091,157.27272727272728,214.0,256.0,inside_visible,950.9686666666666,575.6416666666667,0
erJVXbaIicU_260-1684,741,2,1086.6333333333334,280.0,211.39999999999984,207.8333333333333,inside_visible,807.2976153846154,340.262,1
erJVXbaIicU_260-1684,742,1,626.7272727272727,157.1818181818182,214.0,256.0,inside_visible,952.1353333333334,576.3083333333334,0
erJVXbaIicU_260-1684,742,2,1087.2666666666669,280.0,210.79999999999995,208.66666666666669,inside_visible,805.9182307692308,339.48900000000003,1
erJVXbaIicU_260-1684,743,1,627.3636363636364,157.0909090909091,214.0,256.0,inside_visible,953.302,576.975,0
erJVXbaIicU_260-1684,743,2,1087.9,280.0,210.19999999999985,209.5,inside_visible,804.5388461538462,338.716,1
erJVXbaIicU_260-1684,744,1,628.0,157.0,214.0,256.0,inside_visible,956.302,584.6415,0
erJVXbaIicU_260-1684,744,2,1088.5333333333333,280.0,209.6000000000001,210.3333333333333,inside_visible,803.1594615384615,337.94300000000004,1
erJVXbaIicU_260-1684,745,1,625.9230769230769,156.53846153846155,214.0,256.0,inside_visible,959.302,592.308,0
erJVXbaIicU_260-1684,745,2,1089.1666666666667,280.0,209.0,211.16666666666669,inside_visible,801.780076923077,337.17,1
erJVXbaIicU_260-1684,746,1,623.8461538461538,156.07692307692307,214.0,256.0,inside_visible,965.302,603.641,0
erJVXbaIicU_260-1684,746,2,1089.8,280.0,208.4000000000001,212.0,inside_visible,800.4006923076923,336.397,1
erJVXbaIicU_260-1684,747,1,621.7692307692307,155.6153846153846,214.0,256.0,inside_visible,969.969,612.308,0
erJVXbaIicU_260-1684,747,2,1090.4333333333334,280.0,207.79999999999995,212.8333333333333,inside_visible,799.0213076923077,335.624,1
erJVXbaIicU_260-1684,748,1,619.6923076923077,155.15384615384616,214.0,256.0,inside_visible,977.302,630.975,0
erJVXbaIicU_260-1684,748,2,1091.0666666666666,280.0,207.20000000000005,213.66666666666669,inside_visible,797.641923076923,334.851,1
erJVXbaIicU_260-1684,749,1,617.6153846153846,154.69230769230768,214.0,256.0,inside_visible,988.635,643.642,0
erJVXbaIicU_260-1684,749,2,1091.7,280.0,206.5999999999999,214.5,inside_visible,796.2625384615385,334.078,1
erJVXbaIicU_260-1684,750,1,615.5384615384615,154.23076923076923,214.0,256.0,inside_visible,995.302,654.975,0
erJVXbaIicU_260-1684,750,2,1092.3333333333333,280.0,206.0,215.3333333333333,inside_visible,794.8831538461538,333.305,1
erJVXbaIicU_260-1684,751,1,613.4615384615385,153.76923076923077,214.0,256.0,inside_visible,999.302,670.308,0
erJVXbaIicU_260-1684,751,2,1092.9666666666667,280.0,205.39999999999984,216.16666666666669,inside_visible,793.5037692307692,332.532,1
erJVXbaIicU_260-1684,752,1,611.3846153846154,153.30769230769232,214.0,256.0,inside_visible,1000.469,676.808,0
erJVXbaIicU_260-1684,752,2,1093.6,280.0,204.80000000000015,217.0,inside_visible,792.1243846153847,331.759,1
erJVXbaIicU_260-1684,753,1,609.3076923076923,152.84615384615384,214.0,256.0,inside_visible,1001.636,683.308,0
erJVXbaIicU_260-1684,753,2,1094.2333333333331,280.0,204.20000000000005,217.8333333333333,inside_visible,790.745,330.986,1
erJVXbaIicU_260-1684,754,1,607.2307692307693,152.3846153846154,214.0,256.0,inside_visible,1008.803,680.141,0
erJVXbaIicU_260-1684,754,2,1094.8666666666666,280.0,203.6000000000001,218.66666666666669,inside_visible,790.495,329.736,1
erJVXbaIicU_260-1684,755,1,605.1538461538462,151.92307692307693,214.0,256.0,inside_visible,999.969,685.641,0
erJVXbaIicU_260-1684,755,2,1095.5,280.0,203.0,219.5,inside_visible,790.245,328.486,1
erJVXbaIicU_260-1684,756,1,603.0769230769231,151.46153846153845,214.0,256.0,inside_visible,1035.305,676.971,0
erJVXbaIicU_260-1684,756,2,1096.1333333333334,280.0,202.39999999999984,220.3333333333333,inside_visible,789.995,327.236,1
erJVXbaIicU_260-1684,757,1,601.0,151.0,214.0,256.0,inside_visible,1035.599,679.642,0
erJVXbaIicU_260-1684,757,2,1096.7666666666669,280.0,201.79999999999995,221.16666666666669,inside_visible,789.745,325.986,1
erJVXbaIicU_260-1684,758,1,601.1176470588235,151.14705882352942,214.0,256.0,inside_visible,1035.599,682.642,0
erJVXbaIicU_260-1684,758,2,1097.4,280.0,201.19999999999985,222.0,inside_visible,789.62,322.236,1
erJVXbaIicU_260-1684,759,1,601.2352941176471,151.2941176470588,214.0,256.0,inside_visible,1035.599,685.642,0
erJVXbaIicU_260-1684,759,2,1098.0333333333333,280.0,200.6000000000001,222.8333333333333,gaze_shift,822.6378571428571,375.6288571428571,1
erJVXbaIicU_260-1684,760,1,601.3529411764706,151.44117647058823,214.0,256.0,inside_visible,1036.3211666666666,686.9753333333334,0
erJVXbaIicU_260-1684,760,2,1098.6666666666667,280.0,200.0,223.66666666666669,gaze_shift,855.6557142857143,429.0217142857143,1
erJVXbaIicU_260-1684,761,1,601.4705882352941,151.58823529411765,214.0,256.0,inside_visible,1037.0433333333333,688.3086666666667,0
erJVXbaIicU_260-1684,761,2,1099.3,280.0,199.4000000000001,224.5,gaze_shift,888.6735714285714,482.4145714285714,1
erJVXbaIicU_260-1684,762,1,601.5882352941177,151.73529411764707,214.0,256.0,inside_visible,1037.7655,689.642,0
erJVXbaIicU_260-1684,762,2,1099.9333333333334,280.0,198.79999999999995,225.3333333333333,gaze_shift,921.6914285714286,535.8074285714285,1
erJVXbaIicU_260-1684,763,1,601.7058823529412,151.88235294117646,214.0,256.0,inside_visible,1038.4876666666669,690.9753333333334,0
erJVXbaIicU_260-1684,763,2,1100.5666666666666,280.0,198.20000000000005,226.16666666666669,gaze_shift,954.7092857142856,589.2002857142857,1
erJVXbaIicU_260-1684,764,1,601.8235294117648,152.02941176470588,214.0,256.0,inside_visible,1039.209833333333,692.3086666666667,0
erJVXbaIicU_260-1684,764,2,1101.2,280.0,197.5999999999999,227.0,gaze_shift,987.7271428571428,642.5931428571428,1
erJVXbaIicU_260-1684,765,1,601.9411764705883,152.1764705882353,214.0,256.0,inside_visible,1039.932,693.642,0
erJVXbaIicU_260-1684,765,2,1101.8333333333333,280.0,197.0,227.8333333333333,inside_visible,1020.745,695.986,1
erJVXbaIicU_260-1684,766,1,602.0588235294117,152.3235294117647,214.0,256.0,inside_visible,1039.432,693.642,0
erJVXbaIicU_260-1684,766,2,1102.4666666666667,280.0,196.39999999999984,228.66666666666669,inside_visible,1021.26975,695.91975,1
erJVXbaIicU_260-1684,767,1,602.1764705882352,152.47058823529412,214.0,256.0,inside_visible,1038.932,693.642,0
erJVXbaIicU_260-1684,767,2,1103.1,280.0,195.80000000000015,229.5,inside_visible,1021.7945,695.8534999999999,1
erJVXbaIicU_260-1684,768,1,602.2941176470588,152.61764705882354,214.0,256.0,inside_visible,1038.432,693.642,0
erJVXbaIicU_260-1684,768,2,1103.7333333333331,280.0,195.20000000000005,230.3333333333333,inside_visible,1022.31925,695.78725,1
erJVXbaIicU_260-1684,769,1,602.4117647058823,152.76470588235293,214.0,256.0,inside_visible,1037.932,693.642,0
erJVXbaIicU_260-1684,769,2,1104.3666666666666,280.0,194.6000000000001,231.16666666666669,inside_visible,1022.844,695.721,1
erJVXbaIicU_260-1684,770,1,602.5294117647059,152.91176470588235,214.0,256.0,inside_visible,1037.432,693.642,0
erJVXbaIicU_260-1684,770,2,1105.0,280.0,194.0,232.0,inside_visible,1022.68526984127,695.689253968254,1
erJVXbaIicU_260-1684,771,1,602.6470588235294,153.05882352941177,214.0,256.0,inside_visible,1036.932,693.642,0
erJVXbaIicU_260-1684,771,2,1104.4166666666667,279.8333333333333,194.0,232.0,inside_visible,1022.5265396825396,695.657507936508,1
erJVXbaIicU_260-1684,772,1,602.7647058823529,153.2058823529412,214.0,256.0,inside_visible,1036.432,693.642,0
erJVXbaIicU_260-1684,772,2,1103.8333333333333,279.6666666666667,194.0,232.0,inside_visible,1022.3678095238096,695.6257619047619,1
erJVXbaIicU_260-1684,773,1,602.8823529411765,153.35294117647058,214.0,256.0,inside_visible,1035.932,693.642,0
erJVXbaIicU_260-1684,773,2,1103.25,279.5,194.0,232.0,inside_visible,1022.2090793650794,695.5940158730159,1
erJVXbaIicU_260-1684,774,1,603.0,153.5,214.0,256.0,inside_visible,1035.432,693.642,0
erJVXbaIicU_260-1684,774,2,1102.6666666666667,279.3333333333333,194.0,232.0,inside_visible,1022.0503492063492,695.5622698412699,1
erJVXbaIicU_260-1684,775,1,603.1176470588235,153.64705882352942,214.0,256.0,inside_visible,1034.932,693.642,0
erJVXbaIicU_260-1684,775,2,1102.0833333333333,279.1666666666667,194.0,232.0,inside_visible,1021.8916190476192,695.5305238095239,1
erJVXbaIicU_260-1684,776,1,603.2352941176471,153.7941176470588,214.0,256.0,inside_visible,1034.432,693.642,0
erJVXbaIicU_260-1684,776,2,1101.5,279.0,194.0,232.0,inside_visible,1021.732888888889,695.4987777777778,1
erJVXbaIicU_260-1684,777,1,603.3529411764706,153.94117647058823,214.0,256.0,inside_visible,1033.932,693.642,0
erJVXbaIicU_260-1684,777,2,1100.9166666666667,278.8333333333333,194.0,232.0,inside_visible,1021.5741587301588,695.4670317460317,1
erJVXbaIicU_260-1684,778,1,603.4705882352941,154.08823529411765,214.0,256.0,inside_visible,1033.432,693.642,0
erJVXbaIicU_260-1684,778,2,1100.3333333333333,278.6666666666667,194.0,232.0,inside_visible,1021.4154285714286,695.4352857142857,1
erJVXbaIicU_260-1684,779,1,603.5882352941177,154.23529411764707,214.0,256.0,inside_visible,1032.932,693.642,0
erJVXbaIicU_260-1684,779,2,1099.75,278.5,194.0,232.0,inside_visible,1021.2566984126984,695.4035396825396,1
erJVXbaIicU_260-1684,780,1,603.7058823529412,154.38235294117646,214.0,256.0,inside_visible,1032.432,693.642,0
erJVXbaIicU_260-1684,780,2,1099.1666666666667,278.3333333333333,194.0,232.0,inside_visible,1021.0979682539684,695.3717936507936,1
erJVXbaIicU_260-1684,781,1,603.8235294117648,154.52941176470588,214.0,256.0,inside_visible,1031.932,693.642,0
erJVXbaIicU_260-1684,781,2,1098.5833333333333,278.1666666666667,194.0,232.0,inside_visible,1020.939238095238,695.3400476190476,1
erJVXbaIicU_260-1684,782,1,603.9411764705883,154.6764705882353,214.0,256.0,inside_visible,1031.432,693.642,0
erJVXbaIicU_260-1684,782,2,1098.0,278.0,194.0,232.0,inside_visible,1020.780507936508,695.3083015873016,1
erJVXbaIicU_260-1684,783,1,604.0588235294117,154.8235294117647,214.0,256.0,inside_visible,1030.932,693.642,0
erJVXbaIicU_260-1684,783,2,1097.5,277.9,194.0,232.0,inside_visible,1020.621777777778,695.2765555555555,1
erJVXbaIicU_260-1684,784,1,604.1764705882352,154.97058823529412,214.0,256.0,inside_visible,1030.432,693.642,0
erJVXbaIicU_260-1684,784,2,1097.0,277.8,194.0,232.0,inside_visible,1020.4630476190476,695.2448095238095,1
erJVXbaIicU_260-1684,785,1,604.2941176470588,155.11764705882354,214.0,256.0,inside_visible,1030.3097777777778,693.5975555555556,0
erJVXbaIicU_260-1684,785,2,1096.5,277.7,194.0,232.0,inside_visible,1020.3043174603176,695.2130634920635,1
erJVXbaIicU_260-1684,786,1,604.4117647058823,155.26470588235293,214.0,256.0,inside_visible,1030.1875555555555,693.5531111111112,0
erJVXbaIicU_260-1684,786,2,1096.0,277.6,194.0,232.0,inside_visible,1020.1455873015874,695.1813174603175,1
erJVXbaIicU_260-1684,787,1,604.5294117647059,155.41176470588235,214.0,256.0,inside_visible,1030.0653333333337,693.5086666666667,0
erJVXbaIicU_260-1684,787,2,1095.5,277.5,194.0,232.0,inside_visible,1019.9868571428572,695.1495714285714,1
erJVXbaIicU_260-1684,788,1,604.6470588235294,155.55882352941177,214.0,256.0,inside_visible,1029.9431111111112,693.4642222222222,0
erJVXbaIicU_260-1684,788,2,1095.0,277.4,194.0,232.0,inside_visible,1019.828126984127,695.1178253968254,1
erJVXbaIicU_260-1684,789,1,604.7647058823529,155.7058823529412,214.0,256.0,inside_visible,1029.820888888889,693.4197777777779,0
erJVXbaIicU_260-1684,789,2,1094.5,277.3,194.0,232.0,inside_visible,1019.6693968253968,695.0860793650794,1
erJVXbaIicU_260-1684,790,1,604.8823529411765,155.85294117647058,214.0,256.0,inside_visible,1029.698666666667,693.3753333333334,0
erJVXbaIicU_260-1684,790,2,1094.0,277.2,194.0,232.0,inside_visible,1019.5106666666668,695.0543333333334,1
erJVXbaIicU_260-1684,791,1,605.0,156.0,214.0,256.0,inside_visible,1029.5764444444444,693.3308888888889,0
erJVXbaIicU_260-1684,791,2,1093.5,277.1,194.0,232.0,inside_visible,1019.3519365079366,695.0225873015874,1
erJVXbaIicU_260-1684,792,1,604.7741935483871,155.90322580645162,214.0,256.0,inside_visible,1029.454222222222,693.2864444444444,0
erJVXbaIicU_260-1684,792,2,1093.0,277.0,194.0,232.0,inside_visible,1019.1932063492064,694.9908412698413,1
erJVXbaIicU_260-1684,793,1,604.5483870967741,155.80645161290323,214.0,256.0,inside_visible,1029.332,693.2420000000001,0
erJVXbaIicU_260-1684,793,2,1092.9166666666667,276.8333333333333,193.9166666666665,232.33333333333337,inside_visible,1019.0344761904762,694.9590952380952,1
erJVXbaIicU_260-1684,794,1,604.3225806451613,155.70967741935485,214.0,256.0,inside_visible,1029.2097777777778,693.1975555555556,0
erJVXbaIicU_260-1684,794,2,1092.8333333333333,276.6666666666667,193.83333333333348,232.66666666666663,inside_visible,1018.875746031746,694.9273492063492,1
erJVXbaIicU_260-1684,795,1,604.0967741935484,155.61290322580646,214.0,256.0,inside_visible,1029.0875555555556,693.1531111111111,0
erJVXbaIicU_260-1684,795,2,1092.75,276.5,193.75,233.0,inside_visible,1018.717015873016,694.8956031746031,1
erJVXbaIicU_260-1684,796,1,603.8709677419355,155.51612903225808,214.0,256.0,inside_visible,1028.965333333333,693.1086666666667,0
erJVXbaIicU_260-1684,796,2,1092.6666666666667,276.3333333333333,193.6666666666665,233.33333333333337,inside_visible,1018.5582857142856,694.8638571428571,1
erJVXbaIicU_260-1684,797,1,603.6451612903226,155.4193548387097,214.0,256.0,inside_visible,1028.843111111111,693.0642222222223,0
erJVXbaIicU_260-1684,797,2,1092.5833333333333,276.1666666666667,193.58333333333348,233.66666666666663,inside_visible,1018.3995555555556,694.8321111111111,1
erJVXbaIicU_260-1684,798,1,603.4193548387096,155.32258064516128,214.0,256.0,inside_visible,1028.7208888888888,693.0197777777778,0
erJVXbaIicU_260-1684,798,2,1092.5,276.0,193.5,234.0,inside_visible,1018.2408253968256,694.8003650793651,1
erJVXbaIicU_260-1684,799,1,603.1935483870968,155.2258064516129,214.0,256.0,inside_visible,1028.5986666666668,692.9753333333334,0
erJVXbaIicU_260-1684,799,2,1092.4166666666667,275.8333333333333,193.4166666666665,234.33333333333337,inside_visible,1018.0820952380952,694.768619047619,1
erJVXbaIicU_260-1684,800,1,602.9677419354839,155.1290322580645,214.0,256.0,inside_visible,1028.4764444444445,692.930888888889,0
erJVXbaIicU_260-1684,800,2,1092.3333333333333,275.6666666666667,193.33333333333348,234.66666666666663,inside_visible,1017.9233650793652,694.736873015873,1
erJVXbaIicU_260-1684,801,1,602.741935483871,155.03225806451613,214.0,256.0,inside_visible,1028.3542222222222,692.8864444444445,0
erJVXbaIicU_260-1684,801,2,1092.25,275.5,193.25,235.0,inside_visible,1017.764634920635,694.705126984127,1
erJVXbaIicU_260-1684,802,1,602.516129032258,154.93548387096774,214.0,256.0,inside_visible,1028.232,692.8420000000001,0
erJVXbaIicU_260-1684,802,2,1092.1666666666667,275.3333333333333,193.1666666666665,235.33333333333337,inside_visible,1017.6059047619048,694.673380952381,1
erJVXbaIicU_260-1684,803,1,602.2903225806451,154.83870967741936,214.0,256.0,inside_visible,1028.1097777777777,692.7975555555556,0
erJVXbaIicU_260-1684,803,2,1092.0833333333333,275.1666666666667,193.08333333333348,235.66666666666663,inside_visible,1017.4471746031746,694.6416349206349,1
erJVXbaIicU_260-1684,804,1,602.0645161290323,154.74193548387098,214.0,256.0,inside_visible,1027.9875555555557,692.7531111111111,0
erJVXbaIicU_260-1684,804,2,1092.0,275.0,193.0,236.0,inside_visible,1017.2884444444444,694.6098888888889,1
erJVXbaIicU_260-1684,805,1,601.8387096774194,154.6451612903226,214.0,256.0,inside_visible,1027.8653333333334,692.7086666666668,0
erJVXbaIicU_260-1684,805,2,1091.75,274.875,192.875,236.25,inside_visible,1017.1297142857144,694.5781428571429,1
erJVXbaIicU_260-1684,806,1,601.6129032258065,154.5483870967742,214.0,256.0,inside_visible,1027.7431111111111,692.6642222222223,0
erJVXbaIicU_260-1684,806,2,1091.5,274.75,192.75,236.5,inside_visible,1016.970984126984,694.5463968253969,1
erJVXbaIicU_260-1684,807,1,601.3870967741935,154.4516129032258,214.0,256.0,inside_visible,1027.6208888888889,692.6197777777778,0
erJVXbaIicU_260-1684,807,2,1091.25,274.625,192.625,236.75,inside_visible,1016.812253968254,694.5146507936508,1
erJVXbaIicU_260-1684,808,1,601.1612903225806,154.3548387096774,214.0,256.0,inside_visible,1027.4986666666666,692.5753333333333,0
erJVXbaIicU_260-1684,808,2,1091.0,274.5,192.5,237.0,inside_visible,1016.653523809524,694.4829047619048,1
erJVXbaIicU_260-1684,809,1,600.9354838709677,154.25806451612902,214.0,256.0,inside_visible,1027.3764444444444,692.530888888889,0
erJVXbaIicU_260-1684,809,2,1090.75,274.375,192.375,237.25,inside_visible,1016.4947936507936,694.4511587301587,1
erJVXbaIicU_260-1684,810,1,600.7096774193549,154.16129032258064,214.0,256.0,inside_visible,1027.2542222222223,692.4864444444445,0
erJVXbaIicU_260-1684,810,2,1090.5,274.25,192.25,237.5,inside_visible,1016.3360634920635,694.4194126984127,1
erJVXbaIicU_260-1684,811,1,600.483870967742,154.06451612903226,214.0,256.0,inside_visible,1027.132,692.442,0
erJVXbaIicU_260-1684,811,2,1090.25,274.125,192.125,237.75,inside_visible,1016.1773333333334,694.3876666666666,1
erJVXbaIicU_260-1684,812,1,600.258064516129,153.96774193548387,214.0,256.0,inside_visible,1027.0097777777778,692.3975555555556,0
erJVXbaIicU_260-1684,812,2,1090.0,274.0,192.0,238.0,inside_visible,1016.0186031746032,694.3559206349206,1
erJVXbaIicU_260-1684,813,1,600.0322580645161,153.8709677419355,214.0,256.0,inside_visible,1026.8875555555555,692.3531111111112,0
erJVXbaIicU_260-1684,813,2,1089.3333333333333,274.0,191.91666666666677,238.41666666666663,inside_visible,1015.8598730158732,694.3241746031746,1
erJVXbaIicU_260-1684,814,1,599.8064516129032,153.7741935483871,214.0,256.0,inside_visible,1026.7653333333333,692.3086666666667,0
erJVXbaIicU_260-1684,814,2,1088.6666666666667,274.0,191.8333333333333,238.83333333333337,inside_visible,1015.7011428571428,694.2924285714286,1
erJVXbaIicU_260-1684,815,1,599.5806451612904,153.67741935483872,214.0,256.0,inside_visible,1026.6431111111112,692.2642222222223,0
erJVXbaIicU_260-1684,815,2,1088.0,274.0,191.75,239.25,inside_visible,1015.5424126984128,694.2606825396825,1
erJVXbaIicU_260-1684,816,1,599.3548387096774,153.5806451612903,214.0,256.0,inside_visible,1026.520888888889,692.2197777777778,0
erJVXbaIicU_260-1684,816,2,1087.3333333333333,274.0,191.66666666666677,239.66666666666663,inside_visible,1015.3836825396826,694.2289365079365,1
erJVXbaIicU_260-1684,817,1,599.1290322580645,153.48387096774192,214.0,256.0,inside_visible,1026.3986666666667,692.1753333333334,0
erJVXbaIicU_260-1684,817,2,1086.6666666666667,274.0,191.5833333333333,240.08333333333337,inside_visible,1015.2249523809523,694.1971904761905,1
erJVXbaIicU_260-1684,818,1,598.9032258064516,153.38709677419354,214.0,256.0,inside_visible,1026.2764444444445,692.130888888889,0
erJVXbaIicU_260-1684,818,2,1086.0,274.0,191.5,240.5,inside_visible,1015.0662222222222,694.1654444444445,1
erJVXbaIicU_260-1684,819,1,598.6774193548387,153.29032258064515,214.0,256.0,inside_visible,1026.1542222222222,692.0864444444445,0
erJVXbaIicU_260-1684,819,2,1085.3333333333333,274.0,191.41666666666677,240.91666666666663,inside_visible,1014.907492063492,694.1336984126984,1
erJVXbaIicU_260-1684,820,1,598.4516129032259,153.19354838709677,214.0,256.0,inside_visible,1026.032,692.042,0
erJVXbaIicU_260-1684,820,2,1084.6666666666667,274.0,191.3333333333333,241.33333333333337,inside_visible,1014.748761904762,694.1019523809524,1
erJVXbaIicU_260-1684,821,1,598.2258064516129,153.09677419354838,214.0,256.0,inside_visible,1025.909777777778,691.9975555555557,0
erJVXbaIicU_260-1684,821,2,1084.0,274.0,191.25,241.75,inside_visible,1014.590031746032,694.0702063492064,1
erJVXbaIicU_260-1684,822,1,598.0,153.0,214.0,256.0,inside_visible,1025.7875555555556,691.9531111111112,0
erJVXbaIicU_260-1684,822,2,1083.3333333333333,274.0,191.16666666666677,242.16666666666663,inside_visible,1014.4313015873016,694.0384603174604,1
erJVXbaIicU_260-1684,823,1,596.8181818181819,151.8181818181818,214.0,256.0,inside_visible,1025.6653333333334,691.9086666666667,0
erJVXbaIicU_260-1684,823,2,1082.6666666666667,274.0,191.0833333333333,242.58333333333337,inside_visible,1014.2725714285716,694.0067142857143,1
erJVXbaIicU_260-1684,824,1,595.6363636363636,150.63636363636363,214.0,256.0,inside_visible,1025.543111111111,691.8642222222222,0
erJVXbaIicU_260-1684,824,2,1082.0,274.0,191.0,243.0,inside_visible,1014.1138412698414,693.9749682539683,1
erJVXbaIicU_260-1684,825,1,594.4545454545455,149.45454545454547,214.0,256.0,inside_visible,1025.4208888888888,691.8197777777779,0
erJVXbaIicU_260-1684,825,2,1078.75,274.0,190.75,243.25,inside_visible,1013.9551111111113,693.9432222222222,1
erJVXbaIicU_260-1684,826,1,593.2727272727273,148.27272727272728,214.0,256.0,inside_visible,1025.2986666666666,691.7753333333334,0
erJVXbaIicU_260-1684,826,2,1075.5,274.0,190.5,243.5,inside_visible,1013.796380952381,693.9114761904762,1
erJVXbaIicU_260-1684,827,1,592.0909090909091,147.0909090909091,214.0,256.0,inside_visible,1025.1764444444443,691.7308888888889,0
erJVXbaIicU_260-1684,827,2,1072.25,274.0,190.25,243.75,inside_visible,1013.6376507936508,693.8797301587301,1
erJVXbaIicU_260-1684,828,1,590.9090909090909,145.9090909090909,214.0,256.0,inside_visible,1025.0542222222225,691.6864444444445,0
erJVXbaIicU_260-1684,828,2,1069.0,274.0,190.0,244.0,inside_visible,1013.4789206349208,693.8479841269841,1
erJVXbaIicU_260-1684,829,1,589.7272727272727,144.72727272727272,214.0,256.0,inside_visible,1024.932,691.642,0
erJVXbaIicU_260-1684,829,2,1066.3333333333333,274.3333333333333,190.0,244.2666666666667,inside_visible,1013.3201904761904,693.8162380952381,1
erJVXbaIicU_260-1684,830,1,588.5454545454545,143.54545454545453,214.0,256.0,inside_visible,1021.90075,692.392,0
erJVXbaIicU_260-1684,830,2,1063.6666666666667,274.6666666666667,190.0,244.53333333333336,inside_visible,1013.1614603174604,693.784492063492,1
erJVXbaIicU_260-1684,831,1,587.3636363636364,142.36363636363637,214.0,256.0,inside_visible,1018.8695,693.142,0
erJVXbaIicU_260-1684,831,2,1061.0,275.0,190.0,244.79999999999995,inside_visible,1013.0027301587302,693.752746031746,1
erJVXbaIicU_260-1684,832,1,586.1818181818181,141.1818181818182,214.0,256.0,inside_visible,1015.83825,693.892,0
erJVXbaIicU_260-1684,832,2,1058.3333333333333,275.3333333333333,190.0,245.06666666666663,inside_visible,1012.844,693.721,1
erJVXbaIicU_260-1684,833,1,585.0,140.0,214.0,256.0,inside_visible,1012.807,694.642,0
erJVXbaIicU_260-1684,833,2,1055.6666666666667,275.6666666666667,190.0,245.3333333333333,inside_visible,1012.1773333333334,693.721,1
erJVXbaIicU_260-1684,834,1,584.0,139.83333333333334,214.0,255.83333333333331,inside_visible,1009.77575,695.392,0
erJVXbaIicU_260-1684,834,2,1053.0,276.0,190.0,245.6,inside_visible,1011.5106666666668,693.721,1
erJVXbaIicU_260-1684,835,1,583.0,139.66666666666666,214.0,255.66666666666663,inside_visible,1006.7445,696.142,0
erJVXbaIicU_260-1684,835,2,1050.3333333333333,276.3333333333333,190.0,245.86666666666676,inside_visible,1010.844,693.721,1
erJVXbaIicU_260-1684,836,1,582.0,139.5,214.0,255.5,inside_visible,1003.71325,696.892,0
erJVXbaIicU_260-1684,836,2,1047.6666666666667,276.6666666666667,190.0,246.13333333333327,inside_visible,1010.1773333333334,693.721,1
erJVXbaIicU_260-1684,837,1,581.0,139.33333333333334,214.0,255.33333333333331,inside_visible,1000.682,697.642,0
erJVXbaIicU_260-1684,837,2,1045.0,277.0,190.0,246.4,inside_visible,1009.5106666666668,693.721,1
erJVXbaIicU_260-1684,838,1,580.0,139.16666666666666,214.0,255.16666666666663,inside_visible,1000.8154,697.3086000000001,0
erJVXbaIicU_260-1684,838,2,1042.3333333333333,277.3333333333333,190.0,246.66666666666669,inside_visible,1008.844,693.721,1
erJVXbaIicU_260-1684,839,1,579.0,139.0,214.0,255.0,inside_visible,1000.9488,696.9752000000001,0
erJVXbaIicU_260-1684,839,2,1039.6666666666667,277.6666666666667,190.0,246.9333333333333,inside_visible,1008.1773333333334,693.721,1
erJVXbaIicU_260-1684,840,1,578.7428571428571,138.88571428571427,214.0,254.9142857142857,inside_visible,1001.0822,696.6418,0
erJVXbaIicU_260-1684,840,2,1037.0,278.0,190.0,247.20000000000005,inside_visible,1007.5106666666668,693.721,1
erJVXbaIicU_260-1684,841,1,578.4857142857143,138.77142857142857,214.0,254.82857142857145,inside_visible,1001.2156,696.3084,0
erJVXbaIicU_260-1684,841,2,1034.3333333333333,278.3333333333333,190.0,247.46666666666664,inside_visible,1006.844,693.721,1
erJVXbaIicU_260-1684,842,1,578.2285714285714,138.65714285714284,214.0,254.74285714285716,inside_visible,1001.349,695.975,0
erJVXbaIicU_260-1684,842,2,1031.6666666666667,278.6666666666667,190.0,247.7333333333333,inside_visible,1006.1773333333334,693.721,1
erJVXbaIicU_260-1684,843,1,577.9714285714285,138.54285714285714,214.0,254.65714285714284,inside_visible,994.349,695.975,0
erJVXbaIicU_260-1684,843,2,1029.0,279.0,190.0,248.0,inside_visible,1005.5106666666668,693.721,1
erJVXbaIicU_260-1684,844,1,577.7142857142857,138.42857142857142,214.0,254.57142857142856,inside_visible,995.5610909090908,694.4901818181819,0
erJVXbaIicU_260-1684,844,2,1028.0,279.0,190.25,247.25,inside_visible,1004.844,693.721,1
erJVXbaIicU_260-1684,845,1,577.4571428571429,138.31428571428572,214.0,254.4857142857143,inside_visible,996.773181818182,693.0053636363637,0
erJVXbaIicU_260-1684,845,2,1027.0,279.0,190.5,246.5,inside_visible,1010.01075,692.721,1
erJVXbaIicU_260-1684,846,1,577.2,138.2,214.0,254.40000000000003,inside_visible,997.9852727272728,691.5205454545455,0
erJVXbaIicU_260-1684,846,2,1026.0,279.0,190.75,245.75,inside_visible,1015.1775,691.721,1
erJVXbaIicU_260-1684,847,1,576.9428571428572,138.0857142857143,214.0,254.3142857142857,inside_visible,999.1973636363635,690.0357272727273,0
erJVXbaIicU_260-1684,847,2,1025.0,279.0,191.0,245.0,inside_visible,1020.34425,690.721,1
erJVXbaIicU_260-1684,848,1,576.6857142857143,137.97142857142856,214.0,254.22857142857143,inside_visible,1000.4094545454544,688.5509090909092,0
erJVXbaIicU_260-1684,848,2,1024.8,279.4,191.20000000000005,245.4,inside_visible,1025.511,689.721,1
erJVXbaIicU_260-1684,849,1,576.4285714285714,137.85714285714286,214.0,254.14285714285717,inside_visible,1001.6215454545456,687.0660909090909,0
erJVXbaIicU_260-1684,849,2,1024.6,279.8,191.4000000000001,245.8,inside_visible,1024.67775,687.55425,1
erJVXbaIicU_260-1684,850,1,576.1714285714286,137.74285714285713,214.0,254.05714285714288,inside_visible,1002.8336363636364,685.5812727272728,0
erJVXbaIicU_260-1684,850,2,1024.4,280.2,191.5999999999999,246.2,inside_visible,1023.8445,685.3875,1
erJVXbaIicU_260-1684,851,1,575.9142857142857,137.62857142857143,214.0,253.9714285714286,inside_visible,1004.0457272727272,684.0964545454545,0
erJVXbaIicU_260-1684,851,2,1024.2,280.6,191.79999999999995,246.6,inside_visible,1023.01125,683.22075,1
erJVXbaIicU_260-1684,852,1,575.6571428571428,137.5142857142857,214.0,253.88571428571427,inside_visible,1005.2578181818182,682.6116363636364,0
erJVXbaIicU_260-1684,852,2,1024.0,281.0,192.0,247.0,inside_visible,1022.178,681.054,1
erJVXbaIicU_260-1684,853,1,575.4,137.4,214.0,253.8,inside_visible,1006.4699090909093,681.1268181818182,0
erJVXbaIicU_260-1684,853,2,1023.8,281.8,192.20000000000005,246.2,inside_visible,1020.8445,678.7204999999999,1
erJVXbaIicU_260-1684,854,1,575.1428571428571,137.28571428571428,214.0,253.7142857142857,inside_visible,1007.682,679.642,0
erJVXbaIicU_260-1684,854,2,1023.6,282.6,192.4,245.4,inside_visible,1019.511,676.387,1
erJVXbaIicU_260-1684,855,1,574.8857142857142,137.17142857142858,214.0,253.62857142857143,inside_visible,1008.7486,680.1086,0
erJVXbaIicU_260-1684,855,2,1023.4,283.4,192.6,244.6,inside_visible,1020.1776666666666,677.4979999999999,1
erJVXbaIicU_260-1684,856,1,574.6285714285714,137.05714285714285,214.0,253.5428571428572,inside_visible,1009.8152,680.5752,0
erJVXbaIicU_260-1684,856,2,1023.2,284.2,192.79999999999995,243.8,inside_visible,1020.8443333333332,678.609,1
erJVXbaIicU_260-1684,857,1,574.3714285714286,136.94285714285715,214.0,253.45714285714283,inside_visible,1010.8818,681.0418000000001,0
erJVXbaIicU_260-1684,857,2,1023.0,285.0,193.0,243.0,inside_visible,1021.511,679.72,1
erJVXbaIicU_260-1684,858,1,574.1142857142858,136.82857142857142,214.0,253.37142857142857,inside_visible,1011.9484,681.5084,0
erJVXbaIicU_260-1684,858,2,1023.5384615384615,284.61538461538464,192.9999999999999,243.15384615384608,inside_visible,1021.1538571428572,679.9105000000001,1
erJVXbaIicU_260-1684,859,1,573.8571428571429,136.71428571428572,214.0,253.28571428571428,inside_visible,1013.015,681.975,0
erJVXbaIicU_260-1684,859,2,1024.076923076923,284.2307692307692,193.0,243.30769230769232,inside_visible,1020.7967142857144,680.101,1
erJVXbaIicU_260-1684,860,1,573.6,136.6,214.0,253.2,inside_visible,1013.015,682.1083,0
erJVXbaIicU_260-1684,860,2,1024.6153846153843,283.84615384615387,193.0,243.4615384615384,inside_visible,1020.4395714285714,680.2915,1
erJVXbaIicU_260-1684,861,1,573.3428571428572,136.4857142857143,214.0,253.11428571428573,inside_visible,1013.015,682.2416000000001,0
erJVXbaIicU_260-1684,861,2,1025.1538461538462,283.46153846153845,193.0,243.61538461538464,inside_visible,1020.0824285714284,680.482,1
erJVXbaIicU_260-1684,862,1,573.0857142857143,136.37142857142857,214.0,253.0285714285714,inside_visible,1013.015,682.3749,0
erJVXbaIicU_260-1684,862,2,1025.6923076923076,283.0769230769231,193.0,243.76923076923072,inside_visible,1019.7252857142856,680.6725,1
erJVXbaIicU_260-1684,863,1,572.8285714285714,136.25714285714287,214.0,252.94285714285712,inside_visible,1013.015,682.5082,0
erJVXbaIicU_260-1684,863,2,1026.2307692307693,282.6923076923077,193.0,243.92307692307696,inside_visible,1019.3681428571427,680.8629999999999,1
erJVXbaIicU_260-1684,864,1,572.5714285714286,136.14285714285714,214.0,252.8571428571429,inside_visible,1013.015,682.6415,0
erJVXbaIicU_260-1684,864,2,1026.7692307692307,282.3076923076923,193.0,244.07692307692304,inside_visible,1019.011,681.0535,1
erJVXbaIicU_260-1684,865,1,572.3142857142857,136.02857142857144,214.0,252.77142857142857,inside_visible,1013.015,682.7748,0
erJVXbaIicU_260-1684,865,2,1027.3076923076924,281.9230769230769,193.0,244.23076923076928,inside_visible,1018.6538571428572,681.244,1
erJVXbaIicU_260-1684,866,1,572.0571428571428,135.9142857142857,214.0,252.6857142857143,inside_visible,1013.015,682.9081,0
erJVXbaIicU_260-1684,866,2,1027.8461538461538,281.53846153846155,193.0,244.38461538461536,inside_visible,1018.2967142857144,681.4345,1
erJVXbaIicU_260-1684,867,1,571.8,135.8,214.0,252.6,inside_visible,1013.015,683.0414,0
erJVXbaIicU_260-1684,867,2,1028.3846153846157,281.15384615384613,193.0,244.5384615384616,inside_visible,1017.9395714285714,681.625,1
erJVXbaIicU_260-1684,868,1,571.5428571428571,135.68571428571428,214.0,252.5142857142857,inside_visible,1013.015,683.1747,0
erJVXbaIicU_260-1684,868,2,1028.923076923077,280.7692307692308,193.0,244.69230769230768,inside_visible,1017.5824285714284,681.8154999999999,1
erJVXbaIicU_260-1684,869,1,571.2857142857143,135.57142857142858,214.0,252.42857142857144,inside_visible,1013.015,683.308,0
erJVXbaIicU_260-1684,869,2,1029.4615384615386,280.38461538461536,193.0,244.84615384615392,inside_visible,1017.2252857142856,682.006,1
erJVXbaIicU_260-1684,870,1,571.0285714285715,135.45714285714286,214.0,252.3428571428572,inside_visible,1013.815,684.2414,0
erJVXbaIicU_260-1684,870,2,1030.0,280.0,193.0,245.0,inside_visible,1016.8681428571427,682.1964999999999,1
erJVXbaIicU_260-1684,871,1,570.7714285714286,135.34285714285716,214.0,252.25714285714287,inside_visible,1014.615,685.1748,0
erJVXbaIicU_260-1684,871,2,1033.142857142857,279.57142857142856,193.57142857142867,242.57142857142856,inside_visible,1016.511,682.387,1
erJVXbaIicU_260-1684,872,1,570.5142857142857,135.22857142857143,214.0,252.17142857142852,inside_visible,1015.415,686.1082,0
erJVXbaIicU_260-1684,872,2,1036.2857142857142,279.1428571428572,194.1428571428571,240.1428571428572,gaze_shift,978.2252857142856,629.006,1
erJVXbaIicU_260-1684,873,1,570.2571428571429,135.11428571428573,214.0,252.08571428571423,inside_visible,1016.215,687.0416,0
erJVXbaIicU_260-1684,873,2,1039.428571428571,278.7142857142857,194.71428571428575,237.7142857142857,gaze_shift,939.9395714285714,575.625,1
erJVXbaIicU_260-1684,874,1,570.0,135.0,214.0,252.0,inside_visible,1017.015,687.975,0
erJVXbaIicU_260-1684,874,2,1042.571428571429,278.2857142857143,195.28571428571425,235.28571428571428,gaze_shift,901.6538571428572,522.244,1
erJVXbaIicU_260-1684,875,1,570.125,134.5625,214.0,251.875,inside_visible,1015.1745,689.133,0
erJVXbaIicU_260-1684,875,2,1045.7142857142858,277.85714285714283,195.8571428571429,232.8571428571429,gaze_shift,863.3681428571429,468.863,1
erJVXbaIicU_260-1684,876,1,570.25,134.125,214.0,251.75,inside_visible,1013.334,690.291,0
erJVXbaIicU_260-1684,876,2,1048.857142857143,277.42857142857144,196.42857142857133,230.4285714285714,gaze_shift,825.0824285714285,415.482,1
erJVXbaIicU_260-1684,877,1,570.375,133.6875,214.0,251.625,gaze_shift,1024.9934285714285,649.6635714285715,0
erJVXbaIicU_260-1684,877,2,1052.0,277.0,197.0,228.0,gaze_shift,786.7967142857143,362.10100000000006,1
erJVXbaIicU_260-1684,878,1,570.5,133.25,214.0,251.5,gaze_shift,1036.652857142857,609.0361428571429,0
erJVXbaIicU_260-1684,878,2,1055.3333333333333,277.0,197.16666666666677,227.5,inside_visible,748.511,308.72,1
erJVXbaIicU_260-1684,879,1,570.625,132.8125,214.0,251.375,gaze_shift,1048.3122857142855,568.4087142857143,0
erJVXbaIicU_260-1684,879,2,1058.6666666666667,277.0,197.3333333333333,227.0,inside_visible,749.601,306.8032,1
erJVXbaIicU_260-1684,880,1,570.75,132.375,214.0,251.25,gaze_shift,1059.9717142857144,527.7812857142858,0
erJVXbaIicU_260-1684,880,2,1062.0,277.0,197.5,226.5,inside_visible,750.691,304.88640000000004,1
erJVXbaIicU_260-1684,881,1,570.875,131.9375,214.0,251.125,gaze_shift,1071.6311428571428,487.1538571428572,0
erJVXbaIicU_260-1684,881,2,1065.3333333333333,277.0,197.66666666666677,226.0,inside_visible,751.781,302.9696,1
erJVXbaIicU_260-1684,882,1,571.0,131.5,214.0,251.0,gaze_shift,1083.2905714285714,446.5264285714286,0
erJVXbaIicU_260-1684,882,2,1068.6666666666667,277.0,197.8333333333333,225.5,inside_visible,752.871,301.05280000000005,1
erJVXbaIicU_260-1684,883,1,571.125,131.0625,214.0,250.875,inside_visible,1094.95,405.899,0
erJVXbaIicU_260-1684,883,2,1072.0,277.0,198.0,225.0,inside_visible,753.961,299.136,1
erJVXbaIicU_260-1684,884,1,571.25,130.625,214.0,250.75,inside_visible,1097.632833333333,405.0903333333333,0
erJVXbaIicU_260-1684,884,2,1074.7777777777778,277.0,198.22222222222217,224.55555555555557,inside_visible,755.961,295.886,1
erJVXbaIicU_260-1684,885,1,571.375,130.1875,214.0,250.625,inside_visible,1100.3156666666666,404.2816666666667,0
erJVXbaIicU_260-1684,885,2,1077.5555555555557,277.0,198.44444444444437,224.1111111111111,inside_visible,757.961,292.636,1
erJVXbaIicU_260-1684,886,1,571.5,129.75,214.0,250.5,inside_visible,1102.9985,403.473,0
erJVXbaIicU_260-1684,886,2,1080.3333333333333,277.0,198.66666666666677,223.66666666666669,inside_visible,759.961,289.386,1
erJVXbaIicU_260-1684,887,1,571.625,129.3125,214.0,250.375,inside_visible,1105.6813333333334,402.6643333333333,0
erJVXbaIicU_260-1684,887,2,1083.111111111111,277.0,198.8888888888889,223.22222222222223,inside_visible,761.961,286.136,1
erJVXbaIicU_260-1684,888,1,571.75,128.875,214.0,250.25,inside_visible,1108.3641666666667,401.8556666666667,0
erJVXbaIicU_260-1684,888,2,1085.888888888889,277.0,199.1111111111111,222.77777777777777,inside_visible,765.461,283.136,1
erJVXbaIicU_260-1684,889,1,571.875,128.4375,214.0,250.125,inside_visible,1111.047,401.047,0
erJVXbaIicU_260-1684,889,2,1088.6666666666667,277.0,199.3333333333333,222.3333333333333,inside_visible,768.961,280.136,1
erJVXbaIicU_260-1684,890,1,572.0,128.0,214.0,250.0,inside_visible,1112.2136666666668,400.547,0
erJVXbaIicU_260-1684,890,2,1091.4444444444443,277.0,199.55555555555569,221.8888888888889,inside_visible,772.461,277.136,1
erJVXbaIicU_260-1684,891,1,572.8666666666667,127.86666666666666,214.0,250.0,inside_visible,1113.3803333333333,400.047,0
erJVXbaIicU_260-1684,891,2,1094.2222222222222,277.0,199.77777777777783,221.44444444444449,inside_visible,775.961,274.136,1
erJVXbaIicU_260-1684,892,1,573.7333333333333,127.73333333333332,214.0,250.0,inside_visible,1114.547,399.547,0
erJVXbaIicU_260-1684,892,2,1097.0,277.0,200.0,221.0,inside_visible,776.6276666666666,274.636,1
erJVXbaIicU_260-1684,893,1,574.6,127.6,214.0,250.00000000000003,inside_visible,1115.7136666666668,399.047,0
erJVXbaIicU_260-1684,893,2,1097.5,277.0,200.0,220.5,inside_visible,777.2943333333334,275.136,1
erJVXbaIicU_260-1684,894,1,575.4666666666667,127.46666666666668,214.0,250.0,inside_visible,1116.8803333333333,398.547,0
erJVXbaIicU_260-1684,894,2,1098.0,277.0,200.0,220.0,inside_visible,777.961,275.636,1
erJVXbaIicU_260-1684,895,1,576.3333333333334,127.33333333333331,214.0,250.0,inside_visible,1118.047,398.047,0
erJVXbaIicU_260-1684,895,2,1098.1803278688524,277.04918032786884,200.1967213114756,219.8688524590164,inside_visible,778.6276666666666,276.136,1
erJVXbaIicU_260-1684,896,1,577.2,127.2,214.0,250.0,inside_visible,1118.2345,397.8595,0
erJVXbaIicU_260-1684,896,2,1098.360655737705,277.0983606557377,200.39344262295072,219.7377049180328,inside_visible,779.2943333333334,276.636,1
erJVXbaIicU_260-1684,897,1,578.0666666666667,127.06666666666666,214.0,250.0,inside_visible,1118.422,397.672,0
erJVXbaIicU_260-1684,897,2,1098.5409836065571,277.1475409836066,200.5901639344263,219.6065573770492,inside_visible,779.961,277.136,1
erJVXbaIicU_260-1684,898,1,578.9333333333333,126.93333333333334,214.0,250.0,eyes_closed,1118.6095,397.4845,0
erJVXbaIicU_260-1684,898,2,1098.72131147541,277.1967213114754,200.78688524590143,219.4754098360656,inside_visible,780.6276666666666,277.636,1
erJVXbaIicU_260-1684,899,1,579.8,126.8,214.0,250.0,eyes_closed,1118.797,397.297,0
erJVXbaIicU_260-1684,899,2,1098.9016393442623,277.24590163934425,200.98360655737704,219.344262295082,inside_visible,781.2943333333334,278.136,1
erJVXbaIicU_260-1684,900,1,580.6666666666666,126.66666666666669,214.0,250.0,eyes_closed,1118.9845,397.1095,0
erJVXbaIicU_260-1684,900,2,1099.0819672131147,277.2950819672131,201.1803278688526,219.2131147540984,inside_visible,781.961,278.636,1
erJVXbaIicU_260-1684,901,1,581.5333333333333,126.53333333333332,214.0,250.00000000000003,eyes_closed,1119.172,396.922,0
erJVXbaIicU_260-1684,901,2,1099.2622950819673,277.344262295082,201.37704918032773,219.08196721311475,inside_visible,782.6276666666666,279.136,1
erJVXbaIicU_260-1684,902,1,582.4,126.4,214.0,250.0,inside_visible,1119.3595,396.7345,0
erJVXbaIicU_260-1684,902,2,1099.4426229508197,277.39344262295083,201.5737704918033,218.9508196721312,inside_visible,783.2943333333334,279.636,1
erJVXbaIicU_260-1684,903,1,583.2666666666667,126.26666666666668,214.0,250.0,inside_visible,1119.547,396.547,0
erJVXbaIicU_260-1684,903,2,1099.622950819672,277.44262295081967,201.77049180327867,218.8196721311476,inside_visible,783.961,280.136,1
erJVXbaIicU_260-1684,904,1,584.1333333333333,126.13333333333334,214.0,250.0,inside_visible,1119.7345,396.3595,0
erJVXbaIicU_260-1684,904,2,1099.8032786885246,277.4918032786885,201.96721311475403,218.688524590164,inside_visible,784.6276666666666,280.636,1
erJVXbaIicU_260-1684,905,1,585.0,126.0,214.0,250.0,inside_visible,1119.922,396.172,0
erJVXbaIicU_260-1684,905,2,1099.983606557377,277.5409836065574,202.1639344262296,218.55737704918027,inside_visible,785.2943333333334,281.136,1
erJVXbaIicU_260-1684,906,1,585.578947368421,126.15789473684212,214.0,250.0,inside_visible,1120.1095,395.9845,0
erJVXbaIicU_260-1684,906,2,1100.1639344262296,277.59016393442624,202.36065573770475,218.42622950819668,inside_visible,785.961,281.636,1
erJVXbaIicU_260-1684,907,1,586.1578947368421,126.3157894736842,214.0,250.0,inside_visible,1120.297,395.797,0
erJVXbaIicU_260-1684,907,2,1100.344262295082,277.6393442622951,202.55737704918036,218.2950819672131,inside_visible,786.6276666666666,282.136,1
erJVXbaIicU_260-1684,908,1,586.7368421052631,126.47368421052632,214.0,250.0,inside_visible,1120.4845,395.6095,0
erJVXbaIicU_260-1684,908,2,1100.5245901639344,277.6885245901639,202.7540983606557,218.1639344262295,inside_visible,787.2943333333334,282.636,1
erJVXbaIicU_260-1684,909,1,587.3157894736842,126.63157894736842,214.0,250.0,inside_visible,1120.672,395.422,0
erJVXbaIicU_260-1684,909,2,1100.704918032787,277.7377049180328,202.95081967213105,218.0327868852459,inside_visible,787.961,283.136,1
erJVXbaIicU_260-1684,910,1,587.8947368421053,126.78947368421052,214.0,250.0,inside_visible,1120.8595,395.2345,0
erJVXbaIicU_260-1684,910,2,1100.885245901639,277.78688524590166,203.14754098360663,217.90163934426224,inside_visible,788.6276666666666,283.636,1
erJVXbaIicU_260-1684,911,1,588.4736842105264,126.94736842105264,214.0,250.00000000000003,inside_visible,1121.047,395.047,0
erJVXbaIicU_260-1684,911,2,1101.0655737704917,277.8360655737705,203.344262295082,217.77049180327867,inside_visible,789.2943333333334,284.136,1
erJVXbaIicU_260-1684,912,1,589.0526315789474,127.10526315789474,214.0,250.0,inside_visible,1121.2345,394.8595,0
erJVXbaIicU_260-1684,912,2,1101.2459016393443,277.88524590163934,203.54098360655732,217.63934426229508,inside_visible,789.961,284.636,1
erJVXbaIicU_260-1684,913,1,589.6315789473684,127.26315789473684,214.0,250.0,inside_visible,1121.422,394.672,0
erJVXbaIicU_260-1684,913,2,1101.426229508197,277.9344262295082,203.73770491803293,217.5081967213115,inside_visible,790.6276666666666,285.136,1
erJVXbaIicU_260-1684,914,1,590.2105263157895,127.42105263157896,214.0,250.0,inside_visible,1121.6095,394.4845,0
erJVXbaIicU_260-1684,914,2,1101.6065573770493,277.9836065573771,203.9344262295081,217.37704918032784,inside_visible,791.2943333333334,285.636,1
erJVXbaIicU_260-1684,915,1,590.7894736842105,127.57894736842104,214.0,250.0,inside_visible,1121.797,394.297,0
erJVXbaIicU_260-1684,915,2,1101.7868852459017,278.0327868852459,204.13114754098365,217.24590163934425,inside_visible,791.961,286.136,1
erJVXbaIicU_260-1684,916,1,591.3684210526316,127.73684210526316,214.0,250.0,inside_visible,1121.9845,394.1095,0
erJVXbaIicU_260-1684,916,2,1101.967213114754,278.08196721311475,204.327868852459,217.11475409836063,inside_visible,792.0143333333333,286.29600000000005,1
erJVXbaIicU_260-1684,917,1,591.9473684210526,127.89473684210526,214.0,250.0,inside_visible,1122.172,393.922,0
erJVXbaIicU_260-1684,917,2,1102.1475409836066,278.1311475409836,204.5245901639344,216.98360655737707,inside_visible,792.0676666666667,286.456,1
erJVXbaIicU_260-1684,918,1,592.5263157894736,128.05263157894737,214.0,250.0,inside_visible,1122.3595,393.7345,0
erJVXbaIicU_260-1684,918,2,1102.327868852459,278.1803278688525,204.72131147540995,216.85245901639345,inside_visible,792.121,286.61600000000004,1
erJVXbaIicU_260-1684,919,1,593.1052631578947,128.21052631578948,214.0,250.0,inside_visible,1122.547,393.547,0
erJVXbaIicU_260-1684,919,2,1102.5081967213114,278.2295081967213,204.9180327868853,216.72131147540983,inside_visible,792.1743333333334,286.776,1
erJVXbaIicU_260-1684,920,1,593.6842105263158,128.3684210526316,214.0,250.0,inside_visible,1122.7345,393.3595,0
erJVXbaIicU_260-1684,920,2,1102.688524590164,278.27868852459017,205.11475409836063,216.59016393442624,inside_visible,792.2276666666667,286.93600000000004,1
erJVXbaIicU_260-1684,921,1,594.2631578947369,128.52631578947367,214.0,250.00000000000003,inside_visible,1122.922,393.172,0
erJVXbaIicU_260-1684,921,2,1102.8688524590164,278.327868852459,205.311475409836,216.45901639344265,inside_visible,792.2810000000001,287.096,1
erJVXbaIicU_260-1684,922,1,594.8421052631579,128.68421052631578,214.0,250.0,inside_visible,1123.1095,392.9845,0
erJVXbaIicU_260-1684,922,2,1103.049180327869,278.37704918032784,205.50819672131135,216.32786885245903,inside_visible,792.3343333333333,287.25600000000003,1
erJVXbaIicU_260-1684,923,1,595.421052631579,128.8421052631579,214.0,250.00000000000003,inside_visible,1123.297,392.797,0
erJVXbaIicU_260-1684,923,2,1103.229508196721,278.42622950819674,205.70491803278696,216.1967213114754,inside_visible,792.3876666666666,287.416,1
erJVXbaIicU_260-1684,924,1,596.0,129.0,214.0,250.0,inside_visible,1123.4845,392.6095,0
erJVXbaIicU_260-1684,924,2,1103.4098360655737,278.4754098360656,205.90163934426232,216.06557377049185,inside_visible,792.441,287.576,1
erJVXbaIicU_260-1684,925,1,596.2666666666667,129.46666666666667,214.0,250.0,inside_visible,1123.672,392.422,0
erJVXbaIicU_260-1684,925,2,1103.5901639344263,278.5245901639344,206.09836065573768,215.93442622950815,inside_visible,792.4943333333333,287.73600000000005,1
erJVXbaIicU_260-1684,926,1,596.5333333333333,129.93333333333334,214.0,250.0,inside_visible,1123.8595,392.2345,0
erJVXbaIicU_260-1684,926,2,1103.770491803279,278.57377049180326,206.29508196721304,215.80327868852456,inside_visible,792.5476666666667,287.896,1
erJVXbaIicU_260-1684,927,1,596.8,130.4,214.0,250.0,inside_visible,1124.047,392.047,0
erJVXbaIicU_260-1684,927,2,1103.950819672131,278.62295081967216,206.49180327868865,215.6721311475409,inside_visible,792.601,288.05600000000004,1
erJVXbaIicU_260-1684,928,1,597.0666666666667,130.86666666666667,214.0,250.0,inside_visible,1124.447,392.447,0
erJVXbaIicU_260-1684,928,2,1104.1311475409836,278.672131147541,206.688524590164,215.54098360655732,inside_visible,792.6543333333334,288.216,1
erJVXbaIicU_260-1684,929,1,597.3333333333334,131.33333333333334,214.0,250.0,inside_visible,1124.847,392.847,0
erJVXbaIicU_260-1684,929,2,1104.311475409836,278.72131147540983,206.8852459016393,215.40983606557376,eyes_closed,792.7076666666667,288.37600000000003,1
erJVXbaIicU_260-1684,930,1,597.6,131.8,214.0,250.0,inside_visible,1125.247,393.247,0
erJVXbaIicU_260-1684,930,2,1104.4918032786886,278.7704918032787,207.0819672131147,215.27868852459017,inside_visible,792.761,288.536,1
erJVXbaIicU_260-1684,931,1,597.8666666666667,132.26666666666668,214.0,250.0,inside_visible,1125.647,393.6470000000001,0
erJVXbaIicU_260-1684,931,2,1104.672131147541,278.8196721311475,207.27868852459005,215.14754098360655,inside_visible,792.8143333333334,288.696,1
erJVXbaIicU_260-1684,932,1,598.1333333333333,132.73333333333332,214.0,250.00000000000003,inside_visible,1126.047,394.047,0
erJVXbaIicU_260-1684,932,2,1104.8524590163934,278.8688524590164,207.47540983606564,215.01639344262293,inside_visible,792.8676666666667,288.85600000000005,1
erJVXbaIicU_260-1684,933,1,598.4,133.2,214.0,250.0,inside_visible,1126.447,394.447,0
erJVXbaIicU_260-1684,933,2,1105.032786885246,278.91803278688525,207.672131147541,214.8852459016393,inside_visible,792.921,289.016,1
erJVXbaIicU_260-1684,934,1,598.6666666666666,133.66666666666666,214.0,250.00000000000003,inside_visible,1126.847,394.847,0
erJVXbaIicU_260-1684,934,2,1105.2131147540983,278.9672131147541,207.86885245901635,214.75409836065572,inside_visible,792.9743333333333,289.17600000000004,1
erJVXbaIicU_260-1684,935,1,598.9333333333333,134.13333333333333,214.0,250.0,inside_visible,1127.247,395.247,0
erJVXbaIicU_260-1684,935,2,1105.3934426229507,279.0163934426229,208.06557377049197,214.62295081967216,inside_visible,793.0276666666667,289.336,1
erJVXbaIicU_260-1684,936,1,599.2,134.6,214.0,250.00000000000003,inside_visible,1127.647,395.6470000000001,0
erJVXbaIicU_260-1684,936,2,1105.573770491803,279.0655737704918,208.26229508196707,214.4918032786885,inside_visible,793.081,289.49600000000004,1
erJVXbaIicU_260-1684,937,1,599.4666666666667,135.06666666666666,214.0,250.0,inside_visible,1128.047,396.047,0
erJVXbaIicU_260-1684,937,2,1105.7540983606557,279.11475409836066,208.45901639344265,214.3606557377049,inside_visible,793.1343333333333,289.656,1
erJVXbaIicU_260-1684,938,1,599.7333333333333,135.53333333333333,214.0,250.00000000000003,inside_visible,1127.8931538461538,396.1752051282052,0
erJVXbaIicU_260-1684,938,2,1105.9344262295083,279.1639344262295,208.655737704918,214.22950819672133,inside_visible,793.1876666666667,289.81600000000003,1
erJVXbaIicU_260-1684,939,1,600.0,136.0,214.0,250.0,inside_visible,1127.7393076923076,396.3034102564103,0
erJVXbaIicU_260-1684,939,2,1106.114754098361,279.21311475409834,208.85245901639337,214.0983606557377,inside_visible,793.241,289.976,1
erJVXbaIicU_260-1684,940,1,600.0689655172414,136.0344827586207,214.0,250.0,inside_visible,1127.5854615384617,396.4316153846154,0
erJVXbaIicU_260-1684,940,2,1106.295081967213,279.26229508196724,209.04918032786892,213.9672131147541,inside_visible,793.2943333333334,290.136,1
erJVXbaIicU_260-1684,941,1,600.1379310344828,136.06896551724137,214.0,250.00000000000003,inside_visible,1127.4316153846155,396.5598205128205,0
erJVXbaIicU_260-1684,941,2,1106.4754098360656,279.3114754098361,209.2459016393443,213.8360655737705,inside_visible,793.3476666666667,290.29600000000005,1
erJVXbaIicU_260-1684,942,1,600.2068965517242,136.10344827586206,214.0,250.00000000000003,eyes_closed,1127.2777692307693,396.68802564102566,0
erJVXbaIicU_260-1684,942,2,1106.655737704918,279.3606557377049,209.44262295081967,213.7049180327869,inside_visible,793.4010000000001,290.456,1
erJVXbaIicU_260-1684,943,1,600.2758620689655,136.13793103448276,214.0,250.0,eyes_closed,1127.1239230769231,396.8162307692308,0
erJVXbaIicU_260-1684,943,2,1106.8360655737704,279.40983606557376,209.63934426229525,213.5737704918033,inside_visible,793.4543333333334,290.61600000000004,1
erJVXbaIicU_260-1684,944,1,600.3448275862069,136.17241379310346,214.0,250.0,eyes_closed,1126.970076923077,396.944435897436,0
erJVXbaIicU_260-1684,944,2,1107.016393442623,279.4590163934426,209.8360655737704,213.44262295081973,inside_visible,793.5076666666666,290.776,1
erJVXbaIicU_260-1684,945,1,600.4137931034483,136.20689655172413,214.0,250.0,eyes_closed,1126.8162307692307,397.0726410256411,0
erJVXbaIicU_260-1684,945,2,1107.1967213114754,279.5081967213115,210.032786885246,213.311475409836,inside_visible,793.561,290.93600000000004,1
erJVXbaIicU_260-1684,946,1,600.4827586206897,136.24137931034485,214.0,250.0,eyes_closed,1126.6623846153846,397.20084615384616,0
erJVXbaIicU_260-1684,946,2,1107.377049180328,279.55737704918033,210.22950819672133,213.18032786885243,inside_visible,793.6143333333333,291.096,1
erJVXbaIicU_260-1684,947,1,600.551724137931,136.27586206896552,214.0,250.0,eyes_closed,1126.5085384615386,397.3290512820513,0
erJVXbaIicU_260-1684,947,2,1107.5573770491803,279.6065573770492,210.42622950819668,213.04918032786884,inside_visible,793.6676666666667,291.25600000000003,1
erJVXbaIicU_260-1684,948,1,600.6206896551724,136.31034482758622,214.0,250.0,inside_visible,1126.3546923076924,397.4572564102564,0
erJVXbaIicU_260-1684,948,2,1107.7377049180327,279.655737704918,210.62295081967227,212.91803278688525,inside_visible,793.721,291.416,1
erJVXbaIicU_260-1684,949,1,600.6896551724138,136.3448275862069,214.0,250.00000000000003,inside_visible,1126.2008461538462,397.5854615384616,0
erJVXbaIicU_260-1684,949,2,1107.9180327868853,279.7049180327869,210.8196721311474,212.7868852459016,inside_visible,793.7743333333334,291.576,1
erJVXbaIicU_260-1684,950,1,600.7586206896551,136.3793103448276,214.0,250.0,inside_visible,1126.047,397.7136666666667,0
erJVXbaIicU_260-1684,950,2,1108.0983606557377,279.75409836065575,211.01639344262296,212.655737704918,inside_visible,793.8276666666667,291.73600000000005,1
erJVXbaIicU_260-1684,951,1,600.8275862068965,136.41379310344828,214.0,250.0,inside_visible,1125.8931538461538,397.8418717948718,0
erJVXbaIicU_260-1684,951,2,1108.27868852459,279.8032786885246,211.21311475409857,212.5245901639344,inside_visible,793.881,291.896,1
erJVXbaIicU_260-1684,952,1,600.8965517241379,136.44827586206895,214.0,250.0,inside_visible,1125.7393076923076,397.9700769230769,0
erJVXbaIicU_260-1684,952,2,1108.4590163934429,279.8524590163934,211.4098360655737,212.39344262295083,inside_visible,793.9343333333334,292.05600000000004,1
erJVXbaIicU_260-1684,953,1,600.9655172413793,136.48275862068965,214.0,250.0,inside_visible,1125.5854615384617,398.09828205128207,0
erJVXbaIicU_260-1684,953,2,1108.639344262295,279.9016393442623,211.60655737704928,212.2622950819672,inside_visible,793.9876666666667,292.216,1
erJVXbaIicU_260-1684,954,1,601.0344827586207,136.51724137931035,214.0,250.0,inside_visible,1125.4316153846155,398.2264871794872,0
erJVXbaIicU_260-1684,954,2,1108.8196721311476,279.9508196721312,211.8032786885244,212.1311475409836,inside_visible,794.041,292.37600000000003,1
erJVXbaIicU_260-1684,955,1,601.1034482758621,136.55172413793105,214.0,250.0,inside_visible,1125.2777692307693,398.3546923076924,0
erJVXbaIicU_260-1684,955,2,1109.0,280.0,212.0,212.0,inside_visible,794.0943333333333,292.536,1
erJVXbaIicU_260-1684,956,1,601.1724137931035,136.58620689655172,214.0,250.00000000000003,inside_visible,1125.1239230769231,398.4828974358975,0
erJVXbaIicU_260-1684,956,2,1108.5555555555557,279.77777777777777,212.0,212.0,inside_visible,794.1476666666666,292.696,1
erJVXbaIicU_260-1684,957,1,601.2413793103449,136.6206896551724,214.0,250.00000000000003,inside_visible,1124.970076923077,398.61110256410257,0
erJVXbaIicU_260-1684,957,2,1108.111111111111,279.55555555555554,212.0,212.0,inside_visible,794.201,292.85600000000005,1
erJVXbaIicU_260-1684,958,1,601.3103448275862,136.6551724137931,214.0,250.0,inside_visible,1124.8162307692307,398.7393076923077,0
erJVXbaIicU_260-1684,958,2,1107.6666666666667,279.3333333333333,212.0,212.0,inside_visible,794.2543333333333,293.016,1
erJVXbaIicU_260-1684,959,1,601.3793103448276,136.68965517241378,214.0,250.0,inside_visible,1124.6623846153846,398.8675128205128,0
erJVXbaIicU_260-1684,959,2,1107.2222222222222,279.1111111111111,212.0,212.0,inside_visible,794.3076666666667,293.17600000000004,1
erJVXbaIicU_260-1684,960,1,601.448275862069,136.72413793103448,214.0,250.0,inside_visible,1124.5085384615386,398.995717948718,0
erJVXbaIicU_260-1684,960,2,1106.7777777777778,278.8888888888889,212.0,212.0,inside_visible,794.361,293.336,1
erJVXbaIicU_260-1684,961,1,601.5172413793103,136.75862068965515,214.0,250.0,inside_visible,1124.3546923076924,399.1239230769231,0
erJVXbaIicU_260-1684,961,2,1106.3333333333333,278.6666666666667,212.0,212.0,inside_visible,794.4143333333334,293.49600000000004,1
erJVXbaIicU_260-1684,962,1,601.5862068965517,136.79310344827587,214.0,250.0,inside_visible,1124.2008461538462,399.25212820512826,0
erJVXbaIicU_260-1684,962,2,1105.888888888889,278.44444444444446,212.0,212.0,inside_visible,794.4676666666667,293.656,1
erJVXbaIicU_260-1684,963,1,601.6551724137931,136.82758620689654,214.0,250.00000000000003,inside_visible,1124.047,399.3803333333333,0
erJVXbaIicU_260-1684,963,2,1105.4444444444443,278.22222222222223,212.0,212.0,inside_visible,794.521,293.81600000000003,1
erJVXbaIicU_260-1684,964,1,601.7241379310345,136.86206896551724,214.0,250.00000000000003,inside_visible,1123.8931538461538,399.5085384615385,0
erJVXbaIicU_260-1684,964,2,1105.0,278.0,212.0,212.0,inside_visible,794.5743333333334,293.976,1
erJVXbaIicU_260-1684,965,1,601.7931034482758,136.89655172413794,214.0,250.0,inside_visible,1123.7393076923076,399.6367435897436,0
erJVXbaIicU_260-1684,965,2,1104.5555555555557,277.77777777777777,212.0,212.0,inside_visible,794.6276666666666,294.136,1
erJVXbaIicU_260-1684,966,1,601.8620689655172,136.93103448275863,214.0,250.0,inside_visible,1123.5854615384617,399.7649487179488,0
erJVXbaIicU_260-1684,966,2,1104.111111111111,277.55555555555554,212.0,212.0,inside_visible,794.681,294.29600000000005,1
erJVXbaIicU_260-1684,967,1,601.9310344827586,136.9655172413793,214.0,250.0,inside_visible,1123.4316153846155,399.8931538461539,0
erJVXbaIicU_260-1684,967,2,1103.6666666666667,277.3333333333333,212.0,212.0,inside_visible,794.7343333333333,294.456,1
erJVXbaIicU_260-1684,968,1,602.0,137.0,214.0,250.0,inside_visible,1123.2777692307693,400.021358974359,0
erJVXbaIicU_260-1684,968,2,1103.2222222222222,277.1111111111111,212.0,212.0,inside_visible,794.7876666666667,294.61600000000004,1
erJVXbaIicU_260-1684,969,1,602.2647058823529,137.05882352941177,214.0,250.0,inside_visible,1123.1239230769231,400.1495641025641,0
erJVXbaIicU_260-1684,969,2,1102.7777777777778,276.8888888888889,212.0,212.0,inside_visible,794.841,294.776,1
erJVXbaIicU_260-1684,970,1,602.5294117647059,137.11764705882354,214.0,250.0,inside_visible,1122.970076923077,400.27776923076925,0
erJVXbaIicU_260-1684,970,2,1102.3333333333333,276.6666666666667,212.0,212.0,inside_visible,794.8943333333333,294.93600000000004,1
erJVXbaIicU_260-1684,971,1,602.7941176470588,137.1764705882353,214.0,250.0,inside_visible,1122.8162307692307,400.4059743589744,0
erJVXbaIicU_260-1684,971,2,1101.888888888889,276.44444444444446,212.0,212.0,inside_visible,794.9476666666667,295.096,1
erJVXbaIicU_260-1684,972,1,603.0588235294117,137.23529411764707,214.0,250.0,inside_visible,1122.6623846153846,400.53417948717953,0
erJVXbaIicU_260-1684,972,2,1101.4444444444443,276.22222222222223,212.0,212.0,inside_visible,795.001,295.25600000000003,1
erJVXbaIicU_260-1684,973,1,603.3235294117648,137.2941176470588,214.0,250.00000000000003,inside_visible,1122.5085384615386,400.6623846153847,0
erJVXbaIicU_260-1684,973,2,1101.0,276.0,212.0,212.0,inside_visible,795.0543333333334,295.416,1
erJVXbaIicU_260-1684,974,1,603.5882352941177,137.35294117647058,214.0,250.00000000000003,inside_visible,1122.3546923076924,400.79058974358975,0
erJVXbaIicU_260-1684,974,2,1101.0588235294117,276.1764705882353,212.0,212.0,inside_visible,795.1076666666667,295.576,1
erJVXbaIicU_260-1684,975,1,603.8529411764706,137.41176470588235,214.0,250.00000000000003,inside_visible,1122.2008461538462,400.9187948717949,0
erJVXbaIicU_260-1684,975,2,1101.1176470588234,276.3529411764706,212.0,212.0,inside_visible,795.1610000000001,295.73600000000005,1
erJVXbaIicU_260-1684,976,1,604.1176470588235,137.47058823529412,214.0,250.00000000000003,inside_visible,1122.047,401.047,0
erJVXbaIicU_260-1684,976,2,1101.1764705882354,276.52941176470586,212.0,212.0,inside_visible,795.2143333333333,295.896,1
erJVXbaIicU_260-1684,977,1,604.3823529411765,137.52941176470588,214.0,250.0,inside_visible,1122.047,400.9025555555556,0
erJVXbaIicU_260-1684,977,2,1101.235294117647,276.7058823529412,212.0,212.0,inside_visible,795.2676666666666,296.05600000000004,1
erJVXbaIicU_260-1684,978,1,604.6470588235294,137.58823529411765,214.0,250.0,inside_visible,1122.047,400.75811111111113,0
erJVXbaIicU_260-1684,978,2,1101.2941176470588,276.88235294117646,212.0,212.0,inside_visible,795.321,296.216,1
erJVXbaIicU_260-1684,979,1,604.9117647058823,137.64705882352942,214.0,250.0,inside_visible,1122.047,400.6136666666667,0
erJVXbaIicU_260-1684,979,2,1101.3529411764705,277.05882352941177,212.0,212.0,inside_visible,795.3743333333333,296.37600000000003,1
erJVXbaIicU_260-1684,980,1,605.1764705882352,137.7058823529412,214.0,250.0,inside_visible,1122.047,400.46922222222224,0
erJVXbaIicU_260-1684,980,2,1101.4117647058824,277.2352941176471,212.0,212.0,inside_visible,795.4276666666667,296.536,1
erJVXbaIicU_260-1684,981,1,605.4411764705883,137.76470588235293,214.0,250.0,inside_visible,1122.047,400.3247777777778,0
erJVXbaIicU_260-1684,981,2,1101.470588235294,277.4117647058824,212.0,212.0,inside_visible,795.481,296.696,1
erJVXbaIicU_260-1684,982,1,605.7058823529412,137.8235294117647,214.0,250.0,inside_visible,1122.047,400.18033333333335,0
erJVXbaIicU_260-1684,982,2,1101.529411764706,277.5882352941176,212.0,212.0,inside_visible,795.5343333333334,296.856,1
erJVXbaIicU_260-1684,983,1,605.9705882352941,137.88235294117646,214.0,250.0,inside_visible,1122.047,400.0358888888889,0
erJVXbaIicU_260-1684,983,2,1101.5882352941176,277.7647058823529,212.0,212.0,inside_visible,795.5876666666667,297.016,1
erJVXbaIicU_260-1684,984,1,606.2352941176471,137.94117647058823,214.0,250.0,inside_visible,1122.047,399.89144444444446,0
erJVXbaIicU_260-1684,984,2,1101.6470588235295,277.94117647058823,212.0,212.0,inside_visible,795.641,297.17600000000004,1
erJVXbaIicU_260-1684,985,1,606.5,138.0,214.0,250.0,inside_visible,1122.047,399.747,0
erJVXbaIicU_260-1684,985,2,1101.7058823529412,278.11764705882354,212.0,212.0,inside_visible,795.6943333333334,297.336,1
erJVXbaIicU_260-1684,986,1,606.7647058823529,138.05882352941177,214.0,250.0,inside_visible,1122.047,399.6025555555556,0
erJVXbaIicU_260-1684,986,2,1101.764705882353,278.29411764705884,212.0,212.0,inside_visible,795.7476666666666,297.49600000000004,1
erJVXbaIicU_260-1684,987,1,607.0294117647059,138.11764705882354,214.0,250.0,inside_visible,1122.047,399.4581111111111,0
erJVXbaIicU_260-1684,987,2,1101.8235294117646,278.47058823529414,212.0,212.0,inside_visible,795.801,297.656,1
erJVXbaIicU_260-1684,988,1,607.2941176470588,138.1764705882353,214.0,250.0,inside_visible,1122.047,399.3136666666667,0
erJVXbaIicU_260-1684,988,2,1101.8823529411766,278.6470588235294,212.0,212.0,inside_visible,795.8543333333333,297.81600000000003,1
erJVXbaIicU_260-1684,989,1,607.5588235294117,138.23529411764707,214.0,250.0,inside_visible,1122.047,399.16922222222223,0
erJVXbaIicU_260-1684,989,2,1101.9411764705883,278.8235294117647,212.0,212.0,inside_visible,795.9076666666667,297.976,1
erJVXbaIicU_260-1684,990,1,607.8235294117648,138.2941176470588,214.0,250.00000000000003,inside_visible,1122.047,399.0247777777778,0
erJVXbaIicU_260-1684,990,2,1102.0,279.0,212.0,212.0,inside_visible,795.961,298.136,1
erJVXbaIicU_260-1684,991,1,608.0882352941177,138.35294117647058,214.0,250.00000000000003,inside_visible,1122.047,398.8803333333333,0
erJVXbaIicU_260-1684,991,2,1101.7096774193549,279.03225806451616,212.0,212.0,inside_visible,796.026934065934,297.6744615384616,1
erJVXbaIicU_260-1684,992,1,608.3529411764706,138.41176470588235,214.0,250.00000000000003,inside_visible,1122.047,398.7358888888889,0
erJVXbaIicU_260-1684,992,2,1101.4193548387098,279.06451612903226,212.0,212.0,inside_visible,796.0928681318682,297.2129230769231,1
erJVXbaIicU_260-1684,993,1,608.6176470588235,138.47058823529412,214.0,250.00000000000003,inside_visible,1122.047,398.5914444444445,0
erJVXbaIicU_260-1684,993,2,1101.1290322580646,279.0967741935484,212.0,212.0,inside_visible,796.1588021978022,296.75138461538467,1
erJVXbaIicU_260-1684,994,1,608.8823529411765,138.52941176470588,214.0,250.0,inside_visible,1122.047,398.447,0
erJVXbaIicU_260-1684,994,2,1100.8387096774193,279.1290322580645,212.0,212.0,inside_visible,796.2247362637363,296.28984615384616,1
erJVXbaIicU_260-1684,995,1,609.1470588235294,138.58823529411765,214.0,250.0,inside_visible,1122.047,398.3025555555556,0
erJVXbaIicU_260-1684,995,2,1100.548387096774,279.16129032258067,212.0,212.0,inside_visible,796.2906703296703,295.8283076923077,1
erJVXbaIicU_260-1684,996,1,609.4117647058823,138.64705882352942,214.0,250.0,inside_visible,1122.047,398.1581111111111,0
erJVXbaIicU_260-1684,996,2,1100.258064516129,279.1935483870968,212.0,212.0,inside_visible,796.3566043956044,295.36676923076925,1
erJVXbaIicU_260-1684,997,1,609.6764705882352,138.7058823529412,214.0,250.0,eyes_closed,1122.047,398.01366666666667,0
erJVXbaIicU_260-1684,997,2,1099.967741935484,279.2258064516129,212.0,212.0,inside_visible,796.4225384615385,294.9052307692308,1
erJVXbaIicU_260-1684,998,1,609.9411764705883,138.76470588235293,214.0,250.0,eyes_closed,1122.047,397.8692222222222,0
erJVXbaIicU_260-1684,998,2,1099.6774193548388,279.258064516129,212.0,212.0,inside_visible,796.4884725274726,294.44369230769234,1
erJVXbaIicU_260-1684,999,1,610.2058823529412,138.8235294117647,214.0,250.0,eyes_closed,1122.047,397.7247777777778,0
erJVXbaIicU_260-1684,999,2,1099.3870967741937,279.2903225806452,212.0,212.0,inside_visible,796.5544065934066,293.9821538461539,1
erJVXbaIicU_260-1684,1000,1,610.4705882352941,138.88235294117646,214.0,250.0,eyes_closed,1122.047,397.5803333333334,0
erJVXbaIicU_260-1684,1000,2,1099.0967741935483,279.3225806451613,212.0,212.0,inside_visible,796.6203406593406,293.5206153846154,1
erJVXbaIicU_260-1684,1001,1,610.7352941176471,138.94117647058823,214.0,250.0,inside_visible,1122.047,397.43588888888894,0
erJVXbaIicU_260-1684,1001,2,1098.8064516129032,279.35483870967744,212.0,212.0,inside_visible,796.6862747252748,293.05907692307693,1
erJVXbaIicU_260-1684,1002,1,611.0,139.0,214.0,250.0,inside_visible,1122.047,397.2914444444445,0
erJVXbaIicU_260-1684,1002,2,1098.516129032258,279.38709677419354,212.0,212.0,inside_visible,796.7522087912088,292.5975384615385,1
erJVXbaIicU_260-1684,1003,1,611.015625,139.015625,214.0,250.0,inside_visible,1122.047,397.1470000000001,0
erJVXbaIicU_260-1684,1003,2,1098.225806451613,279.4193548387097,212.0,212.0,inside_visible,796.8181428571429,292.136,1
erJVXbaIicU_260-1684,1004,1,611.03125,139.03125,214.0,250.0,inside_visible,1122.047,397.0025555555556,0
erJVXbaIicU_260-1684,1004,2,1097.9354838709678,279.4516129032258,212.0,212.0,inside_visible,796.8840769230769,291.6744615384616,1
erJVXbaIicU_260-1684,1005,1,611.046875,139.046875,214.0,250.0,inside_visible,1122.047,396.8581111111112,0
erJVXbaIicU_260-1684,1005,2,1097.645161290323,279.48387096774195,212.0,212.0,inside_visible,796.950010989011,291.2129230769231,1
erJVXbaIicU_260-1684,1006,1,611.0625,139.0625,214.0,250.0,inside_visible,1122.047,396.7136666666667,0
erJVXbaIicU_260-1684,1006,2,1097.354838709677,279.51612903225805,212.0,212.0,inside_visible,797.0159450549451,290.75138461538467,1
erJVXbaIicU_260-1684,1007,1,611.078125,139.078125,214.0,250.0,inside_visible,1122.047,396.5692222222223,0
erJVXbaIicU_260-1684,1007,2,1097.0645161290322,279.5483870967742,212.0,212.0,inside_visible,797.0818791208791,290.28984615384616,1
erJVXbaIicU_260-1684,1008,1,611.09375,139.09375,214.0,250.0,inside_visible,1122.047,396.4247777777778,0
erJVXbaIicU_260-1684,1008,2,1096.774193548387,279.5806451612903,212.0,212.0,inside_visible,797.1478131868132,289.8283076923077,1
erJVXbaIicU_260-1684,1009,1,611.109375,139.109375,214.0,250.0,inside_visible,1122.047,396.2803333333334,0
erJVXbaIicU_260-1684,1009,2,1096.483870967742,279.61290322580646,212.0,212.0,inside_visible,797.2137472527472,289.36676923076925,1
erJVXbaIicU_260-1684,1010,1,611.125,139.125,214.0,250.0,inside_visible,1122.047,396.1358888888889,0
erJVXbaIicU_260-1684,1010,2,1096.1935483870968,279.64516129032256,212.0,212.0,inside_visible,797.2796813186814,288.9052307692308,1
erJVXbaIicU_260-1684,1011,1,611.140625,139.140625,214.0,250.0,inside_visible,1122.047,395.9914444444445,0
erJVXbaIicU_260-1684,1011,2,1095.9032258064517,279.6774193548387,212.0,212.0,inside_visible,797.3456153846154,288.44369230769234,1
erJVXbaIicU_260-1684,1012,1,611.15625,139.15625,214.0,250.0,eyes_closed,1122.047,395.847,0
erJVXbaIicU_260-1684,1012,2,1095.6129032258063,279.7096774193548,212.0,212.0,inside_visible,797.4115494505495,287.9821538461539,1
erJVXbaIicU_260-1684,1013,1,611.171875,139.171875,214.0,250.0,eyes_closed,1122.047,395.7025555555556,0
erJVXbaIicU_260-1684,1013,2,1095.3225806451612,279.741935483871,212.0,212.0,inside_visible,797.4774835164835,287.5206153846154,1
erJVXbaIicU_260-1684,1014,1,611.1875,139.1875,214.0,250.0,eyes_closed,1122.047,395.5581111111112,0
erJVXbaIicU_260-1684,1014,2,1095.032258064516,279.7741935483871,212.0,212.0,inside_visible,797.5434175824176,287.05907692307693,1
erJVXbaIicU_260-1684,1015,1,611.203125,139.203125,214.0,250.0,inside_visible,1122.047,395.4136666666667,0
erJVXbaIicU_260-1684,1015,2,1094.741935483871,279.80645161290323,212.0,212.0,inside_visible,797.6093516483517,286.5975384615385,1
erJVXbaIicU_260-1684,1016,1,611.21875,139.21875,214.0,250.0,inside_visible,1122.047,395.2692222222223,0
erJVXbaIicU_260-1684,1016,2,1094.451612903226,279.83870967741933,212.0,212.0,eyes_closed,797.6752857142857,286.136,1
erJVXbaIicU_260-1684,1017,1,611.234375,139.234375,214.0,250.0,inside_visible,1122.047,395.1247777777778,0
erJVXbaIicU_260-1684,1017,2,1094.1612903225807,279.8709677419355,212.0,212.0,eyes_closed,797.7412197802198,285.6744615384616,1
erJVXbaIicU_260-1684,1018,1,611.25,139.25,214.0,250.0,inside_visible,1122.047,394.98033333333336,0
erJVXbaIicU_260-1684,1018,2,1093.8709677419354,279.9032258064516,212.0,212.0,eyes_closed,797.8071538461538,285.2129230769231,1
erJVXbaIicU_260-1684,1019,1,611.265625,139.265625,214.0,250.0,inside_visible,1122.047,394.8358888888889,0
erJVXbaIicU_260-1684,1019,2,1093.5806451612902,279.93548387096774,212.0,212.0,inside_visible,797.873087912088,284.75138461538467,1
erJVXbaIicU_260-1684,1020,1,611.28125,139.28125,214.0,250.0,inside_visible,1122.047,394.69144444444447,0
erJVXbaIicU_260-1684,1020,2,1093.2903225806451,279.96774193548384,212.0,212.0,inside_visible,797.939021978022,284.28984615384616,1
erJVXbaIicU_260-1684,1021,1,611.296875,139.296875,214.0,250.0,inside_visible,1122.047,394.547,0
erJVXbaIicU_260-1684,1021,2,1093.0,280.0,212.0,212.0,inside_visible,798.0049560439561,283.8283076923077,1
erJVXbaIicU_260-1684,1022,1,611.3125,139.3125,214.0,250.0,inside_visible,1122.047,394.4025555555556,0
erJVXbaIicU_260-1684,1022,2,1093.1724137931035,280.0,212.0,212.0,inside_visible,798.0708901098901,283.36676923076925,1
erJVXbaIicU_260-1684,1023,1,611.328125,139.328125,214.0,250.0,inside_visible,1122.047,394.25811111111113,0
erJVXbaIicU_260-1684,1023,2,1093.344827586207,280.0,212.0,212.0,inside_visible,798.1368241758242,282.9052307692308,1
erJVXbaIicU_260-1684,1024,1,611.34375,139.34375,214.0,250.0,inside_visible,1122.047,394.1136666666667,0
erJVXbaIicU_260-1684,1024,2,1093.5172413793102,280.0,212.0,212.0,inside_visible,798.2027582417583,282.44369230769234,1
erJVXbaIicU_260-1684,1025,1,611.359375,139.359375,214.0,250.0,inside_visible,1122.047,393.96922222222224,0
erJVXbaIicU_260-1684,1025,2,1093.6896551724135,280.0,212.0,212.0,inside_visible,798.2686923076923,281.9821538461539,1
erJVXbaIicU_260-1684,1026,1,611.375,139.375,214.0,250.0,inside_visible,1122.047,393.8247777777778,0
erJVXbaIicU_260-1684,1026,2,1093.8620689655172,280.0,212.0,212.0,inside_visible,798.3346263736264,281.52061538461544,1
erJVXbaIicU_260-1684,1027,1,611.390625,139.390625,214.0,250.0,inside_visible,1122.047,393.68033333333335,0
erJVXbaIicU_260-1684,1027,2,1094.0344827586207,280.0,212.0,212.0,inside_visible,798.4005604395604,281.05907692307693,1
erJVXbaIicU_260-1684,1028,1,611.40625,139.40625,214.0,250.0,inside_visible,1122.047,393.5358888888889,0
erJVXbaIicU_260-1684,1028,2,1094.2068965517242,280.0,212.0,212.0,inside_visible,798.4664945054946,280.5975384615385,1
erJVXbaIicU_260-1684,1029,1,611.421875,139.421875,214.0,250.0,inside_visible,1122.047,393.39144444444446,0
erJVXbaIicU_260-1684,1029,2,1094.3793103448277,280.0,212.0,212.0,inside_visible,798.5324285714286,280.136,1
erJVXbaIicU_260-1684,1030,1,611.4375,139.4375,214.0,250.0,inside_visible,1122.047,393.247,0
erJVXbaIicU_260-1684,1030,2,1094.551724137931,280.0,212.0,212.0,inside_visible,798.5983626373627,279.6744615384616,1
erJVXbaIicU_260-1684,1031,1,611.453125,139.453125,214.0,250.0,inside_visible,1122.047,393.1025555555556,0
erJVXbaIicU_260-1684,1031,2,1094.7241379310344,280.0,212.0,212.0,inside_visible,798.6642967032967,279.2129230769231,1
erJVXbaIicU_260-1684,1032,1,611.46875,139.46875,214.0,250.0,inside_visible,1122.047,392.9581111111111,0
erJVXbaIicU_260-1684,1032,2,1094.896551724138,280.0,212.0,212.0,inside_visible,798.7302307692307,278.7513846153846,1
erJVXbaIicU_260-1684,1033,1,611.484375,139.484375,214.0,250.0,inside_visible,1122.047,392.8136666666667,0
erJVXbaIicU_260-1684,1033,2,1095.0689655172414,280.0,212.0,212.0,inside_visible,798.7961648351649,278.28984615384616,1
erJVXbaIicU_260-1684,1034,1,611.5,139.5,214.0,250.0,inside_visible,1122.047,392.66922222222223,0
erJVXbaIicU_260-1684,1034,2,1095.2413793103449,280.0,212.0,212.0,inside_visible,798.8620989010989,277.8283076923077,1
erJVXbaIicU_260-1684,1035,1,611.515625,139.515625,214.0,250.0,inside_visible,1122.047,392.5247777777778,0
erJVXbaIicU_260-1684,1035,2,1095.4137931034484,280.0,212.0,212.0,inside_visible,798.928032967033,277.36676923076925,1
erJVXbaIicU_260-1684,1036,1,611.53125,139.53125,214.0,250.0,inside_visible,1122.047,392.3803333333333,0
erJVXbaIicU_260-1684,1036,2,1095.5862068965516,280.0,212.0,212.0,inside_visible,798.993967032967,276.9052307692308,1
erJVXbaIicU_260-1684,1037,1,611.546875,139.546875,214.0,250.0,inside_visible,1122.047,392.2358888888889,0
erJVXbaIicU_260-1684,1037,2,1095.7586206896551,280.0,212.0,212.0,inside_visible,799.0599010989012,276.44369230769234,1
erJVXbaIicU_260-1684,1038,1,611.5625,139.5625,214.0,250.0,inside_visible,1122.047,392.0914444444445,0
erJVXbaIicU_260-1684,1038,2,1095.9310344827586,280.0,212.0,212.0,inside_visible,799.1258351648352,275.9821538461539,1
erJVXbaIicU_260-1684,1039,1,611.578125,139.578125,214.0,250.0,inside_visible,1122.047,391.947,0
erJVXbaIicU_260-1684,1039,2,1096.103448275862,280.0,212.0,212.0,inside_visible,799.1917692307693,275.52061538461544,1
erJVXbaIicU_260-1684,1040,1,611.59375,139.59375,214.0,250.0,inside_visible,1122.047,391.8025555555556,0
erJVXbaIicU_260-1684,1040,2,1096.2758620689656,280.0,212.0,212.0,inside_visible,799.2577032967033,275.05907692307693,1
erJVXbaIicU_260-1684,1041,1,611.609375,139.609375,214.0,250.0,inside_visible,1122.047,391.6581111111111,0
erJVXbaIicU_260-1684,1041,2,1096.448275862069,280.0,212.0,212.0,inside_visible,799.3236373626373,274.5975384615385,1
erJVXbaIicU_260-1684,1042,1,611.625,139.625,214.0,250.0,inside_visible,1122.047,391.51366666666667,0
erJVXbaIicU_260-1684,1042,2,1096.6206896551723,280.0,212.0,212.0,inside_visible,799.3895714285715,274.136,1
erJVXbaIicU_260-1684,1043,1,611.640625,139.640625,214.0,250.0,inside_visible,1122.047,391.3692222222222,0
erJVXbaIicU_260-1684,1043,2,1096.7931034482758,280.0,212.0,212.0,inside_visible,799.4555054945055,273.6744615384616,1
erJVXbaIicU_260-1684,1044,1,611.65625,139.65625,214.0,250.0,inside_visible,1122.047,391.2247777777778,0
erJVXbaIicU_260-1684,1044,2,1096.9655172413793,280.0,212.0,212.0,inside_visible,799.5214395604396,273.2129230769231,1
erJVXbaIicU_260-1684,1045,1,611.671875,139.671875,214.0,250.0,inside_visible,1122.047,391.0803333333334,0
erJVXbaIicU_260-1684,1045,2,1097.1379310344828,280.0,212.0,212.0,inside_visible,799.5873736263736,272.75138461538467,1
erJVXbaIicU_260-1684,1046,1,611.6875,139.6875,214.0,250.0,inside_visible,1122.047,390.93588888888894,0
erJVXbaIicU_260-1684,1046,2,1097.3103448275865,280.0,212.0,212.0,inside_visible,799.6533076923077,272.28984615384616,1
erJVXbaIicU_260-1684,1047,1,611.703125,139.703125,214.0,250.0,inside_visible,1122.047,390.7914444444445,0
erJVXbaIicU_260-1684,1047,2,1097.4827586206898,280.0,212.0,212.0,inside_visible,799.7192417582418,271.8283076923077,1
erJVXbaIicU_260-1684,1048,1,611.71875,139.71875,214.0,250.0,inside_visible,1122.047,390.6470000000001,0
erJVXbaIicU_260-1684,1048,2,1097.655172413793,280.0,212.0,212.0,inside_visible,799.7851758241758,271.36676923076925,1
erJVXbaIicU_260-1684,1049,1,611.734375,139.734375,214.0,250.0,inside_visible,1122.047,390.5025555555556,0
erJVXbaIicU_260-1684,1049,2,1097.8275862068965,280.0,212.0,212.0,inside_visible,799.8511098901099,270.9052307692308,1
erJVXbaIicU_260-1684,1050,1,611.75,139.75,214.0,250.0,inside_visible,1122.047,390.3581111111112,0
erJVXbaIicU_260-1684,1050,2,1098.0,280.0,212.0,212.0,inside_visible,799.9170439560439,270.44369230769234,1
erJVXbaIicU_260-1684,1051,1,611.765625,139.765625,214.0,250.0,inside_visible,1122.047,390.2136666666667,0
erJVXbaIicU_260-1684,1051,2,1097.75,280.0,212.0,212.0,inside_visible,799.982978021978,269.9821538461539,1
erJVXbaIicU_260-1684,1052,1,611.78125,139.78125,214.0,250.0,inside_visible,1122.047,390.0692222222223,0
erJVXbaIicU_260-1684,1052,2,1097.5,280.0,212.0,212.0,inside_visible,800.0489120879121,269.5206153846154,1
erJVXbaIicU_260-1684,1053,1,611.796875,139.796875,214.0,250.0,inside_visible,1122.047,389.9247777777778,0
erJVXbaIicU_260-1684,1053,2,1097.25,280.0,212.0,212.0,inside_visible,800.1148461538462,269.05907692307693,1
erJVXbaIicU_260-1684,1054,1,611.8125,139.8125,214.0,250.0,inside_visible,1122.047,389.7803333333334,0
erJVXbaIicU_260-1684,1054,2,1097.0,280.0,212.0,212.0,inside_visible,800.1807802197802,268.5975384615385,1
erJVXbaIicU_260-1684,1055,1,611.828125,139.828125,214.0,250.0,inside_visible,1122.047,389.6358888888889,0
erJVXbaIicU_260-1684,1055,2,1096.75,280.0,212.0,212.0,inside_visible,800.2467142857143,268.136,1
erJVXbaIicU_260-1684,1056,1,611.84375,139.84375,214.0,250.0,inside_visible,1122.047,389.4914444444445,0
erJVXbaIicU_260-1684,1056,2,1096.5,280.0,212.0,212.0,inside_visible,800.3126483516484,267.6744615384616,1
erJVXbaIicU_260-1684,1057,1,611.859375,139.859375,214.0,250.0,inside_visible,1122.047,389.347,0
erJVXbaIicU_260-1684,1057,2,1096.25,280.0,212.0,212.0,inside_visible,800.3785824175824,267.2129230769231,1
erJVXbaIicU_260-1684,1058,1,611.875,139.875,214.0,250.0,inside_visible,1122.047,389.2025555555556,0
erJVXbaIicU_260-1684,1058,2,1096.0,280.0,212.0,212.0,inside_visible,800.4445164835165,266.7513846153846,1
erJVXbaIicU_260-1684,1059,1,611.890625,139.890625,214.0,250.0,inside_visible,1122.047,389.0581111111112,0
erJVXbaIicU_260-1684,1059,2,1095.75,280.0,212.0,212.0,inside_visible,800.5104505494505,266.28984615384616,1
erJVXbaIicU_260-1684,1060,1,611.90625,139.90625,214.0,250.0,inside_visible,1122.047,388.9136666666667,0
erJVXbaIicU_260-1684,1060,2,1095.5,280.0,212.0,212.0,inside_visible,800.5763846153847,265.8283076923077,1
erJVXbaIicU_260-1684,1061,1,611.921875,139.921875,214.0,250.0,inside_visible,1122.047,388.7692222222223,0
erJVXbaIicU_260-1684,1061,2,1095.25,280.0,212.0,212.0,inside_visible,800.6423186813187,265.36676923076925,1
erJVXbaIicU_260-1684,1062,1,611.9375,139.9375,214.0,250.0,inside_visible,1122.047,388.6247777777778,0
erJVXbaIicU_260-1684,1062,2,1095.0,280.0,212.0,212.0,inside_visible,800.7082527472528,264.9052307692308,1
erJVXbaIicU_260-1684,1063,1,611.953125,139.953125,214.0,250.0,inside_visible,1122.047,388.48033333333336,0
erJVXbaIicU_260-1684,1063,2,1094.75,280.0,212.0,212.0,inside_visible,800.7741868131868,264.44369230769234,1
erJVXbaIicU_260-1684,1064,1,611.96875,139.96875,214.0,250.0,inside_visible,1122.047,388.3358888888889,0
erJVXbaIicU_260-1684,1064,2,1094.5,280.0,212.0,212.0,inside_visible,800.840120879121,263.9821538461539,1
erJVXbaIicU_260-1684,1065,1,611.984375,139.984375,214.0,250.0,inside_visible,1122.047,388.19144444444447,0
erJVXbaIicU_260-1684,1065,2,1094.25,280.0,212.0,212.0,inside_visible,800.906054945055,263.52061538461544,1
erJVXbaIicU_260-1684,1066,1,612.0,140.0,214.0,250.0,inside_visible,1122.047,388.047,0
erJVXbaIicU_260-1684,1066,2,1094.0,280.0,212.0,212.0,inside_visible,800.971989010989,263.05907692307693,1
erJVXbaIicU_260-1684,1067,1,612.0344827586207,140.05172413793105,214.0,250.0,inside_visible,1121.7742727272728,388.3197272727273,0
erJVXbaIicU_260-1684,1067,2,1093.75,280.0,212.0,212.0,inside_visible,801.0379230769231,262.5975384615385,1
erJVXbaIicU_260-1684,1068,1,612.0689655172414,140.10344827586206,214.0,250.00000000000003,inside_visible,1121.5015454545455,388.5924545454546,0
erJVXbaIicU_260-1684,1068,2,1093.5,280.0,212.0,212.0,inside_visible,801.1038571428571,262.136,1
erJVXbaIicU_260-1684,1069,1,612.1034482758621,140.1551724137931,214.0,250.0,inside_visible,1121.2288181818185,388.8651818181818,0
erJVXbaIicU_260-1684,1069,2,1093.25,280.0,212.0,212.0,inside_visible,801.1697912087913,261.6744615384616,1
erJVXbaIicU_260-1684,1070,1,612.1379310344828,140.20689655172413,214.0,250.0,eyes_closed,1120.956090909091,389.1379090909091,0
erJVXbaIicU_260-1684,1070,2,1093.0,280.0,212.0,212.0,inside_visible,801.2357252747253,261.2129230769231,1
erJVXbaIicU_260-1684,1071,1,612.1724137931035,140.25862068965515,214.0,250.0,eyes_closed,1120.6833636363638,389.4106363636364,0
erJVXbaIicU_260-1684,1071,2,1092.75,280.0,212.0,212.0,inside_visible,801.3016593406594,260.75138461538467,1
erJVXbaIicU_260-1684,1072,1,612.2068965517242,140.31034482758622,214.0,250.0,eyes_closed,1120.4106363636365,389.6833636363637,0
erJVXbaIicU_260-1684,1072,2,1092.5,280.0,212.0,212.0,inside_visible,801.3675934065934,260.28984615384616,1
erJVXbaIicU_260-1684,1073,1,612.2413793103449,140.36206896551724,214.0,250.00000000000003,inside_visible,1120.137909090909,389.95609090909096,0
erJVXbaIicU_260-1684,1073,2,1092.25,280.0,212.0,212.0,inside_visible,801.4335274725274,259.8283076923077,1
erJVXbaIicU_260-1684,1074,1,612.2758620689655,140.41379310344828,214.0,250.0,inside_visible,1119.8651818181818,390.2288181818182,0
erJVXbaIicU_260-1684,1074,2,1092.0,280.0,212.0,212.0,inside_visible,801.4994615384616,259.36676923076925,1
erJVXbaIicU_260-1684,1075,1,612.3103448275862,140.4655172413793,214.0,250.0,inside_visible,1119.5924545454543,390.5015454545455,0
erJVXbaIicU_260-1684,1075,2,1091.75,280.0,212.0,212.0,inside_visible,801.5653956043956,258.9052307692308,1
erJVXbaIicU_260-1684,1076,1,612.3448275862069,140.51724137931035,214.0,250.0,inside_visible,1119.3197272727273,390.7742727272728,0
erJVXbaIicU_260-1684,1076,2,1091.5,280.0,212.0,212.0,inside_visible,801.6313296703297,258.44369230769234,1
erJVXbaIicU_260-1684,1077,1,612.3793103448276,140.56896551724137,214.0,250.00000000000003,eyes_closed,1119.047,391.047,0
erJVXbaIicU_260-1684,1077,2,1091.25,280.0,212.0,212.0,inside_visible,801.6972637362637,257.9821538461539,1
erJVXbaIicU_260-1684,1078,1,612.4137931034483,140.6206896551724,214.0,250.00000000000003,eyes_closed,1118.7742727272728,391.3197272727273,0
erJVXbaIicU_260-1684,1078,2,1091.0,280.0,212.0,212.0,inside_visible,801.7631978021979,257.52061538461544,1
erJVXbaIicU_260-1684,1079,1,612.448275862069,140.67241379310346,214.0,250.0,inside_visible,1118.5015454545455,391.5924545454546,0
erJVXbaIicU_260-1684,1079,2,1090.75,280.0,212.0,212.0,inside_visible,801.8291318681319,257.05907692307693,1
erJVXbaIicU_260-1684,1080,1,612.4827586206897,140.72413793103448,214.0,250.0,inside_visible,1118.2288181818185,391.8651818181818,0
erJVXbaIicU_260-1684,1080,2,1090.5,280.0,212.0,212.0,inside_visible,801.895065934066,256.5975384615385,1
erJVXbaIicU_260-1684,1081,1,612.5172413793103,140.77586206896552,214.0,250.0,inside_visible,1117.956090909091,392.1379090909091,0
erJVXbaIicU_260-1684,1081,2,1090.25,280.0,212.0,212.0,inside_visible,801.961,256.136,1
erJVXbaIicU_260-1684,1082,1,612.551724137931,140.82758620689654,214.0,250.00000000000003,inside_visible,1117.6833636363638,392.4106363636364,0
erJVXbaIicU_260-1684,1082,2,1090.0,280.0,212.0,212.0,inside_visible,801.80625,255.5169166666667,1
erJVXbaIicU_260-1684,1083,1,612.5862068965517,140.8793103448276,214.0,250.0,inside_visible,1117.4106363636365,392.6833636363637,0
erJVXbaIicU_260-1684,1083,2,1090.1636363636364,280.0181818181818,212.0,211.85454545454547,inside_visible,801.6515,254.89783333333332,1
erJVXbaIicU_260-1684,1084,1,612.6206896551724,140.93103448275863,214.0,250.0,eyes_closed,1117.137909090909,392.95609090909096,0
erJVXbaIicU_260-1684,1084,2,1090.3272727272729,280.03636363636366,212.0,211.7090909090909,inside_visible,801.49675,254.27875,1
erJVXbaIicU_260-1684,1085,1,612.6551724137931,140.98275862068965,214.0,250.0,eyes_closed,1116.8651818181818,393.2288181818182,0
erJVXbaIicU_260-1684,1085,2,1090.490909090909,280.05454545454546,212.0,211.5636363636364,inside_visible,801.342,253.65966666666668,1
erJVXbaIicU_260-1684,1086,1,612.6896551724138,141.0344827586207,214.0,250.0,eyes_closed,1116.5924545454543,393.5015454545455,0
erJVXbaIicU_260-1684,1086,2,1090.6545454545455,280.07272727272726,212.0,211.41818181818184,inside_visible,801.1872500000001,253.04058333333336,1
erJVXbaIicU_260-1684,1087,1,612.7241379310345,141.08620689655172,214.0,250.00000000000003,eyes_closed,1116.3197272727273,393.7742727272728,0
erJVXbaIicU_260-1684,1087,2,1090.8181818181818,280.09090909090907,212.0,211.2727272727273,inside_visible,801.0325,252.4215,1
erJVXbaIicU_260-1684,1088,1,612.7586206896551,141.13793103448276,214.0,250.0,inside_visible,1116.047,394.047,0
erJVXbaIicU_260-1684,1088,2,1090.9818181818182,280.1090909090909,212.0,211.12727272727275,inside_visible,800.87775,251.80241666666663,1
erJVXbaIicU_260-1684,1089,1,612.7931034482758,141.18965517241378,214.0,250.0,inside_visible,1115.637909090909,394.2288181818182,0
erJVXbaIicU_260-1684,1089,2,1091.1454545454546,280.1272727272727,212.0,210.9818181818182,inside_visible,800.7230000000001,251.1833333333333,1
erJVXbaIicU_260-1684,1090,1,612.8275862068965,141.24137931034485,214.0,250.0,inside_visible,1115.2288181818185,394.4106363636364,0
erJVXbaIicU_260-1684,1090,2,1091.3090909090909,280.1454545454545,212.0,210.83636363636367,inside_visible,800.56825,250.56425,1
erJVXbaIicU_260-1684,1091,1,612.8620689655172,141.29310344827587,214.0,250.0,inside_visible,1114.8197272727273,394.5924545454546,0
erJVXbaIicU_260-1684,1091,2,1091.4727272727273,280.1636363636364,212.0,210.6909090909091,eyes_closed,800.4135,249.9451666666667,1
erJVXbaIicU_260-1684,1092,1,612.8965517241379,141.3448275862069,214.0,250.00000000000003,inside_visible,1114.4106363636365,394.7742727272728,0
erJVXbaIicU_260-1684,1092,2,1091.6363636363635,280.1818181818182,212.0,210.54545454545456,eyes_closed,800.2587500000001,249.3260833333333,1
erJVXbaIicU_260-1684,1093,1,612.9310344827586,141.39655172413794,214.0,250.0,inside_visible,1114.0015454545455,394.95609090909096,0
erJVXbaIicU_260-1684,1093,2,1091.8,280.2,212.0,210.40000000000003,inside_visible,800.104,248.707,1
erJVXbaIicU_260-1684,1094,1,612.9655172413793,141.44827586206895,214.0,250.0,inside_visible,1113.5924545454543,395.1379090909091,0
erJVXbaIicU_260-1684,1094,2,1091.9636363636364,280.2181818181818,212.0,210.2545454545455,inside_visible,800.5325625,252.1713125,1
erJVXbaIicU_260-1684,1095,1,613.0,141.5,214.0,250.0,inside_visible,1113.1833636363638,395.3197272727273,0
erJVXbaIicU_260-1684,1095,2,1092.1272727272728,280.23636363636365,212.0,210.10909090909087,inside_visible,800.961125,255.635625,1
erJVXbaIicU_260-1684,1096,1,613.0344827586207,141.55172413793105,214.0,250.0,inside_visible,1112.7742727272728,395.5015454545455,0
erJVXbaIicU_260-1684,1096,2,1092.290909090909,280.25454545454545,212.0,209.96363636363637,inside_visible,801.3896875,259.0999375,1
erJVXbaIicU_260-1684,1097,1,613.0689655172414,141.60344827586206,214.0,250.00000000000003,inside_visible,1112.3651818181818,395.6833636363637,0
erJVXbaIicU_260-1684,1097,2,1092.4545454545455,280.27272727272725,212.0,209.8181818181818,inside_visible,801.81825,262.56425,1
erJVXbaIicU_260-1684,1098,1,613.1034482758621,141.6551724137931,214.0,250.0,inside_visible,1111.956090909091,395.8651818181818,0
erJVXbaIicU_260-1684,1098,2,1092.6181818181817,280.2909090909091,212.0,209.67272727272723,inside_visible,802.2468125,266.0285625,1
erJVXbaIicU_260-1684,1099,1,613.1379310344828,141.70689655172413,214.0,250.0,inside_visible,1111.547,396.047,0
erJVXbaIicU_260-1684,1099,2,1092.7818181818182,280.3090909090909,212.0,209.5272727272727,inside_visible,802.675375,269.492875,1
erJVXbaIicU_260-1684,1100,1,613.1724137931035,141.75862068965515,214.0,250.0,inside_visible,1111.137909090909,396.2288181818182,0
erJVXbaIicU_260-1684,1100,2,1092.9454545454546,280.3272727272727,212.0,209.38181818181815,inside_visible,803.1039375,272.95718750000003,1
erJVXbaIicU_260-1684,1101,1,613.2068965517242,141.81034482758622,214.0,250.0,inside_visible,1110.7288181818185,396.4106363636364,0
erJVXbaIicU_260-1684,1101,2,1093.1090909090908,280.3454545454546,212.0,209.2363636363636,inside_visible,803.5325,276.42150000000004,1
erJVXbaIicU_260-1684,1102,1,613.2413793103449,141.86206896551724,214.0,250.00000000000003,inside_visible,1110.3197272727273,396.5924545454546,0
erJVXbaIicU_260-1684,1102,2,1093.2727272727273,280.3636363636364,212.0,209.0909090909091,inside_visible,803.9610625,279.8858125,1
erJVXbaIicU_260-1684,1103,1,613.2758620689655,141.91379310344828,214.0,250.0,inside_visible,1109.9106363636365,396.7742727272728,0
erJVXbaIicU_260-1684,1103,2,1093.4363636363637,280.3818181818182,212.0,208.9454545454545,inside_visible,804.389625,283.350125,1
erJVXbaIicU_260-1684,1104,1,613.3103448275862,141.9655172413793,214.0,250.0,inside_visible,1109.5015454545455,396.95609090909096,0
erJVXbaIicU_260-1684,1104,2,1093.6,280.4,212.0,208.8,inside_visible,804.8181875,286.8144375,1
erJVXbaIicU_260-1684,1105,1,613.3448275862069,142.01724137931035,214.0,250.0,inside_visible,1109.0924545454543,397.1379090909091,0
erJVXbaIicU_260-1684,1105,2,1093.7636363636364,280.41818181818184,212.0,208.65454545454543,inside_visible,805.24675,290.27875,1
erJVXbaIicU_260-1684,1106,1,613.3793103448276,142.06896551724137,214.0,250.00000000000003,inside_visible,1108.6833636363638,397.3197272727273,0
erJVXbaIicU_260-1684,1106,2,1093.9272727272728,280.43636363636364,212.0,208.5090909090909,inside_visible,805.6753125,293.7430625,1
erJVXbaIicU_260-1684,1107,1,613.4137931034483,142.1206896551724,214.0,250.00000000000003,inside_visible,1108.2742727272728,397.5015454545455,0
erJVXbaIicU_260-1684,1107,2,1094.090909090909,280.45454545454544,212.0,208.3636363636364,inside_visible,806.103875,297.207375,1
erJVXbaIicU_260-1684,1108,1,613.448275862069,142.17241379310346,214.0,250.0,inside_visible,1107.8651818181818,397.6833636363637,0
erJVXbaIicU_260-1684,1108,2,1094.2545454545457,280.4727272727273,212.0,208.2181818181818,inside_visible,806.5324375,300.6716875,1
erJVXbaIicU_260-1684,1109,1,613.4827586206897,142.22413793103448,214.0,250.0,inside_visible,1107.456090909091,397.8651818181818,0
erJVXbaIicU_260-1684,1109,2,1094.418181818182,280.4909090909091,212.0,208.0727272727273,inside_visible,806.961,304.136,1
erJVXbaIicU_260-1684,1110,1,613.5172413793103,142.27586206896552,214.0,250.0,inside_visible,1107.047,398.047,0
erJVXbaIicU_260-1684,1110,2,1094.581818181818,280.5090909090909,212.0,207.92727272727276,inside_visible,806.8202619047619,303.8415476190476,1
erJVXbaIicU_260-1684,1111,1,613.551724137931,142.32758620689654,214.0,250.00000000000003,inside_visible,1107.2089487179487,397.97951282051287,0
erJVXbaIicU_260-1684,1111,2,1094.7454545454543,280.5272727272727,212.0,207.7818181818182,inside_visible,806.6795238095239,303.54709523809527,1
erJVXbaIicU_260-1684,1112,1,613.5862068965517,142.3793103448276,214.0,250.0,inside_visible,1107.3708974358974,397.9120256410257,0
erJVXbaIicU_260-1684,1112,2,1094.909090909091,280.54545454545456,212.0,207.63636363636363,inside_visible,806.5387857142857,303.25264285714286,1
erJVXbaIicU_260-1684,1113,1,613.6206896551724,142.43103448275863,214.0,250.0,inside_visible,1107.532846153846,397.8445384615385,0
erJVXbaIicU_260-1684,1113,2,1095.0727272727272,280.5636363636364,212.0,207.4909090909091,inside_visible,806.3980476190476,302.9581904761905,1
erJVXbaIicU_260-1684,1114,1,613.6551724137931,142.48275862068965,214.0,250.0,inside_visible,1107.694794871795,397.7770512820513,0
erJVXbaIicU_260-1684,1114,2,1095.2363636363636,280.58181818181816,212.0,207.34545454545457,inside_visible,806.2573095238096,302.6637380952381,1
erJVXbaIicU_260-1684,1115,1,613.6896551724138,142.5344827586207,214.0,250.0,inside_visible,1107.8567435897437,397.7095641025641,0
erJVXbaIicU_260-1684,1115,2,1095.4,280.6,212.0,207.2,inside_visible,806.1165714285714,302.3692857142857,1
erJVXbaIicU_260-1684,1116,1,613.7241379310345,142.58620689655172,214.0,250.00000000000003,inside_visible,1108.0186923076924,397.64207692307696,0
erJVXbaIicU_260-1684,1116,2,1095.5636363636363,280.6181818181818,212.0,207.05454545454543,inside_visible,805.9758333333333,302.07483333333334,1
erJVXbaIicU_260-1684,1117,1,613.7586206896551,142.63793103448276,214.0,250.0,inside_visible,1108.180641025641,397.57458974358974,0
erJVXbaIicU_260-1684,1117,2,1095.7272727272727,280.6363636363636,212.0,206.9090909090909,inside_visible,805.8350952380953,301.780380952381,1
erJVXbaIicU_260-1684,1118,1,613.7931034482758,142.68965517241378,214.0,250.0,inside_visible,1108.3425897435898,397.5071025641026,0
erJVXbaIicU_260-1684,1118,2,1095.8909090909092,280.6545454545454,212.0,206.7636363636364,inside_visible,805.6943571428571,301.4859285714286,1
erJVXbaIicU_260-1684,1119,1,613.8275862068965,142.74137931034485,214.0,250.0,inside_visible,1108.5045384615385,397.4396153846154,0
erJVXbaIicU_260-1684,1119,2,1096.0545454545454,280.6727272727273,212.0,206.61818181818185,inside_visible,805.553619047619,301.19147619047624,1
erJVXbaIicU_260-1684,1120,1,613.8620689655172,142.79310344827587,214.0,250.0,inside_visible,1108.6664871794871,397.3721282051282,0
erJVXbaIicU_260-1684,1120,2,1096.2181818181818,280.6909090909091,212.0,206.4727272727273,inside_visible,805.412880952381,300.89702380952383,1
erJVXbaIicU_260-1684,1121,1,613.8965517241379,142.8448275862069,214.0,250.00000000000003,inside_visible,1108.8284358974358,397.30464102564105,0
erJVXbaIicU_260-1684,1121,2,1096.3818181818183,280.7090909090909,212.0,206.3272727272728,inside_visible,805.2721428571429,300.6025714285714,1
erJVXbaIicU_260-1684,1122,1,613.9310344827586,142.89655172413794,214.0,250.0,inside_visible,1108.9903846153848,397.2371538461539,0
erJVXbaIicU_260-1684,1122,2,1096.5454545454545,280.72727272727275,212.0,206.1818181818182,inside_visible,805.1314047619047,300.3081190476191,1
erJVXbaIicU_260-1684,1123,1,613.9655172413793,142.94827586206895,214.0,250.0,inside_visible,1109.1523333333334,397.1696666666666,0
erJVXbaIicU_260-1684,1123,2,1096.709090909091,280.7454545454545,212.0,206.0363636363636,inside_visible,804.9906666666667,300.01366666666667,1
erJVXbaIicU_260-1684,1124,1,614.0,143.0,214.0,250.0,inside_visible,1109.314282051282,397.1021794871795,0
erJVXbaIicU_260-1684,1124,2,1096.8727272727272,280.76363636363635,212.0,205.89090909090908,inside_visible,804.8499285714286,299.7192142857143,1
erJVXbaIicU_260-1684,1125,1,613.88,142.92,214.0,250.00000000000003,inside_visible,1109.4762307692308,397.0346923076924,0
erJVXbaIicU_260-1684,1125,2,1097.0363636363636,280.7818181818182,212.0,205.7454545454545,inside_visible,804.7091904761904,299.4247619047619,1
erJVXbaIicU_260-1684,1126,1,613.76,142.84,214.0,250.0,inside_visible,1109.6381794871795,396.96720512820514,0
erJVXbaIicU_260-1684,1126,2,1097.2,280.8,212.0,205.6,inside_visible,804.5684523809524,299.1303095238096,1
erJVXbaIicU_260-1684,1127,1,613.64,142.76,214.0,250.0,inside_visible,1109.8001282051282,396.899717948718,0
erJVXbaIicU_260-1684,1127,2,1097.3636363636365,280.8181818181818,212.0,205.45454545454544,inside_visible,804.4277142857143,298.83585714285715,1
erJVXbaIicU_260-1684,1128,1,613.52,142.68,214.0,250.0,inside_visible,1109.962076923077,396.8322307692308,0
erJVXbaIicU_260-1684,1128,2,1097.5272727272727,280.8363636363636,212.0,205.3090909090909,inside_visible,804.2869761904761,298.5414047619048,1
erJVXbaIicU_260-1684,1129,1,613.4,142.6,214.0,250.00000000000003,inside_visible,1110.1240256410256,396.7647435897436,0
erJVXbaIicU_260-1684,1129,2,1097.6909090909091,280.8545454545455,212.0,205.16363636363636,inside_visible,804.1462380952381,298.2469523809524,1
erJVXbaIicU_260-1684,1130,1,613.28,142.52,214.0,250.0,inside_visible,1110.2859743589745,396.6972564102565,0
erJVXbaIicU_260-1684,1130,2,1097.8545454545454,280.8727272727273,212.0,205.0181818181818,inside_visible,804.0055,297.9525,1
erJVXbaIicU_260-1684,1131,1,613.16,142.44,214.0,250.0,inside_visible,1110.4479230769232,396.6297692307692,0
erJVXbaIicU_260-1684,1131,2,1098.0181818181818,280.8909090909091,212.0,204.87272727272727,inside_visible,803.8647619047618,297.65804761904764,1
erJVXbaIicU_260-1684,1132,1,613.04,142.36,214.0,250.0,inside_visible,1110.609871794872,396.56228205128207,0
erJVXbaIicU_260-1684,1132,2,1098.1818181818182,280.90909090909093,212.0,204.7272727272727,inside_visible,803.7240238095238,297.36359523809523,1
erJVXbaIicU_260-1684,1133,1,612.92,142.28,214.0,250.0,inside_visible,1110.7718205128206,396.4947948717949,0
erJVXbaIicU_260-1684,1133,2,1098.3454545454545,280.92727272727274,212.0,204.58181818181816,inside_visible,803.5832857142857,297.0691428571429,1
erJVXbaIicU_260-1684,1134,1,612.8,142.2,214.0,250.0,inside_visible,1110.9337692307693,396.4273076923077,0
erJVXbaIicU_260-1684,1134,2,1098.509090909091,280.94545454545454,212.0,204.43636363636364,inside_visible,803.4425476190476,296.7746904761905,1
erJVXbaIicU_260-1684,1135,1,612.68,142.12,214.0,250.0,inside_visible,1111.095717948718,396.3598205128205,0
erJVXbaIicU_260-1684,1135,2,1098.6727272727271,280.96363636363634,212.0,204.2909090909091,inside_visible,803.3018095238095,296.4802380952381,1
erJVXbaIicU_260-1684,1136,1,612.56,142.04,214.0,250.00000000000003,inside_visible,1111.2576666666666,396.2923333333334,0
erJVXbaIicU_260-1684,1136,2,1098.8363636363636,280.9818181818182,212.0,204.14545454545453,inside_visible,803.1610714285714,296.1857857142857,1
erJVXbaIicU_260-1684,1137,1,612.44,141.96,214.0,250.0,eyes_closed,1111.419615384615,396.22484615384616,0
erJVXbaIicU_260-1684,1137,2,1099.0,281.0,212.0,204.0,inside_visible,803.0203333333333,295.89133333333336,1
erJVXbaIicU_260-1684,1138,1,612.32,141.88,214.0,250.0,eyes_closed,1111.5815641025642,396.157358974359,0
erJVXbaIicU_260-1684,1138,2,1098.851851851852,281.0740740740741,212.0,204.22222222222223,inside_visible,802.8795952380952,295.59688095238096,1
erJVXbaIicU_260-1684,1139,1,612.2,141.8,214.0,250.0,eyes_closed,1111.743512820513,396.08987179487184,0
erJVXbaIicU_260-1684,1139,2,1098.7037037037037,281.1481481481481,212.0,204.44444444444449,inside_visible,802.7388571428571,295.3024285714286,1
erJVXbaIicU_260-1684,1140,1,612.08,141.72,214.0,250.00000000000003,eyes_closed,1111.9054615384616,396.0223846153846,0
erJVXbaIicU_260-1684,1140,2,1098.5555555555557,281.22222222222223,212.0,204.66666666666669,inside_visible,802.598119047619,295.0079761904762,1
erJVXbaIicU_260-1684,1141,1,611.96,141.64,214.0,250.0,eyes_closed,1112.0674102564103,395.9548974358975,0
erJVXbaIicU_260-1684,1141,2,1098.4074074074074,281.2962962962963,212.0,204.88888888888889,inside_visible,802.457380952381,294.71352380952385,1
erJVXbaIicU_260-1684,1142,1,611.84,141.56,214.0,250.0,eyes_closed,1112.229358974359,395.8874102564103,0
erJVXbaIicU_260-1684,1142,2,1098.2592592592594,281.3703703703704,212.0,205.1111111111111,inside_visible,802.3166428571428,294.41907142857144,1
erJVXbaIicU_260-1684,1143,1,611.72,141.48,214.0,250.00000000000003,eyes_closed,1112.3913076923077,395.8199230769231,0
erJVXbaIicU_260-1684,1143,2,1098.111111111111,281.44444444444446,212.0,205.3333333333333,inside_visible,802.1759047619047,294.12461904761903,1
erJVXbaIicU_260-1684,1144,1,611.6,141.4,214.0,250.0,inside_visible,1112.5532564102564,395.75243589743593,0
erJVXbaIicU_260-1684,1144,2,1097.962962962963,281.51851851851853,212.0,205.55555555555557,inside_visible,802.0351666666667,293.8301666666667,1
erJVXbaIicU_260-1684,1145,1,611.48,141.32,214.0,250.0,inside_visible,1112.715205128205,395.6849487179487,0
erJVXbaIicU_260-1684,1145,2,1097.8148148148148,281.5925925925926,212.0,205.77777777777777,inside_visible,801.8944285714285,293.5357142857143,1
erJVXbaIicU_260-1684,1146,1,611.36,141.24,214.0,250.0,inside_visible,1112.877153846154,395.6174615384616,0
erJVXbaIicU_260-1684,1146,2,1097.6666666666667,281.6666666666667,212.0,206.0,inside_visible,801.7536904761904,293.2412619047619,1
erJVXbaIicU_260-1684,1147,1,611.24,141.16,214.0,250.00000000000003,inside_visible,1113.039102564103,395.5499743589744,0
erJVXbaIicU_260-1684,1147,2,1097.5185185185185,281.7407407407408,212.0,206.22222222222223,inside_visible,801.6129523809524,292.9468095238095,1
erJVXbaIicU_260-1684,1148,1,611.12,141.08,214.0,250.0,inside_visible,1113.2010512820514,395.4824871794872,0
erJVXbaIicU_260-1684,1148,2,1097.3703703703704,281.81481481481484,212.0,206.4444444444444,inside_visible,801.4722142857142,292.6523571428572,1
erJVXbaIicU_260-1684,1149,1,611.0,141.0,214.0,250.0,inside_visible,1113.363,395.415,0
erJVXbaIicU_260-1684,1149,2,1097.2222222222222,281.8888888888889,212.0,206.66666666666663,inside_visible,801.3314761904761,292.3579047619048,1
erJVXbaIicU_260-1684,1150,1,608.0,140.33333333333334,214.0,250.0,gaze_shift,1104.5121111111112,404.11677777777777,0
erJVXbaIicU_260-1684,1150,2,1097.074074074074,281.962962962963,212.0,206.88888888888889,inside_visible,801.1907380952381,292.0634523809524,1
erJVXbaIicU_260-1684,1151,1,605.0,139.66666666666666,214.0,250.00000000000003,gaze_shift,1095.6612222222222,412.8185555555556,0
erJVXbaIicU_260-1684,1151,2,1096.925925925926,282.037037037037,212.0,207.11111111111117,inside_visible,801.05,291.769,1
erJVXbaIicU_260-1684,1152,1,602.0,139.0,214.0,250.0,gaze_shift,1086.8103333333331,421.5203333333334,0
erJVXbaIicU_260-1684,1152,2,1096.7777777777778,282.1111111111111,212.0,207.33333333333337,inside_visible,786.717,278.436,1
erJVXbaIicU_260-1684,1153,1,590.0,137.0,214.0,250.0,gaze_shift,1077.9594444444444,430.22211111111113,0
erJVXbaIicU_260-1684,1153,2,1096.6296296296296,282.1851851851852,212.0,207.5555555555556,inside_visible,779.8834999999999,275.6025,1
erJVXbaIicU_260-1684,1154,1,578.0,135.0,214.0,250.0,gaze_shift,1069.1085555555555,438.9238888888889,0
erJVXbaIicU_260-1684,1154,2,1096.4814814814815,282.25925925925924,212.0,207.77777777777777,inside_visible,773.05,272.769,1
erJVXbaIicU_260-1684,1155,1,578.3333333333334,134.83333333333334,214.0,250.0,gaze_shift,1060.2576666666666,447.6256666666667,0
erJVXbaIicU_260-1684,1155,2,1096.3333333333333,282.3333333333333,212.0,208.0,inside_visible,768.1005,274.79,1
erJVXbaIicU_260-1684,1156,1,578.6666666666666,134.66666666666666,214.0,250.00000000000003,gaze_shift,1051.4067777777775,456.3274444444445,0
erJVXbaIicU_260-1684,1156,2,1096.1851851851852,282.4074074074074,212.0,208.22222222222223,inside_visible,763.151,276.811,1
erJVXbaIicU_260-1684,1157,1,579.0,134.5,214.0,250.0,gaze_shift,1042.5558888888888,465.02922222222224,0
erJVXbaIicU_260-1684,1157,2,1096.037037037037,282.48148148148147,212.0,208.44444444444449,inside_visible,762.901,281.311,1
erJVXbaIicU_260-1684,1158,1,579.3333333333334,134.33333333333334,214.0,250.0,gaze_shift,1033.705,473.731,0
erJVXbaIicU_260-1684,1158,2,1095.888888888889,282.55555555555554,212.0,208.66666666666669,inside_visible,762.651,285.811,1
erJVXbaIicU_260-1684,1159,1,579.6666666666666,134.16666666666666,214.0,250.00000000000003,gaze_shift,1024.8541111111113,482.4327777777778,0
erJVXbaIicU_260-1684,1159,2,1095.7407407407406,282.6296296296296,212.0,208.8888888888889,inside_visible,762.401,290.311,1
erJVXbaIicU_260-1684,1160,1,580.0,134.0,214.0,250.0,gaze_shift,1016.0032222222222,491.1345555555556,0
erJVXbaIicU_260-1684,1160,2,1095.5925925925926,282.7037037037037,212.0,209.11111111111117,inside_visible,762.151,294.811,1
erJVXbaIicU_260-1684,1161,1,584.0,135.83333333333334,214.0,250.0,gaze_shift,1007.1523333333332,499.83633333333336,0
erJVXbaIicU_260-1684,1161,2,1095.4444444444443,282.77777777777777,212.0,209.3333333333333,inside_visible,766.651,299.811,1
erJVXbaIicU_260-1684,1162,1,588.0,137.66666666666666,214.0,250.00000000000003,gaze_shift,998.3014444444444,508.5381111111111,0
erJVXbaIicU_260-1684,1162,2,1095.2962962962963,282.85185185185185,212.0,209.55555555555557,inside_visible,771.151,304.811,1
erJVXbaIicU_260-1684,1163,1,592.0,139.5,214.0,250.0,gaze_shift,989.4505555555556,517.2398888888889,0
erJVXbaIicU_260-1684,1163,2,1095.148148148148,282.9259259259259,212.0,209.77777777777777,inside_visible,775.651,309.811,1
erJVXbaIicU_260-1684,1164,1,596.0,141.33333333333334,214.0,250.0,gaze_shift,980.5996666666668,525.9416666666667,0
erJVXbaIicU_260-1684,1164,2,1095.0,283.0,212.0,210.0,inside_visible,780.151,314.811,1
erJVXbaIicU_260-1684,1165,1,600.0,143.16666666666666,214.0,250.00000000000003,gaze_shift,971.7487777777778,534.6434444444444,0
erJVXbaIicU_260-1684,1165,2,1095.4444444444443,282.6666666666667,212.0,210.1111111111111,inside_visible,777.707,313.811,1
erJVXbaIicU_260-1684,1166,1,604.0,145.0,214.0,250.0,gaze_shift,962.8978888888888,543.3452222222222,0
erJVXbaIicU_260-1684,1166,2,1095.888888888889,282.3333333333333,212.0,210.22222222222223,gaze_shift,798.66875,341.77975,1
erJVXbaIicU_260-1684,1167,1,605.2,145.6,214.0,250.00000000000003,inside_visible,954.047,552.047,0
erJVXbaIicU_260-1684,1167,2,1096.3333333333333,282.0,212.0,210.3333333333333,gaze_shift,819.6305,369.7485,1
erJVXbaIicU_260-1684,1168,1,606.4,146.2,214.0,250.0,inside_visible,948.1645,544.69,0
erJVXbaIicU_260-1684,1168,2,1096.7777777777778,281.6666666666667,212.0,210.4444444444444,gaze_shift,840.5922499999999,397.71725,1
erJVXbaIicU_260-1684,1169,1,607.6,146.8,214.0,250.0,inside_visible,942.282,537.333,0
erJVXbaIicU_260-1684,1169,2,1097.2222222222222,281.3333333333333,212.0,210.5555555555556,gaze_shift,861.554,425.686,1
erJVXbaIicU_260-1684,1170,1,608.8,147.4,214.0,250.0,inside_visible,937.733,537.8095,0
erJVXbaIicU_260-1684,1170,2,1097.6666666666667,281.0,212.0,210.66666666666669,gaze_shift,882.51575,453.65475,1
erJVXbaIicU_260-1684,1171,1,610.0,148.0,214.0,250.0,inside_visible,933.184,538.286,0
erJVXbaIicU_260-1684,1171,2,1098.111111111111,280.6666666666667,212.0,210.77777777777777,gaze_shift,903.4775,481.6235,1
erJVXbaIicU_260-1684,1172,1,609.8888888888889,147.88888888888889,214.0,250.00000000000003,inside_visible,934.7396666666666,538.8416666666666,0
erJVXbaIicU_260-1684,1172,2,1098.5555555555557,280.3333333333333,212.0,210.8888888888889,gaze_shift,924.43925,509.59225,1
erJVXbaIicU_260-1684,1173,1,609.7777777777778,147.77777777777777,214.0,250.0,inside_visible,936.2953333333334,539.3973333333333,0
erJVXbaIicU_260-1684,1173,2,1099.0,280.0,212.0,211.0,inside_visible,945.401,537.561,1
erJVXbaIicU_260-1684,1174,1,609.6666666666666,147.66666666666666,214.0,250.00000000000003,inside_visible,937.851,539.953,0
erJVXbaIicU_260-1684,1174,2,1098.1176470588234,279.94117647058823,212.0,211.29411764705884,inside_visible,945.8176666666666,536.4776666666667,1
erJVXbaIicU_260-1684,1175,1,609.5555555555555,147.55555555555554,214.0,250.0,inside_visible,937.7675,538.2864999999999,0
erJVXbaIicU_260-1684,1175,2,1097.235294117647,279.88235294117646,212.0,211.58823529411768,inside_visible,946.2343333333332,535.3943333333334,1
erJVXbaIicU_260-1684,1176,1,609.4444444444445,147.44444444444446,214.0,250.0,inside_visible,937.684,536.62,0
erJVXbaIicU_260-1684,1176,2,1096.3529411764705,279.8235294117647,212.0,211.8823529411765,inside_visible,946.651,534.311,1
erJVXbaIicU_260-1684,1177,1,609.3333333333334,147.33333333333334,214.0,250.0,inside_visible,950.684,536.9535000000001,0
erJVXbaIicU_260-1684,1177,2,1095.470588235294,279.7647058823529,212.0,212.1764705882353,inside_visible,948.151,538.2276666666667,1
erJVXbaIicU_260-1684,1178,1,609.2222222222222,147.22222222222223,214.0,250.0,inside_visible,963.684,537.287,0
erJVXbaIicU_260-1684,1178,2,1094.5882352941176,279.7058823529412,212.0,212.47058823529412,inside_visible,949.651,542.1443333333334,1
erJVXbaIicU_260-1684,1179,1,609.1111111111111,147.11111111111111,214.0,250.0,inside_visible,957.017,541.954,0
erJVXbaIicU_260-1684,1179,2,1093.7058823529412,279.6470588235294,212.0,212.76470588235296,inside_visible,951.151,546.061,1
erJVXbaIicU_260-1684,1180,1,609.0,147.0,214.0,250.0,inside_visible,952.18375,541.28725,0
erJVXbaIicU_260-1684,1180,2,1092.8235294117646,279.5882352941176,212.0,213.05882352941177,inside_visible,947.5955,544.5055,1
erJVXbaIicU_260-1684,1181,1,607.8,146.65,214.0,250.0,inside_visible,947.3505,540.6205,0
erJVXbaIicU_260-1684,1181,2,1091.9411764705883,279.52941176470586,212.0,213.3529411764706,inside_visible,944.04,542.95,1
erJVXbaIicU_260-1684,1182,1,606.6,146.3,214.0,250.0,inside_visible,942.51725,539.95375,0
erJVXbaIicU_260-1684,1182,2,1091.0588235294117,279.47058823529414,212.0,213.6470588235294,inside_visible,940.4845,541.3945,1
erJVXbaIicU_260-1684,1183,1,605.4,145.95,214.0,250.0,inside_visible,937.684,539.287,0
erJVXbaIicU_260-1684,1183,2,1090.1764705882354,279.4117647058824,212.0,213.94117647058823,inside_visible,936.929,539.8389999999999,1
erJVXbaIicU_260-1684,1184,1,604.2,145.6,214.0,250.00000000000003,inside_visible,935.51725,537.95375,0
erJVXbaIicU_260-1684,1184,2,1089.2941176470588,279.3529411764706,212.0,214.23529411764704,inside_visible,933.3735,538.2835,1
erJVXbaIicU_260-1684,1185,1,603.0,145.25,214.0,250.0,inside_visible,933.3505,536.6205,0
erJVXbaIicU_260-1684,1185,2,1088.4117647058824,279.29411764705884,212.0,214.52941176470583,inside_visible,929.818,536.728,1
erJVXbaIicU_260-1684,1186,1,601.8,144.9,214.0,250.0,inside_visible,931.18375,535.28725,0
erJVXbaIicU_260-1684,1186,2,1087.529411764706,279.2352941176471,212.0,214.8235294117647,inside_visible,927.3735,534.5058333333333,1
erJVXbaIicU_260-1684,1187,1,600.6,144.55,214.0,250.0,inside_visible,929.017,533.954,0
erJVXbaIicU_260-1684,1187,2,1086.6470588235295,279.1764705882353,212.0,215.11764705882356,inside_visible,924.929,532.2836666666666,1
erJVXbaIicU_260-1684,1188,1,599.4,144.2,214.0,250.0,inside_visible,919.684,524.621,0
erJVXbaIicU_260-1684,1188,2,1085.764705882353,279.11764705882354,212.0,215.41176470588232,inside_visible,922.4845,530.0615,1
erJVXbaIicU_260-1684,1189,1,598.2,143.85,214.0,250.00000000000003,inside_visible,917.8506666666666,524.621,0
erJVXbaIicU_260-1684,1189,2,1084.8823529411766,279.05882352941177,212.0,215.7058823529412,inside_visible,920.04,527.8393333333333,1
erJVXbaIicU_260-1684,1190,1,597.0,143.5,214.0,250.0,inside_visible,916.0173333333332,524.621,0
erJVXbaIicU_260-1684,1190,2,1084.0,279.0,212.0,216.0,inside_visible,917.5955,525.6171666666667,1
erJVXbaIicU_260-1684,1191,1,595.8,143.15,214.0,250.0,inside_visible,914.184,524.621,0
erJVXbaIicU_260-1684,1191,2,1083.7333333333331,279.4,212.0,216.0,inside_visible,915.151,523.395,1
erJVXbaIicU_260-1684,1192,1,594.6,142.8,214.0,250.0,inside_visible,912.3506666666666,524.621,0
erJVXbaIicU_260-1684,1192,2,1083.4666666666667,279.8,212.0,216.0,inside_visible,912.81775,524.56175,1
erJVXbaIicU_260-1684,1193,1,593.4,142.45,214.0,250.0,inside_visible,910.5173333333332,524.621,0
erJVXbaIicU_260-1684,1193,2,1083.2,280.2,212.0,216.0,inside_visible,910.4845,525.7284999999999,1
erJVXbaIicU_260-1684,1194,1,592.2,142.1,214.0,250.00000000000003,inside_visible,908.684,524.621,0
erJVXbaIicU_260-1684,1194,2,1082.9333333333334,280.6,212.0,216.0,inside_visible,908.15125,526.89525,1
erJVXbaIicU_260-1684,1195,1,591.0,141.75,214.0,250.0,inside_visible,908.4617777777778,525.7321111111111,0
erJVXbaIicU_260-1684,1195,2,1082.6666666666667,281.0,212.0,216.0,inside_visible,905.818,528.062,1
erJVXbaIicU_260-1684,1196,1,589.8,141.4,214.0,250.0,inside_visible,908.2395555555556,526.8432222222222,0
erJVXbaIicU_260-1684,1196,2,1082.4,281.4,212.0,216.0,inside_visible,905.9513,529.3287,1
erJVXbaIicU_260-1684,1197,1,588.6,141.05,214.0,250.0,inside_visible,908.0173333333332,527.9543333333334,0
erJVXbaIicU_260-1684,1197,2,1082.1333333333334,281.8,212.0,216.0,inside_visible,906.0846,530.5954,1
erJVXbaIicU_260-1684,1198,1,587.4,140.7,214.0,250.0,inside_visible,907.795111111111,529.0654444444444,0
erJVXbaIicU_260-1684,1198,2,1081.8666666666666,282.2,212.0,216.0,inside_visible,906.2179,531.8621,1
erJVXbaIicU_260-1684,1199,1,586.2,140.35,214.0,250.00000000000003,inside_visible,907.5728888888888,530.1765555555555,0
erJVXbaIicU_260-1684,1199,2,1081.6,282.6,212.0,216.0,inside_visible,906.3512,533.1288000000001,1
erJVXbaIicU_260-1684,1200,1,585.0,140.0,214.0,250.0,inside_visible,907.3506666666666,531.2876666666666,0
erJVXbaIicU_260-1684,1200,2,1081.3333333333333,283.0,212.0,216.0,inside_visible,906.4845,534.3955000000001,1
erJVXbaIicU_260-1684,1201,1,584.8904109589041,139.94520547945206,214.0,250.0,inside_visible,907.1284444444444,532.3987777777778,0
erJVXbaIicU_260-1684,1201,2,1081.0666666666666,283.4,212.0,216.0,inside_visible,906.6178,535.6622,1
erJVXbaIicU_260-1684,1202,1,584.7808219178082,139.8904109589041,214.0,250.0,inside_visible,906.906222222222,533.5098888888889,0
erJVXbaIicU_260-1684,1202,2,1080.8,283.8,212.0,216.0,inside_visible,906.7511,536.9289,1
erJVXbaIicU_260-1684,1203,1,584.6712328767123,139.83561643835617,214.0,250.0,inside_visible,906.684,534.621,0
erJVXbaIicU_260-1684,1203,2,1080.5333333333333,284.2,212.0,216.0,inside_visible,906.8844,538.1956,1
erJVXbaIicU_260-1684,1204,1,584.5616438356165,139.78082191780825,214.0,250.0,inside_visible,904.934,535.121,0
erJVXbaIicU_260-1684,1204,2,1080.2666666666669,284.6,212.0,216.0,inside_visible,907.0177,539.4623,1
erJVXbaIicU_260-1684,1205,1,584.4520547945206,139.72602739726028,214.0,250.0,inside_visible,903.184,535.621,0
erJVXbaIicU_260-1684,1205,2,1080.0,285.0,212.0,216.0,inside_visible,907.151,540.729,1
erJVXbaIicU_260-1684,1206,1,584.3424657534247,139.67123287671234,214.0,250.0,gaze_shift,890.434,525.121,0
erJVXbaIicU_260-1684,1206,2,1080.0,284.3636363636364,212.0,216.0,inside_visible,889.817,526.062,1
erJVXbaIicU_260-1684,1207,1,584.2328767123288,139.6164383561644,214.0,250.0,gaze_shift,913.684,566.621,0
erJVXbaIicU_260-1684,1207,2,1080.0,283.72727272727275,212.0,216.0,inside_visible,889.96,524.515,1
erJVXbaIicU_260-1684,1208,1,584.1232876712329,139.56164383561645,214.0,250.0,gaze_shift,959.07725,529.93075,0
erJVXbaIicU_260-1684,1208,2,1080.0,283.09090909090907,212.0,216.0,inside_visible,887.6583333333333,506.5226666666667,1
erJVXbaIicU_260-1684,1209,1,584.013698630137,139.5068493150685,214.0,250.0,gaze_shift,1004.4705,493.2405,0
erJVXbaIicU_260-1684,1209,2,1080.0,282.45454545454544,212.0,216.0,inside_visible,885.3566666666667,488.5303333333333,1
erJVXbaIicU_260-1684,1210,1,583.9041095890411,139.45205479452054,214.0,250.00000000000003,gaze_shift,1049.86375,456.55025,0
erJVXbaIicU_260-1684,1210,2,1080.0,281.8181818181818,212.0,216.0,inside_visible,883.055,470.538,1
erJVXbaIicU_260-1684,1211,1,583.7945205479452,139.3972602739726,214.0,250.00000000000003,inside_visible,1095.257,419.86,0
erJVXbaIicU_260-1684,1211,2,1080.0,281.1818181818182,212.0,216.0,inside_visible,893.9756666666666,471.7126666666667,1
erJVXbaIicU_260-1684,1212,1,583.6849315068494,139.34246575342465,214.0,250.00000000000003,inside_visible,1095.257,419.66,0
erJVXbaIicU_260-1684,1212,2,1080.0,280.54545454545456,212.0,216.0,inside_visible,904.8963333333334,472.8873333333333,1
erJVXbaIicU_260-1684,1213,1,583.5753424657535,139.2876712328767,214.0,250.00000000000003,inside_visible,1095.257,419.46,0
erJVXbaIicU_260-1684,1213,2,1080.0,279.90909090909093,212.0,216.0,inside_visible,915.817,474.062,1
erJVXbaIicU_260-1684,1214,1,583.4657534246576,139.23287671232876,214.0,250.00000000000003,inside_visible,1095.257,419.26,0
erJVXbaIicU_260-1684,1214,2,1080.0,279.27272727272725,212.0,216.0,inside_visible,930.6945,491.3075,1
erJVXbaIicU_260-1684,1215,1,583.3561643835617,139.17808219178082,214.0,250.00000000000003,inside_visible,1095.257,419.06,0
erJVXbaIicU_260-1684,1215,2,1080.0,278.6363636363636,212.0,216.0,inside_visible,945.572,508.553,1
erJVXbaIicU_260-1684,1216,1,583.2465753424658,139.12328767123287,214.0,250.00000000000003,inside_visible,1095.257,418.86,0
erJVXbaIicU_260-1684,1216,2,1080.0,278.0,212.0,216.0,inside_visible,954.239,516.553,1
erJVXbaIicU_260-1684,1217,1,583.1369863013699,139.06849315068493,214.0,250.00000000000003,inside_visible,956.257,522.86,0
erJVXbaIicU_260-1684,1217,2,1082.0,278.6,211.79999999999995,216.6,inside_visible,958.5725,522.553,1
erJVXbaIicU_260-1684,1218,1,583.027397260274,139.013698630137,214.0,250.00000000000003,inside_visible,957.0903333333332,525.0266666666666,0
erJVXbaIicU_260-1684,1218,2,1084.0,279.2,211.5999999999999,217.2,inside_visible,962.906,528.553,1
erJVXbaIicU_260-1684,1219,1,582.917808219178,138.95890410958904,214.0,250.0,inside_visible,957.9236666666666,527.1933333333334,0
erJVXbaIicU_260-1684,1219,2,1086.0,279.8,211.4000000000001,217.8,inside_visible,962.2395,532.553,1
erJVXbaIicU_260-1684,1220,1,582.8082191780821,138.9041095890411,214.0,250.0,inside_visible,958.757,529.36,0
erJVXbaIicU_260-1684,1220,2,1088.0,280.4,211.20000000000005,218.40000000000003,inside_visible,961.573,536.553,1
erJVXbaIicU_260-1684,1221,1,582.6986301369863,138.84931506849315,214.0,250.0,inside_visible,959.5903333333332,531.5266666666666,0
erJVXbaIicU_260-1684,1221,2,1090.0,281.0,211.0,219.0,inside_visible,961.1286666666666,537.2196666666666,1
erJVXbaIicU_260-1684,1222,1,582.5890410958904,138.7945205479452,214.0,250.0,inside_visible,960.4236666666666,533.6933333333334,0
erJVXbaIicU_260-1684,1222,2,1090.625,280.5,210.625,219.5,inside_visible,960.6843333333334,537.8863333333334,1
erJVXbaIicU_260-1684,1223,1,582.4794520547945,138.73972602739727,214.0,250.0,inside_visible,961.257,535.86,0
erJVXbaIicU_260-1684,1223,2,1091.25,280.0,210.25,220.0,inside_visible,960.24,538.553,1
erJVXbaIicU_260-1684,1224,1,582.3698630136986,138.68493150684932,214.0,250.0,inside_visible,960.979222222222,535.6933333333334,0
erJVXbaIicU_260-1684,1224,2,1091.875,279.5,209.875,220.5,inside_visible,960.5525,537.95925,1
erJVXbaIicU_260-1684,1225,1,582.2602739726027,138.63013698630138,214.0,250.0,inside_visible,960.7014444444444,535.5266666666666,0
erJVXbaIicU_260-1684,1225,2,1092.5,279.0,209.5,221.0,inside_visible,960.865,537.3655,1
erJVXbaIicU_260-1684,1226,1,582.1506849315068,138.57534246575344,214.0,250.0,inside_visible,960.4236666666666,535.36,0
erJVXbaIicU_260-1684,1226,2,1093.125,278.5,209.125,221.5,inside_visible,961.1775,536.77175,1
erJVXbaIicU_260-1684,1227,1,582.0410958904109,138.5205479452055,214.0,250.0,inside_visible,960.1458888888887,535.1933333333334,0
erJVXbaIicU_260-1684,1227,2,1093.75,278.0,208.75,222.0,inside_visible,961.49,536.178,1
erJVXbaIicU_260-1684,1228,1,581.931506849315,138.46575342465752,214.0,250.0,inside_visible,959.868111111111,535.0266666666666,0
erJVXbaIicU_260-1684,1228,2,1094.375,277.5,208.375,222.5,inside_visible,961.8025,535.58425,1
erJVXbaIicU_260-1684,1229,1,581.8219178082192,138.41095890410958,214.0,250.0,inside_visible,959.5903333333332,534.86,0
erJVXbaIicU_260-1684,1229,2,1095.0,277.0,208.0,223.0,inside_visible,962.115,534.9905,1
erJVXbaIicU_260-1684,1230,1,581.7123287671233,138.35616438356163,214.0,250.0,inside_visible,959.3125555555556,534.6933333333334,0
erJVXbaIicU_260-1684,1230,2,1093.857142857143,277.35714285714283,208.0,223.0,inside_visible,962.4275,534.39675,1
erJVXbaIicU_260-1684,1231,1,581.6027397260274,138.3013698630137,214.0,250.0,inside_visible,959.0347777777778,534.5266666666666,0
erJVXbaIicU_260-1684,1231,2,1092.7142857142858,277.7142857142857,208.0,223.0,inside_visible,962.74,533.803,1
erJVXbaIicU_260-1684,1232,1,581.4931506849315,138.24657534246575,214.0,250.0,inside_visible,958.757,534.36,0
erJVXbaIicU_260-1684,1232,2,1091.571428571429,278.07142857142856,208.0,223.0,inside_visible,963.0525,533.20925,1
erJVXbaIicU_260-1684,1233,1,581.3835616438356,138.1917808219178,214.0,250.0,inside_visible,958.479222222222,534.1933333333334,0
erJVXbaIicU_260-1684,1233,2,1090.428571428571,278.42857142857144,208.0,223.0,inside_visible,963.365,532.6155,1
erJVXbaIicU_260-1684,1234,1,581.2739726027397,138.13698630136986,214.0,250.0,inside_visible,958.2014444444444,534.0266666666666,0
erJVXbaIicU_260-1684,1234,2,1089.2857142857142,278.7857142857143,208.0,223.0,inside_visible,963.6775,532.02175,1
erJVXbaIicU_260-1684,1235,1,581.1643835616438,138.08219178082192,214.0,250.0,inside_visible,957.9236666666666,533.86,0
erJVXbaIicU_260-1684,1235,2,1088.142857142857,279.1428571428572,208.0,223.0,inside_visible,963.99,531.428,1
erJVXbaIicU_260-1684,1236,1,581.054794520548,138.02739726027397,214.0,250.0,inside_visible,957.6458888888887,533.6933333333334,0
erJVXbaIicU_260-1684,1236,2,1087.0,279.5,208.0,223.0,inside_visible,964.3025,530.83425,1
erJVXbaIicU_260-1684,1237,1,580.945205479452,137.97260273972603,214.0,250.0,inside_visible,957.368111111111,533.5266666666666,0
erJVXbaIicU_260-1684,1237,2,1085.857142857143,279.85714285714283,208.0,223.0,inside_visible,964.615,530.2405,1
erJVXbaIicU_260-1684,1238,1,580.8356164383562,137.91780821917808,214.0,250.0,inside_visible,957.0903333333332,533.36,0
erJVXbaIicU_260-1684,1238,2,1084.7142857142858,280.2142857142857,208.0,223.0,inside_visible,964.9275,529.64675,1
erJVXbaIicU_260-1684,1239,1,580.7260273972603,137.86301369863014,214.0,250.0,inside_visible,956.8125555555556,533.1933333333334,0
erJVXbaIicU_260-1684,1239,2,1083.571428571429,280.57142857142856,208.0,223.0,inside_visible,965.24,529.053,1
erJVXbaIicU_260-1684,1240,1,580.6164383561644,137.8082191780822,214.0,250.0,inside_visible,956.5347777777778,533.0266666666666,0
erJVXbaIicU_260-1684,1240,2,1082.428571428571,280.92857142857144,208.0,223.0,inside_visible,963.14,527.553,1
erJVXbaIicU_260-1684,1241,1,580.5068493150685,137.75342465753425,214.0,250.0,inside_visible,956.257,532.86,0
erJVXbaIicU_260-1684,1241,2,1081.2857142857142,281.2857142857143,208.0,223.0,gaze_shift,914.79,474.803,1
erJVXbaIicU_260-1684,1242,1,580.3972602739726,137.6986301369863,214.0,250.0,inside_visible,956.457,533.0600000000001,0
erJVXbaIicU_260-1684,1242,2,1080.142857142857,281.6428571428572,208.0,223.0,gaze_shift,866.44,422.053,1
erJVXbaIicU_260-1684,1243,1,580.2876712328767,137.64383561643837,214.0,250.0,inside_visible,956.657,533.26,0
erJVXbaIicU_260-1684,1243,2,1079.0,282.0,208.0,223.0,gaze_shift,818.09,369.303,1
erJVXbaIicU_260-1684,1244,1,580.1780821917808,137.58904109589042,214.0,250.0,inside_visible,956.857,533.46,0
erJVXbaIicU_260-1684,1244,2,1081.0,282.0,204.0,223.0,inside_visible,769.74,316.553,1
erJVXbaIicU_260-1684,1245,1,580.068493150685,137.53424657534248,214.0,250.0,inside_visible,957.057,533.66,0
erJVXbaIicU_260-1684,1245,2,1080.7666666666669,282.1333333333333,204.5333333333333,222.56666666666663,inside_visible,770.8086,316.1188,1
erJVXbaIicU_260-1684,1246,1,579.9589041095891,137.4794520547945,214.0,250.00000000000003,inside_visible,957.257,533.86,0
erJVXbaIicU_260-1684,1246,2,1080.5333333333333,282.26666666666665,205.0666666666666,222.13333333333333,inside_visible,771.8772,315.6846,1
erJVXbaIicU_260-1684,1247,1,579.8493150684932,137.42465753424656,214.0,250.00000000000003,inside_visible,1097.257,430.86,0
erJVXbaIicU_260-1684,1247,2,1080.3,282.4,205.6000000000001,221.70000000000005,inside_visible,772.9458,315.2504,1
erJVXbaIicU_260-1684,1248,1,579.7397260273973,137.36986301369862,214.0,250.00000000000003,inside_visible,1096.857,430.21,0
erJVXbaIicU_260-1684,1248,2,1080.0666666666666,282.53333333333336,206.13333333333344,221.26666666666665,inside_visible,774.0144,314.8162,1
erJVXbaIicU_260-1684,1249,1,579.6301369863014,137.31506849315068,214.0,250.00000000000003,inside_visible,1096.457,429.56,0
erJVXbaIicU_260-1684,1249,2,1079.8333333333333,282.6666666666667,206.66666666666677,220.8333333333333,inside_visible,775.083,314.382,1
erJVXbaIicU_260-1684,1250,1,579.5205479452055,137.26027397260273,214.0,250.00000000000003,inside_visible,1096.057,428.91,0
erJVXbaIicU_260-1684,1250,2,1079.6,282.8,207.20000000000005,220.4,inside_visible,774.708,314.1736666666667,1
erJVXbaIicU_260-1684,1251,1,579.4109589041096,137.2054794520548,214.0,250.00000000000003,inside_visible,1095.6570000000002,428.26,0
erJVXbaIicU_260-1684,1251,2,1079.3666666666666,282.93333333333334,207.73333333333332,219.96666666666664,inside_visible,774.333,313.9653333333333,1
erJVXbaIicU_260-1684,1252,1,579.3013698630137,137.15068493150685,214.0,250.00000000000003,inside_visible,1095.257,427.61,0
erJVXbaIicU_260-1684,1252,2,1079.1333333333334,283.06666666666666,208.26666666666665,219.53333333333336,inside_visible,773.958,313.757,1
erJVXbaIicU_260-1684,1253,1,579.1917808219179,137.0958904109589,214.0,250.00000000000003,inside_visible,1094.857,426.96,0
erJVXbaIicU_260-1684,1253,2,1078.9,283.2,208.79999999999995,219.1,inside_visible,773.583,313.5486666666667,1
erJVXbaIicU_260-1684,1254,1,579.082191780822,137.04109589041096,214.0,250.00000000000003,inside_visible,1094.457,426.31,0
erJVXbaIicU_260-1684,1254,2,1078.6666666666667,283.3333333333333,209.3333333333333,218.66666666666669,inside_visible,773.208,313.3403333333333,1
erJVXbaIicU_260-1684,1255,1,578.972602739726,136.986301369863,214.0,250.0,inside_visible,1094.057,425.66,0
erJVXbaIicU_260-1684,1255,2,1078.4333333333334,283.46666666666664,209.86666666666656,218.23333333333332,inside_visible,772.833,313.132,1
erJVXbaIicU_260-1684,1256,1,578.8630136986301,136.93150684931507,214.0,250.0,inside_visible,1093.6570000000002,425.01,0
erJVXbaIicU_260-1684,1256,2,1078.2,283.6,210.39999999999984,217.79999999999995,inside_visible,772.458,312.9236666666667,1
erJVXbaIicU_260-1684,1257,1,578.7534246575342,136.87671232876713,214.0,250.0,inside_visible,1093.257,424.36,0
erJVXbaIicU_260-1684,1257,2,1077.9666666666667,283.7333333333333,210.9333333333334,217.36666666666667,inside_visible,772.083,312.7153333333333,1
erJVXbaIicU_260-1684,1258,1,578.6438356164383,136.82191780821918,214.0,250.0,inside_visible,1092.857,423.71,0
erJVXbaIicU_260-1684,1258,2,1077.7333333333331,283.8666666666667,211.4666666666667,216.9333333333333,inside_visible,771.708,312.507,1
erJVXbaIicU_260-1684,1259,1,578.5342465753424,136.76712328767124,214.0,250.0,inside_visible,1092.457,423.06,0
erJVXbaIicU_260-1684,1259,2,1077.5,284.0,212.0,216.5,inside_visible,771.333,312.2986666666667,1
erJVXbaIicU_260-1684,1260,1,578.4246575342465,136.7123287671233,214.0,250.0,inside_visible,1092.057,422.41,0
erJVXbaIicU_260-1684,1260,2,1077.2666666666669,284.1333333333333,212.5333333333333,216.06666666666663,inside_visible,770.958,312.0903333333333,1
erJVXbaIicU_260-1684,1261,1,578.3150684931506,136.65753424657535,214.0,250.0,inside_visible,1091.6570000000002,421.76,0
erJVXbaIicU_260-1684,1261,2,1077.0333333333333,284.26666666666665,213.0666666666666,215.63333333333333,inside_visible,770.583,311.882,1
erJVXbaIicU_260-1684,1262,1,578.2054794520548,136.6027397260274,214.0,250.0,inside_visible,1091.257,421.11,0
erJVXbaIicU_260-1684,1262,2,1076.8,284.4,213.6000000000001,215.20000000000005,inside_visible,922.083,434.882,1
erJVXbaIicU_260-1684,1263,1,578.0958904109589,136.54794520547946,214.0,250.0,inside_visible,1090.857,420.46,0
erJVXbaIicU_260-1684,1263,2,1076.5666666666666,284.53333333333336,214.13333333333344,214.76666666666665,inside_visible,922.083,433.682,1
erJVXbaIicU_260-1684,1264,1,577.986301369863,136.4931506849315,214.0,250.0,inside_visible,1090.457,419.81,0
erJVXbaIicU_260-1684,1264,2,1076.3333333333333,284.6666666666667,214.66666666666677,214.3333333333333,inside_visible,922.083,432.482,1
erJVXbaIicU_260-1684,1265,1,577.8767123287671,136.43835616438355,214.0,250.0,inside_visible,1090.057,419.16,0
erJVXbaIicU_260-1684,1265,2,1076.1,284.8,215.20000000000005,213.9,inside_visible,922.083,431.282,1
erJVXbaIicU_260-1684,1266,1,577.7671232876712,136.3835616438356,214.0,250.0,inside_visible,1089.6570000000002,418.51,0
erJVXbaIicU_260-1684,1266,2,1075.8666666666666,284.93333333333334,215.73333333333332,213.46666666666664,inside_visible,922.083,430.082,1
erJVXbaIicU_260-1684,1267,1,577.6575342465753,136.32876712328766,214.0,250.0,inside_visible,1089.257,417.86,0
erJVXbaIicU_260-1684,1267,2,1075.6333333333334,285.06666666666666,216.26666666666665,213.03333333333336,inside_visible,922.083,428.882,1
erJVXbaIicU_260-1684,1268,1,577.5479452054794,136.27397260273972,214.0,250.0,inside_visible,1089.757,417.5266666666667,0
erJVXbaIicU_260-1684,1268,2,1075.4,285.2,216.79999999999995,212.6,inside_visible,913.4163333333332,426.382,1
erJVXbaIicU_260-1684,1269,1,577.4383561643835,136.21917808219175,214.0,250.0,inside_visible,1090.257,417.1933333333333,0
erJVXbaIicU_260-1684,1269,2,1075.1666666666667,285.3333333333333,217.3333333333333,212.16666666666669,inside_visible,904.7496666666666,423.882,1
erJVXbaIicU_260-1684,1270,1,577.3287671232877,136.16438356164383,214.0,250.0,inside_visible,1090.757,416.86,0
erJVXbaIicU_260-1684,1270,2,1074.9333333333334,285.46666666666664,217.86666666666656,211.73333333333332,inside_visible,896.083,421.382,1
erJVXbaIicU_260-1684,1271,1,577.2191780821918,136.1095890410959,214.0,250.0,inside_visible,1091.257,416.5266666666667,0
erJVXbaIicU_260-1684,1271,2,1074.7,285.6,218.39999999999984,211.29999999999995,inside_visible,879.083,414.632,1
erJVXbaIicU_260-1684,1272,1,577.1095890410959,136.05479452054794,214.0,250.0,inside_visible,1091.757,416.1933333333333,0
erJVXbaIicU_260-1684,1272,2,1074.4666666666667,285.7333333333333,218.9333333333334,210.86666666666667,inside_visible,862.083,407.882,1
erJVXbaIicU_260-1684,1273,1,577.0,136.0,214.0,250.0,inside_visible,1092.257,415.86,0
erJVXbaIicU_260-1684,1273,2,1074.2333333333331,285.8666666666667,219.4666666666667,210.4333333333333,inside_visible,844.833,402.132,1
erJVXbaIicU_260-1684,1274,1,577.3,136.2,214.0,250.0,inside_visible,1091.957,414.56,0
erJVXbaIicU_260-1684,1274,2,1074.0,286.0,220.0,210.0,inside_visible,827.583,396.382,1
erJVXbaIicU_260-1684,1275,1,577.6,136.4,214.0,250.0,inside_visible,1091.6570000000002,413.26,0
erJVXbaIicU_260-1684,1275,2,1073.611111111111,286.3888888888889,220.44444444444457,209.5,inside_visible,821.833,391.882,1
erJVXbaIicU_260-1684,1276,1,577.9,136.6,214.0,250.00000000000003,inside_visible,1091.357,411.96,0
erJVXbaIicU_260-1684,1276,2,1073.2222222222222,286.77777777777777,220.8888888888889,209.0,inside_visible,816.083,387.382,1
erJVXbaIicU_260-1684,1277,1,578.2,136.8,214.0,250.0,inside_visible,1091.057,410.66,0
erJVXbaIicU_260-1684,1277,2,1072.8333333333333,287.1666666666667,221.33333333333348,208.5,inside_visible,807.833,381.882,1
erJVXbaIicU_260-1684,1278,1,578.5,137.0,214.0,250.0,inside_visible,1090.757,409.36,0
erJVXbaIicU_260-1684,1278,2,1072.4444444444443,287.55555555555554,221.77777777777783,208.0,inside_visible,799.583,376.382,1
erJVXbaIicU_260-1684,1279,1,578.8,137.2,214.0,250.0,inside_visible,1090.457,408.06,0
erJVXbaIicU_260-1684,1279,2,1072.0555555555557,287.94444444444446,222.22222222222217,207.5,inside_visible,795.208,375.757,1
erJVXbaIicU_260-1684,1280,1,579.1,137.4,214.0,250.0,inside_visible,1090.1570000000002,406.76,0
erJVXbaIicU_260-1684,1280,2,1071.6666666666667,288.3333333333333,222.6666666666665,207.0,inside_visible,790.833,375.132,1
erJVXbaIicU_260-1684,1281,1,579.4,137.6,214.0,250.00000000000003,inside_visible,1089.857,405.46,0
erJVXbaIicU_260-1684,1281,2,1071.2777777777778,288.72222222222223,223.1111111111111,206.5,inside_visible,786.458,374.507,1
erJVXbaIicU_260-1684,1282,1,579.7,137.8,214.0,250.0,inside_visible,1089.557,404.16,0
erJVXbaIicU_260-1684,1282,2,1070.888888888889,289.1111111111111,223.55555555555543,206.0,inside_visible,782.083,373.882,1
erJVXbaIicU_260-1684,1283,1,580.0,138.0,214.0,250.0,inside_visible,1089.257,402.86,0
erJVXbaIicU_260-1684,1283,2,1070.5,289.5,224.0,205.5,inside_visible,777.154,374.643,1
erJVXbaIicU_260-1684,1284,1,580.1038961038961,138.05194805194805,214.0,250.0,inside_visible,1088.8284285714287,403.0504761904762,0
erJVXbaIicU_260-1684,1284,2,1070.111111111111,289.8888888888889,224.44444444444457,205.0,inside_visible,772.225,375.404,1
erJVXbaIicU_260-1684,1285,1,580.2077922077922,138.1038961038961,214.0,250.0,inside_visible,1088.3998571428572,403.2409523809524,0
erJVXbaIicU_260-1684,1285,2,1069.7222222222222,290.27777777777777,224.8888888888889,204.5,inside_visible,767.296,376.165,1
erJVXbaIicU_260-1684,1286,1,580.3116883116883,138.15584415584416,214.0,250.0,inside_visible,1087.9712857142858,403.43142857142857,0
erJVXbaIicU_260-1684,1286,2,1069.3333333333333,290.6666666666667,225.33333333333348,204.0,inside_visible,764.421,377.29,1
erJVXbaIicU_260-1684,1287,1,580.4155844155844,138.2077922077922,214.0,250.0,inside_visible,1087.5427142857145,403.6219047619048,0
erJVXbaIicU_260-1684,1287,2,1068.9444444444443,291.05555555555554,225.77777777777783,203.5,inside_visible,761.546,378.415,1
erJVXbaIicU_260-1684,1288,1,580.5194805194806,138.25974025974023,214.0,250.00000000000003,inside_visible,1087.114142857143,403.812380952381,0
erJVXbaIicU_260-1684,1288,2,1068.5555555555557,291.44444444444446,226.22222222222217,203.0,inside_visible,758.671,379.54,1
erJVXbaIicU_260-1684,1289,1,580.6233766233767,138.3116883116883,214.0,250.00000000000003,inside_visible,1086.6855714285714,404.0028571428572,0
erJVXbaIicU_260-1684,1289,2,1068.1666666666667,291.8333333333333,226.6666666666665,202.5,inside_visible,755.796,380.665,1
erJVXbaIicU_260-1684,1290,1,580.7272727272727,138.36363636363637,214.0,250.0,inside_visible,1086.257,404.1933333333333,0
erJVXbaIicU_260-1684,1290,2,1067.7777777777778,292.22222222222223,227.1111111111111,202.0,inside_visible,755.3960000000001,375.665,1
erJVXbaIicU_260-1684,1291,1,580.8311688311688,138.41558441558442,214.0,250.0,inside_visible,1085.8284285714287,404.38380952380953,0
erJVXbaIicU_260-1684,1291,2,1067.388888888889,292.6111111111111,227.55555555555543,201.5,inside_visible,754.9960000000001,370.665,1
erJVXbaIicU_260-1684,1292,1,580.9350649350649,138.46753246753246,214.0,250.0,inside_visible,1085.3998571428572,404.57428571428574,0
erJVXbaIicU_260-1684,1292,2,1067.0,293.0,228.0,201.0,inside_visible,754.596,365.665,1
erJVXbaIicU_260-1684,1293,1,581.038961038961,138.5194805194805,214.0,250.0,inside_visible,1084.9712857142858,404.76476190476194,0
erJVXbaIicU_260-1684,1293,2,1067.0,293.02702702702703,227.81081081081084,201.0,inside_visible,754.196,360.665,1
erJVXbaIicU_260-1684,1294,1,581.1428571428571,138.57142857142858,214.0,250.0,inside_visible,1084.5427142857145,404.9552380952381,0
erJVXbaIicU_260-1684,1294,2,1067.0,293.05405405405406,227.62162162162167,201.0,inside_visible,753.796,355.665,1
erJVXbaIicU_260-1684,1295,1,581.2467532467532,138.62337662337663,214.0,250.0,inside_visible,1084.114142857143,405.1457142857143,0
erJVXbaIicU_260-1684,1295,2,1067.0,293.0810810810811,227.4324324324325,201.0,inside_visible,753.8051250000001,355.74262500000003,1
erJVXbaIicU_260-1684,1296,1,581.3506493506494,138.67532467532467,214.0,250.00000000000003,inside_visible,1083.6855714285714,405.3361904761905,0
erJVXbaIicU_260-1684,1296,2,1067.0,293.1081081081081,227.2432432432433,201.0,inside_visible,753.81425,355.82025000000004,1
erJVXbaIicU_260-1684,1297,1,581.4545454545455,138.72727272727272,214.0,250.00000000000003,inside_visible,1083.257,405.5266666666667,0
erJVXbaIicU_260-1684,1297,2,1067.0,293.1351351351352,227.05405405405395,201.0,inside_visible,753.823375,355.897875,1
erJVXbaIicU_260-1684,1298,1,581.5584415584416,138.7792207792208,214.0,250.0,inside_visible,1082.8284285714287,405.7171428571429,0
erJVXbaIicU_260-1684,1298,2,1067.0,293.1621621621622,226.8648648648648,201.0,inside_visible,753.8325,355.9755,1
erJVXbaIicU_260-1684,1299,1,581.6623376623377,138.83116883116884,214.0,250.0,inside_visible,1082.3998571428572,405.9076190476191,0
erJVXbaIicU_260-1684,1299,2,1067.0,293.1891891891892,226.6756756756756,201.0,inside_visible,753.841625,356.053125,1
erJVXbaIicU_260-1684,1300,1,581.7662337662338,138.88311688311688,214.0,250.0,inside_visible,1081.9712857142858,406.09809523809525,0
erJVXbaIicU_260-1684,1300,2,1067.0,293.2162162162162,226.48648648648648,201.0,inside_visible,753.8507500000001,356.13075000000003,1
erJVXbaIicU_260-1684,1301,1,581.8701298701299,138.93506493506493,214.0,250.0,inside_visible,1081.5427142857145,406.28857142857146,0
erJVXbaIicU_260-1684,1301,2,1067.0,293.2432432432432,226.2972972972973,201.0,inside_visible,753.859875,356.20837500000005,1
erJVXbaIicU_260-1684,1302,1,581.974025974026,138.98701298701295,214.0,250.0,inside_visible,1081.114142857143,406.4790476190476,0
erJVXbaIicU_260-1684,1302,2,1067.0,293.27027027027026,226.10810810810813,201.0,inside_visible,753.869,356.286,1
erJVXbaIicU_260-1684,1303,1,582.077922077922,139.03896103896105,214.0,250.0,inside_visible,1080.6855714285714,406.6695238095238,0
erJVXbaIicU_260-1684,1303,2,1067.0,293.2972972972973,225.91891891891896,201.0,inside_visible,753.8781250000001,356.363625,1
erJVXbaIicU_260-1684,1304,1,582.1818181818181,139.0909090909091,214.0,250.0,inside_visible,1080.257,406.86,0
erJVXbaIicU_260-1684,1304,2,1067.0,293.3243243243243,225.7297297297298,201.0,inside_visible,753.88725,356.44125,1
erJVXbaIicU_260-1684,1305,1,582.2857142857143,139.14285714285714,214.0,250.00000000000003,inside_visible,1080.5646923076924,406.7317948717949,0
erJVXbaIicU_260-1684,1305,2,1067.0,293.3513513513513,225.54054054054063,201.0,inside_visible,753.896375,356.51887500000004,1
erJVXbaIicU_260-1684,1306,1,582.3896103896104,139.19480519480518,214.0,250.00000000000003,inside_visible,1080.8723846153846,406.60358974358974,0
erJVXbaIicU_260-1684,1306,2,1067.0,293.3783783783784,225.35135135135124,201.0,inside_visible,753.9055000000001,356.5965,1
erJVXbaIicU_260-1684,1307,1,582.4935064935065,139.24675324675326,214.0,250.0,inside_visible,1081.180076923077,406.4753846153847,0
erJVXbaIicU_260-1684,1307,2,1067.0,293.4054054054054,225.16216216216208,201.0,inside_visible,753.914625,356.674125,1
erJVXbaIicU_260-1684,1308,1,582.5974025974026,139.2987012987013,214.0,250.0,inside_visible,1081.4877692307691,406.3471794871795,0
erJVXbaIicU_260-1684,1308,2,1067.0,293.43243243243245,224.9729729729729,201.0,inside_visible,753.92375,356.75175,1
erJVXbaIicU_260-1684,1309,1,582.7012987012987,139.35064935064935,214.0,250.0,inside_visible,1081.7954615384615,406.2189743589744,0
erJVXbaIicU_260-1684,1309,2,1067.0,293.4594594594595,224.78378378378372,201.0,inside_visible,753.932875,356.829375,1
erJVXbaIicU_260-1684,1310,1,582.8051948051948,139.4025974025974,214.0,250.0,inside_visible,1082.103153846154,406.0907692307693,0
erJVXbaIicU_260-1684,1310,2,1067.0,293.4864864864865,224.59459459459455,201.0,inside_visible,753.942,356.90700000000004,1
erJVXbaIicU_260-1684,1311,1,582.9090909090909,139.45454545454547,214.0,250.0,inside_visible,1082.4108461538465,405.9625641025641,0
erJVXbaIicU_260-1684,1311,2,1067.0,293.5135135135135,224.40540540540545,201.0,inside_visible,753.951125,356.984625,1
erJVXbaIicU_260-1684,1312,1,583.012987012987,139.5064935064935,214.0,250.0,inside_visible,1082.7185384615386,405.83435897435896,0
erJVXbaIicU_260-1684,1312,2,1067.0,293.5405405405405,224.21621621621625,201.0,inside_visible,753.96025,357.06225,1
erJVXbaIicU_260-1684,1313,1,583.1168831168832,139.55844155844156,214.0,250.00000000000003,inside_visible,1083.0262307692308,405.7061538461539,0
erJVXbaIicU_260-1684,1313,2,1067.0,293.56756756756755,224.0270270270271,201.0,inside_visible,753.969375,357.139875,1
erJVXbaIicU_260-1684,1314,1,583.2207792207793,139.6103896103896,214.0,250.00000000000003,inside_visible,1083.3339230769232,405.5779487179488,0
erJVXbaIicU_260-1684,1314,2,1067.0,293.5945945945946,223.83783783783792,201.0,inside_visible,753.9784999999999,357.21750000000003,1
erJVXbaIicU_260-1684,1315,1,583.3246753246754,139.66233766233765,214.0,250.00000000000003,inside_visible,1083.6416153846155,405.4497435897436,0
erJVXbaIicU_260-1684,1315,2,1067.0,293.6216216216216,223.6486486486488,201.0,inside_visible,753.987625,357.29512500000004,1
erJVXbaIicU_260-1684,1316,1,583.4285714285714,139.71428571428572,214.0,250.0,inside_visible,1083.9493076923077,405.32153846153847,0
erJVXbaIicU_260-1684,1316,2,1067.0,293.64864864864865,223.45945945945937,201.0,inside_visible,753.99675,357.37275,1
erJVXbaIicU_260-1684,1317,1,583.5324675324675,139.76623376623377,214.0,250.0,inside_visible,1084.257,405.1933333333333,0
erJVXbaIicU_260-1684,1317,2,1067.0,293.6756756756757,223.2702702702702,201.0,inside_visible,754.005875,357.450375,1
erJVXbaIicU_260-1684,1318,1,583.6363636363636,139.8181818181818,214.0,250.0,inside_visible,1084.5646923076924,405.06512820512825,0
erJVXbaIicU_260-1684,1318,2,1067.0,293.7027027027027,223.08108108108104,201.0,inside_visible,754.015,357.528,1
erJVXbaIicU_260-1684,1319,1,583.7402597402597,139.87012987012986,214.0,250.0,inside_visible,1084.8723846153846,404.9369230769231,0
erJVXbaIicU_260-1684,1319,2,1067.0,293.72972972972974,222.89189189189187,201.0,inside_visible,754.4681052631579,355.6124210526316,1
erJVXbaIicU_260-1684,1320,1,583.8441558441558,139.92207792207793,214.0,250.0,inside_visible,1085.180076923077,404.808717948718,0
erJVXbaIicU_260-1684,1320,2,1067.0,293.7567567567568,222.7027027027027,201.0,inside_visible,754.9212105263158,353.6968421052632,1
erJVXbaIicU_260-1684,1321,1,583.9480519480519,139.97402597402598,214.0,250.0,inside_visible,1085.4877692307691,404.6805128205128,0
erJVXbaIicU_260-1684,1321,2,1067.0,293.7837837837838,222.51351351351357,201.0,inside_visible,755.3743157894737,351.7812631578947,1
erJVXbaIicU_260-1684,1322,1,584.0519480519481,140.02597402597402,214.0,250.00000000000003,inside_visible,1085.7954615384615,404.5523076923077,0
erJVXbaIicU_260-1684,1322,2,1067.0,293.81081081081084,222.3243243243244,201.0,inside_visible,755.8274210526316,349.86568421052635,1
erJVXbaIicU_260-1684,1323,1,584.1558441558442,140.07792207792207,214.0,250.00000000000003,inside_visible,1086.103153846154,404.42410256410255,0
erJVXbaIicU_260-1684,1323,2,1067.0,293.8378378378378,222.1351351351352,201.0,inside_visible,756.2805263157894,347.9501052631579,1
erJVXbaIicU_260-1684,1324,1,584.2597402597403,140.12987012987014,214.0,250.0,inside_visible,1086.4108461538465,404.2958974358975,0
erJVXbaIicU_260-1684,1324,2,1067.0,293.86486486486484,221.94594594594605,201.0,inside_visible,756.7336315789473,346.0345263157895,1
erJVXbaIicU_260-1684,1325,1,584.3636363636364,140.1818181818182,214.0,250.0,inside_visible,1086.7185384615386,404.16769230769233,0
erJVXbaIicU_260-1684,1325,2,1067.0,293.8918918918919,221.75675675675663,201.0,inside_visible,757.1867368421052,344.11894736842106,1
erJVXbaIicU_260-1684,1326,1,584.4675324675325,140.23376623376623,214.0,250.0,inside_visible,1087.0262307692308,404.0394871794872,0
erJVXbaIicU_260-1684,1326,2,1067.0,293.9189189189189,221.5675675675675,201.0,inside_visible,757.6398421052631,342.20336842105263,1
erJVXbaIicU_260-1684,1327,1,584.5714285714286,140.28571428571428,214.0,250.0,inside_visible,1087.3339230769232,403.91128205128206,0
erJVXbaIicU_260-1684,1327,2,1067.0,293.94594594594594,221.37837837837836,201.0,inside_visible,758.092947368421,340.2877894736842,1
erJVXbaIicU_260-1684,1328,1,584.6753246753246,140.33766233766235,214.0,250.0,inside_visible,1087.6416153846155,403.7830769230769,0
erJVXbaIicU_260-1684,1328,2,1067.0,293.97297297297297,221.1891891891892,201.0,inside_visible,758.546052631579,338.3722105263158,1
erJVXbaIicU_260-1684,1329,1,584.7792207792207,140.3896103896104,214.0,250.0,inside_visible,1087.9493076923077,403.6548717948718,0
erJVXbaIicU_260-1684,1329,2,1067.0,294.0,221.0,201.0,inside_visible,758.9991578947369,336.4566315789474,1
erJVXbaIicU_260-1684,1330,1,584.8831168831168,140.44155844155844,214.0,250.0,inside_visible,1088.257,403.5266666666667,0
erJVXbaIicU_260-1684,1330,2,1067.3636363636365,294.0,221.318181818182,201.0,inside_visible,759.4522631578948,334.54105263157896,1
erJVXbaIicU_260-1684,1331,1,584.987012987013,140.4935064935065,214.0,250.00000000000003,inside_visible,1088.5646923076924,403.3984615384616,0
erJVXbaIicU_260-1684,1331,2,1067.7272727272727,294.0,221.6363636363635,201.0,inside_visible,759.9053684210527,332.62547368421053,1
erJVXbaIicU_260-1684,1332,1,585.0909090909091,140.54545454545453,214.0,250.00000000000003,inside_visible,1088.8723846153846,403.2702564102564,0
erJVXbaIicU_260-1684,1332,2,1068.090909090909,294.0,221.9545454545455,201.0,inside_visible,760.3584736842106,330.7098947368421,1
erJVXbaIicU_260-1684,1333,1,585.1948051948052,140.5974025974026,214.0,250.0,inside_visible,1089.180076923077,403.1420512820513,0
erJVXbaIicU_260-1684,1333,2,1068.4545454545455,294.0,222.27272727272725,201.0,inside_visible,760.8115789473684,328.79431578947367,1
erJVXbaIicU_260-1684,1334,1,585.2987012987013,140.64935064935065,214.0,250.0,inside_visible,1089.4877692307691,403.01384615384615,0
erJVXbaIicU_260-1684,1334,2,1068.8181818181818,294.0,222.59090909090924,201.0,inside_visible,761.2646842105263,326.8787368421053,1
erJVXbaIicU_260-1684,1335,1,585.4025974025974,140.7012987012987,214.0,250.0,inside_visible,1089.7954615384615,402.88564102564106,0
erJVXbaIicU_260-1684,1335,2,1069.1818181818182,294.0,222.9090909090908,201.0,inside_visible,761.7177894736842,324.96315789473687,1
erJVXbaIicU_260-1684,1336,1,585.5064935064935,140.75324675324674,214.0,250.0,inside_visible,1090.103153846154,402.7574358974359,0
erJVXbaIicU_260-1684,1336,2,1069.5454545454545,294.0,223.22727272727275,201.0,inside_visible,762.1708947368421,323.04757894736844,1
erJVXbaIicU_260-1684,1337,1,585.6103896103896,140.80519480519482,214.0,250.0,inside_visible,1090.4108461538465,402.6292307692308,0
erJVXbaIicU_260-1684,1337,2,1069.909090909091,294.0,223.5454545454545,201.0,inside_visible,762.624,321.132,1
erJVXbaIicU_260-1684,1338,1,585.7142857142857,140.85714285714286,214.0,250.0,inside_visible,1090.7185384615386,402.5010256410257,0
erJVXbaIicU_260-1684,1338,2,1070.2727272727273,294.0,223.8636363636365,201.0,inside_visible,763.1630666666667,320.84976666666665,1
erJVXbaIicU_260-1684,1339,1,585.8181818181819,140.9090909090909,214.0,250.00000000000003,inside_visible,1091.0262307692308,402.3728205128205,0
erJVXbaIicU_260-1684,1339,2,1070.6363636363635,294.0,224.181818181818,201.0,inside_visible,763.7021333333333,320.56753333333336,1
erJVXbaIicU_260-1684,1340,1,585.922077922078,140.96103896103895,214.0,250.00000000000003,inside_visible,1091.3339230769232,402.2446153846154,0
erJVXbaIicU_260-1684,1340,2,1071.0,294.0,224.5,201.0,inside_visible,764.2412,320.2853,1
erJVXbaIicU_260-1684,1341,1,586.025974025974,141.01298701298705,214.0,250.0,inside_visible,1091.6416153846155,402.1164102564103,0
erJVXbaIicU_260-1684,1341,2,1071.3636363636365,294.0,224.818181818182,201.0,inside_visible,764.7802666666666,320.00306666666665,1
erJVXbaIicU_260-1684,1342,1,586.1298701298701,141.06493506493507,214.0,250.0,inside_visible,1091.9493076923077,401.9882051282052,0
erJVXbaIicU_260-1684,1342,2,1071.7272727272727,294.0,225.1363636363635,201.0,inside_visible,765.3193333333334,319.72083333333336,1
erJVXbaIicU_260-1684,1343,1,586.2337662337662,141.11688311688312,214.0,250.0,inside_visible,1092.257,401.86,0
erJVXbaIicU_260-1684,1343,2,1072.090909090909,294.0,225.4545454545455,201.0,inside_visible,765.8584000000001,319.4386,1
erJVXbaIicU_260-1684,1344,1,586.3376623376623,141.16883116883116,214.0,250.0,inside_visible,1092.4277317073172,401.8356097560976,0
erJVXbaIicU_260-1684,1344,2,1072.4545454545455,294.0,225.77272727272725,201.0,inside_visible,766.3974666666667,319.15636666666666,1
erJVXbaIicU_260-1684,1345,1,586.4415584415584,141.2207792207792,214.0,250.0,inside_visible,1092.598463414634,401.8112195121951,0
erJVXbaIicU_260-1684,1345,2,1072.8181818181818,294.0,226.09090909090924,201.0,inside_visible,766.9365333333334,318.87413333333336,1
erJVXbaIicU_260-1684,1346,1,586.5454545454545,141.27272727272728,214.0,250.0,inside_visible,1092.7691951219513,401.7868292682927,0
erJVXbaIicU_260-1684,1346,2,1073.1818181818182,294.0,226.4090909090908,201.0,inside_visible,767.4756,318.5919,1
erJVXbaIicU_260-1684,1347,1,586.6493506493506,141.32467532467533,214.0,250.0,inside_visible,1092.9399268292684,401.76243902439023,0
erJVXbaIicU_260-1684,1347,2,1073.5454545454545,294.0,226.72727272727275,201.0,inside_visible,768.0146666666667,318.30966666666666,1
erJVXbaIicU_260-1684,1348,1,586.7532467532468,141.37662337662337,214.0,250.00000000000003,inside_visible,1093.110658536585,401.7380487804878,0
erJVXbaIicU_260-1684,1348,2,1073.909090909091,294.0,227.0454545454545,201.0,inside_visible,768.5537333333334,318.02743333333336,1
erJVXbaIicU_260-1684,1349,1,586.8571428571429,141.42857142857142,214.0,250.00000000000003,inside_visible,1093.2813902439025,401.7136585365854,0
erJVXbaIicU_260-1684,1349,2,1074.2727272727273,294.0,227.3636363636365,201.0,inside_visible,769.0928,317.7452,1
erJVXbaIicU_260-1684,1350,1,586.961038961039,141.4805194805195,214.0,250.0,inside_visible,1093.4521219512196,401.6892682926829,0
erJVXbaIicU_260-1684,1350,2,1074.6363636363635,294.0,227.681818181818,201.0,inside_visible,769.6318666666667,317.46296666666666,1
erJVXbaIicU_260-1684,1351,1,587.0649350649351,141.53246753246754,214.0,250.0,inside_visible,1093.6228536585363,401.6648780487805,0
erJVXbaIicU_260-1684,1351,2,1075.0,294.0,228.0,201.0,inside_visible,770.1709333333333,317.18073333333336,1
erJVXbaIicU_260-1684,1352,1,587.1688311688312,141.58441558441558,214.0,250.0,inside_visible,1093.7935853658537,401.640487804878,0
erJVXbaIicU_260-1684,1352,2,1075.0,294.0,228.0,201.0,inside_visible,770.71,316.8985,1
erJVXbaIicU_260-1684,1353,1,587.2727272727273,141.63636363636363,214.0,250.0,inside_visible,1093.9643170731708,401.6160975609756,0
erJVXbaIicU_260-1684,1353,2,1075.0,294.0,228.0,201.0,inside_visible,771.2490666666667,316.61626666666666,1
erJVXbaIicU_260-1684,1354,1,587.3766233766233,141.6883116883117,214.0,250.0,inside_visible,1094.135048780488,401.5917073170732,0
erJVXbaIicU_260-1684,1354,2,1075.0,294.0,228.0,201.0,inside_visible,771.7881333333333,316.33403333333337,1
erJVXbaIicU_260-1684,1355,1,587.4805194805194,141.74025974025977,214.0,250.0,inside_visible,1094.305780487805,401.5673170731707,0
erJVXbaIicU_260-1684,1355,2,1075.0,294.0,228.0,201.0,inside_visible,772.3272000000001,316.0518,1
erJVXbaIicU_260-1684,1356,1,587.5844155844156,141.7922077922078,214.0,250.00000000000003,inside_visible,1094.476512195122,401.5429268292683,0
erJVXbaIicU_260-1684,1356,2,1075.0,294.0,228.0,201.0,inside_visible,772.8662666666667,315.76956666666666,1
erJVXbaIicU_260-1684,1357,1,587.6883116883117,141.84415584415584,214.0,250.00000000000003,inside_visible,1094.6472439024392,401.5185365853659,0
erJVXbaIicU_260-1684,1357,2,1075.0,294.0,228.0,201.0,inside_visible,773.4053333333334,315.48733333333337,1
erJVXbaIicU_260-1684,1358,1,587.7922077922078,141.8961038961039,214.0,250.0,inside_visible,1094.817975609756,401.4941463414634,0
erJVXbaIicU_260-1684,1358,2,1075.0,294.0,228.0,201.0,inside_visible,773.9444000000001,315.2051,1
erJVXbaIicU_260-1684,1359,1,587.8961038961039,141.94805194805195,214.0,250.0,inside_visible,1094.9887073170732,401.469756097561,0
erJVXbaIicU_260-1684,1359,2,1075.0,294.0,228.0,201.0,inside_visible,774.4834666666667,314.92286666666666,1
erJVXbaIicU_260-1684,1360,1,588.0,142.0,214.0,250.0,eyes_closed,1095.1594390243904,401.4453658536585,0
erJVXbaIicU_260-1684,1360,2,1075.0,294.0,228.0,201.0,inside_visible,775.0225333333334,314.64063333333337,1
erJVXbaIicU_260-1684,1361,1,587.8181818181819,141.9090909090909,214.0,250.00000000000003,eyes_closed,1095.3301707317073,401.4209756097561,0
erJVXbaIicU_260-1684,1361,2,1075.0,294.0,228.0,201.0,inside_visible,775.5616,314.3584,1
erJVXbaIicU_260-1684,1362,1,587.6363636363636,141.8181818181818,214.0,250.0,eyes_closed,1095.5009024390245,401.3965853658537,0
erJVXbaIicU_260-1684,1362,2,1075.0,294.0,228.0,201.0,inside_visible,776.1006666666667,314.07616666666667,1
erJVXbaIicU_260-1684,1363,1,587.4545454545455,141.72727272727272,214.0,250.00000000000003,eyes_closed,1095.6716341463416,401.3721951219512,0
erJVXbaIicU_260-1684,1363,2,1075.3461538461538,294.03846153846155,228.0,201.0,inside_visible,776.6397333333334,313.79393333333337,1
erJVXbaIicU_260-1684,1364,1,587.2727272727273,141.63636363636363,214.0,250.0,inside_visible,1095.8423658536583,401.3478048780488,0
erJVXbaIicU_260-1684,1364,2,1075.6923076923076,294.0769230769231,228.0,201.0,inside_visible,777.1788,313.5117,1
erJVXbaIicU_260-1684,1365,1,587.0909090909091,141.54545454545453,214.0,250.00000000000003,inside_visible,1096.0130975609757,401.32341463414633,0
erJVXbaIicU_260-1684,1365,2,1076.0384615384614,294.11538461538464,228.0,201.0,inside_visible,777.7178666666667,313.22946666666667,1
erJVXbaIicU_260-1684,1366,1,586.9090909090909,141.45454545454547,214.0,250.0,inside_visible,1096.1838292682928,401.2990243902439,0
erJVXbaIicU_260-1684,1366,2,1076.3846153846157,294.15384615384613,228.0,201.0,inside_visible,778.2569333333333,312.9472333333334,1
erJVXbaIicU_260-1684,1367,1,586.7272727272727,141.36363636363637,214.0,250.0,inside_visible,1096.3545609756095,401.2746341463415,0
erJVXbaIicU_260-1684,1367,2,1076.7307692307693,294.1923076923077,228.0,201.0,inside_visible,778.796,312.665,1
erJVXbaIicU_260-1684,1368,1,586.5454545454545,141.27272727272728,214.0,250.0,inside_visible,1096.5252926829269,401.250243902439,0
erJVXbaIicU_260-1684,1368,2,1077.076923076923,294.2307692307692,228.0,201.0,inside_visible,783.796,304.665,1
erJVXbaIicU_260-1684,1369,1,586.3636363636364,141.1818181818182,214.0,250.0,inside_visible,1096.696024390244,401.2258536585366,0
erJVXbaIicU_260-1684,1369,2,1077.423076923077,294.2692307692308,228.0,201.0,inside_visible,783.7424285714286,304.3257142857143,1
erJVXbaIicU_260-1684,1370,1,586.1818181818181,141.0909090909091,214.0,250.0,inside_visible,1096.866756097561,401.2014634146341,0
erJVXbaIicU_260-1684,1370,2,1077.7692307692307,294.3076923076923,228.0,201.0,inside_visible,783.6888571428572,303.9864285714286,1
erJVXbaIicU_260-1684,1371,1,586.0,141.0,214.0,250.0,inside_visible,1097.037487804878,401.1770731707317,0
erJVXbaIicU_260-1684,1371,2,1078.1153846153843,294.34615384615387,228.0,201.0,inside_visible,783.6352857142857,303.64714285714285,1
erJVXbaIicU_260-1684,1372,1,585.9444444444445,140.96296296296296,214.0,250.00000000000003,inside_visible,1097.2082195121952,401.1526829268293,0
erJVXbaIicU_260-1684,1372,2,1078.4615384615386,294.38461538461536,228.0,201.0,inside_visible,783.5817142857144,303.3078571428572,1
erJVXbaIicU_260-1684,1373,1,585.8888888888889,140.92592592592592,214.0,250.0,inside_visible,1097.378951219512,401.1282926829268,0
erJVXbaIicU_260-1684,1373,2,1078.8076923076924,294.4230769230769,228.0,201.0,inside_visible,783.5281428571429,302.96857142857147,1
erJVXbaIicU_260-1684,1374,1,585.8333333333334,140.88888888888889,214.0,250.00000000000003,inside_visible,1097.5496829268293,401.1039024390244,0
erJVXbaIicU_260-1684,1374,2,1079.1538461538462,294.46153846153845,228.0,201.0,inside_visible,783.4745714285715,302.62928571428574,1
erJVXbaIicU_260-1684,1375,1,585.7777777777778,140.85185185185185,214.0,250.0,inside_visible,1097.7204146341464,401.079512195122,0
erJVXbaIicU_260-1684,1375,2,1079.5,294.5,228.0,201.0,inside_visible,783.421,302.29,1
erJVXbaIicU_260-1684,1376,1,585.7222222222222,140.8148148148148,214.0,250.00000000000003,inside_visible,1097.8911463414636,401.0551219512195,0
erJVXbaIicU_260-1684,1376,2,1079.8461538461538,294.53846153846155,228.0,201.0,inside_visible,783.3674285714286,301.9507142857143,1
erJVXbaIicU_260-1684,1377,1,585.6666666666666,140.77777777777777,214.0,250.0,inside_visible,1098.0618780487805,401.0307317073171,0
erJVXbaIicU_260-1684,1377,2,1080.1923076923076,294.5769230769231,228.0,201.0,inside_visible,783.3138571428572,301.6114285714286,1
erJVXbaIicU_260-1684,1378,1,585.6111111111111,140.74074074074073,214.0,250.00000000000003,inside_visible,1098.2326097560976,401.0063414634146,0
erJVXbaIicU_260-1684,1378,2,1080.5384615384614,294.61538461538464,228.0,201.0,inside_visible,783.2602857142857,301.27214285714285,1
erJVXbaIicU_260-1684,1379,1,585.5555555555555,140.7037037037037,214.0,250.0,inside_visible,1098.4033414634148,400.9819512195122,0
erJVXbaIicU_260-1684,1379,2,1080.8846153846157,294.65384615384613,228.0,201.0,inside_visible,783.2067142857144,300.9328571428572,1
erJVXbaIicU_260-1684,1380,1,585.5,140.66666666666666,214.0,250.00000000000003,inside_visible,1098.5740731707317,400.9575609756098,0
erJVXbaIicU_260-1684,1380,2,1081.2307692307693,294.6923076923077,228.0,201.0,inside_visible,783.1531428571429,300.59357142857147,1
erJVXbaIicU_260-1684,1381,1,585.4444444444445,140.62962962962962,214.0,250.0,inside_visible,1098.7448048780489,400.9331707317073,0
erJVXbaIicU_260-1684,1381,2,1081.576923076923,294.7307692307692,228.0,201.0,inside_visible,783.0995714285715,300.25428571428574,1
erJVXbaIicU_260-1684,1382,1,585.3888888888889,140.59259259259258,214.0,250.00000000000003,inside_visible,1098.915536585366,400.9087804878049,0
erJVXbaIicU_260-1684,1382,2,1081.923076923077,294.7692307692308,228.0,201.0,inside_visible,783.046,299.915,1
erJVXbaIicU_260-1684,1383,1,585.3333333333334,140.55555555555554,214.0,250.0,inside_visible,1099.086268292683,400.8843902439024,0
erJVXbaIicU_260-1684,1383,2,1082.2692307692307,294.8076923076923,228.0,201.0,inside_visible,782.9924285714286,299.5757142857143,1
erJVXbaIicU_260-1684,1384,1,585.2777777777778,140.5185185185185,214.0,250.00000000000003,inside_visible,1099.257,400.86,0
erJVXbaIicU_260-1684,1384,2,1082.6153846153843,294.84615384615387,228.0,201.0,inside_visible,782.9388571428572,299.2364285714286,1
erJVXbaIicU_260-1684,1385,1,585.2222222222222,140.4814814814815,214.0,250.0,inside_visible,1099.3284285714287,401.0028571428572,0
erJVXbaIicU_260-1684,1385,2,1082.9615384615386,294.88461538461536,228.0,201.0,inside_visible,782.8852857142857,298.89714285714285,1
erJVXbaIicU_260-1684,1386,1,585.1666666666666,140.44444444444446,214.0,250.0,inside_visible,1099.3998571428572,401.1457142857143,0
erJVXbaIicU_260-1684,1386,2,1083.3076923076924,294.9230769230769,228.0,201.0,inside_visible,782.8317142857144,298.5578571428572,1
erJVXbaIicU_260-1684,1387,1,585.1111111111111,140.40740740740742,214.0,250.0,inside_visible,1099.4712857142858,401.28857142857146,0
erJVXbaIicU_260-1684,1387,2,1083.6538461538462,294.96153846153845,228.0,201.0,inside_visible,782.7781428571429,298.21857142857147,1
erJVXbaIicU_260-1684,1388,1,585.0555555555555,140.37037037037038,214.0,250.0,inside_visible,1099.5427142857145,401.43142857142857,0
erJVXbaIicU_260-1684,1388,2,1084.0,295.0,228.0,201.0,inside_visible,782.7245714285715,297.87928571428574,1
erJVXbaIicU_260-1684,1389,1,585.0,140.33333333333334,214.0,250.0,inside_visible,1099.614142857143,401.57428571428574,0
erJVXbaIicU_260-1684,1389,2,1084.1538461538462,295.11538461538464,227.73076923076928,201.30769230769224,inside_visible,782.671,297.54,1
erJVXbaIicU_260-1684,1390,1,584.9444444444445,140.2962962962963,214.0,250.0,inside_visible,1099.6855714285714,401.7171428571429,0
erJVXbaIicU_260-1684,1390,2,1084.3076923076924,295.2307692307692,227.46153846153837,201.61538461538464,inside_visible,782.6174285714286,297.2007142857143,1
erJVXbaIicU_260-1684,1391,1,584.8888888888889,140.25925925925927,214.0,250.0,inside_visible,1099.757,401.86,0
erJVXbaIicU_260-1684,1391,2,1084.4615384615386,295.34615384615387,227.1923076923076,201.9230769230769,inside_visible,782.5638571428572,296.8614285714286,1
erJVXbaIicU_260-1684,1392,1,584.8333333333334,140.22222222222223,214.0,250.0,inside_visible,1099.8284285714287,402.0028571428572,0
erJVXbaIicU_260-1684,1392,2,1084.6153846153843,295.46153846153845,226.9230769230769,202.23076923076923,inside_visible,782.5102857142857,296.52214285714285,1
erJVXbaIicU_260-1684,1393,1,584.7777777777778,140.1851851851852,214.0,250.0,inside_visible,1099.8998571428572,402.1457142857143,0
erJVXbaIicU_260-1684,1393,2,1084.7692307692307,295.5769230769231,226.6538461538462,202.53846153846155,inside_visible,782.4567142857144,296.1828571428572,1
erJVXbaIicU_260-1684,1394,1,584.7222222222222,140.14814814814815,214.0,250.0,inside_visible,1099.9712857142858,402.28857142857146,0
erJVXbaIicU_260-1684,1394,2,1084.923076923077,295.6923076923077,226.38461538461547,202.84615384615387,inside_visible,782.4031428571429,295.84357142857147,1
erJVXbaIicU_260-1684,1395,1,584.6666666666666,140.11111111111111,214.0,250.0,inside_visible,1100.0427142857145,402.43142857142857,0
erJVXbaIicU_260-1684,1395,2,1085.076923076923,295.8076923076923,226.11538461538453,203.15384615384613,inside_visible,782.3495714285715,295.50428571428574,1
erJVXbaIicU_260-1684,1396,1,584.6111111111111,140.07407407407408,214.0,250.0,inside_visible,1100.114142857143,402.57428571428574,0
erJVXbaIicU_260-1684,1396,2,1085.2307692307693,295.9230769230769,225.8461538461538,203.46153846153845,inside_visible,782.296,295.165,1
erJVXbaIicU_260-1684,1397,1,584.5555555555555,140.03703703703704,214.0,250.0,inside_visible,1100.1855714285714,402.7171428571429,0
erJVXbaIicU_260-1684,1397,2,1085.3846153846157,296.03846153846155,225.5769230769231,203.7692307692308,inside_visible,779.3795,287.8315,1
erJVXbaIicU_260-1684,1398,1,584.5,140.0,214.0,250.0,eyes_closed,1100.257,402.86,0
erJVXbaIicU_260-1684,1398,2,1085.5384615384614,296.15384615384613,225.3076923076924,204.0769230769231,inside_visible,776.463,280.498,1
erJVXbaIicU_260-1684,1399,1,584.4444444444445,139.96296296296296,214.0,250.00000000000003,eyes_closed,1100.6644074074077,402.86,0
erJVXbaIicU_260-1684,1399,2,1085.6923076923076,296.2692307692308,225.0384615384617,204.38461538461536,inside_visible,775.796,244.665,1
erJVXbaIicU_260-1684,1400,1,584.3888888888889,139.92592592592592,214.0,250.0,eyes_closed,1101.0718148148148,402.86,0
erJVXbaIicU_260-1684,1400,2,1085.8461538461538,296.38461538461536,224.76923076923072,204.6923076923077,inside_visible,775.696625,244.35575,1
erJVXbaIicU_260-1684,1401,1,584.3333333333334,139.88888888888889,214.0,250.00000000000003,inside_visible,1101.4792222222222,402.86,0
erJVXbaIicU_260-1684,1401,2,1086.0,296.5,224.5,205.0,inside_visible,775.59725,244.0465,1
erJVXbaIicU_260-1684,1402,1,584.2777777777778,139.85185185185185,214.0,250.0,inside_visible,1101.8866296296296,402.86,0
erJVXbaIicU_260-1684,1402,2,1086.1538461538462,296.61538461538464,224.23076923076928,205.30769230769224,inside_visible,775.497875,243.73725,1
erJVXbaIicU_260-1684,1403,1,584.2222222222222,139.8148148148148,214.0,250.00000000000003,inside_visible,1102.294037037037,402.86,0
erJVXbaIicU_260-1684,1403,2,1086.3076923076924,296.7307692307692,223.96153846153837,205.61538461538464,inside_visible,775.3985,243.428,1
erJVXbaIicU_260-1684,1404,1,584.1666666666666,139.77777777777777,214.0,250.0,inside_visible,1102.7014444444444,402.86,0
erJVXbaIicU_260-1684,1404,2,1086.4615384615386,296.84615384615387,223.6923076923076,205.9230769230769,inside_visible,775.299125,243.11875,1
erJVXbaIicU_260-1684,1405,1,584.1111111111111,139.74074074074073,214.0,250.00000000000003,inside_visible,1103.108851851852,402.86,0
erJVXbaIicU_260-1684,1405,2,1086.6153846153843,296.96153846153845,223.4230769230769,206.23076923076923,inside_visible,775.19975,242.8095,1
erJVXbaIicU_260-1684,1406,1,584.0555555555555,139.7037037037037,214.0,250.0,inside_visible,1103.5162592592594,402.86,0
erJVXbaIicU_260-1684,1406,2,1086.7692307692307,297.0769230769231,223.1538461538462,206.53846153846155,inside_visible,775.100375,242.50025,1
erJVXbaIicU_260-1684,1407,1,584.0,139.66666666666666,214.0,250.00000000000003,inside_visible,1103.9236666666668,402.86,0
erJVXbaIicU_260-1684,1407,2,1086.923076923077,297.1923076923077,222.88461538461547,206.84615384615387,inside_visible,775.001,242.191,1
erJVXbaIicU_260-1684,1408,1,583.9444444444445,139.62962962962962,214.0,250.0,inside_visible,1104.3310740740742,402.86,0
erJVXbaIicU_260-1684,1408,2,1087.076923076923,297.3076923076923,222.61538461538453,207.15384615384613,inside_visible,774.6121111111111,242.191,1
erJVXbaIicU_260-1684,1409,1,583.8888888888889,139.59259259259258,214.0,250.00000000000003,inside_visible,1104.7384814814816,402.86,0
erJVXbaIicU_260-1684,1409,2,1087.2307692307693,297.4230769230769,222.3461538461538,207.46153846153845,inside_visible,774.2232222222221,242.191,1
erJVXbaIicU_260-1684,1410,1,583.8333333333334,139.55555555555554,214.0,250.0,inside_visible,1105.145888888889,402.86,0
erJVXbaIicU_260-1684,1410,2,1087.3846153846157,297.53846153846155,222.0769230769231,207.7692307692308,inside_visible,773.8343333333333,242.191,1
erJVXbaIicU_260-1684,1411,1,583.7777777777778,139.5185185185185,214.0,250.00000000000003,inside_visible,1105.5532962962964,402.86,0
erJVXbaIicU_260-1684,1411,2,1087.5384615384614,297.65384615384613,221.8076923076924,208.0769230769231,inside_visible,773.4454444444444,242.191,1
erJVXbaIicU_260-1684,1412,1,583.7222222222222,139.4814814814815,214.0,250.0,inside_visible,1105.9607037037038,402.86,0
erJVXbaIicU_260-1684,1412,2,1087.6923076923076,297.7692307692308,221.5384615384617,208.38461538461536,inside_visible,773.0565555555555,242.191,1
erJVXbaIicU_260-1684,1413,1,583.6666666666666,139.44444444444446,214.0,250.0,inside_visible,1106.3681111111111,402.86,0
erJVXbaIicU_260-1684,1413,2,1087.8461538461538,297.88461538461536,221.26923076923072,208.6923076923077,inside_visible,772.6676666666666,242.191,1
erJVXbaIicU_260-1684,1414,1,583.6111111111111,139.40740740740742,214.0,250.0,inside_visible,1106.7755185185183,402.86,0
erJVXbaIicU_260-1684,1414,2,1088.0,298.0,221.0,209.0,inside_visible,772.2787777777778,242.191,1
erJVXbaIicU_260-1684,1415,1,583.5555555555555,139.37037037037038,214.0,250.0,inside_visible,1107.182925925926,402.86,0
erJVXbaIicU_260-1684,1415,2,1088.8181818181818,297.72727272727275,221.6363636363637,209.36363636363632,inside_visible,771.8898888888889,242.191,1
erJVXbaIicU_260-1684,1416,1,583.5,139.33333333333334,214.0,250.0,inside_visible,1107.590333333333,402.86,0
erJVXbaIicU_260-1684,1416,2,1089.6363636363635,297.45454545454544,222.27272727272725,209.72727272727275,inside_visible,771.501,242.191,1
erJVXbaIicU_260-1684,1417,1,583.4444444444445,139.2962962962963,214.0,250.0,inside_visible,1107.9977407407407,402.86,0
erJVXbaIicU_260-1684,1417,2,1090.4545454545455,297.1818181818182,222.9090909090908,210.0909090909091,inside_visible,771.1121111111111,242.191,1
erJVXbaIicU_260-1684,1418,1,583.3888888888889,139.25925925925927,214.0,250.0,inside_visible,1108.405148148148,402.86,0
erJVXbaIicU_260-1684,1418,2,1091.2727272727273,296.90909090909093,223.5454545454545,210.45454545454544,inside_visible,770.7232222222221,242.191,1
erJVXbaIicU_260-1684,1419,1,583.3333333333334,139.22222222222223,214.0,250.0,inside_visible,1108.8125555555555,402.86,0
erJVXbaIicU_260-1684,1419,2,1092.090909090909,296.6363636363636,224.18181818181824,210.8181818181818,inside_visible,770.3343333333333,242.191,1
erJVXbaIicU_260-1684,1420,1,583.2777777777778,139.1851851851852,214.0,250.0,inside_visible,1109.219962962963,402.86,0
erJVXbaIicU_260-1684,1420,2,1092.909090909091,296.3636363636364,224.81818181818176,211.1818181818182,inside_visible,769.9454444444444,242.191,1
erJVXbaIicU_260-1684,1421,1,583.2222222222222,139.14814814814815,214.0,250.0,inside_visible,1109.6273703703705,402.86,0
erJVXbaIicU_260-1684,1421,2,1093.7272727272727,296.09090909090907,225.4545454545455,211.54545454545456,inside_visible,769.5565555555555,242.191,1
erJVXbaIicU_260-1684,1422,1,583.1666666666666,139.11111111111111,214.0,250.0,inside_visible,1110.034777777778,402.86,0
erJVXbaIicU_260-1684,1422,2,1094.5454545454545,295.8181818181818,226.09090909090924,211.9090909090909,inside_visible,769.1676666666666,242.191,1
erJVXbaIicU_260-1684,1423,1,583.1111111111111,139.07407407407408,214.0,250.0,inside_visible,1110.4421851851853,402.86,0
erJVXbaIicU_260-1684,1423,2,1095.3636363636365,295.54545454545456,226.72727272727275,212.27272727272725,inside_visible,768.7787777777778,242.191,1
erJVXbaIicU_260-1684,1424,1,583.0555555555555,139.03703703703704,214.0,250.0,inside_visible,1110.849592592593,402.86,0
erJVXbaIicU_260-1684,1424,2,1096.1818181818182,295.27272727272725,227.36363636363623,212.63636363636368,inside_visible,768.3898888888889,242.191,1
erJVXbaIicU_260-1684,1425,1,583.0,139.0,214.0,250.0,inside_visible,1111.257,402.86,0
erJVXbaIicU_260-1684,1425,2,1097.0,295.0,228.0,213.0,inside_visible,768.001,242.191,1
