clip,frame,person_id,bbox_x,bbox_y,bbox_width,bbox_height,gaze_class,gaze_x,gaze_y,is_child
HK25g1U-GF4_2842-3325,1,1,833.0,207.0,145.0,145.0,inside_visible,677.037,394.308,1
HK25g1U-GF4_2842-3325,1,2,503.0,157.0,106.0,139.0,inside_visible,660.703,390.558,1
HK25g1U-GF4_2842-3325,1,3,250.0,140.0,156.0,169.0,inside_visible,663.061,393.534,0
HK25g1U-GF4_2842-3325,2,1,832.75,205.5,144.625,145.25,inside_visible,687.4656666666667,390.57,1
HK25g1U-GF4_2842-3325,2,2,503.0,157.66666666666666,106.0,139.66666666666666,inside_visible,659.6856666666666,391.8708333333333,1
HK25g1U-GF4_2842-3325,2,3,250.875,140.375,156.0,169.25,inside_visible,675.6115,390.0815,0
HK25g1U-GF4_2842-3325,3,1,832.5,204.0,144.25,145.5,inside_visible,697.8943333333333,386.832,1
HK25g1U-GF4_2842-3325,3,2,503.0,158.33333333333334,106.0,140.33333333333334,inside_visible,658.6683333333333,393.1836666666667,1
HK25g1U-GF4_2842-3325,3,3,251.75,140.75,156.0,169.5,inside_visible,688.162,386.629,0
HK25g1U-GF4_2842-3325,4,1,832.25,202.5,143.875,145.75,inside_visible,708.323,383.094,1
HK25g1U-GF4_2842-3325,4,2,503.0,159.0,106.0,141.0,inside_visible,657.6510000000001,394.4965,1
HK25g1U-GF4_2842-3325,4,3,252.625,141.125,156.0,169.75,inside_visible,701.2125000000001,383.676,0
HK25g1U-GF4_2842-3325,5,1,832.0,201.0,143.5,146.0,inside_visible,715.0015,380.2725,1
HK25g1U-GF4_2842-3325,5,2,503.5,159.5,106.0,140.5,inside_visible,656.6336666666667,395.8093333333333,1
HK25g1U-GF4_2842-3325,5,3,253.5,141.5,156.0,170.0,inside_visible,714.263,380.723,0
HK25g1U-GF4_2842-3325,6,1,831.75,199.5,143.125,146.25,inside_visible,721.68,377.451,1
HK25g1U-GF4_2842-3325,6,2,504.0,160.0,106.0,140.0,inside_visible,655.6163333333334,397.12216666666666,1
HK25g1U-GF4_2842-3325,6,3,254.375,141.875,156.0,170.25,inside_visible,721.8135,375.6455,0
HK25g1U-GF4_2842-3325,7,1,831.5,198.0,142.75,146.5,inside_visible,725.3585,375.1295,1
HK25g1U-GF4_2842-3325,7,2,504.5,160.5,106.0,139.5,inside_visible,654.599,398.435,1
HK25g1U-GF4_2842-3325,7,3,255.25,142.25,156.0,170.5,inside_visible,729.364,370.568,0
HK25g1U-GF4_2842-3325,8,1,831.25,196.5,142.375,146.75,inside_visible,729.037,372.808,1
HK25g1U-GF4_2842-3325,8,2,505.0,161.0,106.0,139.0,inside_visible,649.3674285714286,396.0097142857143,1
HK25g1U-GF4_2842-3325,8,3,256.125,142.625,156.0,170.75,inside_visible,729.031,373.563,0
HK25g1U-GF4_2842-3325,9,1,831.0,195.0,142.0,147.0,inside_visible,712.79,355.568,1
HK25g1U-GF4_2842-3325,9,2,504.8,162.0,105.99999999999994,139.0,inside_visible,644.1358571428572,393.5844285714286,1
HK25g1U-GF4_2842-3325,9,3,257.0,143.0,156.0,171.0,inside_visible,710.698,354.557,0
HK25g1U-GF4_2842-3325,10,1,829.0,194.0,142.60000000000002,148.2,inside_visible,716.542,361.328,1
HK25g1U-GF4_2842-3325,10,2,504.6,163.0,106.0,139.0,inside_visible,638.9042857142857,391.15914285714285,1
HK25g1U-GF4_2842-3325,10,3,258.0,144.0,156.0,171.39999999999998,inside_visible,715.532,359.0516666666667,0
HK25g1U-GF4_2842-3325,11,1,827.0,193.0,143.20000000000005,149.39999999999998,inside_visible,722.2945,365.5875,1
HK25g1U-GF4_2842-3325,11,2,504.4,164.0,106.0,139.0,inside_visible,633.6727142857143,388.7338571428572,1
HK25g1U-GF4_2842-3325,11,3,259.0,145.0,156.0,171.8,inside_visible,720.366,363.5463333333333,0
HK25g1U-GF4_2842-3325,12,1,825.0,192.0,143.79999999999995,150.60000000000002,inside_visible,728.047,369.847,1
HK25g1U-GF4_2842-3325,12,2,504.2,165.0,106.00000000000006,139.0,inside_visible,628.4411428571428,386.3085714285714,1
HK25g1U-GF4_2842-3325,12,3,260.0,146.0,156.0,172.2,inside_visible,725.2,368.041,0
HK25g1U-GF4_2842-3325,13,1,823.0,191.0,144.39999999999998,151.8,inside_visible,732.2574999999999,379.44,1
HK25g1U-GF4_2842-3325,13,2,504.0,166.0,106.0,139.0,inside_visible,623.2095714285714,383.88328571428576,1
HK25g1U-GF4_2842-3325,13,3,261.0,147.0,156.0,172.60000000000002,inside_visible,732.167,378.935,0
HK25g1U-GF4_2842-3325,14,1,821.0,190.0,145.0,153.0,inside_visible,736.468,389.033,1
HK25g1U-GF4_2842-3325,14,2,504.4,167.2,106.0,139.0,inside_visible,617.978,381.458,1
HK25g1U-GF4_2842-3325,14,3,262.0,148.0,156.0,173.0,inside_visible,735.838,389.274,0
HK25g1U-GF4_2842-3325,15,1,821.25,189.0,143.25,154.25,inside_visible,760.804,411.751,1
HK25g1U-GF4_2842-3325,15,2,504.8,168.4,105.99999999999994,138.99999999999997,inside_visible,642.724,541.544,1
HK25g1U-GF4_2842-3325,15,3,263.0,149.66666666666666,156.0,173.16666666666666,inside_visible,737.009,392.6125,0
HK25g1U-GF4_2842-3325,16,1,821.5,188.0,141.5,155.5,inside_visible,760.753,414.802,1
HK25g1U-GF4_2842-3325,16,2,505.2,169.6,106.00000000000006,139.00000000000003,inside_visible,642.9705,542.3796666666667,1
HK25g1U-GF4_2842-3325,16,3,264.0,151.33333333333334,156.0,173.33333333333334,inside_visible,738.18,395.951,0
HK25g1U-GF4_2842-3325,17,1,821.75,187.0,139.75,156.75,inside_visible,758.8086666666667,412.35766666666666,1
HK25g1U-GF4_2842-3325,17,2,505.6,170.8,106.0,139.0,inside_visible,643.217,543.2153333333333,1
HK25g1U-GF4_2842-3325,17,3,265.0,153.0,156.0,173.5,inside_visible,736.184,399.956,0
HK25g1U-GF4_2842-3325,18,1,822.0,186.0,138.0,158.0,inside_visible,756.8643333333333,409.91333333333336,1
HK25g1U-GF4_2842-3325,18,2,506.0,172.0,106.0,139.0,inside_visible,643.4635000000001,544.0509999999999,1
HK25g1U-GF4_2842-3325,18,3,266.0,154.66666666666666,156.0,173.66666666666666,inside_visible,734.188,403.961,0
HK25g1U-GF4_2842-3325,19,1,821.25,185.625,138.0,157.5,inside_visible,754.92,407.469,1
HK25g1U-GF4_2842-3325,19,2,507.0,172.7,106.0,139.0,inside_visible,643.71,544.8866666666667,1
HK25g1U-GF4_2842-3325,19,3,267.0,156.33333333333334,156.0,173.83333333333334,inside_visible,732.192,407.966,0
HK25g1U-GF4_2842-3325,20,1,820.5,185.25,138.0,157.0,inside_visible,754.3643333333333,407.469,1
HK25g1U-GF4_2842-3325,20,2,508.0,173.4,106.0,138.99999999999997,inside_visible,643.9565,545.7223333333334,1
HK25g1U-GF4_2842-3325,20,3,268.0,158.0,156.0,174.0,inside_visible,525.56,388.962,0
HK25g1U-GF4_2842-3325,21,1,819.75,184.875,138.0,156.5,inside_visible,753.8086666666667,407.469,1
HK25g1U-GF4_2842-3325,21,2,509.0,174.1,106.0,139.00000000000003,inside_visible,644.203,546.558,1
HK25g1U-GF4_2842-3325,21,3,269.5,160.5,156.0,173.0,inside_visible,522.7249999999999,390.7995,0
HK25g1U-GF4_2842-3325,22,1,819.0,184.5,138.0,156.0,inside_visible,753.253,407.469,1
HK25g1U-GF4_2842-3325,22,2,510.0,174.8,106.0,139.0,inside_visible,644.518,546.5244545454545,1
HK25g1U-GF4_2842-3325,22,3,271.0,163.0,156.0,172.0,inside_visible,519.89,392.637,0
HK25g1U-GF4_2842-3325,23,1,818.25,184.125,138.0,155.5,inside_visible,751.892,406.8025,1
HK25g1U-GF4_2842-3325,23,2,511.0,175.5,106.0,139.0,inside_visible,644.833,546.4909090909091,1
HK25g1U-GF4_2842-3325,23,3,272.5,165.5,156.0,171.0,inside_visible,510.9305,400.475,0
HK25g1U-GF4_2842-3325,24,1,817.5,183.75,138.0,155.0,inside_visible,750.531,406.136,1
HK25g1U-GF4_2842-3325,24,2,512.0,176.2,106.0,139.0,inside_visible,645.148,546.4573636363637,1
HK25g1U-GF4_2842-3325,24,3,274.0,168.0,156.0,170.0,inside_visible,501.971,408.313,0
HK25g1U-GF4_2842-3325,25,1,816.75,183.375,138.0,154.5,inside_visible,748.6579999999999,405.4455,1
HK25g1U-GF4_2842-3325,25,2,513.0,176.9,106.0,138.99999999999997,inside_visible,645.463,546.4238181818182,1
HK25g1U-GF4_2842-3325,25,3,275.5,170.5,156.0,169.0,inside_visible,500.011,416.1505,0
HK25g1U-GF4_2842-3325,26,1,816.0,183.0,138.0,154.0,inside_visible,746.785,404.755,1
HK25g1U-GF4_2842-3325,26,2,514.0,177.6,106.0,139.00000000000003,inside_visible,645.778,546.3902727272728,1
HK25g1U-GF4_2842-3325,26,3,277.0,173.0,156.0,168.0,inside_visible,498.051,423.988,0
HK25g1U-GF4_2842-3325,27,1,817.0,182.0,138.0,154.8,inside_visible,744.6953333333333,405.27566666666667,1
HK25g1U-GF4_2842-3325,27,2,515.0,178.3,106.0,139.0,inside_visible,646.093,546.3567272727273,1
HK25g1U-GF4_2842-3325,27,3,278.0,172.0,156.0,172.0,inside_visible,742.55,401.242,0
HK25g1U-GF4_2842-3325,28,1,818.0,181.0,138.0,155.60000000000002,inside_visible,742.6056666666666,405.7963333333333,1
HK25g1U-GF4_2842-3325,28,2,516.0,179.0,106.0,139.0,inside_visible,646.408,546.3231818181819,1
HK25g1U-GF4_2842-3325,28,3,279.42857142857144,171.42857142857142,156.0,172.2857142857143,inside_visible,743.261,402.788,0
HK25g1U-GF4_2842-3325,29,1,819.0,180.0,138.0,156.39999999999998,inside_visible,740.516,406.317,1
HK25g1U-GF4_2842-3325,29,2,516.6666666666666,179.5,106.0,139.0,inside_visible,646.723,546.2896363636364,1
HK25g1U-GF4_2842-3325,29,3,280.85714285714283,170.85714285714286,156.0,172.57142857142858,inside_visible,736.4975,400.3765,0
HK25g1U-GF4_2842-3325,30,1,820.0,179.0,138.0,157.2,inside_visible,738.426,406.31,1
HK25g1U-GF4_2842-3325,30,2,517.3333333333334,180.0,106.0,139.0,inside_visible,647.038,546.256090909091,1
HK25g1U-GF4_2842-3325,30,3,282.2857142857143,170.28571428571428,156.0,172.8571428571429,inside_visible,729.734,397.965,0
HK25g1U-GF4_2842-3325,31,1,821.0,178.0,138.0,158.0,inside_visible,738.003,405.969,1
HK25g1U-GF4_2842-3325,31,2,518.0,180.5,106.0,139.0,inside_visible,647.353,546.2225454545455,1
HK25g1U-GF4_2842-3325,31,3,283.7142857142857,169.71428571428572,156.0,173.1428571428571,inside_visible,731.3875,397.804,0
HK25g1U-GF4_2842-3325,32,1,822.2222222222222,177.77777777777777,137.77777777777783,157.44444444444446,inside_visible,737.2205,403.7365,1
HK25g1U-GF4_2842-3325,32,2,518.6666666666666,181.0,106.0,139.0,inside_visible,647.668,546.1890000000001,1
HK25g1U-GF4_2842-3325,32,3,285.1428571428572,169.14285714285714,156.0,173.42857142857142,inside_visible,733.041,397.643,0
HK25g1U-GF4_2842-3325,33,1,823.4444444444445,177.55555555555554,137.55555555555554,156.8888888888889,inside_visible,736.438,401.504,1
HK25g1U-GF4_2842-3325,33,2,519.3333333333334,181.5,106.0,139.0,inside_visible,647.9830000000001,546.1554545454545,1
HK25g1U-GF4_2842-3325,33,3,286.57142857142856,168.57142857142858,156.0,173.7142857142857,inside_visible,733.082,397.445,0
HK25g1U-GF4_2842-3325,34,1,824.6666666666666,177.33333333333334,137.33333333333337,156.33333333333334,inside_visible,734.9615,400.688,1
HK25g1U-GF4_2842-3325,34,2,520.0,182.0,106.0,139.0,inside_visible,648.298,546.1219090909091,1
HK25g1U-GF4_2842-3325,34,3,288.0,168.0,156.0,174.0,inside_visible,731.7165,396.777,0
HK25g1U-GF4_2842-3325,35,1,825.8888888888889,177.11111111111111,137.1111111111111,155.7777777777778,inside_visible,733.485,399.872,1
HK25g1U-GF4_2842-3325,35,2,520.3333333333334,182.16666666666663,106.0,139.00000000000003,inside_visible,648.613,546.0883636363636,1
HK25g1U-GF4_2842-3325,35,3,291.0,168.5,156.0,174.5,inside_visible,730.351,396.109,0
HK25g1U-GF4_2842-3325,36,1,827.1111111111111,176.88888888888889,136.8888888888889,155.2222222222222,inside_visible,732.008,399.806,1
HK25g1U-GF4_2842-3325,36,2,520.6666666666666,182.33333333333331,106.0,138.99999999999997,inside_visible,648.928,546.0548181818182,1
HK25g1U-GF4_2842-3325,36,3,294.0,169.0,156.0,175.0,inside_visible,729.6625,398.6185,0
HK25g1U-GF4_2842-3325,37,1,828.3333333333334,176.66666666666666,136.66666666666663,154.66666666666666,inside_visible,729.6946666666666,402.123,1
HK25g1U-GF4_2842-3325,37,2,521.0,182.5,106.0,139.0,inside_visible,649.243,546.0212727272727,1
HK25g1U-GF4_2842-3325,37,3,289.5,166.25,156.0,175.5,inside_visible,728.974,401.128,0
HK25g1U-GF4_2842-3325,38,1,829.5555555555555,176.44444444444446,136.44444444444446,154.1111111111111,inside_visible,727.3813333333334,404.44,1
HK25g1U-GF4_2842-3325,38,2,521.3333333333334,182.66666666666663,106.0,139.00000000000003,inside_visible,649.558,545.9877272727273,1
HK25g1U-GF4_2842-3325,38,3,285.0,163.5,156.0,176.0,inside_visible,726.7583333333333,404.44866666666667,0
HK25g1U-GF4_2842-3325,39,1,830.7777777777778,176.22222222222223,136.22222222222217,153.55555555555554,inside_visible,725.068,406.757,1
HK25g1U-GF4_2842-3325,39,2,521.6666666666666,182.83333333333331,106.0,138.99999999999997,inside_visible,649.873,545.9541818181818,1
HK25g1U-GF4_2842-3325,39,3,280.5,160.75,156.0,176.5,inside_visible,724.5426666666667,407.7693333333333,0
HK25g1U-GF4_2842-3325,40,1,832.0,176.0,136.0,153.0,inside_visible,724.213,411.782,1
HK25g1U-GF4_2842-3325,40,2,522.0,183.0,106.0,139.0,inside_visible,650.188,545.9206363636364,1
HK25g1U-GF4_2842-3325,40,3,276.0,158.0,156.0,177.0,inside_visible,722.327,411.09,0
HK25g1U-GF4_2842-3325,41,1,833.3333333333334,175.66666666666666,135.66666666666663,154.00000000000003,inside_visible,723.358,416.807,1
HK25g1U-GF4_2842-3325,41,2,522.125,182.875,106.0,139.0,inside_visible,650.503,545.887090909091,1
HK25g1U-GF4_2842-3325,41,3,270.6875,156.0625,156.0,177.5,inside_visible,720.77775,412.93175,0
HK25g1U-GF4_2842-3325,42,1,834.6666666666666,175.33333333333334,135.33333333333337,154.99999999999997,inside_visible,721.1953333333333,416.8953333333333,1
HK25g1U-GF4_2842-3325,42,2,522.25,182.75,106.0,139.0,inside_visible,650.818,545.8535454545455,1
HK25g1U-GF4_2842-3325,42,3,265.375,154.125,156.0,178.0,inside_visible,719.2284999999999,414.7735,0
HK25g1U-GF4_2842-3325,43,1,836.0,175.0,135.0,156.0,inside_visible,719.0326666666666,416.9836666666667,1
HK25g1U-GF4_2842-3325,43,2,522.375,182.625,106.0,139.0,inside_visible,651.133,545.82,1
HK25g1U-GF4_2842-3325,43,3,260.0625,152.1875,156.0,178.5,inside_visible,717.67925,416.61525,0
HK25g1U-GF4_2842-3325,44,1,836.8333333333334,175.0,134.66666666666663,156.16666666666669,inside_visible,716.87,417.072,1
HK25g1U-GF4_2842-3325,44,2,522.5,182.5,106.0,139.0,inside_visible,651.0818333333334,545.8414166666668,1
HK25g1U-GF4_2842-3325,44,3,254.75,150.25,156.0,179.0,inside_visible,716.13,418.457,0
HK25g1U-GF4_2842-3325,45,1,837.6666666666666,175.0,134.33333333333337,156.33333333333331,inside_visible,715.9328333333333,417.8328333333333,1
HK25g1U-GF4_2842-3325,45,2,522.625,182.375,106.0,139.0,inside_visible,651.0306666666667,545.8628333333334,1
HK25g1U-GF4_2842-3325,45,3,249.4375,148.3125,156.0,179.5,inside_visible,720.4,429.45,0
HK25g1U-GF4_2842-3325,46,1,838.5,175.0,134.0,156.5,inside_visible,714.9956666666667,418.59366666666665,1
HK25g1U-GF4_2842-3325,46,2,522.75,182.25,106.0,139.0,inside_visible,650.9795,545.8842500000001,1
HK25g1U-GF4_2842-3325,46,3,244.125,146.375,156.0,180.0,inside_visible,719.0348333333333,429.232,0
HK25g1U-GF4_2842-3325,47,1,839.3333333333334,175.0,133.66666666666663,156.66666666666669,inside_visible,714.0585,419.3545,1
HK25g1U-GF4_2842-3325,47,2,522.875,182.125,106.0,139.0,inside_visible,650.9283333333334,545.9056666666667,1
HK25g1U-GF4_2842-3325,47,3,238.8125,144.4375,156.0,180.5,inside_visible,717.6696666666667,429.014,0
HK25g1U-GF4_2842-3325,48,1,840.1666666666666,175.0,133.33333333333337,156.83333333333331,inside_visible,713.1213333333333,420.11533333333335,1
HK25g1U-GF4_2842-3325,48,2,523.0,182.0,106.0,139.0,inside_visible,650.8771666666667,545.9270833333334,1
HK25g1U-GF4_2842-3325,48,3,233.5,142.5,156.0,181.0,inside_visible,716.3045,428.796,0
HK25g1U-GF4_2842-3325,49,1,841.0,175.0,133.0,157.0,inside_visible,712.1841666666667,420.8761666666667,1
HK25g1U-GF4_2842-3325,49,2,524.3,182.3,106.0,139.0,inside_visible,650.826,545.9485,1
HK25g1U-GF4_2842-3325,49,3,228.1875,140.5625,156.0,181.5,inside_visible,714.9393333333333,428.578,0
HK25g1U-GF4_2842-3325,50,1,841.0,175.0,133.66666666666663,157.0,inside_visible,711.247,421.637,1
HK25g1U-GF4_2842-3325,50,2,525.6,182.6,106.0,139.00000000000003,inside_visible,650.7748333333334,545.9699166666667,1
HK25g1U-GF4_2842-3325,50,3,222.875,138.625,156.0,182.0,inside_visible,713.5741666666667,428.36,0
HK25g1U-GF4_2842-3325,51,1,841.0,175.0,134.33333333333337,157.0,inside_visible,708.3096666666667,423.898,1
HK25g1U-GF4_2842-3325,51,2,526.9,182.9,106.0,138.99999999999997,inside_visible,650.7236666666666,545.9913333333334,1
HK25g1U-GF4_2842-3325,51,3,217.5625,136.6875,156.0,182.5,inside_visible,712.209,428.142,0
HK25g1U-GF4_2842-3325,52,1,841.0,175.0,135.0,157.0,inside_visible,705.3723333333332,426.159,1
HK25g1U-GF4_2842-3325,52,2,528.2,183.2,106.0,139.0,inside_visible,650.6725,546.01275,1
HK25g1U-GF4_2842-3325,52,3,212.25,134.75,156.0,183.0,inside_visible,708.5179999999999,431.15633333333335,0
HK25g1U-GF4_2842-3325,53,1,839.5,175.5,135.75,157.25,inside_visible,702.435,428.42,1
HK25g1U-GF4_2842-3325,53,2,529.5,183.5,106.0,139.0,inside_visible,650.6213333333334,546.0341666666667,1
HK25g1U-GF4_2842-3325,53,3,206.9375,132.8125,156.0,183.5,inside_visible,704.827,434.17066666666665,0
HK25g1U-GF4_2842-3325,54,1,838.0,176.0,136.5,157.5,inside_visible,699.165,435.514,1
HK25g1U-GF4_2842-3325,54,2,530.8,183.8,106.0,139.0,inside_visible,650.5701666666666,546.0555833333333,1
HK25g1U-GF4_2842-3325,54,3,201.625,130.875,156.0,184.0,inside_visible,701.136,437.185,0
HK25g1U-GF4_2842-3325,55,1,836.5,176.5,137.25,157.75,inside_visible,695.1193333333333,439.308,1
HK25g1U-GF4_2842-3325,55,2,532.1,184.1,106.0,139.00000000000003,inside_visible,650.519,546.077,1
HK25g1U-GF4_2842-3325,55,3,196.3125,128.9375,156.0,184.5,inside_visible,698.0115,441.5495,0
HK25g1U-GF4_2842-3325,56,1,835.0,177.0,138.0,158.0,inside_visible,691.0736666666667,443.102,1
HK25g1U-GF4_2842-3325,56,2,533.4,184.4,106.0,138.99999999999997,inside_visible,645.33,552.512,1
HK25g1U-GF4_2842-3325,56,3,191.0,127.0,156.0,185.0,inside_visible,694.887,445.914,0
HK25g1U-GF4_2842-3325,57,1,834.6,178.0,137.19999999999993,158.0,inside_visible,687.028,446.896,1
HK25g1U-GF4_2842-3325,57,2,534.7,184.7,106.0,139.0,inside_visible,645.6405,551.1134999999999,1
HK25g1U-GF4_2842-3325,57,3,190.0,126.9,156.0,185.0,inside_visible,691.7625,450.2785,0
HK25g1U-GF4_2842-3325,58,1,834.2,179.0,136.39999999999998,158.0,inside_visible,684.0016666666667,450.81416666666667,1
HK25g1U-GF4_2842-3325,58,2,536.0,185.0,106.0,139.0,inside_visible,645.951,549.715,1
HK25g1U-GF4_2842-3325,58,3,189.0,126.8,156.0,185.0,inside_visible,688.638,454.643,0
HK25g1U-GF4_2842-3325,59,1,833.8,180.0,135.60000000000002,158.0,inside_visible,680.9753333333333,454.7323333333333,1
HK25g1U-GF4_2842-3325,59,2,535.5625,185.375,106.0,139.0,inside_visible,679.262,453.317,1
HK25g1U-GF4_2842-3325,59,3,188.0,126.7,156.0,185.0,inside_visible,685.5135,459.0075,0
HK25g1U-GF4_2842-3325,60,1,833.4,181.0,134.80000000000007,158.0,inside_visible,677.9490000000001,458.6505,1
HK25g1U-GF4_2842-3325,60,2,535.125,185.75,106.0,139.0,inside_visible,681.239,461.586,1
HK25g1U-GF4_2842-3325,60,3,187.0,126.6,156.0,185.00000000000003,inside_visible,682.389,463.372,0
HK25g1U-GF4_2842-3325,61,1,833.0,182.0,134.0,158.0,inside_visible,674.9226666666667,462.5686666666667,1
HK25g1U-GF4_2842-3325,61,2,534.6875,186.125,106.0,139.0,inside_visible,646.428,548.627,1
HK25g1U-GF4_2842-3325,61,3,186.0,126.5,156.0,185.0,inside_visible,679.4549166666667,466.4171666666667,0
HK25g1U-GF4_2842-3325,62,1,830.0,183.5,134.25,158.0,inside_visible,671.8963333333334,466.4868333333333,1
HK25g1U-GF4_2842-3325,62,2,534.25,186.5,106.0,139.0,inside_visible,650.6165,550.1675,1
HK25g1U-GF4_2842-3325,62,3,185.0,126.4,156.0,185.0,inside_visible,676.5208333333334,469.4623333333333,0
HK25g1U-GF4_2842-3325,63,1,827.0,185.0,134.5,158.0,inside_visible,668.87,470.405,1
HK25g1U-GF4_2842-3325,63,2,533.8125,186.875,106.0,139.0,inside_visible,654.805,551.708,1
HK25g1U-GF4_2842-3325,63,3,184.0,126.3,156.0,185.0,inside_visible,673.5867499999999,472.5075,0
HK25g1U-GF4_2842-3325,64,1,824.0,186.5,134.75,158.0,inside_visible,666.179,473.4974,1
HK25g1U-GF4_2842-3325,64,2,533.375,187.25,106.0,139.0,inside_visible,647.3792857142856,552.3059999999999,1
HK25g1U-GF4_2842-3325,64,3,183.0,126.2,156.0,185.0,inside_visible,670.6526666666666,475.55266666666665,0
HK25g1U-GF4_2842-3325,65,1,821.0,188.0,135.0,158.0,inside_visible,663.4879999999999,476.5898,1
HK25g1U-GF4_2842-3325,65,2,532.9375,187.625,106.0,139.0,inside_visible,639.9535714285714,552.904,1
HK25g1U-GF4_2842-3325,65,3,182.0,126.1,156.0,185.00000000000003,inside_visible,667.7185833333333,478.5978333333333,0
HK25g1U-GF4_2842-3325,66,1,815.5,190.75,135.25,158.0,inside_visible,660.797,479.6822,1
HK25g1U-GF4_2842-3325,66,2,532.5,188.0,106.0,139.0,inside_visible,632.5278571428571,553.502,1
HK25g1U-GF4_2842-3325,66,3,181.0,126.0,156.0,185.0,inside_visible,664.7845,481.643,0
HK25g1U-GF4_2842-3325,67,1,810.0,193.5,135.5,158.0,inside_visible,658.106,482.7746,1
HK25g1U-GF4_2842-3325,67,2,532.0625,188.375,106.0,139.0,inside_visible,625.1021428571429,554.1,1
HK25g1U-GF4_2842-3325,67,3,182.11764705882356,127.23529411764706,156.0,184.6470588235294,inside_visible,661.8504166666667,484.6881666666667,0
HK25g1U-GF4_2842-3325,68,1,804.5,196.25,135.75,158.0,inside_visible,655.415,485.867,1
HK25g1U-GF4_2842-3325,68,2,531.625,188.75,106.0,139.0,inside_visible,617.6764285714286,554.698,1
HK25g1U-GF4_2842-3325,68,3,183.23529411764707,128.47058823529412,156.0,184.2941176470588,inside_visible,658.9163333333333,487.73333333333335,0
HK25g1U-GF4_2842-3325,69,1,799.0,199.0,136.0,158.0,inside_visible,652.7239999999999,489.8167142857143,1
HK25g1U-GF4_2842-3325,69,2,531.1875,189.125,106.0,139.0,inside_visible,610.2507142857144,555.296,1
HK25g1U-GF4_2842-3325,69,3,184.35294117647055,129.7058823529412,156.00000000000003,183.9411764705882,inside_visible,655.98225,490.7785,0
HK25g1U-GF4_2842-3325,70,1,792.5,202.0,137.0,158.0,inside_visible,650.033,493.7664285714286,1
HK25g1U-GF4_2842-3325,70,2,530.75,189.5,106.0,139.0,inside_visible,602.825,555.894,1
HK25g1U-GF4_2842-3325,70,3,185.4705882352941,130.94117647058823,156.00000000000003,183.5882352941176,inside_visible,653.0481666666666,493.82366666666667,0
HK25g1U-GF4_2842-3325,71,1,786.0,205.0,138.0,158.0,inside_visible,647.342,497.71614285714287,1
HK25g1U-GF4_2842-3325,71,2,530.3125,189.875,106.0,139.0,inside_visible,605.176,555.82225,1
HK25g1U-GF4_2842-3325,71,3,186.58823529411765,132.1764705882353,155.99999999999997,183.23529411764707,inside_visible,650.1140833333333,496.8688333333333,0
HK25g1U-GF4_2842-3325,72,1,780.7142857142857,208.14285714285717,138.0,157.42857142857142,inside_visible,644.651,501.66585714285713,1
HK25g1U-GF4_2842-3325,72,2,529.875,190.25,106.0,139.0,inside_visible,607.527,555.7505,1
HK25g1U-GF4_2842-3325,72,3,187.7058823529412,133.41176470588235,155.99999999999997,182.8823529411765,inside_visible,647.18,499.914,0
HK25g1U-GF4_2842-3325,73,1,775.4285714285714,211.28571428571428,138.0,156.8571428571429,inside_visible,641.9599999999999,505.6155714285714,1
HK25g1U-GF4_2842-3325,73,2,529.4375,190.625,106.0,139.0,inside_visible,609.878,555.67875,1
HK25g1U-GF4_2842-3325,73,3,188.8235294117647,134.64705882352942,156.0,182.52941176470588,inside_visible,642.3136,502.9141,0
HK25g1U-GF4_2842-3325,74,1,770.1428571428571,214.42857142857144,138.0,156.2857142857143,inside_visible,639.269,509.5652857142857,1
HK25g1U-GF4_2842-3325,74,2,529.0,191.0,106.0,139.0,inside_visible,612.229,555.607,1
HK25g1U-GF4_2842-3325,74,3,189.94117647058823,135.88235294117646,156.0,182.1764705882353,inside_visible,637.4472,505.9142,0
HK25g1U-GF4_2842-3325,75,1,764.8571428571429,217.57142857142856,138.0,155.7142857142857,inside_visible,636.578,513.515,1
HK25g1U-GF4_2842-3325,75,2,529.1666666666666,191.41666666666663,106.0,139.00000000000003,inside_visible,614.58,555.53525,1
HK25g1U-GF4_2842-3325,75,3,191.05882352941177,137.11764705882354,156.0,181.8235294117647,inside_visible,632.5808,508.9143,0
HK25g1U-GF4_2842-3325,76,1,759.5714285714286,220.7142857142857,138.0,155.1428571428571,inside_visible,630.3834999999999,515.779,1
HK25g1U-GF4_2842-3325,76,2,529.3333333333334,191.83333333333331,106.0,138.99999999999997,inside_visible,616.931,555.4635000000001,1
HK25g1U-GF4_2842-3325,76,3,192.1764705882353,138.35294117647058,156.0,181.4705882352941,inside_visible,627.7144,511.9144,0
HK25g1U-GF4_2842-3325,77,1,754.2857142857143,223.8571428571429,138.0,154.57142857142858,inside_visible,624.189,518.043,1
HK25g1U-GF4_2842-3325,77,2,529.5,192.25,106.0,139.0,inside_visible,619.282,555.39175,1
HK25g1U-GF4_2842-3325,77,3,193.2941176470588,139.58823529411765,156.00000000000003,181.1176470588235,inside_visible,622.848,514.9145,0
HK25g1U-GF4_2842-3325,78,1,749.0,227.0,138.0,154.0,inside_visible,617.9945,520.307,1
HK25g1U-GF4_2842-3325,78,2,529.6666666666666,192.66666666666663,106.0,139.00000000000003,inside_visible,621.633,555.32,1
HK25g1U-GF4_2842-3325,78,3,194.41176470588235,140.8235294117647,156.00000000000003,180.76470588235293,inside_visible,617.9816,517.9146,0
HK25g1U-GF4_2842-3325,79,1,743.875,229.5,138.0,153.5,inside_visible,611.8,522.571,1
HK25g1U-GF4_2842-3325,79,2,529.8333333333334,193.08333333333331,106.0,138.99999999999997,inside_visible,618.0867142857143,555.6071428571429,1
HK25g1U-GF4_2842-3325,79,3,195.52941176470588,142.05882352941177,155.99999999999997,180.4117647058824,inside_visible,613.1152,520.9146999999999,0
HK25g1U-GF4_2842-3325,80,1,738.75,232.0,138.0,153.0,inside_visible,607.8556,524.1598,1
HK25g1U-GF4_2842-3325,80,2,530.0,193.5,106.0,139.0,inside_visible,614.5404285714286,555.8942857142857,1
HK25g1U-GF4_2842-3325,80,3,196.64705882352945,143.2941176470588,155.99999999999997,180.0588235294118,inside_visible,608.2488,523.9148,0
HK25g1U-GF4_2842-3325,81,1,733.625,234.5,138.0,152.5,inside_visible,603.9112,525.7486,1
HK25g1U-GF4_2842-3325,81,2,530.1666666666666,193.91666666666663,106.0,139.00000000000003,inside_visible,610.9941428571428,556.1814285714286,1
HK25g1U-GF4_2842-3325,81,3,197.76470588235293,144.52941176470588,156.0,179.7058823529412,inside_visible,603.3824,526.9149,0
HK25g1U-GF4_2842-3325,82,1,728.5,237.0,138.0,152.0,inside_visible,599.9667999999999,527.3374,1
HK25g1U-GF4_2842-3325,82,2,530.3333333333334,194.33333333333331,106.0,138.99999999999997,inside_visible,607.4478571428572,556.4685714285715,1
HK25g1U-GF4_2842-3325,82,3,198.8823529411765,145.76470588235293,156.0,179.3529411764706,inside_visible,598.516,529.915,0
HK25g1U-GF4_2842-3325,83,1,723.375,239.5,138.0,151.5,inside_visible,596.0224,528.9262,1
HK25g1U-GF4_2842-3325,83,2,530.5,194.75,106.0,139.0,inside_visible,603.9015714285714,556.7557142857144,1
HK25g1U-GF4_2842-3325,83,3,200.0,147.0,156.0,179.0,inside_visible,596.9495,530.5899999999999,0
HK25g1U-GF4_2842-3325,84,1,718.25,242.0,138.0,151.0,inside_visible,592.078,530.515,1
HK25g1U-GF4_2842-3325,84,2,530.6666666666666,195.16666666666663,106.0,139.00000000000003,inside_visible,600.3552857142857,557.0428571428572,1
HK25g1U-GF4_2842-3325,84,3,200.92857142857144,147.21428571428572,156.00000000000003,179.0,inside_visible,595.383,531.265,0
HK25g1U-GF4_2842-3325,85,1,713.125,244.5,138.0,150.5,inside_visible,592.50225,530.682625,1
HK25g1U-GF4_2842-3325,85,2,530.8333333333334,195.58333333333331,106.0,138.99999999999997,inside_visible,596.809,557.33,1
HK25g1U-GF4_2842-3325,85,3,201.8571428571429,147.42857142857142,155.99999999999997,179.00000000000003,inside_visible,593.8165,531.94,0
HK25g1U-GF4_2842-3325,86,1,708.0,247.0,138.0,150.0,inside_visible,592.9265,530.85025,1
HK25g1U-GF4_2842-3325,86,2,531.0,196.0,106.0,139.0,inside_visible,595.5947142857143,557.83,1
HK25g1U-GF4_2842-3325,86,3,202.78571428571428,147.64285714285714,156.0,179.00000000000003,inside_visible,592.25,532.615,0
HK25g1U-GF4_2842-3325,87,1,708.0,247.5,138.0,150.0,inside_visible,593.35075,531.017875,1
HK25g1U-GF4_2842-3325,87,2,531.0,196.125,106.0,138.375,inside_visible,594.3804285714285,558.33,1
HK25g1U-GF4_2842-3325,87,3,203.7142857142857,147.85714285714286,156.0,178.99999999999997,inside_visible,591.5168333333334,532.2483333333333,0
HK25g1U-GF4_2842-3325,88,1,708.0,248.0,138.0,150.0,inside_visible,593.775,531.1855,1
HK25g1U-GF4_2842-3325,88,2,531.0,196.25,106.0,137.75,inside_visible,593.1661428571429,558.83,1
HK25g1U-GF4_2842-3325,88,3,204.64285714285717,148.07142857142858,156.00000000000003,178.99999999999997,inside_visible,590.7836666666667,531.8816666666667,0
HK25g1U-GF4_2842-3325,89,1,708.0,248.5,138.0,150.0,inside_visible,594.19925,531.353125,1
HK25g1U-GF4_2842-3325,89,2,531.0,196.375,106.0,137.125,inside_visible,591.9518571428571,559.33,1
HK25g1U-GF4_2842-3325,89,3,205.57142857142856,148.28571428571428,155.99999999999997,179.0,inside_visible,590.0505,531.515,0
HK25g1U-GF4_2842-3325,90,1,708.0,249.0,138.0,150.0,inside_visible,594.6234999999999,531.52075,1
HK25g1U-GF4_2842-3325,90,2,531.0,196.5,106.0,136.5,inside_visible,590.7375714285714,559.83,1
HK25g1U-GF4_2842-3325,90,3,206.5,148.5,156.0,179.0,inside_visible,589.3173333333333,531.1483333333333,0
HK25g1U-GF4_2842-3325,91,1,708.0,248.0,138.0,150.0,inside_visible,595.04775,531.688375,1
HK25g1U-GF4_2842-3325,91,2,531.0,196.625,106.0,135.875,inside_visible,589.5232857142856,560.33,1
HK25g1U-GF4_2842-3325,91,3,207.42857142857144,148.71428571428572,156.00000000000003,179.0,inside_visible,588.5841666666666,530.7816666666666,0
HK25g1U-GF4_2842-3325,92,1,710.6,245.8,137.79999999999995,150.0,inside_visible,595.472,531.856,1
HK25g1U-GF4_2842-3325,92,2,531.0,196.75,106.0,135.25,inside_visible,588.309,560.83,1
HK25g1U-GF4_2842-3325,92,3,208.3571428571429,148.92857142857142,155.99999999999997,179.00000000000003,inside_visible,587.851,530.415,0
HK25g1U-GF4_2842-3325,93,1,713.2,243.6,137.5999999999999,150.00000000000003,inside_visible,596.3285,529.48725,1
HK25g1U-GF4_2842-3325,93,2,531.0,196.875,106.0,134.625,inside_visible,588.209,561.38,1
HK25g1U-GF4_2842-3325,93,3,209.28571428571428,149.14285714285714,156.0,179.00000000000003,inside_visible,590.958,528.8477499999999,0
HK25g1U-GF4_2842-3325,94,1,715.8,241.4,137.4000000000001,149.99999999999997,inside_visible,597.185,527.1185,1
HK25g1U-GF4_2842-3325,94,2,531.0,197.0,106.0,134.0,inside_visible,588.1089999999999,561.9300000000001,1
HK25g1U-GF4_2842-3325,94,3,210.2142857142857,149.35714285714286,156.0,178.99999999999997,inside_visible,594.065,527.2805,0
HK25g1U-GF4_2842-3325,95,1,718.4,239.2,137.20000000000005,150.0,inside_visible,598.0415,524.74975,1
HK25g1U-GF4_2842-3325,95,2,531.2222222222222,196.77777777777777,105.88888888888891,133.8888888888889,inside_visible,588.009,562.48,1
HK25g1U-GF4_2842-3325,95,3,211.14285714285717,149.57142857142858,156.00000000000003,178.99999999999997,inside_visible,597.172,525.71325,0
HK25g1U-GF4_2842-3325,96,1,721.0,237.0,137.0,150.0,inside_visible,598.898,522.381,1
HK25g1U-GF4_2842-3325,96,2,531.4444444444445,196.55555555555557,105.77777777777771,133.77777777777777,inside_visible,587.909,563.0300000000001,1
HK25g1U-GF4_2842-3325,96,3,212.07142857142856,149.78571428571428,155.99999999999997,179.0,inside_visible,600.279,524.146,0
HK25g1U-GF4_2842-3325,97,1,724.4,234.6,136.80000000000007,150.20000000000002,inside_visible,601.0045,520.5125,1
HK25g1U-GF4_2842-3325,97,2,531.6666666666666,196.33333333333331,105.66666666666674,133.66666666666666,inside_visible,587.809,563.58,1
HK25g1U-GF4_2842-3325,97,3,213.0,150.0,156.0,179.0,inside_visible,602.2608,521.4535999999999,0
HK25g1U-GF4_2842-3325,98,1,727.8,232.2,136.60000000000002,150.40000000000003,inside_visible,603.111,518.644,1
HK25g1U-GF4_2842-3325,98,2,531.8888888888889,196.11111111111111,105.55555555555554,133.55555555555557,inside_visible,598.642,569.43,1
HK25g1U-GF4_2842-3325,98,3,213.26470588235293,150.11764705882354,156.0,179.0,inside_visible,604.2426,518.7612,0
HK25g1U-GF4_2842-3325,99,1,731.2,229.8,136.39999999999998,150.59999999999997,inside_visible,605.2175,516.7755,1
HK25g1U-GF4_2842-3325,99,2,532.1111111111111,195.88888888888889,105.44444444444446,133.44444444444443,inside_visible,611.7255,572.28,1
HK25g1U-GF4_2842-3325,99,3,213.52941176470588,150.23529411764707,155.99999999999997,179.0,inside_visible,606.2244,516.0688,0
HK25g1U-GF4_2842-3325,100,1,734.6,227.4,136.19999999999993,150.79999999999998,inside_visible,607.324,514.907,1
HK25g1U-GF4_2842-3325,100,2,532.3333333333334,195.66666666666663,105.33333333333326,133.33333333333334,inside_visible,624.809,575.13,1
HK25g1U-GF4_2842-3325,100,3,213.7941176470588,150.35294117647058,156.00000000000003,179.00000000000003,inside_visible,608.2062,513.3764,0
HK25g1U-GF4_2842-3325,101,1,738.0,225.0,136.0,151.0,inside_visible,609.93,512.788,1
HK25g1U-GF4_2842-3325,101,2,532.5555555555555,195.44444444444449,105.22222222222229,133.22222222222223,inside_visible,630.059,567.73,1
HK25g1U-GF4_2842-3325,101,3,214.05882352941177,150.47058823529412,156.0,179.00000000000003,inside_visible,610.188,510.684,0
HK25g1U-GF4_2842-3325,102,1,739.4444444444445,224.22222222222223,136.22222222222217,151.44444444444446,inside_visible,612.092,510.114,1
HK25g1U-GF4_2842-3325,102,2,532.7777777777778,195.22222222222223,105.11111111111109,133.1111111111111,inside_visible,635.309,560.33,1
HK25g1U-GF4_2842-3325,102,3,214.3235294117647,150.58823529411765,156.0,178.99999999999997,inside_visible,612.135,509.52650000000006,0
HK25g1U-GF4_2842-3325,103,1,740.8888888888889,223.44444444444449,136.44444444444446,151.88888888888886,inside_visible,612.654,506.565,1
HK25g1U-GF4_2842-3325,103,2,533.0,195.0,105.0,133.0,inside_visible,637.588,560.353875,1
HK25g1U-GF4_2842-3325,103,3,214.58823529411765,150.7058823529412,155.99999999999997,178.99999999999997,inside_visible,614.082,508.369,0
HK25g1U-GF4_2842-3325,104,1,742.3333333333334,222.66666666666663,136.66666666666663,152.33333333333334,inside_occluded,612.674,506.482,1
HK25g1U-GF4_2842-3325,104,2,532.3333333333334,196.33333333333331,105.0,132.99999999999997,inside_visible,639.867,560.37775,1
HK25g1U-GF4_2842-3325,104,3,214.85294117647055,150.8235294117647,156.00000000000003,179.0,inside_occluded,613.967,516.774,0
HK25g1U-GF4_2842-3325,105,1,743.7777777777778,221.88888888888889,136.8888888888888,152.7777777777778,inside_occluded,613.193,503.954,1
HK25g1U-GF4_2842-3325,105,2,531.6666666666666,197.66666666666663,105.0,133.00000000000003,inside_visible,642.146,560.401625,1
HK25g1U-GF4_2842-3325,105,3,215.11764705882356,150.94117647058823,156.0,179.0,inside_occluded,613.2893333333333,512.9496666666666,0
HK25g1U-GF4_2842-3325,106,1,745.2222222222222,221.11111111111111,137.1111111111112,153.2222222222222,inside_occluded,613.796,500.926,1
HK25g1U-GF4_2842-3325,106,2,531.0,199.0,105.0,133.0,inside_visible,644.425,560.4255,1
HK25g1U-GF4_2842-3325,106,3,215.3823529411765,151.05882352941177,156.0,179.0,inside_occluded,612.6116666666667,509.1253333333333,0
HK25g1U-GF4_2842-3325,107,1,746.6666666666666,220.33333333333331,137.33333333333337,153.66666666666666,inside_visible,612.732,496.898,1
HK25g1U-GF4_2842-3325,107,2,532.6666666666666,198.33333333333331,105.0,132.99999999999997,inside_visible,646.7040000000001,560.449375,1
HK25g1U-GF4_2842-3325,107,3,215.64705882352945,151.1764705882353,155.99999999999997,179.0,inside_occluded,611.934,505.301,0
HK25g1U-GF4_2842-3325,108,1,748.1111111111111,219.55555555555557,137.55555555555554,154.11111111111114,inside_visible,612.4513999999999,496.8062000000001,1
HK25g1U-GF4_2842-3325,108,2,534.3333333333334,197.66666666666663,105.0,133.00000000000003,inside_visible,648.9830000000001,560.47325,1
HK25g1U-GF4_2842-3325,108,3,215.91176470588235,151.2941176470588,156.00000000000003,179.00000000000003,inside_visible,605.256,499.81,0
HK25g1U-GF4_2842-3325,109,1,749.5555555555555,218.77777777777777,137.77777777777783,154.55555555555554,inside_visible,612.1708,496.7144,1
HK25g1U-GF4_2842-3325,109,2,536.0,197.0,105.0,133.0,inside_visible,651.2620000000001,560.497125,1
HK25g1U-GF4_2842-3325,109,3,216.1764705882353,151.41176470588235,156.0,179.00000000000003,inside_visible,604.3905,495.3815,0
HK25g1U-GF4_2842-3325,110,1,751.0,218.0,138.0,155.0,inside_visible,611.8901999999999,496.6226,1
HK25g1U-GF4_2842-3325,110,2,536.6666666666666,197.66666666666663,105.0,133.33333333333334,inside_visible,653.541,560.521,1
HK25g1U-GF4_2842-3325,110,3,216.44117647058823,151.52941176470588,156.0,178.99999999999997,inside_visible,603.525,490.953,0
HK25g1U-GF4_2842-3325,111,1,751.9166666666666,217.75,137.91666666666674,155.0,inside_visible,611.6096,496.5308,1
HK25g1U-GF4_2842-3325,111,2,537.3333333333334,198.33333333333331,105.0,133.66666666666666,inside_visible,654.3743333333334,560.5876666666667,1
HK25g1U-GF4_2842-3325,111,3,216.7058823529412,151.64705882352942,155.99999999999997,178.99999999999997,inside_visible,604.6607692307692,491.6752307692307,0
HK25g1U-GF4_2842-3325,112,1,752.8333333333334,217.5,137.83333333333326,155.0,inside_visible,611.329,496.439,1
HK25g1U-GF4_2842-3325,112,2,538.0,199.0,105.0,134.0,inside_visible,655.2076666666667,560.6543333333333,1
HK25g1U-GF4_2842-3325,112,3,216.9705882352941,151.76470588235293,156.00000000000003,179.0,inside_visible,605.7965384615385,492.3974615384615,0
HK25g1U-GF4_2842-3325,113,1,753.75,217.25,137.75,155.0,inside_visible,612.5207777777778,496.82144444444447,1
HK25g1U-GF4_2842-3325,113,2,538.0,199.0,104.79999999999995,134.0,inside_visible,656.041,560.721,1
HK25g1U-GF4_2842-3325,113,3,217.23529411764707,151.88235294117646,156.0,179.0,inside_visible,606.9323076923076,493.1196923076923,0
HK25g1U-GF4_2842-3325,114,1,754.6666666666666,217.0,137.66666666666674,155.0,inside_visible,613.7125555555555,497.2038888888889,1
HK25g1U-GF4_2842-3325,114,2,538.0,199.0,104.60000000000002,134.0,inside_visible,656.8743333333334,560.7876666666666,1
HK25g1U-GF4_2842-3325,114,3,217.5,152.0,156.0,179.0,inside_visible,608.0680769230769,493.8419230769231,0
HK25g1U-GF4_2842-3325,115,1,755.5833333333334,216.75,137.58333333333326,155.0,inside_visible,614.9043333333333,497.58633333333336,1
HK25g1U-GF4_2842-3325,115,2,538.0,199.0,104.39999999999998,134.0,inside_visible,657.7076666666667,560.8543333333333,1
HK25g1U-GF4_2842-3325,115,3,217.76470588235293,152.11764705882354,156.0,179.0,inside_visible,609.2038461538461,494.5641538461538,0
HK25g1U-GF4_2842-3325,116,1,756.5,216.5,137.5,155.0,inside_visible,616.0961111111111,497.9687777777778,1
HK25g1U-GF4_2842-3325,116,2,538.0,199.0,104.20000000000005,134.0,inside_visible,658.541,560.9209999999999,1
HK25g1U-GF4_2842-3325,116,3,218.02941176470588,152.23529411764707,155.99999999999997,179.0,inside_visible,610.3396153846154,495.2863846153846,0
HK25g1U-GF4_2842-3325,117,1,757.4166666666666,216.25,137.41666666666674,155.0,inside_visible,617.2878888888888,498.3512222222222,1
HK25g1U-GF4_2842-3325,117,2,538.0,199.0,104.0,134.0,inside_visible,659.3743333333334,560.9876666666667,1
HK25g1U-GF4_2842-3325,117,3,218.2941176470588,152.35294117647058,156.00000000000003,179.00000000000003,inside_visible,611.4753846153845,496.0086153846154,0
HK25g1U-GF4_2842-3325,118,1,758.3333333333334,216.0,137.33333333333326,155.0,inside_visible,618.4796666666666,498.7336666666666,1
HK25g1U-GF4_2842-3325,118,2,537.8888888888889,198.77777777777777,103.88888888888891,134.11111111111114,inside_visible,660.2076666666667,561.0543333333333,1
HK25g1U-GF4_2842-3325,118,3,218.55882352941177,152.47058823529412,156.0,179.00000000000003,inside_visible,612.6111538461538,496.7308461538461,0
HK25g1U-GF4_2842-3325,119,1,759.25,215.75,137.25,155.0,inside_visible,619.6714444444444,499.1161111111111,1
HK25g1U-GF4_2842-3325,119,2,537.7777777777778,198.55555555555557,103.77777777777771,134.22222222222223,inside_visible,661.041,561.121,1
HK25g1U-GF4_2842-3325,119,3,218.8235294117647,152.58823529411765,156.0,178.99999999999997,inside_visible,613.746923076923,497.4530769230769,0
HK25g1U-GF4_2842-3325,120,1,760.1666666666666,215.5,137.16666666666674,155.0,inside_visible,620.8632222222221,499.4985555555555,1
HK25g1U-GF4_2842-3325,120,2,537.6666666666666,198.33333333333331,103.66666666666674,134.33333333333334,inside_visible,661.8743333333334,561.1876666666666,1
HK25g1U-GF4_2842-3325,120,3,219.08823529411765,152.7058823529412,155.99999999999997,178.99999999999997,inside_visible,614.8826923076923,498.1753076923077,0
HK25g1U-GF4_2842-3325,121,1,761.0833333333334,215.25,137.08333333333326,155.0,inside_visible,622.055,499.881,1
HK25g1U-GF4_2842-3325,121,2,537.5555555555555,198.11111111111111,103.55555555555554,134.44444444444443,inside_visible,662.7076666666667,561.2543333333333,1
HK25g1U-GF4_2842-3325,121,3,219.35294117647055,152.8235294117647,156.00000000000003,179.0,inside_visible,616.0184615384615,498.8975384615384,0
HK25g1U-GF4_2842-3325,122,1,762.0,215.0,137.0,155.0,inside_visible,622.1664999999999,500.3028,1
HK25g1U-GF4_2842-3325,122,2,537.4444444444445,197.88888888888889,103.44444444444446,134.55555555555557,inside_visible,663.541,561.3209999999999,1
HK25g1U-GF4_2842-3325,122,3,219.61764705882356,152.94117647058823,156.0,179.0,inside_visible,617.1542307692307,499.6197692307693,0
HK25g1U-GF4_2842-3325,123,1,762.6666666666666,215.0,136.5,155.5,inside_visible,622.2779999999999,500.7246,1
HK25g1U-GF4_2842-3325,123,2,537.3333333333334,197.66666666666663,103.33333333333326,134.66666666666666,inside_visible,664.3743333333334,561.3876666666666,1
HK25g1U-GF4_2842-3325,123,3,219.8823529411765,153.05882352941177,156.0,179.0,inside_visible,618.29,500.342,0
HK25g1U-GF4_2842-3325,124,1,763.3333333333334,215.0,136.0,156.0,inside_visible,622.3895,501.1464,1
HK25g1U-GF4_2842-3325,124,2,537.2222222222222,197.44444444444449,103.22222222222229,134.77777777777777,inside_visible,665.2076666666667,561.4543333333332,1
HK25g1U-GF4_2842-3325,124,3,220.14705882352945,153.1764705882353,155.99999999999997,179.0,inside_visible,617.94475,500.868,0
HK25g1U-GF4_2842-3325,125,1,764.0,215.0,135.5,156.5,inside_visible,622.501,501.5682,1
HK25g1U-GF4_2842-3325,125,2,537.1111111111111,197.22222222222223,103.11111111111109,134.88888888888886,inside_visible,666.041,561.521,1
HK25g1U-GF4_2842-3325,125,3,220.41176470588235,153.2941176470588,156.00000000000003,179.00000000000003,inside_visible,617.5995,501.394,0
HK25g1U-GF4_2842-3325,126,1,764.6666666666666,215.0,135.0,157.0,inside_visible,622.6125,501.99,1
HK25g1U-GF4_2842-3325,126,2,537.0,197.0,103.0,135.0,inside_visible,665.4046363636364,560.9300909090908,1
HK25g1U-GF4_2842-3325,126,3,220.6764705882353,153.41176470588235,156.0,179.00000000000003,inside_visible,617.25425,501.92,0
HK25g1U-GF4_2842-3325,127,1,765.3333333333334,215.0,134.5,157.5,inside_visible,622.7239999999999,502.4118,1
HK25g1U-GF4_2842-3325,127,2,536.5454545454545,197.54545454545453,102.909090909091,135.0909090909091,inside_visible,664.7682727272728,560.3391818181818,1
HK25g1U-GF4_2842-3325,127,3,220.94117647058823,153.52941176470588,156.0,178.99999999999997,inside_visible,616.909,502.446,0
HK25g1U-GF4_2842-3325,128,1,766.0,215.0,134.0,158.0,inside_visible,622.8354999999999,502.8336,1
HK25g1U-GF4_2842-3325,128,2,536.0909090909091,198.0909090909091,102.81818181818176,135.18181818181816,inside_visible,664.1319090909092,559.7482727272727,1
HK25g1U-GF4_2842-3325,128,3,221.2058823529412,153.64705882352942,155.99999999999997,178.99999999999997,inside_visible,616.7886,502.7472,0
HK25g1U-GF4_2842-3325,129,1,764.3333333333334,215.83333333333331,134.5,157.49999999999997,inside_visible,622.947,503.2554,1
HK25g1U-GF4_2842-3325,129,2,535.6363636363636,198.63636363636363,102.72727272727276,135.2727272727273,inside_visible,663.4955454545455,559.1573636363636,1
HK25g1U-GF4_2842-3325,129,3,221.4705882352941,153.76470588235293,156.00000000000003,179.0,inside_visible,616.6682,503.0484,0
HK25g1U-GF4_2842-3325,130,1,762.6666666666666,216.66666666666663,135.0,157.00000000000003,inside_visible,623.0585,503.6772,1
HK25g1U-GF4_2842-3325,130,2,535.1818181818181,199.1818181818182,102.63636363636374,135.36363636363637,inside_visible,662.8591818181819,558.5664545454545,1
HK25g1U-GF4_2842-3325,130,3,221.73529411764707,153.88235294117646,156.0,179.0,inside_visible,616.5478,503.3496,0
HK25g1U-GF4_2842-3325,131,1,761.0,217.5,135.5,156.5,inside_visible,623.17,504.099,1
HK25g1U-GF4_2842-3325,131,2,534.7272727272727,199.72727272727272,102.5454545454545,135.45454545454547,inside_visible,662.2228181818182,557.9755454545455,1
HK25g1U-GF4_2842-3325,131,3,222.0,154.0,156.0,179.0,inside_visible,616.4274,503.6508,0
HK25g1U-GF4_2842-3325,132,1,759.3333333333334,218.33333333333331,136.0,155.99999999999997,inside_visible,620.4649999999999,506.47066666666666,1
HK25g1U-GF4_2842-3325,132,2,534.2727272727273,200.27272727272728,102.4545454545455,135.54545454545453,inside_visible,661.5864545454546,557.3846363636363,1
HK25g1U-GF4_2842-3325,132,3,221.8571428571429,154.5,155.99999999999997,179.0,inside_visible,616.307,503.952,0
HK25g1U-GF4_2842-3325,133,1,757.6666666666666,219.16666666666663,136.5,155.50000000000003,inside_visible,617.76,508.8423333333333,1
HK25g1U-GF4_2842-3325,133,2,533.8181818181819,200.8181818181818,102.36363636363626,135.63636363636363,inside_visible,660.9500909090909,556.7937272727272,1
HK25g1U-GF4_2842-3325,133,3,221.7142857142857,155.0,156.0,179.0,inside_visible,614.5715454545455,507.5349090909091,0
HK25g1U-GF4_2842-3325,134,1,756.0,220.0,137.0,155.0,inside_visible,615.055,511.214,1
HK25g1U-GF4_2842-3325,134,2,533.3636363636364,201.3636363636364,102.27272727272724,135.7272727272727,inside_visible,660.3137272727273,556.2028181818181,1
HK25g1U-GF4_2842-3325,134,3,221.57142857142856,155.5,155.99999999999997,179.0,inside_visible,612.8360909090909,511.11781818181817,0
HK25g1U-GF4_2842-3325,135,1,752.9090909090909,221.45454545454547,137.18181818181824,154.81818181818178,inside_visible,613.0772499999999,514.5695,1
HK25g1U-GF4_2842-3325,135,2,532.9090909090909,201.9090909090909,102.18181818181824,135.81818181818184,inside_visible,659.6773636363637,555.6119090909091,1
HK25g1U-GF4_2842-3325,135,3,221.42857142857144,156.0,156.00000000000003,179.0,inside_visible,611.1006363636363,514.7007272727272,0
HK25g1U-GF4_2842-3325,136,1,749.8181818181819,222.9090909090909,137.36363636363626,154.63636363636363,inside_visible,611.0994999999999,517.925,1
HK25g1U-GF4_2842-3325,136,2,532.4545454545455,202.45454545454547,102.090909090909,135.9090909090909,inside_visible,659.041,555.021,1
HK25g1U-GF4_2842-3325,136,3,221.28571428571428,156.5,156.0,179.0,inside_visible,609.3651818181818,518.2836363636363,0
HK25g1U-GF4_2842-3325,137,1,746.7272727272727,224.3636363636364,137.5454545454545,154.45454545454544,inside_visible,609.1217499999999,521.2805,1
HK25g1U-GF4_2842-3325,137,2,532.0,203.0,102.0,136.0,inside_occluded,652.041,556.771,1
HK25g1U-GF4_2842-3325,137,3,221.14285714285717,157.0,156.00000000000003,179.0,inside_visible,607.6297272727272,521.8665454545454,0
HK25g1U-GF4_2842-3325,138,1,743.6363636363636,225.8181818181818,137.72727272727275,154.27272727272725,inside_visible,607.144,524.636,1
HK25g1U-GF4_2842-3325,138,2,530.8571428571429,203.7142857142857,102.14285714285712,135.71428571428572,inside_occluded,645.041,558.521,1
HK25g1U-GF4_2842-3325,138,3,221.0,157.5,156.0,179.0,inside_visible,605.8942727272728,525.4494545454546,0
HK25g1U-GF4_2842-3325,139,1,740.5454545454545,227.27272727272728,137.909090909091,154.0909090909091,inside_visible,605.16625,527.9915,1
HK25g1U-GF4_2842-3325,139,2,529.7142857142857,204.42857142857144,102.28571428571432,135.42857142857142,inside_occluded,638.041,560.271,1
HK25g1U-GF4_2842-3325,139,3,220.8571428571429,158.0,155.99999999999997,179.0,inside_visible,604.1588181818182,529.0323636363637,0
HK25g1U-GF4_2842-3325,140,1,737.4545454545455,228.72727272727272,138.090909090909,153.9090909090909,inside_visible,603.1885,531.347,1
HK25g1U-GF4_2842-3325,140,2,528.5714285714286,205.14285714285717,102.42857142857144,135.14285714285714,inside_occluded,631.041,562.021,1
HK25g1U-GF4_2842-3325,140,3,220.7142857142857,158.5,156.0,179.0,inside_visible,602.4233636363637,532.6152727272728,0
HK25g1U-GF4_2842-3325,141,1,734.3636363636364,230.1818181818182,138.27272727272725,153.72727272727275,inside_visible,601.21075,534.7025,1
HK25g1U-GF4_2842-3325,141,2,527.4285714285714,205.8571428571429,102.57142857142856,134.85714285714286,inside_occluded,624.041,563.771,1
HK25g1U-GF4_2842-3325,141,3,220.57142857142856,159.0,155.99999999999997,179.0,inside_visible,600.6879090909091,536.1981818181819,0
HK25g1U-GF4_2842-3325,142,1,731.2727272727273,231.63636363636363,138.4545454545455,153.54545454545456,inside_visible,599.233,538.058,1
HK25g1U-GF4_2842-3325,142,2,526.2857142857143,206.57142857142856,102.71428571428568,134.57142857142858,inside_occluded,617.041,565.521,1
HK25g1U-GF4_2842-3325,142,3,220.42857142857144,159.5,156.00000000000003,179.0,inside_visible,598.9524545454545,539.781090909091,0
HK25g1U-GF4_2842-3325,143,1,728.1818181818181,233.0909090909091,138.63636363636374,153.36363636363637,inside_visible,597.2551428571428,541.4135714285715,1
HK25g1U-GF4_2842-3325,143,2,525.1428571428571,207.28571428571428,102.85714285714288,134.28571428571428,inside_occluded,610.041,567.271,1
HK25g1U-GF4_2842-3325,143,3,220.28571428571428,160.0,156.0,179.0,inside_visible,597.217,543.364,0
HK25g1U-GF4_2842-3325,144,1,725.0909090909091,234.54545454545453,138.81818181818176,153.18181818181822,inside_visible,595.2772857142857,544.7691428571428,1
HK25g1U-GF4_2842-3325,144,2,524.0,208.0,103.0,134.0,inside_occluded,603.041,569.021,1
HK25g1U-GF4_2842-3325,144,3,220.14285714285717,160.5,156.00000000000003,179.0,inside_visible,595.5805,548.2925,0
HK25g1U-GF4_2842-3325,145,1,722.0,236.0,139.0,153.0,inside_visible,593.2994285714285,548.1247142857143,1
HK25g1U-GF4_2842-3325,145,2,521.125,208.5,103.0,133.625,inside_occluded,625.691,565.421,1
HK25g1U-GF4_2842-3325,145,3,220.0,161.0,156.0,179.0,inside_visible,593.944,553.221,0
HK25g1U-GF4_2842-3325,146,1,717.8333333333334,236.83333333333331,138.5,152.83333333333334,inside_visible,591.3215714285715,551.4802857142857,1
HK25g1U-GF4_2842-3325,146,2,518.25,209.0,103.0,133.25,inside_occluded,614.7576666666666,565.1126666666667,1
HK25g1U-GF4_2842-3325,146,3,219.88888888888889,160.88888888888889,156.00000000000003,179.44444444444443,inside_visible,592.9187777777778,554.0247777777778,0
HK25g1U-GF4_2842-3325,147,1,713.6666666666666,237.66666666666663,138.0,152.66666666666666,inside_visible,589.3437142857143,554.8358571428572,1
HK25g1U-GF4_2842-3325,147,2,515.375,209.5,103.0,132.875,inside_occluded,603.8243333333334,564.8043333333334,1
HK25g1U-GF4_2842-3325,147,3,219.77777777777777,160.77777777777777,156.0,179.8888888888889,inside_visible,591.8935555555555,554.8285555555556,0
HK25g1U-GF4_2842-3325,148,1,709.5,238.5,137.5,152.5,inside_visible,587.3658571428572,558.1914285714286,1
HK25g1U-GF4_2842-3325,148,2,512.5,210.0,103.0,132.5,inside_visible,592.891,564.496,1
HK25g1U-GF4_2842-3325,148,3,219.66666666666663,160.66666666666666,156.00000000000003,180.33333333333331,inside_visible,590.8683333333333,555.6323333333333,0
HK25g1U-GF4_2842-3325,149,1,705.3333333333334,239.33333333333331,137.0,152.33333333333334,inside_visible,585.388,561.547,1
HK25g1U-GF4_2842-3325,149,2,509.625,210.5,103.0,132.125,inside_visible,591.291,563.521,1
HK25g1U-GF4_2842-3325,149,3,219.55555555555557,160.55555555555554,156.0,180.77777777777777,inside_visible,589.843111111111,556.4361111111111,0
HK25g1U-GF4_2842-3325,150,1,701.1666666666666,240.16666666666663,136.5,152.16666666666666,inside_visible,586.2904444444445,562.1953333333333,1
HK25g1U-GF4_2842-3325,150,2,506.75,211.0,103.0,131.75,inside_visible,590.541,562.6876666666666,1
HK25g1U-GF4_2842-3325,150,3,219.44444444444449,160.44444444444446,156.0,181.22222222222223,inside_visible,588.8178888888889,557.2398888888889,0
HK25g1U-GF4_2842-3325,151,1,697.0,241.0,136.0,152.0,inside_visible,587.1928888888889,562.8436666666666,1
HK25g1U-GF4_2842-3325,151,2,503.875,211.5,103.0,131.375,inside_visible,589.791,561.8543333333333,1
HK25g1U-GF4_2842-3325,151,3,219.33333333333331,160.33333333333334,155.99999999999997,181.66666666666663,inside_visible,587.7926666666666,558.0436666666667,0
HK25g1U-GF4_2842-3325,152,1,696.5,240.83333333333331,135.66666666666663,151.83333333333334,inside_visible,588.0953333333333,563.492,1
HK25g1U-GF4_2842-3325,152,2,501.0,212.0,103.0,131.0,inside_visible,589.041,561.021,1
HK25g1U-GF4_2842-3325,152,3,219.22222222222223,160.22222222222223,156.0,182.1111111111111,inside_visible,586.7674444444444,558.8474444444445,0
HK25g1U-GF4_2842-3325,153,1,696.0,240.66666666666663,135.33333333333337,151.66666666666666,inside_visible,588.9977777777777,564.1403333333333,1
HK25g1U-GF4_2842-3325,153,2,498.6666666666667,211.33333333333331,102.99999999999994,131.33333333333334,inside_visible,589.7747777777778,561.4203333333332,1
HK25g1U-GF4_2842-3325,153,3,219.11111111111111,160.11111111111111,155.99999999999997,182.5555555555556,inside_visible,585.7422222222222,559.6512222222223,0
HK25g1U-GF4_2842-3325,154,1,695.5,240.5,135.0,151.5,inside_visible,589.9002222222223,564.7886666666667,1
HK25g1U-GF4_2842-3325,154,2,496.3333333333333,210.66666666666663,103.00000000000006,131.66666666666666,inside_visible,590.5085555555556,561.8196666666666,1
HK25g1U-GF4_2842-3325,154,3,219.0,160.0,156.0,183.0,inside_visible,584.717,560.455,0
HK25g1U-GF4_2842-3325,155,1,695.0,240.33333333333331,134.66666666666663,151.33333333333334,inside_visible,590.8026666666667,565.437,1
HK25g1U-GF4_2842-3325,155,2,494.0,210.0,103.0,132.0,inside_visible,591.2423333333334,562.2189999999999,1
HK25g1U-GF4_2842-3325,155,3,218.875,159.9375,156.0,182.65625,inside_visible,586.2715714285714,561.1108571428572,0
HK25g1U-GF4_2842-3325,156,1,694.5,240.16666666666663,134.33333333333337,151.16666666666666,inside_visible,591.7051111111111,566.0853333333333,1
HK25g1U-GF4_2842-3325,156,2,493.25,210.0,102.75,132.5,inside_visible,591.9761111111111,562.6183333333333,1
HK25g1U-GF4_2842-3325,156,3,218.75,159.875,156.0,182.3125,inside_visible,587.8261428571428,561.7667142857143,0
HK25g1U-GF4_2842-3325,157,1,694.0,240.0,134.0,151.0,inside_visible,592.6075555555556,566.7336666666666,1
HK25g1U-GF4_2842-3325,157,2,492.5,210.0,102.5,133.0,inside_visible,592.7098888888889,563.0176666666666,1
HK25g1U-GF4_2842-3325,157,3,218.625,159.8125,156.0,181.96875,inside_visible,589.3807142857142,562.4225714285715,0
HK25g1U-GF4_2842-3325,158,1,695.8,239.6,134.0,151.00000000000003,inside_visible,593.51,567.382,1
HK25g1U-GF4_2842-3325,158,2,491.75,210.0,102.25,133.5,inside_visible,593.4436666666667,563.417,1
HK25g1U-GF4_2842-3325,158,3,218.5,159.75,156.0,181.625,inside_visible,590.9352857142858,563.0784285714286,0
HK25g1U-GF4_2842-3325,159,1,697.6,239.2,134.0,151.0,inside_visible,593.9045714285714,567.0144285714285,1
HK25g1U-GF4_2842-3325,159,2,491.0,210.0,102.0,134.0,inside_visible,594.1774444444444,563.8163333333333,1
HK25g1U-GF4_2842-3325,159,3,218.375,159.6875,156.0,181.28125,inside_visible,592.4898571428572,563.7342857142858,0
HK25g1U-GF4_2842-3325,160,1,699.4,238.8,134.0,151.0,inside_visible,594.2991428571429,566.6468571428571,1
HK25g1U-GF4_2842-3325,160,2,492.0,210.0,102.0,134.39999999999998,inside_visible,594.9112222222222,564.2156666666667,1
HK25g1U-GF4_2842-3325,160,3,218.25,159.625,156.0,180.9375,inside_visible,594.0444285714286,564.3901428571429,0
HK25g1U-GF4_2842-3325,161,1,701.2,238.4,134.0,150.99999999999997,inside_visible,594.6937142857143,566.2792857142857,1
HK25g1U-GF4_2842-3325,161,2,493.0,210.0,102.0,134.8,inside_visible,595.645,564.615,1
HK25g1U-GF4_2842-3325,161,3,218.125,159.5625,156.0,180.59375,inside_visible,595.599,565.046,0
HK25g1U-GF4_2842-3325,162,1,703.0,238.0,134.0,151.0,inside_visible,595.0882857142857,565.9117142857142,1
HK25g1U-GF4_2842-3325,162,2,494.0,210.0,102.0,135.2,inside_visible,606.4164,563.1864,1
HK25g1U-GF4_2842-3325,162,3,218.0,159.5,156.0,180.25,inside_visible,595.7525714285715,565.2622857142858,0
HK25g1U-GF4_2842-3325,163,1,705.3,237.5,134.0,151.2,inside_visible,595.4828571428571,565.5441428571428,1
HK25g1U-GF4_2842-3325,163,2,495.0,210.0,102.0,135.60000000000002,inside_occluded,617.1877999999999,561.7578,1
HK25g1U-GF4_2842-3325,163,3,217.875,159.4375,156.0,179.90625,inside_visible,595.9061428571429,565.4785714285714,0
HK25g1U-GF4_2842-3325,164,1,707.6,237.0,134.0,151.39999999999998,inside_visible,595.8774285714286,565.1765714285714,1
HK25g1U-GF4_2842-3325,164,2,496.0,210.0,102.0,136.0,inside_occluded,627.9592,560.3292,1
HK25g1U-GF4_2842-3325,164,3,217.75,159.375,156.0,179.5625,inside_visible,596.0597142857143,565.6948571428571,0
HK25g1U-GF4_2842-3325,165,1,709.9,236.5,134.0,151.60000000000002,inside_visible,596.272,564.809,1
HK25g1U-GF4_2842-3325,165,2,499.6,211.2,102.19999999999992,136.40000000000003,inside_occluded,638.7306,558.9005999999999,1
HK25g1U-GF4_2842-3325,165,3,217.625,159.3125,156.0,179.21875,inside_visible,596.2132857142857,565.9111428571429,0
HK25g1U-GF4_2842-3325,166,1,712.2,236.0,134.0,151.8,inside_visible,596.8876666666667,565.2066,1
HK25g1U-GF4_2842-3325,166,2,503.2,212.4,102.40000000000003,136.79999999999998,inside_occluded,649.502,557.472,1
HK25g1U-GF4_2842-3325,166,3,217.5,159.25,156.0,178.875,inside_visible,596.3668571428572,566.1274285714286,0
HK25g1U-GF4_2842-3325,167,1,714.5,235.5,134.0,152.0,inside_visible,597.5033333333333,565.6042,1
HK25g1U-GF4_2842-3325,167,2,506.8,213.6,102.59999999999997,137.20000000000002,inside_occluded,650.6289999999999,557.5989999999999,1
HK25g1U-GF4_2842-3325,167,3,217.375,159.1875,156.0,178.53125,inside_visible,596.5204285714285,566.3437142857142,0
HK25g1U-GF4_2842-3325,168,1,716.8,235.0,134.0,152.2,inside_visible,598.119,566.0018,1
HK25g1U-GF4_2842-3325,168,2,510.4,214.8,102.80000000000008,137.59999999999997,inside_occluded,651.756,557.726,1
HK25g1U-GF4_2842-3325,168,3,217.25,159.125,156.0,178.1875,inside_visible,596.674,566.56,0
HK25g1U-GF4_2842-3325,169,1,719.1,234.5,134.0,152.39999999999998,inside_visible,598.7346666666667,566.3994,1
HK25g1U-GF4_2842-3325,169,2,514.0,216.0,103.0,138.0,inside_occluded,652.8829999999999,557.853,1
HK25g1U-GF4_2842-3325,169,3,217.125,159.0625,156.0,177.84375,inside_visible,597.6013333333333,566.7761666666667,0
HK25g1U-GF4_2842-3325,170,1,721.4,234.0,134.0,152.60000000000002,inside_visible,599.3503333333333,566.797,1
HK25g1U-GF4_2842-3325,170,2,520.4285714285714,218.14285714285717,103.28571428571422,138.42857142857142,inside_occluded,654.01,557.98,1
HK25g1U-GF4_2842-3325,170,3,217.0,159.0,156.0,177.5,inside_visible,598.5286666666667,566.9923333333332,0
HK25g1U-GF4_2842-3325,171,1,723.7,233.5,134.0,152.8,inside_visible,599.966,567.1946,1
HK25g1U-GF4_2842-3325,171,2,526.8571428571429,220.28571428571428,103.57142857142856,138.8571428571429,inside_occluded,655.137,558.107,1
HK25g1U-GF4_2842-3325,171,3,216.875,158.9375,156.0,177.15625,inside_visible,599.456,567.2085,0
HK25g1U-GF4_2842-3325,172,1,726.0,233.0,134.0,153.0,inside_visible,600.5816666666667,567.5922,1
HK25g1U-GF4_2842-3325,172,2,533.2857142857143,222.42857142857144,103.85714285714278,139.2857142857143,inside_occluded,656.264,558.234,1
HK25g1U-GF4_2842-3325,172,3,216.75,158.875,156.0,176.8125,inside_visible,600.3833333333333,567.4246666666667,0
HK25g1U-GF4_2842-3325,173,1,726.4,232.4,134.0,152.99999999999997,inside_visible,601.1973333333333,567.9898,1
HK25g1U-GF4_2842-3325,173,2,539.7142857142857,224.57142857142856,104.14285714285722,139.7142857142857,inside_occluded,657.391,558.361,1
HK25g1U-GF4_2842-3325,173,3,216.625,158.8125,156.0,176.46875,inside_visible,601.3106666666667,567.6408333333333,0
HK25g1U-GF4_2842-3325,174,1,726.8,231.8,134.0,153.0,inside_visible,601.813,568.3874,1
HK25g1U-GF4_2842-3325,174,2,546.1428571428571,226.7142857142857,104.42857142857144,140.1428571428571,inside_occluded,658.518,558.488,1
HK25g1U-GF4_2842-3325,174,3,216.5,158.75,156.0,176.125,inside_visible,602.238,567.857,0
HK25g1U-GF4_2842-3325,175,1,727.2,231.2,134.0,153.0,inside_visible,602.4286666666667,568.785,1
HK25g1U-GF4_2842-3325,175,2,552.5714285714286,228.8571428571429,104.71428571428578,140.57142857142858,inside_occluded,659.645,558.615,1
HK25g1U-GF4_2842-3325,175,3,216.375,158.6875,156.0,175.78125,inside_visible,602.734,568.0611428571428,0
HK25g1U-GF4_2842-3325,176,1,727.6,230.6,134.0,153.00000000000003,inside_visible,603.0443333333333,569.1826,1
HK25g1U-GF4_2842-3325,176,2,559.0,231.0,105.0,141.0,inside_occluded,658.487125,559.36125,1
HK25g1U-GF4_2842-3325,176,3,216.25,158.625,156.0,175.4375,inside_visible,603.23,568.2652857142857,0
HK25g1U-GF4_2842-3325,177,1,728.0,230.0,134.0,153.0,inside_visible,603.66,569.5802,1
HK25g1U-GF4_2842-3325,177,2,565.0,234.5,105.0,141.0,inside_occluded,657.32925,560.1075000000001,1
HK25g1U-GF4_2842-3325,177,3,216.125,158.5625,156.0,175.09375,inside_visible,603.726,568.4694285714286,0
HK25g1U-GF4_2842-3325,178,1,732.3636363636364,228.8181818181818,134.09090909090912,153.1818181818182,inside_visible,604.2756666666667,569.9778,1
HK25g1U-GF4_2842-3325,178,2,571.0,238.0,105.0,141.0,inside_occluded,656.171375,560.85375,1
HK25g1U-GF4_2842-3325,178,3,216.0,158.5,156.0,174.75,inside_visible,604.2220000000001,568.6735714285714,0
HK25g1U-GF4_2842-3325,179,1,736.7272727272727,227.63636363636363,134.18181818181813,153.36363636363637,inside_visible,604.8913333333333,570.3754,1
HK25g1U-GF4_2842-3325,179,2,574.25,241.25,105.0,140.75,inside_occluded,655.0135,561.6,1
HK25g1U-GF4_2842-3325,179,3,215.875,158.4375,156.0,174.40625,inside_visible,604.7180000000001,568.8777142857143,0
HK25g1U-GF4_2842-3325,180,1,741.0909090909091,226.45454545454547,134.27272727272725,153.54545454545453,inside_visible,605.507,570.773,1
HK25g1U-GF4_2842-3325,180,2,577.5,244.5,105.0,140.5,inside_occluded,653.8556249999999,562.34625,1
HK25g1U-GF4_2842-3325,180,3,215.75,158.375,156.0,174.0625,inside_visible,605.214,569.0818571428571,0
HK25g1U-GF4_2842-3325,181,1,745.4545454545455,225.27272727272728,134.36363636363637,153.72727272727272,inside_visible,605.9507272727272,571.0706363636364,1
HK25g1U-GF4_2842-3325,181,2,580.75,247.75,105.0,140.25,inside_occluded,652.6977499999999,563.0925,1
HK25g1U-GF4_2842-3325,181,3,215.625,158.3125,156.0,173.71875,inside_visible,605.71,569.286,0
HK25g1U-GF4_2842-3325,182,1,749.8181818181819,224.0909090909091,134.45454545454538,153.9090909090909,inside_visible,606.3944545454546,571.3682727272727,1
HK25g1U-GF4_2842-3325,182,2,584.0,251.0,105.0,140.0,inside_occluded,651.5398749999999,563.83875,1
HK25g1U-GF4_2842-3325,182,3,215.5,158.25,156.0,173.375,inside_visible,606.206,569.4901428571428,0
HK25g1U-GF4_2842-3325,183,1,754.1818181818181,222.9090909090909,134.54545454545462,154.0909090909091,inside_visible,606.8381818181817,571.6659090909092,1
HK25g1U-GF4_2842-3325,183,2,583.5,252.75,105.0,139.75,inside_visible,650.382,564.585,1
HK25g1U-GF4_2842-3325,183,3,215.375,158.1875,156.0,173.03125,inside_visible,606.702,569.6942857142857,0
HK25g1U-GF4_2842-3325,184,1,758.5454545454545,221.72727272727272,134.63636363636363,154.27272727272728,inside_visible,607.281909090909,571.9635454545455,1
HK25g1U-GF4_2842-3325,184,2,583.0,254.5,105.0,139.5,inside_visible,652.582,565.335,1
HK25g1U-GF4_2842-3325,184,3,215.25,158.125,156.0,172.6875,inside_visible,607.198,569.8984285714286,0
HK25g1U-GF4_2842-3325,185,1,762.9090909090909,220.54545454545453,134.72727272727275,154.45454545454547,inside_visible,607.7256363636363,572.2611818181819,1
HK25g1U-GF4_2842-3325,185,2,582.5,256.25,105.0,139.25,inside_visible,654.7819999999999,566.085,1
HK25g1U-GF4_2842-3325,185,3,215.125,158.0625,156.0,172.34375,inside_uncertain,607.6940000000001,570.1025714285714,0
HK25g1U-GF4_2842-3325,186,1,767.2727272727273,219.3636363636364,134.81818181818187,154.63636363636363,inside_visible,608.1693636363636,572.5588181818182,1
HK25g1U-GF4_2842-3325,186,2,582.0,258.0,105.0,139.0,inside_visible,656.982,566.835,1
HK25g1U-GF4_2842-3325,186,3,215.0,158.0,156.0,172.0,inside_uncertain,608.19,570.3067142857143,0
HK25g1U-GF4_2842-3325,187,1,771.6363636363636,218.1818181818182,134.90909090909088,154.8181818181818,inside_visible,608.6130909090909,572.8564545454545,1
HK25g1U-GF4_2842-3325,187,2,579.2,258.8,105.0,138.2,inside_visible,659.1819999999999,567.585,1
HK25g1U-GF4_2842-3325,187,3,216.25,158.75,156.0,172.0,inside_uncertain,608.686,570.5108571428572,0
HK25g1U-GF4_2842-3325,188,1,776.0,217.0,135.0,155.0,inside_visible,609.0568181818182,573.1540909090909,1
HK25g1U-GF4_2842-3325,188,2,576.4,259.6,105.0,137.39999999999998,inside_visible,661.382,568.335,1
HK25g1U-GF4_2842-3325,188,3,217.5,159.5,156.0,172.0,inside_uncertain,609.182,570.715,0
HK25g1U-GF4_2842-3325,189,1,778.6521739130435,216.7826086956522,135.08695652173913,154.82608695652175,inside_visible,609.5005454545454,573.4517272727273,1
HK25g1U-GF4_2842-3325,189,2,573.6,260.4,105.0,136.60000000000002,inside_visible,663.582,569.085,1
HK25g1U-GF4_2842-3325,189,3,218.75,160.25,156.0,172.0,inside_uncertain,609.678,570.9191428571429,0
HK25g1U-GF4_2842-3325,190,1,781.304347826087,216.56521739130437,135.17391304347825,154.65217391304347,inside_visible,609.9442727272727,573.7493636363637,1
HK25g1U-GF4_2842-3325,190,2,570.8,261.2,105.0,135.8,inside_visible,665.7819999999999,569.835,1
HK25g1U-GF4_2842-3325,190,3,220.0,161.0,156.0,172.0,inside_uncertain,610.174,571.1232857142857,0
HK25g1U-GF4_2842-3325,191,1,783.9565217391304,216.34782608695653,135.2608695652175,154.47826086956522,inside_visible,610.388,574.047,1
HK25g1U-GF4_2842-3325,191,2,568.0,262.0,105.0,135.0,inside_visible,667.982,570.585,1
HK25g1U-GF4_2842-3325,191,3,221.25,161.75,156.0,172.0,inside_uncertain,610.67,571.3274285714285,0
HK25g1U-GF4_2842-3325,192,1,786.6086956521739,216.1304347826087,135.3478260869565,154.30434782608694,inside_visible,610.7032222222223,573.9070370370371,1
HK25g1U-GF4_2842-3325,192,2,566.5714285714286,260.42857142857144,105.0,134.4285714285714,inside_visible,670.1819999999999,571.335,1
HK25g1U-GF4_2842-3325,192,3,222.5,162.5,156.0,172.0,inside_uncertain,611.166,571.5315714285714,0
HK25g1U-GF4_2842-3325,193,1,789.2608695652174,215.91304347826087,135.43478260869563,154.1304347826087,inside_visible,611.0184444444445,573.7670740740741,1
HK25g1U-GF4_2842-3325,193,2,565.1428571428571,258.85714285714283,105.0,133.8571428571429,inside_visible,672.382,572.085,1
HK25g1U-GF4_2842-3325,193,3,223.75,163.25,156.0,172.0,inside_uncertain,611.662,571.7357142857143,0
HK25g1U-GF4_2842-3325,194,1,791.9130434782609,215.69565217391303,135.52173913043475,153.9565217391305,inside_visible,611.3336666666667,573.6271111111112,1
HK25g1U-GF4_2842-3325,194,2,563.7142857142857,257.2857142857143,105.0,133.28571428571428,inside_visible,672.35075,571.80375,1
HK25g1U-GF4_2842-3325,194,3,225.0,164.0,156.0,172.0,inside_uncertain,612.158,571.9398571428571,0
HK25g1U-GF4_2842-3325,195,1,794.5652173913044,215.4782608695652,135.60869565217388,153.78260869565216,inside_visible,611.6488888888889,573.4871481481482,1
HK25g1U-GF4_2842-3325,195,2,562.2857142857143,255.7142857142857,105.0,132.71428571428572,inside_visible,672.3195,571.5225,1
HK25g1U-GF4_2842-3325,195,3,224.7142857142857,163.42857142857142,156.0,172.00000000000003,inside_uncertain,612.654,572.144,0
HK25g1U-GF4_2842-3325,196,1,797.2173913043479,215.2608695652174,135.695652173913,153.6086956521739,inside_visible,611.9641111111112,573.3471851851853,1
HK25g1U-GF4_2842-3325,196,2,560.8571428571429,254.14285714285717,105.0,132.14285714285714,inside_visible,672.28825,571.24125,1
HK25g1U-GF4_2842-3325,196,3,224.42857142857144,162.85714285714286,156.00000000000003,171.99999999999997,inside_uncertain,613.5661111111111,571.8724444444445,0
HK25g1U-GF4_2842-3325,197,1,799.8695652173913,215.0434782608696,135.78260869565224,153.43478260869563,inside_visible,612.2793333333334,573.2072222222223,1
HK25g1U-GF4_2842-3325,197,2,559.4285714285714,252.57142857142856,105.0,131.57142857142858,inside_visible,672.257,570.96,1
HK25g1U-GF4_2842-3325,197,3,224.14285714285717,162.28571428571428,156.00000000000003,172.0,inside_uncertain,614.4782222222223,571.6008888888889,0
HK25g1U-GF4_2842-3325,198,1,802.5217391304348,214.82608695652172,135.86956521739137,153.26086956521738,inside_visible,612.5945555555555,573.0672592592592,1
HK25g1U-GF4_2842-3325,198,2,558.0,251.0,105.0,131.0,inside_visible,672.22575,570.67875,1
HK25g1U-GF4_2842-3325,198,3,223.8571428571429,161.71428571428572,155.99999999999997,172.0,inside_uncertain,615.3903333333334,571.3293333333334,0
HK25g1U-GF4_2842-3325,199,1,805.1739130434783,214.6086956521739,135.9565217391305,153.08695652173915,inside_visible,612.9097777777778,572.9272962962963,1
HK25g1U-GF4_2842-3325,199,2,557.8333333333334,249.16666666666663,105.0,131.33333333333334,inside_visible,672.1945,570.3975,1
HK25g1U-GF4_2842-3325,199,3,223.57142857142856,161.14285714285714,155.99999999999997,172.00000000000003,inside_uncertain,616.3024444444445,571.0577777777778,0
HK25g1U-GF4_2842-3325,200,1,807.8260869565217,214.3913043478261,136.0434782608695,152.91304347826085,inside_visible,613.225,572.7873333333333,1
HK25g1U-GF4_2842-3325,200,2,557.6666666666666,247.33333333333331,105.0,131.66666666666666,inside_visible,672.16325,570.11625,1
HK25g1U-GF4_2842-3325,200,3,223.28571428571428,160.57142857142858,156.0,171.99999999999997,inside_uncertain,617.2145555555555,570.7862222222222,0
HK25g1U-GF4_2842-3325,201,1,810.4782608695652,214.17391304347825,136.13043478260863,152.73913043478262,inside_visible,613.5402222222223,572.6473703703704,1
HK25g1U-GF4_2842-3325,201,2,557.5,245.5,105.0,132.0,inside_visible,672.132,569.835,1
HK25g1U-GF4_2842-3325,201,3,223.0,160.0,156.0,172.0,inside_uncertain,618.1266666666667,570.5146666666667,0
HK25g1U-GF4_2842-3325,202,1,813.1304347826087,213.95652173913044,136.21739130434776,152.56521739130437,inside_visible,613.8554444444445,572.5074074074074,1
HK25g1U-GF4_2842-3325,202,2,557.3333333333334,243.66666666666663,105.0,132.33333333333334,inside_visible,672.10075,569.55375,1
HK25g1U-GF4_2842-3325,202,3,222.375,159.125,156.0,171.75,inside_uncertain,619.0387777777778,570.2431111111111,0
HK25g1U-GF4_2842-3325,203,1,815.7826086956521,213.7391304347826,136.304347826087,152.3913043478261,inside_visible,614.1706666666666,572.3674444444445,1
HK25g1U-GF4_2842-3325,203,2,557.1666666666666,241.83333333333331,105.0,132.66666666666666,inside_visible,672.0695,569.2725,1
HK25g1U-GF4_2842-3325,203,3,221.75,158.25,156.0,171.5,inside_uncertain,619.9508888888889,569.9715555555556,0
HK25g1U-GF4_2842-3325,204,1,818.4347826086956,213.5217391304348,136.39130434782612,152.21739130434784,inside_visible,614.4858888888889,572.2274814814815,1
HK25g1U-GF4_2842-3325,204,2,557.0,240.0,105.0,133.0,inside_visible,672.03825,568.99125,1
HK25g1U-GF4_2842-3325,204,3,221.125,157.375,156.0,171.25,inside_uncertain,620.863,569.7,0
HK25g1U-GF4_2842-3325,205,1,821.0869565217391,213.30434782608697,136.47826086956525,152.0434782608695,inside_visible,614.8011111111111,572.0875185185186,1
HK25g1U-GF4_2842-3325,205,2,558.0,238.0,105.0,133.66666666666669,inside_visible,672.007,568.71,1
HK25g1U-GF4_2842-3325,205,3,220.5,156.5,156.0,171.0,inside_uncertain,620.4207142857143,569.5978571428572,0
HK25g1U-GF4_2842-3325,206,1,823.7391304347826,213.08695652173915,136.56521739130437,151.8695652173913,inside_visible,615.1163333333334,571.9475555555556,1
HK25g1U-GF4_2842-3325,206,2,559.0,236.0,105.0,134.33333333333331,inside_visible,671.97575,568.42875,1
HK25g1U-GF4_2842-3325,206,3,219.875,155.625,156.0,170.75,inside_uncertain,619.9784285714286,569.4957142857144,0
HK25g1U-GF4_2842-3325,207,1,826.3913043478261,212.8695652173913,136.65217391304338,151.69565217391306,inside_visible,615.4315555555555,571.8075925925926,1
HK25g1U-GF4_2842-3325,207,2,560.0,234.0,105.0,135.0,inside_visible,671.9445,568.1475,1
HK25g1U-GF4_2842-3325,207,3,219.25,154.75,156.0,170.5,inside_uncertain,619.5361428571429,569.3935714285715,0
HK25g1U-GF4_2842-3325,208,1,829.0434782608695,212.65217391304347,136.73913043478262,151.52173913043478,inside_visible,615.7467777777778,571.6676296296297,1
HK25g1U-GF4_2842-3325,208,2,559.3333333333334,233.0,105.0,135.0,inside_visible,671.91325,567.86625,1
HK25g1U-GF4_2842-3325,208,3,218.625,153.875,156.0,170.25,inside_uncertain,619.0938571428572,569.2914285714286,0
HK25g1U-GF4_2842-3325,209,1,831.695652173913,212.43478260869568,136.82608695652175,151.34782608695653,inside_visible,616.062,571.5276666666667,1
HK25g1U-GF4_2842-3325,209,2,558.6666666666666,232.0,105.0,135.0,inside_visible,671.882,567.585,1
HK25g1U-GF4_2842-3325,209,3,218.0,153.0,156.0,170.0,inside_uncertain,618.6515714285715,569.1892857142857,0
HK25g1U-GF4_2842-3325,210,1,834.3478260869565,212.2173913043478,136.91304347826087,151.17391304347825,inside_visible,616.3772222222223,571.3877037037038,1
HK25g1U-GF4_2842-3325,210,2,558.0,231.0,105.0,135.0,inside_visible,672.082,567.6850000000001,1
HK25g1U-GF4_2842-3325,210,3,218.375,152.75,156.0,169.625,inside_uncertain,618.2092857142858,569.0871428571429,0
HK25g1U-GF4_2842-3325,211,1,837.0,212.0,137.0,151.0,inside_visible,616.6924444444445,571.2477407407408,1
HK25g1U-GF4_2842-3325,211,2,557.3333333333334,230.0,105.0,135.0,inside_visible,672.2819999999999,567.7850000000001,1
HK25g1U-GF4_2842-3325,211,3,218.75,152.5,156.0,169.25,inside_uncertain,617.767,568.985,0
HK25g1U-GF4_2842-3325,212,1,837.7777777777778,211.66666666666663,136.66666666666663,151.11111111111111,inside_visible,617.0076666666666,571.1077777777778,1
HK25g1U-GF4_2842-3325,212,2,556.6666666666666,229.0,105.0,135.0,inside_visible,672.482,567.885,1
HK25g1U-GF4_2842-3325,212,3,219.125,152.25,156.0,168.875,inside_uncertain,582.214,519.7723333333333,0
HK25g1U-GF4_2842-3325,213,1,838.5555555555555,211.33333333333331,136.33333333333337,151.2222222222222,inside_visible,617.3228888888889,570.9678148148148,1
HK25g1U-GF4_2842-3325,213,2,556.0,228.0,105.0,135.0,inside_visible,672.6819999999999,567.985,1
HK25g1U-GF4_2842-3325,213,3,219.5,152.0,156.0,168.5,inside_uncertain,546.6610000000001,470.55966666666666,0
HK25g1U-GF4_2842-3325,214,1,839.3333333333334,211.0,136.0,151.33333333333331,inside_visible,617.6381111111111,570.8278518518518,1
HK25g1U-GF4_2842-3325,214,2,555.4,227.0,105.0,135.60000000000002,inside_visible,672.882,568.085,1
HK25g1U-GF4_2842-3325,214,3,219.875,151.75,156.0,168.125,inside_uncertain,511.108,421.347,0
HK25g1U-GF4_2842-3325,215,1,840.1111111111111,210.66666666666663,135.66666666666674,151.44444444444443,inside_visible,617.9533333333334,570.6878888888889,1
HK25g1U-GF4_2842-3325,215,2,554.8,226.0,105.0,136.2,inside_visible,673.082,568.1850000000001,1
HK25g1U-GF4_2842-3325,215,3,220.25,151.5,156.0,167.75,inside_uncertain,512.0,416.579,0
HK25g1U-GF4_2842-3325,216,1,840.8888888888889,210.33333333333331,135.33333333333326,151.55555555555557,inside_visible,618.2685555555555,570.5479259259259,1
HK25g1U-GF4_2842-3325,216,2,554.2,225.0,105.0,136.8,inside_visible,673.2819999999999,568.2850000000001,1
HK25g1U-GF4_2842-3325,216,3,220.625,151.25,156.0,167.375,inside_visible,517.225,419.311,0
HK25g1U-GF4_2842-3325,217,1,841.6666666666666,210.0,135.0,151.66666666666669,inside_visible,618.5837777777778,570.407962962963,1
HK25g1U-GF4_2842-3325,217,2,553.6,224.0,105.0,137.39999999999998,inside_visible,673.482,568.385,1
HK25g1U-GF4_2842-3325,217,3,221.0,151.0,156.0,167.0,inside_visible,517.3944444444445,422.197,0
HK25g1U-GF4_2842-3325,218,1,842.4444444444445,209.66666666666663,134.66666666666663,151.7777777777778,inside_visible,618.899,570.268,1
HK25g1U-GF4_2842-3325,218,2,553.0,223.0,105.0,138.0,inside_visible,673.6819999999999,568.485,1
HK25g1U-GF4_2842-3325,218,3,222.0,151.73684210526315,156.0,166.73684210526315,inside_visible,517.5638888888889,425.083,0
HK25g1U-GF4_2842-3325,219,1,843.2222222222222,209.33333333333331,134.33333333333337,151.88888888888889,inside_visible,619.0894761904761,570.3632380952381,1
HK25g1U-GF4_2842-3325,219,2,553.0,222.25,104.25,137.5,inside_visible,673.882,568.585,1
HK25g1U-GF4_2842-3325,219,3,223.0,152.47368421052633,156.0,166.47368421052633,inside_visible,517.7333333333333,427.969,0
HK25g1U-GF4_2842-3325,220,1,844.0,209.0,134.0,152.0,inside_visible,619.2799523809524,570.4584761904762,1
HK25g1U-GF4_2842-3325,220,2,553.0,221.5,103.5,137.0,inside_visible,674.082,568.6850000000001,1
HK25g1U-GF4_2842-3325,220,3,224.0,153.21052631578948,156.0,166.21052631578948,inside_visible,517.9027777777778,430.855,0
HK25g1U-GF4_2842-3325,221,1,843.4166666666666,209.41666666666663,133.83333333333337,152.08333333333334,inside_visible,619.4704285714286,570.5537142857144,1
HK25g1U-GF4_2842-3325,221,2,553.0,220.75,102.75,136.5,inside_visible,674.2819999999999,568.7850000000001,1
HK25g1U-GF4_2842-3325,221,3,225.0,153.94736842105263,156.0,165.94736842105263,inside_visible,518.0722222222222,433.741,0
HK25g1U-GF4_2842-3325,222,1,842.8333333333334,209.83333333333331,133.66666666666663,152.16666666666666,inside_visible,619.6609047619048,570.6489523809524,1
HK25g1U-GF4_2842-3325,222,2,553.0,220.0,102.0,136.0,inside_visible,674.482,568.885,1
HK25g1U-GF4_2842-3325,222,3,226.0,154.68421052631578,156.0,165.68421052631578,inside_visible,518.2416666666667,436.627,0
HK25g1U-GF4_2842-3325,223,1,842.25,210.25,133.5,152.25,inside_visible,619.851380952381,570.7441904761905,1
HK25g1U-GF4_2842-3325,223,2,553.4,217.8,102.20000000000005,136.59999999999997,inside_visible,674.6819999999999,568.985,1
HK25g1U-GF4_2842-3325,223,3,227.0,155.42105263157896,156.0,165.42105263157896,inside_visible,518.4111111111112,439.513,0
HK25g1U-GF4_2842-3325,224,1,841.6666666666666,210.66666666666663,133.33333333333337,152.33333333333334,inside_visible,620.0418571428571,570.8394285714286,1
HK25g1U-GF4_2842-3325,224,2,553.8,215.6,102.40000000000008,137.20000000000002,inside_visible,674.882,569.085,1
HK25g1U-GF4_2842-3325,224,3,228.0,156.1578947368421,156.0,165.1578947368421,inside_visible,518.5805555555555,442.399,0
HK25g1U-GF4_2842-3325,225,1,841.0833333333334,211.08333333333331,133.16666666666663,152.41666666666666,inside_visible,620.2323333333334,570.9346666666667,1
HK25g1U-GF4_2842-3325,225,2,554.2,213.4,102.59999999999992,137.79999999999998,gaze_shift,650.882,549.0016666666667,1
HK25g1U-GF4_2842-3325,225,3,229.0,156.89473684210526,156.0,164.89473684210526,inside_visible,518.75,445.285,0
HK25g1U-GF4_2842-3325,226,1,840.5,211.5,133.0,152.5,inside_visible,620.4228095238095,571.0299047619048,1
HK25g1U-GF4_2842-3325,226,2,554.6,211.2,102.79999999999995,138.40000000000003,gaze_shift,626.882,528.9183333333333,1
HK25g1U-GF4_2842-3325,226,3,230.0,157.6315789473684,156.0,164.6315789473684,inside_visible,519.307,445.384,0
HK25g1U-GF4_2842-3325,227,1,839.9166666666666,211.91666666666663,132.83333333333337,152.58333333333334,inside_visible,620.6132857142857,571.1251428571429,1
HK25g1U-GF4_2842-3325,227,2,555.0,209.0,103.0,139.0,gaze_shift,602.882,508.835,1
HK25g1U-GF4_2842-3325,227,3,231.0,158.3684210526316,156.0,164.3684210526316,inside_visible,519.864,445.483,0
HK25g1U-GF4_2842-3325,228,1,839.3333333333334,212.33333333333331,132.66666666666663,152.66666666666666,inside_visible,620.8037619047619,571.220380952381,1
HK25g1U-GF4_2842-3325,228,2,555.2,208.0,103.39999999999998,138.8,gaze_shift,578.882,488.75166666666667,1
HK25g1U-GF4_2842-3325,228,3,232.0,159.10526315789474,156.0,164.10526315789474,inside_visible,520.421,445.582,0
HK25g1U-GF4_2842-3325,229,1,838.75,212.75,132.5,152.75,inside_visible,620.9942380952381,571.3156190476191,1
HK25g1U-GF4_2842-3325,229,2,555.4,207.0,103.80000000000008,138.60000000000002,gaze_shift,554.882,468.6683333333333,1
HK25g1U-GF4_2842-3325,229,3,233.0,159.8421052631579,156.0,163.8421052631579,inside_visible,520.9780000000001,445.681,0
HK25g1U-GF4_2842-3325,230,1,838.1666666666666,213.16666666666663,132.33333333333337,152.83333333333334,inside_visible,621.1847142857143,571.4108571428571,1
HK25g1U-GF4_2842-3325,230,2,555.6,206.0,104.19999999999992,138.39999999999998,inside_visible,530.882,448.585,1
HK25g1U-GF4_2842-3325,230,3,234.0,160.57894736842104,156.0,163.57894736842104,inside_visible,521.535,445.78,0
HK25g1U-GF4_2842-3325,231,1,837.5833333333334,213.58333333333331,132.16666666666663,152.91666666666666,inside_visible,621.3751904761905,571.5060952380952,1
HK25g1U-GF4_2842-3325,231,2,555.8,205.0,104.60000000000002,138.2,inside_visible,534.507,446.96,1
HK25g1U-GF4_2842-3325,231,3,235.0,161.31578947368422,156.0,163.31578947368422,inside_visible,522.092,445.879,0
HK25g1U-GF4_2842-3325,232,1,837.0,214.0,132.0,153.0,inside_visible,621.5656666666666,571.6013333333334,1
HK25g1U-GF4_2842-3325,232,2,556.0,204.0,105.0,138.0,inside_visible,538.132,445.335,1
HK25g1U-GF4_2842-3325,232,3,236.0,162.05263157894737,156.0,163.05263157894737,inside_visible,522.649,445.978,0
HK25g1U-GF4_2842-3325,233,1,834.8333333333334,215.16666666666663,132.0,154.00000000000003,inside_visible,621.7561428571429,571.6965714285715,1
HK25g1U-GF4_2842-3325,233,2,555.8333333333334,202.66666666666663,104.33333333333326,138.33333333333334,inside_visible,541.757,443.71,1
HK25g1U-GF4_2842-3325,233,3,237.0,162.78947368421052,156.0,162.78947368421052,inside_visible,523.206,446.077,0
HK25g1U-GF4_2842-3325,234,1,832.6666666666666,216.33333333333331,132.0,154.99999999999997,inside_visible,621.946619047619,571.7918095238095,1
HK25g1U-GF4_2842-3325,234,2,555.6666666666666,201.33333333333331,103.66666666666674,138.66666666666666,inside_visible,545.382,442.085,1
HK25g1U-GF4_2842-3325,234,3,238.0,163.5263157894737,156.0,162.52631578947364,inside_visible,523.5686666666667,446.79266666666666,0
HK25g1U-GF4_2842-3325,235,1,830.5,217.5,132.0,156.0,inside_visible,622.1370952380952,571.8870476190476,1
HK25g1U-GF4_2842-3325,235,2,555.5,200.0,103.0,139.0,inside_visible,547.2654,442.035,1
HK25g1U-GF4_2842-3325,235,3,239.0,164.26315789473685,156.0,162.26315789473685,inside_visible,523.9313333333333,447.5083333333333,0
HK25g1U-GF4_2842-3325,236,1,828.3333333333334,218.66666666666663,132.0,157.00000000000003,inside_visible,622.3275714285714,571.9822857142857,1
HK25g1U-GF4_2842-3325,236,2,555.3333333333334,198.66666666666663,102.33333333333326,139.33333333333334,inside_visible,549.1487999999999,441.985,1
HK25g1U-GF4_2842-3325,236,3,240.0,165.0,156.0,162.0,inside_visible,524.294,448.224,0
HK25g1U-GF4_2842-3325,237,1,826.1666666666666,219.83333333333331,132.0,157.99999999999997,inside_visible,622.5180476190476,572.0775238095239,1
HK25g1U-GF4_2842-3325,237,2,555.1666666666666,197.33333333333331,101.66666666666674,139.66666666666666,inside_visible,551.0322,441.935,1
HK25g1U-GF4_2842-3325,237,3,240.0,165.0909090909091,156.0,161.81818181818184,inside_visible,525.7674999999999,442.273,0
HK25g1U-GF4_2842-3325,238,1,824.0,221.0,132.0,159.0,inside_visible,622.7085238095239,572.172761904762,1
HK25g1U-GF4_2842-3325,238,2,555.0,196.0,101.0,140.0,inside_visible,552.9155999999999,441.885,1
HK25g1U-GF4_2842-3325,238,3,240.0,165.1818181818182,156.0,161.63636363636363,inside_visible,527.241,436.322,0
HK25g1U-GF4_2842-3325,239,1,822.8571428571429,221.28571428571428,132.0,158.0,inside_visible,622.899,572.268,1
HK25g1U-GF4_2842-3325,239,2,555.7142857142857,195.57142857142856,101.28571428571432,139.85714285714286,inside_visible,554.799,441.835,1
HK25g1U-GF4_2842-3325,239,3,240.0,165.27272727272728,156.0,161.45454545454547,inside_visible,524.5038,436.9488,0
HK25g1U-GF4_2842-3325,240,1,821.7142857142857,221.57142857142856,132.0,156.99999999999997,inside_visible,618.495,574.145,1
HK25g1U-GF4_2842-3325,240,2,556.4285714285714,195.14285714285717,101.57142857142856,139.7142857142857,inside_visible,527.882,491.585,1
HK25g1U-GF4_2842-3325,240,3,240.0,165.36363636363637,156.0,161.27272727272725,inside_visible,521.7665999999999,437.5756,0
HK25g1U-GF4_2842-3325,241,1,820.5714285714286,221.8571428571429,132.0,155.99999999999997,inside_visible,599.624,456.088,1
HK25g1U-GF4_2842-3325,241,2,557.1428571428571,194.7142857142857,101.85714285714288,139.57142857142856,inside_visible,528.4185681818182,491.7735454545455,1
HK25g1U-GF4_2842-3325,241,3,240.0,165.45454545454547,156.0,161.0909090909091,inside_visible,519.0294,438.2024,0
HK25g1U-GF4_2842-3325,242,1,819.4285714285714,222.14285714285717,132.0,155.00000000000003,inside_visible,599.2717777777777,455.809,1
HK25g1U-GF4_2842-3325,242,2,557.8571428571429,194.28571428571428,102.14285714285712,139.42857142857144,inside_visible,528.9551363636363,491.9620909090909,1
HK25g1U-GF4_2842-3325,242,3,240.0,165.54545454545453,156.0,160.9090909090909,inside_visible,516.2922,438.8292,0
HK25g1U-GF4_2842-3325,243,1,818.2857142857143,222.42857142857144,132.0,154.00000000000003,inside_visible,598.9195555555556,455.53,1
HK25g1U-GF4_2842-3325,243,2,558.5714285714286,193.8571428571429,102.42857142857144,139.2857142857143,inside_visible,529.4917045454545,492.1506363636364,1
HK25g1U-GF4_2842-3325,243,3,240.0,165.63636363636363,156.0,160.72727272727275,inside_visible,513.555,439.456,0
HK25g1U-GF4_2842-3325,244,1,817.1428571428571,222.7142857142857,132.0,153.0,inside_visible,598.5673333333333,455.251,1
HK25g1U-GF4_2842-3325,244,2,559.2857142857143,193.42857142857144,102.71428571428568,139.14285714285714,inside_visible,530.0282727272727,492.33918181818177,1
HK25g1U-GF4_2842-3325,244,3,240.0,165.72727272727272,156.0,160.54545454545453,inside_visible,515.3342,439.416,0
HK25g1U-GF4_2842-3325,245,1,816.0,223.0,132.0,152.0,inside_visible,598.2151111111111,454.972,1
HK25g1U-GF4_2842-3325,245,2,560.0,193.0,103.0,139.0,inside_visible,530.5648409090909,492.5277272727273,1
HK25g1U-GF4_2842-3325,245,3,240.0,165.8181818181818,156.0,160.36363636363637,inside_visible,517.1134,439.376,0
HK25g1U-GF4_2842-3325,246,1,816.0,222.92307692307693,132.0,151.92307692307693,inside_visible,597.8628888888888,454.693,1
HK25g1U-GF4_2842-3325,246,2,561.125,192.625,103.125,139.0,inside_visible,531.101409090909,492.7162727272727,1
HK25g1U-GF4_2842-3325,246,3,240.0,165.9090909090909,156.0,160.18181818181816,inside_visible,518.8926,439.336,0
HK25g1U-GF4_2842-3325,247,1,816.0,222.84615384615384,132.0,151.84615384615384,inside_visible,597.5106666666667,454.414,1
HK25g1U-GF4_2842-3325,247,2,562.25,192.25,103.25,139.0,inside_visible,531.6379772727272,492.9048181818181,1
HK25g1U-GF4_2842-3325,247,3,240.0,166.0,156.0,160.0,inside_visible,520.6718,439.296,0
HK25g1U-GF4_2842-3325,248,1,816.0,222.7692307692308,132.0,151.76923076923077,inside_visible,597.1584444444444,454.135,1
HK25g1U-GF4_2842-3325,248,2,563.375,191.875,103.375,139.0,inside_visible,532.1745454545454,493.0933636363636,1
HK25g1U-GF4_2842-3325,248,3,240.21052631578948,165.68421052631578,156.0,160.10526315789474,inside_visible,522.451,439.256,0
HK25g1U-GF4_2842-3325,249,1,816.0,222.69230769230768,132.0,151.69230769230768,inside_visible,596.8062222222222,453.856,1
HK25g1U-GF4_2842-3325,249,2,564.5,191.5,103.5,139.0,inside_visible,532.7111136363636,493.2819090909091,1
HK25g1U-GF4_2842-3325,249,3,240.42105263157896,165.3684210526316,156.0,160.21052631578945,inside_visible,523.697,438.4162,0
HK25g1U-GF4_2842-3325,250,1,816.0,222.6153846153846,132.0,151.6153846153846,inside_visible,596.454,453.577,1
HK25g1U-GF4_2842-3325,250,2,565.625,191.125,103.625,139.0,inside_visible,533.2476818181817,493.4704545454545,1
HK25g1U-GF4_2842-3325,250,3,240.6315789473684,165.05263157894737,156.00000000000003,160.3157894736842,inside_visible,524.943,437.5764,0
HK25g1U-GF4_2842-3325,251,1,816.0,222.53846153846155,132.0,151.53846153846155,inside_visible,596.353,453.8171818181818,1
HK25g1U-GF4_2842-3325,251,2,566.75,190.75,103.75,139.0,inside_visible,533.7842499999999,493.659,1
HK25g1U-GF4_2842-3325,251,3,240.8421052631579,164.73684210526315,156.00000000000003,160.42105263157893,inside_visible,526.1890000000001,436.7366,0
HK25g1U-GF4_2842-3325,252,1,816.0,222.46153846153845,132.0,151.46153846153845,inside_visible,596.252,454.0573636363636,1
HK25g1U-GF4_2842-3325,252,2,567.875,190.375,103.875,139.0,inside_visible,534.3208181818181,493.8475454545454,1
HK25g1U-GF4_2842-3325,252,3,241.05263157894737,164.42105263157896,155.99999999999997,160.5263157894737,inside_visible,527.4350000000001,435.8968,0
HK25g1U-GF4_2842-3325,253,1,816.0,222.3846153846154,132.0,151.3846153846154,inside_visible,596.151,454.2975454545455,1
HK25g1U-GF4_2842-3325,253,2,569.0,190.0,104.0,139.0,inside_visible,534.8573863636364,494.0360909090909,1
HK25g1U-GF4_2842-3325,253,3,241.26315789473685,164.10526315789474,155.99999999999997,160.63157894736844,inside_visible,528.681,435.057,0
HK25g1U-GF4_2842-3325,254,1,816.0,222.30769230769232,132.0,151.30769230769232,inside_visible,596.05,454.5377272727273,1
HK25g1U-GF4_2842-3325,254,2,568.6666666666666,189.66666666666663,104.0,139.44444444444443,inside_visible,535.3939545454546,494.2246363636364,1
HK25g1U-GF4_2842-3325,254,3,241.47368421052636,163.78947368421052,155.99999999999997,160.73684210526318,inside_visible,528.4664347826088,434.9042173913044,0
HK25g1U-GF4_2842-3325,255,1,816.0,222.23076923076923,132.0,151.23076923076923,inside_visible,595.949,454.7779090909091,1
HK25g1U-GF4_2842-3325,255,2,568.3333333333334,189.33333333333331,104.0,139.88888888888889,inside_visible,535.9305227272727,494.4131818181818,1
HK25g1U-GF4_2842-3325,255,3,241.68421052631575,163.47368421052633,156.0,160.8421052631579,inside_visible,528.2518695652175,434.7514347826087,0
HK25g1U-GF4_2842-3325,256,1,816.0,222.15384615384616,132.0,151.15384615384616,inside_visible,595.848,455.0180909090909,1
HK25g1U-GF4_2842-3325,256,2,568.0,189.0,104.0,140.33333333333331,inside_visible,536.4670909090909,494.60172727272726,1
HK25g1U-GF4_2842-3325,256,3,241.8947368421053,163.1578947368421,156.0,160.94736842105263,inside_visible,528.0373043478261,434.5986521739131,0
HK25g1U-GF4_2842-3325,257,1,816.0,222.07692307692307,132.0,151.07692307692307,inside_visible,595.747,455.2582727272727,1
HK25g1U-GF4_2842-3325,257,2,567.6666666666666,188.66666666666663,104.0,140.7777777777778,inside_visible,537.0036590909091,494.7902727272727,1
HK25g1U-GF4_2842-3325,257,3,242.10526315789477,162.8421052631579,156.0,161.05263157894737,inside_visible,527.8227391304348,434.4458695652174,0
HK25g1U-GF4_2842-3325,258,1,816.0,222.0,132.0,151.0,inside_visible,595.646,455.49845454545454,1
HK25g1U-GF4_2842-3325,258,2,567.3333333333334,188.33333333333331,104.0,141.2222222222222,inside_visible,537.5402272727272,494.97881818181816,1
HK25g1U-GF4_2842-3325,258,3,242.31578947368425,162.52631578947367,156.0,161.1578947368421,inside_visible,527.6081739130435,434.2930869565217,0
HK25g1U-GF4_2842-3325,259,1,815.9411764705883,221.8235294117647,132.17647058823525,150.8235294117647,inside_visible,595.545,455.7386363636364,1
HK25g1U-GF4_2842-3325,259,2,567.0,188.0,104.0,141.66666666666669,inside_visible,538.0767954545454,495.1673636363636,1
HK25g1U-GF4_2842-3325,259,3,242.52631578947367,162.21052631578948,156.00000000000003,161.26315789473682,inside_visible,527.3936086956522,434.1403043478261,0
HK25g1U-GF4_2842-3325,260,1,815.8823529411765,221.64705882352945,132.3529411764706,150.64705882352942,inside_visible,595.444,455.97881818181816,1
HK25g1U-GF4_2842-3325,260,2,566.6666666666666,187.66666666666663,104.0,142.11111111111111,inside_visible,538.6133636363636,495.35590909090905,1
HK25g1U-GF4_2842-3325,260,3,242.73684210526315,161.89473684210526,156.00000000000003,161.36842105263156,inside_visible,527.1790434782608,433.9875217391304,0
HK25g1U-GF4_2842-3325,261,1,815.8235294117648,221.4705882352941,132.52941176470586,150.47058823529412,inside_visible,595.343,456.219,1
HK25g1U-GF4_2842-3325,261,2,566.3333333333334,187.33333333333331,104.0,142.55555555555557,inside_visible,539.1499318181818,495.5444545454545,1
HK25g1U-GF4_2842-3325,261,3,242.94736842105263,161.57894736842104,156.00000000000003,161.4736842105263,inside_visible,526.9644782608696,433.8347391304348,0
HK25g1U-GF4_2842-3325,262,1,815.7647058823529,221.2941176470588,132.70588235294122,150.2941176470588,inside_visible,596.0541999999999,457.1622,1
HK25g1U-GF4_2842-3325,262,2,566.0,187.0,104.0,143.0,inside_visible,539.6865,495.733,1
HK25g1U-GF4_2842-3325,262,3,243.1578947368421,161.26315789473685,155.99999999999997,161.57894736842107,inside_visible,526.7499130434783,433.6819565217392,0
HK25g1U-GF4_2842-3325,263,1,815.7058823529412,221.11764705882356,132.88235294117646,150.11764705882354,inside_visible,596.7654,458.1054,1
HK25g1U-GF4_2842-3325,263,2,565.0,187.0,104.0,142.66666666666669,inside_visible,540.2230681818181,495.9215454545454,1
HK25g1U-GF4_2842-3325,263,3,243.3684210526316,160.94736842105263,155.99999999999997,161.6842105263158,inside_visible,526.535347826087,433.5291739130435,0
HK25g1U-GF4_2842-3325,264,1,815.6470588235294,220.94117647058823,133.05882352941182,149.94117647058823,inside_visible,597.4766,459.0486,1
HK25g1U-GF4_2842-3325,264,2,564.0,187.0,104.0,142.33333333333331,inside_visible,540.7596363636363,496.1100909090909,1
HK25g1U-GF4_2842-3325,264,3,243.57894736842104,160.6315789473684,156.0,161.78947368421055,inside_visible,526.3207826086957,433.3763913043479,0
HK25g1U-GF4_2842-3325,265,1,815.5882352941177,220.76470588235293,133.23529411764707,149.76470588235293,inside_visible,598.1878,459.9918,1
HK25g1U-GF4_2842-3325,265,2,563.0,187.0,104.0,142.0,inside_visible,541.2962045454545,496.2986363636363,1
HK25g1U-GF4_2842-3325,265,3,243.7894736842105,160.31578947368422,156.0,161.89473684210526,inside_visible,526.1062173913043,433.22360869565216,0
HK25g1U-GF4_2842-3325,266,1,815.5294117647059,220.58823529411765,133.41176470588243,149.58823529411765,inside_visible,598.899,460.935,1
HK25g1U-GF4_2842-3325,266,2,562.0,187.0,104.0,141.66666666666669,inside_visible,541.8327727272726,496.4871818181818,1
HK25g1U-GF4_2842-3325,266,3,244.0,160.0,156.0,162.0,inside_visible,525.891652173913,433.0708260869565,0
HK25g1U-GF4_2842-3325,267,1,815.4705882352941,220.41176470588235,133.58823529411757,149.41176470588235,inside_visible,598.645923076923,460.8102307692308,1
HK25g1U-GF4_2842-3325,267,2,561.0,187.0,104.0,141.33333333333331,inside_visible,542.3693409090909,496.6757272727273,1
HK25g1U-GF4_2842-3325,267,3,243.7058823529412,159.8235294117647,155.99999999999997,162.29411764705884,inside_visible,525.6770869565217,432.91804347826087,0
HK25g1U-GF4_2842-3325,268,1,815.4117647058823,220.23529411764707,133.76470588235293,149.23529411764707,inside_visible,598.3928461538461,460.6854615384616,1
HK25g1U-GF4_2842-3325,268,2,560.0,187.0,104.0,141.0,inside_visible,542.9059090909091,496.8642727272727,1
HK25g1U-GF4_2842-3325,268,3,243.41176470588235,159.64705882352942,156.00000000000003,162.58823529411765,inside_visible,525.4625217391305,432.7652608695652,0
HK25g1U-GF4_2842-3325,269,1,815.3529411764706,220.05882352941177,133.94117647058818,149.05882352941177,inside_visible,598.1397692307693,460.5606923076923,1
HK25g1U-GF4_2842-3325,269,2,559.0,186.5,104.0,140.83333333333331,inside_visible,543.4424772727273,497.05281818181817,1
HK25g1U-GF4_2842-3325,269,3,243.11764705882356,159.47058823529412,156.0,162.8823529411765,inside_visible,525.2479565217392,432.6124782608696,0
HK25g1U-GF4_2842-3325,270,1,815.2941176470588,219.8823529411765,134.11764705882354,148.88235294117646,inside_visible,597.8866923076923,460.4359230769231,1
HK25g1U-GF4_2842-3325,270,2,558.0,186.0,104.0,140.66666666666669,inside_visible,543.9790454545455,497.2413636363636,1
HK25g1U-GF4_2842-3325,270,3,242.8235294117647,159.2941176470588,156.0,163.17647058823533,inside_visible,525.0333913043478,432.45969565217393,0
HK25g1U-GF4_2842-3325,271,1,815.2352941176471,219.7058823529412,134.29411764705878,148.7058823529412,inside_visible,597.6336153846154,460.3111538461538,1
HK25g1U-GF4_2842-3325,271,2,557.0,185.5,104.0,140.5,inside_visible,544.5156136363636,497.42990909090906,1
HK25g1U-GF4_2842-3325,271,3,242.52941176470588,159.11764705882354,155.99999999999997,163.4705882352941,inside_visible,524.8188260869565,432.3069130434783,0
HK25g1U-GF4_2842-3325,272,1,815.1764705882352,219.52941176470588,134.47058823529414,148.52941176470588,inside_visible,597.3805384615384,460.1863846153846,1
HK25g1U-GF4_2842-3325,272,2,556.0,185.0,104.0,140.33333333333331,inside_visible,545.0521818181818,497.61845454545454,1
HK25g1U-GF4_2842-3325,272,3,242.23529411764707,158.94117647058823,156.0,163.76470588235293,inside_visible,524.6042608695652,432.1541304347826,0
HK25g1U-GF4_2842-3325,273,1,815.1176470588235,219.35294117647055,134.6470588235294,148.35294117647058,inside_visible,597.1274615384616,460.0616153846154,1
HK25g1U-GF4_2842-3325,273,2,555.0,184.5,104.0,140.16666666666669,inside_visible,545.58875,497.807,1
HK25g1U-GF4_2842-3325,273,3,241.94117647058823,158.76470588235293,156.0,164.05882352941177,inside_visible,524.3896956521739,432.0013478260869,0
HK25g1U-GF4_2842-3325,274,1,815.0588235294117,219.1764705882353,134.82352941176475,148.1764705882353,inside_visible,596.8743846153847,459.93684615384615,1
HK25g1U-GF4_2842-3325,274,2,554.0,184.0,104.0,140.0,inside_visible,546.1253181818181,497.99554545454544,1
HK25g1U-GF4_2842-3325,274,3,241.64705882352945,158.58823529411765,155.99999999999997,164.35294117647058,inside_visible,524.1751304347825,431.8485652173913,0
HK25g1U-GF4_2842-3325,275,1,815.0,219.0,135.0,148.0,inside_visible,596.6213076923077,459.8120769230769,1
HK25g1U-GF4_2842-3325,275,2,553.8571428571429,183.78571428571428,104.07142857142856,139.92857142857144,inside_visible,546.6618863636363,498.18409090909086,1
HK25g1U-GF4_2842-3325,275,3,241.35294117647055,158.41176470588235,156.00000000000003,164.64705882352942,inside_visible,523.9605652173913,431.6957826086957,0
HK25g1U-GF4_2842-3325,276,1,814.8181818181819,219.0909090909091,135.0454545454545,148.04545454545453,inside_visible,596.3682307692308,459.6873076923077,1
HK25g1U-GF4_2842-3325,276,2,553.7142857142857,183.57142857142856,104.14285714285722,139.85714285714286,inside_visible,547.1984545454545,498.37263636363633,1
HK25g1U-GF4_2842-3325,276,3,241.05882352941177,158.23529411764707,156.0,164.94117647058823,inside_visible,523.746,431.543,0
HK25g1U-GF4_2842-3325,277,1,814.6363636363636,219.1818181818182,135.09090909090912,148.0909090909091,inside_visible,596.1151538461539,459.56253846153845,1
HK25g1U-GF4_2842-3325,277,2,553.5714285714286,183.3571428571429,104.21428571428578,139.7857142857143,inside_visible,547.7350227272727,498.5611818181818,1
HK25g1U-GF4_2842-3325,277,3,240.76470588235293,158.05882352941177,156.0,165.23529411764707,inside_visible,524.4614166666667,431.22116666666665,0
HK25g1U-GF4_2842-3325,278,1,814.4545454545455,219.27272727272728,135.13636363636363,148.13636363636363,inside_visible,595.862076923077,459.4377692307692,1
HK25g1U-GF4_2842-3325,278,2,553.4285714285714,183.14285714285717,104.28571428571422,139.7142857142857,inside_visible,548.271590909091,498.7497272727272,1
HK25g1U-GF4_2842-3325,278,3,240.4705882352941,157.88235294117646,156.00000000000003,165.5294117647059,inside_visible,525.1768333333333,430.89933333333335,0
HK25g1U-GF4_2842-3325,279,1,814.2727272727273,219.3636363636364,135.18181818181824,148.1818181818182,inside_visible,595.609,459.313,1
HK25g1U-GF4_2842-3325,279,2,553.2857142857143,182.92857142857144,104.35714285714278,139.64285714285714,inside_visible,548.808159090909,498.9382727272727,1
HK25g1U-GF4_2842-3325,279,3,240.1764705882353,157.7058823529412,156.0,165.82352941176467,inside_visible,525.89225,430.5775,0
HK25g1U-GF4_2842-3325,280,1,814.0909090909091,219.45454545454547,135.22727272727275,148.22727272727272,inside_visible,594.8727272727273,459.4364545454545,1
HK25g1U-GF4_2842-3325,280,2,553.1428571428571,182.7142857142857,104.42857142857144,139.57142857142856,inside_visible,549.3447272727273,499.1268181818182,1
HK25g1U-GF4_2842-3325,280,3,239.8823529411765,157.52941176470588,156.0,166.1176470588235,inside_visible,526.6076666666667,430.2556666666667,0
HK25g1U-GF4_2842-3325,281,1,813.9090909090909,219.54545454545453,135.27272727272725,148.27272727272728,inside_visible,594.1364545454546,459.55990909090906,1
HK25g1U-GF4_2842-3325,281,2,553.0,182.5,104.5,139.5,inside_visible,549.8812954545455,499.3153636363636,1
HK25g1U-GF4_2842-3325,281,3,239.58823529411765,157.35294117647058,155.99999999999997,166.41176470588235,inside_visible,527.3230833333333,429.9338333333333,0
HK25g1U-GF4_2842-3325,282,1,813.7272727272727,219.63636363636363,135.31818181818176,148.3181818181818,inside_visible,593.4001818181819,459.6833636363637,1
HK25g1U-GF4_2842-3325,282,2,552.8571428571429,182.28571428571428,104.57142857142856,139.42857142857144,inside_visible,550.4178636363636,499.5039090909091,1
HK25g1U-GF4_2842-3325,282,3,239.2941176470588,157.1764705882353,156.00000000000003,166.70588235294116,inside_visible,528.0385,429.612,0
HK25g1U-GF4_2842-3325,283,1,813.5454545454545,219.72727272727272,135.36363636363637,148.36363636363637,inside_visible,592.6639090909091,459.8068181818182,1
HK25g1U-GF4_2842-3325,283,2,552.7142857142857,182.07142857142856,104.64285714285722,139.35714285714286,inside_visible,550.9544318181818,499.6924545454545,1
HK25g1U-GF4_2842-3325,283,3,239.0,157.0,156.0,167.0,inside_visible,528.7539166666667,429.29016666666666,0
HK25g1U-GF4_2842-3325,284,1,813.3636363636364,219.8181818181818,135.40909090909088,148.4090909090909,inside_visible,591.9276363636363,459.9302727272727,1
HK25g1U-GF4_2842-3325,284,2,552.5714285714286,181.8571428571429,104.71428571428578,139.2857142857143,inside_visible,551.491,499.881,1
HK25g1U-GF4_2842-3325,284,3,239.05555555555557,156.83333333333334,156.0,166.99999999999997,inside_visible,529.4693333333333,428.9683333333333,0
HK25g1U-GF4_2842-3325,285,1,813.1818181818181,219.9090909090909,135.4545454545455,148.45454545454547,inside_visible,591.1913636363637,460.05372727272726,1
HK25g1U-GF4_2842-3325,285,2,552.4285714285714,181.64285714285717,104.78571428571422,139.2142857142857,gaze_shift,521.346,492.91,1
HK25g1U-GF4_2842-3325,285,3,239.11111111111111,156.66666666666666,155.99999999999997,167.00000000000003,inside_visible,530.18475,428.6465,0
HK25g1U-GF4_2842-3325,286,1,813.0,220.0,135.5,148.5,inside_visible,590.4550909090909,460.1771818181818,1
HK25g1U-GF4_2842-3325,286,2,552.2857142857143,181.42857142857144,104.85714285714278,139.14285714285714,gaze_shift,527.8183333333334,494.9213333333333,1
HK25g1U-GF4_2842-3325,286,3,239.16666666666663,156.5,156.00000000000003,167.0,inside_visible,530.9001666666667,428.3246666666666,0
HK25g1U-GF4_2842-3325,287,1,812.8181818181819,220.0909090909091,135.5454545454545,148.54545454545453,inside_visible,589.7188181818182,460.30063636363633,1
HK25g1U-GF4_2842-3325,287,2,552.1428571428571,181.2142857142857,104.92857142857144,139.07142857142856,gaze_shift,534.2906666666667,496.9326666666667,1
HK25g1U-GF4_2842-3325,287,3,239.22222222222223,156.33333333333334,156.0,166.99999999999997,inside_visible,531.6155833333333,428.0028333333333,0
HK25g1U-GF4_2842-3325,288,1,812.6363636363636,220.1818181818182,135.59090909090912,148.5909090909091,inside_visible,588.9825454545454,460.4240909090909,1
HK25g1U-GF4_2842-3325,288,2,552.0,181.0,105.0,139.0,gaze_shift,540.763,498.944,1
HK25g1U-GF4_2842-3325,288,3,239.27777777777777,156.16666666666666,156.0,167.00000000000003,inside_visible,532.331,427.681,0
HK25g1U-GF4_2842-3325,289,1,812.4545454545455,220.27272727272728,135.63636363636363,148.63636363636363,inside_visible,588.2462727272728,460.5475454545455,1
HK25g1U-GF4_2842-3325,289,2,551.625,181.0,105.0,138.0,gaze_shift,371.902,264.955,1
HK25g1U-GF4_2842-3325,289,3,239.33333333333331,156.0,155.99999999999997,167.0,inside_visible,574.607,258.099,0
HK25g1U-GF4_2842-3325,290,1,812.2727272727273,220.3636363636364,135.68181818181824,148.6818181818182,inside_visible,587.51,460.671,1
HK25g1U-GF4_2842-3325,290,2,551.25,181.0,105.0,137.0,gaze_shift,370.9993333333333,265.7163333333333,1
HK25g1U-GF4_2842-3325,290,3,239.38888888888889,155.83333333333334,156.00000000000003,166.99999999999997,inside_visible,573.8548125,257.63825,0
HK25g1U-GF4_2842-3325,291,1,812.0909090909091,220.45454545454547,135.72727272727275,148.72727272727272,inside_visible,587.0995,460.37775,1
HK25g1U-GF4_2842-3325,291,2,550.875,181.0,105.0,136.0,gaze_shift,370.0966666666667,266.47766666666666,1
HK25g1U-GF4_2842-3325,291,3,239.44444444444449,155.66666666666666,156.0,167.00000000000003,inside_visible,573.102625,257.1775,0
HK25g1U-GF4_2842-3325,292,1,811.9090909090909,220.54545454545453,135.77272727272725,148.77272727272728,inside_visible,586.689,460.0845,1
HK25g1U-GF4_2842-3325,292,2,550.5,181.0,105.0,135.0,gaze_shift,369.194,267.239,1
HK25g1U-GF4_2842-3325,292,3,239.5,155.5,156.0,167.0,inside_visible,572.3504375,256.71675,0
HK25g1U-GF4_2842-3325,293,1,811.7272727272727,220.63636363636363,135.81818181818176,148.8181818181818,inside_visible,586.2785,459.79125,1
HK25g1U-GF4_2842-3325,293,2,550.125,181.0,105.0,134.0,inside_visible,368.03,269.857,1
HK25g1U-GF4_2842-3325,293,3,239.55555555555557,155.33333333333334,156.0,166.99999999999997,inside_visible,571.59825,256.256,0
HK25g1U-GF4_2842-3325,294,1,811.5454545454545,220.72727272727272,135.86363636363637,148.86363636363637,inside_visible,585.8679999999999,459.498,1
HK25g1U-GF4_2842-3325,294,2,549.75,181.0,105.0,133.0,inside_visible,368.5132727272727,270.0436363636364,1
HK25g1U-GF4_2842-3325,294,3,239.61111111111111,155.16666666666666,155.99999999999997,167.00000000000003,inside_visible,570.8460625,255.79525,0
HK25g1U-GF4_2842-3325,295,1,811.3636363636364,220.8181818181818,135.90909090909088,148.9090909090909,inside_visible,585.4575,459.20475,1
HK25g1U-GF4_2842-3325,295,2,549.375,181.0,105.0,132.0,inside_visible,368.9965454545454,270.23027272727273,1
HK25g1U-GF4_2842-3325,295,3,239.66666666666663,155.0,156.00000000000003,167.0,inside_visible,570.093875,255.3345,0
HK25g1U-GF4_2842-3325,296,1,811.1818181818181,220.9090909090909,135.9545454545455,148.95454545454547,inside_visible,585.047,458.9115,1
HK25g1U-GF4_2842-3325,296,2,549.0,181.0,105.0,131.0,inside_visible,369.4798181818182,270.41690909090914,1
HK25g1U-GF4_2842-3325,296,3,239.72222222222223,154.83333333333334,156.0,166.99999999999997,inside_visible,569.3416875,254.87375,0
HK25g1U-GF4_2842-3325,297,1,811.0,221.0,136.0,149.0,inside_visible,584.6365,458.61825,1
HK25g1U-GF4_2842-3325,297,2,548.4444444444445,180.88888888888889,105.0,130.11111111111111,inside_visible,369.9630909090909,270.6035454545455,1
HK25g1U-GF4_2842-3325,297,3,239.77777777777777,154.66666666666666,156.0,167.00000000000003,inside_visible,568.5895,254.413,0
HK25g1U-GF4_2842-3325,298,1,811.0,220.7692307692308,136.0,149.23076923076923,inside_visible,584.226,458.325,1
HK25g1U-GF4_2842-3325,298,2,547.8888888888889,180.77777777777777,105.0,129.22222222222223,inside_visible,370.4463636363636,270.79018181818185,1
HK25g1U-GF4_2842-3325,298,3,239.83333333333331,154.5,155.99999999999997,167.0,inside_visible,567.8373124999999,253.95225,0
HK25g1U-GF4_2842-3325,299,1,811.0,220.53846153846155,136.0,149.46153846153845,inside_visible,583.98225,458.865125,1
HK25g1U-GF4_2842-3325,299,2,547.3333333333334,180.66666666666663,105.0,128.33333333333334,inside_visible,370.9296363636364,270.9768181818182,1
HK25g1U-GF4_2842-3325,299,3,239.88888888888889,154.33333333333334,156.00000000000003,166.99999999999997,inside_visible,567.085125,253.4915,0
HK25g1U-GF4_2842-3325,300,1,811.0,220.30769230769232,136.0,149.69230769230768,inside_visible,583.7384999999999,459.40525,1
HK25g1U-GF4_2842-3325,300,2,546.7777777777778,180.55555555555557,105.0,127.44444444444446,inside_visible,371.41290909090907,271.16345454545456,1
HK25g1U-GF4_2842-3325,300,3,239.94444444444449,154.16666666666666,156.0,167.00000000000003,inside_visible,566.3329375,253.03075,0
HK25g1U-GF4_2842-3325,301,1,811.0,220.07692307692307,136.0,149.92307692307693,inside_visible,583.49475,459.945375,1
HK25g1U-GF4_2842-3325,301,2,546.2222222222222,180.44444444444449,105.0,126.55555555555554,inside_visible,371.8961818181818,271.3500909090909,1
HK25g1U-GF4_2842-3325,301,3,240.0,154.0,156.0,167.0,inside_visible,565.58075,252.57,0
HK25g1U-GF4_2842-3325,302,1,811.0,219.84615384615384,136.0,150.15384615384616,inside_visible,583.251,460.4855,1
HK25g1U-GF4_2842-3325,302,2,545.6666666666666,180.33333333333331,105.0,125.66666666666666,inside_visible,372.37945454545456,271.5367272727273,1
HK25g1U-GF4_2842-3325,302,3,239.70833333333331,153.66666666666666,155.99999999999997,167.08333333333334,inside_visible,564.8285625,252.10925,0
HK25g1U-GF4_2842-3325,303,1,811.0,219.6153846153846,136.0,150.3846153846154,inside_visible,583.00725,461.025625,1
HK25g1U-GF4_2842-3325,303,2,545.1111111111111,180.22222222222223,105.0,124.77777777777776,inside_visible,372.8627272727273,271.7233636363637,1
HK25g1U-GF4_2842-3325,303,3,239.41666666666663,153.33333333333334,156.00000000000003,167.16666666666666,inside_visible,564.076375,251.6485,0
HK25g1U-GF4_2842-3325,304,1,811.0,219.3846153846154,136.0,150.6153846153846,inside_visible,582.7635,461.56575,1
HK25g1U-GF4_2842-3325,304,2,544.5555555555555,180.11111111111111,105.0,123.88888888888889,inside_visible,373.346,271.91,1
HK25g1U-GF4_2842-3325,304,3,239.125,153.0,156.0,167.25,inside_visible,563.3241875,251.18775,0
HK25g1U-GF4_2842-3325,305,1,811.0,219.15384615384616,136.0,150.84615384615384,inside_visible,582.5197499999999,462.105875,1
HK25g1U-GF4_2842-3325,305,2,544.0,180.0,105.0,123.0,inside_visible,372.6332380952381,271.45700000000005,1
HK25g1U-GF4_2842-3325,305,3,238.83333333333331,152.66666666666666,155.99999999999997,167.33333333333334,inside_visible,562.572,250.727,0
HK25g1U-GF4_2842-3325,306,1,811.0,218.92307692307693,136.0,151.07692307692307,inside_visible,582.276,462.646,1
HK25g1U-GF4_2842-3325,306,2,543.5555555555555,180.0,105.0,123.0,inside_visible,371.92047619047617,271.004,1
HK25g1U-GF4_2842-3325,306,3,238.54166666666663,152.33333333333334,156.00000000000003,167.41666666666666,inside_visible,562.233,249.58566666666667,0
HK25g1U-GF4_2842-3325,307,1,811.0,218.69230769230768,136.0,151.30769230769232,inside_visible,581.7415454545454,462.4399090909091,1
HK25g1U-GF4_2842-3325,307,2,543.1111111111111,180.0,105.0,123.0,inside_visible,371.2077142857143,270.55100000000004,1
HK25g1U-GF4_2842-3325,307,3,238.25,152.0,156.0,167.5,inside_visible,561.894,248.44433333333333,0
HK25g1U-GF4_2842-3325,308,1,811.0,218.46153846153845,136.0,151.53846153846155,inside_visible,581.2070909090909,462.2338181818182,1
HK25g1U-GF4_2842-3325,308,2,542.6666666666666,180.0,105.0,123.0,inside_visible,370.4949523809524,270.098,1
HK25g1U-GF4_2842-3325,308,3,237.95833333333331,151.66666666666666,155.99999999999997,167.58333333333334,inside_visible,561.5550000000001,247.303,0
HK25g1U-GF4_2842-3325,309,1,811.0,218.23076923076923,136.0,151.76923076923077,inside_visible,580.6726363636363,462.0277272727273,1
HK25g1U-GF4_2842-3325,309,2,542.2222222222222,180.0,105.0,123.0,inside_visible,369.78219047619046,269.64500000000004,1
HK25g1U-GF4_2842-3325,309,3,237.66666666666663,151.33333333333334,156.00000000000003,167.66666666666666,inside_visible,561.216,246.16166666666663,0
HK25g1U-GF4_2842-3325,310,1,811.0,218.0,136.0,152.0,inside_visible,580.1381818181818,461.8216363636364,1
HK25g1U-GF4_2842-3325,310,2,541.7777777777778,180.0,105.0,123.0,inside_visible,369.06942857142855,269.192,1
HK25g1U-GF4_2842-3325,310,3,237.375,151.0,156.0,167.75,inside_visible,560.877,245.02033333333333,0
HK25g1U-GF4_2842-3325,311,1,810.4615384615385,217.6153846153846,136.0,151.76923076923077,inside_visible,579.6037272727273,461.6155454545455,1
HK25g1U-GF4_2842-3325,311,2,541.3333333333334,180.0,105.0,123.0,inside_visible,368.3566666666667,268.73900000000003,1
HK25g1U-GF4_2842-3325,311,3,237.08333333333331,150.66666666666666,155.99999999999997,167.83333333333334,inside_visible,560.538,243.879,0
HK25g1U-GF4_2842-3325,312,1,809.9230769230769,217.23076923076923,136.0,151.53846153846155,inside_visible,579.0692727272727,461.40945454545454,1
HK25g1U-GF4_2842-3325,312,2,540.8888888888889,180.0,105.0,123.0,inside_visible,367.6439047619048,268.286,1
HK25g1U-GF4_2842-3325,312,3,236.79166666666663,150.33333333333334,156.00000000000003,167.91666666666666,inside_visible,561.0726666666667,244.475,0
HK25g1U-GF4_2842-3325,313,1,809.3846153846154,216.84615384615384,136.0,151.3076923076923,inside_visible,578.5348181818182,461.2033636363636,1
HK25g1U-GF4_2842-3325,313,2,540.4444444444445,180.0,105.0,123.0,inside_visible,366.9311428571429,267.833,1
HK25g1U-GF4_2842-3325,313,3,236.5,150.0,156.0,168.0,inside_visible,561.6073333333334,245.071,0
HK25g1U-GF4_2842-3325,314,1,808.8461538461538,216.46153846153845,136.0,151.0769230769231,inside_visible,578.0003636363637,460.99727272727273,1
HK25g1U-GF4_2842-3325,314,2,540.0,180.0,105.0,123.0,inside_visible,366.2183809523809,267.38,1
HK25g1U-GF4_2842-3325,314,3,236.20833333333331,149.66666666666666,155.99999999999997,168.08333333333334,inside_visible,562.142,245.667,0
HK25g1U-GF4_2842-3325,315,1,808.3076923076923,216.07692307692307,136.0,150.84615384615384,inside_visible,577.4659090909091,460.7911818181818,1
HK25g1U-GF4_2842-3325,315,2,539.5333333333333,179.73333333333332,105.0,123.13333333333335,inside_visible,365.5056190476191,266.927,1
HK25g1U-GF4_2842-3325,315,3,235.91666666666663,149.33333333333334,156.00000000000003,168.16666666666666,inside_visible,562.6766666666666,246.263,0
HK25g1U-GF4_2842-3325,316,1,807.7692307692307,215.69230769230768,136.0,150.61538461538464,inside_visible,576.9314545454546,460.5850909090909,1
HK25g1U-GF4_2842-3325,316,2,539.0666666666667,179.46666666666667,105.0,123.26666666666668,inside_visible,364.79285714285714,266.474,1
HK25g1U-GF4_2842-3325,316,3,235.625,149.0,156.0,168.25,inside_visible,563.2113333333333,246.859,0
HK25g1U-GF4_2842-3325,317,1,807.2307692307693,215.30769230769232,136.0,150.38461538461536,inside_visible,576.397,460.379,1
HK25g1U-GF4_2842-3325,317,2,538.6,179.2,105.0,123.40000000000003,inside_visible,364.0800952380952,266.021,1
HK25g1U-GF4_2842-3325,317,3,235.33333333333331,148.66666666666666,155.99999999999997,168.33333333333334,inside_visible,563.746,247.455,0
HK25g1U-GF4_2842-3325,318,1,806.6923076923077,214.92307692307693,136.0,150.15384615384616,inside_visible,575.1940000000001,460.2587142857143,1
HK25g1U-GF4_2842-3325,318,2,538.1333333333333,178.93333333333334,105.0,123.5333333333333,inside_visible,363.3673333333333,265.568,1
HK25g1U-GF4_2842-3325,318,3,235.04166666666663,148.33333333333334,156.00000000000003,168.41666666666666,inside_visible,562.7125333333333,247.0336,0
HK25g1U-GF4_2842-3325,319,1,806.1538461538462,214.53846153846155,136.0,149.9230769230769,inside_visible,573.991,460.13842857142856,1
HK25g1U-GF4_2842-3325,319,2,537.6666666666666,178.66666666666666,105.0,123.66666666666666,inside_visible,362.6545714285714,265.115,1
HK25g1U-GF4_2842-3325,319,3,234.75,148.0,156.0,168.5,inside_visible,561.6790666666667,246.6122,0
HK25g1U-GF4_2842-3325,320,1,805.6153846153846,214.15384615384616,136.0,149.6923076923077,inside_visible,572.788,460.0181428571428,1
HK25g1U-GF4_2842-3325,320,2,537.2,178.4,105.0,123.79999999999998,inside_visible,361.9418095238095,264.662,1
HK25g1U-GF4_2842-3325,320,3,234.45833333333331,147.66666666666666,155.99999999999997,168.58333333333334,inside_visible,560.6456,246.1908,0
HK25g1U-GF4_2842-3325,321,1,805.0769230769231,213.7692307692308,136.0,149.46153846153845,inside_visible,571.585,459.8978571428572,1
HK25g1U-GF4_2842-3325,321,2,536.7333333333333,178.13333333333333,105.0,123.93333333333334,inside_visible,361.2290476190476,264.209,1
HK25g1U-GF4_2842-3325,321,3,234.16666666666663,147.33333333333334,156.00000000000003,168.66666666666666,inside_visible,559.6121333333333,245.7694,0
HK25g1U-GF4_2842-3325,322,1,804.5384615384615,213.3846153846154,136.0,149.23076923076923,inside_visible,570.3820000000001,459.7775714285714,1
HK25g1U-GF4_2842-3325,322,2,536.2666666666667,177.86666666666667,105.0,124.06666666666666,inside_visible,360.5162857142857,263.756,1
HK25g1U-GF4_2842-3325,322,3,233.875,147.0,156.0,168.75,inside_visible,558.5786666666667,245.348,0
HK25g1U-GF4_2842-3325,323,1,804.0,213.0,136.0,149.0,inside_visible,569.179,459.6572857142857,1
HK25g1U-GF4_2842-3325,323,2,535.8,177.6,105.0,124.20000000000002,inside_visible,359.8035238095238,263.303,1
HK25g1U-GF4_2842-3325,323,3,233.58333333333331,146.66666666666666,155.99999999999997,168.83333333333334,inside_visible,557.5452,244.9266,0
HK25g1U-GF4_2842-3325,324,1,803.7894736842105,212.6315789473684,136.0526315789474,148.8421052631579,inside_visible,567.976,459.537,1
HK25g1U-GF4_2842-3325,324,2,535.3333333333334,177.33333333333334,105.0,124.33333333333334,inside_visible,359.0907619047619,262.85,1
HK25g1U-GF4_2842-3325,324,3,233.29166666666663,146.33333333333334,156.00000000000003,168.91666666666666,inside_visible,556.5117333333334,244.5052,0
HK25g1U-GF4_2842-3325,325,1,803.578947368421,212.26315789473685,136.1052631578948,148.6842105263158,inside_visible,567.6777500000001,459.71825,1
HK25g1U-GF4_2842-3325,325,2,534.8666666666667,177.06666666666666,105.0,124.4666666666667,inside_visible,358.378,262.397,1
HK25g1U-GF4_2842-3325,325,3,233.0,146.0,156.0,169.0,inside_visible,555.4782666666666,244.0838,0
HK25g1U-GF4_2842-3325,326,1,803.3684210526316,211.8947368421053,136.15789473684208,148.5263157894737,inside_visible,567.3795,459.8995,1
HK25g1U-GF4_2842-3325,326,2,534.4,176.8,105.0,124.59999999999997,inside_visible,358.4335555555556,262.7303333333333,1
HK25g1U-GF4_2842-3325,326,3,232.8846153846154,146.1153846153846,155.99999999999997,168.96153846153848,inside_visible,554.4448,243.6624,0
HK25g1U-GF4_2842-3325,327,1,803.1578947368421,211.52631578947367,136.21052631578948,148.3684210526316,inside_visible,567.08125,460.08075,1
HK25g1U-GF4_2842-3325,327,2,533.9333333333333,176.53333333333333,105.0,124.73333333333332,inside_visible,358.4891111111111,263.0636666666667,1
HK25g1U-GF4_2842-3325,327,3,232.7692307692308,146.23076923076923,156.0,168.9230769230769,inside_visible,553.4113333333333,243.241,0
HK25g1U-GF4_2842-3325,328,1,802.9473684210526,211.1578947368421,136.26315789473688,148.21052631578945,inside_visible,566.783,460.262,1
HK25g1U-GF4_2842-3325,328,2,533.4666666666667,176.26666666666668,105.0,124.86666666666665,inside_visible,358.54466666666667,263.397,1
HK25g1U-GF4_2842-3325,328,3,232.65384615384616,146.34615384615384,155.99999999999997,168.8846153846154,inside_visible,552.3778666666667,242.8196,0
HK25g1U-GF4_2842-3325,329,1,802.7368421052631,210.7894736842105,136.31578947368428,148.0526315789474,inside_visible,566.4847500000001,460.44325,1
HK25g1U-GF4_2842-3325,329,2,533.0,176.0,105.0,125.0,inside_visible,358.6002222222222,263.7303333333333,1
HK25g1U-GF4_2842-3325,329,3,232.53846153846155,146.46153846153845,156.0,168.84615384615387,inside_visible,551.3444000000001,242.3982,0
HK25g1U-GF4_2842-3325,330,1,802.5263157894736,210.42105263157896,136.36842105263167,147.89473684210526,inside_visible,566.1865,460.6245,1
HK25g1U-GF4_2842-3325,330,2,532.3636363636364,175.63636363636363,105.27272727272724,125.63636363636364,inside_visible,358.65577777777776,264.0636666666667,1
HK25g1U-GF4_2842-3325,330,3,232.42307692307693,146.57692307692307,155.99999999999997,168.8076923076923,inside_visible,550.3109333333333,241.9768,0
HK25g1U-GF4_2842-3325,331,1,802.3157894736842,210.05263157894737,136.42105263157896,147.73684210526315,inside_visible,565.88825,460.80575,1
HK25g1U-GF4_2842-3325,331,2,531.7272727272727,175.27272727272728,105.5454545454545,126.27272727272728,inside_visible,358.7113333333333,264.397,1
HK25g1U-GF4_2842-3325,331,3,232.30769230769232,146.69230769230768,156.0,168.76923076923077,inside_visible,549.2774666666667,241.5554,0
HK25g1U-GF4_2842-3325,332,1,802.1052631578947,209.68421052631575,136.47368421052636,147.57894736842104,inside_visible,565.59,460.987,1
HK25g1U-GF4_2842-3325,332,2,531.0909090909091,174.9090909090909,105.81818181818176,126.9090909090909,inside_visible,358.7668888888889,264.7303333333333,1
HK25g1U-GF4_2842-3325,332,3,232.19230769230768,146.80769230769232,156.0,168.73076923076923,inside_visible,548.244,241.134,0
HK25g1U-GF4_2842-3325,333,1,801.8947368421053,209.31578947368425,136.52631578947364,147.42105263157896,inside_visible,565.2917500000001,461.16825,1
HK25g1U-GF4_2842-3325,333,2,530.4545454545455,174.54545454545453,106.090909090909,127.54545454545452,inside_visible,358.82244444444444,265.0636666666667,1
HK25g1U-GF4_2842-3325,333,3,232.07692307692307,146.92307692307693,156.00000000000003,168.6923076923077,inside_visible,547.043,241.813,0
HK25g1U-GF4_2842-3325,334,1,801.6842105263158,208.94736842105263,136.57894736842104,147.26315789473685,inside_visible,564.9935,461.3495,1
HK25g1U-GF4_2842-3325,334,2,529.8181818181819,174.1818181818182,106.36363636363626,128.1818181818182,inside_visible,358.878,265.397,1
HK25g1U-GF4_2842-3325,334,3,231.96153846153845,147.03846153846155,156.0,168.65384615384613,inside_visible,546.737,241.708,0
HK25g1U-GF4_2842-3325,335,1,801.4736842105264,208.57894736842104,136.63157894736833,147.10526315789474,inside_visible,564.69525,461.53075,1
HK25g1U-GF4_2842-3325,335,2,529.1818181818181,173.8181818181818,106.63636363636374,128.8181818181818,outside_frame,397.985,262.2185,1
HK25g1U-GF4_2842-3325,335,3,231.84615384615384,147.15384615384616,156.00000000000003,168.6153846153846,inside_visible,546.431,241.603,0
HK25g1U-GF4_2842-3325,336,1,801.2631578947369,208.21052631578948,136.68421052631572,146.9473684210526,inside_visible,564.397,461.712,1
HK25g1U-GF4_2842-3325,336,2,528.5454545454545,173.45454545454547,106.909090909091,129.45454545454547,outside_frame,437.092,259.04,1
HK25g1U-GF4_2842-3325,336,3,231.73076923076923,147.26923076923077,156.0,168.5769230769231,inside_visible,546.125,241.498,0
HK25g1U-GF4_2842-3325,337,1,801.0526315789474,207.8421052631579,136.73684210526312,146.78947368421055,inside_visible,564.3586875000001,461.280625,1
HK25g1U-GF4_2842-3325,337,2,527.9090909090909,173.0909090909091,107.18181818181824,130.0909090909091,outside_frame,442.07416666666666,257.90308333333337,1
HK25g1U-GF4_2842-3325,337,3,231.6153846153846,147.3846153846154,156.00000000000003,168.53846153846152,inside_visible,545.819,241.393,0
HK25g1U-GF4_2842-3325,338,1,800.8421052631579,207.47368421052636,136.78947368421052,146.6315789473684,inside_visible,564.320375,460.84925,1
HK25g1U-GF4_2842-3325,338,2,527.2727272727273,172.72727272727272,107.4545454545455,130.72727272727272,outside_frame,447.0563333333333,256.76616666666666,1
HK25g1U-GF4_2842-3325,338,3,231.5,147.5,156.0,168.5,inside_visible,525.584,436.669,0
HK25g1U-GF4_2842-3325,339,1,800.6315789473684,207.10526315789477,136.84210526315792,146.4736842105263,inside_visible,564.2820625,460.417875,1
HK25g1U-GF4_2842-3325,339,2,526.6363636363636,172.36363636363637,107.72727272727276,131.36363636363637,outside_frame,452.0385,255.62925,1
HK25g1U-GF4_2842-3325,339,3,231.3846153846154,147.6153846153846,155.99999999999997,168.46153846153848,inside_visible,525.2841249999999,436.454125,0
HK25g1U-GF4_2842-3325,340,1,800.421052631579,206.73684210526315,136.8947368421052,146.3157894736842,inside_visible,564.2437500000001,459.9865,1
HK25g1U-GF4_2842-3325,340,2,526.0,172.0,108.0,132.0,outside_frame,457.0206666666666,254.4923333333333,1
HK25g1U-GF4_2842-3325,340,3,231.2692307692308,147.73076923076923,156.0,168.4230769230769,inside_visible,524.98425,436.23925,0
HK25g1U-GF4_2842-3325,341,1,800.2105263157895,206.3684210526316,136.9473684210526,146.1578947368421,inside_visible,564.2054375,459.555125,1
HK25g1U-GF4_2842-3325,341,2,525.9090909090909,171.63636363636363,107.72727272727276,132.2727272727273,outside_frame,462.0028333333333,253.35541666666668,1
HK25g1U-GF4_2842-3325,341,3,231.15384615384616,147.84615384615384,155.99999999999997,168.3846153846154,inside_visible,524.6843749999999,436.024375,0
HK25g1U-GF4_2842-3325,342,1,800.0,206.0,137.0,146.0,inside_visible,564.167125,459.12375,1
HK25g1U-GF4_2842-3325,342,2,525.8181818181819,171.27272727272728,107.45454545454538,132.54545454545453,outside_frame,466.985,252.2185,1
HK25g1U-GF4_2842-3325,342,3,231.03846153846155,147.96153846153845,156.0,168.34615384615387,inside_visible,524.3844999999999,435.8095,0
HK25g1U-GF4_2842-3325,343,1,800.0,205.6,137.0,146.29999999999998,inside_visible,564.1288125000001,458.692375,1
HK25g1U-GF4_2842-3325,343,2,525.7272727272727,170.9090909090909,107.18181818181812,132.81818181818184,outside_frame,471.9671666666667,251.08158333333333,1
HK25g1U-GF4_2842-3325,343,3,230.92307692307693,148.07692307692307,155.99999999999997,168.3076923076923,inside_visible,524.084625,435.594625,0
HK25g1U-GF4_2842-3325,344,1,800.0,205.2,137.0,146.60000000000002,inside_visible,564.0905,458.261,1
HK25g1U-GF4_2842-3325,344,2,525.6363636363636,170.54545454545453,106.90909090909088,133.0909090909091,outside_frame,476.9493333333333,249.94466666666668,1
HK25g1U-GF4_2842-3325,344,3,230.80769230769232,148.19230769230768,156.0,168.26923076923077,inside_visible,523.7847499999999,435.37975,0
HK25g1U-GF4_2842-3325,345,1,800.0,204.8,137.0,146.89999999999998,inside_visible,564.0521875000001,457.829625,1
HK25g1U-GF4_2842-3325,345,2,525.5454545454545,170.1818181818182,106.63636363636364,133.36363636363637,outside_frame,481.9315,248.80775,1
HK25g1U-GF4_2842-3325,345,3,230.69230769230768,148.30769230769232,156.0,168.23076923076923,inside_visible,523.484875,435.164875,0
HK25g1U-GF4_2842-3325,346,1,800.0,204.4,137.0,147.20000000000002,inside_visible,564.0138750000001,457.39825,1
HK25g1U-GF4_2842-3325,346,2,525.4545454545455,169.8181818181818,106.36363636363636,133.63636363636363,outside_frame,486.9136666666666,247.6708333333333,1
HK25g1U-GF4_2842-3325,346,3,230.57692307692307,148.42307692307693,156.00000000000003,168.1923076923077,inside_visible,523.185,434.95,0
HK25g1U-GF4_2842-3325,347,1,800.0,204.0,137.0,147.5,inside_visible,563.9755625,456.966875,1
HK25g1U-GF4_2842-3325,347,2,525.3636363636364,169.45454545454547,106.09090909090912,133.9090909090909,outside_frame,491.8958333333333,246.53391666666667,1
HK25g1U-GF4_2842-3325,347,3,230.46153846153845,148.53846153846155,156.0,168.15384615384613,inside_visible,522.7813749999999,434.25575,0
HK25g1U-GF4_2842-3325,348,1,800.0,203.6,137.0,147.79999999999998,inside_visible,563.9372500000001,456.5355,1
HK25g1U-GF4_2842-3325,348,2,525.2727272727273,169.0909090909091,105.81818181818188,134.18181818181816,outside_frame,496.878,245.397,1
HK25g1U-GF4_2842-3325,348,3,230.34615384615384,148.65384615384616,156.00000000000003,168.1153846153846,inside_visible,522.37775,433.5615,0
HK25g1U-GF4_2842-3325,349,1,800.0,203.2,137.0,148.10000000000002,inside_visible,563.8989375000001,456.104125,1
HK25g1U-GF4_2842-3325,349,2,525.1818181818181,168.72727272727272,105.54545454545462,134.45454545454547,outside_frame,496.5173684210526,245.3394210526316,1
HK25g1U-GF4_2842-3325,349,3,230.23076923076923,148.76923076923077,156.0,168.0769230769231,inside_visible,521.974125,432.86725,0
HK25g1U-GF4_2842-3325,350,1,800.0,202.8,137.0,148.39999999999998,inside_visible,563.860625,455.67275,1
HK25g1U-GF4_2842-3325,350,2,525.0909090909091,168.36363636363637,105.27272727272724,134.7272727272727,outside_frame,496.15673684210526,245.28184210526317,1
HK25g1U-GF4_2842-3325,350,3,230.1153846153846,148.8846153846154,156.00000000000003,168.03846153846152,inside_visible,521.5705,432.173,0
HK25g1U-GF4_2842-3325,351,1,800.0,202.4,137.0,148.70000000000002,inside_visible,563.8223125000001,455.241375,1
HK25g1U-GF4_2842-3325,351,2,525.0,168.0,105.0,135.0,outside_frame,495.7961052631578,245.22426315789477,1
HK25g1U-GF4_2842-3325,351,3,230.0,149.0,156.0,168.0,inside_visible,521.166875,431.47875,0
HK25g1U-GF4_2842-3325,352,1,800.0,202.0,137.0,149.0,inside_visible,563.7840000000001,454.81,1
HK25g1U-GF4_2842-3325,352,2,525.6363636363636,167.63636363636363,105.09090909090912,134.54545454545456,outside_frame,495.43547368421054,245.1666842105263,1
HK25g1U-GF4_2842-3325,352,3,229.86111111111111,148.97222222222223,155.99999999999997,168.0,inside_visible,520.76325,430.7845,0
HK25g1U-GF4_2842-3325,353,1,800.0,202.07142857142856,137.0,148.85714285714286,inside_visible,563.7456875,454.378625,1
HK25g1U-GF4_2842-3325,353,2,526.2727272727273,167.27272727272728,105.18181818181824,134.0909090909091,outside_frame,495.0748421052632,245.1091052631579,1
HK25g1U-GF4_2842-3325,353,3,229.72222222222223,148.94444444444446,156.0,168.0,inside_visible,520.359625,430.09025,0
HK25g1U-GF4_2842-3325,354,1,800.0,202.14285714285717,137.0,148.7142857142857,inside_visible,563.7073750000001,453.94725,1
HK25g1U-GF4_2842-3325,354,2,526.9090909090909,166.9090909090909,105.27272727272724,133.63636363636363,outside_frame,494.7142105263158,245.05152631578943,1
HK25g1U-GF4_2842-3325,354,3,229.58333333333331,148.91666666666666,155.99999999999997,168.00000000000003,inside_visible,519.956,429.396,0
HK25g1U-GF4_2842-3325,355,1,800.0,202.2142857142857,137.0,148.57142857142856,inside_visible,563.6690625,453.515875,1
HK25g1U-GF4_2842-3325,355,2,527.5454545454545,166.54545454545453,105.36363636363636,133.18181818181822,outside_frame,494.3535789473684,244.99394736842103,1
HK25g1U-GF4_2842-3325,355,3,229.44444444444449,148.88888888888889,156.0,168.00000000000003,inside_visible,519.4452857142858,428.89828571428575,0
HK25g1U-GF4_2842-3325,356,1,800.0,202.28571428571428,137.0,148.42857142857144,inside_visible,563.63075,453.0845,1
HK25g1U-GF4_2842-3325,356,2,528.1818181818181,166.1818181818182,105.4545454545455,132.72727272727275,outside_frame,493.992947368421,244.93636842105263,1
HK25g1U-GF4_2842-3325,356,3,229.30555555555557,148.86111111111111,156.0,167.99999999999997,inside_visible,518.9345714285714,428.4005714285714,0
HK25g1U-GF4_2842-3325,357,1,800.0,202.3571428571429,137.0,148.2857142857143,inside_visible,563.5924375000001,452.653125,1
HK25g1U-GF4_2842-3325,357,2,528.8181818181819,165.8181818181818,105.5454545454545,132.27272727272725,outside_frame,493.6323157894737,244.8787894736842,1
HK25g1U-GF4_2842-3325,357,3,229.16666666666663,148.83333333333334,156.00000000000003,167.99999999999997,inside_visible,518.4238571428572,427.9028571428572,0
HK25g1U-GF4_2842-3325,358,1,800.0,202.42857142857144,137.0,148.14285714285714,inside_visible,563.554125,452.22175,1
HK25g1U-GF4_2842-3325,358,2,529.4545454545455,165.45454545454547,105.63636363636364,131.81818181818178,outside_frame,493.2716842105263,244.82121052631575,1
HK25g1U-GF4_2842-3325,358,3,229.02777777777777,148.80555555555554,156.0,168.0,inside_visible,517.9131428571428,427.4051428571428,0
HK25g1U-GF4_2842-3325,359,1,800.0,202.5,137.0,148.0,inside_visible,563.5158125,451.790375,1
HK25g1U-GF4_2842-3325,359,2,530.0909090909091,165.0909090909091,105.72727272727276,131.36363636363637,outside_frame,492.91105263157897,244.76363157894733,1
HK25g1U-GF4_2842-3325,359,3,228.88888888888889,148.77777777777777,156.00000000000003,168.0,inside_visible,517.4024285714286,426.90742857142857,0
HK25g1U-GF4_2842-3325,360,1,800.0,202.57142857142856,137.0,147.85714285714286,inside_visible,563.4775000000001,451.359,1
HK25g1U-GF4_2842-3325,360,2,530.7272727272727,164.72727272727272,105.81818181818176,130.9090909090909,outside_frame,492.5504210526316,244.70605263157896,1
HK25g1U-GF4_2842-3325,360,3,228.75,148.75,156.0,168.0,inside_visible,516.8917142857142,426.40971428571424,0
HK25g1U-GF4_2842-3325,361,1,800.0,202.64285714285717,137.0,147.7142857142857,inside_visible,563.4391875,450.927625,1
HK25g1U-GF4_2842-3325,361,2,531.3636363636364,164.36363636363637,105.90909090909088,130.45454545454544,outside_frame,492.1897894736842,244.64847368421053,1
HK25g1U-GF4_2842-3325,361,3,228.61111111111111,148.72222222222223,155.99999999999997,168.0,inside_visible,516.381,425.912,0
HK25g1U-GF4_2842-3325,362,1,800.0,202.7142857142857,137.0,147.57142857142856,inside_visible,563.400875,450.49625,1
HK25g1U-GF4_2842-3325,362,2,532.0,164.0,106.0,130.0,outside_frame,491.82915789473685,244.5908947368421,1
HK25g1U-GF4_2842-3325,362,3,228.47222222222223,148.69444444444446,156.0,168.0,inside_visible,515.2987142857143,425.4141428571429,0
HK25g1U-GF4_2842-3325,363,1,800.0,202.78571428571428,137.0,147.42857142857144,inside_visible,563.3625625000001,450.064875,1
HK25g1U-GF4_2842-3325,363,2,532.5,162.75,105.75,130.5,outside_frame,491.4685263157895,244.53331578947368,1
HK25g1U-GF4_2842-3325,363,3,228.33333333333331,148.66666666666666,155.99999999999997,168.00000000000003,inside_visible,514.2164285714285,424.9162857142857,0
HK25g1U-GF4_2842-3325,364,1,800.0,202.8571428571429,137.0,147.2857142857143,inside_visible,563.32425,449.6335,1
HK25g1U-GF4_2842-3325,364,2,533.0,161.5,105.5,131.0,outside_frame,491.1078947368421,244.47573684210525,1
HK25g1U-GF4_2842-3325,364,3,228.19444444444449,148.63888888888889,156.0,168.00000000000003,inside_visible,513.1341428571428,424.4184285714286,0
HK25g1U-GF4_2842-3325,365,1,800.0,202.92857142857144,137.0,147.14285714285714,inside_visible,563.2859375,449.202125,1
HK25g1U-GF4_2842-3325,365,2,533.5,160.25,105.25,131.5,outside_frame,490.74726315789474,244.41815789473685,1
HK25g1U-GF4_2842-3325,365,3,228.05555555555557,148.61111111111111,156.0,167.99999999999997,inside_visible,512.0518571428571,423.9205714285714,0
HK25g1U-GF4_2842-3325,366,1,800.0,203.0,137.0,147.0,inside_visible,563.2476250000001,448.77075,1
HK25g1U-GF4_2842-3325,366,2,534.0,159.0,105.0,132.0,outside_frame,490.3866315789474,244.3605789473684,1
HK25g1U-GF4_2842-3325,366,3,227.91666666666663,148.58333333333334,156.00000000000003,167.99999999999997,inside_visible,510.9695714285714,423.4227142857143,0
HK25g1U-GF4_2842-3325,367,1,799.6818181818181,202.95454545454547,137.0,147.04545454545453,inside_visible,563.2093125,448.339375,1
HK25g1U-GF4_2842-3325,367,2,533.6,156.6,104.79999999999995,134.79999999999998,gaze_shift,490.026,244.303,1
HK25g1U-GF4_2842-3325,367,3,227.77777777777777,148.55555555555554,156.0,168.0,inside_visible,509.8872857142857,422.9248571428572,0
HK25g1U-GF4_2842-3325,368,1,799.3636363636364,202.9090909090909,137.0,147.0909090909091,inside_visible,563.171,447.908,1
HK25g1U-GF4_2842-3325,368,2,533.2,154.2,104.59999999999992,137.60000000000002,gaze_shift,479.8595,227.442,1
HK25g1U-GF4_2842-3325,368,3,227.63888888888889,148.52777777777777,156.00000000000003,168.0,inside_visible,508.805,422.427,0
HK25g1U-GF4_2842-3325,369,1,799.0454545454545,202.8636363636364,137.0,147.13636363636363,inside_visible,561.837625,445.158,1
HK25g1U-GF4_2842-3325,369,2,532.8,151.8,104.40000000000008,140.39999999999998,gaze_shift,469.693,210.581,1
HK25g1U-GF4_2842-3325,369,3,227.5,148.5,156.0,168.0,inside_visible,508.3701666666667,418.9206666666667,0
HK25g1U-GF4_2842-3325,370,1,798.7272727272727,202.8181818181818,137.0,147.1818181818182,inside_visible,560.5042500000001,442.408,1
HK25g1U-GF4_2842-3325,370,2,532.4,149.4,104.20000000000005,143.20000000000002,gaze_shift,545.026,469.22,1
HK25g1U-GF4_2842-3325,370,3,227.36111111111111,148.47222222222223,155.99999999999997,168.0,inside_visible,507.93533333333335,415.4143333333333,0
HK25g1U-GF4_2842-3325,371,1,798.4090909090909,202.77272727272728,137.0,147.22727272727272,inside_visible,559.170875,439.658,1
HK25g1U-GF4_2842-3325,371,2,532.0,147.0,104.0,146.0,gaze_shift,542.359,473.858,1
HK25g1U-GF4_2842-3325,371,3,227.22222222222223,148.44444444444446,156.0,168.0,inside_visible,507.5005,411.908,0
HK25g1U-GF4_2842-3325,372,1,798.0909090909091,202.72727272727272,137.0,147.27272727272728,inside_visible,557.8375000000001,436.908,1
HK25g1U-GF4_2842-3325,372,2,531.375,147.5,103.75,145.5,gaze_shift,540.859,471.747,1
HK25g1U-GF4_2842-3325,372,3,227.08333333333331,148.41666666666666,155.99999999999997,168.00000000000003,inside_visible,507.0656666666667,408.4016666666667,0
HK25g1U-GF4_2842-3325,373,1,797.7727272727273,202.6818181818182,137.0,147.3181818181818,inside_visible,556.504125,434.158,1
HK25g1U-GF4_2842-3325,373,2,530.75,148.0,103.5,145.0,gaze_shift,539.359,469.636,1
HK25g1U-GF4_2842-3325,373,3,226.94444444444449,148.38888888888889,156.0,168.00000000000003,inside_visible,506.6308333333334,404.8953333333333,0
HK25g1U-GF4_2842-3325,374,1,797.4545454545455,202.63636363636363,137.0,147.36363636363637,inside_visible,555.17075,431.408,1
HK25g1U-GF4_2842-3325,374,2,530.125,148.5,103.25,144.5,gaze_shift,537.859,467.525,1
HK25g1U-GF4_2842-3325,374,3,226.80555555555557,148.36111111111111,156.0,167.99999999999997,inside_visible,506.196,401.389,0
HK25g1U-GF4_2842-3325,375,1,797.1363636363636,202.5909090909091,137.0,147.4090909090909,inside_visible,553.8373750000001,428.658,1
HK25g1U-GF4_2842-3325,375,2,529.5,149.0,103.0,144.0,gaze_shift,544.0260000000001,449.9975,1
HK25g1U-GF4_2842-3325,375,3,226.66666666666663,148.33333333333334,156.00000000000003,167.99999999999997,inside_visible,506.1036,403.3052,0
HK25g1U-GF4_2842-3325,376,1,796.8181818181819,202.54545454545453,137.0,147.45454545454547,inside_visible,552.504,425.908,1
HK25g1U-GF4_2842-3325,376,2,528.875,149.5,102.75,143.5,gaze_shift,550.193,432.47,1
HK25g1U-GF4_2842-3325,376,3,226.52777777777777,148.30555555555554,156.0,168.0,inside_visible,506.0112,405.2214,0
HK25g1U-GF4_2842-3325,377,1,796.5,202.5,137.0,147.5,inside_visible,543.704,424.5525,1
HK25g1U-GF4_2842-3325,377,2,528.25,150.0,102.5,143.0,gaze_shift,535.457,423.378,1
HK25g1U-GF4_2842-3325,377,3,226.38888888888889,148.27777777777777,156.00000000000003,168.0,inside_visible,505.9188,407.1376,0
HK25g1U-GF4_2842-3325,378,1,796.1818181818181,202.45454545454547,137.0,147.54545454545453,inside_visible,534.904,423.197,1
HK25g1U-GF4_2842-3325,378,2,527.625,150.5,102.25,142.5,gaze_shift,536.389,428.12,1
HK25g1U-GF4_2842-3325,378,3,226.25,148.25,156.0,168.0,inside_visible,505.8264,409.0538,0
HK25g1U-GF4_2842-3325,379,1,795.8636363636364,202.4090909090909,137.0,147.5909090909091,inside_visible,526.104,421.8415,1
HK25g1U-GF4_2842-3325,379,2,527.0,151.0,102.0,142.0,gaze_shift,523.654,421.5285,1
HK25g1U-GF4_2842-3325,379,3,226.11111111111111,148.22222222222223,155.99999999999997,168.0,inside_visible,505.734,410.97,0
HK25g1U-GF4_2842-3325,380,1,795.5454545454545,202.3636363636364,137.0,147.63636363636363,inside_visible,517.304,420.486,1
HK25g1U-GF4_2842-3325,380,2,526.6363636363636,151.45454545454547,102.09090909090912,141.72727272727272,gaze_shift,510.919,414.937,1
HK25g1U-GF4_2842-3325,380,3,225.97222222222223,148.19444444444446,156.0,168.0,inside_visible,503.7083333333333,413.3196666666667,0
HK25g1U-GF4_2842-3325,381,1,795.2272727272727,202.3181818181818,137.0,147.6818181818182,inside_visible,515.7767272727273,420.4940909090909,1
HK25g1U-GF4_2842-3325,381,2,526.2727272727273,151.9090909090909,102.18181818181824,141.45454545454547,gaze_shift,510.00575,416.2205,1
HK25g1U-GF4_2842-3325,381,3,225.83333333333331,148.16666666666666,155.99999999999997,168.00000000000003,inside_visible,501.68266666666665,415.6693333333333,0
HK25g1U-GF4_2842-3325,382,1,794.9090909090909,202.27272727272728,137.0,147.72727272727272,inside_visible,514.2494545454546,420.5021818181818,1
HK25g1U-GF4_2842-3325,382,2,525.9090909090909,152.36363636363637,102.27272727272724,141.1818181818182,gaze_shift,509.0925,417.504,1
HK25g1U-GF4_2842-3325,382,3,225.69444444444449,148.13888888888889,156.0,168.00000000000003,inside_visible,499.657,418.019,0
HK25g1U-GF4_2842-3325,383,1,794.5909090909091,202.22727272727272,137.0,147.77272727272728,inside_visible,512.7221818181818,420.5102727272727,1
HK25g1U-GF4_2842-3325,383,2,525.5454545454545,152.8181818181818,102.36363636363636,140.9090909090909,gaze_shift,508.17925,418.7875,1
HK25g1U-GF4_2842-3325,383,3,225.55555555555557,148.11111111111111,156.0,167.99999999999997,inside_visible,499.29766666666666,418.0353333333333,0
HK25g1U-GF4_2842-3325,384,1,794.2727272727273,202.1818181818182,137.0,147.8181818181818,inside_visible,511.1949090909091,420.5183636363636,1
HK25g1U-GF4_2842-3325,384,2,525.1818181818181,153.27272727272728,102.4545454545455,140.63636363636363,gaze_shift,507.266,420.071,1
HK25g1U-GF4_2842-3325,384,3,225.41666666666663,148.08333333333334,156.00000000000003,167.99999999999997,inside_visible,498.9383333333333,418.0516666666667,0
HK25g1U-GF4_2842-3325,385,1,793.9545454545455,202.13636363636363,137.0,147.86363636363637,inside_visible,509.6676363636364,420.52645454545456,1
HK25g1U-GF4_2842-3325,385,2,524.8181818181819,153.72727272727272,102.5454545454545,140.36363636363637,gaze_shift,506.47775,419.8365,1
HK25g1U-GF4_2842-3325,385,3,225.27777777777777,148.05555555555554,156.0,168.0,inside_visible,498.579,418.068,0
HK25g1U-GF4_2842-3325,386,1,793.6363636363636,202.0909090909091,137.0,147.9090909090909,inside_visible,508.1403636363637,420.5345454545454,1
HK25g1U-GF4_2842-3325,386,2,524.4545454545455,154.1818181818182,102.63636363636364,140.0909090909091,gaze_shift,505.6895,419.602,1
HK25g1U-GF4_2842-3325,386,3,225.13888888888889,148.02777777777777,156.00000000000003,168.0,inside_visible,498.174,418.915625,0
HK25g1U-GF4_2842-3325,387,1,793.3181818181819,202.04545454545453,137.0,147.95454545454547,inside_visible,506.6130909090909,420.5426363636364,1
HK25g1U-GF4_2842-3325,387,2,524.0909090909091,154.63636363636363,102.72727272727276,139.8181818181818,gaze_shift,504.90125,419.3675,1
HK25g1U-GF4_2842-3325,387,3,225.0,148.0,156.0,168.0,inside_visible,497.769,419.76325,0
HK25g1U-GF4_2842-3325,388,1,793.0,202.0,137.0,148.0,inside_visible,505.0858181818182,420.5507272727273,1
HK25g1U-GF4_2842-3325,388,2,523.7272727272727,155.0909090909091,102.81818181818176,139.54545454545453,gaze_shift,504.113,419.133,1
HK25g1U-GF4_2842-3325,388,3,226.0434782608696,148.3913043478261,156.0,168.0434782608695,inside_visible,497.364,420.610875,0
HK25g1U-GF4_2842-3325,389,1,792.7037037037037,201.9814814814815,137.0,147.99999999999997,inside_visible,503.5585454545455,420.5588181818182,1
HK25g1U-GF4_2842-3325,389,2,523.3636363636364,155.54545454545453,102.90909090909088,139.27272727272728,gaze_shift,503.033,418.3153333333333,1
HK25g1U-GF4_2842-3325,389,3,227.08695652173915,148.7826086956522,156.0,168.08695652173913,inside_visible,496.959,421.4585,0
HK25g1U-GF4_2842-3325,390,1,792.4074074074074,201.96296296296296,137.0,148.00000000000003,inside_visible,502.0312727272727,420.56690909090906,1
HK25g1U-GF4_2842-3325,390,2,523.0,156.0,103.0,139.0,gaze_shift,501.953,417.49766666666665,1
HK25g1U-GF4_2842-3325,390,3,228.1304347826087,149.17391304347825,156.0,168.1304347826087,inside_visible,496.554,422.306125,0
HK25g1U-GF4_2842-3325,391,1,792.1111111111111,201.94444444444449,137.0,148.0,inside_visible,500.504,420.575,1
HK25g1U-GF4_2842-3325,391,2,522.9,155.6,103.20000000000005,139.1,gaze_shift,500.873,416.68,1
HK25g1U-GF4_2842-3325,391,3,229.17391304347825,149.56521739130434,156.0,168.17391304347828,inside_visible,496.149,423.15375,0
HK25g1U-GF4_2842-3325,392,1,791.8148148148148,201.92592592592592,137.0,148.0,inside_visible,500.408,422.033,1
HK25g1U-GF4_2842-3325,392,2,522.8,155.2,103.40000000000008,139.2,gaze_shift,498.3078,416.7064,1
HK25g1U-GF4_2842-3325,392,3,230.2173913043478,149.95652173913044,156.0,168.2173913043478,inside_visible,495.744,424.001375,0
HK25g1U-GF4_2842-3325,393,1,791.5185185185185,201.90740740740745,137.0,147.99999999999997,inside_visible,500.312,423.491,1
HK25g1U-GF4_2842-3325,393,2,522.7,154.8,103.59999999999992,139.3,gaze_shift,495.7426,416.7328,1
HK25g1U-GF4_2842-3325,393,3,231.26086956521735,150.34782608695653,156.0,168.2608695652174,inside_visible,495.339,424.849,0
HK25g1U-GF4_2842-3325,394,1,791.2222222222222,201.88888888888889,137.0,148.00000000000003,inside_visible,500.216,424.949,1
HK25g1U-GF4_2842-3325,394,2,522.6,154.4,103.79999999999995,139.4,gaze_shift,493.1774,416.7592,1
HK25g1U-GF4_2842-3325,394,3,232.30434782608697,150.7391304347826,155.99999999999997,168.30434782608697,inside_visible,487.39666666666665,421.4286666666667,0
HK25g1U-GF4_2842-3325,395,1,790.925925925926,201.8703703703704,137.0,148.0,inside_visible,496.3285,422.1155,1
HK25g1U-GF4_2842-3325,395,2,522.5,154.0,104.0,139.5,gaze_shift,490.6122,416.7856,1
HK25g1U-GF4_2842-3325,395,3,233.34782608695653,151.1304347826087,155.99999999999997,168.3478260869565,inside_visible,479.45433333333335,418.0083333333333,0
HK25g1U-GF4_2842-3325,396,1,790.6296296296297,201.85185185185185,137.0,148.0,inside_visible,492.441,419.282,1
HK25g1U-GF4_2842-3325,396,2,522.4,153.6,104.20000000000005,139.6,gaze_shift,488.047,416.812,1
HK25g1U-GF4_2842-3325,396,3,234.3913043478261,151.52173913043478,155.99999999999997,168.3913043478261,inside_visible,471.512,414.588,0
HK25g1U-GF4_2842-3325,397,1,790.3333333333334,201.83333333333331,137.0,147.99999999999997,inside_visible,488.553,417.4485,1
HK25g1U-GF4_2842-3325,397,2,522.3,153.2,104.40000000000008,139.7,gaze_shift,486.3595,414.7495,1
HK25g1U-GF4_2842-3325,397,3,235.43478260869568,151.91304347826087,155.99999999999997,168.43478260869563,inside_visible,468.2363333333333,410.5006666666667,0
HK25g1U-GF4_2842-3325,398,1,790.0370370370371,201.8148148148148,137.0,148.00000000000003,inside_visible,484.665,415.615,1
HK25g1U-GF4_2842-3325,398,2,522.2,152.8,104.59999999999992,139.8,gaze_shift,484.672,412.687,1
HK25g1U-GF4_2842-3325,398,3,236.4782608695652,152.30434782608697,156.00000000000003,168.47826086956522,inside_visible,464.96066666666667,406.41333333333336,0
HK25g1U-GF4_2842-3325,399,1,789.7407407407408,201.7962962962963,137.0,148.0,inside_visible,483.6165,412.095,1
HK25g1U-GF4_2842-3325,399,2,522.1,152.4,104.79999999999995,139.9,gaze_shift,482.9845,410.6245,1
HK25g1U-GF4_2842-3325,399,3,237.5217391304348,152.69565217391303,155.99999999999997,168.52173913043478,inside_visible,461.685,402.326,0
HK25g1U-GF4_2842-3325,400,1,789.4444444444445,201.77777777777777,137.0,148.0,inside_visible,482.568,408.575,1
HK25g1U-GF4_2842-3325,400,2,522.0,152.0,105.0,140.0,gaze_shift,481.297,408.562,1
HK25g1U-GF4_2842-3325,400,3,238.56521739130437,153.08695652173913,156.00000000000003,168.56521739130437,inside_visible,464.0403333333333,405.9293333333334,0
HK25g1U-GF4_2842-3325,401,1,789.1481481481482,201.75925925925927,137.0,147.99999999999997,inside_visible,484.5195,414.5545,1
HK25g1U-GF4_2842-3325,401,2,523.0909090909091,151.8181818181818,104.81818181818176,140.09090909090912,gaze_shift,476.8595,411.7495,1
HK25g1U-GF4_2842-3325,401,3,239.6086956521739,153.47826086956522,156.00000000000003,168.6086956521739,inside_visible,466.3956666666666,409.5326666666666,0
HK25g1U-GF4_2842-3325,402,1,788.8518518518518,201.74074074074076,137.0,148.00000000000003,inside_visible,486.471,420.534,1
HK25g1U-GF4_2842-3325,402,2,524.1818181818181,151.63636363636363,104.63636363636374,140.1818181818182,gaze_shift,472.422,414.937,1
HK25g1U-GF4_2842-3325,402,3,240.65217391304347,153.8695652173913,156.00000000000003,168.6521739130435,inside_visible,468.751,413.136,0
HK25g1U-GF4_2842-3325,403,1,788.5555555555555,201.72222222222223,137.0,148.0,inside_visible,480.8335,423.5675,1
HK25g1U-GF4_2842-3325,403,2,525.2727272727273,151.45454545454547,104.4545454545455,140.27272727272728,gaze_shift,473.7345,418.8745,1
HK25g1U-GF4_2842-3325,403,3,241.69565217391303,154.26086956521738,156.00000000000003,168.69565217391306,inside_visible,471.898,420.2395,0
HK25g1U-GF4_2842-3325,404,1,788.2592592592592,201.7037037037037,137.0,148.0,inside_visible,475.196,426.601,1
HK25g1U-GF4_2842-3325,404,2,526.3636363636364,151.27272727272728,104.27272727272724,140.36363636363637,gaze_shift,475.047,422.812,1
HK25g1U-GF4_2842-3325,404,3,242.73913043478265,154.65217391304347,156.0,168.7391304347826,inside_visible,475.045,427.343,0
HK25g1U-GF4_2842-3325,405,1,787.9629629629629,201.6851851851852,137.0,147.99999999999997,inside_visible,479.558,430.134,1
HK25g1U-GF4_2842-3325,405,2,527.4545454545455,151.0909090909091,104.090909090909,140.45454545454547,gaze_shift,482.018,431.1515,1
HK25g1U-GF4_2842-3325,405,3,243.7826086956522,155.04347826086956,156.0,168.7826086956522,inside_visible,480.6915,430.946,0
HK25g1U-GF4_2842-3325,406,1,787.6666666666666,201.66666666666663,137.0,148.00000000000003,inside_visible,483.92,433.667,1
HK25g1U-GF4_2842-3325,406,2,528.5454545454545,150.9090909090909,103.909090909091,140.54545454545453,gaze_shift,488.989,439.491,1
HK25g1U-GF4_2842-3325,406,3,244.82608695652172,155.43478260869566,156.0,168.82608695652172,inside_visible,486.338,434.549,0
HK25g1U-GF4_2842-3325,407,1,787.3703703703703,201.64814814814812,137.0,148.0,inside_visible,487.657,434.9083333333333,1
HK25g1U-GF4_2842-3325,407,2,529.6363636363636,150.72727272727272,103.72727272727276,140.63636363636363,gaze_shift,490.1265,436.8305,1
HK25g1U-GF4_2842-3325,407,3,245.8695652173913,155.82608695652175,156.0,168.8695652173913,inside_visible,489.47533333333337,435.4503333333333,0
HK25g1U-GF4_2842-3325,408,1,787.074074074074,201.6296296296296,137.0,148.0,inside_visible,491.394,436.1496666666667,1
HK25g1U-GF4_2842-3325,408,2,530.7272727272727,150.54545454545453,103.5454545454545,140.72727272727272,gaze_shift,491.264,434.17,1
HK25g1U-GF4_2842-3325,408,3,246.91304347826087,156.2173913043478,156.0,168.91304347826087,inside_visible,492.61266666666666,436.3516666666666,0
HK25g1U-GF4_2842-3325,409,1,786.7777777777778,201.61111111111111,137.0,147.99999999999997,inside_visible,495.131,437.391,1
HK25g1U-GF4_2842-3325,409,2,531.8181818181819,150.36363636363637,103.36363636363626,140.8181818181818,gaze_shift,492.846,434.4263333333333,1
HK25g1U-GF4_2842-3325,409,3,247.95652173913044,156.6086956521739,156.0,168.9565217391305,inside_visible,495.75,437.253,0
HK25g1U-GF4_2842-3325,410,1,786.4814814814815,201.59259259259255,137.0,148.00000000000003,inside_visible,503.0746666666666,437.00683333333336,1
HK25g1U-GF4_2842-3325,410,2,532.9090909090909,150.1818181818182,103.18181818181824,140.90909090909088,gaze_shift,494.428,434.6826666666667,1
HK25g1U-GF4_2842-3325,410,3,249.0,157.0,156.0,169.0,inside_visible,495.2625,435.321,0
HK25g1U-GF4_2842-3325,411,1,786.1851851851852,201.57407407407408,137.0,148.0,inside_visible,511.0183333333333,436.6226666666667,1
HK25g1U-GF4_2842-3325,411,2,534.0,150.0,103.0,141.0,gaze_shift,496.01,434.939,1
HK25g1U-GF4_2842-3325,411,3,247.75,155.8125,156.0,169.0,inside_visible,494.775,433.389,0
HK25g1U-GF4_2842-3325,412,1,785.8888888888889,201.55555555555557,137.0,148.0,inside_visible,518.962,436.2385,1
HK25g1U-GF4_2842-3325,412,2,535.0,149.88888888888889,103.0,140.88888888888889,gaze_shift,532.481,437.862,1
HK25g1U-GF4_2842-3325,412,3,246.5,154.625,156.0,169.0,inside_visible,492.787,428.957,0
HK25g1U-GF4_2842-3325,413,1,785.5925925925926,201.53703703703704,137.0,147.99999999999997,inside_visible,526.9056666666667,435.8543333333333,1
HK25g1U-GF4_2842-3325,413,2,536.0,149.77777777777777,103.0,140.77777777777777,inside_visible,536.586,436.605,1
HK25g1U-GF4_2842-3325,413,3,245.25,153.4375,156.0,169.0,inside_visible,490.799,424.525,0
HK25g1U-GF4_2842-3325,414,1,785.2962962962963,201.5185185185185,137.0,148.00000000000003,inside_visible,534.8493333333333,435.4701666666666,1
HK25g1U-GF4_2842-3325,414,2,537.0,149.66666666666666,103.0,140.66666666666666,inside_visible,535.1628333333333,435.3895,1
HK25g1U-GF4_2842-3325,414,3,244.0,152.25,156.0,169.0,inside_visible,491.68025,423.73775,0
HK25g1U-GF4_2842-3325,415,1,785.0,201.5,137.0,148.0,inside_visible,542.793,435.086,1
HK25g1U-GF4_2842-3325,415,2,538.0,149.55555555555554,103.0,140.55555555555554,inside_visible,533.7396666666667,434.174,1
HK25g1U-GF4_2842-3325,415,3,242.75,151.0625,156.0,169.0,inside_visible,492.5615,422.9505,0
HK25g1U-GF4_2842-3325,416,1,784.7037037037037,201.4814814814815,137.0,147.99999999999997,inside_visible,541.2697368421053,434.7432631578948,1
HK25g1U-GF4_2842-3325,416,2,539.0,149.44444444444446,103.0,140.44444444444446,inside_visible,532.3165,432.9585,1
HK25g1U-GF4_2842-3325,416,3,241.5,149.875,156.0,169.0,inside_visible,493.44275,422.16325,0
HK25g1U-GF4_2842-3325,417,1,784.4074074074074,201.46296296296296,137.0,148.00000000000003,inside_visible,539.7464736842105,434.4005263157895,1
HK25g1U-GF4_2842-3325,417,2,540.0,149.33333333333334,103.0,140.33333333333334,inside_visible,530.8933333333333,431.743,1
HK25g1U-GF4_2842-3325,417,3,240.25,148.6875,156.0,169.0,inside_visible,494.324,421.376,0
HK25g1U-GF4_2842-3325,418,1,784.1111111111111,201.44444444444449,137.0,148.0,inside_visible,538.2232105263158,434.0577894736842,1
HK25g1U-GF4_2842-3325,418,2,541.0,149.22222222222223,103.0,140.22222222222223,inside_visible,529.4701666666667,430.5275,1
HK25g1U-GF4_2842-3325,418,3,239.0,147.5,156.0,169.0,inside_visible,493.5803333333333,421.71366666666665,0
HK25g1U-GF4_2842-3325,419,1,783.8148148148148,201.42592592592592,137.0,148.0,inside_visible,536.699947368421,433.7150526315789,1
HK25g1U-GF4_2842-3325,419,2,542.0,149.11111111111111,103.0,140.11111111111111,inside_visible,528.047,429.312,1
HK25g1U-GF4_2842-3325,419,3,237.75,146.3125,156.0,169.0,inside_visible,492.8366666666667,422.0513333333333,0
HK25g1U-GF4_2842-3325,420,1,783.5185185185185,201.40740740740745,137.0,147.99999999999997,inside_visible,535.1766842105263,433.3723157894737,1
HK25g1U-GF4_2842-3325,420,2,543.0,149.0,103.0,140.0,inside_visible,527.246,429.9025714285714,1
HK25g1U-GF4_2842-3325,420,3,236.5,145.125,156.0,169.0,inside_visible,492.093,422.389,0
HK25g1U-GF4_2842-3325,421,1,783.2222222222222,201.38888888888889,137.0,148.00000000000003,inside_visible,533.6534210526315,433.0295789473684,1
HK25g1U-GF4_2842-3325,421,2,543.0,149.0,103.0,139.8888888888889,inside_visible,526.445,430.49314285714286,1
HK25g1U-GF4_2842-3325,421,3,235.25,143.9375,156.0,169.0,inside_visible,492.5990000000001,422.727,0
HK25g1U-GF4_2842-3325,422,1,782.925925925926,201.3703703703704,137.0,148.0,inside_visible,532.1301578947368,432.6868421052632,1
HK25g1U-GF4_2842-3325,422,2,543.0,149.0,103.0,139.77777777777777,inside_visible,525.644,431.0837142857143,1
HK25g1U-GF4_2842-3325,422,3,234.0,142.75,156.0,169.0,inside_visible,493.105,423.065,0
HK25g1U-GF4_2842-3325,423,1,782.6296296296297,201.35185185185185,137.0,148.0,inside_visible,530.6068947368422,432.3441052631579,1
HK25g1U-GF4_2842-3325,423,2,543.0,149.0,103.0,139.66666666666669,inside_visible,524.8430000000001,431.67428571428576,1
HK25g1U-GF4_2842-3325,423,3,232.75,141.5625,156.0,169.0,inside_visible,493.1204285714286,423.62442857142855,0
HK25g1U-GF4_2842-3325,424,1,782.3333333333334,201.33333333333331,137.0,147.99999999999997,inside_visible,529.0836315789473,432.00136842105263,1
HK25g1U-GF4_2842-3325,424,2,543.0,149.0,103.0,139.55555555555554,inside_visible,524.042,432.2648571428572,1
HK25g1U-GF4_2842-3325,424,3,231.5,140.375,156.0,169.0,inside_visible,493.1358571428572,424.1838571428572,0
HK25g1U-GF4_2842-3325,425,1,782.0370370370371,201.3148148148148,137.0,148.00000000000003,inside_visible,527.5603684210527,431.6586315789474,1
HK25g1U-GF4_2842-3325,425,2,543.0,149.0,103.0,139.44444444444446,inside_visible,523.2410000000001,432.8554285714286,1
HK25g1U-GF4_2842-3325,425,3,230.25,139.1875,156.0,169.0,inside_visible,493.1512857142857,424.7432857142857,0
HK25g1U-GF4_2842-3325,426,1,781.7407407407408,201.2962962962963,137.0,148.0,inside_visible,526.0371052631579,431.3158947368421,1
HK25g1U-GF4_2842-3325,426,2,543.0,149.0,103.0,139.33333333333331,inside_visible,522.44,433.446,1
HK25g1U-GF4_2842-3325,426,3,229.0,138.0,156.0,169.0,inside_visible,493.1667142857143,425.3027142857143,0
HK25g1U-GF4_2842-3325,427,1,781.4444444444445,201.27777777777777,137.0,148.0,inside_visible,524.5138421052632,430.97315789473686,1
HK25g1U-GF4_2842-3325,427,2,543.0,149.0,103.0,139.22222222222223,inside_visible,521.9604,433.4626,1
HK25g1U-GF4_2842-3325,427,3,228.77777777777777,137.72222222222223,155.72222222222223,169.27777777777777,inside_visible,493.1821428571429,425.8621428571428,0
HK25g1U-GF4_2842-3325,428,1,781.1481481481482,201.25925925925927,137.0,147.99999999999997,inside_visible,522.9905789473685,430.6304210526316,1
HK25g1U-GF4_2842-3325,428,2,543.0,149.0,103.0,139.1111111111111,inside_visible,521.4808,433.4792,1
HK25g1U-GF4_2842-3325,428,3,228.55555555555557,137.44444444444446,155.44444444444446,169.55555555555554,inside_visible,493.19757142857145,426.4215714285714,0
HK25g1U-GF4_2842-3325,429,1,780.8518518518518,201.24074074074076,137.0,148.00000000000003,inside_visible,521.4673157894737,430.2876842105263,1
HK25g1U-GF4_2842-3325,429,2,543.0,149.0,103.0,139.0,inside_visible,521.0012,433.4958,1
HK25g1U-GF4_2842-3325,429,3,228.33333333333331,137.16666666666666,155.16666666666666,169.83333333333334,inside_visible,493.213,426.981,0
HK25g1U-GF4_2842-3325,430,1,780.5555555555555,201.22222222222223,137.0,148.0,inside_visible,519.944052631579,429.9449473684211,1
HK25g1U-GF4_2842-3325,430,2,542.7142857142857,149.57142857142858,103.28571428571432,138.85714285714286,inside_visible,520.5216,433.5124,1
HK25g1U-GF4_2842-3325,430,3,228.11111111111111,136.88888888888889,154.88888888888889,170.11111111111111,inside_visible,491.4653333333334,424.5613333333333,0
HK25g1U-GF4_2842-3325,431,1,780.2592592592592,201.2037037037037,137.0,148.0,inside_visible,518.4207894736842,429.6022105263158,1
HK25g1U-GF4_2842-3325,431,2,542.4285714285714,150.14285714285714,103.57142857142856,138.7142857142857,inside_visible,520.042,433.529,1
HK25g1U-GF4_2842-3325,431,3,227.88888888888889,136.61111111111111,154.61111111111111,170.38888888888889,inside_visible,489.7176666666667,422.14166666666665,0
HK25g1U-GF4_2842-3325,432,1,779.9629629629629,201.1851851851852,137.0,147.99999999999997,inside_visible,516.8975263157895,429.25947368421055,1
HK25g1U-GF4_2842-3325,432,2,542.1428571428571,150.71428571428572,103.85714285714288,138.57142857142856,inside_visible,518.729,431.8513333333333,1
HK25g1U-GF4_2842-3325,432,3,227.66666666666663,136.33333333333334,154.33333333333334,170.66666666666666,inside_visible,487.97,419.722,0
HK25g1U-GF4_2842-3325,433,1,779.6666666666666,201.16666666666663,137.0,148.00000000000003,inside_visible,515.3742631578947,428.9167368421053,1
HK25g1U-GF4_2842-3325,433,2,541.8571428571429,151.28571428571428,104.14285714285712,138.42857142857144,inside_visible,517.4159999999999,430.1736666666666,1
HK25g1U-GF4_2842-3325,433,3,227.44444444444449,136.05555555555554,154.05555555555554,170.94444444444446,inside_visible,488.47766666666666,419.8176666666666,0
HK25g1U-GF4_2842-3325,434,1,779.3703703703703,201.14814814814812,137.0,148.0,inside_visible,513.851,428.574,1
HK25g1U-GF4_2842-3325,434,2,541.5714285714286,151.85714285714286,104.42857142857144,138.2857142857143,inside_visible,516.103,428.496,1
HK25g1U-GF4_2842-3325,434,3,227.22222222222223,135.77777777777777,153.77777777777777,171.22222222222223,inside_visible,488.98533333333336,419.91333333333336,0
HK25g1U-GF4_2842-3325,435,1,779.074074074074,201.1296296296296,137.0,148.0,inside_visible,525.979,429.278,1
HK25g1U-GF4_2842-3325,435,2,541.2857142857143,152.42857142857142,104.71428571428568,138.14285714285714,inside_visible,523.207,432.471,1
HK25g1U-GF4_2842-3325,435,3,227.0,135.5,153.5,171.5,inside_visible,489.493,420.009,0
HK25g1U-GF4_2842-3325,436,1,778.7777777777778,201.11111111111111,137.0,147.99999999999997,inside_visible,490.773,418.649,1
HK25g1U-GF4_2842-3325,436,2,541.0,153.0,105.0,138.0,inside_visible,490.144,413.446,1
HK25g1U-GF4_2842-3325,436,3,226.77777777777777,135.22222222222223,153.22222222222223,171.77777777777777,inside_visible,488.66133333333335,417.28,0
HK25g1U-GF4_2842-3325,437,1,778.4814814814815,201.09259259259255,137.0,148.00000000000003,inside_visible,487.2335000000001,415.0195,1
HK25g1U-GF4_2842-3325,437,2,541.125,153.625,105.0,137.75,inside_visible,489.7065,413.071,1
HK25g1U-GF4_2842-3325,437,3,226.55555555555557,134.94444444444446,152.94444444444446,172.05555555555554,inside_visible,487.8296666666666,414.551,0
HK25g1U-GF4_2842-3325,438,1,778.1851851851852,201.07407407407408,137.0,148.0,inside_visible,483.694,411.39,1
HK25g1U-GF4_2842-3325,438,2,541.25,154.25,105.0,137.5,inside_visible,489.269,412.696,1
HK25g1U-GF4_2842-3325,438,3,226.33333333333331,134.66666666666666,152.66666666666666,172.33333333333334,inside_visible,486.998,411.822,0
HK25g1U-GF4_2842-3325,439,1,777.8888888888889,201.05555555555557,137.0,148.0,inside_visible,487.4045,412.594,1
HK25g1U-GF4_2842-3325,439,2,541.375,154.875,105.0,137.25,inside_visible,488.8315,412.321,1
HK25g1U-GF4_2842-3325,439,3,226.11111111111111,134.38888888888889,152.38888888888889,172.61111111111111,inside_visible,482.2915,411.9055,0
HK25g1U-GF4_2842-3325,440,1,777.5925925925926,201.03703703703704,137.0,147.99999999999997,inside_visible,491.115,413.798,1
HK25g1U-GF4_2842-3325,440,2,541.5,155.5,105.0,137.0,inside_visible,488.394,411.946,1
HK25g1U-GF4_2842-3325,440,3,225.88888888888889,134.11111111111111,152.11111111111111,172.88888888888889,inside_visible,477.585,411.989,0
HK25g1U-GF4_2842-3325,441,1,777.2962962962963,201.0185185185185,137.0,148.00000000000003,inside_visible,491.36775,411.7865,1
HK25g1U-GF4_2842-3325,441,2,541.625,156.125,105.0,136.75,inside_visible,487.9565,411.571,1
HK25g1U-GF4_2842-3325,441,3,225.66666666666663,133.83333333333334,151.83333333333334,173.16666666666666,inside_visible,479.7196666666666,410.6756666666666,0
HK25g1U-GF4_2842-3325,442,1,777.0,201.0,137.0,148.0,inside_visible,491.6205,409.775,1
HK25g1U-GF4_2842-3325,442,2,541.75,156.75,105.0,136.5,inside_visible,487.519,411.196,1
HK25g1U-GF4_2842-3325,442,3,225.44444444444449,133.55555555555554,151.55555555555554,173.44444444444446,inside_visible,481.8543333333333,409.3623333333333,0
HK25g1U-GF4_2842-3325,443,1,777.1153846153846,201.2692307692308,137.0,148.0,inside_visible,491.87325,407.7635,1
HK25g1U-GF4_2842-3325,443,2,541.875,157.375,105.0,136.25,inside_visible,487.0815,410.821,1
HK25g1U-GF4_2842-3325,443,3,225.22222222222223,133.27777777777777,151.27777777777777,173.72222222222223,inside_visible,483.989,408.049,0
HK25g1U-GF4_2842-3325,444,1,777.2307692307693,201.53846153846155,137.0,148.0,inside_visible,492.126,405.752,1
HK25g1U-GF4_2842-3325,444,2,542.0,158.0,105.0,136.0,inside_visible,486.644,410.446,1
HK25g1U-GF4_2842-3325,444,3,225.0,133.0,151.0,174.0,inside_visible,488.64366666666666,408.968,0
HK25g1U-GF4_2842-3325,445,1,777.3461538461538,201.80769230769232,137.0,148.0,inside_visible,496.5233636363636,405.5953636363636,1
HK25g1U-GF4_2842-3325,445,2,542.0,158.58333333333334,105.0,135.99999999999997,inside_visible,492.49625,410.9005,1
HK25g1U-GF4_2842-3325,445,3,226.56,134.76,151.0,173.84000000000003,inside_visible,493.2983333333333,409.887,0
HK25g1U-GF4_2842-3325,446,1,777.4615384615385,202.07692307692307,137.0,148.00000000000003,inside_visible,500.9207272727272,405.4387272727273,1
HK25g1U-GF4_2842-3325,446,2,542.0,159.16666666666666,105.0,136.00000000000003,inside_visible,498.3485,411.355,1
HK25g1U-GF4_2842-3325,446,3,228.12,136.52,151.0,173.67999999999998,inside_visible,497.953,410.806,0
HK25g1U-GF4_2842-3325,447,1,777.5769230769231,202.34615384615384,137.0,148.00000000000003,inside_visible,505.31809090909087,405.2820909090909,1
HK25g1U-GF4_2842-3325,447,2,542.0,159.75,105.0,136.0,inside_visible,504.20075,411.8095,1
HK25g1U-GF4_2842-3325,447,3,229.68,138.28,151.0,173.52,inside_visible,503.462,409.8085,0
HK25g1U-GF4_2842-3325,448,1,777.6923076923077,202.6153846153846,137.0,148.00000000000003,inside_visible,509.7154545454545,405.12545454545455,1
HK25g1U-GF4_2842-3325,448,2,542.0,160.33333333333334,105.0,135.99999999999997,inside_visible,510.053,412.264,1
HK25g1U-GF4_2842-3325,448,3,231.24,140.04,151.0,173.36,inside_visible,508.971,408.811,0
HK25g1U-GF4_2842-3325,449,1,777.8076923076923,202.8846153846154,137.0,147.99999999999997,inside_visible,514.1128181818182,404.96881818181816,1
HK25g1U-GF4_2842-3325,449,2,542.0,160.91666666666666,105.0,136.00000000000003,inside_visible,514.5896666666666,411.8136666666667,1
HK25g1U-GF4_2842-3325,449,3,232.8,141.8,151.0,173.2,inside_visible,513.48,408.8135,0
HK25g1U-GF4_2842-3325,450,1,777.9230769230769,203.15384615384616,137.0,147.99999999999997,inside_visible,518.5101818181818,404.8121818181818,1
HK25g1U-GF4_2842-3325,450,2,542.0,161.5,105.0,136.0,inside_visible,519.1263333333334,411.3633333333333,1
HK25g1U-GF4_2842-3325,450,3,234.36,143.56,151.0,173.04000000000002,inside_visible,517.989,408.816,0
HK25g1U-GF4_2842-3325,451,1,778.0384615384615,203.42307692307693,137.0,147.99999999999997,inside_visible,522.9075454545455,404.6555454545455,1
HK25g1U-GF4_2842-3325,451,2,542.0,162.08333333333334,105.0,135.99999999999997,inside_visible,523.663,410.913,1
HK25g1U-GF4_2842-3325,451,3,235.92,145.32,151.0,172.88,inside_visible,521.998,406.8185,0
HK25g1U-GF4_2842-3325,452,1,778.1538461538462,203.69230769230768,137.0,148.0,inside_visible,527.3049090909091,404.4989090909091,1
HK25g1U-GF4_2842-3325,452,2,542.0,162.66666666666666,105.0,136.00000000000003,inside_visible,528.0335,405.2965,1
HK25g1U-GF4_2842-3325,452,3,237.48,147.08,151.00000000000003,172.72,inside_visible,526.007,404.821,0
HK25g1U-GF4_2842-3325,453,1,778.2692307692307,203.96153846153845,137.0,148.0,inside_visible,531.7022727272727,404.3422727272727,1
HK25g1U-GF4_2842-3325,453,2,542.0,163.25,105.0,136.0,inside_visible,532.404,399.68,1
HK25g1U-GF4_2842-3325,453,3,239.04,148.84,151.00000000000003,172.55999999999997,inside_visible,531.516,402.323,0
HK25g1U-GF4_2842-3325,454,1,778.3846153846154,204.23076923076923,137.0,148.0,inside_visible,536.0996363636364,404.1856363636364,1
HK25g1U-GF4_2842-3325,454,2,542.0,163.83333333333334,105.0,135.99999999999997,inside_visible,538.274,402.063,1
HK25g1U-GF4_2842-3325,454,3,240.6,150.6,151.00000000000003,172.4,inside_visible,537.025,399.825,0
HK25g1U-GF4_2842-3325,455,1,778.5,204.5,137.0,148.0,inside_visible,540.497,404.029,1
HK25g1U-GF4_2842-3325,455,2,542.0,164.41666666666666,105.0,136.00000000000003,inside_visible,544.144,404.446,1
HK25g1U-GF4_2842-3325,455,3,242.16,152.36,151.00000000000003,172.24,inside_visible,538.4286666666667,402.432,0
HK25g1U-GF4_2842-3325,456,1,778.6153846153846,204.7692307692308,137.0,148.0,inside_visible,542.1992,405.7776,1
HK25g1U-GF4_2842-3325,456,2,542.0,165.0,105.0,136.0,inside_visible,543.8226666666667,405.6983333333333,1
HK25g1U-GF4_2842-3325,456,3,243.72,154.12,151.00000000000003,172.07999999999998,inside_visible,539.8323333333333,405.039,0
HK25g1U-GF4_2842-3325,457,1,778.7307692307693,205.03846153846155,137.0,148.0,inside_visible,543.9014,407.5262,1
HK25g1U-GF4_2842-3325,457,2,541.5,165.5,104.83333333333336,136.0,inside_visible,543.5013333333333,406.9506666666667,1
HK25g1U-GF4_2842-3325,457,3,245.28,155.88,150.99999999999997,171.92000000000002,inside_visible,541.236,407.646,0
HK25g1U-GF4_2842-3325,458,1,778.8461538461538,205.30769230769232,137.0,148.0,inside_visible,545.6036,409.2748,1
HK25g1U-GF4_2842-3325,458,2,541.0,166.0,104.66666666666664,136.0,inside_visible,543.18,408.203,1
HK25g1U-GF4_2842-3325,458,3,246.84,157.64,151.00000000000003,171.76,inside_visible,543.6493333333333,409.0053333333333,0
HK25g1U-GF4_2842-3325,459,1,778.9615384615385,205.57692307692307,137.0,148.00000000000003,inside_visible,547.3058,411.0234,1
HK25g1U-GF4_2842-3325,459,2,540.5,166.5,104.5,136.0,inside_visible,546.68,410.953,1
HK25g1U-GF4_2842-3325,459,3,248.4,159.4,150.99999999999997,171.6,inside_visible,546.0626666666667,410.36466666666666,0
HK25g1U-GF4_2842-3325,460,1,779.0769230769231,205.84615384615384,137.0,148.00000000000003,inside_visible,549.008,412.772,1
HK25g1U-GF4_2842-3325,460,2,540.0,167.0,104.33333333333336,136.0,inside_visible,550.18,413.703,1
HK25g1U-GF4_2842-3325,460,3,249.96,161.16,150.99999999999997,171.44000000000003,inside_visible,548.476,411.724,0
HK25g1U-GF4_2842-3325,461,1,779.1923076923077,206.1153846153846,137.0,148.00000000000003,inside_visible,552.0434,417.1872,1
HK25g1U-GF4_2842-3325,461,2,539.5,167.5,104.16666666666664,136.0,inside_visible,553.68,416.453,1
HK25g1U-GF4_2842-3325,461,3,251.52,162.92000000000002,150.99999999999997,171.27999999999997,inside_visible,551.556,414.639,0
HK25g1U-GF4_2842-3325,462,1,779.3076923076923,206.3846153846154,137.0,147.99999999999997,inside_visible,555.0788,421.6024,1
HK25g1U-GF4_2842-3325,462,2,539.0,168.0,104.0,136.0,inside_visible,557.18,419.203,1
HK25g1U-GF4_2842-3325,462,3,253.08,164.68,151.0,171.12,inside_visible,554.636,417.554,0
HK25g1U-GF4_2842-3325,463,1,779.4230769230769,206.65384615384616,137.0,147.99999999999997,inside_visible,558.1142,426.0176,1
HK25g1U-GF4_2842-3325,463,2,538.5,168.625,103.75,136.0,inside_visible,558.0133333333333,427.11966666666666,1
HK25g1U-GF4_2842-3325,463,3,254.64,166.44,151.0,170.95999999999998,inside_visible,557.716,420.469,0
HK25g1U-GF4_2842-3325,464,1,779.5384615384615,206.92307692307693,137.0,147.99999999999997,inside_visible,561.1496,430.4328,1
HK25g1U-GF4_2842-3325,464,2,538.0,169.25,103.5,136.0,inside_visible,558.8466666666666,435.0363333333333,1
HK25g1U-GF4_2842-3325,464,3,256.2,168.2,151.0,170.8,inside_visible,558.3255,427.433,0
HK25g1U-GF4_2842-3325,465,1,779.6538461538462,207.19230769230768,137.0,148.0,inside_visible,564.185,434.848,1
HK25g1U-GF4_2842-3325,465,2,537.5,169.875,103.25,136.0,inside_visible,559.68,442.953,1
HK25g1U-GF4_2842-3325,465,3,257.76,169.96,151.0,170.64,inside_visible,558.935,434.397,0
HK25g1U-GF4_2842-3325,466,1,779.7692307692307,207.46153846153845,137.0,148.0,inside_visible,570.6813333333333,443.8496666666667,1
HK25g1U-GF4_2842-3325,466,2,537.0,170.5,103.0,136.0,inside_visible,560.5133333333333,450.86966666666666,1
HK25g1U-GF4_2842-3325,466,3,259.32,171.72,151.0,170.48,inside_visible,559.5445,441.361,0
HK25g1U-GF4_2842-3325,467,1,779.8846153846154,207.73076923076923,137.0,148.0,inside_visible,577.1776666666666,452.8513333333333,1
HK25g1U-GF4_2842-3325,467,2,536.5,171.125,102.75,136.0,inside_visible,561.3466666666666,458.7863333333333,1
HK25g1U-GF4_2842-3325,467,3,260.88,173.48000000000002,151.0,170.32,inside_visible,560.154,448.325,0
HK25g1U-GF4_2842-3325,468,1,780.0,208.0,137.0,148.0,inside_visible,583.674,461.853,1
HK25g1U-GF4_2842-3325,468,2,536.0,171.75,102.5,136.0,inside_visible,562.18,466.703,1
HK25g1U-GF4_2842-3325,468,3,262.44,175.24,151.0,170.15999999999997,inside_visible,575.923,458.262,0
HK25g1U-GF4_2842-3325,469,1,778.5625,208.0,136.6875,148.25,inside_visible,592.04525,468.2715,1
HK25g1U-GF4_2842-3325,469,2,535.5,172.375,102.25,136.0,inside_visible,575.8942499999999,472.66275,1
HK25g1U-GF4_2842-3325,469,3,264.0,177.0,151.0,170.0,inside_visible,591.692,468.199,0
HK25g1U-GF4_2842-3325,470,1,777.125,208.0,136.375,148.5,inside_visible,600.4165,474.69,1
HK25g1U-GF4_2842-3325,470,2,535.0,173.0,102.0,136.0,inside_visible,589.6085,478.6225,1
HK25g1U-GF4_2842-3325,470,3,263.26666666666665,177.06666666666666,150.73333333333335,170.13333333333333,inside_visible,607.461,478.136,0
HK25g1U-GF4_2842-3325,471,1,775.6875,208.0,136.0625,148.75,inside_visible,608.78775,481.1085,1
HK25g1U-GF4_2842-3325,471,2,533.3571428571429,174.07142857142858,102.28571428571422,135.92857142857142,inside_visible,603.32275,484.58225,1
HK25g1U-GF4_2842-3325,471,3,262.53333333333336,177.13333333333333,150.46666666666664,170.26666666666665,inside_visible,611.9085,483.6905,0
HK25g1U-GF4_2842-3325,472,1,774.25,208.0,135.75,149.0,inside_visible,617.159,487.527,1
HK25g1U-GF4_2842-3325,472,2,531.7142857142857,175.14285714285714,102.57142857142868,135.85714285714286,inside_visible,617.037,490.542,1
HK25g1U-GF4_2842-3325,472,3,261.8,177.2,150.2,170.40000000000003,inside_visible,616.356,489.245,0
HK25g1U-GF4_2842-3325,473,1,772.8125,208.0,135.4375,149.25,inside_visible,624.968,490.987,1
HK25g1U-GF4_2842-3325,473,2,530.0714285714286,176.21428571428572,102.85714285714288,135.78571428571428,inside_visible,624.3346666666666,493.5853333333333,1
HK25g1U-GF4_2842-3325,473,3,261.06666666666666,177.26666666666668,149.93333333333334,170.53333333333333,inside_visible,622.887,494.522,0
HK25g1U-GF4_2842-3325,474,1,771.375,208.0,135.125,149.5,inside_visible,631.402,495.989,1
HK25g1U-GF4_2842-3325,474,2,528.4285714285714,177.28571428571428,103.14285714285712,135.71428571428572,inside_visible,631.6323333333333,496.6286666666667,1
HK25g1U-GF4_2842-3325,474,3,260.3333333333333,177.33333333333334,149.66666666666669,170.66666666666666,inside_visible,629.418,499.799,0
HK25g1U-GF4_2842-3325,475,1,769.9375,208.0,134.8125,149.75,inside_visible,639.3620000000001,496.5726666666666,1
HK25g1U-GF4_2842-3325,475,2,526.7857142857143,178.35714285714286,103.42857142857132,135.64285714285714,inside_visible,638.93,499.672,1
HK25g1U-GF4_2842-3325,475,3,259.6,177.4,149.39999999999998,170.79999999999998,inside_visible,635.949,505.076,0
HK25g1U-GF4_2842-3325,476,1,768.5,208.0,134.5,150.0,inside_visible,647.322,497.15633333333335,1
HK25g1U-GF4_2842-3325,476,2,525.1428571428571,179.42857142857142,103.71428571428578,135.57142857142858,inside_visible,640.555,503.6615000000001,1
HK25g1U-GF4_2842-3325,476,3,258.8666666666667,177.46666666666667,149.13333333333333,170.9333333333333,inside_visible,637.18,507.9306,0
HK25g1U-GF4_2842-3325,477,1,767.0625,208.0,134.1875,150.25,inside_visible,655.282,497.74,1
HK25g1U-GF4_2842-3325,477,2,523.5,180.5,104.0,135.5,inside_visible,642.18,507.651,1
HK25g1U-GF4_2842-3325,477,3,258.1333333333333,177.53333333333333,148.86666666666667,171.0666666666667,inside_visible,638.411,510.7852,0
HK25g1U-GF4_2842-3325,478,1,765.625,208.0,133.875,150.5,inside_visible,651.9085,505.185,1
HK25g1U-GF4_2842-3325,478,2,521.8571428571429,181.57142857142856,104.28571428571422,135.42857142857142,inside_visible,643.805,511.6405,1
HK25g1U-GF4_2842-3325,478,3,257.4,177.6,148.60000000000002,171.20000000000002,inside_visible,639.642,513.6398,0
HK25g1U-GF4_2842-3325,479,1,764.1875,208.0,133.5625,150.75,inside_visible,648.535,512.63,1
HK25g1U-GF4_2842-3325,479,2,520.2142857142857,182.64285714285717,104.57142857142868,135.35714285714286,inside_visible,645.43,515.63,1
HK25g1U-GF4_2842-3325,479,3,256.6666666666667,177.66666666666666,148.33333333333331,171.33333333333334,inside_visible,640.873,516.4944,0
HK25g1U-GF4_2842-3325,480,1,762.75,208.0,133.25,151.0,inside_visible,644.495,516.0745,1
HK25g1U-GF4_2842-3325,480,2,518.5714285714286,183.7142857142857,104.85714285714288,135.28571428571428,inside_visible,643.93,517.3445,1
HK25g1U-GF4_2842-3325,480,3,255.9333333333333,177.73333333333332,148.06666666666666,171.46666666666667,inside_visible,642.104,519.349,0
HK25g1U-GF4_2842-3325,481,1,761.3125,208.0,132.9375,151.25,inside_visible,640.455,519.519,1
HK25g1U-GF4_2842-3325,481,2,516.9285714285714,184.78571428571428,105.14285714285712,135.21428571428572,inside_visible,642.43,519.059,1
HK25g1U-GF4_2842-3325,481,3,255.2,177.8,147.8,171.59999999999997,inside_visible,639.96825,521.89525,0
HK25g1U-GF4_2842-3325,482,1,759.875,208.0,132.625,151.5,inside_visible,640.7343333333333,520.458,1
HK25g1U-GF4_2842-3325,482,2,515.2857142857143,185.8571428571429,105.42857142857132,135.14285714285714,inside_visible,640.93,520.7735,1
HK25g1U-GF4_2842-3325,482,3,254.46666666666667,177.86666666666667,147.53333333333333,171.73333333333335,inside_visible,637.8325,524.4415,0
HK25g1U-GF4_2842-3325,483,1,758.4375,208.0,132.3125,151.75,inside_visible,641.0136666666667,521.397,1
HK25g1U-GF4_2842-3325,483,2,513.6428571428571,186.92857142857144,105.71428571428578,135.07142857142858,inside_visible,639.43,522.488,1
HK25g1U-GF4_2842-3325,483,3,253.7333333333333,177.93333333333334,147.26666666666668,171.86666666666667,inside_visible,635.6967500000001,526.98775,0
HK25g1U-GF4_2842-3325,484,1,757.0,208.0,132.0,152.0,inside_visible,641.293,522.336,1
HK25g1U-GF4_2842-3325,484,2,512.0,188.0,106.0,135.0,inside_visible,637.18,525.703,1
HK25g1U-GF4_2842-3325,484,3,253.0,178.0,147.0,172.0,inside_visible,633.561,529.534,0
