clip,frame,person_id,bbox_x,bbox_y,bbox_width,bbox_height,gaze_class,gaze_x,gaze_y,is_child
i7GsJrDdCVU_15263-16742,1,1,502.0,268.0,299.0,341.0,inside_visible,205.852,1017.553,1
i7GsJrDdCVU_15263-16742,1,2,1146.0,0.0,337.0,400.0,inside_visible,643.91,835.865,0
i7GsJrDdCVU_15263-16742,2,1,516.0,268.0,282.0,340.0,inside_visible,205.852,1017.553,1
i7GsJrDdCVU_15263-16742,2,2,1144.4166666666667,0.3333333333333333,337.0,400.0,inside_visible,642.9461,838.9975000000001,0
i7GsJrDdCVU_15263-16742,3,1,516.0,268.0,281.25,340.25,inside_visible,208.23538461538465,1017.195435897436,1
i7GsJrDdCVU_15263-16742,3,2,1142.8333333333333,0.6666666666666666,337.0,400.0,inside_visible,641.9821999999999,842.13,0
i7GsJrDdCVU_15263-16742,4,1,516.0,268.0,280.5,340.5,inside_visible,210.61876923076923,1016.8378717948718,1
i7GsJrDdCVU_15263-16742,4,2,1141.25,1.0,337.0,400.0,inside_visible,641.0183,845.2625,0
i7GsJrDdCVU_15263-16742,5,1,516.0,268.0,279.75,340.75,inside_visible,213.00215384615385,1016.4803076923076,1
i7GsJrDdCVU_15263-16742,5,2,1139.6666666666667,1.3333333333333333,337.0,400.0,inside_visible,640.0544,848.395,0
i7GsJrDdCVU_15263-16742,6,1,516.0,268.0,279.0,341.0,inside_visible,215.3855384615385,1016.1227435897435,1
i7GsJrDdCVU_15263-16742,6,2,1138.0833333333333,1.6666666666666667,337.0,400.0,inside_visible,639.0905,851.5275,0
i7GsJrDdCVU_15263-16742,7,1,523.3333333333334,269.0,279.0,341.0,inside_visible,217.76892307692307,1015.7651794871796,1
i7GsJrDdCVU_15263-16742,7,2,1136.5,2.0,337.0,400.0,inside_visible,638.1265999999999,854.6600000000001,0
i7GsJrDdCVU_15263-16742,8,1,530.6666666666666,270.0,279.0,341.0,inside_visible,220.1523076923077,1015.4076153846154,1
i7GsJrDdCVU_15263-16742,8,2,1134.9166666666667,2.333333333333333,337.0,400.0,inside_visible,637.1627,857.7925,0
i7GsJrDdCVU_15263-16742,9,1,538.0,271.0,279.0,341.0,inside_visible,222.5356923076923,1015.0500512820512,1
i7GsJrDdCVU_15263-16742,9,2,1133.3333333333333,2.6666666666666665,337.0,400.0,inside_visible,636.1988,860.9250000000001,0
i7GsJrDdCVU_15263-16742,10,1,538.2413793103449,270.9310344827586,278.655172413793,340.8275862068965,inside_visible,224.9190769230769,1014.6924871794872,1
i7GsJrDdCVU_15263-16742,10,2,1131.75,3.0,337.0,400.0,inside_visible,635.2348999999999,864.0575,0
i7GsJrDdCVU_15263-16742,11,1,538.4827586206897,270.86206896551727,278.31034482758616,340.6551724137931,inside_visible,227.30246153846156,1014.334923076923,1
i7GsJrDdCVU_15263-16742,11,2,1130.1666666666667,3.333333333333333,337.0,400.0,inside_visible,634.271,867.19,0
i7GsJrDdCVU_15263-16742,12,1,538.7241379310345,270.7931034482759,277.9655172413793,340.4827586206896,inside_visible,229.68584615384611,1013.9773589743588,1
i7GsJrDdCVU_15263-16742,12,2,1128.5833333333333,3.6666666666666665,337.0,400.0,inside_visible,630.60425,869.6345,0
i7GsJrDdCVU_15263-16742,13,1,538.9655172413793,270.7241379310345,277.62068965517244,340.3103448275862,inside_visible,232.0692307692308,1013.6197948717949,1
i7GsJrDdCVU_15263-16742,13,2,1127.0,4.0,337.0,400.0,inside_visible,626.9375,872.079,0
i7GsJrDdCVU_15263-16742,14,1,539.2068965517242,270.6551724137931,277.27586206896547,340.13793103448273,inside_visible,234.45261538461537,1013.2622307692308,1
i7GsJrDdCVU_15263-16742,14,2,1127.0,4.0,337.0,400.0,inside_visible,623.27075,874.5235,0
i7GsJrDdCVU_15263-16742,15,1,539.448275862069,270.58620689655174,276.9310344827586,339.9655172413793,inside_visible,236.836,1012.9046666666668,1
i7GsJrDdCVU_15263-16742,15,2,1127.0,4.0,337.0,400.0,inside_visible,619.604,876.968,0
i7GsJrDdCVU_15263-16742,16,1,539.6896551724138,270.51724137931035,276.58620689655163,339.7931034482758,inside_visible,239.2193846153846,1012.5471025641024,1
i7GsJrDdCVU_15263-16742,16,2,1127.0,4.0,337.0,400.0,gaze_shift,636.9277500000001,770.75225,0
i7GsJrDdCVU_15263-16742,17,1,539.9310344827586,270.4482758620689,276.2413793103449,339.62068965517244,inside_visible,241.60276923076924,1012.1895384615384,1
i7GsJrDdCVU_15263-16742,17,2,1127.0,4.0,337.0,400.0,gaze_shift,654.2515000000001,664.5364999999999,0
i7GsJrDdCVU_15263-16742,18,1,540.1724137931035,270.3793103448276,275.8965517241379,339.4482758620689,inside_visible,243.98615384615383,1011.8319743589744,1
i7GsJrDdCVU_15263-16742,18,2,1127.0,4.0,337.0,400.0,gaze_shift,671.57525,558.32075,0
i7GsJrDdCVU_15263-16742,19,1,540.4137931034483,270.3103448275862,275.55172413793105,339.2758620689655,inside_visible,246.36953846153847,1011.4744102564102,1
i7GsJrDdCVU_15263-16742,19,2,1127.0,4.0,337.0,400.0,inside_visible,688.899,452.105,0
i7GsJrDdCVU_15263-16742,20,1,540.6551724137931,270.2413793103448,275.20689655172407,339.10344827586204,inside_visible,248.75292307692308,1011.1168461538462,1
i7GsJrDdCVU_15263-16742,20,2,1128.2941176470588,4.0,337.0,400.0,inside_visible,718.271,421.19,0
i7GsJrDdCVU_15263-16742,21,1,540.8965517241379,270.17241379310343,274.8620689655172,338.93103448275866,inside_visible,251.1363076923077,1010.759282051282,1
i7GsJrDdCVU_15263-16742,21,2,1129.5882352941176,4.0,337.0,400.0,inside_visible,717.47128125,422.08378125,0
i7GsJrDdCVU_15263-16742,22,1,541.1379310344828,270.1034482758621,274.51724137931035,338.7586206896551,inside_visible,253.51969230769228,1010.401717948718,1
i7GsJrDdCVU_15263-16742,22,2,1130.8823529411766,4.0,337.0,400.0,inside_visible,716.6715624999999,422.9775625,0
i7GsJrDdCVU_15263-16742,23,1,541.3793103448276,270.0344827586207,274.1724137931035,338.58620689655174,inside_visible,255.90307692307687,1010.0441538461538,1
i7GsJrDdCVU_15263-16742,23,2,1132.1764705882354,4.0,337.0,400.0,inside_visible,715.8718437499999,423.87134375,0
i7GsJrDdCVU_15263-16742,24,1,541.6206896551724,269.9655172413793,273.8275862068965,338.41379310344826,inside_visible,258.28646153846154,1009.6865897435896,1
i7GsJrDdCVU_15263-16742,24,2,1133.470588235294,4.0,337.0,400.0,inside_visible,715.0721249999999,424.765125,0
i7GsJrDdCVU_15263-16742,25,1,541.8620689655172,269.8965517241379,273.48275862068965,338.2413793103449,inside_visible,260.6698461538461,1009.3290256410256,1
i7GsJrDdCVU_15263-16742,25,2,1134.764705882353,4.0,337.0,400.0,inside_visible,714.2724062499999,425.65890625,0
i7GsJrDdCVU_15263-16742,26,1,542.1034482758621,269.82758620689657,273.1379310344828,338.06896551724134,inside_visible,263.0532307692308,1008.9714615384617,1
i7GsJrDdCVU_15263-16742,26,2,1136.0588235294117,4.0,337.0,400.0,inside_visible,713.4726875,426.5526875,0
i7GsJrDdCVU_15263-16742,27,1,542.3448275862069,269.7586206896552,272.793103448276,337.896551724138,inside_visible,265.4366153846154,1008.6138974358972,1
i7GsJrDdCVU_15263-16742,27,2,1137.3529411764705,4.0,337.0,400.0,inside_visible,712.67296875,427.44646875,0
i7GsJrDdCVU_15263-16742,28,1,542.5862068965517,269.6896551724138,272.4482758620689,337.7241379310345,inside_visible,267.82,1008.2563333333331,1
i7GsJrDdCVU_15263-16742,28,2,1138.6470588235295,4.0,337.0,400.0,inside_visible,711.87325,428.34025,0
i7GsJrDdCVU_15263-16742,29,1,542.8275862068965,269.62068965517244,272.1034482758621,337.55172413793105,inside_visible,270.2033846153846,1007.8987692307692,1
i7GsJrDdCVU_15263-16742,29,2,1139.9411764705883,4.0,337.0,400.0,inside_visible,711.07353125,429.23403125,0
i7GsJrDdCVU_15263-16742,30,1,543.0689655172414,269.55172413793105,271.7586206896551,337.3793103448276,inside_visible,272.5867692307692,1007.5412051282052,1
i7GsJrDdCVU_15263-16742,30,2,1141.235294117647,4.0,337.0,400.0,inside_visible,710.2738125,430.1278125,0
i7GsJrDdCVU_15263-16742,31,1,543.3103448275862,269.48275862068965,271.4137931034484,337.2068965517242,inside_visible,274.97015384615383,1007.183641025641,1
i7GsJrDdCVU_15263-16742,31,2,1142.529411764706,4.0,337.0,400.0,inside_visible,709.47409375,431.02159375,0
i7GsJrDdCVU_15263-16742,32,1,543.551724137931,269.41379310344826,271.0689655172414,337.0344827586207,inside_visible,277.35353846153845,1006.8260769230768,1
i7GsJrDdCVU_15263-16742,32,2,1143.8235294117646,4.0,337.0,400.0,inside_visible,708.6743749999999,431.915375,0
i7GsJrDdCVU_15263-16742,33,1,543.7931034482758,269.3448275862069,270.72413793103453,336.86206896551727,inside_visible,279.73692307692306,1006.4685128205128,1
i7GsJrDdCVU_15263-16742,33,2,1145.1176470588234,4.0,337.0,400.0,inside_visible,707.8746562499999,432.80915625,0
i7GsJrDdCVU_15263-16742,34,1,544.0344827586207,269.2758620689655,270.3793103448276,336.6896551724138,inside_visible,282.1203076923077,1006.1109487179486,1
i7GsJrDdCVU_15263-16742,34,2,1146.4117647058824,4.0,337.0,400.0,inside_visible,707.0749374999999,433.7029375,0
i7GsJrDdCVU_15263-16742,35,1,544.2758620689655,269.2068965517241,270.0344827586207,336.5172413793104,inside_visible,284.5036923076923,1005.7533846153846,1
i7GsJrDdCVU_15263-16742,35,2,1147.7058823529412,4.0,337.0,400.0,inside_visible,706.2752187499999,434.59671875,0
i7GsJrDdCVU_15263-16742,36,1,544.5172413793103,269.13793103448273,269.68965517241384,336.3448275862069,inside_visible,286.8870769230769,1005.3958205128204,1
i7GsJrDdCVU_15263-16742,36,2,1149.0,4.0,337.0,400.0,inside_visible,705.4755,435.4905,0
i7GsJrDdCVU_15263-16742,37,1,544.7586206896551,269.0689655172414,269.344827586207,336.1724137931035,inside_visible,289.2704615384615,1005.0382564102564,1
i7GsJrDdCVU_15263-16742,37,2,1148.8468468468468,3.963963963963964,337.0,399.8738738738738,inside_visible,704.67578125,436.38428125,0
i7GsJrDdCVU_15263-16742,38,1,545.0,269.0,269.0,336.0,inside_visible,291.65384615384613,1004.6806923076924,1
i7GsJrDdCVU_15263-16742,38,2,1148.6936936936936,3.927927927927928,337.0,399.7477477477477,inside_visible,703.8760625,437.2780625,0
i7GsJrDdCVU_15263-16742,39,1,545.2222222222222,268.6666666666667,269.33333333333337,337.22222222222223,inside_visible,294.03723076923075,1004.323128205128,1
i7GsJrDdCVU_15263-16742,39,2,1148.5405405405406,3.891891891891892,337.0,399.6216216216216,inside_visible,703.07634375,438.17184375,0
i7GsJrDdCVU_15263-16742,40,1,545.4444444444445,268.3333333333333,269.66666666666663,338.4444444444445,inside_visible,296.42061538461536,1003.965564102564,1
i7GsJrDdCVU_15263-16742,40,2,1148.3873873873874,3.855855855855856,337.0,399.4954954954955,inside_visible,702.276625,439.065625,0
i7GsJrDdCVU_15263-16742,41,1,545.6666666666666,268.0,270.0,339.66666666666663,inside_visible,298.804,1003.608,1
i7GsJrDdCVU_15263-16742,41,2,1148.2342342342342,3.81981981981982,337.0,399.3693693693693,inside_visible,701.47690625,439.95940625,0
i7GsJrDdCVU_15263-16742,42,1,545.8888888888889,267.6666666666667,270.33333333333326,340.88888888888886,inside_visible,295.71933333333334,1010.572,1
i7GsJrDdCVU_15263-16742,42,2,1148.081081081081,3.783783783783784,337.0,399.2432432432432,inside_visible,700.6771875,440.8531875,0
i7GsJrDdCVU_15263-16742,43,1,546.1111111111111,267.3333333333333,270.66666666666674,342.11111111111114,inside_visible,292.63466666666665,1017.536,1
i7GsJrDdCVU_15263-16742,43,2,1147.9279279279278,3.747747747747748,337.0,399.1171171171171,inside_visible,699.8774687499999,441.74696875,0
i7GsJrDdCVU_15263-16742,44,1,546.3333333333334,267.0,271.0,343.33333333333337,inside_visible,289.55,1024.5,1
i7GsJrDdCVU_15263-16742,44,2,1147.7747747747749,3.711711711711712,337.0,398.990990990991,inside_visible,699.0777499999999,442.64075,0
i7GsJrDdCVU_15263-16742,45,1,546.5555555555555,266.6666666666667,271.33333333333337,344.5555555555555,inside_visible,321.968,1011.062,1
i7GsJrDdCVU_15263-16742,45,2,1147.6216216216217,3.675675675675675,337.0,398.8648648648648,inside_visible,698.2780312499999,443.53453125,0
i7GsJrDdCVU_15263-16742,46,1,546.7777777777778,266.3333333333333,271.66666666666663,345.77777777777777,gaze_shift,309.204,1022.323,1
i7GsJrDdCVU_15263-16742,46,2,1147.4684684684685,3.63963963963964,337.0,398.73873873873873,inside_visible,697.4783124999999,444.4283125,0
i7GsJrDdCVU_15263-16742,47,1,547.0,266.0,272.0,347.0,gaze_shift,408.8913333333333,972.54,1
i7GsJrDdCVU_15263-16742,47,2,1147.3153153153153,3.603603603603604,337.0,398.61261261261257,inside_visible,696.67859375,445.32209375,0
i7GsJrDdCVU_15263-16742,48,1,547.2,265.6,271.5999999999999,346.69999999999993,gaze_shift,508.57866666666666,922.757,1
i7GsJrDdCVU_15263-16742,48,2,1147.162162162162,3.5675675675675675,337.0,398.4864864864865,inside_visible,695.878875,446.215875,0
i7GsJrDdCVU_15263-16742,49,1,547.4,265.2,271.20000000000005,346.40000000000003,inside_visible,608.266,872.974,1
i7GsJrDdCVU_15263-16742,49,2,1147.009009009009,3.5315315315315314,337.0,398.3603603603604,inside_visible,695.07915625,447.10965625,0
i7GsJrDdCVU_15263-16742,50,1,547.6,264.8,270.79999999999995,346.1,inside_visible,608.1673816793892,872.8576335877863,1
i7GsJrDdCVU_15263-16742,50,2,1146.855855855856,3.4954954954954958,337.0,398.23423423423424,inside_visible,694.2794375,448.0034375,0
i7GsJrDdCVU_15263-16742,51,1,547.8,264.4,270.4000000000001,345.80000000000007,inside_visible,608.0687633587786,872.7412671755726,1
i7GsJrDdCVU_15263-16742,51,2,1146.7027027027027,3.45945945945946,337.0,398.10810810810807,inside_visible,693.47971875,448.89721875,0
i7GsJrDdCVU_15263-16742,52,1,548.0,264.0,270.0,345.5,inside_visible,607.9701450381679,872.6249007633588,1
i7GsJrDdCVU_15263-16742,52,2,1146.5495495495495,3.4234234234234235,337.0,397.981981981982,inside_visible,692.68,449.791,0
i7GsJrDdCVU_15263-16742,53,1,548.2,263.6,269.5999999999999,345.19999999999993,inside_visible,607.8715267175572,872.508534351145,1
i7GsJrDdCVU_15263-16742,53,2,1146.3963963963963,3.3873873873873874,337.0,397.8558558558559,inside_visible,670.194,468.381,0
i7GsJrDdCVU_15263-16742,54,1,548.4,263.2,269.20000000000005,344.90000000000003,inside_visible,607.7729083969465,872.3921679389314,1
i7GsJrDdCVU_15263-16742,54,2,1146.2432432432431,3.3513513513513518,337.0,397.72972972972974,inside_visible,609.153,848.416,0
i7GsJrDdCVU_15263-16742,55,1,548.6,262.8,268.79999999999995,344.6,inside_visible,607.6742900763359,872.2758015267176,1
i7GsJrDdCVU_15263-16742,55,2,1146.09009009009,3.315315315315315,337.0,397.6036036036036,inside_visible,608.8477777777778,850.5055555555556,0
i7GsJrDdCVU_15263-16742,56,1,548.8,262.4,268.4000000000001,344.30000000000007,inside_visible,607.5756717557251,872.1594351145038,1
i7GsJrDdCVU_15263-16742,56,2,1145.936936936937,3.2792792792792795,337.0,397.4774774774775,inside_visible,608.5425555555555,852.5951111111111,0
i7GsJrDdCVU_15263-16742,57,1,549.0,262.0,268.0,344.0,inside_visible,607.4770534351145,872.0430687022902,1
i7GsJrDdCVU_15263-16742,57,2,1145.7837837837835,3.243243243243243,337.0,397.35135135135135,inside_visible,608.2373333333334,854.6846666666667,0
i7GsJrDdCVU_15263-16742,58,1,550.3333333333334,261.6666666666667,267.7777777777777,343.22222222222223,gaze_shift,607.3784351145038,871.9267022900764,1
i7GsJrDdCVU_15263-16742,58,2,1145.6306306306303,3.2072072072072078,337.0,397.2252252252253,inside_visible,607.9321111111111,856.7742222222222,0
i7GsJrDdCVU_15263-16742,59,1,551.6666666666666,261.3333333333333,267.55555555555554,342.4444444444445,gaze_shift,607.2798167938931,871.8103358778626,1
i7GsJrDdCVU_15263-16742,59,2,1145.4774774774776,3.171171171171171,337.0,397.0990990990991,inside_visible,607.6268888888889,858.8637777777778,0
i7GsJrDdCVU_15263-16742,60,1,553.0,261.0,267.33333333333337,341.66666666666663,gaze_shift,607.1811984732824,871.6939694656489,1
i7GsJrDdCVU_15263-16742,60,2,1145.3243243243244,3.135135135135135,337.0,396.97297297297297,inside_visible,607.3216666666666,860.9533333333334,0
i7GsJrDdCVU_15263-16742,61,1,554.3333333333334,260.6666666666667,267.1111111111111,340.88888888888886,outside_frame,607.0825801526718,871.5776030534352,1
i7GsJrDdCVU_15263-16742,61,2,1145.1711711711712,3.099099099099099,337.0,396.84684684684686,inside_visible,607.0164444444445,863.0428888888889,0
i7GsJrDdCVU_15263-16742,62,1,555.6666666666666,260.3333333333333,266.8888888888889,340.11111111111114,outside_frame,606.983961832061,871.4612366412214,1
i7GsJrDdCVU_15263-16742,62,2,1145.018018018018,3.063063063063063,337.0,396.7207207207208,inside_visible,606.7112222222222,865.1324444444444,0
i7GsJrDdCVU_15263-16742,63,1,557.0,260.0,266.66666666666663,339.33333333333337,outside_frame,606.8853435114504,871.3448702290077,1
i7GsJrDdCVU_15263-16742,63,2,1144.8648648648648,3.027027027027027,337.0,396.5945945945946,inside_visible,606.406,867.222,0
i7GsJrDdCVU_15263-16742,64,1,558.3333333333334,259.6666666666667,266.44444444444446,338.5555555555555,outside_frame,606.7867251908397,871.2285038167939,1
i7GsJrDdCVU_15263-16742,64,2,1144.7117117117118,2.990990990990991,337.0,396.4684684684685,inside_visible,351.75,489.124,0
i7GsJrDdCVU_15263-16742,65,1,559.6666666666666,259.3333333333333,266.2222222222223,337.77777777777777,outside_frame,606.6881068702289,871.1121374045802,1
i7GsJrDdCVU_15263-16742,65,2,1144.5585585585586,2.954954954954955,337.0,396.3423423423424,inside_visible,339.0783333333333,482.9653333333334,0
i7GsJrDdCVU_15263-16742,66,1,561.0,259.0,266.0,337.0,outside_frame,606.5894885496183,870.9957709923665,1
i7GsJrDdCVU_15263-16742,66,2,1144.4054054054054,2.918918918918919,337.0,396.21621621621625,inside_visible,326.4066666666667,476.8066666666667,0
i7GsJrDdCVU_15263-16742,67,1,562.75,259.75,265.25,333.25,outside_frame,606.4908702290076,870.8794045801527,1
i7GsJrDdCVU_15263-16742,67,2,1144.2522522522522,2.8828828828828827,337.0,396.0900900900901,inside_visible,313.735,470.648,0
i7GsJrDdCVU_15263-16742,68,1,564.5,260.5,264.5,329.5,outside_frame,606.3922519083969,870.7630381679389,1
i7GsJrDdCVU_15263-16742,68,2,1144.099099099099,2.846846846846847,337.0,395.963963963964,inside_visible,298.0725,480.2865000000001,0
i7GsJrDdCVU_15263-16742,69,1,566.25,261.25,263.75,325.75,outside_frame,606.2936335877862,870.6466717557253,1
i7GsJrDdCVU_15263-16742,69,2,1143.945945945946,2.8108108108108105,337.0,395.8378378378378,inside_visible,282.41,489.925,0
i7GsJrDdCVU_15263-16742,70,1,568.0,262.0,263.0,322.0,outside_frame,606.1950152671756,870.5303053435115,1
i7GsJrDdCVU_15263-16742,70,2,1143.7927927927929,2.774774774774775,337.0,395.71171171171176,inside_visible,262.3296666666667,516.431,0
i7GsJrDdCVU_15263-16742,71,1,567.8333333333334,261.5833333333333,263.66666666666663,322.1666666666667,outside_frame,606.0963969465648,870.4139389312977,1
i7GsJrDdCVU_15263-16742,71,2,1143.6396396396397,2.7387387387387387,337.0,395.5855855855856,inside_visible,242.24933333333337,542.937,0
i7GsJrDdCVU_15263-16742,72,1,567.6666666666666,261.1666666666667,264.33333333333337,322.3333333333333,outside_frame,605.9977786259542,870.297572519084,1
i7GsJrDdCVU_15263-16742,72,2,1143.4864864864865,2.702702702702702,337.0,395.4594594594595,inside_visible,222.169,569.443,0
i7GsJrDdCVU_15263-16742,73,1,567.5,260.75,265.0,322.5,outside_frame,605.8991603053435,870.1812061068703,1
i7GsJrDdCVU_15263-16742,73,2,1143.3333333333333,2.666666666666667,337.0,395.3333333333333,inside_visible,204.0965,575.467,0
i7GsJrDdCVU_15263-16742,74,1,567.3333333333334,260.3333333333333,265.66666666666663,322.6666666666667,outside_frame,605.8005419847328,870.0648396946565,1
i7GsJrDdCVU_15263-16742,74,2,1143.1801801801803,2.6306306306306304,337.0,395.2072072072072,inside_visible,186.024,581.491,0
i7GsJrDdCVU_15263-16742,75,1,567.1666666666666,259.9166666666667,266.33333333333337,322.8333333333333,outside_frame,605.7019236641221,869.9484732824428,1
i7GsJrDdCVU_15263-16742,75,2,1143.027027027027,2.5945945945945947,337.0,395.0810810810811,inside_visible,186.024,588.72,0
i7GsJrDdCVU_15263-16742,76,1,567.0,259.5,267.0,323.0,outside_frame,605.6033053435115,869.832106870229,1
i7GsJrDdCVU_15263-16742,76,2,1142.873873873874,2.558558558558558,337.0,394.9549549549549,inside_visible,186.024,582.868,0
i7GsJrDdCVU_15263-16742,77,1,566.8333333333334,259.0833333333333,267.66666666666663,323.1666666666667,outside_frame,605.5046870229007,869.7157404580153,1
i7GsJrDdCVU_15263-16742,77,2,1142.7207207207207,2.5225225225225225,337.0,394.8288288288288,inside_visible,186.024,577.016,0
i7GsJrDdCVU_15263-16742,78,1,566.6666666666666,258.6666666666667,268.33333333333337,323.3333333333333,outside_frame,605.4060687022901,869.5993740458016,1
i7GsJrDdCVU_15263-16742,78,2,1142.5675675675675,2.4864864864864864,337.0,394.70270270270265,inside_visible,186.024,571.164,0
i7GsJrDdCVU_15263-16742,79,1,566.5,258.25,269.0,323.5,outside_frame,605.3074503816794,869.4830076335878,1
i7GsJrDdCVU_15263-16742,79,2,1142.4144144144143,2.4504504504504503,337.0,394.5765765765766,inside_visible,186.024,565.312,0
i7GsJrDdCVU_15263-16742,80,1,566.3333333333334,257.8333333333333,269.66666666666663,323.6666666666667,outside_frame,605.2088320610686,869.366641221374,1
i7GsJrDdCVU_15263-16742,80,2,1142.261261261261,2.414414414414414,337.0,394.4504504504504,inside_visible,186.024,559.46,0
i7GsJrDdCVU_15263-16742,81,1,566.1666666666666,257.4166666666667,270.33333333333337,323.8333333333333,outside_frame,605.110213740458,869.2502748091604,1
i7GsJrDdCVU_15263-16742,81,2,1142.108108108108,2.378378378378378,337.0,394.3243243243243,inside_visible,186.024,553.608,0
i7GsJrDdCVU_15263-16742,82,1,566.0,257.0,271.0,324.0,outside_frame,605.0115954198473,869.1339083969466,1
i7GsJrDdCVU_15263-16742,82,2,1141.954954954955,2.3423423423423424,337.0,394.19819819819816,inside_visible,186.024,547.756,0
i7GsJrDdCVU_15263-16742,83,1,564.7142857142857,256.1428571428572,269.42857142857144,323.5714285714285,outside_frame,604.9129770992366,869.0175419847328,1
i7GsJrDdCVU_15263-16742,83,2,1141.8018018018015,2.3063063063063063,337.0,394.0720720720721,inside_visible,206.506,520.04525,0
i7GsJrDdCVU_15263-16742,84,1,563.4285714285714,255.28571428571428,267.8571428571429,323.1428571428572,outside_frame,604.8143587786259,868.9011755725192,1
i7GsJrDdCVU_15263-16742,84,2,1141.6486486486488,2.27027027027027,337.0,393.94594594594594,inside_visible,226.988,492.3345,0
i7GsJrDdCVU_15263-16742,85,1,562.1428571428571,254.42857142857144,266.28571428571433,322.71428571428567,outside_frame,604.7157404580153,868.7848091603054,1
i7GsJrDdCVU_15263-16742,85,2,1141.4954954954956,2.2342342342342345,337.0,393.8198198198198,inside_visible,247.47,464.62375,0
i7GsJrDdCVU_15263-16742,86,1,560.8571428571429,253.57142857142856,264.71428571428567,322.28571428571433,outside_frame,604.6171221374045,868.6684427480916,1
i7GsJrDdCVU_15263-16742,86,2,1141.3423423423424,2.198198198198198,337.0,393.69369369369366,inside_visible,267.952,436.913,0
i7GsJrDdCVU_15263-16742,87,1,559.5714285714286,252.7142857142857,263.1428571428571,321.85714285714283,outside_frame,604.5185038167939,868.5520763358779,1
i7GsJrDdCVU_15263-16742,87,2,1141.1891891891892,2.1621621621621623,337.0,393.5675675675676,inside_visible,407.711,376.672,0
i7GsJrDdCVU_15263-16742,88,1,558.2857142857143,251.8571428571429,261.57142857142856,321.42857142857144,outside_frame,604.4198854961832,868.4357099236641,1
i7GsJrDdCVU_15263-16742,88,2,1141.036036036036,2.126126126126126,337.0,393.44144144144144,inside_visible,480.0,345.347,0
i7GsJrDdCVU_15263-16742,89,1,557.0,251.0,260.0,321.0,outside_frame,604.3212671755725,868.3193435114504,1
i7GsJrDdCVU_15263-16742,89,2,1140.8828828828828,2.09009009009009,337.0,393.3153153153153,inside_visible,549.8795,358.6,0
i7GsJrDdCVU_15263-16742,90,1,557.6,251.0,259.29999999999995,320.1,outside_frame,604.2226488549618,868.2029770992367,1
i7GsJrDdCVU_15263-16742,90,2,1140.7297297297298,2.054054054054054,337.0,393.1891891891892,inside_visible,619.759,371.853,0
i7GsJrDdCVU_15263-16742,91,1,558.2,251.0,258.5999999999999,319.20000000000005,outside_frame,604.1240305343512,868.0866106870229,1
i7GsJrDdCVU_15263-16742,91,2,1140.5765765765766,2.018018018018018,337.0,393.0630630630631,inside_visible,642.6505,387.5155,0
i7GsJrDdCVU_15263-16742,92,1,558.8,251.0,257.9000000000001,318.29999999999995,outside_frame,604.0254122137404,867.9702442748091,1
i7GsJrDdCVU_15263-16742,92,2,1140.4234234234234,1.9819819819819824,337.0,392.93693693693695,inside_visible,665.542,403.178,0
i7GsJrDdCVU_15263-16742,93,1,559.4,251.0,257.20000000000005,317.4,outside_frame,603.9267938931297,867.8538778625955,1
i7GsJrDdCVU_15263-16742,93,2,1140.2702702702702,1.945945945945946,337.0,392.8108108108109,inside_visible,657.7750000000001,405.459,0
i7GsJrDdCVU_15263-16742,94,1,560.0,251.0,256.5,316.5,outside_frame,603.8281755725191,867.7375114503817,1
i7GsJrDdCVU_15263-16742,94,2,1140.1171171171172,1.90990990990991,337.0,392.6846846846847,inside_visible,650.008,407.74,0
i7GsJrDdCVU_15263-16742,95,1,560.6,251.0,255.79999999999995,315.6,outside_frame,603.7295572519083,867.6211450381679,1
i7GsJrDdCVU_15263-16742,95,2,1139.963963963964,1.8738738738738736,337.0,392.55855855855856,inside_visible,630.0183333333333,434.8876666666667,0
i7GsJrDdCVU_15263-16742,96,1,561.2,251.0,255.0999999999999,314.70000000000005,outside_frame,603.6309389312977,867.5047786259543,1
i7GsJrDdCVU_15263-16742,96,2,1139.8108108108108,1.8378378378378375,337.0,392.4324324324325,inside_visible,610.0286666666667,462.0353333333333,0
i7GsJrDdCVU_15263-16742,97,1,561.8,251.0,254.4000000000001,313.79999999999995,outside_frame,603.532320610687,867.3884122137405,1
i7GsJrDdCVU_15263-16742,97,2,1139.6576576576576,1.8018018018018016,337.0,392.3063063063064,inside_visible,590.039,489.183,0
i7GsJrDdCVU_15263-16742,98,1,562.4,251.0,253.70000000000005,312.9,outside_frame,603.4337022900763,867.2720458015267,1
i7GsJrDdCVU_15263-16742,98,2,1139.5045045045044,1.765765765765766,337.0,392.1801801801802,inside_visible,544.706,526.516,0
i7GsJrDdCVU_15263-16742,99,1,563.0,251.0,253.0,312.0,outside_frame,603.3350839694656,867.155679389313,1
i7GsJrDdCVU_15263-16742,99,2,1139.3513513513512,1.7297297297297298,337.0,392.05405405405406,inside_visible,540.5755,533.1935,0
i7GsJrDdCVU_15263-16742,100,1,561.0,251.0,253.53846153846155,312.69230769230774,outside_frame,603.236465648855,867.0393129770993,1
i7GsJrDdCVU_15263-16742,100,2,1139.1981981981985,1.6936936936936935,337.0,391.9279279279279,inside_visible,536.445,539.871,0
i7GsJrDdCVU_15263-16742,101,1,559.0,251.0,254.0769230769231,313.38461538461536,outside_frame,603.1378473282442,866.9229465648855,1
i7GsJrDdCVU_15263-16742,101,2,1139.045045045045,1.6576576576576576,337.0,391.8018018018018,inside_visible,520.184,535.893,0
i7GsJrDdCVU_15263-16742,102,1,557.0,251.0,254.61538461538464,314.0769230769231,outside_frame,603.0392290076336,866.8065801526718,1
i7GsJrDdCVU_15263-16742,102,2,1138.891891891892,1.6216216216216215,337.0,391.6756756756757,inside_visible,511.162,525.439,0
i7GsJrDdCVU_15263-16742,103,1,555.0,251.0,255.1538461538462,314.7692307692307,outside_frame,602.9406106870229,866.690213740458,1
i7GsJrDdCVU_15263-16742,103,2,1138.738738738739,1.5855855855855854,337.0,391.5495495495496,inside_visible,504.6395,525.818,0
i7GsJrDdCVU_15263-16742,104,1,553.0,251.0,255.6923076923077,315.46153846153845,outside_frame,602.8419923664122,866.5738473282443,1
i7GsJrDdCVU_15263-16742,104,2,1138.5855855855857,1.5495495495495497,337.0,391.4234234234234,inside_visible,498.117,526.197,0
i7GsJrDdCVU_15263-16742,105,1,551.0,251.0,256.2307692307693,316.1538461538462,outside_frame,602.7433740458015,866.4574809160306,1
i7GsJrDdCVU_15263-16742,105,2,1138.4324324324325,1.5135135135135136,337.0,391.29729729729735,inside_visible,497.995,540.709,0
i7GsJrDdCVU_15263-16742,106,1,549.0,251.0,256.7692307692307,316.8461538461538,outside_frame,602.6447557251909,866.3411145038168,1
i7GsJrDdCVU_15263-16742,106,2,1138.2792792792793,1.4774774774774777,337.0,391.1711711711712,inside_visible,493.63,508.797,0
i7GsJrDdCVU_15263-16742,107,1,547.0,251.0,257.30769230769226,317.53846153846155,outside_frame,602.5461374045801,866.224748091603,1
i7GsJrDdCVU_15263-16742,107,2,1138.126126126126,1.4414414414414414,337.0,391.0450450450451,inside_visible,488.821,489.329,0
i7GsJrDdCVU_15263-16742,108,1,545.0,251.0,257.8461538461538,318.2307692307693,outside_frame,602.4475190839694,866.1083816793894,1
i7GsJrDdCVU_15263-16742,108,2,1137.972972972973,1.4054054054054053,337.0,390.9189189189189,inside_visible,496.319,508.015,0
i7GsJrDdCVU_15263-16742,109,1,543.0,251.0,258.38461538461536,318.9230769230769,outside_frame,602.3489007633588,865.9920152671756,1
i7GsJrDdCVU_15263-16742,109,2,1137.8198198198197,1.3693693693693691,337.0,390.7927927927928,inside_visible,489.627,434.606,0
i7GsJrDdCVU_15263-16742,110,1,541.0,251.0,258.9230769230769,319.61538461538464,outside_frame,602.250282442748,865.8756488549618,1
i7GsJrDdCVU_15263-16742,110,2,1137.6666666666667,1.3333333333333337,337.0,390.6666666666667,inside_visible,492.8905,391.864,0
i7GsJrDdCVU_15263-16742,111,1,539.0,251.0,259.46153846153845,320.30769230769226,outside_frame,602.1516641221374,865.7592824427481,1
i7GsJrDdCVU_15263-16742,111,2,1137.5135135135135,1.2972972972972974,337.0,390.5405405405405,inside_visible,496.154,349.122,0
i7GsJrDdCVU_15263-16742,112,1,537.0,251.0,260.0,321.0,outside_frame,602.0530458015267,865.6429160305344,1
i7GsJrDdCVU_15263-16742,112,2,1137.3603603603603,1.2612612612612613,337.0,390.4144144144144,inside_visible,504.1235,321.04650000000004,0
i7GsJrDdCVU_15263-16742,113,1,538.0,251.25,258.25,321.0,outside_frame,601.954427480916,865.5265496183206,1
i7GsJrDdCVU_15263-16742,113,2,1137.2072072072071,1.2252252252252251,337.0,390.2882882882882,inside_visible,512.093,292.971,0
i7GsJrDdCVU_15263-16742,114,1,539.0,251.5,256.5,321.0,outside_frame,601.8558091603053,865.4101832061069,1
i7GsJrDdCVU_15263-16742,114,2,1137.054054054054,1.189189189189189,337.0,390.1621621621622,inside_visible,516.764,256.685,0
i7GsJrDdCVU_15263-16742,115,1,540.0,251.75,254.75,321.0,outside_frame,601.7571908396947,865.2938167938931,1
i7GsJrDdCVU_15263-16742,115,2,1136.900900900901,1.1531531531531534,337.0,390.036036036036,inside_visible,524.407,257.1383333333333,0
i7GsJrDdCVU_15263-16742,116,1,541.0,252.0,253.0,321.0,outside_frame,601.6585725190839,865.1774503816795,1
i7GsJrDdCVU_15263-16742,116,2,1136.7477477477478,1.1171171171171173,337.0,389.9099099099099,inside_visible,532.05,257.5916666666667,0
i7GsJrDdCVU_15263-16742,117,1,541.75,251.66666666666663,252.5,320.0,outside_frame,601.5599541984733,865.0610839694657,1
i7GsJrDdCVU_15263-16742,117,2,1136.5945945945946,1.0810810810810811,337.0,389.78378378378375,inside_visible,539.693,258.045,0
i7GsJrDdCVU_15263-16742,118,1,542.5,251.33333333333331,252.0,319.0,outside_frame,601.4613358778626,864.9447175572519,1
i7GsJrDdCVU_15263-16742,118,2,1136.4414414414414,1.045045045045045,337.0,389.6576576576576,inside_visible,544.752,267.2755,0
i7GsJrDdCVU_15263-16742,119,1,543.25,251.0,251.5,318.0,outside_frame,601.3627175572519,864.8283511450383,1
i7GsJrDdCVU_15263-16742,119,2,1136.2882882882882,1.009009009009009,337.0,389.5315315315315,inside_visible,549.811,276.506,0
i7GsJrDdCVU_15263-16742,120,1,544.0,250.66666666666663,251.0,317.0,outside_frame,601.2640992366412,864.7119847328245,1
i7GsJrDdCVU_15263-16742,120,2,1136.1351351351352,0.9729729729729728,337.0,389.4054054054054,inside_visible,549.2429999999999,286.8565,0
i7GsJrDdCVU_15263-16742,121,1,544.75,250.33333333333331,250.5,316.0,outside_frame,601.1654809160306,864.5956183206107,1
i7GsJrDdCVU_15263-16742,121,2,1135.981981981982,0.9369369369369372,337.0,389.2792792792793,inside_visible,548.675,297.207,0
i7GsJrDdCVU_15263-16742,122,1,545.5,250.0,250.0,315.0,outside_frame,601.0668625954198,864.479251908397,1
i7GsJrDdCVU_15263-16742,122,2,1135.8288288288288,0.900900900900901,337.0,389.15315315315314,inside_visible,551.3416666666666,320.718,0
i7GsJrDdCVU_15263-16742,123,1,546.25,249.66666666666663,249.5,314.0,outside_frame,600.9682442748091,864.3628854961833,1
i7GsJrDdCVU_15263-16742,123,2,1135.6756756756756,0.8648648648648649,337.0,389.02702702702703,inside_visible,554.0083333333333,344.229,0
i7GsJrDdCVU_15263-16742,124,1,547.0,249.33333333333331,249.0,313.0,outside_frame,600.8696259541985,864.2465190839695,1
i7GsJrDdCVU_15263-16742,124,2,1135.5225225225224,0.8288288288288288,337.0,388.9009009009009,inside_visible,556.675,367.74,0
i7GsJrDdCVU_15263-16742,125,1,547.75,249.0,248.5,312.0,outside_frame,600.7710076335877,864.1301526717558,1
i7GsJrDdCVU_15263-16742,125,2,1135.3693693693697,0.7927927927927927,337.0,388.7747747747748,inside_visible,549.1437999999999,385.3694,0
i7GsJrDdCVU_15263-16742,126,1,548.5,248.66666666666663,248.0,311.0,outside_frame,600.6723893129771,864.013786259542,1
i7GsJrDdCVU_15263-16742,126,2,1135.2162162162165,0.7567567567567566,337.0,388.6486486486487,inside_visible,541.6125999999999,402.9988,0
i7GsJrDdCVU_15263-16742,127,1,549.25,248.33333333333331,247.5,310.0,outside_frame,600.5737709923663,863.8974198473283,1
i7GsJrDdCVU_15263-16742,127,2,1135.063063063063,0.7207207207207209,337.0,388.5225225225225,inside_visible,534.0814,420.6282,0
i7GsJrDdCVU_15263-16742,128,1,550.0,248.0,247.0,309.0,outside_frame,600.4751526717557,863.7810534351146,1
i7GsJrDdCVU_15263-16742,128,2,1134.90990990991,0.6846846846846848,337.0,388.3963963963964,inside_visible,526.5502,438.2576,0
i7GsJrDdCVU_15263-16742,129,1,550.5,252.0,247.75,309.5,outside_frame,600.376534351145,863.6646870229008,1
i7GsJrDdCVU_15263-16742,129,2,1134.7567567567569,0.6486486486486487,337.0,388.2702702702703,inside_visible,519.019,455.887,0
i7GsJrDdCVU_15263-16742,130,1,551.0,256.0,248.5,310.0,outside_frame,600.2779160305344,863.548320610687,1
i7GsJrDdCVU_15263-16742,130,2,1134.6036036036037,0.6126126126126126,337.0,388.14414414414415,inside_visible,511.019,479.887,0
i7GsJrDdCVU_15263-16742,131,1,551.5,260.0,249.25,310.5,outside_frame,600.1792977099236,863.4319541984734,1
i7GsJrDdCVU_15263-16742,131,2,1134.4504504504505,0.5765765765765765,337.0,388.018018018018,inside_visible,503.019,503.887,0
i7GsJrDdCVU_15263-16742,132,1,552.0,264.0,250.0,311.0,outside_frame,600.080679389313,863.3155877862596,1
i7GsJrDdCVU_15263-16742,132,2,1134.2972972972973,0.5405405405405403,337.0,387.89189189189193,inside_visible,608.3525,469.2205,0
i7GsJrDdCVU_15263-16742,133,1,547.4,264.4,252.20000000000005,311.20000000000005,outside_frame,599.9820610687023,863.1992213740458,1
i7GsJrDdCVU_15263-16742,133,2,1134.144144144144,0.5045045045045047,337.0,387.76576576576576,inside_visible,713.686,434.554,0
i7GsJrDdCVU_15263-16742,134,1,542.8,264.8,254.4000000000001,311.40000000000003,outside_frame,599.8834427480916,863.0828549618321,1
i7GsJrDdCVU_15263-16742,134,2,1133.990990990991,0.4684684684684685,337.0,387.63963963963965,inside_visible,712.9033913043479,433.9453043478261,0
i7GsJrDdCVU_15263-16742,135,1,538.2,265.2,256.5999999999999,311.6,outside_frame,599.7848244274809,862.9664885496184,1
i7GsJrDdCVU_15263-16742,135,2,1133.837837837838,0.4324324324324324,337.0,387.5135135135135,inside_visible,712.1207826086957,433.33660869565216,0
i7GsJrDdCVU_15263-16742,136,1,533.6,265.6,258.79999999999995,311.79999999999995,outside_frame,599.6862061068703,862.8501221374046,1
i7GsJrDdCVU_15263-16742,136,2,1133.6846846846847,0.3963963963963963,337.0,387.3873873873874,inside_visible,711.3381739130435,432.7279130434782,0
i7GsJrDdCVU_15263-16742,137,1,529.0,266.0,261.0,312.0,outside_frame,599.5875877862595,862.7337557251909,1
i7GsJrDdCVU_15263-16742,137,2,1133.5315315315315,0.3603603603603602,337.0,387.26126126126127,inside_visible,710.5555652173913,432.1192173913044,0
i7GsJrDdCVU_15263-16742,138,1,524.3333333333334,263.6666666666667,260.66666666666663,314.99999999999994,outside_frame,599.4889694656488,862.6173893129771,1
i7GsJrDdCVU_15263-16742,138,2,1133.3783783783783,0.3243243243243241,337.0,387.1351351351352,inside_visible,709.7729565217392,431.5105217391304,0
i7GsJrDdCVU_15263-16742,139,1,519.6666666666666,261.3333333333333,260.33333333333337,318.00000000000006,outside_frame,599.3903511450382,862.5010229007634,1
i7GsJrDdCVU_15263-16742,139,2,1133.2252252252251,0.2882882882882884,337.0,387.009009009009,inside_visible,708.990347826087,430.9018260869565,0
i7GsJrDdCVU_15263-16742,140,1,515.0,259.0,260.0,321.0,outside_frame,599.2917328244274,862.3846564885497,1
i7GsJrDdCVU_15263-16742,140,2,1133.0720720720722,0.2522522522522523,337.0,386.8828828828829,inside_visible,708.2077391304348,430.2931304347826,0
i7GsJrDdCVU_15263-16742,141,1,513.0833333333334,259.5,259.33333333333326,320.08333333333337,outside_frame,599.1931145038168,862.2682900763359,1
i7GsJrDdCVU_15263-16742,141,2,1132.918918918919,0.2162162162162162,337.0,386.7567567567568,inside_visible,707.4251304347827,429.6844347826087,0
i7GsJrDdCVU_15263-16742,142,1,511.1666666666667,260.0,258.6666666666667,319.16666666666663,outside_frame,599.094496183206,862.1519236641221,1
i7GsJrDdCVU_15263-16742,142,2,1132.7657657657658,0.1801801801801801,337.0,386.63063063063066,inside_visible,706.6425217391304,429.0757391304348,0
i7GsJrDdCVU_15263-16742,143,1,509.25,260.5,258.0,318.25,outside_frame,598.9958778625954,862.0355572519085,1
i7GsJrDdCVU_15263-16742,143,2,1132.6126126126126,0.144144144144144,337.0,386.5045045045045,inside_visible,705.8599130434783,428.4670434782609,0
i7GsJrDdCVU_15263-16742,144,1,507.3333333333333,261.0,257.3333333333333,317.33333333333337,outside_frame,598.8972595419847,861.9191908396947,1
i7GsJrDdCVU_15263-16742,144,2,1132.4594594594594,0.1081081081081078,337.0,386.37837837837833,inside_visible,705.0773043478262,427.8583478260869,0
i7GsJrDdCVU_15263-16742,145,1,505.4166666666667,261.5,256.6666666666667,316.41666666666663,outside_frame,598.798641221374,861.8028244274809,1
i7GsJrDdCVU_15263-16742,145,2,1132.3063063063064,0.0720720720720722,337.0,386.2522522522523,inside_visible,704.2946956521739,427.249652173913,0
i7GsJrDdCVU_15263-16742,146,1,503.5,262.0,256.0,315.5,outside_frame,598.7000229007633,861.6864580152672,1
i7GsJrDdCVU_15263-16742,146,2,1132.1531531531532,0.0360360360360361,337.0,386.12612612612617,inside_visible,703.5120869565218,426.6409565217391,0
i7GsJrDdCVU_15263-16742,147,1,501.5833333333333,262.5,255.3333333333333,314.58333333333337,gaze_shift,598.6014045801527,861.5700916030535,1
i7GsJrDdCVU_15263-16742,147,2,1132.0,0.0,337.0,386.0,inside_visible,702.7294782608697,426.0322608695652,0
i7GsJrDdCVU_15263-16742,148,1,499.6666666666667,263.0,254.66666666666669,313.66666666666663,gaze_shift,598.502786259542,861.4537251908397,1
i7GsJrDdCVU_15263-16742,148,2,1130.6,0.0,337.0,386.4,inside_visible,701.9468695652174,425.4235652173913,0
i7GsJrDdCVU_15263-16742,149,1,497.75,263.5,254.0,312.75,gaze_shift,598.4041679389313,861.337358778626,1
i7GsJrDdCVU_15263-16742,149,2,1129.2,0.0,337.0,386.8,inside_visible,701.1642608695653,424.81486956521735,0
i7GsJrDdCVU_15263-16742,150,1,495.8333333333333,264.0,253.3333333333333,311.83333333333337,gaze_shift,598.3055496183206,861.2209923664122,1
i7GsJrDdCVU_15263-16742,150,2,1127.8,0.0,337.0,387.2,inside_visible,700.381652173913,424.2061739130435,0
i7GsJrDdCVU_15263-16742,151,1,493.9166666666667,264.5,252.66666666666669,310.91666666666663,gaze_shift,598.2069312977098,861.1046259541985,1
i7GsJrDdCVU_15263-16742,151,2,1126.4,0.0,337.0,387.6,inside_visible,699.5990434782609,423.5974782608696,0
i7GsJrDdCVU_15263-16742,152,1,492.0,265.0,252.0,310.0,gaze_shift,598.1083129770992,860.9882595419848,1
i7GsJrDdCVU_15263-16742,152,2,1125.0,0.0,337.0,388.0,inside_visible,698.8164347826088,422.9887826086956,0
i7GsJrDdCVU_15263-16742,153,1,492.53333333333336,264.8,251.99999999999997,309.99999999999994,outside_frame,598.0096946564885,860.871893129771,1
i7GsJrDdCVU_15263-16742,153,2,1124.6666666666667,0.3333333333333333,337.0,390.0,inside_visible,698.0338260869565,422.3800869565217,0
i7GsJrDdCVU_15263-16742,154,1,493.06666666666666,264.6,252.00000000000009,310.0,outside_frame,597.9110763358779,860.7555267175572,1
i7GsJrDdCVU_15263-16742,154,2,1124.3333333333333,0.6666666666666666,337.0,392.0,inside_visible,697.2512173913044,421.7713913043478,0
i7GsJrDdCVU_15263-16742,155,1,493.6,264.4,252.0,310.0,outside_frame,597.8124580152671,860.6391603053436,1
i7GsJrDdCVU_15263-16742,155,2,1124.0,1.0,337.0,394.0,inside_visible,696.4686086956522,421.1626956521739,0
i7GsJrDdCVU_15263-16742,156,1,494.1333333333333,264.2,252.0,310.00000000000006,outside_frame,597.7138396946565,860.5227938931298,1
i7GsJrDdCVU_15263-16742,156,2,1123.6666666666667,1.3333333333333333,337.0,396.0,inside_visible,695.686,420.554,0
i7GsJrDdCVU_15263-16742,157,1,494.6666666666667,264.0,251.99999999999997,310.0,outside_frame,597.6152213740457,860.406427480916,1
i7GsJrDdCVU_15263-16742,157,2,1123.3333333333333,1.6666666666666667,337.0,398.0,inside_visible,694.3193636363636,418.9685454545455,0
i7GsJrDdCVU_15263-16742,158,1,495.2,263.8,252.00000000000009,309.99999999999994,outside_frame,597.5166030534351,860.2900610687024,1
i7GsJrDdCVU_15263-16742,158,2,1123.0,2.0,337.0,400.0,inside_visible,692.9527272727273,417.38309090909087,0
i7GsJrDdCVU_15263-16742,159,1,495.73333333333335,263.6,252.0,310.0,outside_frame,597.4179847328244,860.1736946564886,1
i7GsJrDdCVU_15263-16742,159,2,1123.0,2.210526315789473,337.0,399.9824561403509,inside_visible,691.5860909090909,415.79763636363634,0
i7GsJrDdCVU_15263-16742,160,1,496.26666666666665,263.4,252.0,310.0,outside_frame,597.3193664122138,860.0573282442748,1
i7GsJrDdCVU_15263-16742,160,2,1123.0,2.421052631578948,337.0,399.96491228070175,inside_visible,690.2194545454546,414.2121818181818,0
i7GsJrDdCVU_15263-16742,161,1,496.8,263.2,251.99999999999997,310.00000000000006,outside_frame,597.220748091603,859.9409618320611,1
i7GsJrDdCVU_15263-16742,161,2,1123.0,2.631578947368421,337.0,399.9473684210526,inside_visible,688.8528181818182,412.6267272727272,0
i7GsJrDdCVU_15263-16742,162,1,497.3333333333333,263.0,252.00000000000009,310.0,outside_frame,597.1221297709924,859.8245954198474,1
i7GsJrDdCVU_15263-16742,162,2,1123.0,2.8421052631578947,337.0,399.9298245614035,inside_visible,687.4861818181819,411.0412727272727,0
i7GsJrDdCVU_15263-16742,163,1,497.8666666666667,262.8,252.0,309.99999999999994,outside_frame,597.0235114503816,859.7082290076336,1
i7GsJrDdCVU_15263-16742,163,2,1123.0,3.052631578947368,337.0,399.9122807017544,inside_visible,686.1195454545455,409.4558181818181,0
i7GsJrDdCVU_15263-16742,164,1,498.4,262.6,252.0,310.0,outside_frame,596.924893129771,859.5918625954199,1
i7GsJrDdCVU_15263-16742,164,2,1123.0,3.263157894736842,337.0,399.89473684210526,inside_visible,684.7529090909092,407.8703636363636,0
i7GsJrDdCVU_15263-16742,165,1,498.9333333333333,262.4,251.99999999999997,310.0,gaze_shift,596.8262748091603,859.4754961832061,1
i7GsJrDdCVU_15263-16742,165,2,1123.0,3.473684210526316,337.0,399.87719298245617,inside_visible,683.3862727272727,406.2849090909091,0
i7GsJrDdCVU_15263-16742,166,1,499.4666666666666,262.2,252.00000000000009,310.00000000000006,gaze_shift,596.7276564885495,859.3591297709924,1
i7GsJrDdCVU_15263-16742,166,2,1123.0,3.684210526315789,337.0,399.859649122807,inside_visible,682.0196363636364,404.6994545454545,0
i7GsJrDdCVU_15263-16742,167,1,500.0,262.0,252.0,310.0,gaze_shift,596.6290381679389,859.2427633587787,1
i7GsJrDdCVU_15263-16742,167,2,1123.0,3.894736842105263,337.0,399.8421052631579,inside_visible,680.653,403.114,0
i7GsJrDdCVU_15263-16742,168,1,504.25,265.5,252.0,310.0,inside_visible,596.5304198473282,859.1263969465649,1
i7GsJrDdCVU_15263-16742,168,2,1123.0,4.105263157894736,337.0,399.8245614035088,inside_visible,699.741,417.62,0
i7GsJrDdCVU_15263-16742,169,1,508.5,269.0,252.0,310.0,inside_visible,596.4318015267175,859.0100305343511,1
i7GsJrDdCVU_15263-16742,169,2,1123.0,4.315789473684211,337.0,399.8070175438596,inside_visible,618.829,856.125,0
i7GsJrDdCVU_15263-16742,170,1,512.75,272.5,252.0,310.0,inside_visible,596.3331832061068,858.8936641221375,1
i7GsJrDdCVU_15263-16742,170,2,1123.0,4.526315789473684,337.0,399.7894736842105,inside_visible,623.686,846.554,0
i7GsJrDdCVU_15263-16742,171,1,517.0,276.0,252.0,310.0,inside_visible,596.2345648854962,858.7772977099237,1
i7GsJrDdCVU_15263-16742,171,2,1123.0,4.7368421052631575,337.0,399.77192982456137,inside_visible,623.4107083333333,847.3099166666666,0
i7GsJrDdCVU_15263-16742,172,1,517.0,276.0,256.0,314.0,inside_visible,596.1359465648854,858.6609312977099,1
i7GsJrDdCVU_15263-16742,172,2,1123.0,4.947368421052632,337.0,399.7543859649123,inside_visible,623.1354166666667,848.0658333333333,0
i7GsJrDdCVU_15263-16742,173,1,517.0,276.0,260.0,318.0,inside_visible,596.0373282442748,858.5445648854962,1
i7GsJrDdCVU_15263-16742,173,2,1123.0,5.157894736842105,337.0,399.7368421052632,inside_visible,622.860125,848.82175,0
i7GsJrDdCVU_15263-16742,174,1,517.0,276.0,264.0,322.0,inside_visible,595.9387099236641,858.4281984732825,1
i7GsJrDdCVU_15263-16742,174,2,1123.0,5.368421052631579,337.0,399.719298245614,inside_visible,622.5848333333333,849.5776666666667,0
i7GsJrDdCVU_15263-16742,175,1,517.0,276.0,268.0,326.0,inside_visible,595.8400916030535,858.3118320610687,1
i7GsJrDdCVU_15263-16742,175,2,1123.0,5.578947368421052,337.0,399.7017543859649,inside_visible,622.3095416666666,850.3335833333333,0
i7GsJrDdCVU_15263-16742,176,1,517.0,276.0,272.0,330.0,inside_visible,595.7414732824427,858.195465648855,1
i7GsJrDdCVU_15263-16742,176,2,1123.0,5.789473684210526,337.0,399.6842105263158,inside_visible,622.03425,851.0895,0
i7GsJrDdCVU_15263-16742,177,1,520.4,275.4,271.4,336.80000000000007,inside_visible,595.6428549618321,858.0790992366412,1
i7GsJrDdCVU_15263-16742,177,2,1123.0,6.0,337.0,399.6666666666667,inside_visible,621.7589583333333,851.8454166666667,0
i7GsJrDdCVU_15263-16742,178,1,523.8,274.8,270.80000000000007,343.6,inside_visible,595.5442366412213,857.9627328244275,1
i7GsJrDdCVU_15263-16742,178,2,1123.0,6.2105263157894735,337.0,399.64912280701753,inside_visible,621.4836666666666,852.6013333333333,0
i7GsJrDdCVU_15263-16742,179,1,527.2,274.2,270.19999999999993,350.40000000000003,inside_visible,595.4456183206107,857.8463664122138,1
i7GsJrDdCVU_15263-16742,179,2,1123.0,6.421052631578947,337.0,399.6315789473684,inside_visible,621.208375,853.35725,0
i7GsJrDdCVU_15263-16742,180,1,530.6,273.6,269.6,357.19999999999993,inside_visible,595.347,857.73,1
i7GsJrDdCVU_15263-16742,180,2,1123.0,6.631578947368421,337.0,399.6140350877193,inside_visible,620.9330833333333,854.1131666666666,0
i7GsJrDdCVU_15263-16742,181,1,534.0,273.0,269.0,364.0,inside_visible,595.4334617346939,857.7672525510204,1
i7GsJrDdCVU_15263-16742,181,2,1123.0,6.842105263157895,337.0,399.5964912280701,inside_visible,620.6577916666666,854.8690833333334,0
i7GsJrDdCVU_15263-16742,182,1,534.0,279.6666666666667,269.0,360.3333333333333,inside_visible,595.5199234693878,857.8045051020408,1
i7GsJrDdCVU_15263-16742,182,2,1123.0,7.052631578947368,337.0,399.5789473684211,inside_visible,620.3824999999999,855.625,0
i7GsJrDdCVU_15263-16742,183,1,534.0,286.3333333333333,269.0,356.6666666666667,inside_visible,595.6063852040816,857.8417576530612,1
i7GsJrDdCVU_15263-16742,183,2,1123.0,7.263157894736842,337.0,399.561403508772,inside_visible,620.1072083333333,856.3809166666666,0
i7GsJrDdCVU_15263-16742,184,1,534.0,293.0,269.0,353.0,inside_visible,595.6928469387755,857.8790102040816,1
i7GsJrDdCVU_15263-16742,184,2,1123.0,7.473684210526315,337.0,399.5438596491228,inside_visible,619.8319166666666,857.1368333333334,0
i7GsJrDdCVU_15263-16742,185,1,534.0,293.0,271.79999999999995,356.4,inside_visible,595.7793086734694,857.916262755102,1
i7GsJrDdCVU_15263-16742,185,2,1123.0,7.684210526315789,337.0,399.5263157894737,inside_visible,619.5566249999999,857.89275,0
i7GsJrDdCVU_15263-16742,186,1,534.0,293.0,274.6,359.79999999999995,inside_visible,595.8657704081633,857.9535153061224,1
i7GsJrDdCVU_15263-16742,186,2,1123.0,7.894736842105263,337.0,399.50877192982455,inside_visible,619.2813333333334,858.6486666666667,0
i7GsJrDdCVU_15263-16742,187,1,534.0,293.0,277.4,363.2000000000001,inside_visible,595.9522321428572,857.9907678571428,1
i7GsJrDdCVU_15263-16742,187,2,1123.0,8.105263157894736,337.0,399.49122807017545,inside_visible,619.0060416666666,859.4045833333333,0
i7GsJrDdCVU_15263-16742,188,1,534.0,293.0,280.20000000000005,366.6,inside_visible,596.038693877551,858.0280204081632,1
i7GsJrDdCVU_15263-16742,188,2,1123.0,8.31578947368421,337.0,399.4736842105263,inside_visible,618.73075,860.1605,0
i7GsJrDdCVU_15263-16742,189,1,534.0,293.0,283.0,370.0,inside_visible,596.1251556122448,858.0652729591837,1
i7GsJrDdCVU_15263-16742,189,2,1123.0,8.526315789473685,337.0,399.4561403508772,inside_visible,618.4554583333334,860.9164166666667,0
i7GsJrDdCVU_15263-16742,190,1,540.6666666666666,298.6666666666667,283.0,370.0,inside_visible,596.2116173469387,858.1025255102041,1
i7GsJrDdCVU_15263-16742,190,2,1123.0,8.736842105263158,337.0,399.43859649122805,inside_visible,618.1801666666667,861.6723333333333,0
i7GsJrDdCVU_15263-16742,191,1,547.3333333333334,304.3333333333333,283.0,370.00000000000006,inside_visible,596.2980790816326,858.1397780612245,1
i7GsJrDdCVU_15263-16742,191,2,1123.0,8.947368421052632,337.0,399.4210526315789,inside_visible,617.904875,862.42825,0
i7GsJrDdCVU_15263-16742,192,1,554.0,310.0,283.0,370.0,inside_visible,596.3845408163265,858.177030612245,1
i7GsJrDdCVU_15263-16742,192,2,1123.0,9.157894736842104,337.0,399.40350877192986,inside_visible,617.6295833333332,863.1841666666667,0
i7GsJrDdCVU_15263-16742,193,1,558.6666666666666,311.0,283.0,370.0,inside_visible,596.4710025510204,858.2142831632653,1
i7GsJrDdCVU_15263-16742,193,2,1123.0,9.36842105263158,337.0,399.3859649122807,inside_visible,617.3542916666667,863.9400833333334,0
i7GsJrDdCVU_15263-16742,194,1,563.3333333333334,312.0,283.0,370.0,inside_visible,596.5574642857142,858.2515357142858,1
i7GsJrDdCVU_15263-16742,194,2,1123.0,9.578947368421051,337.0,399.3684210526316,inside_visible,617.079,864.696,0
i7GsJrDdCVU_15263-16742,195,1,568.0,313.0,283.0,370.0,inside_visible,596.6439260204081,858.2887882653062,1
i7GsJrDdCVU_15263-16742,195,2,1123.0,9.789473684210527,337.0,399.35087719298247,inside_visible,617.0381437125748,864.7307455089821,0
i7GsJrDdCVU_15263-16742,196,1,569.0,320.3333333333333,286.66666666666663,363.3333333333333,inside_visible,596.730387755102,858.3260408163266,1
i7GsJrDdCVU_15263-16742,196,2,1123.0,10.0,337.0,399.3333333333333,inside_visible,616.9972874251497,864.7654910179641,0
i7GsJrDdCVU_15263-16742,197,1,570.0,327.6666666666667,290.33333333333337,356.6666666666667,inside_visible,596.8168494897959,858.363293367347,1
i7GsJrDdCVU_15263-16742,197,2,1123.0,10.210526315789474,337.0,399.3157894736842,inside_visible,616.9564311377245,864.8002365269462,0
i7GsJrDdCVU_15263-16742,198,1,571.0,335.0,294.0,350.0,inside_visible,596.9033112244898,858.4005459183674,1
i7GsJrDdCVU_15263-16742,198,2,1123.0,10.421052631578949,337.0,399.2982456140351,inside_visible,616.9155748502993,864.8349820359282,0
i7GsJrDdCVU_15263-16742,199,1,578.0,340.5,294.0,350.0,inside_visible,596.9897729591837,858.4377984693878,1
i7GsJrDdCVU_15263-16742,199,2,1123.0,10.63157894736842,337.0,399.280701754386,inside_visible,616.8747185628742,864.8697275449102,0
i7GsJrDdCVU_15263-16742,200,1,585.0,346.0,294.0,350.0,inside_visible,597.0762346938775,858.4750510204082,1
i7GsJrDdCVU_15263-16742,200,2,1123.0,10.842105263157894,337.0,399.2631578947368,inside_visible,616.8338622754491,864.9044730538923,0
i7GsJrDdCVU_15263-16742,201,1,585.0,346.0,294.0,344.0,inside_visible,597.1626964285714,858.5123035714286,1
i7GsJrDdCVU_15263-16742,201,2,1123.0,11.052631578947368,337.0,399.2456140350877,inside_visible,616.7930059880239,864.9392185628743,0
i7GsJrDdCVU_15263-16742,202,1,583.4444444444445,345.1111111111111,294.0,346.2222222222223,inside_visible,597.2491581632653,858.549556122449,1
i7GsJrDdCVU_15263-16742,202,2,1123.0,11.263157894736842,337.0,399.2280701754386,inside_visible,616.7521497005988,864.9739640718564,0
i7GsJrDdCVU_15263-16742,203,1,581.8888888888889,344.22222222222223,294.0,348.4444444444444,inside_visible,597.3356198979592,858.5868086734694,1
i7GsJrDdCVU_15263-16742,203,2,1123.0,11.473684210526317,337.0,399.2105263157895,inside_visible,616.7112934131736,865.0087095808384,0
i7GsJrDdCVU_15263-16742,204,1,580.3333333333334,343.3333333333333,294.0,350.6666666666667,inside_visible,597.4220816326531,858.6240612244898,1
i7GsJrDdCVU_15263-16742,204,2,1123.0,11.68421052631579,337.0,399.1929824561404,inside_visible,616.6704371257484,865.0434550898204,0
i7GsJrDdCVU_15263-16742,205,1,578.7777777777778,342.44444444444446,294.0,352.8888888888889,inside_visible,597.5085433673469,858.6613137755102,1
i7GsJrDdCVU_15263-16742,205,2,1123.0,11.894736842105264,337.0,399.1754385964912,inside_visible,616.6295808383232,865.0782005988024,0
i7GsJrDdCVU_15263-16742,206,1,577.2222222222222,341.55555555555554,294.0,355.1111111111111,inside_visible,597.5950051020408,858.6985663265307,1
i7GsJrDdCVU_15263-16742,206,2,1123.0,12.105263157894736,337.0,399.1578947368421,inside_visible,616.5887245508982,865.1129461077844,0
i7GsJrDdCVU_15263-16742,207,1,575.6666666666666,340.6666666666667,294.0,357.3333333333333,inside_visible,597.6814668367347,858.7358188775511,1
i7GsJrDdCVU_15263-16742,207,2,1123.0,12.31578947368421,337.0,399.140350877193,inside_visible,616.547868263473,865.1476916167665,0
i7GsJrDdCVU_15263-16742,208,1,574.1111111111111,339.77777777777777,294.0,359.5555555555556,inside_visible,597.7679285714286,858.7730714285715,1
i7GsJrDdCVU_15263-16742,208,2,1123.0,12.526315789473683,337.0,399.12280701754383,inside_visible,616.5070119760478,865.1824371257485,0
i7GsJrDdCVU_15263-16742,209,1,572.5555555555555,338.8888888888889,294.0,361.7777777777777,inside_visible,597.8543903061225,858.8103239795919,1
i7GsJrDdCVU_15263-16742,209,2,1123.0,12.736842105263158,337.0,399.10526315789474,inside_visible,616.4661556886227,865.2171826347305,0
i7GsJrDdCVU_15263-16742,210,1,571.0,338.0,294.0,364.0,inside_visible,597.9408520408163,858.8475765306123,1
i7GsJrDdCVU_15263-16742,210,2,1123.0,12.94736842105263,337.0,399.0877192982456,inside_visible,616.4252994011975,865.2519281437126,0
i7GsJrDdCVU_15263-16742,211,1,570.7258064516129,338.0,294.0,364.0,inside_visible,598.0273137755102,858.8848290816327,1
i7GsJrDdCVU_15263-16742,211,2,1123.0,13.157894736842106,337.0,399.0701754385965,inside_visible,616.3844431137724,865.2866736526946,0
i7GsJrDdCVU_15263-16742,212,1,570.4516129032259,338.0,294.0,364.0,inside_visible,598.113775510204,858.9220816326531,1
i7GsJrDdCVU_15263-16742,212,2,1123.0,13.36842105263158,337.0,399.0526315789474,inside_visible,616.3435868263473,865.3214191616767,0
i7GsJrDdCVU_15263-16742,213,1,570.1774193548387,338.0,294.0,364.0,inside_visible,598.200237244898,858.9593341836735,1
i7GsJrDdCVU_15263-16742,213,2,1123.0,13.578947368421051,337.0,399.0350877192983,inside_visible,616.3027305389221,865.3561646706587,0
i7GsJrDdCVU_15263-16742,214,1,569.9032258064516,338.0,294.0,364.0,inside_visible,598.2866989795918,858.9965867346939,1
i7GsJrDdCVU_15263-16742,214,2,1123.0,13.789473684210526,337.0,399.0175438596492,inside_visible,616.2618742514969,865.3909101796407,0
i7GsJrDdCVU_15263-16742,215,1,569.6290322580645,338.0,294.0,364.0,inside_visible,598.3731607142857,859.0338392857143,1
i7GsJrDdCVU_15263-16742,215,2,1123.0,14.0,337.0,399.0,inside_visible,616.2210179640718,865.4256556886228,0
i7GsJrDdCVU_15263-16742,216,1,569.3548387096774,338.0,294.0,364.0,inside_visible,598.4596224489795,859.0710918367347,1
i7GsJrDdCVU_15263-16742,216,2,1124.3333333333333,12.0,335.66666666666674,400.3333333333333,inside_visible,616.1801616766467,865.4604011976048,0
i7GsJrDdCVU_15263-16742,217,1,569.0806451612904,338.0,294.0,364.0,inside_visible,598.5460841836734,859.1083443877551,1
i7GsJrDdCVU_15263-16742,217,2,1125.6666666666667,10.0,334.33333333333326,401.6666666666667,inside_visible,616.1393053892215,865.4951467065869,0
i7GsJrDdCVU_15263-16742,218,1,568.8064516129032,338.0,294.0,364.0,inside_visible,598.6325459183673,859.1455969387755,1
i7GsJrDdCVU_15263-16742,218,2,1127.0,8.0,333.0,403.0,inside_visible,616.0984491017964,865.5298922155689,0
i7GsJrDdCVU_15263-16742,219,1,568.5322580645161,338.0,294.0,364.0,inside_visible,598.7190076530612,859.1828494897959,1
i7GsJrDdCVU_15263-16742,219,2,1128.3333333333333,6.0,331.66666666666674,404.3333333333333,inside_visible,616.0575928143712,865.564637724551,0
i7GsJrDdCVU_15263-16742,220,1,568.258064516129,338.0,294.0,364.0,inside_visible,598.8054693877551,859.2201020408163,1
i7GsJrDdCVU_15263-16742,220,2,1129.6666666666667,4.0,330.33333333333326,405.6666666666667,inside_visible,616.016736526946,865.599383233533,0
i7GsJrDdCVU_15263-16742,221,1,567.983870967742,338.0,294.0,364.0,inside_visible,598.8919311224489,859.2573545918367,1
i7GsJrDdCVU_15263-16742,221,2,1131.0,2.0,329.0,407.0,inside_visible,615.975880239521,865.634128742515,0
i7GsJrDdCVU_15263-16742,222,1,567.7096774193549,338.0,294.0,364.0,inside_visible,598.9783928571428,859.2946071428571,1
i7GsJrDdCVU_15263-16742,222,2,1131.25,2.75,329.0,407.0,inside_visible,615.9350239520958,865.6688742514971,0
i7GsJrDdCVU_15263-16742,223,1,567.4354838709677,338.0,294.0,364.0,inside_visible,599.0648545918367,859.3318596938776,1
i7GsJrDdCVU_15263-16742,223,2,1131.5,3.5,329.0,407.0,inside_visible,615.8941676646706,865.7036197604791,0
i7GsJrDdCVU_15263-16742,224,1,567.1612903225806,338.0,294.0,364.0,inside_visible,599.1513163265306,859.369112244898,1
i7GsJrDdCVU_15263-16742,224,2,1131.75,4.25,329.0,407.0,inside_visible,615.8533113772455,865.7383652694612,0
i7GsJrDdCVU_15263-16742,225,1,566.8870967741935,338.0,294.0,364.0,inside_visible,599.2377780612245,859.4063647959184,1
i7GsJrDdCVU_15263-16742,225,2,1132.0,5.0,329.0,407.0,inside_visible,615.8124550898203,865.7731107784432,0
i7GsJrDdCVU_15263-16742,226,1,566.6129032258065,338.0,294.0,364.0,inside_visible,599.3242397959184,859.4436173469388,1
i7GsJrDdCVU_15263-16742,226,2,1132.25,5.75,329.0,407.0,inside_visible,615.7715988023951,865.8078562874251,0
i7GsJrDdCVU_15263-16742,227,1,566.3387096774194,338.0,294.0,364.0,inside_visible,599.4107015306122,859.4808698979592,1
i7GsJrDdCVU_15263-16742,227,2,1132.5,6.5,329.0,407.0,inside_visible,615.73074251497,865.8426017964072,0
i7GsJrDdCVU_15263-16742,228,1,566.0645161290323,338.0,294.0,364.0,inside_visible,599.4971632653061,859.5181224489796,1
i7GsJrDdCVU_15263-16742,228,2,1132.75,7.25,329.0,407.0,inside_visible,615.6898862275449,865.8773473053892,0
i7GsJrDdCVU_15263-16742,229,1,565.7903225806451,338.0,294.0,364.0,inside_visible,599.583625,859.555375,1
i7GsJrDdCVU_15263-16742,229,2,1133.0,8.0,329.0,407.0,inside_visible,615.6490299401197,865.9120928143712,0
i7GsJrDdCVU_15263-16742,230,1,565.516129032258,338.0,294.0,364.0,inside_visible,599.6700867346939,859.5926275510204,1
i7GsJrDdCVU_15263-16742,230,2,1133.051724137931,7.931034482758621,329.0,407.0,inside_visible,615.6081736526945,865.9468383233533,0
i7GsJrDdCVU_15263-16742,231,1,565.241935483871,338.0,294.0,364.0,inside_visible,599.7565484693878,859.6298801020408,1
i7GsJrDdCVU_15263-16742,231,2,1133.103448275862,7.862068965517241,329.0,407.0,inside_visible,615.5673173652694,865.9815838323353,0
i7GsJrDdCVU_15263-16742,232,1,564.9677419354839,338.0,294.0,364.0,inside_visible,599.8430102040816,859.6671326530612,1
i7GsJrDdCVU_15263-16742,232,2,1133.155172413793,7.793103448275862,329.0,407.0,inside_visible,615.5264610778443,866.0163293413174,0
i7GsJrDdCVU_15263-16742,233,1,564.6935483870968,338.0,294.0,364.0,inside_visible,599.9294719387755,859.7043852040816,1
i7GsJrDdCVU_15263-16742,233,2,1133.2068965517242,7.724137931034483,329.0,407.0,inside_visible,615.4856047904191,866.0510748502994,0
i7GsJrDdCVU_15263-16742,234,1,564.4193548387096,338.0,294.0,364.0,inside_visible,600.0159336734694,859.741637755102,1
i7GsJrDdCVU_15263-16742,234,2,1133.2586206896551,7.655172413793103,329.0,407.0,inside_visible,615.444748502994,866.0858203592815,0
i7GsJrDdCVU_15263-16742,235,1,564.1451612903226,338.0,294.0,364.0,inside_visible,600.1023954081633,859.7788903061224,1
i7GsJrDdCVU_15263-16742,235,2,1133.3103448275865,7.586206896551724,329.0,407.0,inside_visible,615.4038922155688,866.1205658682635,0
i7GsJrDdCVU_15263-16742,236,1,563.8709677419355,338.0,294.0,364.0,inside_visible,600.1888571428572,859.8161428571428,1
i7GsJrDdCVU_15263-16742,236,2,1133.3620689655172,7.517241379310345,329.0,407.0,inside_visible,615.3630359281436,866.1553113772455,0
i7GsJrDdCVU_15263-16742,237,1,563.5967741935484,338.0,294.0,364.0,inside_visible,600.2753188775511,859.8533954081632,1
i7GsJrDdCVU_15263-16742,237,2,1133.4137931034484,7.448275862068965,329.0,407.0,inside_visible,615.3221796407186,866.1900568862276,0
i7GsJrDdCVU_15263-16742,238,1,563.3225806451613,338.0,294.0,364.0,inside_visible,600.3617806122448,859.8906479591836,1
i7GsJrDdCVU_15263-16742,238,2,1133.4655172413793,7.379310344827586,329.0,407.0,inside_visible,615.2813233532934,866.2248023952096,0
i7GsJrDdCVU_15263-16742,239,1,563.0483870967741,338.0,294.0,364.0,inside_visible,600.4482423469387,859.927900510204,1
i7GsJrDdCVU_15263-16742,239,2,1133.5172413793102,7.310344827586206,329.0,407.0,inside_visible,615.2404670658682,866.2595479041917,0
i7GsJrDdCVU_15263-16742,240,1,562.7741935483871,338.0,294.0,364.0,inside_visible,600.5347040816326,859.9651530612246,1
i7GsJrDdCVU_15263-16742,240,2,1133.5689655172414,7.241379310344827,329.0,407.0,inside_visible,615.1996107784431,866.2942934131737,0
i7GsJrDdCVU_15263-16742,241,1,562.5,338.0,294.0,364.0,inside_visible,600.6211658163265,860.002405612245,1
i7GsJrDdCVU_15263-16742,241,2,1133.6206896551723,7.172413793103448,329.0,407.0,inside_visible,615.1587544910179,866.3290389221557,0
i7GsJrDdCVU_15263-16742,242,1,562.2258064516129,338.0,294.0,364.0,inside_visible,600.7076275510204,860.0396581632654,1
i7GsJrDdCVU_15263-16742,242,2,1133.6724137931035,7.103448275862069,329.0,407.0,inside_visible,615.1178982035927,866.3637844311378,0
i7GsJrDdCVU_15263-16742,243,1,561.9516129032259,338.0,294.0,364.0,inside_visible,600.7940892857142,860.0769107142858,1
i7GsJrDdCVU_15263-16742,243,2,1133.7241379310344,7.0344827586206895,329.0,407.0,inside_visible,615.0770419161677,866.3985299401198,0
i7GsJrDdCVU_15263-16742,244,1,561.6774193548387,338.0,294.0,364.0,inside_visible,600.8805510204081,860.1141632653062,1
i7GsJrDdCVU_15263-16742,244,2,1133.7758620689656,6.965517241379311,329.0,407.0,inside_visible,615.0361856287425,866.4332754491019,0
i7GsJrDdCVU_15263-16742,245,1,561.4032258064516,338.0,294.0,364.0,inside_visible,600.967012755102,860.1514158163266,1
i7GsJrDdCVU_15263-16742,245,2,1133.8275862068965,6.896551724137931,329.0,407.0,inside_visible,614.9953293413173,866.4680209580839,0
i7GsJrDdCVU_15263-16742,246,1,561.1290322580645,338.0,294.0,364.0,inside_visible,601.0534744897959,860.188668367347,1
i7GsJrDdCVU_15263-16742,246,2,1133.8793103448277,6.827586206896552,329.0,407.0,inside_visible,614.9544730538922,866.502766467066,0
i7GsJrDdCVU_15263-16742,247,1,560.8548387096774,338.0,294.0,364.0,inside_visible,601.1399362244898,860.2259209183674,1
i7GsJrDdCVU_15263-16742,247,2,1133.9310344827586,6.758620689655173,329.0,407.0,inside_visible,614.913616766467,866.5375119760479,0
i7GsJrDdCVU_15263-16742,248,1,560.5806451612904,338.0,294.0,364.0,inside_visible,601.2263979591837,860.2631734693878,1
i7GsJrDdCVU_15263-16742,248,2,1133.9827586206898,6.689655172413794,329.0,407.0,inside_visible,614.8727604790419,866.5722574850299,0
i7GsJrDdCVU_15263-16742,249,1,560.3064516129032,338.0,294.0,364.0,inside_visible,601.3128596938775,860.3004260204082,1
i7GsJrDdCVU_15263-16742,249,2,1134.0344827586207,6.620689655172414,329.0,407.0,inside_visible,614.8319041916167,866.607002994012,0
i7GsJrDdCVU_15263-16742,250,1,560.0322580645161,338.0,294.0,364.0,inside_visible,601.3993214285714,860.3376785714286,1
i7GsJrDdCVU_15263-16742,250,2,1134.0862068965516,6.551724137931035,329.0,407.0,inside_visible,614.7910479041916,866.641748502994,0
i7GsJrDdCVU_15263-16742,251,1,559.758064516129,338.0,294.0,364.0,inside_visible,601.4857831632653,860.374931122449,1
i7GsJrDdCVU_15263-16742,251,2,1134.1379310344828,6.482758620689655,329.0,407.0,inside_visible,614.7501916167664,866.676494011976,0
i7GsJrDdCVU_15263-16742,252,1,559.483870967742,338.0,294.0,364.0,inside_visible,601.5722448979592,860.4121836734694,1
i7GsJrDdCVU_15263-16742,252,2,1134.1896551724135,6.413793103448276,329.0,407.0,inside_visible,614.7093353293412,866.7112395209581,0
i7GsJrDdCVU_15263-16742,253,1,559.2096774193549,338.0,294.0,364.0,inside_visible,601.6587066326531,860.4494362244898,1
i7GsJrDdCVU_15263-16742,253,2,1134.2413793103449,6.344827586206897,329.0,407.0,inside_visible,614.6684790419162,866.7459850299401,0
i7GsJrDdCVU_15263-16742,254,1,558.9354838709677,338.0,294.0,364.0,inside_visible,601.7451683673469,860.4866887755102,1
i7GsJrDdCVU_15263-16742,254,2,1134.2931034482758,6.275862068965518,329.0,407.0,inside_visible,614.627622754491,866.7807305389222,0
i7GsJrDdCVU_15263-16742,255,1,558.6612903225806,338.0,294.0,364.0,inside_visible,601.8316301020408,860.5239413265306,1
i7GsJrDdCVU_15263-16742,255,2,1134.344827586207,6.206896551724138,329.0,407.0,inside_visible,614.5867664670658,866.8154760479042,0
i7GsJrDdCVU_15263-16742,256,1,558.3870967741935,338.0,294.0,364.0,inside_visible,601.9180918367347,860.561193877551,1
i7GsJrDdCVU_15263-16742,256,2,1134.396551724138,6.137931034482759,329.0,407.0,inside_visible,614.5459101796407,866.8502215568863,0
i7GsJrDdCVU_15263-16742,257,1,558.1129032258065,338.0,294.0,364.0,inside_visible,602.0045535714286,860.5984464285715,1
i7GsJrDdCVU_15263-16742,257,2,1134.448275862069,6.068965517241379,329.0,407.0,inside_visible,614.5050538922155,866.8849670658683,0
i7GsJrDdCVU_15263-16742,258,1,557.8387096774194,338.0,294.0,364.0,inside_visible,602.0910153061225,860.6356989795919,1
i7GsJrDdCVU_15263-16742,258,2,1134.5,6.0,329.0,407.0,inside_visible,614.4641976047903,866.9197125748503,0
i7GsJrDdCVU_15263-16742,259,1,557.5645161290323,338.0,294.0,364.0,inside_visible,602.1774770408163,860.6729515306123,1
i7GsJrDdCVU_15263-16742,259,2,1134.551724137931,5.931034482758621,329.0,407.0,inside_visible,614.4233413173653,866.9544580838324,0
i7GsJrDdCVU_15263-16742,260,1,557.2903225806451,338.0,294.0,364.0,inside_visible,602.2639387755102,860.7102040816327,1
i7GsJrDdCVU_15263-16742,260,2,1134.603448275862,5.862068965517242,329.0,407.0,inside_visible,614.3824850299401,866.9892035928144,0
i7GsJrDdCVU_15263-16742,261,1,557.016129032258,338.0,294.0,364.0,inside_visible,602.350400510204,860.7474566326531,1
i7GsJrDdCVU_15263-16742,261,2,1134.655172413793,5.793103448275862,329.0,407.0,inside_visible,614.3416287425149,867.0239491017965,0
i7GsJrDdCVU_15263-16742,262,1,556.741935483871,338.0,294.0,364.0,inside_visible,602.436862244898,860.7847091836735,1
i7GsJrDdCVU_15263-16742,262,2,1134.7068965517242,5.724137931034482,329.0,407.0,inside_visible,614.3007724550898,867.0586946107785,0
i7GsJrDdCVU_15263-16742,263,1,556.4677419354839,338.0,294.0,364.0,inside_visible,602.5233239795919,860.8219617346939,1
i7GsJrDdCVU_15263-16742,263,2,1134.7586206896551,5.655172413793103,329.0,407.0,inside_visible,614.2599161676646,867.0934401197605,0
i7GsJrDdCVU_15263-16742,264,1,556.1935483870968,338.0,294.0,364.0,inside_visible,602.6097857142857,860.8592142857143,1
i7GsJrDdCVU_15263-16742,264,2,1134.8103448275865,5.586206896551724,329.0,407.0,inside_visible,614.2190598802395,867.1281856287426,0
i7GsJrDdCVU_15263-16742,265,1,555.9193548387096,338.0,294.0,364.0,inside_visible,602.6962474489795,860.8964668367347,1
i7GsJrDdCVU_15263-16742,265,2,1134.8620689655172,5.517241379310345,329.0,407.0,inside_visible,614.1782035928144,867.1629311377246,0
i7GsJrDdCVU_15263-16742,266,1,555.6451612903226,338.0,294.0,364.0,inside_visible,602.7827091836734,860.9337193877551,1
i7GsJrDdCVU_15263-16742,266,2,1134.9137931034484,5.448275862068965,329.0,407.0,inside_visible,614.1373473053892,867.1976766467067,0
i7GsJrDdCVU_15263-16742,267,1,555.3709677419355,338.0,294.0,364.0,inside_visible,602.8691709183673,860.9709719387755,1
i7GsJrDdCVU_15263-16742,267,2,1134.9655172413793,5.379310344827586,329.0,407.0,inside_visible,614.096491017964,867.2324221556887,0
i7GsJrDdCVU_15263-16742,268,1,555.0967741935484,338.0,294.0,364.0,inside_visible,602.9556326530612,861.0082244897959,1
i7GsJrDdCVU_15263-16742,268,2,1135.0172413793102,5.310344827586206,329.0,407.0,inside_visible,614.0556347305388,867.2671676646706,0
i7GsJrDdCVU_15263-16742,269,1,554.8225806451613,338.0,294.0,364.0,inside_visible,603.0420943877551,861.0454770408163,1
i7GsJrDdCVU_15263-16742,269,2,1135.0689655172414,5.241379310344827,329.0,407.0,inside_visible,614.0147784431138,867.3019131736527,0
i7GsJrDdCVU_15263-16742,270,1,554.5483870967741,338.0,294.0,364.0,inside_visible,603.1285561224489,861.0827295918367,1
i7GsJrDdCVU_15263-16742,270,2,1135.1206896551723,5.172413793103448,329.0,407.0,inside_visible,613.9739221556886,867.3366586826347,0
i7GsJrDdCVU_15263-16742,271,1,554.2741935483871,338.0,294.0,364.0,inside_visible,603.2150178571428,861.1199821428571,1
i7GsJrDdCVU_15263-16742,271,2,1135.1724137931035,5.103448275862069,329.0,407.0,inside_visible,613.9330658682634,867.3714041916168,0
i7GsJrDdCVU_15263-16742,272,1,554.0,338.0,294.0,364.0,inside_visible,603.3014795918367,861.1572346938775,1
i7GsJrDdCVU_15263-16742,272,2,1135.2241379310344,5.0344827586206895,329.0,407.0,inside_visible,613.8922095808383,867.4061497005988,0
i7GsJrDdCVU_15263-16742,273,1,553.32,337.88,294.43999999999994,364.0,inside_visible,603.3879413265306,861.1944872448979,1
i7GsJrDdCVU_15263-16742,273,2,1135.2758620689656,4.965517241379311,329.0,407.0,inside_visible,613.8513532934131,867.4408952095808,0
i7GsJrDdCVU_15263-16742,274,1,552.64,337.76,294.88,364.0,inside_visible,603.4744030612245,861.2317397959184,1
i7GsJrDdCVU_15263-16742,274,2,1135.3275862068965,4.896551724137931,329.0,407.0,inside_visible,613.8104970059879,867.4756407185629,0
i7GsJrDdCVU_15263-16742,275,1,551.96,337.64,295.31999999999994,364.0,inside_visible,603.5608647959184,861.2689923469388,1
i7GsJrDdCVU_15263-16742,275,2,1135.3793103448277,4.827586206896552,329.0,407.0,inside_visible,613.7696407185629,867.5103862275449,0
i7GsJrDdCVU_15263-16742,276,1,551.28,337.52,295.76,364.0,inside_visible,603.6473265306122,861.3062448979592,1
i7GsJrDdCVU_15263-16742,276,2,1135.4310344827586,4.758620689655173,329.0,407.0,inside_visible,613.7287844311377,867.545131736527,0
i7GsJrDdCVU_15263-16742,277,1,550.6,337.4,296.19999999999993,364.0,inside_visible,603.7337882653061,861.3434974489796,1
i7GsJrDdCVU_15263-16742,277,2,1135.4827586206898,4.689655172413794,329.0,407.0,inside_visible,613.6879281437125,867.579877245509,0
i7GsJrDdCVU_15263-16742,278,1,549.92,337.28,296.64,364.0,inside_visible,603.82025,861.38075,1
i7GsJrDdCVU_15263-16742,278,2,1135.5344827586207,4.620689655172414,329.0,407.0,inside_visible,613.6470718562874,867.614622754491,0
i7GsJrDdCVU_15263-16742,279,1,549.24,337.16,297.08000000000004,364.0,inside_visible,603.9067117346939,861.4180025510204,1
i7GsJrDdCVU_15263-16742,279,2,1135.5862068965516,4.551724137931035,329.0,407.0,inside_visible,613.6062155688622,867.6493682634731,0
i7GsJrDdCVU_15263-16742,280,1,548.56,337.04,297.5200000000001,364.0,inside_visible,603.9931734693878,861.4552551020408,1
i7GsJrDdCVU_15263-16742,280,2,1135.6379310344828,4.482758620689655,329.0,407.0,inside_visible,613.565359281437,867.6841137724551,0
i7GsJrDdCVU_15263-16742,281,1,547.88,336.92,297.96000000000004,364.0,inside_visible,604.0796352040816,861.4925076530612,1
i7GsJrDdCVU_15263-16742,281,2,1135.6896551724135,4.413793103448276,329.0,407.0,inside_visible,613.524502994012,867.7188592814372,0
i7GsJrDdCVU_15263-16742,282,1,547.2,336.8,298.4,364.0,inside_visible,604.1660969387755,861.5297602040816,1
i7GsJrDdCVU_15263-16742,282,2,1135.7413793103449,4.344827586206897,329.0,407.0,inside_visible,613.4836467065868,867.7536047904192,0
i7GsJrDdCVU_15263-16742,283,1,546.52,336.68,298.84000000000003,364.0,inside_visible,604.2525586734694,861.567012755102,1
i7GsJrDdCVU_15263-16742,283,2,1135.7931034482758,4.275862068965518,329.0,407.0,inside_visible,613.4427904191616,867.7883502994013,0
i7GsJrDdCVU_15263-16742,284,1,545.84,336.56,299.28,364.0,inside_visible,604.3390204081633,861.6042653061224,1
i7GsJrDdCVU_15263-16742,284,2,1135.844827586207,4.206896551724138,329.0,407.0,inside_visible,613.4019341317365,867.8230958083833,0
i7GsJrDdCVU_15263-16742,285,1,545.16,336.44,299.72,364.00000000000006,inside_visible,604.4254821428572,861.6415178571428,1
i7GsJrDdCVU_15263-16742,285,2,1135.896551724138,4.137931034482758,329.0,407.0,inside_visible,613.3610778443114,867.8578413173653,0
i7GsJrDdCVU_15263-16742,286,1,544.48,336.32,300.16,364.00000000000006,inside_visible,604.5119438775511,861.6787704081632,1
i7GsJrDdCVU_15263-16742,286,2,1135.948275862069,4.068965517241379,329.0,407.0,inside_visible,613.3202215568862,867.8925868263474,0
i7GsJrDdCVU_15263-16742,287,1,543.8,336.2,300.6,364.00000000000006,inside_visible,604.5984056122448,861.7160229591836,1
i7GsJrDdCVU_15263-16742,287,2,1136.0,4.0,329.0,407.0,inside_visible,613.2793652694611,867.9273323353294,0
i7GsJrDdCVU_15263-16742,288,1,543.12,336.08,301.04,364.00000000000006,inside_visible,604.6848673469387,861.753275510204,1
i7GsJrDdCVU_15263-16742,288,2,1136.051724137931,3.931034482758621,329.0,407.0,inside_visible,613.2385089820359,867.9620778443114,0
i7GsJrDdCVU_15263-16742,289,1,542.44,335.96,301.4799999999999,364.00000000000006,inside_visible,604.7713290816326,861.7905280612244,1
i7GsJrDdCVU_15263-16742,289,2,1136.103448275862,3.862068965517241,329.0,407.0,inside_visible,613.1976526946107,867.9968233532934,0
i7GsJrDdCVU_15263-16742,290,1,541.76,335.84,301.92,364.00000000000006,inside_visible,604.8577908163265,861.8277806122449,1
i7GsJrDdCVU_15263-16742,290,2,1136.155172413793,3.793103448275862,329.0,407.0,inside_visible,613.1567964071855,868.0315688622754,0
i7GsJrDdCVU_15263-16742,291,1,541.08,335.72,302.36,364.0,inside_visible,604.9442525510204,861.8650331632654,1
i7GsJrDdCVU_15263-16742,291,2,1136.2068965517242,3.724137931034483,329.0,407.0,inside_visible,613.1159401197605,868.0663143712575,0
i7GsJrDdCVU_15263-16742,292,1,540.4,335.6,302.80000000000007,364.0,inside_visible,605.0307142857142,861.9022857142858,1
i7GsJrDdCVU_15263-16742,292,2,1136.2586206896551,3.655172413793103,329.0,407.0,inside_visible,613.0750838323353,868.1010598802395,0
i7GsJrDdCVU_15263-16742,293,1,539.72,335.48,303.24,364.0,inside_visible,605.1171760204081,861.9395382653062,1
i7GsJrDdCVU_15263-16742,293,2,1136.3103448275865,3.586206896551724,329.0,407.0,inside_visible,613.0342275449101,868.1358053892216,0
i7GsJrDdCVU_15263-16742,294,1,539.04,335.36,303.68000000000006,364.0,inside_visible,605.203637755102,861.9767908163266,1
i7GsJrDdCVU_15263-16742,294,2,1136.3620689655172,3.517241379310345,329.0,407.0,inside_visible,612.993371257485,868.1705508982036,0
i7GsJrDdCVU_15263-16742,295,1,538.36,335.24,304.12,364.0,inside_visible,605.2900994897959,862.014043367347,1
i7GsJrDdCVU_15263-16742,295,2,1136.4137931034484,3.4482758620689653,329.0,407.0,inside_visible,612.9525149700598,868.2052964071856,0
i7GsJrDdCVU_15263-16742,296,1,537.68,335.12,304.56000000000006,364.0,inside_visible,605.3765612244898,862.0512959183674,1
i7GsJrDdCVU_15263-16742,296,2,1136.4655172413793,3.3793103448275863,329.0,407.0,inside_visible,612.9116586826347,868.2400419161677,0
i7GsJrDdCVU_15263-16742,297,1,537.0,335.0,305.0,364.0,inside_visible,605.4630229591837,862.0885484693878,1
i7GsJrDdCVU_15263-16742,297,2,1136.5172413793102,3.3103448275862077,329.0,407.0,inside_visible,612.8708023952096,868.2747874251497,0
i7GsJrDdCVU_15263-16742,298,1,537.0,335.0,305.0,365.83333333333337,inside_visible,605.5494846938775,862.1258010204082,1
i7GsJrDdCVU_15263-16742,298,2,1136.5689655172414,3.2413793103448274,329.0,407.0,inside_visible,612.8299461077844,868.3095329341318,0
i7GsJrDdCVU_15263-16742,299,1,537.0,335.0,305.0,367.6666666666666,inside_visible,605.6359464285714,862.1630535714286,1
i7GsJrDdCVU_15263-16742,299,2,1136.6206896551723,3.1724137931034484,329.0,407.0,inside_visible,612.7890898203592,868.3442784431138,0
i7GsJrDdCVU_15263-16742,300,1,537.0,335.0,305.0,369.5,inside_visible,605.7224081632653,862.200306122449,1
i7GsJrDdCVU_15263-16742,300,2,1136.6724137931035,3.1034482758620694,329.0,407.0,inside_visible,612.7482335329341,868.3790239520958,0
i7GsJrDdCVU_15263-16742,301,1,537.0,335.0,305.0,371.33333333333337,inside_visible,605.8088698979592,862.2375586734694,1
i7GsJrDdCVU_15263-16742,301,2,1136.7241379310344,3.034482758620689,329.0,407.0,inside_visible,612.707377245509,868.4137694610779,0
i7GsJrDdCVU_15263-16742,302,1,537.0,335.0,305.0,373.1666666666666,inside_visible,605.8953316326531,862.2748112244898,1
i7GsJrDdCVU_15263-16742,302,2,1136.7758620689656,2.9655172413793105,329.0,407.0,inside_visible,612.6665209580838,868.4485149700599,0
i7GsJrDdCVU_15263-16742,303,1,537.0,335.0,305.0,375.0,inside_visible,605.9817933673469,862.3120637755102,1
i7GsJrDdCVU_15263-16742,303,2,1136.8275862068965,2.8965517241379306,329.0,407.0,inside_visible,612.6256646706587,868.483260479042,0
i7GsJrDdCVU_15263-16742,304,1,537.578947368421,334.8421052631579,305.0,375.0,inside_visible,606.0682551020408,862.3493163265306,1
i7GsJrDdCVU_15263-16742,304,2,1136.8793103448277,2.827586206896552,329.0,407.0,inside_visible,612.5848083832335,868.518005988024,0
i7GsJrDdCVU_15263-16742,305,1,538.1578947368421,334.6842105263158,305.0,375.00000000000006,inside_visible,606.1547168367347,862.386568877551,1
i7GsJrDdCVU_15263-16742,305,2,1136.9310344827586,2.7586206896551726,329.0,407.0,inside_visible,612.5439520958083,868.552751497006,0
i7GsJrDdCVU_15263-16742,306,1,538.7368421052631,334.5263157894737,305.0,375.0,inside_visible,606.2411785714286,862.4238214285714,1
i7GsJrDdCVU_15263-16742,306,2,1136.9827586206898,2.6896551724137927,329.0,407.0,inside_visible,612.5030958083833,868.5874970059881,0
i7GsJrDdCVU_15263-16742,307,1,539.3157894736842,334.3684210526316,305.0,375.0,inside_visible,606.3276403061225,862.4610739795918,1
i7GsJrDdCVU_15263-16742,307,2,1137.0344827586207,2.6206896551724137,329.0,407.0,inside_visible,612.4622395209581,868.6222425149701,0
i7GsJrDdCVU_15263-16742,308,1,539.8947368421053,334.2105263157895,305.0,375.0,inside_visible,606.4141020408163,862.4983265306123,1
i7GsJrDdCVU_15263-16742,308,2,1137.0862068965516,2.5517241379310347,329.0,407.0,inside_visible,612.4213832335329,868.6569880239522,0
i7GsJrDdCVU_15263-16742,309,1,540.4736842105264,334.05263157894734,305.0,375.00000000000006,inside_visible,606.5005637755102,862.5355790816327,1
i7GsJrDdCVU_15263-16742,309,2,1137.1379310344828,2.482758620689655,329.0,407.0,inside_visible,612.3805269461077,868.6917335329341,0
i7GsJrDdCVU_15263-16742,310,1,541.0526315789474,333.89473684210526,305.0,375.00000000000006,inside_visible,606.5870255102041,862.5728316326531,1
i7GsJrDdCVU_15263-16742,310,2,1137.1896551724135,2.413793103448276,329.0,407.0,inside_visible,612.3396706586826,868.7264790419161,0
i7GsJrDdCVU_15263-16742,311,1,541.6315789473684,333.7368421052632,305.0,375.0,inside_visible,606.673487244898,862.6100841836735,1
i7GsJrDdCVU_15263-16742,311,2,1137.2413793103449,2.344827586206897,329.0,407.0,inside_visible,612.2988143712574,868.7612245508982,0
i7GsJrDdCVU_15263-16742,312,1,542.2105263157895,333.57894736842104,305.0,375.0,inside_visible,606.7599489795919,862.6473367346939,1
i7GsJrDdCVU_15263-16742,312,2,1137.2931034482758,2.275862068965517,329.0,407.0,inside_visible,612.2579580838322,868.7959700598802,0
i7GsJrDdCVU_15263-16742,313,1,542.7894736842105,333.42105263157896,305.0,375.0,inside_visible,606.8464107142858,862.6845892857143,1
i7GsJrDdCVU_15263-16742,313,2,1137.344827586207,2.206896551724138,329.0,407.0,inside_visible,612.2171017964072,868.8307155688623,0
i7GsJrDdCVU_15263-16742,314,1,543.3684210526316,333.2631578947368,305.0,375.00000000000006,inside_visible,606.9328724489795,862.7218418367347,1
i7GsJrDdCVU_15263-16742,314,2,1137.396551724138,2.137931034482759,329.0,407.0,inside_visible,612.176245508982,868.8654610778443,0
i7GsJrDdCVU_15263-16742,315,1,543.9473684210526,333.10526315789474,305.0,375.0,inside_visible,607.0193341836734,862.7590943877551,1
i7GsJrDdCVU_15263-16742,315,2,1137.448275862069,2.068965517241379,329.0,407.0,inside_visible,612.1353892215568,868.9002065868264,0
i7GsJrDdCVU_15263-16742,316,1,544.5263157894736,332.94736842105266,305.0,375.0,inside_visible,607.1057959183673,862.7963469387755,1
i7GsJrDdCVU_15263-16742,316,2,1137.5,2.0,329.0,407.0,inside_visible,612.0945329341317,868.9349520958084,0
i7GsJrDdCVU_15263-16742,317,1,545.1052631578947,332.7894736842105,305.0,375.0,inside_visible,607.1922576530612,862.8335994897959,1
i7GsJrDdCVU_15263-16742,317,2,1137.551724137931,1.931034482758621,329.0,407.0,inside_visible,612.0536766467065,868.9696976047904,0
i7GsJrDdCVU_15263-16742,318,1,545.6842105263158,332.63157894736844,305.0,375.0,inside_visible,607.2787193877551,862.8708520408163,1
i7GsJrDdCVU_15263-16742,318,2,1137.603448275862,1.862068965517241,329.0,407.0,inside_visible,612.0128203592814,869.0044431137725,0
i7GsJrDdCVU_15263-16742,319,1,546.2631578947369,332.4736842105263,305.0,375.00000000000006,inside_visible,607.3651811224489,862.9081045918367,1
i7GsJrDdCVU_15263-16742,319,2,1137.655172413793,1.793103448275862,329.0,407.0,inside_visible,611.9719640718563,869.0391886227545,0
i7GsJrDdCVU_15263-16742,320,1,546.8421052631579,332.3157894736842,305.0,375.0,inside_visible,607.4516428571428,862.9453571428571,1
i7GsJrDdCVU_15263-16742,320,2,1137.7068965517242,1.724137931034483,329.0,407.0,inside_visible,611.9311077844311,869.0739341317366,0
i7GsJrDdCVU_15263-16742,321,1,547.421052631579,332.1578947368421,305.0,375.0,inside_visible,607.5381045918367,862.9826096938775,1
i7GsJrDdCVU_15263-16742,321,2,1137.7586206896551,1.6551724137931032,329.0,407.0,inside_visible,611.8902514970059,869.1086796407186,0
i7GsJrDdCVU_15263-16742,322,1,548.0,332.0,305.0,375.0,inside_visible,607.6245663265306,863.0198622448979,1
i7GsJrDdCVU_15263-16742,322,2,1137.8103448275865,1.5862068965517242,329.0,407.0,inside_visible,611.8493952095808,869.1434251497006,0
i7GsJrDdCVU_15263-16742,323,1,548.0,332.0,305.0,375.0,inside_visible,607.7110280612245,863.0571147959183,1
i7GsJrDdCVU_15263-16742,323,2,1137.8620689655172,1.5172413793103452,329.0,407.0,inside_visible,611.8085389221557,869.1781706586827,0
i7GsJrDdCVU_15263-16742,324,1,548.0,332.0,305.0,375.0,inside_visible,607.7974897959184,863.0943673469387,1
i7GsJrDdCVU_15263-16742,324,2,1137.9137931034484,1.4482758620689653,329.0,407.0,inside_visible,611.7676826347305,869.2129161676647,0
i7GsJrDdCVU_15263-16742,325,1,548.4375,332.0,304.5625,374.375,inside_visible,607.8839515306122,863.1316198979592,1
i7GsJrDdCVU_15263-16742,325,2,1137.9655172413793,1.3793103448275863,329.0,407.0,inside_visible,611.7268263473054,869.2476616766468,0
i7GsJrDdCVU_15263-16742,326,1,548.875,332.0,304.125,373.75,inside_visible,607.9704132653061,863.1688724489796,1
i7GsJrDdCVU_15263-16742,326,2,1138.0172413793102,1.3103448275862073,329.0,407.0,inside_visible,611.6859700598802,869.2824071856288,0
i7GsJrDdCVU_15263-16742,327,1,549.3125,332.0,303.6875,373.125,inside_visible,608.056875,863.206125,1
i7GsJrDdCVU_15263-16742,327,2,1138.0689655172414,1.2413793103448274,329.0,407.0,inside_visible,611.645113772455,869.3171526946109,0
i7GsJrDdCVU_15263-16742,328,1,549.75,332.0,303.25,372.5,inside_visible,608.1433367346939,863.2433775510204,1
i7GsJrDdCVU_15263-16742,328,2,1138.1206896551723,1.1724137931034484,329.0,407.0,inside_visible,611.60425748503,869.3518982035929,0
i7GsJrDdCVU_15263-16742,329,1,550.1875,332.0,302.8125,371.875,inside_visible,608.2297984693878,863.2806301020408,1
i7GsJrDdCVU_15263-16742,329,2,1138.1724137931035,1.1034482758620694,329.0,407.0,inside_visible,611.5634011976048,869.3866437125749,0
i7GsJrDdCVU_15263-16742,330,1,550.625,332.0,302.375,371.25,inside_visible,608.3162602040816,863.3178826530612,1
i7GsJrDdCVU_15263-16742,330,2,1138.2241379310344,1.0344827586206895,329.0,407.0,inside_visible,611.5225449101796,869.4213892215569,0
i7GsJrDdCVU_15263-16742,331,1,551.0625,332.0,301.9375,370.625,inside_visible,608.4027219387755,863.3551352040816,1
i7GsJrDdCVU_15263-16742,331,2,1138.2758620689656,0.9655172413793104,329.0,407.0,inside_visible,611.4816886227544,869.4561347305389,0
i7GsJrDdCVU_15263-16742,332,1,551.5,332.0,301.5,370.0,inside_visible,608.4891836734694,863.392387755102,1
i7GsJrDdCVU_15263-16742,332,2,1138.3275862068965,0.8965517241379306,329.0,407.0,inside_visible,611.4408323353293,869.490880239521,0
i7GsJrDdCVU_15263-16742,333,1,551.9375,332.0,301.0625,369.375,inside_visible,608.5756454081633,863.4296403061225,1
i7GsJrDdCVU_15263-16742,333,2,1138.3793103448277,0.8275862068965516,329.0,407.0,inside_visible,611.3999760479041,869.525625748503,0
i7GsJrDdCVU_15263-16742,334,1,552.375,332.0,300.625,368.75,inside_visible,608.6621071428572,863.4668928571429,1
i7GsJrDdCVU_15263-16742,334,2,1138.4310344827586,0.7586206896551726,329.0,407.0,inside_visible,611.359119760479,869.560371257485,0
i7GsJrDdCVU_15263-16742,335,1,552.8125,332.0,300.1875,368.125,inside_visible,608.7485688775511,863.5041454081633,1
i7GsJrDdCVU_15263-16742,335,2,1138.4827586206898,0.6896551724137927,329.0,407.0,inside_visible,611.3182634730539,869.5951167664671,0
i7GsJrDdCVU_15263-16742,336,1,553.25,332.0,299.75,367.5,inside_visible,608.8350306122449,863.5413979591837,1
i7GsJrDdCVU_15263-16742,336,2,1138.5344827586207,0.6206896551724137,329.0,407.0,inside_visible,611.2774071856287,869.6298622754491,0
i7GsJrDdCVU_15263-16742,337,1,553.6875,332.0,299.3125,366.875,inside_visible,608.9214923469387,863.578650510204,1
i7GsJrDdCVU_15263-16742,337,2,1138.5862068965516,0.5517241379310347,329.0,407.0,inside_visible,611.2365508982035,869.6646077844312,0
i7GsJrDdCVU_15263-16742,338,1,554.125,332.0,298.875,366.25,inside_visible,609.0079540816326,863.6159030612245,1
i7GsJrDdCVU_15263-16742,338,2,1138.6379310344828,0.4827586206896548,329.0,407.0,inside_visible,611.1956946107784,869.6993532934132,0
i7GsJrDdCVU_15263-16742,339,1,554.5625,332.0,298.4375,365.625,inside_visible,609.0944158163265,863.6531556122449,1
i7GsJrDdCVU_15263-16742,339,2,1138.6896551724135,0.4137931034482758,329.0,407.0,inside_visible,611.1548383233533,869.7340988023952,0
i7GsJrDdCVU_15263-16742,340,1,555.0,332.0,298.0,365.0,inside_visible,609.1808775510204,863.6904081632653,1
i7GsJrDdCVU_15263-16742,340,2,1138.7413793103449,0.3448275862068968,329.0,407.0,inside_visible,611.1139820359281,869.7688443113773,0
i7GsJrDdCVU_15263-16742,341,1,555.1818181818181,332.0,297.81818181818187,365.4545454545455,inside_visible,609.2673392857142,863.7276607142857,1
i7GsJrDdCVU_15263-16742,341,2,1138.7931034482758,0.2758620689655169,329.0,407.0,inside_visible,611.073125748503,869.8035898203593,0
i7GsJrDdCVU_15263-16742,342,1,555.3636363636364,332.0,297.6363636363636,365.9090909090909,inside_visible,609.3538010204081,863.7649132653062,1
i7GsJrDdCVU_15263-16742,342,2,1138.844827586207,0.2068965517241379,329.0,407.0,inside_visible,611.0322694610778,869.8383353293414,0
i7GsJrDdCVU_15263-16742,343,1,555.5454545454545,332.0,297.4545454545455,366.3636363636364,inside_visible,609.440262755102,863.8021658163266,1
i7GsJrDdCVU_15263-16742,343,2,1138.896551724138,0.1379310344827589,329.0,407.0,inside_visible,610.9914131736526,869.8730808383234,0
i7GsJrDdCVU_15263-16742,344,1,555.7272727272727,332.0,297.27272727272725,366.8181818181818,inside_visible,609.5267244897959,863.839418367347,1
i7GsJrDdCVU_15263-16742,344,2,1138.948275862069,0.068965517241379,329.0,407.0,inside_visible,610.9505568862276,869.9078263473054,0
i7GsJrDdCVU_15263-16742,345,1,555.9090909090909,332.0,297.0909090909091,367.27272727272725,inside_visible,609.6131862244898,863.8766709183674,1
i7GsJrDdCVU_15263-16742,345,2,1139.0,0.0,329.0,407.0,inside_visible,610.9097005988024,869.9425718562875,0
i7GsJrDdCVU_15263-16742,346,1,556.0909090909091,332.0,296.9090909090909,367.7272727272728,inside_visible,609.6996479591837,863.9139234693878,1
i7GsJrDdCVU_15263-16742,346,2,1139.148148148148,0.0,329.0,407.0,inside_visible,610.8688443113772,869.9773173652695,0
i7GsJrDdCVU_15263-16742,347,1,556.2727272727273,332.0,296.72727272727275,368.1818181818181,inside_visible,609.7861096938775,863.9511760204082,1
i7GsJrDdCVU_15263-16742,347,2,1139.2962962962963,0.0,329.0,407.0,inside_visible,610.8279880239521,870.0120628742516,0
i7GsJrDdCVU_15263-16742,348,1,556.4545454545455,332.0,296.5454545454545,368.6363636363636,inside_visible,609.8725714285714,863.9884285714286,1
i7GsJrDdCVU_15263-16742,348,2,1139.4444444444443,0.0,329.0,407.0,inside_visible,610.7871317365269,870.0468083832336,0
i7GsJrDdCVU_15263-16742,349,1,556.6363636363636,332.0,296.3636363636364,369.0909090909091,inside_visible,609.9590331632653,864.025681122449,1
i7GsJrDdCVU_15263-16742,349,2,1139.5925925925926,0.0,329.0,407.0,inside_visible,610.7462754491017,870.0815538922157,0
i7GsJrDdCVU_15263-16742,350,1,556.8181818181819,332.0,296.18181818181813,369.5454545454545,inside_visible,610.0454948979592,864.0629336734694,1
i7GsJrDdCVU_15263-16742,350,2,1139.7407407407406,0.0,329.0,407.0,inside_visible,610.7054191616767,870.1162994011977,0
i7GsJrDdCVU_15263-16742,351,1,557.0,332.0,296.0,370.0,inside_visible,610.1319566326531,864.1001862244898,1
i7GsJrDdCVU_15263-16742,351,2,1139.888888888889,0.0,329.0,407.0,inside_visible,610.6645628742515,870.1510449101796,0
i7GsJrDdCVU_15263-16742,352,1,557.1818181818181,332.0,295.81818181818187,370.4545454545455,inside_visible,610.2184183673469,864.1374387755102,1
i7GsJrDdCVU_15263-16742,352,2,1140.037037037037,0.0,329.0,407.0,inside_visible,610.6237065868263,870.1857904191617,0
i7GsJrDdCVU_15263-16742,353,1,557.3636363636364,332.0,295.6363636363636,370.9090909090909,inside_visible,610.3048801020408,864.1746913265306,1
i7GsJrDdCVU_15263-16742,353,2,1140.1851851851852,0.0,329.0,407.0,inside_visible,610.5828502994011,870.2205359281437,0
i7GsJrDdCVU_15263-16742,354,1,557.5454545454545,332.0,295.4545454545455,371.3636363636364,inside_visible,610.3913418367347,864.211943877551,1
i7GsJrDdCVU_15263-16742,354,2,1140.3333333333333,0.0,329.0,407.0,inside_visible,610.541994011976,870.2552814371257,0
i7GsJrDdCVU_15263-16742,355,1,557.7272727272727,332.0,295.27272727272725,371.8181818181818,inside_visible,610.4778035714286,864.2491964285714,1
i7GsJrDdCVU_15263-16742,355,2,1140.4814814814815,0.0,329.0,407.0,inside_visible,610.5011377245509,870.2900269461078,0
i7GsJrDdCVU_15263-16742,356,1,557.9090909090909,332.0,295.0909090909091,372.27272727272725,inside_visible,610.5642653061225,864.2864489795918,1
i7GsJrDdCVU_15263-16742,356,2,1140.6296296296296,0.0,329.0,407.0,inside_visible,610.4602814371257,870.3247724550898,0
i7GsJrDdCVU_15263-16742,357,1,558.0909090909091,332.0,294.9090909090909,372.7272727272728,inside_visible,610.6507270408163,864.3237015306122,1
i7GsJrDdCVU_15263-16742,357,2,1140.7777777777778,0.0,329.0,407.0,inside_visible,610.4194251497006,870.3595179640719,0
i7GsJrDdCVU_15263-16742,358,1,558.2727272727273,332.0,294.72727272727275,373.1818181818181,inside_visible,610.7371887755102,864.3609540816326,1
i7GsJrDdCVU_15263-16742,358,2,1140.925925925926,0.0,329.0,407.0,inside_visible,610.3785688622754,870.3942634730539,0
i7GsJrDdCVU_15263-16742,359,1,558.4545454545455,332.0,294.5454545454545,373.6363636363636,inside_visible,610.8236505102041,864.398206632653,1
i7GsJrDdCVU_15263-16742,359,2,1141.074074074074,0.0,329.0,407.0,inside_visible,610.3377125748502,870.429008982036,0
i7GsJrDdCVU_15263-16742,360,1,558.6363636363636,332.0,294.3636363636364,374.0909090909091,inside_visible,610.910112244898,864.4354591836735,1
i7GsJrDdCVU_15263-16742,360,2,1141.2222222222222,0.0,329.0,407.0,inside_visible,610.2968562874252,870.463754491018,0
i7GsJrDdCVU_15263-16742,361,1,558.8181818181819,332.0,294.18181818181813,374.5454545454545,inside_visible,610.9965739795919,864.4727117346939,1
i7GsJrDdCVU_15263-16742,361,2,1141.3703703703704,0.0,329.0,407.0,inside_visible,610.256,870.4985,0
i7GsJrDdCVU_15263-16742,362,1,559.0,332.0,294.0,375.0,inside_visible,611.0830357142858,864.5099642857143,1
i7GsJrDdCVU_15263-16742,362,2,1141.5185185185185,0.0,329.0,407.0,inside_visible,610.2151437125748,870.5332455089821,0
i7GsJrDdCVU_15263-16742,363,1,560.1,332.7,292.9,373.00000000000006,inside_visible,611.1694974489795,864.5472168367347,1
i7GsJrDdCVU_15263-16742,363,2,1141.6666666666667,0.0,329.0,407.0,inside_visible,610.1742874251497,870.5679910179641,0
i7GsJrDdCVU_15263-16742,364,1,561.2,333.4,291.79999999999995,371.0,inside_visible,611.2559591836734,864.5844693877551,1
i7GsJrDdCVU_15263-16742,364,2,1141.8148148148148,0.0,329.0,407.0,inside_visible,610.1334311377245,870.6027365269462,0
i7GsJrDdCVU_15263-16742,365,1,562.3,334.1,290.70000000000005,369.0,inside_visible,611.3424209183673,864.6217219387755,1
i7GsJrDdCVU_15263-16742,365,2,1141.962962962963,0.0,329.0,407.0,inside_visible,610.0925748502993,870.6374820359282,0
i7GsJrDdCVU_15263-16742,366,1,563.4,334.8,289.6,367.0,inside_visible,611.4288826530612,864.6589744897959,1
i7GsJrDdCVU_15263-16742,366,2,1142.111111111111,0.0,329.0,407.0,inside_visible,610.0517185628743,870.6722275449102,0
i7GsJrDdCVU_15263-16742,367,1,564.5,335.5,288.5,365.0,inside_visible,611.5153443877551,864.6962270408163,1
i7GsJrDdCVU_15263-16742,367,2,1142.2592592592594,0.0,329.0,407.0,inside_visible,610.0108622754491,870.7069730538923,0
i7GsJrDdCVU_15263-16742,368,1,565.6,336.2,287.4,363.00000000000006,inside_visible,611.6018061224489,864.7334795918367,1
i7GsJrDdCVU_15263-16742,368,2,1142.4074074074074,0.0,329.0,407.0,inside_visible,609.9700059880239,870.7417185628743,0
i7GsJrDdCVU_15263-16742,369,1,566.7,336.9,286.29999999999995,361.0,inside_visible,611.6882678571428,864.7707321428571,1
i7GsJrDdCVU_15263-16742,369,2,1142.5555555555557,0.0,329.0,407.0,inside_visible,609.9291497005988,870.7764640718564,0
i7GsJrDdCVU_15263-16742,370,1,567.8,337.6,285.20000000000005,359.0,inside_visible,611.7747295918367,864.8079846938775,1
i7GsJrDdCVU_15263-16742,370,2,1142.7037037037037,0.0,329.0,407.0,inside_visible,609.8882934131736,870.8112095808384,0
i7GsJrDdCVU_15263-16742,371,1,568.9,338.3,284.1,356.99999999999994,inside_visible,611.8611913265306,864.8452372448979,1
i7GsJrDdCVU_15263-16742,371,2,1142.851851851852,0.0,329.0,407.0,inside_visible,609.8474371257485,870.8459550898204,0
i7GsJrDdCVU_15263-16742,372,1,570.0,339.0,283.0,355.0,inside_visible,611.9476530612245,864.8824897959183,1
i7GsJrDdCVU_15263-16742,372,2,1143.0,0.0,329.0,407.0,inside_visible,609.8065808383233,870.8807005988024,0
i7GsJrDdCVU_15263-16742,373,1,570.0,338.125,283.0,355.75,inside_visible,612.0341147959184,864.9197423469387,1
i7GsJrDdCVU_15263-16742,373,2,1143.148148148148,0.0,329.0,407.0,inside_visible,609.7657245508982,870.9154461077844,0
i7GsJrDdCVU_15263-16742,374,1,570.0,337.25,283.0,356.5,inside_visible,612.1205765306122,864.9569948979591,1
i7GsJrDdCVU_15263-16742,374,2,1143.2962962962963,0.0,329.0,407.0,inside_visible,609.724868263473,870.9501916167665,0
i7GsJrDdCVU_15263-16742,375,1,570.0,336.375,283.0,357.25,inside_visible,612.2070382653061,864.9942474489795,1
i7GsJrDdCVU_15263-16742,375,2,1143.4444444444443,0.0,329.0,407.0,inside_visible,609.6840119760478,870.9849371257485,0
i7GsJrDdCVU_15263-16742,376,1,570.0,335.5,283.0,358.0,inside_visible,612.2935,865.0315,1
i7GsJrDdCVU_15263-16742,376,2,1143.5925925925926,0.0,329.0,407.0,inside_visible,609.6431556886228,871.0196826347305,0
i7GsJrDdCVU_15263-16742,377,1,570.0,334.625,283.0,358.75,inside_visible,612.3799617346939,865.0687525510205,1
i7GsJrDdCVU_15263-16742,377,2,1143.7407407407406,0.0,329.0,407.0,inside_visible,609.6022994011976,871.0544281437126,0
i7GsJrDdCVU_15263-16742,378,1,570.0,333.75,283.0,359.5,inside_visible,612.4664234693878,865.1060051020409,1
i7GsJrDdCVU_15263-16742,378,2,1143.888888888889,0.0,329.0,407.0,inside_visible,609.5614431137724,871.0891736526946,0
i7GsJrDdCVU_15263-16742,379,1,570.0,332.875,283.0,360.25,inside_visible,612.5528852040816,865.1432576530613,1
i7GsJrDdCVU_15263-16742,379,2,1144.037037037037,0.0,329.0,407.0,inside_visible,609.5205868263473,871.1239191616767,0
i7GsJrDdCVU_15263-16742,380,1,570.0,332.0,283.0,361.0,inside_visible,612.6393469387755,865.1805102040817,1
i7GsJrDdCVU_15263-16742,380,2,1144.1851851851852,0.0,329.0,407.0,inside_visible,609.4797305389221,871.1586646706587,0
i7GsJrDdCVU_15263-16742,381,1,569.56,332.08,283.44000000000005,361.28,inside_visible,612.7258086734694,865.2177627551021,1
i7GsJrDdCVU_15263-16742,381,2,1144.3333333333333,0.0,329.0,407.0,inside_visible,609.4388742514969,871.1934101796408,0
i7GsJrDdCVU_15263-16742,382,1,569.12,332.16,283.88,361.56,inside_visible,612.8122704081633,865.2550153061225,1
i7GsJrDdCVU_15263-16742,382,2,1144.4814814814815,0.0,329.0,407.0,inside_visible,609.3980179640719,871.2281556886228,0
i7GsJrDdCVU_15263-16742,383,1,568.68,332.24,284.32000000000005,361.84,inside_visible,612.8987321428572,865.2922678571429,1
i7GsJrDdCVU_15263-16742,383,2,1144.6296296296296,0.0,329.0,407.0,inside_visible,609.3571616766467,871.2629011976048,0
i7GsJrDdCVU_15263-16742,384,1,568.24,332.32,284.76,362.12000000000006,inside_visible,612.9851938775511,865.3295204081633,1
i7GsJrDdCVU_15263-16742,384,2,1144.7777777777778,0.0,329.0,407.0,inside_visible,609.3163053892215,871.2976467065869,0
i7GsJrDdCVU_15263-16742,385,1,567.8,332.4,285.20000000000005,362.4,inside_visible,613.0716556122449,865.3667729591837,1
i7GsJrDdCVU_15263-16742,385,2,1144.925925925926,0.0,329.0,407.0,inside_visible,609.2754491017964,871.3323922155689,0
i7GsJrDdCVU_15263-16742,386,1,567.36,332.48,285.64,362.68,inside_visible,613.1581173469388,865.4040255102041,1
i7GsJrDdCVU_15263-16742,386,2,1145.074074074074,0.0,329.0,407.0,inside_visible,609.2345928143712,871.367137724551,0
i7GsJrDdCVU_15263-16742,387,1,566.92,332.56,286.08000000000004,362.96,inside_visible,613.2445790816327,865.4412780612245,1
i7GsJrDdCVU_15263-16742,387,2,1145.2222222222222,0.0,329.0,407.0,inside_visible,609.193736526946,871.401883233533,0
i7GsJrDdCVU_15263-16742,388,1,566.48,332.64,286.52,363.24,inside_visible,613.3310408163265,865.4785306122449,1
i7GsJrDdCVU_15263-16742,388,2,1145.3703703703704,0.0,329.0,407.0,inside_visible,609.152880239521,871.436628742515,0
i7GsJrDdCVU_15263-16742,389,1,566.04,332.72,286.96000000000004,363.52,inside_visible,613.4175025510204,865.5157831632653,1
i7GsJrDdCVU_15263-16742,389,2,1145.5185185185185,0.0,329.0,407.0,inside_visible,609.1120239520958,871.4713742514971,0
i7GsJrDdCVU_15263-16742,390,1,565.6,332.8,287.4,363.8,inside_visible,613.5039642857142,865.5530357142857,1
i7GsJrDdCVU_15263-16742,390,2,1145.6666666666667,0.0,329.0,407.0,inside_visible,609.0711676646706,871.5061197604791,0
i7GsJrDdCVU_15263-16742,391,1,565.16,332.88,287.84000000000003,364.08,inside_visible,613.5904260204081,865.5902882653061,1
i7GsJrDdCVU_15263-16742,391,2,1145.8148148148148,0.0,329.0,407.0,inside_visible,609.0303113772455,871.5408652694612,0
i7GsJrDdCVU_15263-16742,392,1,564.72,332.96,288.28,364.36000000000007,inside_visible,613.676887755102,865.6275408163265,1
i7GsJrDdCVU_15263-16742,392,2,1145.962962962963,0.0,329.0,407.0,inside_visible,608.9894550898204,871.5756107784432,0
i7GsJrDdCVU_15263-16742,393,1,564.28,333.04,288.72,364.63999999999993,inside_visible,613.7633494897959,865.6647933673469,1
i7GsJrDdCVU_15263-16742,393,2,1146.111111111111,0.0,329.0,407.0,inside_visible,608.9485988023952,871.6103562874251,0
i7GsJrDdCVU_15263-16742,394,1,563.84,333.12,289.16,364.92,inside_visible,613.8498112244898,865.7020459183674,1
i7GsJrDdCVU_15263-16742,394,2,1146.2592592592594,0.0,329.0,407.0,inside_visible,608.90774251497,871.6451017964072,0
i7GsJrDdCVU_15263-16742,395,1,563.4,333.2,289.6,365.2,inside_visible,613.9362729591837,865.7392984693878,1
i7GsJrDdCVU_15263-16742,395,2,1146.4074074074074,0.0,329.0,407.0,inside_visible,608.8668862275449,871.6798473053892,0
i7GsJrDdCVU_15263-16742,396,1,562.96,333.28,290.04,365.48,inside_visible,614.0227346938775,865.7765510204082,1
i7GsJrDdCVU_15263-16742,396,2,1146.5555555555557,0.0,329.0,407.0,inside_visible,608.8260299401197,871.7145928143713,0
i7GsJrDdCVU_15263-16742,397,1,562.52,333.36,290.48,365.76,inside_visible,614.1091964285714,865.8138035714286,1
i7GsJrDdCVU_15263-16742,397,2,1146.7037037037037,0.0,329.0,407.0,inside_visible,608.7851736526945,871.7493383233533,0
i7GsJrDdCVU_15263-16742,398,1,562.08,333.44,290.92,366.04,inside_visible,614.1956581632653,865.851056122449,1
i7GsJrDdCVU_15263-16742,398,2,1146.851851851852,0.0,329.0,407.0,inside_visible,608.7443173652695,871.7840838323353,0
i7GsJrDdCVU_15263-16742,399,1,561.64,333.52,291.36,366.3200000000001,inside_visible,614.2821198979592,865.8883086734694,1
i7GsJrDdCVU_15263-16742,399,2,1147.0,0.0,329.0,407.0,inside_visible,608.7034610778443,871.8188293413174,0
i7GsJrDdCVU_15263-16742,400,1,561.2,333.6,291.79999999999995,366.6,inside_visible,614.3685816326531,865.9255612244898,1
i7GsJrDdCVU_15263-16742,400,2,1147.148148148148,0.0,329.0,407.0,inside_visible,608.6626047904191,871.8535748502994,0
i7GsJrDdCVU_15263-16742,401,1,560.76,333.68,292.24,366.88,inside_visible,614.4550433673469,865.9628137755102,1
i7GsJrDdCVU_15263-16742,401,2,1147.2962962962963,0.0,329.0,407.0,inside_visible,608.621748502994,871.8883203592815,0
i7GsJrDdCVU_15263-16742,402,1,560.32,333.76,292.67999999999995,367.16,inside_visible,614.5415051020408,866.0000663265306,1
i7GsJrDdCVU_15263-16742,402,2,1147.4444444444443,0.0,329.0,407.0,inside_visible,608.5808922155688,871.9230658682635,0
i7GsJrDdCVU_15263-16742,403,1,559.88,333.84,293.12,367.44,inside_visible,614.6279668367347,866.037318877551,1
i7GsJrDdCVU_15263-16742,403,2,1147.5925925925926,0.0,329.0,407.0,inside_visible,608.5400359281437,871.9578113772455,0
i7GsJrDdCVU_15263-16742,404,1,559.44,333.92,293.55999999999995,367.72,inside_visible,614.7144285714286,866.0745714285714,1
i7GsJrDdCVU_15263-16742,404,2,1147.7407407407406,0.0,329.0,407.0,inside_visible,608.4991796407186,871.9925568862276,0
i7GsJrDdCVU_15263-16742,405,1,559.0,334.0,294.0,368.0,inside_visible,614.8008903061225,866.1118239795918,1
i7GsJrDdCVU_15263-16742,405,2,1147.888888888889,0.0,329.0,407.0,inside_visible,608.4583233532934,872.0273023952096,0
i7GsJrDdCVU_15263-16742,406,1,558.5714285714286,334.1428571428572,294.42857142857144,367.8571428571428,inside_visible,614.8873520408163,866.1490765306122,1
i7GsJrDdCVU_15263-16742,406,2,1148.037037037037,0.0,329.0,407.0,inside_visible,608.4174670658682,872.0620479041917,0
i7GsJrDdCVU_15263-16742,407,1,558.1428571428571,334.2857142857143,294.8571428571429,367.7142857142857,inside_visible,614.9738137755102,866.1863290816326,1
i7GsJrDdCVU_15263-16742,407,2,1148.1851851851852,0.0,329.0,407.0,inside_visible,608.3766107784431,872.0967934131737,0
i7GsJrDdCVU_15263-16742,408,1,557.7142857142857,334.42857142857144,295.28571428571433,367.57142857142856,inside_visible,615.0602755102041,866.223581632653,1
i7GsJrDdCVU_15263-16742,408,2,1148.3333333333333,0.0,329.0,407.0,inside_visible,608.335754491018,872.1315389221558,0
i7GsJrDdCVU_15263-16742,409,1,557.2857142857143,334.57142857142856,295.71428571428567,367.4285714285714,inside_visible,615.146737244898,866.2608341836734,1
i7GsJrDdCVU_15263-16742,409,2,1148.4814814814815,0.0,329.0,407.0,inside_visible,608.2948982035928,872.1662844311378,0
i7GsJrDdCVU_15263-16742,410,1,556.8571428571429,334.7142857142857,296.1428571428571,367.2857142857143,inside_visible,615.2331989795919,866.2980867346939,1
i7GsJrDdCVU_15263-16742,410,2,1148.6296296296296,0.0,329.0,407.0,inside_visible,608.2540419161677,872.2010299401198,0
i7GsJrDdCVU_15263-16742,411,1,556.4285714285714,334.85714285714283,296.57142857142856,367.1428571428572,inside_visible,615.3196607142858,866.3353392857143,1
i7GsJrDdCVU_15263-16742,411,2,1148.7777777777778,0.0,329.0,407.0,inside_visible,608.2131856287425,872.2357754491019,0
i7GsJrDdCVU_15263-16742,412,1,556.0,335.0,297.0,367.0,inside_visible,615.4061224489795,866.3725918367347,1
i7GsJrDdCVU_15263-16742,412,2,1148.925925925926,0.0,329.0,407.0,inside_visible,608.1723293413173,872.2705209580839,0
i7GsJrDdCVU_15263-16742,413,1,555.0,337.8,296.4,366.2,inside_visible,615.4925841836734,866.4098443877551,1
i7GsJrDdCVU_15263-16742,413,2,1149.074074074074,0.0,329.0,407.0,inside_visible,608.1314730538923,872.305266467066,0
i7GsJrDdCVU_15263-16742,414,1,554.0,340.6,295.79999999999995,365.4,inside_visible,615.5790459183673,866.4470969387755,1
i7GsJrDdCVU_15263-16742,414,2,1149.2222222222222,0.0,329.0,407.0,inside_visible,608.0906167664671,872.3400119760479,0
i7GsJrDdCVU_15263-16742,415,1,553.0,343.4,295.20000000000005,364.6,inside_visible,615.6655076530612,866.4843494897959,1
i7GsJrDdCVU_15263-16742,415,2,1149.3703703703704,0.0,329.0,407.0,inside_visible,608.0497604790419,872.3747574850299,0
i7GsJrDdCVU_15263-16742,416,1,552.0,346.2,294.6,363.8,inside_visible,615.7519693877551,866.5216020408163,1
i7GsJrDdCVU_15263-16742,416,2,1149.5185185185185,0.0,329.0,407.0,inside_visible,608.0089041916167,872.409502994012,0
i7GsJrDdCVU_15263-16742,417,1,551.0,349.0,294.0,363.0,inside_visible,615.8384311224489,866.5588545918367,1
i7GsJrDdCVU_15263-16742,417,2,1149.6666666666667,0.0,329.0,407.0,inside_visible,607.9680479041916,872.444248502994,0
i7GsJrDdCVU_15263-16742,418,1,551.625,348.625,293.375,362.125,inside_visible,615.9248928571428,866.5961071428571,1
i7GsJrDdCVU_15263-16742,418,2,1149.8148148148148,0.0,329.0,407.0,inside_visible,607.9271916167664,872.478994011976,0
i7GsJrDdCVU_15263-16742,419,1,552.25,348.25,292.75,361.25,inside_visible,616.0113545918367,866.6333596938775,1
i7GsJrDdCVU_15263-16742,419,2,1149.962962962963,0.0,329.0,407.0,inside_visible,607.8863353293413,872.5137395209581,0
i7GsJrDdCVU_15263-16742,420,1,552.875,347.875,292.125,360.375,inside_visible,616.0978163265306,866.6706122448979,1
i7GsJrDdCVU_15263-16742,420,2,1150.111111111111,0.0,329.0,407.0,inside_visible,607.8454790419162,872.5484850299401,0
i7GsJrDdCVU_15263-16742,421,1,553.5,347.5,291.5,359.5,inside_visible,616.1842780612245,866.7078647959183,1
i7GsJrDdCVU_15263-16742,421,2,1150.2592592592594,0.0,329.0,407.0,inside_visible,607.804622754491,872.5832305389222,0
i7GsJrDdCVU_15263-16742,422,1,554.125,347.125,290.875,358.625,inside_visible,616.2707397959184,866.7451173469387,1
i7GsJrDdCVU_15263-16742,422,2,1150.4074074074074,0.0,329.0,407.0,inside_visible,607.7637664670658,872.6179760479042,0
i7GsJrDdCVU_15263-16742,423,1,554.75,346.75,290.25,357.75,inside_visible,616.3572015306122,866.7823698979591,1
i7GsJrDdCVU_15263-16742,423,2,1150.5555555555557,0.0,329.0,407.0,inside_visible,607.7229101796407,872.6527215568863,0
i7GsJrDdCVU_15263-16742,424,1,555.375,346.375,289.625,356.875,inside_visible,616.4436632653061,866.8196224489795,1
i7GsJrDdCVU_15263-16742,424,2,1150.7037037037037,0.0,329.0,407.0,inside_visible,607.6820538922155,872.6874670658683,0
i7GsJrDdCVU_15263-16742,425,1,556.0,346.0,289.0,356.0,inside_visible,616.530125,866.856875,1
i7GsJrDdCVU_15263-16742,425,2,1150.851851851852,0.0,329.0,407.0,inside_visible,607.6411976047904,872.7222125748503,0
i7GsJrDdCVU_15263-16742,426,1,555.9148936170212,346.02127659574467,289.0,356.1489361702128,inside_visible,616.6165867346939,866.8941275510203,1
i7GsJrDdCVU_15263-16742,426,2,1151.0,0.0,329.0,407.0,inside_visible,607.6003413173653,872.7569580838324,0
i7GsJrDdCVU_15263-16742,427,1,555.8297872340426,346.0425531914894,289.0,356.2978723404255,inside_visible,616.7030484693878,866.9313801020407,1
i7GsJrDdCVU_15263-16742,427,2,1154.2,0.0,329.0,407.0,inside_visible,607.5594850299401,872.7917035928144,0
i7GsJrDdCVU_15263-16742,428,1,555.7446808510638,346.06382978723406,289.0,356.4468085106383,inside_visible,616.7895102040816,866.9686326530613,1
i7GsJrDdCVU_15263-16742,428,2,1157.4,0.0,329.0,407.0,inside_visible,607.5186287425149,872.8264491017965,0
i7GsJrDdCVU_15263-16742,429,1,555.6595744680851,346.0851063829787,289.0,356.59574468085106,inside_visible,616.8759719387755,867.0058852040817,1
i7GsJrDdCVU_15263-16742,429,2,1160.6,0.0,329.0,407.0,inside_visible,607.4777724550898,872.8611946107785,0
i7GsJrDdCVU_15263-16742,430,1,555.5744680851063,346.1063829787234,289.0,356.74468085106383,inside_visible,616.9624336734694,867.0431377551021,1
i7GsJrDdCVU_15263-16742,430,2,1163.8,0.0,329.0,407.0,inside_visible,607.4369161676647,872.8959401197606,0
i7GsJrDdCVU_15263-16742,431,1,555.4893617021277,346.1276595744681,289.0,356.8936170212765,inside_visible,617.0488954081633,867.0803903061225,1
i7GsJrDdCVU_15263-16742,431,2,1167.0,0.0,329.0,407.0,inside_visible,607.3960598802395,872.9306856287426,0
i7GsJrDdCVU_15263-16742,432,1,555.4042553191489,346.1489361702128,289.0,357.04255319148933,inside_visible,617.1353571428572,867.1176428571429,1
i7GsJrDdCVU_15263-16742,432,2,1166.9019607843138,0.0196078431372549,329.0,406.921568627451,inside_visible,607.3552035928144,872.9654311377246,0
i7GsJrDdCVU_15263-16742,433,1,555.3191489361702,346.17021276595744,289.0,357.1914893617021,inside_visible,617.2218188775511,867.1548954081633,1
i7GsJrDdCVU_15263-16742,433,2,1166.8039215686274,0.0392156862745098,329.0,406.84313725490193,inside_visible,607.3143473053892,873.0001766467067,0
i7GsJrDdCVU_15263-16742,434,1,555.2340425531914,346.1914893617021,289.0,357.3404255319149,inside_visible,617.3082806122449,867.1921479591837,1
i7GsJrDdCVU_15263-16742,434,2,1166.7058823529412,0.0588235294117647,329.0,406.7647058823529,inside_visible,607.273491017964,873.0349221556887,0
i7GsJrDdCVU_15263-16742,435,1,555.1489361702128,346.21276595744683,289.0,357.4893617021276,inside_visible,617.3947423469388,867.2294005102041,1
i7GsJrDdCVU_15263-16742,435,2,1166.6078431372548,0.0784313725490196,329.0,406.6862745098039,inside_visible,607.2326347305388,873.0696676646706,0
i7GsJrDdCVU_15263-16742,436,1,555.063829787234,346.2340425531915,289.0,357.6382978723404,inside_visible,617.4812040816327,867.2666530612245,1
i7GsJrDdCVU_15263-16742,436,2,1166.5098039215686,0.0980392156862745,329.0,406.60784313725486,inside_visible,607.1917784431138,873.1044131736527,0
i7GsJrDdCVU_15263-16742,437,1,554.9787234042553,346.25531914893617,289.0,357.7872340425532,inside_visible,617.5676658163266,867.3039056122449,1
i7GsJrDdCVU_15263-16742,437,2,1166.4117647058824,0.1176470588235294,329.0,406.52941176470586,inside_visible,607.1509221556886,873.1391586826347,0
i7GsJrDdCVU_15263-16742,438,1,554.8936170212766,346.27659574468083,289.0,357.93617021276594,inside_visible,617.6541275510205,867.3411581632653,1
i7GsJrDdCVU_15263-16742,438,2,1166.313725490196,0.1372549019607843,329.0,406.4509803921569,inside_visible,607.1100658682634,873.1739041916168,0
i7GsJrDdCVU_15263-16742,439,1,554.8085106382979,346.2978723404256,289.0,358.08510638297867,inside_visible,617.7405892857142,867.3784107142857,1
i7GsJrDdCVU_15263-16742,439,2,1166.2156862745098,0.1568627450980392,329.0,406.3725490196078,inside_visible,607.0692095808383,873.2086497005988,0
i7GsJrDdCVU_15263-16742,440,1,554.7234042553191,346.3191489361702,289.0,358.23404255319144,inside_visible,617.8270510204081,867.4156632653061,1
i7GsJrDdCVU_15263-16742,440,2,1166.1176470588234,0.1764705882352941,329.0,406.2941176470589,inside_visible,607.0283532934131,873.2433952095809,0
i7GsJrDdCVU_15263-16742,441,1,554.6382978723404,346.3404255319149,289.0,358.3829787234042,inside_visible,617.913512755102,867.4529158163265,1
i7GsJrDdCVU_15263-16742,441,2,1166.0196078431372,0.196078431372549,329.0,406.2156862745098,inside_visible,606.987497005988,873.2781407185629,0
i7GsJrDdCVU_15263-16742,442,1,554.5531914893617,346.3617021276596,289.0,358.531914893617,inside_visible,617.9999744897959,867.4901683673469,1
i7GsJrDdCVU_15263-16742,442,2,1165.921568627451,0.2156862745098039,329.0,406.1372549019608,inside_visible,606.9466407185629,873.3128862275449,0
i7GsJrDdCVU_15263-16742,443,1,554.468085106383,346.3829787234043,289.0,358.6808510638297,inside_visible,618.0864362244898,867.5274209183673,1
i7GsJrDdCVU_15263-16742,443,2,1165.8235294117646,0.2352941176470588,329.0,406.05882352941177,inside_visible,606.9057844311377,873.347631736527,0
i7GsJrDdCVU_15263-16742,444,1,554.3829787234042,346.40425531914894,289.0,358.8297872340425,inside_visible,618.1728979591837,867.5646734693877,1
i7GsJrDdCVU_15263-16742,444,2,1165.7254901960785,0.2549019607843137,329.0,405.9803921568628,inside_visible,606.8649281437125,873.382377245509,0
i7GsJrDdCVU_15263-16742,445,1,554.2978723404256,346.4255319148936,289.0,358.9787234042553,inside_visible,618.2593596938775,867.6019260204082,1
i7GsJrDdCVU_15263-16742,445,2,1165.6274509803925,0.2745098039215686,329.0,405.90196078431376,inside_visible,606.8240718562874,873.4171227544911,0
i7GsJrDdCVU_15263-16742,446,1,554.2127659574468,346.4468085106383,289.0,359.12765957446805,inside_visible,618.3458214285714,867.6391785714286,1
i7GsJrDdCVU_15263-16742,446,2,1165.529411764706,0.2941176470588235,329.0,405.8235294117647,inside_visible,606.7832155688623,873.4518682634731,0
i7GsJrDdCVU_15263-16742,447,1,554.1276595744681,346.468085106383,289.0,359.2765957446808,inside_visible,618.4322831632653,867.676431122449,1
i7GsJrDdCVU_15263-16742,447,2,1165.4313725490197,0.3137254901960784,329.0,405.7450980392157,inside_visible,606.7423592814371,873.4866137724551,0
i7GsJrDdCVU_15263-16742,448,1,554.0425531914893,346.48936170212767,289.0,359.42553191489355,inside_visible,618.5187448979592,867.7136836734694,1
i7GsJrDdCVU_15263-16742,448,2,1165.3333333333333,0.3333333333333333,329.0,405.6666666666667,inside_visible,606.701502994012,873.5213592814372,0
i7GsJrDdCVU_15263-16742,449,1,553.9574468085107,346.51063829787233,289.0,359.57446808510645,inside_visible,618.6052066326531,867.7509362244898,1
i7GsJrDdCVU_15263-16742,449,2,1165.235294117647,0.3529411764705882,329.0,405.5882352941176,inside_visible,606.6606467065868,873.5561047904192,0
i7GsJrDdCVU_15263-16742,450,1,553.8723404255319,346.531914893617,289.0,359.7234042553192,inside_visible,618.6916683673469,867.7881887755102,1
i7GsJrDdCVU_15263-16742,450,2,1165.137254901961,0.3725490196078431,329.0,405.5098039215686,inside_visible,606.6197904191616,873.5908502994013,0
i7GsJrDdCVU_15263-16742,451,1,553.7872340425532,346.5531914893617,289.0,359.87234042553195,inside_visible,618.7781301020408,867.8254413265306,1
i7GsJrDdCVU_15263-16742,451,2,1165.0392156862745,0.392156862745098,329.0,405.4313725490196,inside_visible,606.5789341317366,873.6255958083833,0
i7GsJrDdCVU_15263-16742,452,1,553.7021276595744,346.5744680851064,289.0,360.0212765957447,inside_visible,618.8645918367347,867.862693877551,1
i7GsJrDdCVU_15263-16742,452,2,1164.9411764705883,0.4117647058823529,329.0,405.35294117647055,inside_visible,606.5380778443114,873.6603413173654,0
i7GsJrDdCVU_15263-16742,453,1,553.6170212765958,346.59574468085106,289.0,360.1702127659575,inside_visible,618.9510535714286,867.8999464285714,1
i7GsJrDdCVU_15263-16742,453,2,1164.843137254902,0.4313725490196078,329.0,405.2745098039216,inside_visible,606.4972215568862,873.6950868263474,0
i7GsJrDdCVU_15263-16742,454,1,553.531914893617,346.6170212765957,289.0,360.3191489361703,inside_visible,619.0375153061225,867.9371989795918,1
i7GsJrDdCVU_15263-16742,454,2,1164.7450980392157,0.4509803921568627,329.0,405.1960784313725,inside_visible,606.4563652694611,873.7298323353294,0
i7GsJrDdCVU_15263-16742,455,1,553.4468085106383,346.63829787234044,289.0,360.468085106383,inside_visible,619.1239770408163,867.9744515306122,1
i7GsJrDdCVU_15263-16742,455,2,1164.6470588235295,0.4705882352941176,329.0,405.1176470588235,inside_visible,606.4155089820359,873.7645778443114,0
i7GsJrDdCVU_15263-16742,456,1,553.3617021276596,346.6595744680851,289.0,360.6170212765958,inside_visible,619.2104387755102,868.0117040816326,1
i7GsJrDdCVU_15263-16742,456,2,1164.549019607843,0.4901960784313725,329.0,405.0392156862745,inside_visible,606.3746526946107,873.7993233532934,0
i7GsJrDdCVU_15263-16742,457,1,553.2765957446809,346.6808510638298,289.0,360.76595744680856,inside_visible,619.2969005102041,868.048956632653,1
i7GsJrDdCVU_15263-16742,457,2,1164.450980392157,0.5098039215686274,329.0,404.9607843137255,inside_visible,606.3337964071856,873.8340688622754,0
i7GsJrDdCVU_15263-16742,458,1,553.1914893617021,346.70212765957444,289.0,360.9148936170213,inside_visible,619.383362244898,868.0862091836734,1
i7GsJrDdCVU_15263-16742,458,2,1164.3529411764705,0.5294117647058824,329.0,404.8823529411765,inside_visible,606.2929401197605,873.8688143712575,0
i7GsJrDdCVU_15263-16742,459,1,553.1063829787234,346.7234042553192,289.0,361.06382978723406,inside_visible,619.4698239795919,868.1234617346938,1
i7GsJrDdCVU_15263-16742,459,2,1164.2549019607843,0.5490196078431373,329.0,404.80392156862746,inside_visible,606.2520838323353,873.9035598802395,0
i7GsJrDdCVU_15263-16742,460,1,553.0212765957447,346.74468085106383,289.0,361.2127659574468,inside_visible,619.5562857142858,868.1607142857142,1
i7GsJrDdCVU_15263-16742,460,2,1164.156862745098,0.5686274509803921,329.0,404.72549019607845,inside_visible,606.2112275449101,873.9383053892216,0
i7GsJrDdCVU_15263-16742,461,1,552.936170212766,346.7659574468085,289.0,361.3617021276596,inside_visible,619.6427474489795,868.1979668367346,1
i7GsJrDdCVU_15263-16742,461,2,1164.0588235294117,0.5882352941176471,329.0,404.6470588235295,inside_visible,606.170371257485,873.9730508982036,0
i7GsJrDdCVU_15263-16742,462,1,552.8510638297872,346.7872340425532,289.0,361.5106382978724,inside_visible,619.7292091836734,868.2352193877551,1
i7GsJrDdCVU_15263-16742,462,2,1163.9607843137255,0.6078431372549019,329.0,404.5686274509804,inside_visible,606.1295149700599,874.0077964071857,0
i7GsJrDdCVU_15263-16742,463,1,552.7659574468086,346.8085106382979,289.0,361.6595744680851,inside_visible,619.8156709183673,868.2724719387755,1
i7GsJrDdCVU_15263-16742,463,2,1163.862745098039,0.6274509803921569,329.0,404.4901960784314,inside_visible,606.0886586826347,874.0425419161677,0
i7GsJrDdCVU_15263-16742,464,1,552.6808510638298,346.82978723404256,289.0,361.8085106382979,inside_visible,619.9021326530612,868.3097244897959,1
i7GsJrDdCVU_15263-16742,464,2,1163.764705882353,0.6470588235294118,329.0,404.4117647058824,inside_visible,606.0478023952096,874.0772874251497,0
i7GsJrDdCVU_15263-16742,465,1,552.5957446808511,346.8510638297872,289.0,361.95744680851067,inside_visible,619.9885943877551,868.3469770408163,1
i7GsJrDdCVU_15263-16742,465,2,1163.6666666666667,0.6666666666666666,329.0,404.3333333333333,inside_visible,606.0069461077844,874.1120329341318,0
i7GsJrDdCVU_15263-16742,466,1,552.5106382978723,346.8723404255319,289.0,362.10638297872345,inside_visible,620.0750561224489,868.3842295918367,1
i7GsJrDdCVU_15263-16742,466,2,1163.5686274509803,0.6862745098039216,329.0,404.2549019607843,inside_visible,605.9660898203592,874.1467784431138,0
i7GsJrDdCVU_15263-16742,467,1,552.4255319148937,346.8936170212766,289.0,362.25531914893617,inside_visible,620.1615178571428,868.4214821428571,1
i7GsJrDdCVU_15263-16742,467,2,1163.470588235294,0.7058823529411765,329.0,404.1764705882353,inside_visible,605.9252335329342,874.1815239520959,0
i7GsJrDdCVU_15263-16742,468,1,552.3404255319149,346.9148936170213,289.0,362.40425531914894,inside_visible,620.2479795918367,868.4587346938775,1
i7GsJrDdCVU_15263-16742,468,2,1163.3725490196075,0.7254901960784313,329.0,404.09803921568624,inside_visible,605.884377245509,874.2162694610779,0
i7GsJrDdCVU_15263-16742,469,1,552.2553191489362,346.93617021276594,289.0,362.5531914893617,inside_visible,620.3344413265306,868.495987244898,1
i7GsJrDdCVU_15263-16742,469,2,1163.2745098039215,0.7450980392156863,329.0,404.0196078431373,inside_visible,605.8435209580838,874.2510149700599,0
i7GsJrDdCVU_15263-16742,470,1,552.1702127659574,346.9574468085106,289.0,362.7021276595745,inside_visible,620.4209030612245,868.5332397959183,1
i7GsJrDdCVU_15263-16742,470,2,1163.1764705882354,0.7647058823529411,329.0,403.9411764705882,inside_visible,605.8026646706587,874.285760479042,0
i7GsJrDdCVU_15263-16742,471,1,552.0851063829788,346.97872340425533,289.0,362.8510638297872,inside_visible,620.5073647959184,868.5704923469387,1
i7GsJrDdCVU_15263-16742,471,2,1163.078431372549,0.7843137254901961,329.0,403.8627450980392,inside_visible,605.7618083832335,874.320505988024,0
i7GsJrDdCVU_15263-16742,472,1,552.0,347.0,289.0,363.0,inside_visible,620.5938265306122,868.6077448979592,1
i7GsJrDdCVU_15263-16742,472,2,1162.9803921568628,0.803921568627451,329.0,403.78431372549016,inside_visible,605.7209520958083,874.3552514970061,0
i7GsJrDdCVU_15263-16742,473,1,552.2758620689655,346.7931034482759,289.0,362.82758620689657,inside_visible,620.6802882653061,868.6449974489796,1
i7GsJrDdCVU_15263-16742,473,2,1162.8823529411766,0.8235294117647058,329.0,403.7058823529412,inside_visible,605.6800958083833,874.3899970059881,0
i7GsJrDdCVU_15263-16742,474,1,552.551724137931,346.58620689655174,289.0,362.65517241379314,inside_visible,620.76675,868.68225,1
i7GsJrDdCVU_15263-16742,474,2,1162.7843137254902,0.8431372549019608,329.0,403.6274509803922,inside_visible,605.6392395209581,874.4247425149701,0
i7GsJrDdCVU_15263-16742,475,1,552.8275862068965,346.3793103448276,289.0,362.4827586206897,inside_visible,620.8532117346939,868.7195025510204,1
i7GsJrDdCVU_15263-16742,475,2,1162.686274509804,0.8627450980392157,329.0,403.5490196078432,inside_visible,605.5983832335329,874.4594880239522,0
i7GsJrDdCVU_15263-16742,476,1,553.1034482758621,346.17241379310343,289.0,362.3103448275862,inside_visible,620.9396734693878,868.7567551020408,1
i7GsJrDdCVU_15263-16742,476,2,1162.5882352941176,0.8823529411764706,329.0,403.4705882352941,inside_visible,605.5575269461078,874.4942335329341,0
i7GsJrDdCVU_15263-16742,477,1,553.3793103448276,345.9655172413793,289.0,362.1379310344828,inside_visible,621.0261352040816,868.7940076530612,1
i7GsJrDdCVU_15263-16742,477,2,1162.4901960784314,0.9019607843137256,329.0,403.39215686274514,inside_visible,605.5166706586826,874.5289790419162,0
i7GsJrDdCVU_15263-16742,478,1,553.6551724137931,345.7586206896552,289.0,361.96551724137936,inside_visible,621.1125969387755,868.8312602040816,1
i7GsJrDdCVU_15263-16742,478,2,1162.3921568627452,0.9215686274509804,329.0,403.3137254901961,inside_visible,605.4758143712575,874.5637245508982,0
i7GsJrDdCVU_15263-16742,479,1,553.9310344827586,345.55172413793105,289.0,361.7931034482758,inside_visible,621.1990586734694,868.8685127551021,1
i7GsJrDdCVU_15263-16742,479,2,1162.2941176470588,0.9411764705882352,329.0,403.2352941176471,inside_visible,605.4349580838323,874.5984700598802,0
i7GsJrDdCVU_15263-16742,480,1,554.2068965517242,345.3448275862069,289.0,361.6206896551724,inside_visible,621.2855204081633,868.9057653061225,1
i7GsJrDdCVU_15263-16742,480,2,1162.1960784313726,0.9607843137254902,329.0,403.15686274509807,inside_visible,605.3941017964072,874.6332155688623,0
i7GsJrDdCVU_15263-16742,481,1,554.4827586206897,345.13793103448273,289.0,361.448275862069,inside_visible,621.3719821428572,868.9430178571429,1
i7GsJrDdCVU_15263-16742,481,2,1162.0980392156862,0.9803921568627452,329.0,403.078431372549,inside_visible,605.353245508982,874.6679610778443,0
i7GsJrDdCVU_15263-16742,482,1,554.7586206896551,344.9310344827586,289.0,361.2758620689656,inside_visible,621.4584438775511,868.9802704081633,1
i7GsJrDdCVU_15263-16742,482,2,1162.0,1.0,329.0,403.0,inside_visible,605.3123892215568,874.7027065868264,0
i7GsJrDdCVU_15263-16742,483,1,555.0344827586207,344.7241379310345,289.0,361.1034482758621,inside_visible,621.5449056122449,869.0175229591837,1
i7GsJrDdCVU_15263-16742,483,2,1161.9019607843138,1.0196078431372548,329.0,402.921568627451,inside_visible,605.2715329341318,874.7374520958084,0
i7GsJrDdCVU_15263-16742,484,1,555.3103448275862,344.51724137931035,289.0,360.9310344827586,inside_visible,621.6313673469388,869.0547755102041,1
i7GsJrDdCVU_15263-16742,484,2,1161.8039215686274,1.03921568627451,329.0,402.84313725490193,inside_visible,605.2306766467066,874.7721976047904,0
i7GsJrDdCVU_15263-16742,485,1,555.5862068965517,344.3103448275862,289.0,360.7586206896552,inside_visible,621.7178290816327,869.0920280612245,1
i7GsJrDdCVU_15263-16742,485,2,1161.7058823529412,1.0588235294117647,329.0,402.7647058823529,inside_visible,605.1898203592814,874.8069431137725,0
i7GsJrDdCVU_15263-16742,486,1,555.8620689655172,344.1034482758621,289.0,360.5862068965517,inside_visible,621.8042908163266,869.1292806122449,1
i7GsJrDdCVU_15263-16742,486,2,1161.6078431372548,1.0784313725490196,329.0,402.6862745098039,inside_visible,605.1489640718563,874.8416886227545,0
i7GsJrDdCVU_15263-16742,487,1,556.1379310344828,343.8965517241379,289.0,360.41379310344826,inside_visible,621.8907525510205,869.1665331632653,1
i7GsJrDdCVU_15263-16742,487,2,1161.5098039215686,1.0980392156862746,329.0,402.60784313725486,inside_visible,605.1081077844311,874.8764341317366,0
i7GsJrDdCVU_15263-16742,488,1,556.4137931034483,343.6896551724138,289.0,360.2413793103448,inside_visible,621.9772142857142,869.2037857142857,1
i7GsJrDdCVU_15263-16742,488,2,1161.4117647058824,1.1176470588235294,329.0,402.52941176470586,inside_visible,605.0672514970059,874.9111796407186,0
i7GsJrDdCVU_15263-16742,489,1,556.6896551724138,343.48275862068965,289.0,360.0689655172414,inside_visible,622.0636760204081,869.2410382653061,1
i7GsJrDdCVU_15263-16742,489,2,1161.313725490196,1.1372549019607845,329.0,402.4509803921569,inside_visible,605.0263952095809,874.9459251497007,0
i7GsJrDdCVU_15263-16742,490,1,556.9655172413793,343.2758620689655,289.0,359.896551724138,inside_visible,622.150137755102,869.2782908163265,1
i7GsJrDdCVU_15263-16742,490,2,1161.2156862745098,1.156862745098039,329.0,402.3725490196078,inside_visible,604.9855389221557,874.9806706586827,0
i7GsJrDdCVU_15263-16742,491,1,557.2413793103449,343.0689655172414,289.0,359.7241379310344,inside_visible,622.2365994897959,869.3155433673469,1
i7GsJrDdCVU_15263-16742,491,2,1161.1176470588234,1.1764705882352942,329.0,402.2941176470589,inside_visible,604.9446826347305,875.0154161676647,0
i7GsJrDdCVU_15263-16742,492,1,557.5172413793103,342.86206896551727,289.0,359.551724137931,inside_visible,622.3230612244898,869.3527959183673,1
i7GsJrDdCVU_15263-16742,492,2,1161.0196078431372,1.196078431372549,329.0,402.2156862745098,inside_visible,604.9038263473054,875.0501616766468,0
i7GsJrDdCVU_15263-16742,493,1,557.7931034482758,342.6551724137931,289.0,359.3793103448276,inside_visible,622.4095229591837,869.3900484693877,1
i7GsJrDdCVU_15263-16742,493,2,1160.921568627451,1.2156862745098038,329.0,402.1372549019608,inside_visible,604.8629700598802,875.0849071856288,0
i7GsJrDdCVU_15263-16742,494,1,558.0689655172414,342.4482758620689,289.0,359.2068965517242,inside_visible,622.4959846938775,869.4273010204081,1
i7GsJrDdCVU_15263-16742,494,2,1160.8235294117646,1.2352941176470589,329.0,402.05882352941177,inside_visible,604.822113772455,875.1196526946109,0
i7GsJrDdCVU_15263-16742,495,1,558.3448275862069,342.2413793103448,289.0,359.03448275862064,inside_visible,622.5824464285714,869.4645535714285,1
i7GsJrDdCVU_15263-16742,495,2,1160.7254901960785,1.2549019607843137,329.0,401.9803921568628,inside_visible,604.78125748503,875.1543982035929,0
i7GsJrDdCVU_15263-16742,496,1,558.6206896551724,342.0344827586207,289.0,358.8620689655172,inside_visible,622.6689081632653,869.501806122449,1
i7GsJrDdCVU_15263-16742,496,2,1160.6274509803925,1.2745098039215683,329.0,401.90196078431376,inside_visible,604.7404011976048,875.189143712575,0
i7GsJrDdCVU_15263-16742,497,1,558.8965517241379,341.82758620689657,289.0,358.6896551724138,inside_visible,622.7553698979592,869.5390586734694,1
i7GsJrDdCVU_15263-16742,497,2,1160.529411764706,1.2941176470588236,329.0,401.8235294117647,inside_visible,604.6995449101796,875.2238892215569,0
i7GsJrDdCVU_15263-16742,498,1,559.1724137931035,341.62068965517244,289.0,358.51724137931035,inside_visible,622.8418316326531,869.5763112244898,1
i7GsJrDdCVU_15263-16742,498,2,1160.4313725490197,1.3137254901960784,329.0,401.7450980392157,inside_visible,604.6586886227544,875.2586347305389,0
i7GsJrDdCVU_15263-16742,499,1,559.448275862069,341.41379310344826,289.0,358.34482758620686,inside_visible,622.9282933673469,869.6135637755102,1
i7GsJrDdCVU_15263-16742,499,2,1160.3333333333333,1.3333333333333333,329.0,401.6666666666667,inside_visible,604.6178323353294,875.293380239521,0
i7GsJrDdCVU_15263-16742,500,1,559.7241379310345,341.2068965517241,289.0,358.17241379310343,inside_visible,623.0147551020408,869.6508163265306,1
i7GsJrDdCVU_15263-16742,500,2,1160.235294117647,1.3529411764705883,329.0,401.5882352941176,inside_visible,604.5769760479042,875.328125748503,0
i7GsJrDdCVU_15263-16742,501,1,560.0,341.0,289.0,358.0,inside_visible,623.1012168367347,869.688068877551,1
i7GsJrDdCVU_15263-16742,501,2,1160.137254901961,1.3725490196078431,329.0,401.5098039215686,inside_visible,604.536119760479,875.362871257485,0
i7GsJrDdCVU_15263-16742,502,1,559.0,343.5,289.0,357.75,inside_visible,623.1876785714286,869.7253214285714,1
i7GsJrDdCVU_15263-16742,502,2,1160.0392156862745,1.392156862745098,329.0,401.4313725490196,inside_visible,604.4952634730539,875.3976167664671,0
i7GsJrDdCVU_15263-16742,503,1,558.0,346.0,289.0,357.5,inside_visible,623.2741403061225,869.7625739795918,1
i7GsJrDdCVU_15263-16742,503,2,1159.9411764705883,1.411764705882353,329.0,401.35294117647055,inside_visible,604.4544071856287,875.4323622754491,0
i7GsJrDdCVU_15263-16742,504,1,557.0,348.5,289.0,357.25,inside_visible,623.3606020408163,869.7998265306122,1
i7GsJrDdCVU_15263-16742,504,2,1159.843137254902,1.431372549019608,329.0,401.2745098039216,inside_visible,604.4135508982035,875.4671077844312,0
i7GsJrDdCVU_15263-16742,505,1,556.0,351.0,289.0,357.0,inside_visible,623.4470637755102,869.8370790816326,1
i7GsJrDdCVU_15263-16742,505,2,1159.7450980392157,1.4509803921568627,329.0,401.1960784313725,inside_visible,604.3726946107785,875.5018532934132,0
i7GsJrDdCVU_15263-16742,506,1,555.7,348.3,289.0,356.90000000000003,inside_visible,623.5335255102041,869.874331632653,1
i7GsJrDdCVU_15263-16742,506,2,1159.6470588235295,1.4705882352941178,329.0,401.1176470588235,inside_visible,604.3318383233533,875.5365988023952,0
i7GsJrDdCVU_15263-16742,507,1,555.4,345.6,289.0,356.79999999999995,inside_visible,623.619987244898,869.9115841836734,1
i7GsJrDdCVU_15263-16742,507,2,1159.549019607843,1.4901960784313726,329.0,401.0392156862745,inside_visible,604.2909820359281,875.5713443113773,0
i7GsJrDdCVU_15263-16742,508,1,555.1,342.9,289.0,356.70000000000005,inside_visible,623.7064489795919,869.9488367346938,1
i7GsJrDdCVU_15263-16742,508,2,1159.450980392157,1.5098039215686274,329.0,400.9607843137255,inside_visible,604.250125748503,875.6060898203593,0
i7GsJrDdCVU_15263-16742,509,1,554.8,340.2,289.0,356.6,inside_visible,623.7929107142858,869.9860892857142,1
i7GsJrDdCVU_15263-16742,509,2,1159.3529411764705,1.5294117647058822,329.0,400.8823529411765,inside_visible,604.2092694610778,875.6408353293414,0
i7GsJrDdCVU_15263-16742,510,1,554.5,337.5,289.0,356.5,inside_visible,623.8793724489796,870.0233418367346,1
i7GsJrDdCVU_15263-16742,510,2,1159.2549019607843,1.5490196078431373,329.0,400.80392156862746,inside_visible,604.1684131736527,875.6755808383234,0
i7GsJrDdCVU_15263-16742,511,1,554.2,334.8,289.0,356.40000000000003,inside_visible,623.9658341836735,870.060594387755,1
i7GsJrDdCVU_15263-16742,511,2,1159.156862745098,1.568627450980392,329.0,400.72549019607845,inside_visible,604.1275568862276,875.7103263473055,0
i7GsJrDdCVU_15263-16742,512,1,553.9,332.1,289.0,356.29999999999995,inside_visible,624.0522959183673,870.0978469387754,1
i7GsJrDdCVU_15263-16742,512,2,1159.0588235294117,1.588235294117647,329.0,400.6470588235295,inside_visible,604.0867005988024,875.7450718562875,0
i7GsJrDdCVU_15263-16742,513,1,553.6,329.4,289.0,356.20000000000005,inside_visible,624.1387576530612,870.135099489796,1
i7GsJrDdCVU_15263-16742,513,2,1158.9607843137255,1.607843137254902,329.0,400.5686274509804,inside_visible,604.0458443113772,875.7798173652695,0
i7GsJrDdCVU_15263-16742,514,1,553.3,326.7,289.0,356.1,inside_visible,624.2252193877551,870.1723520408163,1
i7GsJrDdCVU_15263-16742,514,2,1158.862745098039,1.6274509803921569,329.0,400.4901960784314,inside_visible,604.0049880239521,875.8145628742516,0
i7GsJrDdCVU_15263-16742,515,1,553.0,324.0,289.0,356.0,inside_visible,624.3116811224489,870.2096045918368,1
i7GsJrDdCVU_15263-16742,515,2,1158.764705882353,1.6470588235294117,329.0,400.4117647058824,inside_visible,603.964131736527,875.8493083832336,0
i7GsJrDdCVU_15263-16742,516,1,547.8571428571429,320.0,288.1428571428571,355.57142857142856,inside_visible,624.3981428571428,870.2468571428572,1
i7GsJrDdCVU_15263-16742,516,2,1158.6666666666667,1.6666666666666667,329.0,400.3333333333333,inside_visible,603.9232754491018,875.8840538922157,0
i7GsJrDdCVU_15263-16742,517,1,542.7142857142857,316.0,287.28571428571433,355.1428571428571,inside_visible,624.4846045918367,870.2841096938776,1
i7GsJrDdCVU_15263-16742,517,2,1158.5686274509803,1.6862745098039216,329.0,400.2549019607843,inside_visible,603.8824191616766,875.9187994011977,0
i7GsJrDdCVU_15263-16742,518,1,537.5714285714286,312.0,286.42857142857144,354.71428571428567,inside_visible,624.5710663265306,870.321362244898,1
i7GsJrDdCVU_15263-16742,518,2,1158.470588235294,1.7058823529411764,329.0,400.1764705882353,inside_visible,603.8415628742515,875.9535449101796,0
i7GsJrDdCVU_15263-16742,519,1,532.4285714285714,308.0,285.57142857142856,354.28571428571433,inside_visible,624.6575280612245,870.3586147959184,1
i7GsJrDdCVU_15263-16742,519,2,1158.3725490196075,1.7254901960784317,329.0,400.09803921568624,inside_visible,603.8007065868263,875.9882904191617,0
i7GsJrDdCVU_15263-16742,520,1,527.2857142857143,304.0,284.71428571428567,353.8571428571429,inside_visible,624.7439897959184,870.3958673469388,1
i7GsJrDdCVU_15263-16742,520,2,1158.2745098039215,1.7450980392156863,329.0,400.0196078431373,inside_visible,603.7598502994011,876.0230359281437,0
i7GsJrDdCVU_15263-16742,521,1,522.1428571428571,300.0,283.8571428571429,353.42857142857144,inside_visible,624.8304515306122,870.4331198979592,1
i7GsJrDdCVU_15263-16742,521,2,1158.1764705882354,1.7647058823529411,329.0,399.9411764705882,inside_visible,603.7189940119761,876.0577814371258,0
i7GsJrDdCVU_15263-16742,522,1,517.0,296.0,283.0,353.0,inside_visible,624.9169132653061,870.4703724489796,1
i7GsJrDdCVU_15263-16742,522,2,1158.078431372549,1.7843137254901962,329.0,399.8627450980392,inside_visible,603.6781377245509,876.0925269461078,0
i7GsJrDdCVU_15263-16742,523,1,505.8,292.6,282.99999999999994,353.0,inside_visible,625.003375,870.507625,1
i7GsJrDdCVU_15263-16742,523,2,1157.9803921568628,1.803921568627451,329.0,399.78431372549016,inside_visible,603.6372814371257,876.1272724550898,0
i7GsJrDdCVU_15263-16742,524,1,494.6,289.2,283.0,353.00000000000006,inside_visible,625.0898367346939,870.5448775510204,1
i7GsJrDdCVU_15263-16742,524,2,1157.8823529411766,1.8235294117647056,329.0,399.7058823529412,inside_visible,603.5964251497006,876.1620179640719,0
i7GsJrDdCVU_15263-16742,525,1,483.4,285.8,283.0,352.99999999999994,inside_visible,625.1762984693878,870.5821301020408,1
i7GsJrDdCVU_15263-16742,525,2,1157.7843137254902,1.843137254901961,329.0,399.6274509803922,inside_visible,603.5555688622754,876.1967634730539,0
i7GsJrDdCVU_15263-16742,526,1,472.2,282.4,283.00000000000006,353.0,inside_visible,625.2627602040816,870.6193826530612,1
i7GsJrDdCVU_15263-16742,526,2,1157.686274509804,1.862745098039216,329.0,399.5490196078432,inside_visible,603.5147125748503,876.231508982036,0
i7GsJrDdCVU_15263-16742,527,1,461.0,279.0,283.0,353.0,inside_visible,625.3492219387755,870.6566352040816,1
i7GsJrDdCVU_15263-16742,527,2,1157.5882352941176,1.8823529411764703,329.0,399.4705882352941,inside_visible,603.4738562874252,876.266254491018,0
i7GsJrDdCVU_15263-16742,528,1,451.0,278.4,281.79999999999995,353.0,inside_visible,625.4356836734694,870.693887755102,1
i7GsJrDdCVU_15263-16742,528,2,1157.4901960784314,1.9019607843137252,329.0,399.39215686274514,inside_visible,603.433,876.301,0
i7GsJrDdCVU_15263-16742,529,1,441.0,277.8,280.6,352.99999999999994,inside_visible,625.5221454081633,870.7311403061224,1
i7GsJrDdCVU_15263-16742,529,2,1157.3921568627452,1.9215686274509804,329.0,399.3137254901961,inside_visible,615.362,863.98,0
i7GsJrDdCVU_15263-16742,530,1,431.0,277.2,279.4,353.00000000000006,inside_visible,625.6086071428572,870.7683928571429,1
i7GsJrDdCVU_15263-16742,530,2,1157.2941176470588,1.9411764705882355,329.0,399.2352941176471,gaze_shift,609.79125,769.159,0
i7GsJrDdCVU_15263-16742,531,1,421.0,276.6,278.20000000000005,353.0,inside_visible,625.6950688775511,870.8056454081633,1
i7GsJrDdCVU_15263-16742,531,2,1157.1960784313726,1.96078431372549,329.0,399.15686274509807,gaze_shift,604.2204999999999,674.338,0
i7GsJrDdCVU_15263-16742,532,1,411.0,276.0,277.0,353.0,inside_visible,625.7815306122449,870.8428979591837,1
i7GsJrDdCVU_15263-16742,532,2,1157.0980392156862,1.9803921568627447,329.0,399.078431372549,gaze_shift,598.6497499999999,579.517,0
i7GsJrDdCVU_15263-16742,533,1,400.5,274.5,277.0,353.0,inside_visible,625.8679923469388,870.8801505102041,1
i7GsJrDdCVU_15263-16742,533,2,1157.0,2.0,329.0,399.0,inside_visible,593.079,484.696,0
i7GsJrDdCVU_15263-16742,534,1,390.0,273.0,277.0,353.0,inside_visible,625.9544540816327,870.9174030612245,1
i7GsJrDdCVU_15263-16742,534,2,1153.3333333333333,3.6666666666666665,329.0,399.0,inside_visible,585.1025454545454,483.8238181818182,0
i7GsJrDdCVU_15263-16742,535,1,379.5,271.5,277.0,353.0,inside_visible,626.0409158163266,870.9546556122449,1
i7GsJrDdCVU_15263-16742,535,2,1149.6666666666667,5.333333333333333,329.0,399.0,inside_visible,577.1260909090909,482.9516363636364,0
i7GsJrDdCVU_15263-16742,536,1,369.0,270.0,277.0,353.0,inside_visible,626.1273775510205,870.9919081632653,1
i7GsJrDdCVU_15263-16742,536,2,1146.0,7.0,329.0,399.0,inside_visible,569.1496363636363,482.07945454545455,0
i7GsJrDdCVU_15263-16742,537,1,360.75,271.0,277.0,353.0,inside_visible,626.2138392857142,871.0291607142857,1
i7GsJrDdCVU_15263-16742,537,2,1142.3333333333333,8.666666666666666,329.0,399.0,inside_visible,561.1731818181818,481.2072727272727,0
i7GsJrDdCVU_15263-16742,538,1,352.5,272.0,277.0,353.0,inside_visible,626.3003010204081,871.0664132653061,1
i7GsJrDdCVU_15263-16742,538,2,1138.6666666666667,10.333333333333334,329.0,399.0,inside_visible,553.1967272727272,480.3350909090909,0
i7GsJrDdCVU_15263-16742,539,1,344.25,273.0,277.0,353.0,inside_visible,626.386762755102,871.1036658163265,1
i7GsJrDdCVU_15263-16742,539,2,1135.0,12.0,329.0,399.0,inside_visible,545.2202727272727,479.4629090909091,0
i7GsJrDdCVU_15263-16742,540,1,336.0,274.0,277.0,353.0,inside_visible,626.4732244897959,871.1409183673469,1
i7GsJrDdCVU_15263-16742,540,2,1128.0,14.0,329.0,399.0,inside_visible,537.2438181818181,478.5907272727273,0
i7GsJrDdCVU_15263-16742,541,1,330.0,272.0,277.0,353.0,inside_visible,626.5596862244898,871.1781709183673,1
i7GsJrDdCVU_15263-16742,541,2,1121.0,16.0,329.0,399.0,inside_visible,529.2673636363636,477.7185454545455,0
i7GsJrDdCVU_15263-16742,542,1,324.0,270.0,277.0,353.0,inside_visible,626.6461479591837,871.2154234693877,1
i7GsJrDdCVU_15263-16742,542,2,1114.0,14.0,329.0,399.0,inside_visible,521.290909090909,476.8463636363636,0
i7GsJrDdCVU_15263-16742,543,1,321.5,270.0,277.0,353.0,inside_visible,626.7326096938775,871.2526760204081,1
i7GsJrDdCVU_15263-16742,543,2,1107.0,12.0,329.0,399.0,inside_visible,513.3144545454545,475.9741818181818,0
i7GsJrDdCVU_15263-16742,544,1,319.0,270.0,277.0,353.0,inside_visible,626.8190714285714,871.2899285714285,1
i7GsJrDdCVU_15263-16742,544,2,1097.5,16.5,329.0,399.0,inside_visible,505.338,475.102,0
i7GsJrDdCVU_15263-16742,545,1,316.5,270.0,277.0,353.0,inside_visible,626.9055331632653,871.3271811224489,1
i7GsJrDdCVU_15263-16742,545,2,1088.0,21.0,329.0,399.0,inside_visible,506.03889583333336,474.7925208333333,0
i7GsJrDdCVU_15263-16742,546,1,314.0,270.0,277.0,353.0,inside_visible,626.9919948979592,871.3644336734693,1
i7GsJrDdCVU_15263-16742,546,2,1078.5,25.5,329.0,399.0,inside_visible,506.7397916666667,474.4830416666666,0
i7GsJrDdCVU_15263-16742,547,1,311.5,270.0,277.0,353.0,inside_visible,627.0784566326531,871.4016862244898,1
i7GsJrDdCVU_15263-16742,547,2,1069.0,30.0,329.0,399.0,inside_visible,507.4406875,474.1735625,0
i7GsJrDdCVU_15263-16742,548,1,309.0,270.0,277.0,353.0,inside_visible,627.1649183673469,871.4389387755102,1
i7GsJrDdCVU_15263-16742,548,2,1066.0,34.0,329.0,399.0,inside_visible,508.14158333333336,473.8640833333333,0
i7GsJrDdCVU_15263-16742,549,1,306.5,270.0,277.0,353.0,inside_visible,627.2513801020408,871.4761913265306,1
i7GsJrDdCVU_15263-16742,549,2,1063.0,38.0,329.0,399.0,inside_visible,508.8424791666667,473.55460416666665,0
i7GsJrDdCVU_15263-16742,550,1,304.0,270.0,277.0,353.0,inside_visible,627.3378418367347,871.513443877551,1
i7GsJrDdCVU_15263-16742,550,2,1060.0,38.66666666666666,329.0,399.0,inside_visible,509.543375,473.245125,0
i7GsJrDdCVU_15263-16742,551,1,301.55555555555554,271.22222222222223,276.33333333333337,352.6666666666667,inside_visible,627.4243035714286,871.5506964285714,1
i7GsJrDdCVU_15263-16742,551,2,1057.0,39.333333333333336,329.0,399.0,inside_visible,510.24427083333336,472.9356458333333,0
i7GsJrDdCVU_15263-16742,552,1,299.1111111111111,272.44444444444446,275.66666666666674,352.33333333333337,inside_visible,627.5107653061225,871.5879489795918,1
i7GsJrDdCVU_15263-16742,552,2,1054.0,40.0,329.0,399.0,inside_visible,510.9451666666667,472.6261666666667,0
i7GsJrDdCVU_15263-16742,553,1,296.6666666666667,273.6666666666667,274.99999999999994,351.99999999999994,inside_visible,627.5972270408163,871.6252015306122,1
i7GsJrDdCVU_15263-16742,553,2,1051.0,40.66666666666666,329.0,399.0,inside_visible,511.6460625,472.3166875,0
i7GsJrDdCVU_15263-16742,554,1,294.22222222222223,274.8888888888889,274.3333333333333,351.66666666666663,inside_visible,627.6836887755102,871.6624540816326,1
i7GsJrDdCVU_15263-16742,554,2,1048.0,41.333333333333336,329.0,399.0,inside_visible,512.3469583333333,472.0072083333333,0
i7GsJrDdCVU_15263-16742,555,1,291.77777777777777,276.1111111111111,273.6666666666667,351.33333333333337,inside_visible,627.7701505102041,871.699706632653,1
i7GsJrDdCVU_15263-16742,555,2,1045.0,42.0,329.0,399.0,inside_visible,513.0478541666666,471.69772916666665,0
i7GsJrDdCVU_15263-16742,556,1,289.3333333333333,277.3333333333333,273.00000000000006,351.00000000000006,inside_visible,627.856612244898,871.7369591836734,1
i7GsJrDdCVU_15263-16742,556,2,1045.482142857143,41.57142857142857,329.0,399.0,inside_visible,513.74875,471.38825,0
i7GsJrDdCVU_15263-16742,557,1,286.8888888888889,278.55555555555554,272.33333333333326,350.66666666666663,inside_visible,627.9430739795919,871.7742117346938,1
i7GsJrDdCVU_15263-16742,557,2,1045.9642857142858,41.142857142857146,329.0,399.0,inside_visible,514.4496458333333,471.0787708333333,0
i7GsJrDdCVU_15263-16742,558,1,284.44444444444446,279.77777777777777,271.66666666666663,350.3333333333333,inside_visible,628.0295357142858,871.8114642857142,1
i7GsJrDdCVU_15263-16742,558,2,1046.446428571429,40.71428571428572,329.0,399.0,inside_visible,515.1505416666666,470.7692916666667,0
i7GsJrDdCVU_15263-16742,559,1,282.0,281.0,271.0,350.0,inside_visible,628.1159974489796,871.8487168367346,1
i7GsJrDdCVU_15263-16742,559,2,1046.928571428571,40.285714285714285,329.0,399.0,inside_visible,515.8514375,470.4598125,0
i7GsJrDdCVU_15263-16742,560,1,278.3333333333333,285.6666666666667,274.6666666666667,347.6666666666667,inside_visible,628.2024591836735,871.885969387755,1
i7GsJrDdCVU_15263-16742,560,2,1047.4107142857142,39.85714285714285,329.0,399.0,inside_visible,516.5523333333333,470.1503333333333,0
i7GsJrDdCVU_15263-16742,561,1,274.6666666666667,290.3333333333333,278.3333333333333,345.3333333333333,inside_visible,628.2889209183674,871.9232219387754,1
i7GsJrDdCVU_15263-16742,561,2,1047.892857142857,39.42857142857143,329.0,399.0,inside_visible,517.2532291666666,469.84085416666665,0
i7GsJrDdCVU_15263-16742,562,1,271.0,295.0,282.0,343.0,inside_visible,628.3753826530613,871.9604744897958,1
i7GsJrDdCVU_15263-16742,562,2,1048.375,39.0,329.0,399.0,inside_visible,517.954125,469.531375,0
i7GsJrDdCVU_15263-16742,563,1,267.3333333333333,299.6666666666667,285.6666666666667,340.6666666666667,inside_visible,628.4618443877551,871.9977270408162,1
i7GsJrDdCVU_15263-16742,563,2,1048.857142857143,38.57142857142857,329.0,399.0,inside_visible,518.6550208333333,469.22189583333335,0
i7GsJrDdCVU_15263-16742,564,1,263.6666666666667,304.3333333333333,289.3333333333333,338.3333333333333,inside_visible,628.5483061224489,872.0349795918368,1
i7GsJrDdCVU_15263-16742,564,2,1049.3392857142858,38.14285714285714,329.0,399.0,inside_visible,519.3559166666666,468.9124166666667,0
i7GsJrDdCVU_15263-16742,565,1,260.0,309.0,293.0,336.0,inside_visible,628.6347678571428,872.0722321428572,1
i7GsJrDdCVU_15263-16742,565,2,1049.821428571429,37.71428571428572,329.0,399.0,inside_visible,520.0568125,468.6029375,0
i7GsJrDdCVU_15263-16742,566,1,262.22222222222223,309.3333333333333,292.99999999999994,336.00000000000006,inside_visible,628.7212295918367,872.1094846938776,1
i7GsJrDdCVU_15263-16742,566,2,1050.303571428571,37.285714285714285,329.0,399.0,inside_visible,520.7577083333333,468.2934583333333,0
i7GsJrDdCVU_15263-16742,567,1,264.44444444444446,309.6666666666667,293.0,335.99999999999994,inside_visible,628.8076913265306,872.146737244898,1
i7GsJrDdCVU_15263-16742,567,2,1050.7857142857142,36.85714285714286,329.0,399.0,inside_visible,521.4586041666666,467.9839791666666,0
i7GsJrDdCVU_15263-16742,568,1,266.6666666666667,310.0,292.99999999999994,336.0,inside_visible,628.8941530612245,872.1839897959184,1
i7GsJrDdCVU_15263-16742,568,2,1051.267857142857,36.42857142857143,329.0,399.0,inside_visible,522.1595,467.6745,0
i7GsJrDdCVU_15263-16742,569,1,268.8888888888889,310.3333333333333,293.0,336.00000000000006,inside_visible,628.9806147959184,872.2212423469388,1
i7GsJrDdCVU_15263-16742,569,2,1051.75,36.0,329.0,399.0,inside_visible,522.8603958333333,467.36502083333335,0
i7GsJrDdCVU_15263-16742,570,1,271.1111111111111,310.6666666666667,293.0,335.99999999999994,inside_visible,629.0670765306122,872.2584948979592,1
i7GsJrDdCVU_15263-16742,570,2,1052.232142857143,35.57142857142857,329.0,399.0,inside_visible,523.5612916666666,467.0555416666666,0
i7GsJrDdCVU_15263-16742,571,1,273.3333333333333,311.0,293.00000000000006,336.0,inside_visible,629.1535382653061,872.2957474489796,1
i7GsJrDdCVU_15263-16742,571,2,1052.7142857142858,35.142857142857146,329.0,399.0,inside_visible,524.2621875,466.7460625,0
i7GsJrDdCVU_15263-16742,572,1,275.55555555555554,311.3333333333333,293.0,336.00000000000006,inside_visible,629.24,872.333,1
i7GsJrDdCVU_15263-16742,572,2,1053.196428571429,34.714285714285715,329.0,399.0,inside_visible,524.9630833333333,466.4365833333333,0
i7GsJrDdCVU_15263-16742,573,1,277.77777777777777,311.6666666666667,293.00000000000006,335.99999999999994,inside_visible,734.7518,752.3032,1
i7GsJrDdCVU_15263-16742,573,2,1053.678571428571,34.285714285714285,329.0,399.0,inside_visible,525.6639791666666,466.1271041666666,0
i7GsJrDdCVU_15263-16742,574,1,280.0,312.0,293.0,336.0,gaze_shift,840.2636,632.2734,1
i7GsJrDdCVU_15263-16742,574,2,1054.1607142857142,33.85714285714286,329.0,399.0,inside_visible,526.364875,465.817625,0
i7GsJrDdCVU_15263-16742,575,1,275.6,309.8,297.4,335.40000000000003,gaze_shift,945.7754,512.2436,1
i7GsJrDdCVU_15263-16742,575,2,1054.642857142857,33.42857142857143,329.0,399.0,inside_visible,527.0657708333333,465.5081458333333,0
i7GsJrDdCVU_15263-16742,576,1,271.2,307.6,301.8,334.79999999999995,gaze_shift,1051.2872,392.2138000000001,1
i7GsJrDdCVU_15263-16742,576,2,1055.125,33.0,329.0,399.0,inside_visible,527.7666666666667,465.19866666666667,0
i7GsJrDdCVU_15263-16742,577,1,266.8,305.4,306.2,334.20000000000005,inside_visible,1156.799,272.1840000000001,1
i7GsJrDdCVU_15263-16742,577,2,1055.607142857143,32.57142857142857,329.0,399.0,inside_visible,528.4675625,464.8891875,0
i7GsJrDdCVU_15263-16742,578,1,262.4,303.2,310.6,333.6,inside_visible,1153.822875,271.00600000000003,1
i7GsJrDdCVU_15263-16742,578,2,1056.0892857142858,32.14285714285714,329.0,399.0,inside_visible,529.1684583333333,464.5797083333333,0
i7GsJrDdCVU_15263-16742,579,1,258.0,301.0,315.0,333.0,inside_visible,1150.84675,269.82800000000003,1
i7GsJrDdCVU_15263-16742,579,2,1056.571428571429,31.714285714285715,329.0,399.0,inside_visible,529.8693541666667,464.2702291666667,0
i7GsJrDdCVU_15263-16742,580,1,260.4,302.8,312.4,333.2,inside_visible,1147.870625,268.65000000000003,1
i7GsJrDdCVU_15263-16742,580,2,1057.053571428571,31.285714285714285,329.0,399.0,inside_visible,530.57025,463.96075,0
i7GsJrDdCVU_15263-16742,581,1,262.8,304.6,309.8,333.4,inside_visible,1144.8945,267.472,1
i7GsJrDdCVU_15263-16742,581,2,1057.5357142857142,30.857142857142858,329.0,399.0,inside_visible,531.2711458333333,463.6512708333333,0
i7GsJrDdCVU_15263-16742,582,1,265.2,306.4,307.2,333.6,inside_visible,1141.918375,266.294,1
i7GsJrDdCVU_15263-16742,582,2,1058.017857142857,30.42857142857143,329.0,399.0,inside_visible,531.9720416666667,463.34179166666667,0
i7GsJrDdCVU_15263-16742,583,1,267.6,308.2,304.6,333.8,inside_visible,1138.94225,265.116,1
i7GsJrDdCVU_15263-16742,583,2,1058.5,30.0,329.0,399.0,inside_visible,532.6729375,463.0323125,0
i7GsJrDdCVU_15263-16742,584,1,270.0,310.0,302.0,334.0,inside_visible,1135.966125,263.938,1
i7GsJrDdCVU_15263-16742,584,2,1058.982142857143,29.57142857142857,329.0,399.0,inside_visible,533.3738333333333,462.72283333333337,0
i7GsJrDdCVU_15263-16742,585,1,267.5,313.0,302.0,336.5,inside_visible,1132.99,262.76,1
i7GsJrDdCVU_15263-16742,585,2,1059.4642857142858,29.142857142857142,329.0,399.0,inside_visible,534.0747291666667,462.4133541666667,0
i7GsJrDdCVU_15263-16742,586,1,265.0,316.0,302.0,339.0,inside_visible,1120.609,269.614,1
i7GsJrDdCVU_15263-16742,586,2,1059.946428571429,28.714285714285715,329.0,399.0,inside_visible,534.775625,462.103875,0
i7GsJrDdCVU_15263-16742,587,1,266.6666666666667,314.3333333333333,301.6666666666667,341.3333333333333,gaze_shift,1056.721875,344.239625,1
i7GsJrDdCVU_15263-16742,587,2,1060.428571428571,28.285714285714285,329.0,399.0,inside_visible,535.4765208333333,461.7943958333333,0
i7GsJrDdCVU_15263-16742,588,1,268.3333333333333,312.6666666666667,301.3333333333333,343.6666666666667,gaze_shift,992.83475,418.86525,1
i7GsJrDdCVU_15263-16742,588,2,1060.9107142857142,27.857142857142858,329.0,399.0,inside_visible,536.1774166666667,461.48491666666666,0
i7GsJrDdCVU_15263-16742,589,1,270.0,311.0,301.0,346.0,gaze_shift,928.947625,493.490875,1
i7GsJrDdCVU_15263-16742,589,2,1061.392857142857,27.42857142857143,329.0,399.0,inside_visible,536.8783125,461.1754375,0
i7GsJrDdCVU_15263-16742,590,1,276.3333333333333,309.3333333333333,301.00000000000006,348.3333333333333,gaze_shift,865.0604999999999,568.1165000000001,1
i7GsJrDdCVU_15263-16742,590,2,1061.875,27.0,329.0,399.0,inside_visible,537.5792083333333,460.86595833333337,0
i7GsJrDdCVU_15263-16742,591,1,282.6666666666667,307.6666666666667,300.99999999999994,350.6666666666667,gaze_shift,801.173375,642.742125,1
i7GsJrDdCVU_15263-16742,591,2,1062.357142857143,26.57142857142857,329.0,399.0,inside_visible,538.2801041666667,460.5564791666667,0
i7GsJrDdCVU_15263-16742,592,1,289.0,306.0,301.0,353.0,gaze_shift,737.2862499999999,717.3677500000001,1
i7GsJrDdCVU_15263-16742,592,2,1062.8392857142858,26.142857142857142,329.0,399.0,inside_visible,538.981,460.247,0
i7GsJrDdCVU_15263-16742,593,1,301.0,305.0,295.33333333333337,352.0,gaze_shift,673.3991249999999,791.993375,1
i7GsJrDdCVU_15263-16742,593,2,1063.321428571429,25.714285714285715,329.0,399.0,inside_visible,548.5101428571428,456.40614285714287,0
i7GsJrDdCVU_15263-16742,594,1,313.0,304.0,289.66666666666663,351.0,inside_visible,609.512,866.6190000000001,1
i7GsJrDdCVU_15263-16742,594,2,1063.803571428571,25.285714285714285,329.0,399.0,inside_visible,558.0392857142857,452.5652857142857,0
i7GsJrDdCVU_15263-16742,595,1,325.0,303.0,284.0,350.0,inside_visible,610.1121304347826,865.5260869565218,1
i7GsJrDdCVU_15263-16742,595,2,1064.2857142857142,24.857142857142858,329.0,399.0,inside_visible,567.5684285714285,448.7244285714286,0
i7GsJrDdCVU_15263-16742,596,1,335.3333333333333,301.0,284.00000000000006,350.0,inside_visible,610.7122608695652,864.4331739130434,1
i7GsJrDdCVU_15263-16742,596,2,1064.767857142857,24.42857142857143,329.0,399.0,inside_visible,577.0975714285714,444.8835714285714,0
i7GsJrDdCVU_15263-16742,597,1,345.6666666666667,299.0,283.99999999999994,350.0,inside_visible,611.3123913043478,863.3402608695652,1
i7GsJrDdCVU_15263-16742,597,2,1065.25,24.0,329.0,399.0,inside_visible,586.6267142857142,441.0427142857143,0
i7GsJrDdCVU_15263-16742,598,1,356.0,297.0,284.0,350.0,inside_visible,611.9125217391304,862.247347826087,1
i7GsJrDdCVU_15263-16742,598,2,1065.732142857143,23.57142857142857,329.0,399.0,inside_visible,596.1558571428571,437.20185714285714,0
i7GsJrDdCVU_15263-16742,599,1,370.0,295.0,284.0,350.0,inside_visible,612.512652173913,861.1544347826087,1
i7GsJrDdCVU_15263-16742,599,2,1066.2142857142858,23.142857142857142,329.0,399.0,inside_visible,605.685,433.361,0
i7GsJrDdCVU_15263-16742,600,1,384.0,293.0,284.0,350.0,inside_visible,613.1127826086956,860.0615217391304,1
i7GsJrDdCVU_15263-16742,600,2,1066.696428571429,22.714285714285715,329.0,399.0,inside_visible,649.218,854.596,0
i7GsJrDdCVU_15263-16742,601,1,398.0,291.0,284.0,350.0,inside_visible,613.7129130434782,858.9686086956522,1
i7GsJrDdCVU_15263-16742,601,2,1067.178571428571,22.285714285714285,329.0,399.0,inside_visible,647.4101428571428,856.6937142857142,0
i7GsJrDdCVU_15263-16742,602,1,410.0,286.3333333333333,284.0,350.00000000000006,inside_visible,614.3130434782609,857.8756956521739,1
i7GsJrDdCVU_15263-16742,602,2,1067.6607142857142,21.857142857142858,329.0,399.0,inside_visible,645.6022857142857,858.7914285714286,0
i7GsJrDdCVU_15263-16742,603,1,422.0,281.6666666666667,284.0,349.99999999999994,inside_visible,614.9131739130435,856.7827826086957,1
i7GsJrDdCVU_15263-16742,603,2,1068.142857142857,21.42857142857143,329.0,399.0,inside_visible,643.7944285714285,860.8891428571428,0
i7GsJrDdCVU_15263-16742,604,1,434.0,277.0,284.0,350.0,inside_visible,615.5133043478261,855.6898695652174,1
i7GsJrDdCVU_15263-16742,604,2,1068.625,21.0,329.0,399.0,inside_visible,641.9865714285714,862.9868571428572,0
i7GsJrDdCVU_15263-16742,605,1,443.0,277.0,284.0,350.0,inside_visible,616.1134347826087,854.5969565217391,1
i7GsJrDdCVU_15263-16742,605,2,1069.107142857143,20.57142857142857,329.0,399.0,inside_visible,640.1787142857142,865.0845714285714,0
i7GsJrDdCVU_15263-16742,606,1,452.0,277.0,284.0,350.0,inside_visible,616.7135652173913,853.5040434782609,1
i7GsJrDdCVU_15263-16742,606,2,1069.5892857142858,20.142857142857142,329.0,399.0,inside_visible,638.3708571428572,867.1822857142857,0
i7GsJrDdCVU_15263-16742,607,1,461.0,277.0,284.0,350.0,inside_visible,617.3136956521739,852.4111304347826,1
i7GsJrDdCVU_15263-16742,607,2,1070.071428571429,19.714285714285715,329.0,399.0,inside_visible,636.563,869.28,0
i7GsJrDdCVU_15263-16742,608,1,470.0,277.0,284.0,350.0,inside_visible,617.9138260869565,851.3182173913043,1
i7GsJrDdCVU_15263-16742,608,2,1070.553571428571,19.285714285714285,329.0,399.0,inside_visible,631.2998,869.7658,0
i7GsJrDdCVU_15263-16742,609,1,473.0,277.0,280.5,349.5,inside_visible,618.5139565217391,850.2253043478261,1
i7GsJrDdCVU_15263-16742,609,2,1071.0357142857142,18.857142857142858,329.0,399.0,inside_visible,626.0366,870.2515999999999,0
i7GsJrDdCVU_15263-16742,610,1,476.0,277.0,277.0,349.0,inside_visible,619.1140869565218,849.1323913043478,1
i7GsJrDdCVU_15263-16742,610,2,1071.517857142857,18.42857142857143,329.0,399.0,inside_visible,620.7733999999999,870.7374,0
i7GsJrDdCVU_15263-16742,611,1,479.0,277.0,273.5,348.5,inside_visible,619.7142173913044,848.0394782608696,1
i7GsJrDdCVU_15263-16742,611,2,1072.0,18.0,329.0,399.0,inside_visible,615.5101999999999,871.2231999999999,0
i7GsJrDdCVU_15263-16742,612,1,482.0,277.0,270.0,348.0,inside_visible,620.314347826087,846.9465652173913,1
i7GsJrDdCVU_15263-16742,612,2,1080.5,17.0,329.0,399.0,inside_visible,610.247,871.709,0
i7GsJrDdCVU_15263-16742,613,1,480.0,277.0,271.0,345.0,inside_visible,620.9144782608696,845.853652173913,1
i7GsJrDdCVU_15263-16742,613,2,1089.0,16.0,329.0,399.0,inside_visible,616.377125,865.1835,0
i7GsJrDdCVU_15263-16742,614,1,476.0,276.625,272.25,345.25,inside_visible,621.5146086956522,844.7607391304348,1
i7GsJrDdCVU_15263-16742,614,2,1092.2222222222222,14.444444444444445,329.0,399.0,inside_visible,622.50725,858.6579999999999,0
i7GsJrDdCVU_15263-16742,615,1,472.0,276.25,273.5,345.5,inside_visible,622.1147391304348,843.6678260869566,1
i7GsJrDdCVU_15263-16742,615,2,1095.4444444444443,12.88888888888889,329.0,399.0,inside_visible,628.637375,852.1324999999999,0
i7GsJrDdCVU_15263-16742,616,1,468.0,275.875,274.75,345.75,inside_visible,622.7148695652174,842.5749130434782,1
i7GsJrDdCVU_15263-16742,616,2,1098.6666666666667,11.333333333333334,329.0,399.0,inside_visible,634.7674999999999,845.607,0
i7GsJrDdCVU_15263-16742,617,1,464.0,275.5,276.0,346.0,inside_visible,623.315,841.482,1
i7GsJrDdCVU_15263-16742,617,2,1101.888888888889,9.77777777777778,329.0,399.0,inside_visible,640.897625,839.0815,0
i7GsJrDdCVU_15263-16742,618,1,460.0,275.125,277.25,346.25,inside_visible,712.31325,875.74825,1
i7GsJrDdCVU_15263-16742,618,2,1105.111111111111,8.222222222222221,329.0,399.0,inside_visible,647.02775,832.556,0
i7GsJrDdCVU_15263-16742,619,1,456.0,274.75,278.5,346.5,gaze_shift,801.3115,910.0145,1
i7GsJrDdCVU_15263-16742,619,2,1108.3333333333333,6.666666666666668,329.0,399.0,inside_visible,653.157875,826.0305,0
i7GsJrDdCVU_15263-16742,620,1,452.0,274.375,279.75,346.75,gaze_shift,890.30975,944.28075,1
i7GsJrDdCVU_15263-16742,620,2,1111.5555555555557,5.111111111111111,329.0,399.0,inside_visible,659.288,819.505,0
i7GsJrDdCVU_15263-16742,621,1,448.0,274.0,281.0,347.0,inside_visible,979.308,978.547,1
i7GsJrDdCVU_15263-16742,621,2,1114.7777777777778,3.555555555555557,329.0,399.0,inside_visible,667.7308620689655,820.5049137931035,0
i7GsJrDdCVU_15263-16742,622,1,446.0,274.0,281.0,347.0,inside_visible,977.746,986.5343333333334,1
i7GsJrDdCVU_15263-16742,622,2,1118.0,2.0,329.0,399.0,inside_visible,676.173724137931,821.5048275862069,0
i7GsJrDdCVU_15263-16742,623,1,444.0,274.0,281.0,347.0,inside_visible,976.184,994.5216666666666,1
i7GsJrDdCVU_15263-16742,623,2,1127.6666666666667,1.3333333333333337,329.0,394.33333333333337,inside_visible,684.6165862068965,822.5047413793103,0
i7GsJrDdCVU_15263-16742,624,1,442.0,274.0,281.0,347.0,inside_visible,974.622,1002.509,1
i7GsJrDdCVU_15263-16742,624,2,1137.3333333333333,0.6666666666666667,329.0,389.6666666666666,inside_visible,693.0594482758621,823.5046551724138,0
i7GsJrDdCVU_15263-16742,625,1,440.0,274.0,281.0,347.0,inside_visible,966.634,1010.697,1
i7GsJrDdCVU_15263-16742,625,2,1147.0,0.0,329.0,385.0,inside_visible,701.5023103448276,824.5045689655173,0
i7GsJrDdCVU_15263-16742,626,1,438.0,274.0,281.0,347.0,gaze_shift,839.7696666666667,964.2663333333334,1
i7GsJrDdCVU_15263-16742,626,2,1151.3333333333333,0.0,326.66666666666674,379.3333333333333,gaze_shift,709.9451724137931,825.5044827586207,0
i7GsJrDdCVU_15263-16742,627,1,436.0,274.0,281.0,347.0,gaze_shift,712.9053333333334,917.8356666666666,1
i7GsJrDdCVU_15263-16742,627,2,1155.6666666666667,0.0,324.33333333333326,373.6666666666667,gaze_shift,718.3880344827586,826.5043965517241,0
i7GsJrDdCVU_15263-16742,628,1,434.0,274.0,281.0,347.0,inside_visible,586.041,871.405,1
i7GsJrDdCVU_15263-16742,628,2,1160.0,0.0,322.0,368.0,gaze_shift,726.8308965517241,827.5043103448276,0
i7GsJrDdCVU_15263-16742,629,1,432.0,274.0,281.0,347.0,inside_visible,585.9713571428572,867.954,1
i7GsJrDdCVU_15263-16742,629,2,1160.6666666666667,0.0,323.1666666666665,365.6666666666667,gaze_shift,735.2737586206897,828.504224137931,0
i7GsJrDdCVU_15263-16742,630,1,430.0,274.0,281.0,347.0,inside_visible,585.9017142857143,864.5029999999999,1
i7GsJrDdCVU_15263-16742,630,2,1161.3333333333333,0.0,324.3333333333335,363.3333333333333,gaze_shift,743.7166206896552,829.5041379310345,0
i7GsJrDdCVU_15263-16742,631,1,428.0,274.0,281.0,347.0,inside_visible,585.8320714285715,861.052,1
i7GsJrDdCVU_15263-16742,631,2,1162.0,0.0,325.5,361.0,gaze_shift,752.1594827586207,830.504051724138,0
i7GsJrDdCVU_15263-16742,632,1,426.0,274.0,281.0,347.0,inside_visible,585.7624285714286,857.601,1
i7GsJrDdCVU_15263-16742,632,2,1162.6666666666667,0.0,326.6666666666665,358.6666666666667,gaze_shift,760.6023448275862,831.5039655172413,0
i7GsJrDdCVU_15263-16742,633,1,419.75,274.75,281.0,347.0,inside_visible,585.6927857142857,854.15,1
i7GsJrDdCVU_15263-16742,633,2,1163.3333333333333,0.0,327.8333333333335,356.3333333333333,gaze_shift,769.0452068965517,832.5038793103448,0
i7GsJrDdCVU_15263-16742,634,1,413.5,275.5,281.0,347.0,inside_visible,585.6231428571429,850.699,1
i7GsJrDdCVU_15263-16742,634,2,1164.0,0.0,329.0,354.0,gaze_shift,777.4880689655172,833.5037931034483,0
i7GsJrDdCVU_15263-16742,635,1,407.25,276.25,281.0,347.0,inside_visible,585.5535,847.248,1
i7GsJrDdCVU_15263-16742,635,2,1160.25,0.0,324.5,345.25,gaze_shift,785.9309310344828,834.5037068965518,0
i7GsJrDdCVU_15263-16742,636,1,401.0,277.0,281.0,347.0,inside_visible,585.4838571428572,843.797,1
i7GsJrDdCVU_15263-16742,636,2,1156.5,0.0,320.0,336.5,gaze_shift,794.3737931034483,835.5036206896551,0
i7GsJrDdCVU_15263-16742,637,1,398.875,277.75,281.0,347.0,inside_visible,585.4142142857144,840.346,1
i7GsJrDdCVU_15263-16742,637,2,1152.75,0.0,315.5,327.75,gaze_shift,802.8166551724138,836.5035344827586,0
i7GsJrDdCVU_15263-16742,638,1,396.75,278.5,281.0,347.0,inside_visible,585.3445714285715,836.895,1
i7GsJrDdCVU_15263-16742,638,2,1149.0,0.0,311.0,319.0,gaze_shift,811.2595172413793,837.5034482758621,0
i7GsJrDdCVU_15263-16742,639,1,394.625,279.25,281.0,347.0,inside_visible,585.2749285714286,833.444,1
i7GsJrDdCVU_15263-16742,639,2,1145.5,0.0,311.5,328.0,gaze_shift,819.7023793103448,838.5033620689655,0
i7GsJrDdCVU_15263-16742,640,1,392.5,280.0,281.0,347.0,inside_visible,585.2052857142858,829.993,1
i7GsJrDdCVU_15263-16742,640,2,1142.0,0.0,312.0,337.0,gaze_shift,828.1452413793104,839.503275862069,0
i7GsJrDdCVU_15263-16742,641,1,390.375,280.75,281.0,347.0,inside_visible,585.1356428571429,826.542,1
i7GsJrDdCVU_15263-16742,641,2,1142.0,0.0,300.0,323.5,gaze_shift,836.5881034482759,840.5031896551724,0
i7GsJrDdCVU_15263-16742,642,1,388.25,281.5,281.0,347.0,inside_visible,585.066,823.091,1
i7GsJrDdCVU_15263-16742,642,2,1142.0,0.0,288.0,310.0,outside_frame,845.0309655172414,841.5031034482759,0
i7GsJrDdCVU_15263-16742,643,1,386.125,282.25,281.0,347.0,inside_visible,582.6564000000001,812.4886,1
i7GsJrDdCVU_15263-16742,643,2,1135.0,0.0,291.5,310.0,outside_frame,853.4738275862069,842.5030172413793,0
i7GsJrDdCVU_15263-16742,644,1,384.0,283.0,281.0,347.0,inside_visible,580.2468,801.8862,1
i7GsJrDdCVU_15263-16742,644,2,1128.0,0.0,295.0,310.0,outside_frame,861.9166896551724,843.5029310344828,0
i7GsJrDdCVU_15263-16742,645,1,381.57142857142856,283.85714285714283,280.1428571428571,347.85714285714283,inside_visible,577.8372,791.2837999999999,1
i7GsJrDdCVU_15263-16742,645,2,1121.0,0.0,298.5,310.0,outside_frame,870.3595517241379,844.5028448275862,0
i7GsJrDdCVU_15263-16742,646,1,379.1428571428572,284.7142857142857,279.2857142857143,348.7142857142857,inside_visible,575.4276,780.6813999999999,1
i7GsJrDdCVU_15263-16742,646,2,1114.0,0.0,302.0,310.0,outside_frame,878.8024137931034,845.5027586206896,0
i7GsJrDdCVU_15263-16742,647,1,376.7142857142857,285.57142857142856,278.4285714285714,349.57142857142856,inside_visible,573.018,770.079,1
i7GsJrDdCVU_15263-16742,647,2,1091.0,0.0,296.0,309.0,outside_frame,887.2452758620689,846.5026724137931,0
i7GsJrDdCVU_15263-16742,648,1,374.2857142857143,286.42857142857144,277.5714285714286,350.42857142857144,inside_visible,585.0665,786.1434999999999,1
i7GsJrDdCVU_15263-16742,648,2,1087.0,0.0,290.0,308.0,outside_frame,895.6881379310345,847.5025862068966,0
i7GsJrDdCVU_15263-16742,649,1,371.8571428571428,287.2857142857143,276.7142857142857,351.2857142857143,inside_visible,597.115,802.208,1
i7GsJrDdCVU_15263-16742,649,2,1082.75,0.0,290.0,308.0,outside_frame,904.131,848.5025,0
i7GsJrDdCVU_15263-16742,650,1,369.4285714285714,288.1428571428572,275.8571428571429,352.1428571428572,inside_visible,617.597,796.585,1
i7GsJrDdCVU_15263-16742,650,2,1078.5,0.0,290.0,308.0,outside_frame,912.5738620689656,849.5024137931034,0
i7GsJrDdCVU_15263-16742,651,1,367.0,289.0,275.0,353.0,gaze_shift,814.788,877.71,1
i7GsJrDdCVU_15263-16742,651,2,1074.25,0.0,290.0,308.0,outside_frame,921.016724137931,850.5023275862069,0
i7GsJrDdCVU_15263-16742,652,1,367.0,289.0,264.0,346.0,gaze_shift,1011.979,958.835,1
i7GsJrDdCVU_15263-16742,652,2,1070.0,0.0,290.0,308.0,outside_frame,929.4595862068966,851.5022413793104,0
i7GsJrDdCVU_15263-16742,653,1,367.0,289.0,253.0,339.0,gaze_shift,1209.17,1039.96,1
i7GsJrDdCVU_15263-16742,653,2,1042.0,0.0,290.0,308.0,outside_frame,937.902448275862,852.5021551724138,0
i7GsJrDdCVU_15263-16742,654,1,357.0,289.75,258.0,339.0,inside_visible,1213.274,1038.58135,1
i7GsJrDdCVU_15263-16742,654,2,1042.0,0.0,290.0,308.0,outside_frame,946.3453103448276,853.5020689655172,0
i7GsJrDdCVU_15263-16742,655,1,347.0,290.5,263.0,339.0,inside_visible,1217.3780000000002,1037.2027,1
i7GsJrDdCVU_15263-16742,655,2,1060.0,0.0,290.0,308.0,outside_frame,954.7881724137932,854.5019827586207,0
i7GsJrDdCVU_15263-16742,656,1,337.0,291.25,268.0,339.0,inside_visible,1221.482,1035.82405,1
i7GsJrDdCVU_15263-16742,656,2,1053.6666666666667,0.0,290.0,308.0,outside_frame,963.2310344827586,855.5018965517241,0
i7GsJrDdCVU_15263-16742,657,1,327.0,292.0,273.0,339.0,inside_visible,1225.586,1034.4454,1
i7GsJrDdCVU_15263-16742,657,2,1047.3333333333333,0.0,290.0,308.0,outside_frame,971.673896551724,856.5018103448276,0
i7GsJrDdCVU_15263-16742,658,1,325.5833333333333,292.5,273.00000000000006,339.0,inside_visible,1229.69,1033.06675,1
i7GsJrDdCVU_15263-16742,658,2,1041.0,0.0,290.0,308.0,outside_frame,980.1167586206896,857.501724137931,0
i7GsJrDdCVU_15263-16742,659,1,324.1666666666667,293.0,272.99999999999994,339.0,inside_visible,1233.794,1031.6881,1
i7GsJrDdCVU_15263-16742,659,2,1041.3939393939395,0.0,290.0,308.8787878787879,outside_frame,988.5596206896552,858.5016379310345,0
i7GsJrDdCVU_15263-16742,660,1,322.75,293.5,273.0,339.0,inside_visible,1237.898,1030.30945,1
i7GsJrDdCVU_15263-16742,660,2,1041.7878787878788,0.0,290.0,309.7575757575757,outside_frame,997.0024827586208,859.5015517241379,0
i7GsJrDdCVU_15263-16742,661,1,321.3333333333333,294.0,273.00000000000006,339.0,inside_visible,1242.002,1028.9308,1
i7GsJrDdCVU_15263-16742,661,2,1042.1818181818182,0.0,290.0,310.6363636363636,outside_frame,1005.4453448275862,860.5014655172414,0
i7GsJrDdCVU_15263-16742,662,1,319.9166666666667,294.5,272.99999999999994,339.0,inside_visible,1246.106,1027.55215,1
i7GsJrDdCVU_15263-16742,662,2,1042.5757575757575,0.0,290.0,311.5151515151515,outside_frame,1013.8882068965518,861.5013793103449,0
i7GsJrDdCVU_15263-16742,663,1,318.5,295.0,273.0,339.0,inside_visible,1250.21,1026.1735,1
i7GsJrDdCVU_15263-16742,663,2,1042.969696969697,0.0,290.0,312.3939393939394,outside_frame,1022.3310689655171,862.5012931034482,0
i7GsJrDdCVU_15263-16742,664,1,317.0833333333333,295.5,273.00000000000006,339.0,inside_visible,1254.314,1024.79485,1
i7GsJrDdCVU_15263-16742,664,2,1043.3636363636365,0.0,290.0,313.27272727272725,outside_frame,1030.7739310344828,863.5012068965517,0
i7GsJrDdCVU_15263-16742,665,1,315.6666666666667,296.0,272.99999999999994,339.0,inside_visible,1258.418,1023.4162,1
i7GsJrDdCVU_15263-16742,665,2,1043.7575757575758,0.0,290.0,314.1515151515151,outside_frame,1039.2167931034485,864.5011206896552,0
i7GsJrDdCVU_15263-16742,666,1,314.25,296.5,273.0,339.0,inside_visible,1262.522,1022.03755,1
i7GsJrDdCVU_15263-16742,666,2,1044.1515151515152,0.0,290.0,315.030303030303,outside_frame,1047.6596551724135,865.5010344827587,0
i7GsJrDdCVU_15263-16742,667,1,312.8333333333333,297.0,273.00000000000006,339.0,inside_visible,1266.626,1020.6589,1
i7GsJrDdCVU_15263-16742,667,2,1044.5454545454545,0.0,290.0,315.90909090909093,outside_frame,1056.1025172413792,866.500948275862,0
i7GsJrDdCVU_15263-16742,668,1,311.4166666666667,297.5,272.99999999999994,339.0,inside_visible,1270.73,1019.28025,1
i7GsJrDdCVU_15263-16742,668,2,1044.939393939394,0.0,290.0,316.7878787878788,outside_frame,1064.5453793103447,867.5008620689655,0
i7GsJrDdCVU_15263-16742,669,1,310.0,298.0,273.0,339.0,inside_visible,1274.834,1017.9016,1
i7GsJrDdCVU_15263-16742,669,2,1045.3333333333333,0.0,290.0,317.6666666666667,outside_frame,1072.9882413793102,868.500775862069,0
i7GsJrDdCVU_15263-16742,670,1,305.0,301.5,273.0,339.0,inside_visible,1278.938,1016.52295,1
i7GsJrDdCVU_15263-16742,670,2,1045.7272727272727,0.0,290.0,318.54545454545456,outside_frame,1081.4311034482755,869.5006896551724,0
i7GsJrDdCVU_15263-16742,671,1,300.0,305.0,273.0,339.0,inside_visible,1283.042,1015.1443,1
i7GsJrDdCVU_15263-16742,671,2,1046.121212121212,0.0,290.0,319.42424242424244,outside_frame,1089.8739655172412,870.5006034482759,0
i7GsJrDdCVU_15263-16742,672,1,295.0,308.5,273.0,339.0,inside_visible,1287.146,1013.76565,1
i7GsJrDdCVU_15263-16742,672,2,1046.5151515151515,0.0,290.0,320.3030303030303,outside_frame,1098.3168275862067,871.5005172413793,0
i7GsJrDdCVU_15263-16742,673,1,290.0,312.0,273.0,339.0,inside_visible,1291.25,1012.387,1
i7GsJrDdCVU_15263-16742,673,2,1046.909090909091,0.0,290.0,321.1818181818182,outside_frame,1106.7596896551725,872.5004310344827,0
i7GsJrDdCVU_15263-16742,674,1,286.0,313.6,273.0,339.0,inside_visible,1280.808,989.0936666666666,1
i7GsJrDdCVU_15263-16742,674,2,1047.3030303030305,0.0,290.0,322.06060606060606,outside_frame,1115.2025517241375,873.5003448275862,0
i7GsJrDdCVU_15263-16742,675,1,282.0,315.2,273.0,339.00000000000006,inside_visible,1270.366,965.8003333333332,1
i7GsJrDdCVU_15263-16742,675,2,1047.6969696969695,0.0,290.0,322.93939393939394,outside_frame,1123.6454137931034,874.5002586206897,0
i7GsJrDdCVU_15263-16742,676,1,278.0,316.8,273.0,338.99999999999994,inside_visible,1259.924,942.507,1
i7GsJrDdCVU_15263-16742,676,2,1048.090909090909,0.0,290.0,323.8181818181818,outside_frame,1132.088275862069,875.500172413793,0
i7GsJrDdCVU_15263-16742,677,1,274.0,318.4,273.0,339.0,inside_visible,1240.6464999999998,911.1815,1
i7GsJrDdCVU_15263-16742,677,2,1048.4848484848485,0.0,290.0,324.6969696969697,gaze_shift,1140.5311379310344,876.5000862068965,0
i7GsJrDdCVU_15263-16742,678,1,270.0,320.0,273.0,339.0,inside_visible,1221.369,879.856,1
i7GsJrDdCVU_15263-16742,678,2,1048.878787878788,0.0,290.0,325.5757575757576,inside_visible,1148.974,877.5,0
i7GsJrDdCVU_15263-16742,679,1,268.0,320.0,275.0,339.0,inside_visible,1197.2725,854.5545,1
i7GsJrDdCVU_15263-16742,679,2,1049.2727272727273,0.0,290.0,326.45454545454544,inside_visible,1160.615,859.781,0
i7GsJrDdCVU_15263-16742,680,1,266.0,320.0,277.0,339.0,inside_visible,1173.176,829.253,1
i7GsJrDdCVU_15263-16742,680,2,1049.6666666666667,0.0,290.0,327.3333333333333,inside_visible,1172.256,842.062,0
i7GsJrDdCVU_15263-16742,681,1,264.0,320.0,279.0,339.0,inside_visible,1167.5533333333333,814.7950000000001,1
i7GsJrDdCVU_15263-16742,681,2,1050.060606060606,0.0,290.0,328.2121212121212,inside_visible,1183.897,824.343,0
i7GsJrDdCVU_15263-16742,682,1,262.0,320.0,281.0,339.0,inside_visible,1161.9306666666666,800.337,1
i7GsJrDdCVU_15263-16742,682,2,1050.4545454545455,0.0,290.0,329.09090909090907,inside_visible,1167.0295,793.0174999999999,0
i7GsJrDdCVU_15263-16742,683,1,266.0,320.0,281.0,339.0,inside_visible,1156.308,785.879,1
i7GsJrDdCVU_15263-16742,683,2,1050.8484848484848,0.0,290.0,329.969696969697,inside_visible,1150.162,761.692,0
i7GsJrDdCVU_15263-16742,684,1,270.0,320.0,281.0,339.0,inside_visible,1131.408,773.0276666666667,1
i7GsJrDdCVU_15263-16742,684,2,1051.2424242424242,0.0,290.0,330.8484848484849,inside_visible,1142.933,747.2339999999999,0
i7GsJrDdCVU_15263-16742,685,1,274.0,320.0,281.0,339.0,inside_visible,1106.508,760.1763333333333,1
i7GsJrDdCVU_15263-16742,685,2,1051.6363636363635,0.0,290.0,331.72727272727275,inside_visible,1135.704,732.776,0
i7GsJrDdCVU_15263-16742,686,1,278.0,320.0,281.0,339.0,inside_visible,1081.608,747.325,1
i7GsJrDdCVU_15263-16742,686,2,1052.030303030303,0.0,290.0,332.6060606060606,inside_visible,1084.6999999999998,738.3985,0
i7GsJrDdCVU_15263-16742,687,1,282.0,320.0,281.0,339.0,inside_visible,1052.692,742.5055,1
i7GsJrDdCVU_15263-16742,687,2,1052.4242424242425,0.0,290.0,333.4848484848485,inside_visible,1033.696,744.021,0
i7GsJrDdCVU_15263-16742,688,1,284.3333333333333,320.0,281.00000000000006,339.0,inside_visible,1023.776,737.686,1
i7GsJrDdCVU_15263-16742,688,2,1052.8181818181818,0.0,290.0,334.3636363636364,inside_visible,639.318,807.475,0
i7GsJrDdCVU_15263-16742,689,1,286.6666666666667,320.0,280.99999999999994,339.0,inside_visible,1007.51075,738.2885,1
i7GsJrDdCVU_15263-16742,689,2,1053.2121212121212,0.0,290.0,335.24242424242425,inside_visible,640.0246923076922,806.5157692307693,0
i7GsJrDdCVU_15263-16742,690,1,289.0,320.0,281.0,339.0,inside_visible,991.2455,738.8910000000001,1
i7GsJrDdCVU_15263-16742,690,2,1053.6060606060605,0.0,290.0,336.1212121212121,inside_visible,640.7313846153846,805.5565384615385,0
i7GsJrDdCVU_15263-16742,691,1,291.3333333333333,320.0,281.00000000000006,339.0,inside_visible,974.98025,739.4935,1
i7GsJrDdCVU_15263-16742,691,2,1054.0,0.0,290.0,337.0,inside_visible,641.4380769230769,804.5973076923077,0
i7GsJrDdCVU_15263-16742,692,1,293.6666666666667,320.0,280.99999999999994,339.0,inside_visible,958.715,740.096,1
i7GsJrDdCVU_15263-16742,692,2,1047.5,0.0,290.0,338.0,inside_visible,642.1447692307693,803.6380769230769,0
i7GsJrDdCVU_15263-16742,693,1,296.0,320.0,281.0,339.0,inside_visible,948.273,752.1443333333333,1
i7GsJrDdCVU_15263-16742,693,2,1041.0,0.0,290.0,339.0,inside_visible,642.8514615384615,802.6788461538462,0
i7GsJrDdCVU_15263-16742,694,1,297.8,319.6,283.2,340.6,inside_visible,937.831,764.1926666666667,1
i7GsJrDdCVU_15263-16742,694,2,1041.0,0.0,293.5,339.0,inside_visible,643.5581538461538,801.7196153846154,0
i7GsJrDdCVU_15263-16742,695,1,299.6,319.2,285.4,342.2,inside_visible,927.389,776.241,1
i7GsJrDdCVU_15263-16742,695,2,1041.0,0.0,297.0,339.0,inside_visible,644.2648461538462,800.7603846153846,0
i7GsJrDdCVU_15263-16742,696,1,301.4,318.8,287.6,343.8,inside_visible,881.605,776.241,1
i7GsJrDdCVU_15263-16742,696,2,1041.0,0.0,297.0,345.0,inside_visible,644.9715384615384,799.8011538461539,0
i7GsJrDdCVU_15263-16742,697,1,303.2,318.4,289.8,345.4,inside_visible,843.645,767.51,1
i7GsJrDdCVU_15263-16742,697,2,1041.0,0.0,297.0,351.0,inside_visible,645.6782307692307,798.8419230769231,0
i7GsJrDdCVU_15263-16742,698,1,305.0,318.0,292.0,347.0,inside_visible,800.351,982.78,1
i7GsJrDdCVU_15263-16742,698,2,1041.0,0.0,297.0,355.0,inside_visible,646.3849230769231,797.8826923076923,0
i7GsJrDdCVU_15263-16742,699,1,305.2,320.6,291.00000000000006,344.6,inside_visible,781.058,957.383,1
i7GsJrDdCVU_15263-16742,699,2,1041.0,0.0,297.0,359.0,inside_visible,647.0916153846154,796.9234615384615,0
i7GsJrDdCVU_15263-16742,700,1,305.4,323.2,290.0,342.2,inside_visible,825.42,983.134,1
i7GsJrDdCVU_15263-16742,700,2,1041.0,0.0,297.0,363.0,inside_visible,647.7983076923077,795.9642307692308,0
i7GsJrDdCVU_15263-16742,701,1,305.6,325.8,289.0,339.8,inside_visible,817.782,967.551,1
i7GsJrDdCVU_15263-16742,701,2,1041.0,0.0,297.0,367.0,inside_visible,648.505,795.005,0
i7GsJrDdCVU_15263-16742,702,1,305.8,328.4,287.99999999999994,337.4,inside_visible,828.963,987.664,1
i7GsJrDdCVU_15263-16742,702,2,1041.0,0.0,297.0,371.0,inside_visible,524.289,518.353,0
i7GsJrDdCVU_15263-16742,703,1,306.0,331.0,287.0,335.0,inside_visible,794.381,983.311,1
i7GsJrDdCVU_15263-16742,703,2,1041.0,0.0,297.0,375.0,inside_visible,529.1629285714286,515.4228571428571,0
i7GsJrDdCVU_15263-16742,704,1,319.0,318.0,286.0,347.0,inside_visible,839.134,980.291,1
i7GsJrDdCVU_15263-16742,704,2,1043.8,0.4,297.0,375.0,inside_visible,534.0368571428571,512.4927142857142,0
i7GsJrDdCVU_15263-16742,705,1,326.3333333333333,318.0,286.00000000000006,347.0,inside_visible,873.22,981.27,1
i7GsJrDdCVU_15263-16742,705,2,1046.6,0.8,297.0,375.0,inside_visible,538.9107857142857,509.5625714285714,0
i7GsJrDdCVU_15263-16742,706,1,333.6666666666667,318.0,285.99999999999994,347.0,inside_visible,862.1896666666667,987.149,1
i7GsJrDdCVU_15263-16742,706,2,1049.4,1.2,297.0,375.0,inside_visible,543.7847142857142,506.6324285714285,0
i7GsJrDdCVU_15263-16742,707,1,341.0,318.0,286.0,347.0,inside_visible,851.1593333333334,993.028,1
i7GsJrDdCVU_15263-16742,707,2,1052.2,1.6,297.0,375.0,inside_visible,548.6586428571428,503.70228571428567,0
i7GsJrDdCVU_15263-16742,708,1,352.0,315.0,286.0,347.0,inside_visible,840.129,998.907,1
i7GsJrDdCVU_15263-16742,708,2,1055.0,2.0,297.0,375.0,inside_visible,553.5325714285714,500.77214285714285,0
i7GsJrDdCVU_15263-16742,709,1,363.0,312.0,286.0,347.0,inside_visible,839.515,993.452,1
i7GsJrDdCVU_15263-16742,709,2,1053.5,1.5,299.5,377.5,inside_visible,558.4065,497.842,0
i7GsJrDdCVU_15263-16742,710,1,370.0,312.0,286.0,347.0,inside_visible,852.616,1009.998,1
i7GsJrDdCVU_15263-16742,710,2,1052.0,1.0,302.0,380.0,inside_visible,563.2804285714286,494.9118571428571,0
i7GsJrDdCVU_15263-16742,711,1,377.0,312.0,286.0,347.0,inside_visible,847.05,982.877,1
i7GsJrDdCVU_15263-16742,711,2,1050.5,0.5,304.5,382.5,inside_visible,568.1543571428572,491.9817142857143,0
i7GsJrDdCVU_15263-16742,712,1,391.0,312.0,278.0,341.0,gaze_shift,828.684,998.956,1
i7GsJrDdCVU_15263-16742,712,2,1049.0,0.0,307.0,385.0,inside_visible,573.0282857142857,489.0515714285714,0
i7GsJrDdCVU_15263-16742,713,1,391.25,316.5,278.0,334.5,gaze_shift,910.31875,820.0335,1
i7GsJrDdCVU_15263-16742,713,2,1049.0,0.0,307.0,387.6666666666667,inside_visible,577.9022142857143,486.12142857142857,0
i7GsJrDdCVU_15263-16742,714,1,391.5,321.0,278.0,328.0,gaze_shift,991.9535,641.111,1
i7GsJrDdCVU_15263-16742,714,2,1049.0,0.0,307.0,390.3333333333333,inside_visible,582.7761428571429,483.19128571428575,0
i7GsJrDdCVU_15263-16742,715,1,391.75,325.5,278.0,321.5,gaze_shift,1073.58825,462.1885,1
i7GsJrDdCVU_15263-16742,715,2,1049.0,0.0,307.0,393.0,inside_visible,587.6500714285714,480.2611428571429,0
i7GsJrDdCVU_15263-16742,716,1,392.0,330.0,278.0,315.0,inside_visible,1155.223,283.266,1
i7GsJrDdCVU_15263-16742,716,2,1045.4,1.8,307.0,393.0,inside_visible,592.524,477.331,0
i7GsJrDdCVU_15263-16742,717,1,393.0,325.0,285.0,315.0,inside_visible,1147.3098,287.08840000000004,1
i7GsJrDdCVU_15263-16742,717,2,1041.8,3.6,307.0,393.0,inside_visible,591.8433636363636,477.3496363636364,0
i7GsJrDdCVU_15263-16742,718,1,394.0,320.0,292.0,315.0,inside_visible,1139.3966,290.9108,1
i7GsJrDdCVU_15263-16742,718,2,1038.2,5.4,307.0,393.0,inside_visible,591.1627272727272,477.3682727272728,0
i7GsJrDdCVU_15263-16742,719,1,394.0,325.3333333333333,291.33333333333337,309.3333333333333,inside_visible,1131.4833999999998,294.7332,1
i7GsJrDdCVU_15263-16742,719,2,1034.6,7.2,307.0,393.0,inside_visible,590.482090909091,477.3869090909091,0
i7GsJrDdCVU_15263-16742,720,1,394.0,330.6666666666667,290.66666666666663,303.6666666666667,inside_visible,1123.5702,298.5556,1
i7GsJrDdCVU_15263-16742,720,2,1031.0,9.0,307.0,393.0,inside_visible,589.8014545454546,477.4055454545455,0
i7GsJrDdCVU_15263-16742,721,1,394.0,336.0,290.0,298.0,inside_visible,1115.657,302.378,1
i7GsJrDdCVU_15263-16742,721,2,1027.4,10.8,307.0,393.0,inside_visible,589.1208181818182,477.4241818181818,0
i7GsJrDdCVU_15263-16742,722,1,394.0,335.3333333333333,289.33333333333337,302.3333333333333,inside_visible,1100.721,280.823,1
i7GsJrDdCVU_15263-16742,722,2,1023.8,12.6,307.0,393.0,inside_visible,588.4401818181818,477.4428181818182,0
i7GsJrDdCVU_15263-16742,723,1,394.0,334.6666666666667,288.66666666666663,306.6666666666667,inside_visible,1078.285,275.518,1
i7GsJrDdCVU_15263-16742,723,2,1020.2,14.4,307.0,393.0,inside_visible,587.7595454545454,477.46145454545456,0
i7GsJrDdCVU_15263-16742,724,1,394.0,334.0,288.0,311.0,inside_visible,1097.85,281.07,1
i7GsJrDdCVU_15263-16742,724,2,1016.6,16.2,306.9999999999999,393.0,inside_visible,587.0789090909091,477.4800909090909,0
i7GsJrDdCVU_15263-16742,725,1,392.6666666666667,331.3333333333333,285.3333333333333,313.3333333333333,gaze_shift,1098.415,281.288,1
i7GsJrDdCVU_15263-16742,725,2,1013.0,18.0,307.0,393.0,inside_visible,586.3982727272728,477.4987272727273,0
i7GsJrDdCVU_15263-16742,726,1,391.3333333333333,328.6666666666667,282.6666666666667,315.6666666666667,gaze_shift,995.7785,423.3075,1
i7GsJrDdCVU_15263-16742,726,2,1009.0,20.666666666666668,307.0,393.0,inside_visible,585.7176363636364,477.51736363636365,0
i7GsJrDdCVU_15263-16742,727,1,390.0,326.0,280.0,318.0,gaze_shift,893.142,565.327,1
i7GsJrDdCVU_15263-16742,727,2,1005.0,23.33333333333333,307.0,393.0,inside_visible,585.037,477.536,0
i7GsJrDdCVU_15263-16742,728,1,391.0,324.5,280.75,325.0,gaze_shift,790.5055,707.3465,1
i7GsJrDdCVU_15263-16742,728,2,1001.0,26.0,307.0,393.0,inside_visible,741.447,796.1,0
i7GsJrDdCVU_15263-16742,729,1,392.0,323.0,281.5,332.0,inside_visible,687.869,849.366,1
i7GsJrDdCVU_15263-16742,729,2,997.4,25.6,307.0000000000001,393.0,inside_visible,736.524,805.331,0
i7GsJrDdCVU_15263-16742,730,1,393.0,321.5,282.25,339.0,inside_visible,681.234,864.384,1
i7GsJrDdCVU_15263-16742,730,2,993.8,25.2,307.0,393.0,inside_visible,736.3222666666667,808.8945333333334,0
i7GsJrDdCVU_15263-16742,731,1,394.0,320.0,283.0,346.0,inside_visible,685.06025,860.3652500000001,1
i7GsJrDdCVU_15263-16742,731,2,990.2,24.8,307.0,393.0,inside_visible,736.1205333333334,812.4580666666667,0
i7GsJrDdCVU_15263-16742,732,1,394.0,320.0,272.0,341.0,inside_visible,688.8865000000001,856.3465,1
i7GsJrDdCVU_15263-16742,732,2,986.6,24.4,306.9999999999999,393.0,inside_visible,735.9188,816.0216,0
i7GsJrDdCVU_15263-16742,733,1,394.0,320.0,275.0,339.5,inside_visible,692.71275,852.3277499999999,1
i7GsJrDdCVU_15263-16742,733,2,983.0,24.0,307.0,393.0,inside_visible,735.7170666666667,819.5851333333334,0
i7GsJrDdCVU_15263-16742,734,1,394.0,320.0,278.0,338.0,inside_visible,696.539,848.309,1
i7GsJrDdCVU_15263-16742,734,2,981.4,25.6,307.0000000000001,393.0,inside_visible,735.5153333333334,823.1486666666667,0
i7GsJrDdCVU_15263-16742,735,1,394.0,320.0,281.0,336.5,inside_visible,696.3652500000001,848.79025,1
i7GsJrDdCVU_15263-16742,735,2,979.8,27.2,307.0,393.0,inside_visible,735.3136000000001,826.7122,0
i7GsJrDdCVU_15263-16742,736,1,394.0,320.0,284.0,335.0,inside_visible,696.1915,849.2715000000001,1
i7GsJrDdCVU_15263-16742,736,2,978.2,28.8,307.0,393.0,inside_visible,735.1118666666667,830.2757333333334,0
i7GsJrDdCVU_15263-16742,737,1,394.0,320.0,280.33333333333337,336.0,inside_visible,696.01775,849.75275,1
i7GsJrDdCVU_15263-16742,737,2,976.6,30.4,306.9999999999999,393.0,inside_visible,734.9101333333333,833.8392666666666,0
i7GsJrDdCVU_15263-16742,738,1,394.0,320.0,276.66666666666663,337.0,inside_visible,695.844,850.234,1
i7GsJrDdCVU_15263-16742,738,2,975.0,32.0,307.0,393.0,inside_visible,734.7084,837.4028,0
i7GsJrDdCVU_15263-16742,739,1,394.0,320.0,273.0,338.0,inside_visible,696.90025,850.04525,1
i7GsJrDdCVU_15263-16742,739,2,979.3333333333334,28.33333333333333,306.9999999999999,394.6666666666667,inside_visible,734.5066666666667,840.9663333333333,0
i7GsJrDdCVU_15263-16742,740,1,406.0,319.0,261.0,329.0,inside_visible,697.9565,849.8565,1
i7GsJrDdCVU_15263-16742,740,2,983.6666666666666,24.666666666666668,307.0000000000001,396.3333333333333,inside_visible,734.3049333333333,844.5298666666666,0
i7GsJrDdCVU_15263-16742,741,1,406.3333333333333,315.6666666666667,260.6666666666667,331.99999999999994,inside_visible,699.0127500000001,849.6677500000001,1
i7GsJrDdCVU_15263-16742,741,2,988.0,21.0,307.0,398.0,inside_visible,734.1032,848.0934,0
i7GsJrDdCVU_15263-16742,742,1,406.6666666666667,312.3333333333333,260.3333333333333,335.00000000000006,inside_visible,700.0690000000001,849.479,1
i7GsJrDdCVU_15263-16742,742,2,992.3333333333334,17.333333333333336,306.9999999999999,399.6666666666667,inside_visible,733.9014666666667,851.6569333333333,0
i7GsJrDdCVU_15263-16742,743,1,407.0,309.0,260.0,338.0,inside_visible,701.12525,849.29025,1
i7GsJrDdCVU_15263-16742,743,2,996.6666666666666,13.666666666666664,307.0000000000001,401.3333333333333,inside_visible,733.6997333333334,855.2204666666667,0
i7GsJrDdCVU_15263-16742,744,1,406.0,317.0,261.0,331.0,inside_visible,702.1815,849.1015,1
i7GsJrDdCVU_15263-16742,744,2,1001.0,10.0,307.0,403.0,inside_visible,733.498,858.784,0
i7GsJrDdCVU_15263-16742,745,1,405.0,303.0,262.0,349.0,inside_visible,703.23775,848.91275,1
i7GsJrDdCVU_15263-16742,745,2,1000.4285714285714,10.714285714285714,306.9999999999999,403.0,inside_visible,731.5350000000001,858.3395555555555,0
i7GsJrDdCVU_15263-16742,746,1,409.25,300.875,262.0,349.0,inside_visible,704.2940000000001,848.724,1
i7GsJrDdCVU_15263-16742,746,2,999.8571428571428,11.428571428571429,307.0,403.0,inside_visible,729.572,857.8951111111111,0
i7GsJrDdCVU_15263-16742,747,1,413.5,298.75,262.0,349.0,inside_visible,705.3502500000001,848.53525,1
i7GsJrDdCVU_15263-16742,747,2,999.2857142857144,12.142857142857142,306.9999999999999,403.0,inside_visible,727.609,857.4506666666666,0
i7GsJrDdCVU_15263-16742,748,1,417.75,296.625,262.0,349.0,inside_visible,706.4065,848.3465,1
i7GsJrDdCVU_15263-16742,748,2,998.7142857142856,12.857142857142858,307.0000000000001,403.0,inside_visible,725.6460000000001,857.0062222222222,0
i7GsJrDdCVU_15263-16742,749,1,422.0,294.5,262.0,349.0,inside_visible,707.46275,848.15775,1
i7GsJrDdCVU_15263-16742,749,2,998.1428571428572,13.571428571428571,307.0,403.0,inside_visible,723.683,856.5617777777778,0
i7GsJrDdCVU_15263-16742,750,1,426.25,292.375,262.0,349.0,inside_visible,708.519,847.9689999999999,1
i7GsJrDdCVU_15263-16742,750,2,997.5714285714286,14.285714285714285,307.0000000000001,403.0,inside_visible,721.72,856.1173333333334,0
i7GsJrDdCVU_15263-16742,751,1,430.5,290.25,262.0,349.0,inside_visible,709.5752500000001,847.78025,1
i7GsJrDdCVU_15263-16742,751,2,997.0,15.0,307.0,403.0,inside_visible,719.7570000000001,855.6728888888889,0
i7GsJrDdCVU_15263-16742,752,1,434.75,288.125,262.0,349.0,inside_visible,710.6315000000001,847.5915,1
i7GsJrDdCVU_15263-16742,752,2,996.4285714285714,15.714285714285714,306.9999999999999,403.0,inside_visible,717.794,855.2284444444444,0
i7GsJrDdCVU_15263-16742,753,1,439.0,286.0,262.0,349.0,inside_visible,711.68775,847.40275,1
i7GsJrDdCVU_15263-16742,753,2,995.8571428571428,16.42857142857143,307.0,403.0,inside_visible,715.831,854.784,0
i7GsJrDdCVU_15263-16742,754,1,441.6666666666667,283.3333333333333,261.99999999999994,349.00000000000006,inside_visible,712.744,847.2139999999999,1
i7GsJrDdCVU_15263-16742,754,2,995.2857142857144,17.142857142857142,306.9999999999999,403.0,inside_visible,713.868,854.3395555555555,0
i7GsJrDdCVU_15263-16742,755,1,444.3333333333333,280.6666666666667,262.00000000000006,348.99999999999994,inside_visible,713.80025,847.0252499999999,1
i7GsJrDdCVU_15263-16742,755,2,994.7142857142856,17.857142857142858,307.0000000000001,403.0,inside_visible,711.905,853.8951111111111,0
i7GsJrDdCVU_15263-16742,756,1,447.0,278.0,262.0,349.0,inside_visible,714.8565000000001,846.8365,1
i7GsJrDdCVU_15263-16742,756,2,994.1428571428572,18.57142857142857,307.0,403.0,inside_visible,709.942,853.4506666666666,0
i7GsJrDdCVU_15263-16742,757,1,457.0,275.0,262.0,349.0,inside_visible,715.9127500000001,846.64775,1
i7GsJrDdCVU_15263-16742,757,2,993.5714285714286,19.285714285714285,307.0000000000001,403.0,inside_visible,707.979,853.0062222222222,0
i7GsJrDdCVU_15263-16742,758,1,467.0,272.0,262.0,349.0,inside_visible,716.969,846.459,1
i7GsJrDdCVU_15263-16742,758,2,993.0,20.0,307.0,403.0,inside_visible,706.016,852.5617777777778,0
i7GsJrDdCVU_15263-16742,759,1,469.6666666666667,273.0,261.99999999999994,349.0,inside_visible,717.5252,851.2701999999999,1
i7GsJrDdCVU_15263-16742,759,2,991.0,20.666666666666668,307.0,403.0,inside_visible,704.053,852.1173333333334,0
i7GsJrDdCVU_15263-16742,760,1,472.3333333333333,274.0,262.00000000000006,349.0,inside_visible,718.0814,856.0813999999999,1
i7GsJrDdCVU_15263-16742,760,2,989.0,21.33333333333333,307.0,403.0,inside_visible,702.09,851.6728888888889,0
i7GsJrDdCVU_15263-16742,761,1,475.0,275.0,262.0,349.0,inside_visible,718.6376,860.8926,1
i7GsJrDdCVU_15263-16742,761,2,987.0,22.0,307.0,403.0,inside_visible,700.127,851.2284444444444,0
i7GsJrDdCVU_15263-16742,762,1,486.0,278.0,254.0,341.0,inside_visible,719.1938,865.7038,1
i7GsJrDdCVU_15263-16742,762,2,981.0,28.0,307.0,403.0,inside_visible,698.164,850.784,0
i7GsJrDdCVU_15263-16742,763,1,494.5,278.0,254.0,341.0,inside_visible,719.75,870.515,1
i7GsJrDdCVU_15263-16742,763,2,975.0,34.0,307.0,403.0,inside_visible,708.275,850.1175000000001,0
i7GsJrDdCVU_15263-16742,764,1,503.0,278.0,254.0,341.0,inside_visible,713.746,844.481,1
i7GsJrDdCVU_15263-16742,764,2,973.0,36.8,307.4000000000001,401.6,inside_visible,718.386,849.451,0
i7GsJrDdCVU_15263-16742,765,1,507.6666666666667,278.6666666666667,253.99999999999997,340.99999999999994,inside_visible,713.3676216216217,844.4269459459459,1
i7GsJrDdCVU_15263-16742,765,2,971.0,39.6,307.79999999999995,400.2,inside_visible,716.164,848.451,0
i7GsJrDdCVU_15263-16742,766,1,512.3333333333334,279.3333333333333,254.0,341.00000000000006,inside_visible,712.9892432432432,844.3728918918919,1
i7GsJrDdCVU_15263-16742,766,2,969.0,42.4,308.20000000000005,398.8,inside_visible,713.942,847.451,0
i7GsJrDdCVU_15263-16742,767,1,517.0,280.0,254.0,341.0,inside_visible,712.6108648648649,844.3188378378378,1
i7GsJrDdCVU_15263-16742,767,2,967.0,45.2,308.5999999999999,397.4,inside_visible,714.387,857.118,0
i7GsJrDdCVU_15263-16742,768,1,519.4285714285714,280.85714285714283,254.0,341.00000000000006,inside_visible,712.2324864864864,844.2647837837837,1
i7GsJrDdCVU_15263-16742,768,2,965.0,48.0,309.0,396.0,inside_visible,602.831,794.784,0
i7GsJrDdCVU_15263-16742,769,1,521.8571428571429,281.7142857142857,254.0,340.99999999999994,inside_visible,711.8541081081081,844.2107297297297,1
i7GsJrDdCVU_15263-16742,769,2,963.0,50.8,309.4000000000001,394.6,inside_visible,604.9875,805.538,0
i7GsJrDdCVU_15263-16742,770,1,524.2857142857143,282.57142857142856,254.0,341.0,inside_visible,711.4757297297297,844.1566756756756,1
i7GsJrDdCVU_15263-16742,770,2,961.0,53.6,309.79999999999995,393.2000000000001,inside_visible,607.144,816.292,0
i7GsJrDdCVU_15263-16742,771,1,526.7142857142857,283.42857142857144,254.0,341.0,inside_visible,711.0973513513513,844.1026216216217,1
i7GsJrDdCVU_15263-16742,771,2,959.0,56.400000000000006,310.20000000000005,391.8,inside_visible,608.144,819.62525,0
i7GsJrDdCVU_15263-16742,772,1,529.1428571428571,284.2857142857143,254.0,341.00000000000006,inside_visible,710.718972972973,844.0485675675676,1
i7GsJrDdCVU_15263-16742,772,2,957.0,59.2,310.5999999999999,390.4,inside_visible,609.144,822.9585,0
i7GsJrDdCVU_15263-16742,773,1,531.5714285714286,285.1428571428572,254.0,340.99999999999994,inside_visible,710.3405945945946,843.9945135135135,1
i7GsJrDdCVU_15263-16742,773,2,955.0,62.0,311.0,389.0,inside_visible,610.144,826.29175,0
i7GsJrDdCVU_15263-16742,774,1,534.0,286.0,254.0,341.0,inside_visible,709.9622162162162,843.9404594594595,1
i7GsJrDdCVU_15263-16742,774,2,956.1,61.3,310.9999999999999,389.0,inside_visible,611.144,829.625,0
i7GsJrDdCVU_15263-16742,775,1,532.1666666666666,286.0,255.83333333333337,341.0,inside_visible,709.5838378378378,843.8864054054054,1
i7GsJrDdCVU_15263-16742,775,2,957.2,60.6,311.0,389.0,inside_visible,628.033,828.2916666666666,0
i7GsJrDdCVU_15263-16742,776,1,530.3333333333334,286.0,257.66666666666663,341.0,inside_visible,709.2054594594595,843.8323513513513,1
i7GsJrDdCVU_15263-16742,776,2,958.3,59.9,311.0,389.0,inside_visible,644.922,826.9583333333334,0
i7GsJrDdCVU_15263-16742,777,1,528.5,286.0,259.5,341.0,inside_visible,708.827081081081,843.7782972972973,1
i7GsJrDdCVU_15263-16742,777,2,959.4,59.2,311.0000000000001,389.0,inside_visible,661.811,825.625,0
i7GsJrDdCVU_15263-16742,778,1,526.6666666666666,286.0,261.33333333333337,341.0,inside_visible,708.4487027027027,843.7242432432432,1
i7GsJrDdCVU_15263-16742,778,2,960.5,58.5,311.0,389.0,inside_visible,675.811,824.2915,0
i7GsJrDdCVU_15263-16742,779,1,524.8333333333334,286.0,263.16666666666663,341.0,inside_visible,708.0703243243244,843.6701891891892,1
i7GsJrDdCVU_15263-16742,779,2,961.6,57.8,310.9999999999999,389.0,inside_visible,689.811,822.958,0
i7GsJrDdCVU_15263-16742,780,1,523.0,286.0,265.0,341.0,inside_visible,707.6919459459459,843.6161351351351,1
i7GsJrDdCVU_15263-16742,780,2,962.7,57.1,311.0,389.0,inside_visible,701.811,829.6246666666666,0
i7GsJrDdCVU_15263-16742,781,1,523.0,286.0,266.0,344.20000000000005,inside_visible,707.3135675675676,843.562081081081,1
i7GsJrDdCVU_15263-16742,781,2,963.8,56.4,311.0,389.0,inside_visible,713.811,836.2913333333333,0
i7GsJrDdCVU_15263-16742,782,1,523.0,286.0,267.0,347.4,inside_visible,706.9351891891891,843.508027027027,1
i7GsJrDdCVU_15263-16742,782,2,964.9,55.7,311.0000000000001,389.0,inside_visible,725.811,842.958,0
i7GsJrDdCVU_15263-16742,783,1,523.0,286.0,268.0,350.6,inside_visible,706.5568108108108,843.453972972973,1
i7GsJrDdCVU_15263-16742,783,2,966.0,55.0,311.0,389.0,inside_visible,725.5098125000001,844.1628125,0
i7GsJrDdCVU_15263-16742,784,1,523.0,286.0,269.0,353.79999999999995,inside_visible,706.1784324324324,843.399918918919,1
i7GsJrDdCVU_15263-16742,784,2,967.1,54.3,310.9999999999999,389.0,inside_visible,725.208625,845.367625,0
i7GsJrDdCVU_15263-16742,785,1,523.0,286.0,270.0,357.0,inside_visible,705.800054054054,843.3458648648649,1
i7GsJrDdCVU_15263-16742,785,2,968.2,53.6,311.0,389.0,inside_visible,724.9074375,846.5724375,0
i7GsJrDdCVU_15263-16742,786,1,523.0,286.0,271.0,341.0,inside_visible,705.4216756756756,843.2918108108108,1
i7GsJrDdCVU_15263-16742,786,2,969.3,52.9,311.0,389.0,inside_visible,724.60625,847.77725,0
i7GsJrDdCVU_15263-16742,787,1,523.0,286.0,271.0,360.0,inside_visible,705.0432972972973,843.2377567567568,1
i7GsJrDdCVU_15263-16742,787,2,970.4,52.2,311.0000000000001,389.0,inside_visible,724.3050625,848.9820625,0
i7GsJrDdCVU_15263-16742,788,1,523.0,286.0,271.0,358.75,inside_visible,704.6649189189189,843.1837027027027,1
i7GsJrDdCVU_15263-16742,788,2,971.5,51.5,311.0,389.0,inside_visible,724.003875,850.186875,0
i7GsJrDdCVU_15263-16742,789,1,523.0,286.0,271.0,357.5,inside_visible,704.2865405405405,843.1296486486486,1
i7GsJrDdCVU_15263-16742,789,2,972.6,50.8,310.9999999999999,389.0,inside_visible,723.7026875,851.3916875,0
i7GsJrDdCVU_15263-16742,790,1,523.0,286.0,271.0,356.25,inside_visible,703.9081621621622,843.0755945945946,1
i7GsJrDdCVU_15263-16742,790,2,973.7,50.1,311.0,389.0,inside_visible,723.4014999999999,852.5965,0
i7GsJrDdCVU_15263-16742,791,1,523.0,286.0,271.0,355.0,inside_visible,703.5297837837837,843.0215405405405,1
i7GsJrDdCVU_15263-16742,791,2,974.8,49.4,311.0,389.0,inside_visible,723.1003125,853.8013125,0
i7GsJrDdCVU_15263-16742,792,1,527.0,292.0,271.0,355.0,inside_visible,703.1514054054054,842.9674864864865,1
i7GsJrDdCVU_15263-16742,792,2,975.9,48.7,311.0000000000001,389.0,inside_visible,722.799125,855.006125,0
i7GsJrDdCVU_15263-16742,793,1,527.0,302.0,271.0,345.0,inside_visible,702.773027027027,842.9134324324324,1
i7GsJrDdCVU_15263-16742,793,2,977.0,48.0,311.0,389.0,inside_visible,722.4979375,856.2109375,0
i7GsJrDdCVU_15263-16742,794,1,526.8,302.24,270.94000000000005,345.04,inside_visible,702.3946486486486,842.8593783783783,1
i7GsJrDdCVU_15263-16742,794,2,980.4285714285714,48.0,310.9999999999999,389.0,inside_visible,722.19675,857.41575,0
i7GsJrDdCVU_15263-16742,795,1,526.6,302.48,270.88,345.0799999999999,inside_visible,702.0162702702703,842.8053243243244,1
i7GsJrDdCVU_15263-16742,795,2,983.8571428571428,48.0,311.0,389.0,inside_visible,721.8955625,858.6205625,0
i7GsJrDdCVU_15263-16742,796,1,526.4,302.72,270.82000000000005,345.12,inside_visible,701.6378918918919,842.7512702702703,1
i7GsJrDdCVU_15263-16742,796,2,987.2857142857144,48.0,310.9999999999999,389.0,inside_visible,721.594375,859.825375,0
i7GsJrDdCVU_15263-16742,797,1,526.2,302.96,270.76,345.16,inside_visible,701.2595135135135,842.6972162162162,1
i7GsJrDdCVU_15263-16742,797,2,990.7142857142856,48.0,311.0000000000001,389.0,inside_visible,721.2931874999999,861.0301875,0
i7GsJrDdCVU_15263-16742,798,1,526.0,303.2,270.70000000000005,345.2,inside_visible,700.8811351351351,842.6431621621622,1
i7GsJrDdCVU_15263-16742,798,2,994.1428571428572,48.0,311.0,389.0,inside_visible,720.992,862.235,0
i7GsJrDdCVU_15263-16742,799,1,525.8,303.44,270.6400000000001,345.23999999999995,inside_visible,700.5027567567568,842.5891081081081,1
i7GsJrDdCVU_15263-16742,799,2,997.5714285714286,48.0,311.0000000000001,389.0,inside_visible,719.558037735849,861.8953773584906,0
i7GsJrDdCVU_15263-16742,800,1,525.6,303.68,270.5799999999999,345.28000000000003,inside_visible,700.1243783783783,842.5350540540541,1
i7GsJrDdCVU_15263-16742,800,2,1001.0,48.0,311.0,389.0,inside_visible,718.1240754716981,861.5557547169811,0
i7GsJrDdCVU_15263-16742,801,1,525.4,303.92,270.52,345.32,inside_visible,699.746,842.481,1
i7GsJrDdCVU_15263-16742,801,2,1001.1960784313726,47.6078431372549,311.0,389.0,inside_visible,716.6901132075471,861.2161320754717,0
i7GsJrDdCVU_15263-16742,802,1,525.2,304.16,270.4599999999999,345.36,inside_visible,699.8903298969072,842.5428556701031,1
i7GsJrDdCVU_15263-16742,802,2,1001.3921568627452,47.21568627450981,311.0000000000001,389.0,inside_visible,715.2561509433962,860.8765094339623,0
i7GsJrDdCVU_15263-16742,803,1,525.0,304.4,270.4,345.4,inside_visible,700.0346597938144,842.6047113402062,1
i7GsJrDdCVU_15263-16742,803,2,1001.5882352941176,46.8235294117647,310.9999999999999,389.0,inside_visible,713.8221886792453,860.5368867924528,0
i7GsJrDdCVU_15263-16742,804,1,524.8,304.64,270.34000000000003,345.44000000000005,inside_visible,700.1789896907217,842.6665670103092,1
i7GsJrDdCVU_15263-16742,804,2,1001.7843137254902,46.431372549019606,311.0,389.0,inside_visible,712.3882264150943,860.1972641509434,0
i7GsJrDdCVU_15263-16742,805,1,524.6,304.88,270.28,345.48,inside_visible,700.3233195876288,842.7284226804123,1
i7GsJrDdCVU_15263-16742,805,2,1001.9803921568628,46.03921568627451,311.0,389.0,inside_visible,710.9542641509433,859.857641509434,0
i7GsJrDdCVU_15263-16742,806,1,524.4,305.12,270.22,345.52,inside_visible,700.4676494845361,842.7902783505155,1
i7GsJrDdCVU_15263-16742,806,2,1002.1764705882352,45.64705882352941,311.0000000000001,389.0,inside_visible,709.5203018867924,859.5180188679245,0
i7GsJrDdCVU_15263-16742,807,1,524.2,305.36,270.16,345.55999999999995,inside_visible,700.6119793814432,842.8521340206186,1
i7GsJrDdCVU_15263-16742,807,2,1002.3725490196078,45.25490196078432,310.9999999999999,389.0,inside_visible,708.0863396226415,859.1783962264151,0
i7GsJrDdCVU_15263-16742,808,1,524.0,305.6,270.1,345.6,inside_visible,700.7563092783505,842.9139896907217,1
i7GsJrDdCVU_15263-16742,808,2,1002.5686274509804,44.86274509803921,310.9999999999999,389.0,inside_visible,706.6523773584905,858.8387735849057,0
i7GsJrDdCVU_15263-16742,809,1,523.8,305.84,270.0400000000001,345.64000000000004,inside_visible,700.9006391752578,842.9758453608248,1
i7GsJrDdCVU_15263-16742,809,2,1002.7647058823528,44.47058823529412,311.0,389.0,inside_visible,705.2184150943395,858.4991509433962,0
i7GsJrDdCVU_15263-16742,810,1,523.6,306.08,269.98,345.68,inside_visible,701.0449690721649,843.0377010309278,1
i7GsJrDdCVU_15263-16742,810,2,1002.9607843137256,44.07843137254902,311.0,389.0,inside_visible,703.7844528301887,858.1595283018868,0
i7GsJrDdCVU_15263-16742,811,1,523.4,306.32,269.9200000000001,345.72,inside_visible,701.1892989690722,843.0995567010309,1
i7GsJrDdCVU_15263-16742,811,2,1003.156862745098,43.68627450980392,311.0000000000001,389.0,inside_visible,702.3504905660377,857.8199056603773,0
i7GsJrDdCVU_15263-16742,812,1,523.2,306.56,269.8599999999999,345.76000000000005,inside_visible,701.3336288659793,843.161412371134,1
i7GsJrDdCVU_15263-16742,812,2,1003.3529411764706,43.294117647058826,310.9999999999999,389.0,inside_visible,700.9165283018867,857.4802830188679,0
i7GsJrDdCVU_15263-16742,813,1,523.0,306.8,269.79999999999995,345.8,inside_visible,701.4779587628866,843.2232680412371,1
i7GsJrDdCVU_15263-16742,813,2,1003.5490196078432,42.90196078431373,311.0,389.0,inside_visible,699.4825660377359,857.1406603773585,0
i7GsJrDdCVU_15263-16742,814,1,522.8,307.04,269.74,345.84,inside_visible,701.6222886597938,843.2851237113402,1
i7GsJrDdCVU_15263-16742,814,2,1003.7450980392156,42.50980392156863,311.0,389.0,inside_visible,698.0486037735849,856.801037735849,0
i7GsJrDdCVU_15263-16742,815,1,522.6,307.28,269.67999999999995,345.88,inside_visible,701.766618556701,843.3469793814432,1
i7GsJrDdCVU_15263-16742,815,2,1003.9411764705884,42.11764705882353,311.0,389.0,inside_visible,696.6146415094339,856.4614150943396,0
i7GsJrDdCVU_15263-16742,816,1,522.4,307.52,269.62,345.9200000000001,inside_visible,701.9109484536083,843.4088350515464,1
i7GsJrDdCVU_15263-16742,816,2,1004.1372549019608,41.72549019607843,311.0000000000001,389.0,inside_visible,695.1806792452829,856.1217924528302,0
i7GsJrDdCVU_15263-16742,817,1,522.2,307.76,269.55999999999995,345.96000000000004,inside_visible,702.0552783505154,843.4706907216495,1
i7GsJrDdCVU_15263-16742,817,2,1004.3333333333334,41.333333333333336,310.9999999999999,389.0,inside_visible,693.7467169811321,855.7821698113207,0
i7GsJrDdCVU_15263-16742,818,1,522.0,308.0,269.5,346.0,inside_visible,702.1996082474227,843.5325463917526,1
i7GsJrDdCVU_15263-16742,818,2,1004.529411764706,40.94117647058823,311.0,389.0,inside_visible,692.3127547169811,855.4425471698113,0
i7GsJrDdCVU_15263-16742,819,1,521.8,308.24,269.44000000000005,346.04,inside_visible,702.3439381443299,843.5944020618557,1
i7GsJrDdCVU_15263-16742,819,2,1004.7254901960785,40.549019607843135,311.0,389.0,inside_visible,690.8787924528301,855.1029245283019,0
i7GsJrDdCVU_15263-16742,820,1,521.6,308.48,269.38,346.0799999999999,inside_visible,702.4882680412371,843.6562577319587,1
i7GsJrDdCVU_15263-16742,820,2,1004.9215686274508,40.15686274509804,311.0000000000001,389.0,inside_visible,689.4448301886792,854.7633018867924,0
i7GsJrDdCVU_15263-16742,821,1,521.4,308.72,269.32000000000005,346.12,inside_visible,702.6325979381443,843.7181134020618,1
i7GsJrDdCVU_15263-16742,821,2,1005.1176470588236,39.76470588235294,310.9999999999999,389.0,inside_visible,688.0108679245283,854.423679245283,0
i7GsJrDdCVU_15263-16742,822,1,521.2,308.96,269.26,346.16,inside_visible,702.7769278350515,843.7799690721649,1
i7GsJrDdCVU_15263-16742,822,2,1005.313725490196,39.372549019607845,310.9999999999999,389.0,inside_visible,686.5769056603773,854.0840566037735,0
i7GsJrDdCVU_15263-16742,823,1,521.0,309.2,269.20000000000005,346.2,inside_visible,702.9212577319587,843.841824742268,1
i7GsJrDdCVU_15263-16742,823,2,1005.5098039215686,38.98039215686275,311.0,389.0,inside_visible,685.1429433962264,853.7444339622641,0
i7GsJrDdCVU_15263-16742,824,1,520.8,309.44,269.1400000000001,346.23999999999995,inside_visible,703.065587628866,843.9036804123712,1
i7GsJrDdCVU_15263-16742,824,2,1005.7058823529412,38.588235294117645,311.0,389.0,inside_visible,683.7089811320755,853.4048113207547,0
i7GsJrDdCVU_15263-16742,825,1,520.6,309.68,269.0799999999999,346.28000000000003,inside_visible,703.2099175257732,843.9655360824743,1
i7GsJrDdCVU_15263-16742,825,2,1005.9019607843136,38.19607843137255,311.0000000000001,389.0,inside_visible,682.2750188679245,853.0651886792454,0
i7GsJrDdCVU_15263-16742,826,1,520.4,309.92,269.02,346.32,inside_visible,703.3542474226804,844.0273917525773,1
i7GsJrDdCVU_15263-16742,826,2,1006.0980392156864,37.80392156862745,310.9999999999999,389.0,inside_visible,680.8410566037735,852.7255660377359,0
i7GsJrDdCVU_15263-16742,827,1,520.2,310.16,268.9599999999999,346.36,inside_visible,703.4985773195876,844.0892474226804,1
i7GsJrDdCVU_15263-16742,827,2,1006.2941176470588,37.41176470588236,311.0,389.0,inside_visible,679.4070943396226,852.3859433962265,0
i7GsJrDdCVU_15263-16742,828,1,520.0,310.4,268.9,346.4,inside_visible,703.6429072164948,844.1511030927835,1
i7GsJrDdCVU_15263-16742,828,2,1006.4901960784314,37.01960784313725,311.0,389.0,inside_visible,677.9731320754717,852.046320754717,0
i7GsJrDdCVU_15263-16742,829,1,519.8,310.64,268.84000000000003,346.44000000000005,inside_visible,703.787237113402,844.2129587628866,1
i7GsJrDdCVU_15263-16742,829,2,1006.686274509804,36.62745098039216,311.0000000000001,389.0,inside_visible,676.5391698113207,851.7066981132076,0
i7GsJrDdCVU_15263-16742,830,1,519.6,310.88,268.78,346.48,inside_visible,703.9315670103092,844.2748144329897,1
i7GsJrDdCVU_15263-16742,830,2,1006.8823529411764,36.23529411764706,311.0000000000001,389.0,inside_visible,675.1052075471698,851.3670754716982,0
i7GsJrDdCVU_15263-16742,831,1,519.4,311.12,268.72,346.52,inside_visible,704.0758969072165,844.3366701030927,1
i7GsJrDdCVU_15263-16742,831,2,1007.0784313725492,35.84313725490196,310.9999999999999,389.0,inside_visible,673.6712452830188,851.0274528301887,0
i7GsJrDdCVU_15263-16742,832,1,519.2,311.36,268.66,346.55999999999995,inside_visible,704.2202268041237,844.3985257731958,1
i7GsJrDdCVU_15263-16742,832,2,1007.2745098039215,35.450980392156865,311.0,389.0,inside_visible,672.2372830188679,850.6878301886793,0
i7GsJrDdCVU_15263-16742,833,1,519.0,311.6,268.6,346.6,inside_visible,704.3645567010309,844.460381443299,1
i7GsJrDdCVU_15263-16742,833,2,1007.470588235294,35.05882352941177,311.0,389.0,inside_visible,670.803320754717,850.3482075471699,0
i7GsJrDdCVU_15263-16742,834,1,518.8,311.84,268.5400000000001,346.64000000000004,inside_visible,704.5088865979382,844.5222371134021,1
i7GsJrDdCVU_15263-16742,834,2,1007.6666666666666,34.66666666666667,311.0000000000001,389.0,inside_visible,669.369358490566,850.0085849056604,0
i7GsJrDdCVU_15263-16742,835,1,518.6,312.08,268.48,346.68,inside_visible,704.6532164948453,844.5840927835052,1
i7GsJrDdCVU_15263-16742,835,2,1007.8627450980392,34.27450980392157,310.9999999999999,389.0,inside_visible,667.935396226415,849.668962264151,0
i7GsJrDdCVU_15263-16742,836,1,518.4,312.32,268.4200000000001,346.72,inside_visible,704.7975463917526,844.6459484536083,1
i7GsJrDdCVU_15263-16742,836,2,1008.0588235294116,33.88235294117647,311.0,389.0,inside_visible,666.5014339622642,849.3293396226416,0
i7GsJrDdCVU_15263-16742,837,1,518.2,312.56,268.3599999999999,346.76000000000005,inside_visible,704.9418762886597,844.7078041237113,1
i7GsJrDdCVU_15263-16742,837,2,1008.2549019607844,33.490196078431374,311.0,389.0,inside_visible,665.0674716981132,848.9897169811321,0
i7GsJrDdCVU_15263-16742,838,1,518.0,312.8,268.29999999999995,346.8,inside_visible,705.086206185567,844.7696597938144,1
i7GsJrDdCVU_15263-16742,838,2,1008.4509803921568,33.09803921568627,311.0,389.0,inside_visible,663.6335094339622,848.6500943396227,0
i7GsJrDdCVU_15263-16742,839,1,517.8,313.04,268.24,346.84,inside_visible,705.2305360824743,844.8315154639175,1
i7GsJrDdCVU_15263-16742,839,2,1008.6470588235294,32.705882352941174,311.0000000000001,389.0,inside_visible,662.1995471698112,848.3104716981132,0
i7GsJrDdCVU_15263-16742,840,1,517.6,313.28,268.17999999999995,346.88,inside_visible,705.3748659793814,844.8933711340206,1
i7GsJrDdCVU_15263-16742,840,2,1008.843137254902,32.31372549019608,310.9999999999999,389.0,inside_visible,660.7655849056604,847.9708490566038,0
i7GsJrDdCVU_15263-16742,841,1,517.4,313.52,268.12,346.9200000000001,inside_visible,705.5191958762887,844.9552268041238,1
i7GsJrDdCVU_15263-16742,841,2,1009.0392156862744,31.92156862745098,311.0,389.0,inside_visible,659.3316226415094,847.6312264150944,0
i7GsJrDdCVU_15263-16742,842,1,517.2,313.76,268.05999999999995,346.96000000000004,inside_visible,705.6635257731958,845.0170824742268,1
i7GsJrDdCVU_15263-16742,842,2,1009.2352941176472,31.529411764705884,311.0,389.0,inside_visible,657.8976603773584,847.2916037735849,0
i7GsJrDdCVU_15263-16742,843,1,517.0,314.0,268.0,347.0,inside_visible,705.8078556701031,845.0789381443299,1
i7GsJrDdCVU_15263-16742,843,2,1009.4313725490196,31.137254901960784,311.0000000000001,389.0,gaze_shift,656.4636981132076,846.9519811320755,0
i7GsJrDdCVU_15263-16742,844,1,516.6206896551724,314.0,268.3793103448276,347.0,inside_visible,705.9521855670102,845.140793814433,1
i7GsJrDdCVU_15263-16742,844,2,1009.6274509803922,30.745098039215684,311.0000000000001,389.0,gaze_shift,655.0297358490566,846.6123584905661,0
i7GsJrDdCVU_15263-16742,845,1,516.2413793103449,314.0,268.7586206896551,347.0,inside_visible,706.0965154639175,845.2026494845361,1
i7GsJrDdCVU_15263-16742,845,2,1009.8235294117648,30.352941176470587,310.9999999999999,389.0,gaze_shift,653.5957735849056,846.2727358490566,0
i7GsJrDdCVU_15263-16742,846,1,515.8620689655172,314.0,269.1379310344828,347.0,inside_visible,706.2408453608248,845.2645051546392,1
i7GsJrDdCVU_15263-16742,846,2,1010.0196078431372,29.96078431372549,311.0,389.0,gaze_shift,652.1618113207546,845.9331132075472,0
i7GsJrDdCVU_15263-16742,847,1,515.4827586206897,314.0,269.51724137931035,347.0,inside_visible,706.3851752577319,845.3263608247422,1
i7GsJrDdCVU_15263-16742,847,2,1010.2156862745098,29.568627450980397,311.0,389.0,gaze_shift,650.7278490566038,845.5934905660378,0
i7GsJrDdCVU_15263-16742,848,1,515.1034482758621,314.0,269.8965517241379,347.0,inside_visible,706.5295051546392,845.3882164948453,1
i7GsJrDdCVU_15263-16742,848,2,1010.4117647058824,29.176470588235293,311.0000000000001,389.0,gaze_shift,649.2938867924528,845.2538679245283,0
i7GsJrDdCVU_15263-16742,849,1,514.7241379310345,314.0,270.27586206896547,347.0,inside_visible,706.6738350515463,845.4500721649484,1
i7GsJrDdCVU_15263-16742,849,2,1010.6078431372548,28.7843137254902,310.9999999999999,389.0,gaze_shift,647.8599245283018,844.9142452830189,0
i7GsJrDdCVU_15263-16742,850,1,514.3448275862069,314.0,270.65517241379314,347.0,inside_visible,706.8181649484536,845.5119278350516,1
i7GsJrDdCVU_15263-16742,850,2,1010.8039215686274,28.3921568627451,311.0,389.0,gaze_shift,646.4259622641509,844.5746226415094,0
i7GsJrDdCVU_15263-16742,851,1,513.9655172413793,314.0,271.0344827586207,347.0,inside_visible,706.9624948453608,845.5737835051547,1
i7GsJrDdCVU_15263-16742,851,2,1011.0,28.0,311.0,389.0,inside_visible,644.992,844.235,0
i7GsJrDdCVU_15263-16742,852,1,513.5862068965517,314.0,271.41379310344826,347.0,inside_visible,707.106824742268,845.6356391752578,1
i7GsJrDdCVU_15263-16742,852,2,1011.4,28.4,311.0000000000001,389.0,inside_visible,646.825375,844.1410625,0
i7GsJrDdCVU_15263-16742,853,1,513.2068965517242,314.0,271.7931034482758,347.0,inside_visible,707.2511546391752,845.6974948453608,1
i7GsJrDdCVU_15263-16742,853,2,1011.8,28.8,311.0,389.0,inside_visible,648.6587499999999,844.047125,0
i7GsJrDdCVU_15263-16742,854,1,512.8275862068965,314.0,272.1724137931035,347.0,inside_visible,707.3954845360824,845.7593505154639,1
i7GsJrDdCVU_15263-16742,854,2,1012.2,29.2,311.0,389.0,inside_visible,650.492125,843.9531875,0
i7GsJrDdCVU_15263-16742,855,1,512.448275862069,314.0,272.55172413793105,347.0,inside_visible,707.5398144329897,845.821206185567,1
i7GsJrDdCVU_15263-16742,855,2,1012.6,29.6,310.9999999999999,389.0,inside_visible,652.3254999999999,843.85925,0
i7GsJrDdCVU_15263-16742,856,1,512.0689655172414,314.0,272.9310344827586,347.0,inside_visible,707.6841443298969,845.8830618556701,1
i7GsJrDdCVU_15263-16742,856,2,1013.0,30.0,311.0,389.0,inside_visible,654.158875,843.7653125,0
i7GsJrDdCVU_15263-16742,857,1,511.6896551724138,314.0,273.3103448275862,347.0,inside_visible,707.8284742268041,845.9449175257732,1
i7GsJrDdCVU_15263-16742,857,2,1013.4,30.4,311.0000000000001,389.0,inside_visible,655.99225,843.671375,0
i7GsJrDdCVU_15263-16742,858,1,511.3103448275862,314.0,273.6896551724138,347.0,inside_visible,707.9728041237113,846.0067731958762,1
i7GsJrDdCVU_15263-16742,858,2,1013.8,30.8,311.0,389.0,inside_visible,657.825625,843.5774375,0
i7GsJrDdCVU_15263-16742,859,1,510.9310344827586,314.0,274.0689655172414,347.0,inside_visible,708.1171340206186,846.0686288659793,1
i7GsJrDdCVU_15263-16742,859,2,1014.2,31.2,311.0,389.0,inside_visible,659.659,843.4835,0
i7GsJrDdCVU_15263-16742,860,1,510.5517241379311,314.0,274.4482758620689,347.0,inside_visible,708.2614639175257,846.1304845360825,1
i7GsJrDdCVU_15263-16742,860,2,1014.6,31.6,310.9999999999999,389.0,inside_visible,661.492375,843.3895625,0
i7GsJrDdCVU_15263-16742,861,1,510.1724137931034,314.0,274.82758620689657,347.0,inside_visible,708.405793814433,846.1923402061856,1
i7GsJrDdCVU_15263-16742,861,2,1015.0,32.0,311.0,389.0,inside_visible,663.32575,843.295625,0
i7GsJrDdCVU_15263-16742,862,1,509.7931034482759,314.0,275.2068965517241,347.0,inside_visible,708.5501237113402,846.2541958762887,1
i7GsJrDdCVU_15263-16742,862,2,1014.5384615384615,33.84615384615385,310.9999999999999,389.0,inside_visible,665.159125,843.2016874999999,0
i7GsJrDdCVU_15263-16742,863,1,509.41379310344826,314.0,275.58620689655174,347.0,inside_visible,708.6944536082474,846.3160515463917,1
i7GsJrDdCVU_15263-16742,863,2,1014.0769230769232,35.69230769230769,311.0,389.0,inside_visible,666.9925000000001,843.10775,0
i7GsJrDdCVU_15263-16742,864,1,509.0344827586207,314.0,275.9655172413793,347.0,inside_visible,708.8387835051547,846.3779072164948,1
i7GsJrDdCVU_15263-16742,864,2,1013.6153846153846,37.53846153846154,310.9999999999999,389.0,inside_visible,668.825875,843.0138125,0
i7GsJrDdCVU_15263-16742,865,1,508.6551724137931,314.0,276.3448275862069,347.0,inside_visible,708.9831134020618,846.4397628865979,1
i7GsJrDdCVU_15263-16742,865,2,1013.1538461538462,39.38461538461539,311.0,389.0,inside_visible,670.65925,842.9198749999999,0
i7GsJrDdCVU_15263-16742,866,1,508.2758620689655,314.0,276.7241379310345,347.0,inside_visible,709.1274432989691,846.501618556701,1
i7GsJrDdCVU_15263-16742,866,2,1012.6923076923076,41.23076923076923,310.9999999999999,389.0,inside_visible,672.492625,842.8259375,0
i7GsJrDdCVU_15263-16742,867,1,507.8965517241379,314.0,277.1034482758621,347.0,inside_visible,709.2717731958762,846.5634742268041,1
i7GsJrDdCVU_15263-16742,867,2,1012.2307692307692,43.07692307692308,311.0,389.0,inside_visible,674.326,842.732,0
i7GsJrDdCVU_15263-16742,868,1,507.5172413793104,314.0,277.48275862068965,347.0,inside_visible,709.4161030927835,846.6253298969073,1
i7GsJrDdCVU_15263-16742,868,2,1011.7692307692308,44.92307692307692,311.0,389.0,inside_visible,718.659,849.013,0
i7GsJrDdCVU_15263-16742,869,1,507.13793103448273,314.0,277.86206896551727,347.0,inside_visible,709.5604329896908,846.6871855670103,1
i7GsJrDdCVU_15263-16742,869,2,1011.3076923076924,46.76923076923077,311.0000000000001,389.0,inside_visible,722.992,866.235,0
i7GsJrDdCVU_15263-16742,870,1,506.7586206896552,314.0,278.2413793103448,347.0,inside_visible,709.7047628865979,846.7490412371134,1
i7GsJrDdCVU_15263-16742,870,2,1010.8461538461538,48.61538461538461,311.0,389.0,inside_visible,724.4532857142857,864.271,0
i7GsJrDdCVU_15263-16742,871,1,506.3793103448276,314.0,278.62068965517244,347.0,inside_visible,709.8490927835052,846.8108969072165,1
i7GsJrDdCVU_15263-16742,871,2,1010.3846153846154,50.46153846153847,311.0000000000001,389.0,inside_visible,725.9145714285714,862.307,0
i7GsJrDdCVU_15263-16742,872,1,506.0,314.0,279.0,347.0,inside_visible,709.9934226804123,846.8727525773196,1
i7GsJrDdCVU_15263-16742,872,2,1009.9230769230768,52.30769230769231,311.0,389.0,inside_visible,727.3758571428572,860.3430000000001,0
i7GsJrDdCVU_15263-16742,873,1,506.0,312.4,277.4,346.4,inside_visible,710.1377525773196,846.9346082474227,1
i7GsJrDdCVU_15263-16742,873,2,1009.4615384615385,54.15384615384615,311.0000000000001,389.0,inside_visible,728.8371428571428,858.379,0
i7GsJrDdCVU_15263-16742,874,1,506.0,310.8,275.79999999999995,345.8,inside_visible,710.2820824742267,846.9964639175257,1
i7GsJrDdCVU_15263-16742,874,2,1009.0,56.0,311.0,389.0,inside_visible,730.2984285714285,856.415,0
i7GsJrDdCVU_15263-16742,875,1,506.0,309.2,274.20000000000005,345.2,inside_visible,710.426412371134,847.0583195876288,1
i7GsJrDdCVU_15263-16742,875,2,1005.0,57.0,311.0,389.0,inside_visible,731.7597142857143,854.451,0
i7GsJrDdCVU_15263-16742,876,1,506.0,307.6,272.6,344.6,inside_visible,710.5707422680413,847.120175257732,1
i7GsJrDdCVU_15263-16742,876,2,1001.0,58.0,311.0,389.0,inside_visible,733.221,852.4870000000001,0
i7GsJrDdCVU_15263-16742,877,1,506.0,306.0,271.0,344.0,inside_visible,710.7150721649484,847.1820309278351,1
i7GsJrDdCVU_15263-16742,877,2,997.0,59.0,311.0,389.0,inside_visible,734.6822857142857,850.523,0
i7GsJrDdCVU_15263-16742,878,1,507.1,304.9,271.0,344.0,inside_visible,710.8594020618557,847.2438865979382,1
i7GsJrDdCVU_15263-16742,878,2,993.0,60.0,311.0,389.0,inside_visible,736.1435714285715,848.559,0
i7GsJrDdCVU_15263-16742,879,1,508.2,303.8,271.00000000000006,343.99999999999994,inside_visible,711.0037319587628,847.3057422680413,1
i7GsJrDdCVU_15263-16742,879,2,993.952380952381,59.42857142857143,311.0,389.0,inside_visible,737.6048571428572,846.595,0
i7GsJrDdCVU_15263-16742,880,1,509.3,302.7,270.99999999999994,344.00000000000006,inside_visible,711.1480618556701,847.3675979381443,1
i7GsJrDdCVU_15263-16742,880,2,994.904761904762,58.85714285714285,311.0,389.0,inside_visible,739.0661428571428,844.6310000000001,0
i7GsJrDdCVU_15263-16742,881,1,510.4,301.6,271.0,344.0,inside_visible,711.2923917525773,847.4294536082474,1
i7GsJrDdCVU_15263-16742,881,2,995.8571428571428,58.285714285714285,311.0,389.0,inside_visible,740.5274285714286,842.667,0
i7GsJrDdCVU_15263-16742,882,1,511.5,300.5,271.0,344.0,inside_visible,711.4367216494845,847.4913092783505,1
i7GsJrDdCVU_15263-16742,882,2,996.809523809524,57.71428571428572,311.0,389.0,inside_visible,741.9887142857143,840.703,0
i7GsJrDdCVU_15263-16742,883,1,512.6,299.4,271.0,344.0,inside_visible,711.5810515463918,847.5531649484536,1
i7GsJrDdCVU_15263-16742,883,2,997.7619047619048,57.142857142857146,311.0,389.0,inside_visible,743.45,838.739,0
i7GsJrDdCVU_15263-16742,884,1,513.7,298.3,271.0,343.99999999999994,inside_visible,711.7253814432989,847.6150206185567,1
i7GsJrDdCVU_15263-16742,884,2,998.7142857142856,56.57142857142857,311.0000000000001,389.0,inside_visible,743.033265625,838.653,0
i7GsJrDdCVU_15263-16742,885,1,514.8,297.2,271.0,344.00000000000006,inside_visible,711.8697113402062,847.6768762886597,1
i7GsJrDdCVU_15263-16742,885,2,999.6666666666666,56.0,311.0000000000001,389.0,inside_visible,742.6165312500001,838.567,0
i7GsJrDdCVU_15263-16742,886,1,515.9,296.1,271.0,344.0,inside_visible,712.0140412371134,847.7387319587629,1
i7GsJrDdCVU_15263-16742,886,2,1000.6190476190476,55.42857142857143,311.0000000000001,389.0,inside_visible,742.1997968750001,838.481,0
i7GsJrDdCVU_15263-16742,887,1,517.0,295.0,271.0,344.0,inside_visible,712.1583711340206,847.800587628866,1
i7GsJrDdCVU_15263-16742,887,2,1001.5714285714286,54.85714285714286,311.0000000000001,389.0,inside_visible,741.7830625,838.395,0
i7GsJrDdCVU_15263-16742,888,1,518.1,294.4,271.0,344.0,inside_visible,712.3027010309278,847.8624432989691,1
i7GsJrDdCVU_15263-16742,888,2,1002.5238095238096,54.285714285714285,311.0000000000001,389.0,inside_visible,741.366328125,838.3090000000001,0
i7GsJrDdCVU_15263-16742,889,1,519.2,293.8,271.0,343.99999999999994,inside_visible,712.447030927835,847.9242989690722,1
i7GsJrDdCVU_15263-16742,889,2,1003.4761904761904,53.71428571428572,310.9999999999999,389.0,inside_visible,740.9495937500001,838.2230000000001,0
i7GsJrDdCVU_15263-16742,890,1,520.3,293.2,271.0,344.00000000000006,inside_visible,712.5913608247422,847.9861546391752,1
i7GsJrDdCVU_15263-16742,890,2,1004.4285714285714,53.142857142857146,310.9999999999999,389.0,inside_visible,740.532859375,838.1370000000001,0
i7GsJrDdCVU_15263-16742,891,1,521.4,292.6,271.0,344.0,inside_visible,712.7356907216495,848.0480103092783,1
i7GsJrDdCVU_15263-16742,891,2,1005.3809523809524,52.57142857142857,310.9999999999999,389.0,inside_visible,740.116125,838.051,0
i7GsJrDdCVU_15263-16742,892,1,522.5,292.0,271.0,344.0,inside_visible,712.8800206185567,848.1098659793814,1
i7GsJrDdCVU_15263-16742,892,2,1006.3333333333334,52.0,310.9999999999999,389.0,inside_visible,739.6993906250001,837.965,0
i7GsJrDdCVU_15263-16742,893,1,523.6,291.4,271.0,344.0,inside_visible,713.0243505154639,848.1717216494845,1
i7GsJrDdCVU_15263-16742,893,2,1007.2857142857144,51.42857142857143,310.9999999999999,389.0,inside_visible,739.2826562500001,837.879,0
i7GsJrDdCVU_15263-16742,894,1,524.7,290.8,271.0,343.99999999999994,inside_visible,713.1686804123711,848.2335773195877,1
i7GsJrDdCVU_15263-16742,894,2,1008.2380952380952,50.85714285714286,311.0,389.0,inside_visible,738.865921875,837.793,0
i7GsJrDdCVU_15263-16742,895,1,525.8,290.2,271.0,344.00000000000006,inside_visible,713.3130103092783,848.2954329896908,1
i7GsJrDdCVU_15263-16742,895,2,1009.190476190476,50.285714285714285,311.0,389.0,inside_visible,738.4491875,837.707,0
i7GsJrDdCVU_15263-16742,896,1,526.9,289.6,271.0,344.0,inside_visible,713.4573402061856,848.3572886597938,1
i7GsJrDdCVU_15263-16742,896,2,1010.1428571428572,49.71428571428572,311.0,389.0,inside_visible,738.0324531250001,837.621,0
i7GsJrDdCVU_15263-16742,897,1,528.0,289.0,271.0,344.0,inside_visible,713.6016701030927,848.4191443298969,1
i7GsJrDdCVU_15263-16742,897,2,1011.095238095238,49.14285714285714,311.0,389.0,inside_visible,737.61571875,837.5350000000001,0
i7GsJrDdCVU_15263-16742,898,1,531.4,289.0,271.0,344.0,inside_visible,713.746,848.481,1
i7GsJrDdCVU_15263-16742,898,2,1012.047619047619,48.57142857142857,311.0,389.0,inside_visible,737.198984375,837.4490000000001,0
i7GsJrDdCVU_15263-16742,899,1,534.8,289.0,271.0,344.0,inside_visible,717.346,848.481,1
i7GsJrDdCVU_15263-16742,899,2,1013.0,48.0,311.0,389.0,inside_visible,736.78225,837.363,0
i7GsJrDdCVU_15263-16742,900,1,538.2,289.0,271.0,344.0,inside_visible,720.946,848.481,1
i7GsJrDdCVU_15263-16742,900,2,1015.5714285714286,46.285714285714285,311.0000000000001,389.0,inside_visible,736.3655156250001,837.277,0
i7GsJrDdCVU_15263-16742,901,1,541.6,289.0,271.0,344.0,inside_visible,724.5459999999999,848.481,1
i7GsJrDdCVU_15263-16742,901,2,1018.1428571428572,44.57142857142857,311.0,389.0,inside_visible,735.94878125,837.191,0
i7GsJrDdCVU_15263-16742,902,1,545.0,289.0,271.0,344.0,inside_visible,728.146,848.481,1
i7GsJrDdCVU_15263-16742,902,2,1020.7142857142856,42.85714285714286,311.0000000000001,389.0,inside_visible,735.532046875,837.105,0
i7GsJrDdCVU_15263-16742,903,1,546.5555555555555,289.6666666666667,271.0,343.99999999999994,inside_visible,731.746,848.481,1
i7GsJrDdCVU_15263-16742,903,2,1023.2857142857144,41.142857142857146,310.9999999999999,389.0,inside_visible,735.1153125000001,837.019,0
i7GsJrDdCVU_15263-16742,904,1,548.1111111111111,290.3333333333333,271.0,344.00000000000006,inside_visible,731.746,848.408927927928,1
i7GsJrDdCVU_15263-16742,904,2,1025.857142857143,39.42857142857143,311.0,389.0,inside_visible,734.698578125,836.933,0
i7GsJrDdCVU_15263-16742,905,1,549.6666666666666,291.0,271.0,344.0,inside_visible,731.746,848.3368558558559,1
i7GsJrDdCVU_15263-16742,905,2,1028.428571428571,37.71428571428572,311.0,389.0,inside_visible,734.28184375,836.847,0
i7GsJrDdCVU_15263-16742,906,1,551.2222222222222,291.6666666666667,271.0,343.99999999999994,inside_visible,731.746,848.2647837837837,1
i7GsJrDdCVU_15263-16742,906,2,1031.0,36.0,311.0,389.0,inside_visible,733.865109375,836.7610000000001,0
i7GsJrDdCVU_15263-16742,907,1,552.7777777777778,292.3333333333333,271.0,344.00000000000006,inside_visible,731.746,848.1927117117117,1
i7GsJrDdCVU_15263-16742,907,2,1031.5882352941176,36.35294117647059,311.0,389.0,inside_visible,733.448375,836.6750000000001,0
i7GsJrDdCVU_15263-16742,908,1,554.3333333333334,293.0,271.0,344.0,inside_visible,731.746,848.1206396396396,1
i7GsJrDdCVU_15263-16742,908,2,1032.1764705882354,36.70588235294117,311.0,389.0,inside_visible,733.031640625,836.589,0
i7GsJrDdCVU_15263-16742,909,1,555.8888888888889,293.6666666666667,271.0,343.99999999999994,inside_visible,731.746,848.0485675675676,1
i7GsJrDdCVU_15263-16742,909,2,1032.764705882353,37.05882352941177,311.0,389.0,inside_visible,732.61490625,836.503,0
i7GsJrDdCVU_15263-16742,910,1,557.4444444444445,294.3333333333333,271.0,344.00000000000006,inside_visible,731.746,847.9764954954954,1
i7GsJrDdCVU_15263-16742,910,2,1033.3529411764705,37.41176470588236,311.0,389.0,inside_visible,732.1981718750001,836.417,0
i7GsJrDdCVU_15263-16742,911,1,559.0,295.0,271.0,344.0,inside_visible,731.746,847.9044234234234,1
i7GsJrDdCVU_15263-16742,911,2,1033.9411764705883,37.76470588235294,311.0,389.0,inside_visible,731.7814375,836.331,0
i7GsJrDdCVU_15263-16742,912,1,559.0588235294117,295.2156862745098,271.0,344.00000000000006,inside_visible,731.746,847.8323513513513,1
i7GsJrDdCVU_15263-16742,912,2,1034.529411764706,38.11764705882353,311.0,389.0,inside_visible,731.364703125,836.245,0
i7GsJrDdCVU_15263-16742,913,1,559.1176470588235,295.4313725490196,271.0,343.99999999999994,inside_visible,731.746,847.7602792792793,1
i7GsJrDdCVU_15263-16742,913,2,1035.1176470588234,38.47058823529412,311.0,389.0,inside_visible,730.94796875,836.159,0
i7GsJrDdCVU_15263-16742,914,1,559.1764705882352,295.6470588235294,271.0,344.0,inside_visible,731.746,847.6882072072073,1
i7GsJrDdCVU_15263-16742,914,2,1035.7058823529412,38.8235294117647,311.0,389.0,inside_visible,730.531234375,836.073,0
i7GsJrDdCVU_15263-16742,915,1,559.2352941176471,295.8627450980392,271.0,344.0,inside_visible,731.746,847.6161351351351,1
i7GsJrDdCVU_15263-16742,915,2,1036.2941176470588,39.1764705882353,311.0,389.0,inside_visible,730.1145,835.9870000000001,0
i7GsJrDdCVU_15263-16742,916,1,559.2941176470588,296.078431372549,271.0,344.00000000000006,inside_visible,731.746,847.544063063063,1
i7GsJrDdCVU_15263-16742,916,2,1036.8823529411766,39.52941176470589,311.0,389.0,inside_visible,729.697765625,835.9010000000001,0
i7GsJrDdCVU_15263-16742,917,1,559.3529411764706,296.29411764705884,271.0,343.99999999999994,inside_visible,731.746,847.471990990991,1
i7GsJrDdCVU_15263-16742,917,2,1037.470588235294,39.88235294117647,311.0,389.0,inside_visible,729.2810312500001,835.815,0
i7GsJrDdCVU_15263-16742,918,1,559.4117647058823,296.5098039215686,271.0,344.0,inside_visible,731.746,847.399918918919,1
i7GsJrDdCVU_15263-16742,918,2,1038.0588235294117,40.23529411764706,311.0,389.0,inside_visible,728.864296875,835.729,0
i7GsJrDdCVU_15263-16742,919,1,559.4705882352941,296.72549019607845,271.0,344.0,inside_visible,731.746,847.3278468468468,1
i7GsJrDdCVU_15263-16742,919,2,1038.6470588235295,40.588235294117645,311.0,389.0,inside_visible,728.4475625,835.643,0
i7GsJrDdCVU_15263-16742,920,1,559.5294117647059,296.94117647058823,271.0,344.00000000000006,inside_visible,731.746,847.2557747747747,1
i7GsJrDdCVU_15263-16742,920,2,1039.235294117647,40.94117647058823,311.0,389.0,inside_visible,728.030828125,835.557,0
i7GsJrDdCVU_15263-16742,921,1,559.5882352941177,297.15686274509807,271.0,343.99999999999994,inside_visible,731.746,847.1837027027027,1
i7GsJrDdCVU_15263-16742,921,2,1039.8235294117646,41.294117647058826,311.0,389.0,inside_visible,727.61409375,835.471,0
i7GsJrDdCVU_15263-16742,922,1,559.6470588235294,297.37254901960785,271.0,344.0,inside_visible,731.746,847.1116306306307,1
i7GsJrDdCVU_15263-16742,922,2,1040.4117647058824,41.64705882352941,311.0,389.0,inside_visible,727.197359375,835.385,0
i7GsJrDdCVU_15263-16742,923,1,559.7058823529412,297.5882352941176,271.0,344.00000000000006,inside_visible,731.746,847.0395585585585,1
i7GsJrDdCVU_15263-16742,923,2,1041.0,42.0,311.0,389.0,inside_visible,726.780625,835.299,0
i7GsJrDdCVU_15263-16742,924,1,559.7647058823529,297.80392156862746,271.0,343.99999999999994,inside_visible,731.746,846.9674864864865,1
i7GsJrDdCVU_15263-16742,924,2,1040.8695652173913,42.26086956521739,311.0,389.0,inside_visible,726.3638906250001,835.213,0
i7GsJrDdCVU_15263-16742,925,1,559.8235294117648,298.01960784313724,271.0,344.0,inside_visible,731.746,846.8954144144144,1
i7GsJrDdCVU_15263-16742,925,2,1040.7391304347825,42.52173913043478,311.0,389.0,inside_visible,725.94715625,835.1270000000001,0
i7GsJrDdCVU_15263-16742,926,1,559.8823529411765,298.2352941176471,271.0,344.0,inside_visible,731.746,846.8233423423424,1
i7GsJrDdCVU_15263-16742,926,2,1040.608695652174,42.78260869565217,311.0,389.0,inside_visible,725.530421875,835.041,0
i7GsJrDdCVU_15263-16742,927,1,559.9411764705883,298.45098039215685,271.0,344.00000000000006,inside_visible,731.746,846.7512702702703,1
i7GsJrDdCVU_15263-16742,927,2,1040.4782608695652,43.04347826086956,311.0,389.0,inside_visible,725.1136875,834.955,0
i7GsJrDdCVU_15263-16742,928,1,560.0,298.6666666666667,271.0,343.99999999999994,inside_visible,731.746,846.6791981981982,1
i7GsJrDdCVU_15263-16742,928,2,1040.3478260869565,43.30434782608695,311.0,389.0,inside_visible,724.696953125,834.869,0
i7GsJrDdCVU_15263-16742,929,1,560.0588235294117,298.88235294117646,271.0,344.0,inside_visible,731.746,846.6071261261261,1
i7GsJrDdCVU_15263-16742,929,2,1040.2173913043478,43.56521739130434,311.0,389.0,inside_visible,724.28021875,834.783,0
i7GsJrDdCVU_15263-16742,930,1,560.1176470588235,299.0980392156863,271.0,344.0,inside_visible,731.746,846.5350540540541,1
i7GsJrDdCVU_15263-16742,930,2,1040.0869565217392,43.82608695652174,311.0,389.0,inside_visible,723.863484375,834.697,0
i7GsJrDdCVU_15263-16742,931,1,560.1764705882352,299.3137254901961,271.0,344.00000000000006,inside_visible,731.746,846.462981981982,1
i7GsJrDdCVU_15263-16742,931,2,1039.9565217391305,44.08695652173913,311.0,389.0,inside_visible,723.4467500000001,834.611,0
i7GsJrDdCVU_15263-16742,932,1,560.2352941176471,299.52941176470586,271.0,344.0,inside_visible,731.746,846.3909099099099,1
i7GsJrDdCVU_15263-16742,932,2,1039.8260869565215,44.34782608695652,311.0,389.0,inside_visible,723.030015625,834.525,0
i7GsJrDdCVU_15263-16742,933,1,560.2941176470588,299.7450980392157,271.0,344.0,inside_visible,731.746,846.3188378378378,1
i7GsJrDdCVU_15263-16742,933,2,1039.695652173913,44.60869565217392,311.0,389.0,inside_visible,722.61328125,834.439,0
i7GsJrDdCVU_15263-16742,934,1,560.3529411764706,299.96078431372547,271.0,344.00000000000006,inside_visible,731.746,846.2467657657658,1
i7GsJrDdCVU_15263-16742,934,2,1039.5652173913045,44.869565217391305,311.0,389.0,inside_visible,722.196546875,834.3530000000001,0
i7GsJrDdCVU_15263-16742,935,1,560.4117647058823,300.1764705882353,271.0,343.99999999999994,inside_visible,731.746,846.1746936936937,1
i7GsJrDdCVU_15263-16742,935,2,1039.4347826086955,45.130434782608695,311.0,389.0,inside_visible,721.7798125,834.267,0
i7GsJrDdCVU_15263-16742,936,1,560.4705882352941,300.3921568627451,271.0,344.0,inside_visible,731.746,846.1026216216217,1
i7GsJrDdCVU_15263-16742,936,2,1039.304347826087,45.391304347826086,311.0,389.0,inside_visible,721.363078125,834.181,0
i7GsJrDdCVU_15263-16742,937,1,560.5294117647059,300.6078431372549,271.0,344.0,inside_visible,731.746,846.0305495495495,1
i7GsJrDdCVU_15263-16742,937,2,1039.1739130434785,45.65217391304348,311.0,389.0,inside_visible,720.94634375,834.095,0
i7GsJrDdCVU_15263-16742,938,1,560.5882352941177,300.8235294117647,271.0,344.00000000000006,inside_visible,731.746,845.9584774774775,1
i7GsJrDdCVU_15263-16742,938,2,1039.0434782608695,45.91304347826087,311.0,389.0,inside_visible,720.529609375,834.009,0
i7GsJrDdCVU_15263-16742,939,1,560.6470588235294,301.03921568627453,271.0,343.99999999999994,inside_visible,731.746,845.8864054054054,1
i7GsJrDdCVU_15263-16742,939,2,1038.9130434782608,46.17391304347826,311.0,389.0,inside_visible,720.112875,833.923,0
i7GsJrDdCVU_15263-16742,940,1,560.7058823529412,301.2549019607843,271.0,344.0,inside_visible,731.746,845.8143333333334,1
i7GsJrDdCVU_15263-16742,940,2,1038.7826086956522,46.434782608695656,311.0,389.0,inside_visible,719.696140625,833.837,0
i7GsJrDdCVU_15263-16742,941,1,560.7647058823529,301.47058823529414,271.0,344.0,inside_visible,731.746,845.7422612612612,1
i7GsJrDdCVU_15263-16742,941,2,1038.6521739130435,46.69565217391305,311.0,389.0,inside_visible,719.27940625,833.751,0
i7GsJrDdCVU_15263-16742,942,1,560.8235294117648,301.6862745098039,271.0,343.99999999999994,inside_visible,731.746,845.6701891891892,1
i7GsJrDdCVU_15263-16742,942,2,1038.5217391304348,46.95652173913044,311.0,389.0,inside_visible,718.862671875,833.665,0
i7GsJrDdCVU_15263-16742,943,1,560.8823529411765,301.9019607843137,271.0,344.0,inside_visible,731.746,845.5981171171171,1
i7GsJrDdCVU_15263-16742,943,2,1038.391304347826,47.21739130434783,311.0,389.0,inside_visible,718.4459375,833.5790000000001,0
i7GsJrDdCVU_15263-16742,944,1,560.9411764705883,302.11764705882354,271.0,344.0,inside_visible,731.746,845.5260450450451,1
i7GsJrDdCVU_15263-16742,944,2,1038.2608695652175,47.47826086956522,311.0,389.0,inside_visible,718.029203125,833.493,0
i7GsJrDdCVU_15263-16742,945,1,561.0,302.3333333333333,271.0,344.00000000000006,inside_visible,731.746,845.453972972973,1
i7GsJrDdCVU_15263-16742,945,2,1038.1304347826087,47.73913043478261,311.0,389.0,inside_visible,717.61246875,833.407,0
i7GsJrDdCVU_15263-16742,946,1,561.0588235294117,302.54901960784315,271.0,343.99999999999994,inside_visible,731.746,845.3819009009009,1
i7GsJrDdCVU_15263-16742,946,2,1038.0,48.0,311.0,389.0,inside_visible,717.195734375,833.321,0
i7GsJrDdCVU_15263-16742,947,1,561.1176470588235,302.7647058823529,271.0,344.0,inside_visible,731.746,845.3098288288288,1
i7GsJrDdCVU_15263-16742,947,2,1037.8695652173913,48.26086956521739,311.0,389.0,inside_visible,716.779,833.235,0
i7GsJrDdCVU_15263-16742,948,1,561.1764705882352,302.9803921568628,271.0,344.0,inside_visible,731.746,845.2377567567568,1
i7GsJrDdCVU_15263-16742,948,2,1037.7391304347825,48.52173913043478,311.0,389.0,inside_visible,716.8354678362573,833.1863918128655,0
i7GsJrDdCVU_15263-16742,949,1,561.2352941176471,303.19607843137254,271.0,344.00000000000006,inside_visible,731.746,845.1656846846847,1
i7GsJrDdCVU_15263-16742,949,2,1037.608695652174,48.78260869565217,311.0,389.0,inside_visible,716.8919356725146,833.137783625731,0
i7GsJrDdCVU_15263-16742,950,1,561.2941176470588,303.4117647058824,271.0,343.99999999999994,inside_visible,731.746,845.0936126126126,1
i7GsJrDdCVU_15263-16742,950,2,1037.4782608695652,49.04347826086956,311.0,389.0,inside_visible,716.9484035087719,833.0891754385965,0
i7GsJrDdCVU_15263-16742,951,1,561.3529411764706,303.6274509803921,271.0,344.0,inside_visible,731.746,845.0215405405405,1
i7GsJrDdCVU_15263-16742,951,2,1037.3478260869565,49.30434782608695,311.0,389.0,inside_visible,717.0048713450292,833.040567251462,0
i7GsJrDdCVU_15263-16742,952,1,561.4117647058823,303.843137254902,271.0,344.0,inside_visible,731.746,844.9494684684685,1
i7GsJrDdCVU_15263-16742,952,2,1037.2173913043478,49.56521739130434,311.0,389.0,inside_visible,717.0613391812866,832.9919590643275,0
i7GsJrDdCVU_15263-16742,953,1,561.4705882352941,304.05882352941177,271.0,343.99999999999994,inside_visible,731.746,844.8773963963964,1
i7GsJrDdCVU_15263-16742,953,2,1037.0869565217392,49.82608695652174,311.0,389.0,inside_visible,717.1178070175439,832.943350877193,0
i7GsJrDdCVU_15263-16742,954,1,561.5294117647059,304.27450980392155,271.0,344.0,inside_visible,731.746,844.8053243243244,1
i7GsJrDdCVU_15263-16742,954,2,1036.9565217391305,50.08695652173913,311.0,389.0,inside_visible,717.1742748538012,832.8947426900585,0
i7GsJrDdCVU_15263-16742,955,1,561.5882352941177,304.4901960784314,271.0,344.0,inside_visible,731.746,844.7332522522522,1
i7GsJrDdCVU_15263-16742,955,2,1036.8260869565215,50.34782608695652,311.0,389.0,inside_visible,717.2307426900585,832.846134502924,0
i7GsJrDdCVU_15263-16742,956,1,561.6470588235294,304.7058823529412,271.0,344.00000000000006,inside_visible,731.746,844.6611801801802,1
i7GsJrDdCVU_15263-16742,956,2,1036.695652173913,50.60869565217392,311.0,389.0,inside_visible,717.2872105263158,832.7975263157895,0
i7GsJrDdCVU_15263-16742,957,1,561.7058823529412,304.921568627451,271.0,343.99999999999994,inside_visible,731.746,844.5891081081081,1
i7GsJrDdCVU_15263-16742,957,2,1036.5652173913045,50.869565217391305,311.0,389.0,inside_visible,717.3436783625731,832.748918128655,0
i7GsJrDdCVU_15263-16742,958,1,561.7647058823529,305.1372549019608,271.0,344.0,inside_visible,731.746,844.5170360360361,1
i7GsJrDdCVU_15263-16742,958,2,1036.4347826086955,51.130434782608695,311.0,389.0,inside_visible,717.4001461988304,832.7003099415205,0
i7GsJrDdCVU_15263-16742,959,1,561.8235294117648,305.3529411764706,271.0,344.0,inside_visible,731.746,844.4449639639639,1
i7GsJrDdCVU_15263-16742,959,2,1036.304347826087,51.391304347826086,311.0,389.0,inside_visible,717.4566140350877,832.651701754386,0
i7GsJrDdCVU_15263-16742,960,1,561.8823529411765,305.5686274509804,271.0,344.00000000000006,inside_visible,731.746,844.3728918918919,1
i7GsJrDdCVU_15263-16742,960,2,1036.1739130434785,51.65217391304348,311.0,389.0,inside_visible,717.513081871345,832.6030935672514,0
i7GsJrDdCVU_15263-16742,961,1,561.9411764705883,305.7843137254902,271.0,343.99999999999994,inside_visible,731.746,844.3008198198198,1
i7GsJrDdCVU_15263-16742,961,2,1036.0434782608695,51.91304347826087,311.0,389.0,inside_visible,717.5695497076023,832.554485380117,0
i7GsJrDdCVU_15263-16742,962,1,562.0,306.0,271.0,344.0,inside_visible,731.746,844.2287477477478,1
i7GsJrDdCVU_15263-16742,962,2,1035.9130434782608,52.173913043478265,311.0,389.0,inside_visible,717.6260175438597,832.5058771929824,0
i7GsJrDdCVU_15263-16742,963,1,558.0,307.5,271.0,344.0,inside_visible,731.746,844.1566756756756,1
i7GsJrDdCVU_15263-16742,963,2,1035.7826086956522,52.434782608695656,311.0,389.0,inside_visible,717.682485380117,832.4572690058479,0
i7GsJrDdCVU_15263-16742,964,1,554.0,309.0,271.0,344.0,inside_visible,731.746,844.0846036036036,1
i7GsJrDdCVU_15263-16742,964,2,1035.6521739130435,52.69565217391305,311.0,389.0,inside_visible,717.7389532163743,832.4086608187134,0
i7GsJrDdCVU_15263-16742,965,1,553.2857142857143,309.2857142857143,271.0,344.00000000000006,inside_visible,731.746,844.0125315315315,1
i7GsJrDdCVU_15263-16742,965,2,1035.5217391304348,52.95652173913044,311.0,389.0,inside_visible,717.7954210526316,832.3600526315789,0
i7GsJrDdCVU_15263-16742,966,1,552.5714285714286,309.57142857142856,271.0,344.0,inside_visible,731.746,843.9404594594595,1
i7GsJrDdCVU_15263-16742,966,2,1035.391304347826,53.21739130434783,311.0,389.0,inside_visible,717.8518888888889,832.3114444444444,0
i7GsJrDdCVU_15263-16742,967,1,551.8571428571429,309.85714285714283,271.0,344.00000000000006,inside_visible,731.746,843.8683873873874,1
i7GsJrDdCVU_15263-16742,967,2,1035.2608695652175,53.47826086956522,311.0,389.0,inside_visible,717.9083567251462,832.2628362573099,0
i7GsJrDdCVU_15263-16742,968,1,551.1428571428571,310.1428571428572,271.0,343.99999999999994,inside_visible,731.746,843.7963153153153,1
i7GsJrDdCVU_15263-16742,968,2,1035.1304347826087,53.73913043478261,311.0,389.0,inside_visible,717.9648245614035,832.2142280701754,0
i7GsJrDdCVU_15263-16742,969,1,550.4285714285714,310.42857142857144,271.0,344.0,inside_visible,731.746,843.7242432432432,1
i7GsJrDdCVU_15263-16742,969,2,1035.0,54.0,311.0,389.0,inside_visible,718.0212923976608,832.1656198830409,0
i7GsJrDdCVU_15263-16742,970,1,549.7142857142857,310.7142857142857,271.0,343.99999999999994,inside_visible,731.746,843.6521711711712,1
i7GsJrDdCVU_15263-16742,970,2,1035.0,54.0,311.0,384.0,inside_visible,718.0777602339181,832.1170116959064,0
i7GsJrDdCVU_15263-16742,971,1,549.0,311.0,271.0,344.0,inside_visible,731.746,843.5800990990991,1
i7GsJrDdCVU_15263-16742,971,2,1035.0,54.0,311.0,379.0,inside_visible,718.1342280701755,832.0684035087719,0
i7GsJrDdCVU_15263-16742,972,1,548.2857142857143,311.2857142857143,271.0,344.00000000000006,inside_visible,731.746,843.508027027027,1
i7GsJrDdCVU_15263-16742,972,2,1035.0,54.38461538461539,311.0,378.61538461538464,inside_visible,718.1906959064328,832.0197953216374,0
i7GsJrDdCVU_15263-16742,973,1,547.5714285714286,311.57142857142856,271.0,344.0,inside_visible,731.746,843.4359549549549,1
i7GsJrDdCVU_15263-16742,973,2,1035.0,54.76923076923077,311.0,378.2307692307692,inside_visible,718.2471637426901,831.9711871345029,0
i7GsJrDdCVU_15263-16742,974,1,546.8571428571429,311.85714285714283,271.0,344.00000000000006,inside_visible,731.746,843.3638828828829,1
i7GsJrDdCVU_15263-16742,974,2,1035.0,55.15384615384615,311.0,377.84615384615387,inside_visible,718.3036315789474,831.9225789473684,0
i7GsJrDdCVU_15263-16742,975,1,546.1428571428571,312.1428571428572,271.0,343.99999999999994,inside_visible,731.746,843.2918108108108,1
i7GsJrDdCVU_15263-16742,975,2,1035.0,55.53846153846154,311.0,377.46153846153845,inside_visible,718.3600994152047,831.8739707602339,0
i7GsJrDdCVU_15263-16742,976,1,545.4285714285714,312.42857142857144,271.0,344.0,inside_visible,731.746,843.2197387387388,1
i7GsJrDdCVU_15263-16742,976,2,1035.0,55.92307692307692,311.0,377.0769230769231,inside_visible,718.416567251462,831.8253625730995,0
i7GsJrDdCVU_15263-16742,977,1,544.7142857142857,312.7142857142857,271.0,343.99999999999994,inside_visible,731.746,843.1476666666666,1
i7GsJrDdCVU_15263-16742,977,2,1035.0,56.30769230769231,311.0,376.6923076923077,inside_visible,718.4730350877193,831.776754385965,0
i7GsJrDdCVU_15263-16742,978,1,544.0,313.0,271.0,344.0,inside_visible,731.746,843.0755945945946,1
i7GsJrDdCVU_15263-16742,978,2,1035.0,56.69230769230769,311.0,376.3076923076923,inside_visible,718.5295029239766,831.7281461988305,0
i7GsJrDdCVU_15263-16742,979,1,543.2857142857143,313.2857142857143,271.0,344.00000000000006,inside_visible,731.746,843.0035225225225,1
i7GsJrDdCVU_15263-16742,979,2,1035.0,57.07692307692308,311.0,375.9230769230769,inside_visible,718.5859707602339,831.679538011696,0
i7GsJrDdCVU_15263-16742,980,1,542.5714285714286,313.57142857142856,271.0,344.0,inside_visible,731.746,842.9314504504505,1
i7GsJrDdCVU_15263-16742,980,2,1035.0,57.46153846153846,311.0,375.5384615384616,inside_visible,718.6424385964912,831.6309298245615,0
i7GsJrDdCVU_15263-16742,981,1,541.8571428571429,313.85714285714283,271.0,344.00000000000006,inside_visible,731.746,842.8593783783783,1
i7GsJrDdCVU_15263-16742,981,2,1035.0,57.84615384615385,311.0,375.1538461538461,inside_visible,718.6989064327486,831.582321637427,0
i7GsJrDdCVU_15263-16742,982,1,541.1428571428571,314.1428571428572,271.0,343.99999999999994,inside_visible,731.746,842.7873063063063,1
i7GsJrDdCVU_15263-16742,982,2,1035.0,58.23076923076923,311.0,374.7692307692308,inside_visible,718.7553742690059,831.5337134502925,0
i7GsJrDdCVU_15263-16742,983,1,540.4285714285714,314.42857142857144,271.0,344.0,inside_visible,731.746,842.7152342342342,1
i7GsJrDdCVU_15263-16742,983,2,1035.0,58.61538461538461,311.0,374.38461538461536,inside_visible,718.8118421052632,831.485105263158,0
i7GsJrDdCVU_15263-16742,984,1,539.7142857142857,314.7142857142857,271.0,343.99999999999994,inside_visible,731.746,842.6431621621622,1
i7GsJrDdCVU_15263-16742,984,2,1035.0,59.0,311.0,374.0,inside_visible,718.8683099415205,831.4364970760234,0
i7GsJrDdCVU_15263-16742,985,1,539.0,315.0,271.0,344.0,inside_visible,731.746,842.5710900900901,1
i7GsJrDdCVU_15263-16742,985,2,1035.0,59.38461538461539,311.0,373.61538461538464,inside_visible,718.9247777777778,831.3878888888889,0
i7GsJrDdCVU_15263-16742,986,1,538.2857142857143,315.2857142857143,271.0,344.00000000000006,inside_visible,731.746,842.499018018018,1
i7GsJrDdCVU_15263-16742,986,2,1035.0,59.76923076923077,311.0,373.2307692307692,inside_visible,718.9812456140351,831.3392807017544,0
i7GsJrDdCVU_15263-16742,987,1,537.5714285714286,315.57142857142856,271.0,344.0,inside_visible,731.746,842.4269459459459,1
i7GsJrDdCVU_15263-16742,987,2,1035.0,60.15384615384615,311.0,372.84615384615387,inside_visible,719.0377134502924,831.2906725146199,0
i7GsJrDdCVU_15263-16742,988,1,536.8571428571429,315.85714285714283,271.0,344.00000000000006,inside_visible,731.746,842.3548738738739,1
i7GsJrDdCVU_15263-16742,988,2,1035.0,60.53846153846154,311.0,372.46153846153845,inside_visible,719.0941812865497,831.2420643274854,0
i7GsJrDdCVU_15263-16742,989,1,536.1428571428571,316.1428571428572,271.0,343.99999999999994,inside_visible,731.746,842.2828018018018,1
i7GsJrDdCVU_15263-16742,989,2,1035.0,60.92307692307692,311.0,372.0769230769231,inside_visible,719.150649122807,831.1934561403509,0
i7GsJrDdCVU_15263-16742,990,1,535.4285714285714,316.42857142857144,271.0,344.0,inside_visible,731.746,842.2107297297297,1
i7GsJrDdCVU_15263-16742,990,2,1035.0,61.30769230769231,311.0,371.6923076923077,inside_visible,719.2071169590644,831.1448479532164,0
i7GsJrDdCVU_15263-16742,991,1,534.7142857142857,316.7142857142857,271.0,343.99999999999994,inside_visible,731.746,842.1386576576576,1
i7GsJrDdCVU_15263-16742,991,2,1035.0,61.69230769230769,311.0,371.3076923076923,inside_visible,719.2635847953217,831.0962397660819,0
i7GsJrDdCVU_15263-16742,992,1,534.0,317.0,271.0,344.0,inside_visible,731.746,842.0665855855856,1
i7GsJrDdCVU_15263-16742,992,2,1035.0,62.07692307692308,311.0,370.9230769230769,inside_visible,719.320052631579,831.0476315789474,0
i7GsJrDdCVU_15263-16742,993,1,534.258064516129,316.64516129032256,271.0,344.0,inside_visible,731.746,841.9945135135135,1
i7GsJrDdCVU_15263-16742,993,2,1035.0,62.46153846153846,311.0,370.5384615384616,inside_visible,719.3765204678363,830.9990233918129,0
i7GsJrDdCVU_15263-16742,994,1,534.516129032258,316.2903225806452,271.0,343.99999999999994,inside_visible,731.746,841.9224414414415,1
i7GsJrDdCVU_15263-16742,994,2,1035.0,62.84615384615385,311.0,370.1538461538461,inside_visible,719.4329883040936,830.9504152046784,0
i7GsJrDdCVU_15263-16742,995,1,534.7741935483871,315.93548387096774,271.0,343.99999999999994,inside_visible,731.746,841.8503693693693,1
i7GsJrDdCVU_15263-16742,995,2,1035.0,63.23076923076923,311.0,369.7692307692308,inside_visible,719.4894561403509,830.9018070175439,0
i7GsJrDdCVU_15263-16742,996,1,535.0322580645161,315.5806451612903,271.0,344.00000000000006,inside_visible,731.746,841.7782972972973,1
i7GsJrDdCVU_15263-16742,996,2,1035.0,63.61538461538461,311.0,369.38461538461536,inside_visible,719.5459239766082,830.8531988304094,0
i7GsJrDdCVU_15263-16742,997,1,535.2903225806451,315.2258064516129,271.0,344.0,inside_visible,731.746,841.7062252252252,1
i7GsJrDdCVU_15263-16742,997,2,1035.0,64.0,311.0,369.0,inside_visible,719.6023918128654,830.8045906432749,0
i7GsJrDdCVU_15263-16742,998,1,535.5483870967741,314.8709677419355,271.0,344.0,inside_visible,731.746,841.6341531531532,1
i7GsJrDdCVU_15263-16742,998,2,1034.7924528301887,63.9245283018868,311.0,369.0,inside_visible,719.6588596491227,830.7559824561404,0
i7GsJrDdCVU_15263-16742,999,1,535.8064516129032,314.51612903225805,271.0,344.0,inside_visible,731.746,841.562081081081,1
i7GsJrDdCVU_15263-16742,999,2,1034.5849056603774,63.84905660377358,311.0,369.0,inside_visible,719.71532748538,830.7073742690059,0
i7GsJrDdCVU_15263-16742,1000,1,536.0645161290323,314.16129032258067,271.0,343.99999999999994,inside_visible,731.746,841.490009009009,1
i7GsJrDdCVU_15263-16742,1000,2,1034.377358490566,63.77358490566038,311.0,369.0,inside_visible,719.7717953216375,830.6587660818714,0
i7GsJrDdCVU_15263-16742,1001,1,536.3225806451613,313.80645161290323,271.0,343.99999999999994,inside_visible,731.746,841.4179369369369,1
i7GsJrDdCVU_15263-16742,1001,2,1034.169811320755,63.698113207547166,311.0,369.0,inside_visible,719.8282631578948,830.6101578947369,0
i7GsJrDdCVU_15263-16742,1002,1,536.5806451612904,313.4516129032258,271.0,344.00000000000006,inside_visible,731.746,841.3458648648649,1
i7GsJrDdCVU_15263-16742,1002,2,1033.9622641509434,63.62264150943396,311.0,369.0,inside_visible,719.884730994152,830.5615497076024,0
i7GsJrDdCVU_15263-16742,1003,1,536.8387096774194,313.0967741935484,271.0,344.0,inside_visible,731.746,841.2737927927927,1
i7GsJrDdCVU_15263-16742,1003,2,1033.754716981132,63.54716981132076,311.0,369.0,inside_visible,719.9411988304093,830.5129415204678,0
i7GsJrDdCVU_15263-16742,1004,1,537.0967741935484,312.741935483871,271.0,344.0,inside_visible,731.746,841.2017207207207,1
i7GsJrDdCVU_15263-16742,1004,2,1033.5471698113208,63.471698113207545,311.0,369.0,inside_visible,719.9976666666666,830.4643333333333,0
i7GsJrDdCVU_15263-16742,1005,1,537.3548387096774,312.38709677419354,271.0,344.0,inside_visible,731.746,841.1296486486486,1
i7GsJrDdCVU_15263-16742,1005,2,1033.339622641509,63.39622641509434,311.0,369.0,inside_visible,720.054134502924,830.4157251461988,0
i7GsJrDdCVU_15263-16742,1006,1,537.6129032258065,312.03225806451616,271.0,343.99999999999994,inside_visible,731.746,841.0575765765766,1
i7GsJrDdCVU_15263-16742,1006,2,1033.132075471698,63.320754716981135,311.0,369.0,inside_visible,720.1106023391812,830.3671169590643,0
i7GsJrDdCVU_15263-16742,1007,1,537.8709677419355,311.6774193548387,271.0,343.99999999999994,inside_visible,731.746,840.9855045045045,1
i7GsJrDdCVU_15263-16742,1007,2,1032.9245283018868,63.24528301886792,311.0,369.0,inside_visible,720.1670701754385,830.3185087719298,0
i7GsJrDdCVU_15263-16742,1008,1,538.1290322580645,311.3225806451613,271.0,344.00000000000006,inside_visible,731.746,840.9134324324324,1
i7GsJrDdCVU_15263-16742,1008,2,1032.7169811320755,63.16981132075472,311.0,369.0,inside_visible,720.2235380116958,830.2699005847953,0
i7GsJrDdCVU_15263-16742,1009,1,538.3870967741935,310.9677419354839,271.0,344.0,inside_visible,731.746,840.8413603603603,1
i7GsJrDdCVU_15263-16742,1009,2,1032.5094339622642,63.09433962264151,311.0,369.0,inside_visible,720.2800058479532,830.2212923976608,0
i7GsJrDdCVU_15263-16742,1010,1,538.6451612903226,310.61290322580646,271.0,344.0,inside_visible,731.746,840.7692882882883,1
i7GsJrDdCVU_15263-16742,1010,2,1032.301886792453,63.0188679245283,311.0,369.0,inside_visible,720.3364736842105,830.1726842105263,0
i7GsJrDdCVU_15263-16742,1011,1,538.9032258064516,310.258064516129,271.0,344.0,inside_visible,731.746,840.6972162162162,1
i7GsJrDdCVU_15263-16742,1011,2,1032.0943396226414,62.943396226415096,311.0,369.0,inside_visible,720.3929415204678,830.1240760233918,0
i7GsJrDdCVU_15263-16742,1012,1,539.1612903225806,309.9032258064516,271.0,344.0,inside_visible,731.746,840.6251441441441,1
i7GsJrDdCVU_15263-16742,1012,2,1031.8867924528302,62.86792452830189,311.0,369.0,inside_visible,720.4494093567251,830.0754678362573,0
i7GsJrDdCVU_15263-16742,1013,1,539.4193548387096,309.5483870967742,271.0,343.99999999999994,inside_visible,731.746,840.553072072072,1
i7GsJrDdCVU_15263-16742,1013,2,1031.6792452830189,62.79245283018868,311.0,369.0,inside_visible,720.5058771929824,830.0268596491228,0
i7GsJrDdCVU_15263-16742,1014,1,539.6774193548387,309.1935483870968,271.0,344.00000000000006,inside_visible,731.746,840.481,1
i7GsJrDdCVU_15263-16742,1014,2,1031.4716981132076,62.71698113207548,311.0,369.0,inside_visible,720.5623450292397,829.9782514619883,0
i7GsJrDdCVU_15263-16742,1015,1,539.9354838709677,308.83870967741933,271.0,344.00000000000006,inside_visible,731.746,840.408927927928,1
i7GsJrDdCVU_15263-16742,1015,2,1031.2641509433963,62.64150943396226,311.0,369.0,inside_visible,720.618812865497,829.9296432748538,0
i7GsJrDdCVU_15263-16742,1016,1,540.1935483870968,308.48387096774195,271.0,344.0,inside_visible,731.746,840.3368558558559,1
i7GsJrDdCVU_15263-16742,1016,2,1031.0566037735848,62.56603773584906,311.0,369.0,inside_visible,720.6752807017543,829.8810350877193,0
i7GsJrDdCVU_15263-16742,1017,1,540.4516129032259,308.1290322580645,271.0,344.0,inside_visible,731.746,840.2647837837837,1
i7GsJrDdCVU_15263-16742,1017,2,1030.8490566037735,62.490566037735846,311.0,369.0,inside_visible,720.7317485380116,829.8324269005848,0
i7GsJrDdCVU_15263-16742,1018,1,540.7096774193549,307.7741935483871,271.0,344.0,inside_visible,731.746,840.1927117117117,1
i7GsJrDdCVU_15263-16742,1018,2,1030.6415094339625,62.41509433962264,311.0,369.0,inside_visible,720.7882163742689,829.7838187134503,0
i7GsJrDdCVU_15263-16742,1019,1,540.9677419354839,307.4193548387097,271.0,343.99999999999994,inside_visible,731.746,840.1206396396396,1
i7GsJrDdCVU_15263-16742,1019,2,1030.433962264151,62.33962264150944,311.0,369.0,inside_visible,720.8446842105263,829.7352105263158,0
i7GsJrDdCVU_15263-16742,1020,1,541.2258064516129,307.06451612903226,271.0,344.00000000000006,inside_visible,731.746,840.0485675675676,1
i7GsJrDdCVU_15263-16742,1020,2,1030.2264150943397,62.264150943396224,311.0,369.0,inside_visible,720.9011520467836,829.6866023391813,0
i7GsJrDdCVU_15263-16742,1021,1,541.483870967742,306.7096774193548,271.0,344.00000000000006,inside_visible,731.746,839.9764954954954,1
i7GsJrDdCVU_15263-16742,1021,2,1030.0188679245282,62.18867924528302,311.0,369.0,inside_visible,720.9576198830409,829.6379941520468,0
i7GsJrDdCVU_15263-16742,1022,1,541.741935483871,306.35483870967744,271.0,344.0,inside_visible,731.746,839.9044234234234,1
i7GsJrDdCVU_15263-16742,1022,2,1029.811320754717,62.11320754716981,311.0,369.0,inside_visible,721.0140877192982,829.5893859649123,0
i7GsJrDdCVU_15263-16742,1023,1,542.0,306.0,271.0,344.0,inside_visible,731.746,839.8323513513513,1
i7GsJrDdCVU_15263-16742,1023,2,1029.6037735849056,62.0377358490566,311.0,369.0,inside_visible,721.0705555555555,829.5407777777777,0
i7GsJrDdCVU_15263-16742,1024,1,542.0,306.14666666666665,271.0,344.0,inside_visible,731.746,839.7602792792793,1
i7GsJrDdCVU_15263-16742,1024,2,1029.3962264150944,61.9622641509434,311.0,369.0,inside_visible,721.1270233918128,829.4921695906432,0
i7GsJrDdCVU_15263-16742,1025,1,542.0,306.2933333333333,271.0,343.99999999999994,inside_visible,731.746,839.6882072072073,1
i7GsJrDdCVU_15263-16742,1025,2,1029.188679245283,61.886792452830186,311.0,369.0,inside_visible,721.1834912280701,829.4435614035087,0
i7GsJrDdCVU_15263-16742,1026,1,542.0,306.44,271.0,344.00000000000006,inside_visible,731.746,839.6161351351351,1
i7GsJrDdCVU_15263-16742,1026,2,1028.9811320754718,61.81132075471698,311.0,369.0,inside_visible,721.2399590643274,829.3949532163742,0
i7GsJrDdCVU_15263-16742,1027,1,542.0,306.58666666666664,271.0,344.00000000000006,inside_visible,731.746,839.544063063063,1
i7GsJrDdCVU_15263-16742,1027,2,1028.7735849056603,61.735849056603776,311.0,369.0,inside_visible,721.2964269005847,829.3463450292397,0
i7GsJrDdCVU_15263-16742,1028,1,542.0,306.7333333333333,271.0,344.0,inside_visible,731.746,839.471990990991,1
i7GsJrDdCVU_15263-16742,1028,2,1028.566037735849,61.66037735849056,311.0,369.0,inside_visible,721.3528947368421,829.2977368421052,0
i7GsJrDdCVU_15263-16742,1029,1,542.0,306.88,271.0,344.0,inside_visible,731.746,839.399918918919,1
i7GsJrDdCVU_15263-16742,1029,2,1028.3584905660375,61.58490566037736,311.0,369.0,inside_visible,721.4093625730994,829.2491286549707,0
i7GsJrDdCVU_15263-16742,1030,1,542.0,307.02666666666664,271.0,344.0,inside_visible,731.746,839.3278468468468,1
i7GsJrDdCVU_15263-16742,1030,2,1028.1509433962265,61.50943396226416,311.0,369.0,inside_visible,721.4658304093567,829.2005204678362,0
i7GsJrDdCVU_15263-16742,1031,1,542.0,307.17333333333335,271.0,343.99999999999994,inside_visible,731.746,839.2557747747747,1
i7GsJrDdCVU_15263-16742,1031,2,1027.9433962264152,61.43396226415094,311.0,369.0,inside_visible,721.522298245614,829.1519122807017,0
i7GsJrDdCVU_15263-16742,1032,1,542.0,307.32,271.0,344.00000000000006,inside_visible,731.746,839.1837027027027,1
i7GsJrDdCVU_15263-16742,1032,2,1027.7358490566037,61.35849056603774,311.0,369.0,inside_visible,721.5787660818713,829.1033040935672,0
i7GsJrDdCVU_15263-16742,1033,1,542.0,307.46666666666664,271.0,344.00000000000006,inside_visible,731.746,839.1116306306307,1
i7GsJrDdCVU_15263-16742,1033,2,1027.5283018867924,61.283018867924525,311.0,369.0,inside_visible,721.6352339181286,829.0546959064328,0
i7GsJrDdCVU_15263-16742,1034,1,542.0,307.61333333333334,271.0,344.0,inside_visible,731.746,839.0395585585586,1
i7GsJrDdCVU_15263-16742,1034,2,1027.3207547169811,61.20754716981132,311.0,369.0,inside_visible,721.6917017543859,829.0060877192983,0
i7GsJrDdCVU_15263-16742,1035,1,542.0,307.76,271.0,344.0,inside_visible,731.746,838.9674864864865,1
i7GsJrDdCVU_15263-16742,1035,2,1027.1132075471698,61.13207547169812,311.0,369.0,inside_visible,721.7481695906432,828.9574795321638,0
i7GsJrDdCVU_15263-16742,1036,1,542.0,307.9066666666667,271.0,343.99999999999994,inside_visible,731.746,838.8954144144144,1
i7GsJrDdCVU_15263-16742,1036,2,1026.9056603773586,61.0566037735849,311.0,369.0,inside_visible,721.8046374269005,828.9088713450293,0
i7GsJrDdCVU_15263-16742,1037,1,542.0,308.05333333333334,271.0,343.99999999999994,inside_visible,731.746,838.8233423423424,1
i7GsJrDdCVU_15263-16742,1037,2,1026.698113207547,60.9811320754717,311.0,369.0,inside_visible,721.8611052631578,828.8602631578948,0
i7GsJrDdCVU_15263-16742,1038,1,542.0,308.2,271.0,344.00000000000006,inside_visible,731.746,838.7512702702703,1
i7GsJrDdCVU_15263-16742,1038,2,1026.4905660377358,60.90566037735849,311.0,369.0,inside_visible,721.9175730994152,828.8116549707603,0
i7GsJrDdCVU_15263-16742,1039,1,542.0,308.3466666666667,271.0,344.0,inside_visible,731.746,838.6791981981982,1
i7GsJrDdCVU_15263-16742,1039,2,1026.2830188679245,60.83018867924528,311.0,369.0,inside_visible,721.9740409356725,828.7630467836258,0
i7GsJrDdCVU_15263-16742,1040,1,542.0,308.49333333333334,271.0,344.0,inside_visible,731.746,838.6071261261261,1
i7GsJrDdCVU_15263-16742,1040,2,1026.0754716981132,60.75471698113208,311.0,369.0,inside_visible,722.0305087719298,828.7144385964913,0
i7GsJrDdCVU_15263-16742,1041,1,542.0,308.64,271.0,344.0,inside_visible,731.746,838.5350540540541,1
i7GsJrDdCVU_15263-16742,1041,2,1025.867924528302,60.67924528301887,311.0,369.0,inside_visible,722.0869766081871,828.6658304093568,0
i7GsJrDdCVU_15263-16742,1042,1,542.0,308.7866666666667,271.0,343.99999999999994,inside_visible,731.746,838.462981981982,1
i7GsJrDdCVU_15263-16742,1042,2,1025.660377358491,60.60377358490566,311.0,369.0,inside_visible,722.1434444444444,828.6172222222223,0
i7GsJrDdCVU_15263-16742,1043,1,542.0,308.93333333333334,271.0,343.99999999999994,inside_visible,731.746,838.3909099099099,1
i7GsJrDdCVU_15263-16742,1043,2,1025.4528301886792,60.528301886792455,311.0,369.0,inside_visible,722.1999122807017,828.5686140350878,0
i7GsJrDdCVU_15263-16742,1044,1,542.0,309.08,271.0,344.00000000000006,inside_visible,731.746,838.3188378378378,1
i7GsJrDdCVU_15263-16742,1044,2,1025.245283018868,60.45283018867924,311.0,369.0,inside_visible,722.256380116959,828.5200058479533,0
i7GsJrDdCVU_15263-16742,1045,1,542.0,309.2266666666667,271.0,344.0,inside_visible,731.746,838.2467657657658,1
i7GsJrDdCVU_15263-16742,1045,2,1025.0377358490566,60.37735849056604,311.0,369.0,inside_visible,722.3128479532163,828.4713976608188,0
i7GsJrDdCVU_15263-16742,1046,1,542.0,309.37333333333333,271.0,344.0,inside_visible,731.746,838.1746936936937,1
i7GsJrDdCVU_15263-16742,1046,2,1024.830188679245,60.301886792452834,311.0,369.0,inside_visible,722.3693157894736,828.4227894736842,0
i7GsJrDdCVU_15263-16742,1047,1,542.0,309.52,271.0,344.0,inside_visible,731.746,838.1026216216217,1
i7GsJrDdCVU_15263-16742,1047,2,1024.622641509434,60.22641509433962,311.0,369.0,inside_visible,722.425783625731,828.3741812865497,0
i7GsJrDdCVU_15263-16742,1048,1,542.0,309.6666666666667,271.0,343.99999999999994,inside_visible,731.746,838.0305495495495,1
i7GsJrDdCVU_15263-16742,1048,2,1024.4150943396226,60.15094339622642,311.0,369.0,inside_visible,722.4822514619883,828.3255730994152,0
i7GsJrDdCVU_15263-16742,1049,1,542.0,309.81333333333333,271.0,344.00000000000006,inside_visible,731.746,837.9584774774775,1
i7GsJrDdCVU_15263-16742,1049,2,1024.2075471698113,60.075471698113205,311.0,369.0,inside_visible,722.5387192982456,828.2769649122807,0
i7GsJrDdCVU_15263-16742,1050,1,542.0,309.96,271.0,344.00000000000006,inside_visible,731.746,837.8864054054054,1
i7GsJrDdCVU_15263-16742,1050,2,1024.0,60.0,311.0,369.0,inside_visible,722.5951871345029,828.2283567251462,0
i7GsJrDdCVU_15263-16742,1051,1,542.0,310.1066666666667,271.0,344.0,inside_visible,731.746,837.8143333333334,1
i7GsJrDdCVU_15263-16742,1051,2,1023.7924528301888,59.9245283018868,311.0,369.0,inside_visible,722.6516549707602,828.1797485380117,0
i7GsJrDdCVU_15263-16742,1052,1,542.0,310.25333333333333,271.0,344.0,inside_visible,731.746,837.7422612612612,1
i7GsJrDdCVU_15263-16742,1052,2,1023.5849056603772,59.84905660377358,311.0000000000001,369.0,inside_visible,722.7081228070175,828.1311403508772,0
i7GsJrDdCVU_15263-16742,1053,1,542.0,310.4,271.0,344.0,inside_visible,731.746,837.6701891891892,1
i7GsJrDdCVU_15263-16742,1053,2,1023.377358490566,59.77358490566038,310.9999999999999,369.0,inside_visible,722.7645906432748,828.0825321637427,0
i7GsJrDdCVU_15263-16742,1054,1,542.0,310.5466666666667,271.0,343.99999999999994,inside_visible,731.746,837.5981171171171,1
i7GsJrDdCVU_15263-16742,1054,2,1023.1698113207548,59.698113207547166,311.0,369.0,inside_visible,722.8210584795321,828.0339239766082,0
i7GsJrDdCVU_15263-16742,1055,1,542.0,310.6933333333333,271.0,344.00000000000006,inside_visible,731.746,837.5260450450451,1
i7GsJrDdCVU_15263-16742,1055,2,1022.9622641509434,59.62264150943396,311.0,369.0,inside_visible,722.8775263157894,827.9853157894737,0
i7GsJrDdCVU_15263-16742,1056,1,542.0,310.84,271.0,344.00000000000006,inside_visible,731.746,837.453972972973,1
i7GsJrDdCVU_15263-16742,1056,2,1022.754716981132,59.54716981132076,311.0,369.0,inside_visible,722.9339941520467,827.9367076023392,0
i7GsJrDdCVU_15263-16742,1057,1,542.0,310.9866666666667,271.0,344.0,inside_visible,731.746,837.3819009009009,1
i7GsJrDdCVU_15263-16742,1057,2,1022.5471698113208,59.471698113207545,311.0000000000001,369.0,inside_visible,722.9904619883041,827.8880994152047,0
i7GsJrDdCVU_15263-16742,1058,1,542.0,311.1333333333333,271.0,344.0,inside_visible,731.746,837.3098288288288,1
i7GsJrDdCVU_15263-16742,1058,2,1022.3396226415094,59.39622641509434,310.9999999999999,369.0,inside_visible,723.0469298245614,827.8394912280702,0
i7GsJrDdCVU_15263-16742,1059,1,542.0,311.28,271.0,344.0,inside_visible,731.746,837.2377567567568,1
i7GsJrDdCVU_15263-16742,1059,2,1022.1320754716982,59.320754716981135,310.9999999999999,369.0,inside_visible,723.1033976608187,827.7908830409357,0
i7GsJrDdCVU_15263-16742,1060,1,542.0,311.4266666666667,271.0,343.99999999999994,inside_visible,731.746,837.1656846846847,1
i7GsJrDdCVU_15263-16742,1060,2,1021.9245283018868,59.24528301886792,311.0,369.0,inside_visible,723.159865497076,827.7422748538012,0
i7GsJrDdCVU_15263-16742,1061,1,542.0,311.5733333333333,271.0,344.00000000000006,inside_visible,731.746,837.0936126126126,1
i7GsJrDdCVU_15263-16742,1061,2,1021.7169811320756,59.16981132075472,311.0,369.0,inside_visible,723.2163333333333,827.6936666666667,0
i7GsJrDdCVU_15263-16742,1062,1,542.0,311.72,271.0,344.0,inside_visible,731.746,837.0215405405405,1
i7GsJrDdCVU_15263-16742,1062,2,1021.509433962264,59.09433962264151,311.0000000000001,369.0,inside_visible,723.2728011695906,827.6450584795322,0
i7GsJrDdCVU_15263-16742,1063,1,542.0,311.8666666666667,271.0,344.0,inside_visible,731.746,836.9494684684685,1
i7GsJrDdCVU_15263-16742,1063,2,1021.3018867924528,59.0188679245283,311.0000000000001,369.0,inside_visible,723.3292690058479,827.5964502923977,0
i7GsJrDdCVU_15263-16742,1064,1,542.0,312.0133333333333,271.0,344.0,inside_visible,731.746,836.8773963963964,1
i7GsJrDdCVU_15263-16742,1064,2,1021.0943396226417,58.943396226415096,310.9999999999999,369.0,inside_visible,723.3857368421052,827.5478421052632,0
i7GsJrDdCVU_15263-16742,1065,1,542.0,312.16,271.0,343.99999999999994,inside_visible,731.746,836.8053243243244,1
i7GsJrDdCVU_15263-16742,1065,2,1020.8867924528302,58.86792452830189,311.0,369.0,inside_visible,723.4422046783625,827.4992339181287,0
i7GsJrDdCVU_15263-16742,1066,1,542.0,312.3066666666667,271.0,343.99999999999994,inside_visible,731.746,836.7332522522522,1
i7GsJrDdCVU_15263-16742,1066,2,1020.6792452830188,58.79245283018868,311.0,369.0,inside_visible,723.4986725146199,827.4506257309941,0
i7GsJrDdCVU_15263-16742,1067,1,542.0,312.4533333333333,271.0,344.00000000000006,inside_visible,731.746,836.6611801801802,1
i7GsJrDdCVU_15263-16742,1067,2,1020.4716981132076,58.71698113207548,311.0,369.0,inside_visible,723.5551403508772,827.4020175438596,0
i7GsJrDdCVU_15263-16742,1068,1,542.0,312.6,271.0,344.0,inside_visible,731.746,836.5891081081081,1
i7GsJrDdCVU_15263-16742,1068,2,1020.2641509433962,58.64150943396226,311.0000000000001,369.0,inside_visible,723.6116081871345,827.3534093567251,0
i7GsJrDdCVU_15263-16742,1069,1,542.0,312.74666666666667,271.0,344.0,inside_visible,731.746,836.5170360360361,1
i7GsJrDdCVU_15263-16742,1069,2,1020.0566037735848,58.56603773584906,310.9999999999999,369.0,inside_visible,723.6680760233918,827.3048011695906,0
i7GsJrDdCVU_15263-16742,1070,1,542.0,312.8933333333333,271.0,344.0,inside_visible,731.746,836.4449639639639,1
i7GsJrDdCVU_15263-16742,1070,2,1019.8490566037736,58.490566037735846,311.0,369.0,inside_visible,723.7245438596491,827.2561929824561,0
i7GsJrDdCVU_15263-16742,1071,1,542.0,313.04,271.0,343.99999999999994,inside_visible,731.746,836.3728918918919,1
i7GsJrDdCVU_15263-16742,1071,2,1019.6415094339624,58.41509433962264,311.0,369.0,inside_visible,723.7810116959064,827.2075847953216,0
i7GsJrDdCVU_15263-16742,1072,1,542.0,313.18666666666667,271.0,343.99999999999994,inside_visible,731.746,836.3008198198198,1
i7GsJrDdCVU_15263-16742,1072,2,1019.433962264151,58.33962264150944,311.0,369.0,inside_visible,723.8374795321637,827.1589766081871,0
i7GsJrDdCVU_15263-16742,1073,1,542.0,313.3333333333333,271.0,344.00000000000006,inside_visible,731.746,836.2287477477478,1
i7GsJrDdCVU_15263-16742,1073,2,1019.2264150943396,58.264150943396224,311.0000000000001,369.0,inside_visible,723.893947368421,827.1103684210526,0
i7GsJrDdCVU_15263-16742,1074,1,542.0,313.48,271.0,344.0,inside_visible,731.746,836.1566756756756,1
i7GsJrDdCVU_15263-16742,1074,2,1019.0188679245284,58.18867924528302,310.9999999999999,369.0,inside_visible,723.9504152046783,827.0617602339181,0
i7GsJrDdCVU_15263-16742,1075,1,542.0,313.62666666666667,271.0,344.0,inside_visible,731.746,836.0846036036036,1
i7GsJrDdCVU_15263-16742,1075,2,1018.811320754717,58.11320754716981,310.9999999999999,369.0,inside_visible,724.0068830409356,827.0131520467836,0
i7GsJrDdCVU_15263-16742,1076,1,542.0,313.7733333333333,271.0,344.0,inside_visible,731.746,836.0125315315315,1
i7GsJrDdCVU_15263-16742,1076,2,1018.6037735849056,58.0377358490566,311.0,369.0,inside_visible,724.063350877193,826.9645438596491,0
i7GsJrDdCVU_15263-16742,1077,1,542.0,313.92,271.0,343.99999999999994,inside_visible,731.746,835.9404594594595,1
i7GsJrDdCVU_15263-16742,1077,2,1018.3962264150944,57.9622641509434,311.0,369.0,inside_visible,724.1198187134503,826.9159356725146,0
i7GsJrDdCVU_15263-16742,1078,1,542.0,314.06666666666666,271.0,344.00000000000006,inside_visible,731.746,835.8683873873874,1
i7GsJrDdCVU_15263-16742,1078,2,1018.188679245283,57.886792452830186,311.0000000000001,369.0,inside_visible,724.1762865497076,826.8673274853801,0
i7GsJrDdCVU_15263-16742,1079,1,542.0,314.2133333333333,271.0,344.00000000000006,inside_visible,731.746,835.7963153153153,1
i7GsJrDdCVU_15263-16742,1079,2,1017.9811320754716,57.81132075471698,311.0000000000001,369.0,inside_visible,724.2327543859649,826.8187192982456,0
i7GsJrDdCVU_15263-16742,1080,1,542.0,314.36,271.0,344.0,inside_visible,731.746,835.7242432432432,1
i7GsJrDdCVU_15263-16742,1080,2,1017.7735849056604,57.735849056603776,310.9999999999999,369.0,inside_visible,724.2892222222222,826.7701111111111,0
i7GsJrDdCVU_15263-16742,1081,1,542.0,314.50666666666666,271.0,344.0,inside_visible,731.746,835.6521711711712,1
i7GsJrDdCVU_15263-16742,1081,2,1017.566037735849,57.66037735849056,311.0,369.0,inside_visible,724.3456900584795,826.7215029239766,0
i7GsJrDdCVU_15263-16742,1082,1,542.0,314.6533333333333,271.0,344.0,inside_visible,731.746,835.5800990990991,1
i7GsJrDdCVU_15263-16742,1082,2,1017.3584905660376,57.58490566037736,311.0,369.0,inside_visible,724.4021578947368,826.6728947368421,0
i7GsJrDdCVU_15263-16742,1083,1,542.0,314.8,271.0,343.99999999999994,inside_visible,731.746,835.508027027027,1
i7GsJrDdCVU_15263-16742,1083,2,1017.1509433962264,57.50943396226416,311.0,369.0,inside_visible,724.4586257309941,826.6242865497076,0
i7GsJrDdCVU_15263-16742,1084,1,542.0,314.94666666666666,271.0,344.00000000000006,inside_visible,731.746,835.4359549549549,1
i7GsJrDdCVU_15263-16742,1084,2,1016.9433962264152,57.43396226415094,311.0000000000001,369.0,inside_visible,724.5150935672514,826.5756783625731,0
i7GsJrDdCVU_15263-16742,1085,1,542.0,315.09333333333336,271.0,344.0,inside_visible,731.746,835.3638828828829,1
i7GsJrDdCVU_15263-16742,1085,2,1016.7358490566038,57.35849056603774,310.9999999999999,369.0,inside_visible,724.5715614035088,826.5270701754386,0
i7GsJrDdCVU_15263-16742,1086,1,542.0,315.24,271.0,344.0,inside_visible,731.746,835.2918108108108,1
i7GsJrDdCVU_15263-16742,1086,2,1016.5283018867924,57.283018867924525,311.0,369.0,inside_visible,724.6280292397661,826.478461988304,0
i7GsJrDdCVU_15263-16742,1087,1,542.0,315.38666666666666,271.0,344.0,inside_visible,731.746,835.2197387387388,1
i7GsJrDdCVU_15263-16742,1087,2,1016.3207547169812,57.20754716981132,311.0,369.0,inside_visible,724.6844970760234,826.4298538011695,0
i7GsJrDdCVU_15263-16742,1088,1,542.0,315.53333333333336,271.0,343.99999999999994,inside_visible,731.746,835.1476666666666,1
i7GsJrDdCVU_15263-16742,1088,2,1016.1132075471698,57.13207547169812,311.0,369.0,inside_visible,724.7409649122807,826.381245614035,0
i7GsJrDdCVU_15263-16742,1089,1,542.0,315.68,271.0,343.99999999999994,inside_visible,731.746,835.0755945945946,1
i7GsJrDdCVU_15263-16742,1089,2,1015.9056603773583,57.0566037735849,311.0000000000001,369.0,inside_visible,724.797432748538,826.3326374269005,0
i7GsJrDdCVU_15263-16742,1090,1,542.0,315.82666666666665,271.0,344.00000000000006,inside_visible,731.746,835.0035225225225,1
i7GsJrDdCVU_15263-16742,1090,2,1015.6981132075472,56.9811320754717,310.9999999999999,369.0,inside_visible,724.8539005847953,826.2840292397661,0
i7GsJrDdCVU_15263-16742,1091,1,542.0,315.97333333333336,271.0,344.0,inside_visible,731.746,834.9314504504505,1
i7GsJrDdCVU_15263-16742,1091,2,1015.490566037736,56.90566037735849,310.9999999999999,369.0,inside_visible,724.9103684210526,826.2354210526316,0
i7GsJrDdCVU_15263-16742,1092,1,542.0,316.12,271.0,344.0,inside_visible,731.746,834.8593783783783,1
i7GsJrDdCVU_15263-16742,1092,2,1015.2830188679244,56.83018867924528,311.0,369.0,inside_visible,724.9668362573099,826.1868128654971,0
i7GsJrDdCVU_15263-16742,1093,1,542.0,316.26666666666665,271.0,344.0,inside_visible,731.746,834.7873063063063,1
i7GsJrDdCVU_15263-16742,1093,2,1015.0754716981132,56.75471698113208,311.0,369.0,inside_visible,725.0233040935672,826.1382046783626,0
i7GsJrDdCVU_15263-16742,1094,1,542.0,316.41333333333336,271.0,343.99999999999994,inside_visible,731.746,834.7152342342342,1
i7GsJrDdCVU_15263-16742,1094,2,1014.8679245283018,56.67924528301887,311.0000000000001,369.0,inside_visible,725.0797719298245,826.0895964912281,0
i7GsJrDdCVU_15263-16742,1095,1,542.0,316.56,271.0,343.99999999999994,inside_visible,731.746,834.6431621621622,1
i7GsJrDdCVU_15263-16742,1095,2,1014.6603773584906,56.60377358490566,311.0000000000001,369.0,inside_visible,725.1362397660819,826.0409883040936,0
i7GsJrDdCVU_15263-16742,1096,1,542.0,316.70666666666665,271.0,344.00000000000006,inside_visible,731.746,834.5710900900901,1
i7GsJrDdCVU_15263-16742,1096,2,1014.4528301886792,56.528301886792455,310.9999999999999,369.0,inside_visible,725.1927076023392,825.9923801169591,0
i7GsJrDdCVU_15263-16742,1097,1,542.0,316.8533333333333,271.0,344.0,inside_visible,731.746,834.499018018018,1
i7GsJrDdCVU_15263-16742,1097,2,1014.245283018868,56.45283018867924,311.0,369.0,inside_visible,725.2491754385965,825.9437719298246,0
i7GsJrDdCVU_15263-16742,1098,1,542.0,317.0,271.0,344.0,inside_visible,731.746,834.4269459459459,1
i7GsJrDdCVU_15263-16742,1098,2,1014.0377358490566,56.37735849056604,311.0,369.0,inside_visible,725.3056432748538,825.8951637426901,0
i7GsJrDdCVU_15263-16742,1099,1,541.125,316.625,271.0,344.0,inside_visible,731.746,834.3548738738739,1
i7GsJrDdCVU_15263-16742,1099,2,1013.8301886792452,56.301886792452834,311.0,369.0,inside_visible,725.3621111111111,825.8465555555556,0
i7GsJrDdCVU_15263-16742,1100,1,540.25,316.25,271.0,344.0,inside_visible,731.746,834.2828018018018,1
i7GsJrDdCVU_15263-16742,1100,2,1013.622641509434,56.22641509433962,311.0000000000001,369.0,inside_visible,725.4185789473684,825.7979473684211,0
i7GsJrDdCVU_15263-16742,1101,1,539.375,315.875,271.0,344.0,inside_visible,731.746,834.2107297297297,1
i7GsJrDdCVU_15263-16742,1101,2,1013.4150943396228,56.15094339622642,310.9999999999999,369.0,inside_visible,725.4750467836257,825.7493391812866,0
i7GsJrDdCVU_15263-16742,1102,1,538.5,315.5,271.0,344.0,inside_visible,731.746,834.1386576576576,1
i7GsJrDdCVU_15263-16742,1102,2,1013.2075471698112,56.075471698113205,311.0,369.0,inside_visible,725.531514619883,825.7007309941521,0
i7GsJrDdCVU_15263-16742,1103,1,537.625,315.125,271.0,344.0,inside_visible,731.746,834.0665855855856,1
i7GsJrDdCVU_15263-16742,1103,2,1013.0,56.0,311.0,369.0,inside_visible,725.5879824561403,825.6521228070176,0
i7GsJrDdCVU_15263-16742,1104,1,536.75,314.75,271.0,344.0,inside_visible,731.746,833.9945135135135,1
i7GsJrDdCVU_15263-16742,1104,2,1014.2727272727273,52.72727272727273,311.0,371.8181818181818,inside_visible,725.6444502923977,825.6035146198831,0
i7GsJrDdCVU_15263-16742,1105,1,535.875,314.375,271.0,344.0,inside_visible,731.746,833.9224414414414,1
i7GsJrDdCVU_15263-16742,1105,2,1015.5454545454544,49.45454545454545,311.0,374.6363636363636,inside_visible,725.700918128655,825.5549064327486,0
i7GsJrDdCVU_15263-16742,1106,1,535.0,314.0,271.0,344.0,inside_visible,731.746,833.8503693693693,1
i7GsJrDdCVU_15263-16742,1106,2,1016.818181818182,46.18181818181819,310.9999999999999,377.45454545454544,inside_visible,725.7573859649123,825.5062982456141,0
i7GsJrDdCVU_15263-16742,1107,1,534.125,313.625,271.0,344.0,inside_visible,731.746,833.7782972972973,1
i7GsJrDdCVU_15263-16742,1107,2,1018.0909090909092,42.90909090909091,310.9999999999999,380.27272727272725,inside_visible,725.8138538011696,825.4576900584796,0
i7GsJrDdCVU_15263-16742,1108,1,533.25,313.25,271.0,344.0,inside_visible,731.746,833.7062252252252,1
i7GsJrDdCVU_15263-16742,1108,2,1019.3636363636364,39.63636363636364,310.9999999999999,383.0909090909091,inside_visible,725.8703216374269,825.409081871345,0
i7GsJrDdCVU_15263-16742,1109,1,532.375,312.875,271.0,344.0,inside_visible,731.746,833.6341531531532,1
i7GsJrDdCVU_15263-16742,1109,2,1020.6363636363636,36.36363636363637,311.0000000000001,385.9090909090909,inside_visible,725.9267894736842,825.3604736842105,0
i7GsJrDdCVU_15263-16742,1110,1,531.5,312.5,271.0,344.0,inside_visible,731.746,833.562081081081,1
i7GsJrDdCVU_15263-16742,1110,2,1021.9090909090908,33.09090909090909,311.0000000000001,388.7272727272728,inside_visible,725.9832573099415,825.311865497076,0
i7GsJrDdCVU_15263-16742,1111,1,530.625,312.125,271.0,344.0,inside_visible,731.746,833.490009009009,1
i7GsJrDdCVU_15263-16742,1111,2,1023.181818181818,29.818181818181817,311.0000000000001,391.54545454545456,inside_visible,726.0397251461987,825.2632573099415,0
i7GsJrDdCVU_15263-16742,1112,1,529.75,311.75,271.0,344.0,inside_visible,731.746,833.4179369369369,1
i7GsJrDdCVU_15263-16742,1112,2,1024.4545454545455,26.545454545454543,311.0,394.3636363636364,inside_visible,726.096192982456,825.214649122807,0
i7GsJrDdCVU_15263-16742,1113,1,528.875,311.375,271.0,344.0,inside_visible,731.746,833.3458648648649,1
i7GsJrDdCVU_15263-16742,1113,2,1025.7272727272727,23.272727272727277,311.0,397.1818181818182,inside_visible,726.1526608187133,825.1660409356725,0
i7GsJrDdCVU_15263-16742,1114,1,528.0,311.0,271.0,344.0,inside_visible,731.746,833.2737927927927,1
i7GsJrDdCVU_15263-16742,1114,2,1027.0,20.0,311.0,400.0,inside_visible,726.2091286549708,825.117432748538,0
i7GsJrDdCVU_15263-16742,1115,1,522.3333333333334,310.0,271.0,344.0,inside_visible,731.746,833.2017207207207,1
i7GsJrDdCVU_15263-16742,1115,2,1028.3333333333333,16.666666666666668,311.0,397.0,inside_visible,726.265596491228,825.0688245614035,0
i7GsJrDdCVU_15263-16742,1116,1,516.6666666666666,309.0,271.0,344.0,inside_visible,731.746,833.1296486486486,1
i7GsJrDdCVU_15263-16742,1116,2,1029.6666666666667,13.333333333333334,311.0,394.0,inside_visible,726.3220643274854,825.020216374269,0
i7GsJrDdCVU_15263-16742,1117,1,511.0,308.0,271.0,344.0,inside_visible,731.746,833.0575765765766,1
i7GsJrDdCVU_15263-16742,1117,2,1031.0,10.0,311.0,391.0,inside_visible,726.3785321637426,824.9716081871345,0
i7GsJrDdCVU_15263-16742,1118,1,501.0,304.0,271.0,344.0,inside_visible,731.746,832.9855045045045,1
i7GsJrDdCVU_15263-16742,1118,2,1047.0,6.0,311.0,399.0,inside_visible,726.435,824.923,0
i7GsJrDdCVU_15263-16742,1119,1,491.0,300.0,271.0,344.0,inside_visible,731.746,832.9134324324324,1
i7GsJrDdCVU_15263-16742,1119,2,1042.0,3.0,306.0,396.0,inside_visible,716.546619047619,810.6521428571428,0
i7GsJrDdCVU_15263-16742,1120,1,474.0,300.0,271.0,344.0,inside_visible,731.746,832.8413603603603,1
i7GsJrDdCVU_15263-16742,1120,2,1037.0,0.0,301.0,393.0,gaze_shift,706.6582380952381,796.3812857142857,0
i7GsJrDdCVU_15263-16742,1121,1,462.0,301.0,271.0,344.0,inside_visible,731.746,832.7692882882883,1
i7GsJrDdCVU_15263-16742,1121,2,1039.6666666666667,0.0,301.0,393.0,gaze_shift,696.7698571428571,782.1104285714285,0
i7GsJrDdCVU_15263-16742,1122,1,450.0,302.0,271.0,344.0,inside_visible,731.746,832.6972162162162,1
i7GsJrDdCVU_15263-16742,1122,2,1042.3333333333333,0.0,301.0,393.0,gaze_shift,686.8814761904762,767.8395714285714,0
i7GsJrDdCVU_15263-16742,1123,1,438.0,303.0,271.0,344.0,inside_visible,731.746,832.6251441441441,1
i7GsJrDdCVU_15263-16742,1123,2,1045.0,0.0,301.0,393.0,gaze_shift,676.9930952380952,753.5687142857143,0
i7GsJrDdCVU_15263-16742,1124,1,425.0,305.0,271.0,344.0,inside_visible,731.746,832.553072072072,1
i7GsJrDdCVU_15263-16742,1124,2,1065.0,0.0,287.0,362.0,gaze_shift,667.1047142857143,739.2978571428572,0
i7GsJrDdCVU_15263-16742,1125,1,412.0,307.0,271.0,344.0,inside_visible,731.746,832.481,1
i7GsJrDdCVU_15263-16742,1125,2,1049.0,0.0,301.0,375.0,gaze_shift,657.2163333333333,725.027,0
i7GsJrDdCVU_15263-16742,1126,1,399.0,309.0,271.0,344.0,inside_visible,731.4596,832.5519666666667,1
i7GsJrDdCVU_15263-16742,1126,2,1055.4,0.0,300.5999999999999,371.0,gaze_shift,647.3279523809524,710.7561428571429,0
i7GsJrDdCVU_15263-16742,1127,1,377.0,309.0,293.0,344.0,inside_visible,731.1732,832.6229333333333,1
i7GsJrDdCVU_15263-16742,1127,2,1061.8,0.0,300.20000000000005,367.0,gaze_shift,637.4395714285714,696.4852857142857,0
i7GsJrDdCVU_15263-16742,1128,1,364.5,314.5,293.0,344.0,inside_visible,730.8868,832.6939,1
i7GsJrDdCVU_15263-16742,1128,2,1068.2,0.0,299.79999999999995,363.0,gaze_shift,627.5511904761904,682.2144285714286,0
i7GsJrDdCVU_15263-16742,1129,1,352.0,320.0,293.0,344.0,inside_visible,730.6004,832.7648666666666,1
i7GsJrDdCVU_15263-16742,1129,2,1074.6,0.0,299.4000000000001,359.0,gaze_shift,617.6628095238095,667.9435714285714,0
i7GsJrDdCVU_15263-16742,1130,1,342.0,321.5,293.0,344.0,inside_visible,730.314,832.8358333333333,1
i7GsJrDdCVU_15263-16742,1130,2,1081.0,0.0,299.0,355.0,gaze_shift,607.7744285714285,653.6727142857143,0
i7GsJrDdCVU_15263-16742,1131,1,332.0,323.0,293.0,344.0,inside_visible,730.0276,832.9068,1
i7GsJrDdCVU_15263-16742,1131,2,1081.0,0.0,299.0,356.75,gaze_shift,597.8860476190475,639.4018571428571,0
i7GsJrDdCVU_15263-16742,1132,1,328.0,326.0,293.0,344.0,inside_visible,729.7411999999999,832.9777666666666,1
i7GsJrDdCVU_15263-16742,1132,2,1081.0,0.0,299.0,358.5,gaze_shift,587.9976666666666,625.1310000000001,0
i7GsJrDdCVU_15263-16742,1133,1,324.0,329.0,293.0,344.0,inside_visible,729.4548,833.0487333333333,1
i7GsJrDdCVU_15263-16742,1133,2,1081.0,0.0,299.0,360.25,gaze_shift,578.1092857142858,610.8601428571428,0
i7GsJrDdCVU_15263-16742,1134,1,320.0,336.0,293.0,344.0,inside_visible,729.1684,833.1197,1
i7GsJrDdCVU_15263-16742,1134,2,1081.0,0.0,299.0,362.0,gaze_shift,568.2209047619048,596.5892857142858,0
i7GsJrDdCVU_15263-16742,1135,1,316.0,343.0,293.0,344.0,inside_visible,728.882,833.1906666666666,1
i7GsJrDdCVU_15263-16742,1135,2,1081.0,0.0,299.0,363.75,gaze_shift,558.3325238095238,582.3184285714285,0
i7GsJrDdCVU_15263-16742,1136,1,296.0,349.0,293.0,344.0,inside_visible,728.5956,833.2616333333333,1
i7GsJrDdCVU_15263-16742,1136,2,1081.0,0.0,299.0,365.5,gaze_shift,548.4441428571429,568.0475714285715,0
i7GsJrDdCVU_15263-16742,1137,1,296.0,349.0,293.0,341.0,inside_visible,728.3092,833.3326,1
i7GsJrDdCVU_15263-16742,1137,2,1081.0,0.0,299.0,367.25,gaze_shift,538.5557619047619,553.7767142857143,0
i7GsJrDdCVU_15263-16742,1138,1,297.5,353.0,293.0,341.0,inside_visible,728.0228,833.4035666666666,1
i7GsJrDdCVU_15263-16742,1138,2,1081.0,0.0,299.0,369.0,gaze_shift,528.667380952381,539.5058571428572,0
i7GsJrDdCVU_15263-16742,1139,1,299.0,357.0,293.0,341.0,inside_visible,727.7364,833.4745333333333,1
i7GsJrDdCVU_15263-16742,1139,2,1099.0,0.0,299.0,369.0,inside_visible,518.779,525.235,0
i7GsJrDdCVU_15263-16742,1140,1,277.0,357.0,293.0,341.0,inside_visible,727.45,833.5455,1
i7GsJrDdCVU_15263-16742,1140,2,1102.5,0.0,299.0,369.0,inside_visible,523.0546,530.1806,0
i7GsJrDdCVU_15263-16742,1141,1,272.3333333333333,360.6666666666667,297.6666666666667,340.99999999999994,inside_visible,727.1636,833.6164666666667,1
i7GsJrDdCVU_15263-16742,1141,2,1106.0,0.0,299.0,369.0,inside_visible,527.3302,535.1262,0
i7GsJrDdCVU_15263-16742,1142,1,267.6666666666667,364.3333333333333,302.3333333333333,341.00000000000006,inside_visible,726.8772,833.6874333333334,1
i7GsJrDdCVU_15263-16742,1142,2,1109.5,0.0,299.0,369.0,inside_visible,531.6058,540.0717999999999,0
i7GsJrDdCVU_15263-16742,1143,1,263.0,368.0,307.0,341.0,inside_visible,726.5908,833.7584,1
i7GsJrDdCVU_15263-16742,1143,2,1113.0,0.0,299.0,369.0,inside_visible,535.8814,545.0174,0
i7GsJrDdCVU_15263-16742,1144,1,263.0,370.0,307.0,341.0,inside_visible,726.3044,833.8293666666667,1
i7GsJrDdCVU_15263-16742,1144,2,1116.5,0.0,299.0,369.0,inside_visible,540.157,549.963,0
i7GsJrDdCVU_15263-16742,1145,1,263.0,372.0,307.0,341.0,inside_visible,726.018,833.9003333333334,1
i7GsJrDdCVU_15263-16742,1145,2,1120.0,0.0,299.0,369.0,inside_visible,748.433,840.508,0
i7GsJrDdCVU_15263-16742,1146,1,263.0,374.0,307.0,341.0,inside_visible,725.7316,833.9713,1
i7GsJrDdCVU_15263-16742,1146,2,1120.428571428571,0.0,299.0,369.0,inside_visible,750.4476477272727,841.3225227272727,0
i7GsJrDdCVU_15263-16742,1147,1,265.0,374.6,307.0,338.19999999999993,inside_visible,725.4452,834.0422666666667,1
i7GsJrDdCVU_15263-16742,1147,2,1120.857142857143,0.0,299.0,369.0,inside_visible,752.4622954545455,842.1370454545455,0
i7GsJrDdCVU_15263-16742,1148,1,267.0,375.2,307.0,335.40000000000003,inside_visible,725.1588,834.1132333333334,1
i7GsJrDdCVU_15263-16742,1148,2,1121.2857142857142,0.0,299.0,369.0,inside_visible,754.4769431818182,842.9515681818182,0
i7GsJrDdCVU_15263-16742,1149,1,269.0,375.8,307.0,332.6,inside_visible,724.8724,834.1842,1
i7GsJrDdCVU_15263-16742,1149,2,1121.7142857142858,0.0,299.0,369.0,inside_visible,756.4915909090909,843.766090909091,0
i7GsJrDdCVU_15263-16742,1150,1,271.0,376.4,307.0,329.80000000000007,inside_visible,724.586,834.2551666666667,1
i7GsJrDdCVU_15263-16742,1150,2,1122.142857142857,0.0,299.0,369.0,inside_visible,758.5062386363636,844.5806136363636,0
i7GsJrDdCVU_15263-16742,1151,1,273.0,377.0,307.0,327.0,inside_visible,724.2995999999999,834.3261333333334,1
i7GsJrDdCVU_15263-16742,1151,2,1122.571428571429,0.0,299.0,369.0,inside_visible,760.5208863636364,845.3951363636364,0
i7GsJrDdCVU_15263-16742,1152,1,275.0,377.6,307.0,324.19999999999993,inside_visible,724.0132,834.3971,1
i7GsJrDdCVU_15263-16742,1152,2,1123.0,0.0,299.0,369.0,inside_visible,762.5355340909091,846.2096590909091,0
i7GsJrDdCVU_15263-16742,1153,1,277.0,378.2,307.0,321.40000000000003,inside_visible,723.7268,834.4680666666667,1
i7GsJrDdCVU_15263-16742,1153,2,1123.428571428571,0.0,299.0,369.0,inside_visible,764.5501818181818,847.0241818181819,0
i7GsJrDdCVU_15263-16742,1154,1,279.0,378.8,307.0,318.6,inside_visible,723.4404,834.5390333333334,1
i7GsJrDdCVU_15263-16742,1154,2,1123.857142857143,0.0,299.0,369.0,gaze_shift,766.5648295454546,847.8387045454546,0
i7GsJrDdCVU_15263-16742,1155,1,281.0,379.4,307.0,315.80000000000007,inside_visible,723.154,834.61,1
i7GsJrDdCVU_15263-16742,1155,2,1124.2857142857142,0.0,299.0,369.0,gaze_shift,768.5794772727272,848.6532272727273,0
i7GsJrDdCVU_15263-16742,1156,1,283.0,380.0,307.0,313.0,inside_visible,735.135,825.281,1
i7GsJrDdCVU_15263-16742,1156,2,1124.7142857142858,0.0,299.0,369.0,gaze_shift,770.594125,849.46775,0
i7GsJrDdCVU_15263-16742,1157,1,281.85714285714283,376.8571428571428,307.00000000000006,313.00000000000006,gaze_shift,726.4485,826.2855,1
i7GsJrDdCVU_15263-16742,1157,2,1125.142857142857,0.0,299.0,369.0,gaze_shift,772.6087727272727,850.2822727272728,0
i7GsJrDdCVU_15263-16742,1158,1,280.7142857142857,373.7142857142857,306.99999999999994,312.99999999999994,gaze_shift,717.762,827.29,1
i7GsJrDdCVU_15263-16742,1158,2,1125.571428571429,0.0,299.0,369.0,gaze_shift,774.6234204545455,851.0967954545455,0
i7GsJrDdCVU_15263-16742,1159,1,279.57142857142856,370.57142857142856,307.0,313.0,inside_visible,1411.083,957.295,1
i7GsJrDdCVU_15263-16742,1159,2,1126.0,0.0,299.0,369.0,gaze_shift,776.6380681818182,851.9113181818183,0
i7GsJrDdCVU_15263-16742,1160,1,278.42857142857144,367.4285714285714,307.0,313.0,inside_visible,1367.475,931.26,1
i7GsJrDdCVU_15263-16742,1160,2,1130.0,0.0,299.0,358.3333333333333,gaze_shift,778.652715909091,852.725840909091,0
i7GsJrDdCVU_15263-16742,1161,1,277.2857142857143,364.2857142857143,307.00000000000006,313.00000000000006,inside_visible,1389.753,948.482,1
i7GsJrDdCVU_15263-16742,1161,2,1134.0,0.0,299.0,347.6666666666667,gaze_shift,780.6673636363636,853.5403636363636,0
i7GsJrDdCVU_15263-16742,1162,1,276.1428571428572,361.1428571428572,306.99999999999994,312.99999999999994,inside_visible,1389.8752101910827,948.6518535031848,1
i7GsJrDdCVU_15263-16742,1162,2,1138.0,0.0,299.0,337.0,gaze_shift,782.6820113636363,854.3548863636364,0
i7GsJrDdCVU_15263-16742,1163,1,275.0,358.0,307.0,313.0,inside_visible,1389.9974203821655,948.8217070063694,1
i7GsJrDdCVU_15263-16742,1163,2,1138.0,0.0,299.0,334.25,gaze_shift,784.6966590909091,855.1694090909091,0
i7GsJrDdCVU_15263-16742,1164,1,274.57894736842104,358.42105263157896,307.0,313.0,inside_visible,1390.1196305732483,948.991560509554,1
i7GsJrDdCVU_15263-16742,1164,2,1138.0,0.0,299.0,331.5,gaze_shift,786.7113068181818,855.9839318181819,0
i7GsJrDdCVU_15263-16742,1165,1,274.1578947368421,358.8421052631579,307.0,313.0,inside_visible,1390.241840764331,949.1614140127388,1
i7GsJrDdCVU_15263-16742,1165,2,1138.0,0.0,299.0,328.75,gaze_shift,788.7259545454546,856.7984545454545,0
i7GsJrDdCVU_15263-16742,1166,1,273.7368421052632,359.2631578947368,306.99999999999994,313.00000000000006,inside_visible,1390.364050955414,949.3312675159236,1
i7GsJrDdCVU_15263-16742,1166,2,1138.0,0.0,299.0,326.0,gaze_shift,790.7406022727273,857.6129772727273,0
i7GsJrDdCVU_15263-16742,1167,1,273.3157894736842,359.6842105263158,306.99999999999994,313.00000000000006,inside_visible,1390.4862611464966,949.5011210191084,1
i7GsJrDdCVU_15263-16742,1167,2,1138.0,0.0,299.0,323.25,gaze_shift,792.7552499999999,858.4275,0
i7GsJrDdCVU_15263-16742,1168,1,272.89473684210526,360.10526315789474,307.00000000000006,312.99999999999994,inside_visible,1390.6084713375797,949.670974522293,1
i7GsJrDdCVU_15263-16742,1168,2,1138.0,0.0,299.0,320.5,gaze_shift,794.7698977272727,859.2420227272728,0
i7GsJrDdCVU_15263-16742,1169,1,272.4736842105263,360.5263157894737,307.00000000000006,312.99999999999994,inside_visible,1390.7306815286624,949.8408280254775,1
i7GsJrDdCVU_15263-16742,1169,2,1138.0,0.0,299.0,317.75,gaze_shift,796.7845454545454,860.0565454545455,0
i7GsJrDdCVU_15263-16742,1170,1,272.05263157894734,360.9473684210527,307.00000000000006,312.99999999999994,inside_visible,1390.8528917197452,950.0106815286624,1
i7GsJrDdCVU_15263-16742,1170,2,1138.0,0.0,299.0,315.0,gaze_shift,798.7991931818182,860.8710681818183,0
i7GsJrDdCVU_15263-16742,1171,1,271.63157894736844,361.3684210526316,307.0,313.0,inside_visible,1390.975101910828,950.1805350318472,1
i7GsJrDdCVU_15263-16742,1171,2,1137.2,0.0,299.0,315.0,gaze_shift,800.8138409090909,861.6855909090909,0
i7GsJrDdCVU_15263-16742,1172,1,271.2105263157895,361.7894736842105,307.0,313.0,inside_visible,1391.0973121019108,950.3503885350318,1
i7GsJrDdCVU_15263-16742,1172,2,1136.4,0.0,299.0,315.0,gaze_shift,802.8284886363637,862.5001136363637,0
i7GsJrDdCVU_15263-16742,1173,1,270.7894736842105,362.2105263157895,307.0,313.0,inside_visible,1391.2195222929936,950.5202420382166,1
i7GsJrDdCVU_15263-16742,1173,2,1135.6,0.0,299.0,315.0,gaze_shift,804.8431363636364,863.3146363636364,0
i7GsJrDdCVU_15263-16742,1174,1,270.3684210526316,362.6315789473685,307.0,313.0,inside_visible,1391.3417324840764,950.6900955414012,1
i7GsJrDdCVU_15263-16742,1174,2,1134.8,0.0,299.0,315.0,gaze_shift,806.857784090909,864.1291590909091,0
i7GsJrDdCVU_15263-16742,1175,1,269.94736842105266,363.05263157894734,306.99999999999994,313.00000000000006,inside_visible,1391.4639426751592,950.859949044586,1
i7GsJrDdCVU_15263-16742,1175,2,1134.0,0.0,299.0,315.0,gaze_shift,808.8724318181818,864.9436818181819,0
i7GsJrDdCVU_15263-16742,1176,1,269.5263157894737,363.4736842105263,306.99999999999994,313.00000000000006,inside_visible,1391.586152866242,951.0298025477708,1
i7GsJrDdCVU_15263-16742,1176,2,1133.2,0.0,299.0,315.0,gaze_shift,810.8870795454545,865.7582045454545,0
i7GsJrDdCVU_15263-16742,1177,1,269.10526315789474,363.89473684210526,306.99999999999994,313.00000000000006,inside_visible,1391.7083630573247,951.1996560509554,1
i7GsJrDdCVU_15263-16742,1177,2,1132.4,0.0,299.0,315.0,gaze_shift,812.9017272727273,866.5727272727273,0
i7GsJrDdCVU_15263-16742,1178,1,268.6842105263158,364.3157894736842,307.00000000000006,312.99999999999994,inside_visible,1391.8305732484075,951.36950955414,1
i7GsJrDdCVU_15263-16742,1178,2,1131.6,0.0,299.0,315.0,gaze_shift,814.916375,867.38725,0
i7GsJrDdCVU_15263-16742,1179,1,268.2631578947368,364.7368421052632,307.00000000000006,312.99999999999994,inside_visible,1391.9527834394903,951.5393630573247,1
i7GsJrDdCVU_15263-16742,1179,2,1130.8,0.0,299.0,315.0,gaze_shift,816.9310227272728,868.2017727272728,0
i7GsJrDdCVU_15263-16742,1180,1,267.8421052631579,365.1578947368421,307.0,313.0,inside_visible,1392.074993630573,951.7092165605096,1
i7GsJrDdCVU_15263-16742,1180,2,1130.0,0.0,299.0,315.0,gaze_shift,818.9456704545454,869.0162954545455,0
i7GsJrDdCVU_15263-16742,1181,1,267.42105263157896,365.578947368421,307.0,313.0,inside_visible,1392.197203821656,951.8790700636944,1
i7GsJrDdCVU_15263-16742,1181,2,1129.2,0.0,299.0,315.0,gaze_shift,820.9603181818181,869.8308181818182,0
i7GsJrDdCVU_15263-16742,1182,1,267.0,366.0,307.0,313.0,inside_visible,1392.319414012739,952.048923566879,1
i7GsJrDdCVU_15263-16742,1182,2,1128.4,0.0,299.0,315.0,gaze_shift,822.9749659090909,870.6453409090909,0
i7GsJrDdCVU_15263-16742,1183,1,268.6,367.2,307.0,313.00000000000006,inside_visible,1392.4416242038217,952.2187770700637,1
i7GsJrDdCVU_15263-16742,1183,2,1127.6,0.0,299.0,315.0,gaze_shift,824.9896136363636,871.4598636363637,0
i7GsJrDdCVU_15263-16742,1184,1,270.2,368.4,307.00000000000006,313.0,inside_visible,1392.5638343949045,952.3886305732484,1
i7GsJrDdCVU_15263-16742,1184,2,1126.8,0.0,299.0,315.0,gaze_shift,827.0042613636364,872.2743863636364,0
i7GsJrDdCVU_15263-16742,1185,1,271.8,369.6,306.99999999999994,313.0,inside_visible,1392.6860445859872,952.558484076433,1
i7GsJrDdCVU_15263-16742,1185,2,1126.0,0.0,299.0,315.0,gaze_shift,829.0189090909091,873.0889090909092,0
i7GsJrDdCVU_15263-16742,1186,1,273.4,370.8,307.0,312.99999999999994,inside_visible,1392.80825477707,952.7283375796178,1
i7GsJrDdCVU_15263-16742,1186,2,1124.0,0.0,299.0,315.0,gaze_shift,831.0335568181818,873.9034318181818,0
i7GsJrDdCVU_15263-16742,1187,1,275.0,372.0,307.0,313.0,inside_visible,1392.9304649681528,952.8981910828026,1
i7GsJrDdCVU_15263-16742,1187,2,1122.0,0.0,299.0,315.0,gaze_shift,833.0482045454545,874.7179545454546,0
i7GsJrDdCVU_15263-16742,1188,1,278.3333333333333,375.3333333333333,307.00000000000006,313.00000000000006,inside_visible,1393.0526751592356,953.0680445859872,1
i7GsJrDdCVU_15263-16742,1188,2,1120.0,0.0,299.0,315.0,gaze_shift,835.0628522727272,875.5324772727273,0
i7GsJrDdCVU_15263-16742,1189,1,281.6666666666667,378.6666666666667,306.99999999999994,312.99999999999994,inside_visible,1393.1748853503184,953.237898089172,1
i7GsJrDdCVU_15263-16742,1189,2,1118.0,0.0,299.0,315.0,gaze_shift,837.0775,876.347,0
i7GsJrDdCVU_15263-16742,1190,1,285.0,382.0,307.0,313.0,inside_visible,1393.2970955414012,953.4077515923568,1
i7GsJrDdCVU_15263-16742,1190,2,1116.0,0.0,299.0,315.0,gaze_shift,839.0921477272727,877.1615227272728,0
i7GsJrDdCVU_15263-16742,1191,1,288.3333333333333,385.3333333333333,307.00000000000006,313.00000000000006,inside_visible,1393.419305732484,953.5776050955412,1
i7GsJrDdCVU_15263-16742,1191,2,1114.0,0.0,299.0,315.0,gaze_shift,841.1067954545455,877.9760454545454,0
i7GsJrDdCVU_15263-16742,1192,1,291.6666666666667,388.6666666666667,306.99999999999994,312.99999999999994,inside_visible,1393.5415159235667,953.747458598726,1
i7GsJrDdCVU_15263-16742,1192,2,1112.0,0.0,299.0,315.0,gaze_shift,843.1214431818182,878.7905681818182,0
i7GsJrDdCVU_15263-16742,1193,1,295.0,392.0,307.0,313.0,inside_visible,1393.6637261146495,953.9173121019109,1
i7GsJrDdCVU_15263-16742,1193,2,1110.0,0.0,299.0,315.0,gaze_shift,845.1360909090909,879.6050909090909,0
i7GsJrDdCVU_15263-16742,1194,1,301.0,378.0,301.0,319.0,inside_visible,1393.7859363057323,954.0871656050956,1
i7GsJrDdCVU_15263-16742,1194,2,1110.0,0.0,299.0,318.0,gaze_shift,847.1507386363636,880.4196136363637,0
i7GsJrDdCVU_15263-16742,1195,1,301.72727272727275,379.54545454545456,300.27272727272725,318.99999999999994,inside_visible,1393.908146496815,954.2570191082802,1
i7GsJrDdCVU_15263-16742,1195,2,1110.0,0.0,299.0,321.0,gaze_shift,849.1653863636363,881.2341363636364,0
i7GsJrDdCVU_15263-16742,1196,1,302.45454545454544,381.09090909090907,299.54545454545456,319.00000000000006,inside_visible,1394.030356687898,954.426872611465,1
i7GsJrDdCVU_15263-16742,1196,2,1110.0,0.0,299.0,324.0,gaze_shift,851.1800340909091,882.0486590909092,0
i7GsJrDdCVU_15263-16742,1197,1,303.1818181818182,382.6363636363636,298.8181818181818,319.0,inside_visible,1394.152566878981,954.5967261146496,1
i7GsJrDdCVU_15263-16742,1197,2,1110.0,0.0,299.0,327.0,gaze_shift,853.1946818181818,882.8631818181818,0
i7GsJrDdCVU_15263-16742,1198,1,303.90909090909093,384.1818181818182,298.09090909090907,318.99999999999994,inside_visible,1394.2747770700637,954.7665796178344,1
i7GsJrDdCVU_15263-16742,1198,2,1110.0,0.0,299.0,345.0,gaze_shift,855.2093295454546,883.6777045454546,0
i7GsJrDdCVU_15263-16742,1199,1,304.6363636363636,385.7272727272728,297.3636363636364,319.0,inside_visible,1394.3969872611465,954.936433121019,1
i7GsJrDdCVU_15263-16742,1199,2,1106.888888888889,0.2222222222222222,299.0,345.0,gaze_shift,857.2239772727272,884.4922272727273,0
i7GsJrDdCVU_15263-16742,1200,1,305.3636363636364,387.27272727272725,296.6363636363636,319.0,inside_visible,1394.5191974522293,955.1062866242038,1
i7GsJrDdCVU_15263-16742,1200,2,1103.7777777777778,0.4444444444444444,299.0,345.0,gaze_shift,859.238625,885.3067500000001,0
i7GsJrDdCVU_15263-16742,1201,1,306.09090909090907,388.8181818181818,295.90909090909093,319.00000000000006,inside_visible,1394.641407643312,955.2761401273884,1
i7GsJrDdCVU_15263-16742,1201,2,1100.6666666666667,0.6666666666666666,299.0,345.0,gaze_shift,861.2532727272727,886.1212727272728,0
i7GsJrDdCVU_15263-16742,1202,1,306.8181818181818,390.3636363636364,295.1818181818182,319.0,inside_visible,1394.7636178343948,955.4459936305732,1
i7GsJrDdCVU_15263-16742,1202,2,1097.5555555555557,0.8888888888888888,299.0,345.0,gaze_shift,863.2679204545454,886.9357954545455,0
i7GsJrDdCVU_15263-16742,1203,1,307.54545454545456,391.9090909090909,294.45454545454544,318.99999999999994,inside_visible,1394.8858280254776,955.615847133758,1
i7GsJrDdCVU_15263-16742,1203,2,1094.4444444444443,1.1111111111111112,299.0,345.0,gaze_shift,865.2825681818182,887.7503181818182,0
i7GsJrDdCVU_15263-16742,1204,1,308.27272727272725,393.45454545454544,293.72727272727275,319.00000000000006,inside_visible,1395.0080382165604,955.7857006369428,1
i7GsJrDdCVU_15263-16742,1204,2,1091.3333333333333,1.3333333333333333,299.0,345.0,gaze_shift,867.2972159090909,888.5648409090909,0
i7GsJrDdCVU_15263-16742,1205,1,309.0,395.0,293.0,319.0,inside_visible,1395.1302484076432,955.9555541401272,1
i7GsJrDdCVU_15263-16742,1205,2,1088.2222222222222,1.5555555555555556,299.0,345.0,gaze_shift,869.3118636363636,889.3793636363637,0
i7GsJrDdCVU_15263-16742,1206,1,307.25,396.0,293.0,319.0,inside_visible,1395.252458598726,956.125407643312,1
i7GsJrDdCVU_15263-16742,1206,2,1085.111111111111,1.7777777777777777,299.0,345.0,gaze_shift,871.3265113636363,890.1938863636364,0
i7GsJrDdCVU_15263-16742,1207,1,305.5,397.0,293.0,319.0,inside_visible,1395.374668789809,956.2952611464968,1
i7GsJrDdCVU_15263-16742,1207,2,1082.0,2.0,299.0,345.0,gaze_shift,873.3411590909091,891.0084090909091,0
i7GsJrDdCVU_15263-16742,1208,1,303.75,398.0,293.0,319.0,inside_visible,1395.4968789808918,956.4651146496816,1
i7GsJrDdCVU_15263-16742,1208,2,1082.0,2.0,299.0,345.3333333333333,gaze_shift,875.3558068181818,891.8229318181818,0
i7GsJrDdCVU_15263-16742,1209,1,302.0,399.0,293.0,319.0,inside_visible,1395.6190891719746,956.6349681528662,1
i7GsJrDdCVU_15263-16742,1209,2,1082.0,2.0,299.0,345.6666666666667,gaze_shift,877.3704545454545,892.6374545454546,0
i7GsJrDdCVU_15263-16742,1210,1,300.25,400.0,293.0,319.0,inside_visible,1395.7412993630574,956.804821656051,1
i7GsJrDdCVU_15263-16742,1210,2,1082.0,2.0,299.0,346.0,gaze_shift,879.3851022727273,893.4519772727273,0
i7GsJrDdCVU_15263-16742,1211,1,298.5,401.0,293.0,319.0,inside_visible,1395.86350955414,956.9746751592356,1
i7GsJrDdCVU_15263-16742,1211,2,1082.0,2.0,299.0,346.3333333333333,gaze_shift,881.39975,894.2665000000001,0
i7GsJrDdCVU_15263-16742,1212,1,296.75,402.0,293.0,319.0,inside_visible,1395.985719745223,957.1445286624204,1
i7GsJrDdCVU_15263-16742,1212,2,1082.0,2.0,299.0,346.6666666666667,gaze_shift,883.4143977272727,895.0810227272727,0
i7GsJrDdCVU_15263-16742,1213,1,295.0,403.0,293.0,319.0,inside_visible,1396.1079299363057,957.314382165605,1
i7GsJrDdCVU_15263-16742,1213,2,1082.0,2.0,299.0,347.0,gaze_shift,885.4290454545454,895.8955454545455,0
i7GsJrDdCVU_15263-16742,1214,1,295.0,406.6666666666667,292.0,315.3333333333333,inside_visible,1396.2301401273885,957.4842356687898,1
i7GsJrDdCVU_15263-16742,1214,2,1082.842105263158,1.8947368421052635,299.0,347.0,gaze_shift,887.4436931818182,896.7100681818182,0
i7GsJrDdCVU_15263-16742,1215,1,295.0,410.3333333333333,291.0,311.6666666666667,inside_visible,1396.3523503184713,957.6540891719744,1
i7GsJrDdCVU_15263-16742,1215,2,1083.6842105263158,1.7894736842105263,299.0,347.0,gaze_shift,889.4583409090909,897.524590909091,0
i7GsJrDdCVU_15263-16742,1216,1,295.0,414.0,290.0,308.0,inside_visible,1396.474560509554,957.8239426751592,1
i7GsJrDdCVU_15263-16742,1216,2,1084.5263157894738,1.6842105263157894,299.0,347.0,gaze_shift,891.4729886363637,898.3391136363637,0
i7GsJrDdCVU_15263-16742,1217,1,296.0625,414.0,290.0,308.0,inside_visible,1396.5967707006369,957.993796178344,1
i7GsJrDdCVU_15263-16742,1217,2,1085.3684210526317,1.5789473684210529,299.0,347.0,gaze_shift,893.4876363636363,899.1536363636365,0
i7GsJrDdCVU_15263-16742,1218,1,297.125,414.0,290.0,308.0,inside_visible,1396.7189808917196,958.1636496815288,1
i7GsJrDdCVU_15263-16742,1218,2,1086.2105263157894,1.473684210526316,299.0,347.0,gaze_shift,895.5022840909091,899.9681590909091,0
i7GsJrDdCVU_15263-16742,1219,1,298.1875,414.0,290.0,308.0,inside_visible,1396.8411910828024,958.3335031847132,1
i7GsJrDdCVU_15263-16742,1219,2,1087.0526315789473,1.368421052631579,299.0,347.0,gaze_shift,897.5169318181818,900.7826818181818,0
i7GsJrDdCVU_15263-16742,1220,1,299.25,414.0,290.0,308.0,inside_visible,1396.9634012738854,958.503356687898,1
i7GsJrDdCVU_15263-16742,1220,2,1087.8947368421052,1.263157894736842,299.0,347.0,gaze_shift,899.5315795454545,901.5972045454546,0
i7GsJrDdCVU_15263-16742,1221,1,300.3125,414.0,290.0,308.0,inside_visible,1397.0856114649682,958.6732101910828,1
i7GsJrDdCVU_15263-16742,1221,2,1088.7368421052631,1.1578947368421053,299.0,347.0,gaze_shift,901.5462272727272,902.4117272727271,0
i7GsJrDdCVU_15263-16742,1222,1,301.375,414.0,290.0,308.0,inside_visible,1397.207821656051,958.8430636942676,1
i7GsJrDdCVU_15263-16742,1222,2,1089.578947368421,1.0526315789473686,299.0,347.0,gaze_shift,903.560875,903.22625,0
i7GsJrDdCVU_15263-16742,1223,1,302.4375,414.0,290.0,308.0,inside_visible,1397.3300318471338,959.0129171974522,1
i7GsJrDdCVU_15263-16742,1223,2,1090.421052631579,0.9473684210526316,299.0,347.0,gaze_shift,905.5755227272728,904.0407727272728,0
i7GsJrDdCVU_15263-16742,1224,1,303.5,414.0,290.0,308.0,inside_visible,1397.4522420382166,959.182770700637,1
i7GsJrDdCVU_15263-16742,1224,2,1091.2631578947369,0.8421052631578947,299.0,347.0,gaze_shift,907.5901704545454,904.8552954545456,0
i7GsJrDdCVU_15263-16742,1225,1,304.5625,414.0,290.0,308.0,inside_visible,1397.5744522292994,959.3526242038216,1
i7GsJrDdCVU_15263-16742,1225,2,1092.1052631578948,0.736842105263158,299.0,347.0,gaze_shift,909.604818181818,905.6698181818182,0
i7GsJrDdCVU_15263-16742,1226,1,305.625,414.0,290.0,308.0,inside_visible,1397.6966624203822,959.5224777070064,1
i7GsJrDdCVU_15263-16742,1226,2,1092.9473684210527,0.631578947368421,299.0,347.0,gaze_shift,911.6194659090908,906.484340909091,0
i7GsJrDdCVU_15263-16742,1227,1,306.6875,414.0,290.0,308.0,inside_visible,1397.818872611465,959.692331210191,1
i7GsJrDdCVU_15263-16742,1227,2,1093.7894736842106,0.5263157894736843,299.0,347.0,gaze_shift,913.6341136363636,907.2988636363636,0
i7GsJrDdCVU_15263-16742,1228,1,307.75,414.0,290.0,308.0,inside_visible,1397.9410828025475,959.8621847133758,1
i7GsJrDdCVU_15263-16742,1228,2,1094.6315789473683,0.4210526315789473,299.0,347.0,gaze_shift,915.6487613636364,908.1133863636364,0
i7GsJrDdCVU_15263-16742,1229,1,308.8125,414.0,290.0,308.0,inside_visible,1398.0632929936305,960.0320382165604,1
i7GsJrDdCVU_15263-16742,1229,2,1095.4736842105262,0.3157894736842106,299.0,347.0,gaze_shift,917.6634090909092,908.9279090909092,0
i7GsJrDdCVU_15263-16742,1230,1,309.875,414.0,290.0,308.0,inside_visible,1398.1855031847133,960.2018917197452,1
i7GsJrDdCVU_15263-16742,1230,2,1096.3157894736842,0.2105263157894736,299.0,347.0,gaze_shift,919.678056818182,909.742431818182,0
i7GsJrDdCVU_15263-16742,1231,1,310.9375,414.0,290.0,308.0,inside_visible,1398.307713375796,960.37174522293,1
i7GsJrDdCVU_15263-16742,1231,2,1097.157894736842,0.1052631578947369,299.0,347.0,gaze_shift,921.6927045454544,910.5569545454546,0
i7GsJrDdCVU_15263-16742,1232,1,312.0,414.0,290.0,308.0,inside_visible,1398.4299235668789,960.5415987261148,1
i7GsJrDdCVU_15263-16742,1232,2,1098.0,0.0,299.0,347.0,gaze_shift,923.7073522727272,911.3714772727274,0
i7GsJrDdCVU_15263-16742,1233,1,312.0,414.0,270.0,316.0,inside_visible,1398.552133757962,960.7114522292992,1
i7GsJrDdCVU_15263-16742,1233,2,1101.2,0.0,299.0,347.0,gaze_shift,925.722,912.186,0
i7GsJrDdCVU_15263-16742,1234,1,312.0,408.0,270.0,322.0,inside_visible,1398.674343949045,960.881305732484,1
i7GsJrDdCVU_15263-16742,1234,2,1104.4,0.0,299.0,347.0,gaze_shift,926.3961573033708,910.2983595505618,0
i7GsJrDdCVU_15263-16742,1235,1,311.6470588235294,408.3529411764706,270.0,322.0,inside_visible,1398.7965541401277,961.0511592356688,1
i7GsJrDdCVU_15263-16742,1235,2,1107.6,0.0,299.0,347.0,gaze_shift,927.0703146067416,908.4107191011236,0
i7GsJrDdCVU_15263-16742,1236,1,311.29411764705884,408.7058823529412,269.99999999999994,322.00000000000006,inside_visible,1398.9187643312102,961.2210127388536,1
i7GsJrDdCVU_15263-16742,1236,2,1110.8,0.0,299.0,347.0,gaze_shift,927.7444719101125,906.5230786516854,0
i7GsJrDdCVU_15263-16742,1237,1,310.94117647058823,409.05882352941177,270.00000000000006,321.99999999999994,inside_visible,1399.040974522293,961.3908662420382,1
i7GsJrDdCVU_15263-16742,1237,2,1114.0,0.0,299.0,347.0,gaze_shift,928.4186292134832,904.6354382022472,0
i7GsJrDdCVU_15263-16742,1238,1,310.5882352941176,409.4117647058824,270.00000000000006,321.99999999999994,inside_visible,1399.1631847133758,961.560719745223,1
i7GsJrDdCVU_15263-16742,1238,2,1114.0,0.0,299.0,347.46153846153845,gaze_shift,929.092786516854,902.747797752809,0
i7GsJrDdCVU_15263-16742,1239,1,310.2352941176471,409.7647058823529,270.0,322.0,inside_visible,1399.2853949044586,961.7305732484076,1
i7GsJrDdCVU_15263-16742,1239,2,1114.0,0.0,299.0,347.9230769230769,gaze_shift,929.7669438202248,900.8601573033708,0
i7GsJrDdCVU_15263-16742,1240,1,309.88235294117646,410.11764705882354,270.0,322.0,inside_visible,1399.4076050955414,961.9004267515924,1
i7GsJrDdCVU_15263-16742,1240,2,1114.0,0.0,299.0,348.38461538461536,gaze_shift,930.4411011235954,898.9725168539326,0
i7GsJrDdCVU_15263-16742,1241,1,309.52941176470586,410.4705882352941,270.0,322.0,inside_visible,1399.5298152866242,962.070280254777,1
i7GsJrDdCVU_15263-16742,1241,2,1114.0,0.0,299.0,348.84615384615387,gaze_shift,931.1152584269664,897.0848764044944,0
i7GsJrDdCVU_15263-16742,1242,1,309.1764705882353,410.8235294117647,269.99999999999994,322.00000000000006,inside_visible,1399.652025477707,962.2401337579618,1
i7GsJrDdCVU_15263-16742,1242,2,1114.0,0.0,299.0,349.3076923076923,gaze_shift,931.789415730337,895.1972359550562,0
i7GsJrDdCVU_15263-16742,1243,1,308.8235294117647,411.1764705882353,270.00000000000006,321.99999999999994,inside_visible,1399.7742356687895,962.4099872611464,1
i7GsJrDdCVU_15263-16742,1243,2,1114.0,0.0,299.0,349.7692307692308,gaze_shift,932.4635730337078,893.3095955056181,0
i7GsJrDdCVU_15263-16742,1244,1,308.47058823529414,411.52941176470586,270.0,322.0,inside_visible,1399.8964458598723,962.5798407643312,1
i7GsJrDdCVU_15263-16742,1244,2,1114.0,0.0,299.0,350.2307692307692,gaze_shift,933.1377303370788,891.4219550561799,0
i7GsJrDdCVU_15263-16742,1245,1,308.11764705882354,411.88235294117646,270.0,322.0,inside_visible,1400.018656050955,962.749694267516,1
i7GsJrDdCVU_15263-16742,1245,2,1114.0,0.0,299.0,350.6923076923077,gaze_shift,933.8118876404494,889.5343146067416,0
i7GsJrDdCVU_15263-16742,1246,1,307.7647058823529,412.2352941176471,270.0,322.0,inside_visible,1400.140866242038,962.9195477707008,1
i7GsJrDdCVU_15263-16742,1246,2,1114.0,0.0,299.0,351.15384615384613,gaze_shift,934.4860449438202,887.6466741573034,0
i7GsJrDdCVU_15263-16742,1247,1,307.4117647058824,412.5882352941176,269.99999999999994,322.00000000000006,inside_visible,1400.2630764331211,963.0894012738852,1
i7GsJrDdCVU_15263-16742,1247,2,1114.0,0.0,299.0,351.61538461538464,gaze_shift,935.160202247191,885.7590337078652,0
i7GsJrDdCVU_15263-16742,1248,1,307.05882352941177,412.9411764705882,269.99999999999994,322.00000000000006,inside_visible,1400.385286624204,963.25925477707,1
i7GsJrDdCVU_15263-16742,1248,2,1114.0,0.0,299.0,352.0769230769231,gaze_shift,935.8343595505618,883.871393258427,0
i7GsJrDdCVU_15263-16742,1249,1,306.7058823529412,413.2941176470589,270.00000000000006,321.99999999999994,inside_visible,1400.507496815287,963.4291082802548,1
i7GsJrDdCVU_15263-16742,1249,2,1114.0,0.0,299.0,352.53846153846155,gaze_shift,936.5085168539324,881.9837528089888,0
i7GsJrDdCVU_15263-16742,1250,1,306.3529411764706,413.6470588235294,270.0,322.0,inside_visible,1400.6297070063697,963.5989617834394,1
i7GsJrDdCVU_15263-16742,1250,2,1114.0,0.0,299.0,353.0,gaze_shift,937.1826741573034,880.0961123595506,0
i7GsJrDdCVU_15263-16742,1251,1,306.0,414.0,270.0,322.0,inside_visible,1400.7519171974525,963.7688152866242,1
i7GsJrDdCVU_15263-16742,1251,2,1114.4,0.0,299.0,353.0,gaze_shift,937.856831460674,878.2084719101124,0
i7GsJrDdCVU_15263-16742,1252,1,305.0833333333333,414.6666666666667,270.00000000000006,321.99999999999994,inside_visible,1400.874127388535,963.938668789809,1
i7GsJrDdCVU_15263-16742,1252,2,1114.8,0.0,299.0,353.0,gaze_shift,938.5309887640448,876.3208314606742,0
i7GsJrDdCVU_15263-16742,1253,1,304.1666666666667,415.3333333333333,269.99999999999994,322.00000000000006,inside_visible,1400.9963375796178,964.1085222929936,1
i7GsJrDdCVU_15263-16742,1253,2,1115.2,0.0,299.0,353.0,gaze_shift,939.2051460674156,874.433191011236,0
i7GsJrDdCVU_15263-16742,1254,1,303.25,416.0,270.0,322.0,inside_visible,1401.1185477707006,964.2783757961784,1
i7GsJrDdCVU_15263-16742,1254,2,1115.6,0.0,299.0,353.0,gaze_shift,939.8793033707864,872.5455505617978,0
i7GsJrDdCVU_15263-16742,1255,1,302.3333333333333,416.6666666666667,270.00000000000006,321.99999999999994,inside_visible,1401.2407579617834,964.448229299363,1
i7GsJrDdCVU_15263-16742,1255,2,1116.0,0.0,299.0,353.0,gaze_shift,940.5534606741572,870.6579101123596,0
i7GsJrDdCVU_15263-16742,1256,1,301.4166666666667,417.3333333333333,269.99999999999994,322.00000000000006,inside_visible,1401.3629681528662,964.6180828025476,1
i7GsJrDdCVU_15263-16742,1256,2,1116.4,0.0,299.0,353.0,gaze_shift,941.227617977528,868.7702696629214,0
i7GsJrDdCVU_15263-16742,1257,1,300.5,418.0,270.0,322.0,inside_visible,1401.485178343949,964.7879363057324,1
i7GsJrDdCVU_15263-16742,1257,2,1116.8,0.0,299.0,353.0,gaze_shift,941.9017752808988,866.8826292134831,0
i7GsJrDdCVU_15263-16742,1258,1,299.5833333333333,418.6666666666667,270.00000000000006,321.99999999999994,inside_visible,1401.6073885350318,964.9577898089173,1
i7GsJrDdCVU_15263-16742,1258,2,1117.2,0.0,299.0,353.0,gaze_shift,942.5759325842696,864.9949887640449,0
i7GsJrDdCVU_15263-16742,1259,1,298.6666666666667,419.3333333333333,269.99999999999994,322.00000000000006,inside_visible,1401.7295987261143,965.127643312102,1
i7GsJrDdCVU_15263-16742,1259,2,1117.6,0.0,299.0,353.0,gaze_shift,943.2500898876405,863.1073483146067,0
i7GsJrDdCVU_15263-16742,1260,1,297.75,420.0,270.0,322.0,inside_visible,1401.8518089171976,965.2974968152866,1
i7GsJrDdCVU_15263-16742,1260,2,1118.0,0.0,299.0,353.0,gaze_shift,943.9242471910112,861.2197078651686,0
i7GsJrDdCVU_15263-16742,1261,1,296.8333333333333,420.6666666666667,270.00000000000006,321.99999999999994,inside_visible,1401.9740191082803,965.4673503184712,1
i7GsJrDdCVU_15263-16742,1261,2,1118.4,0.0,299.0,353.0,gaze_shift,944.598404494382,859.3320674157304,0
i7GsJrDdCVU_15263-16742,1262,1,295.9166666666667,421.3333333333333,269.99999999999994,322.00000000000006,inside_visible,1402.0962292993631,965.637203821656,1
i7GsJrDdCVU_15263-16742,1262,2,1118.8,0.0,299.0,353.0,gaze_shift,945.2725617977528,857.4444269662922,0
i7GsJrDdCVU_15263-16742,1263,1,295.0,422.0,270.0,322.0,inside_visible,1402.218439490446,965.8070573248408,1
i7GsJrDdCVU_15263-16742,1263,2,1119.2,0.0,299.0,353.0,gaze_shift,945.9467191011236,855.556786516854,0
i7GsJrDdCVU_15263-16742,1264,1,296.22222222222223,422.0,269.99999999999994,322.0,inside_visible,1402.3406496815287,965.9769108280254,1
i7GsJrDdCVU_15263-16742,1264,2,1119.6,0.0,299.0,353.0,gaze_shift,946.6208764044944,853.6691460674158,0
i7GsJrDdCVU_15263-16742,1265,1,297.44444444444446,422.0,270.0,322.0,inside_visible,1402.4628598726115,966.1467643312102,1
i7GsJrDdCVU_15263-16742,1265,2,1120.0,0.0,299.0,353.0,gaze_shift,947.2950337078652,851.7815056179776,0
i7GsJrDdCVU_15263-16742,1266,1,298.6666666666667,422.0,269.99999999999994,322.0,inside_visible,1402.5850700636945,966.316617834395,1
i7GsJrDdCVU_15263-16742,1266,2,1120.4,0.0,299.0,353.0,gaze_shift,947.969191011236,849.8938651685394,0
i7GsJrDdCVU_15263-16742,1267,1,299.8888888888889,422.0,270.0,322.0,inside_visible,1402.707280254777,966.4864713375796,1
i7GsJrDdCVU_15263-16742,1267,2,1120.8,0.0,299.0,353.0,gaze_shift,948.6433483146068,848.0062247191012,0
i7GsJrDdCVU_15263-16742,1268,1,301.1111111111111,422.0,270.0,322.0,inside_visible,1402.8294904458598,966.6563248407645,1
i7GsJrDdCVU_15263-16742,1268,2,1121.2,0.0,299.0,353.0,gaze_shift,949.3175056179776,846.118584269663,0
i7GsJrDdCVU_15263-16742,1269,1,302.3333333333333,422.0,270.00000000000006,322.0,inside_visible,1402.9517006369426,966.826178343949,1
i7GsJrDdCVU_15263-16742,1269,2,1121.6,0.0,299.0,353.0,gaze_shift,949.9916629213484,844.2309438202248,0
i7GsJrDdCVU_15263-16742,1270,1,303.55555555555554,422.0,270.0,322.0,inside_visible,1403.0739108280254,966.9960318471336,1
i7GsJrDdCVU_15263-16742,1270,2,1122.0,0.0,299.0,353.0,gaze_shift,950.665820224719,842.3433033707865,0
i7GsJrDdCVU_15263-16742,1271,1,304.77777777777777,422.0,270.00000000000006,322.0,inside_visible,1403.1961210191082,967.1658853503184,1
i7GsJrDdCVU_15263-16742,1271,2,1122.4,0.0,299.0,353.0,gaze_shift,951.33997752809,840.4556629213483,0
i7GsJrDdCVU_15263-16742,1272,1,306.0,422.0,270.0,322.0,inside_visible,1403.318331210191,967.3357388535032,1
i7GsJrDdCVU_15263-16742,1272,2,1122.8,0.0,299.0,353.0,gaze_shift,952.0141348314606,838.5680224719101,0
i7GsJrDdCVU_15263-16742,1273,1,306.1224489795918,421.6530612244898,270.0,322.469387755102,inside_visible,1403.440541401274,967.505592356688,1
i7GsJrDdCVU_15263-16742,1273,2,1123.2,0.0,299.0,353.0,gaze_shift,952.6882921348314,836.6803820224719,0
i7GsJrDdCVU_15263-16742,1274,1,306.2448979591837,421.3061224489796,269.99999999999994,322.93877551020404,inside_visible,1403.5627515923568,967.6754458598726,1
i7GsJrDdCVU_15263-16742,1274,2,1123.6,0.0,299.0,353.0,gaze_shift,953.3624494382022,834.7927415730337,0
i7GsJrDdCVU_15263-16742,1275,1,306.3673469387755,420.9591836734694,270.00000000000006,323.40816326530614,inside_visible,1403.6849617834396,967.8452993630572,1
i7GsJrDdCVU_15263-16742,1275,2,1124.0,0.0,299.0,353.0,gaze_shift,954.036606741573,832.9051011235955,0
i7GsJrDdCVU_15263-16742,1276,1,306.4897959183673,420.6122448979592,270.0,323.8775510204082,inside_visible,1403.8071719745224,968.015152866242,1
i7GsJrDdCVU_15263-16742,1276,2,1124.4,0.0,299.0,353.0,gaze_shift,954.7107640449436,831.0174606741573,0
i7GsJrDdCVU_15263-16742,1277,1,306.6122448979592,420.265306122449,270.0,324.3469387755102,inside_visible,1403.9293821656051,968.1850063694268,1
i7GsJrDdCVU_15263-16742,1277,2,1124.8,0.0,299.0,353.0,gaze_shift,955.3849213483146,829.1298202247192,0
i7GsJrDdCVU_15263-16742,1278,1,306.734693877551,419.9183673469388,269.99999999999994,324.8163265306122,inside_visible,1404.051592356688,968.3548598726114,1
i7GsJrDdCVU_15263-16742,1278,2,1125.2,0.0,299.0,353.0,gaze_shift,956.0590786516854,827.2421797752809,0
i7GsJrDdCVU_15263-16742,1279,1,306.85714285714283,419.57142857142856,270.00000000000006,325.28571428571433,inside_visible,1404.1738025477707,968.5247133757962,1
i7GsJrDdCVU_15263-16742,1279,2,1125.6,0.0,299.0,353.0,gaze_shift,956.7332359550562,825.3545393258428,0
i7GsJrDdCVU_15263-16742,1280,1,306.9795918367347,419.2244897959184,270.0,325.7551020408163,inside_visible,1404.2960127388535,968.6945668789808,1
i7GsJrDdCVU_15263-16742,1280,2,1126.0,0.0,299.0,353.0,gaze_shift,957.407393258427,823.4668988764046,0
i7GsJrDdCVU_15263-16742,1281,1,307.1020408163265,418.8775510204082,270.0,326.2244897959183,inside_visible,1404.4182229299363,968.8644203821656,1
i7GsJrDdCVU_15263-16742,1281,2,1126.4,0.0,299.0,353.0,gaze_shift,958.0815505617976,821.5792584269664,0
i7GsJrDdCVU_15263-16742,1282,1,307.2244897959184,418.530612244898,269.99999999999994,326.6938775510204,inside_visible,1404.540433121019,969.0342738853504,1
i7GsJrDdCVU_15263-16742,1282,2,1126.8,0.0,299.0,353.0,gaze_shift,958.7557078651683,819.6916179775282,0
i7GsJrDdCVU_15263-16742,1283,1,307.3469387755102,418.18367346938777,270.00000000000006,327.16326530612247,inside_visible,1404.662643312102,969.204127388535,1
i7GsJrDdCVU_15263-16742,1283,2,1127.2,0.0,299.0,353.0,gaze_shift,959.4298651685392,817.80397752809,0
i7GsJrDdCVU_15263-16742,1284,1,307.46938775510205,417.83673469387753,270.0,327.6326530612245,inside_visible,1404.7848535031846,969.3739808917196,1
i7GsJrDdCVU_15263-16742,1284,2,1127.6,0.0,299.0,353.0,gaze_shift,960.10402247191,815.9163370786517,0
i7GsJrDdCVU_15263-16742,1285,1,307.59183673469386,417.48979591836735,270.0,328.1020408163265,inside_visible,1404.9070636942674,969.5438343949044,1
i7GsJrDdCVU_15263-16742,1285,2,1128.0,0.0,299.0,353.0,gaze_shift,960.7781797752808,814.0286966292135,0
i7GsJrDdCVU_15263-16742,1286,1,307.7142857142857,417.1428571428572,269.99999999999994,328.5714285714285,inside_visible,1405.0292738853504,969.7136878980892,1
i7GsJrDdCVU_15263-16742,1286,2,1128.4,0.0,299.0,353.0,gaze_shift,961.4523370786516,812.1410561797753,0
i7GsJrDdCVU_15263-16742,1287,1,307.8367346938776,416.7959183673469,270.00000000000006,329.04081632653066,inside_visible,1405.1514840764332,969.883541401274,1
i7GsJrDdCVU_15263-16742,1287,2,1128.8,0.0,299.0,353.0,gaze_shift,962.1264943820224,810.2534157303371,0
i7GsJrDdCVU_15263-16742,1288,1,307.9591836734694,416.4489795918368,270.0,329.51020408163265,inside_visible,1405.273694267516,970.0533949044586,1
i7GsJrDdCVU_15263-16742,1288,2,1129.2,0.0,299.0,353.0,gaze_shift,962.8006516853932,808.3657752808989,0
i7GsJrDdCVU_15263-16742,1289,1,308.0816326530612,416.1020408163265,270.0,329.9795918367347,inside_visible,1405.3959044585988,970.2232484076432,1
i7GsJrDdCVU_15263-16742,1289,2,1129.6,0.0,299.0,353.0,gaze_shift,963.474808988764,806.4781348314607,0
i7GsJrDdCVU_15263-16742,1290,1,308.2040816326531,415.7551020408163,269.99999999999994,330.4489795918367,inside_visible,1405.5181146496816,970.393101910828,1
i7GsJrDdCVU_15263-16742,1290,2,1130.0,0.0,299.0,353.0,gaze_shift,964.1489662921348,804.5904943820225,0
i7GsJrDdCVU_15263-16742,1291,1,308.3265306122449,415.4081632653061,270.00000000000006,330.9183673469388,inside_visible,1405.6403248407644,970.5629554140128,1
i7GsJrDdCVU_15263-16742,1291,2,1135.0,0.0,299.0,340.5,gaze_shift,964.8231235955056,802.7028539325843,0
i7GsJrDdCVU_15263-16742,1292,1,308.44897959183675,415.0612244897959,270.0,331.38775510204084,inside_visible,1405.7625350318472,970.7328089171974,1
i7GsJrDdCVU_15263-16742,1292,2,1140.0,0.0,299.0,328.0,gaze_shift,965.4972808988764,800.8152134831461,0
i7GsJrDdCVU_15263-16742,1293,1,308.57142857142856,414.7142857142857,270.0,331.85714285714283,inside_visible,1405.88474522293,970.9026624203822,1
i7GsJrDdCVU_15263-16742,1293,2,1145.0,0.0,299.0,330.0,gaze_shift,966.1714382022471,798.9275730337079,0
i7GsJrDdCVU_15263-16742,1294,1,308.6938775510204,414.3673469387755,269.99999999999994,332.3265306122449,inside_visible,1406.0069554140127,971.0725159235668,1
i7GsJrDdCVU_15263-16742,1294,2,1147.0,0.0,299.0,331.8,gaze_shift,966.845595505618,797.0399325842696,0
i7GsJrDdCVU_15263-16742,1295,1,308.81632653061223,414.0204081632653,270.00000000000006,332.795918367347,inside_visible,1406.1291656050955,971.2423694267516,1
i7GsJrDdCVU_15263-16742,1295,2,1149.0,0.0,299.0,333.6,gaze_shift,967.5197528089888,795.1522921348314,0
i7GsJrDdCVU_15263-16742,1296,1,308.9387755102041,413.6734693877551,270.0,333.265306122449,inside_visible,1406.2513757961783,971.4122229299364,1
i7GsJrDdCVU_15263-16742,1296,2,1151.0,0.0,299.0,335.4,gaze_shift,968.1939101123596,793.2646516853933,0
i7GsJrDdCVU_15263-16742,1297,1,309.0612244897959,413.3265306122449,270.0,333.734693877551,inside_visible,1406.373585987261,971.5820764331212,1
i7GsJrDdCVU_15263-16742,1297,2,1153.0,0.0,299.0,337.2,gaze_shift,968.8680674157304,791.3770112359551,0
i7GsJrDdCVU_15263-16742,1298,1,309.18367346938777,412.9795918367347,269.99999999999994,334.204081632653,inside_visible,1406.495796178344,971.7519299363056,1
i7GsJrDdCVU_15263-16742,1298,2,1155.0,0.0,299.0,339.0,gaze_shift,969.5422247191012,789.4893707865169,0
i7GsJrDdCVU_15263-16742,1299,1,309.3061224489796,412.6326530612245,270.00000000000006,334.6734693877551,inside_visible,1406.618006369427,971.9217834394904,1
i7GsJrDdCVU_15263-16742,1299,2,1164.0,0.0,299.0,337.3333333333333,gaze_shift,970.216382022472,787.6017303370787,0
i7GsJrDdCVU_15263-16742,1300,1,309.42857142857144,412.2857142857143,270.0,335.1428571428572,inside_visible,1406.7402165605097,972.0916369426752,1
i7GsJrDdCVU_15263-16742,1300,2,1173.0,0.0,299.0,335.6666666666667,gaze_shift,970.8905393258428,785.7140898876405,0
i7GsJrDdCVU_15263-16742,1301,1,309.55102040816325,411.9387755102041,270.0,335.6122448979592,inside_visible,1406.8624267515925,972.26149044586,1
i7GsJrDdCVU_15263-16742,1301,2,1182.0,0.0,299.0,334.0,gaze_shift,971.5646966292136,783.8264494382023,0
i7GsJrDdCVU_15263-16742,1302,1,309.6734693877551,411.59183673469386,269.99999999999994,336.0816326530612,inside_visible,1406.9846369426753,972.4313439490446,1
i7GsJrDdCVU_15263-16742,1302,2,1182.6666666666667,0.0,299.0,332.3333333333333,gaze_shift,972.2388539325842,781.9388089887641,0
i7GsJrDdCVU_15263-16742,1303,1,309.7959183673469,411.2448979591837,270.00000000000006,336.5510204081633,inside_visible,1407.106847133758,972.6011974522291,1
i7GsJrDdCVU_15263-16742,1303,2,1183.3333333333333,0.0,299.0,330.6666666666667,gaze_shift,972.9130112359552,780.0511685393259,0
i7GsJrDdCVU_15263-16742,1304,1,309.9183673469388,410.8979591836735,270.0,337.0204081632653,inside_visible,1407.2290573248408,972.771050955414,1
i7GsJrDdCVU_15263-16742,1304,2,1184.0,0.0,299.0,329.0,gaze_shift,973.5871685393258,778.1635280898877,0
i7GsJrDdCVU_15263-16742,1305,1,310.0408163265306,410.55102040816325,270.0,337.4897959183673,inside_visible,1407.3512675159236,972.9409044585988,1
i7GsJrDdCVU_15263-16742,1305,2,1192.0,0.0,299.0,329.0,gaze_shift,974.2613258426966,776.2758876404495,0
i7GsJrDdCVU_15263-16742,1306,1,310.16326530612247,410.2040816326531,269.99999999999994,337.95918367346934,inside_visible,1407.4734777070064,973.1107579617834,1
i7GsJrDdCVU_15263-16742,1306,2,1196.5,0.0,299.0,329.0,gaze_shift,974.9354831460674,774.3882471910113,0
i7GsJrDdCVU_15263-16742,1307,1,310.2857142857143,409.8571428571428,270.00000000000006,338.4285714285715,inside_visible,1407.5956878980892,973.2806114649682,1
i7GsJrDdCVU_15263-16742,1307,2,1201.0,0.0,299.0,329.0,gaze_shift,975.6096404494382,772.500606741573,0
i7GsJrDdCVU_15263-16742,1308,1,310.40816326530614,409.5102040816327,270.0,338.8979591836735,inside_visible,1407.717898089172,973.4504649681528,1
i7GsJrDdCVU_15263-16742,1308,2,1205.5,0.0,299.0,329.0,gaze_shift,976.2837977528088,770.6129662921348,0
i7GsJrDdCVU_15263-16742,1309,1,310.53061224489795,409.16326530612247,270.0,339.3673469387755,inside_visible,1407.8401082802548,973.6203184713376,1
i7GsJrDdCVU_15263-16742,1309,2,1210.0,0.0,299.0,329.0,gaze_shift,976.9579550561798,768.7253258426966,0
i7GsJrDdCVU_15263-16742,1310,1,310.6530612244898,408.8163265306122,269.99999999999994,339.8367346938776,inside_visible,1407.9623184713375,973.7901719745224,1
i7GsJrDdCVU_15263-16742,1310,2,1209.125,0.0,297.875,328.375,gaze_shift,977.6321123595504,766.8376853932584,0
i7GsJrDdCVU_15263-16742,1311,1,310.7755102040816,408.4693877551021,270.00000000000006,340.30612244897964,inside_visible,1408.0845286624203,973.960025477707,1
i7GsJrDdCVU_15263-16742,1311,2,1208.25,0.0,296.75,327.75,gaze_shift,978.3062696629212,764.9500449438202,0
i7GsJrDdCVU_15263-16742,1312,1,310.8979591836735,408.1224489795918,270.0,340.7755102040817,inside_visible,1408.206738853503,974.1298789808916,1
i7GsJrDdCVU_15263-16742,1312,2,1207.375,0.0,295.625,327.125,gaze_shift,978.9804269662922,763.062404494382,0
i7GsJrDdCVU_15263-16742,1313,1,311.0204081632653,407.7755102040816,270.0,341.2448979591837,inside_visible,1408.328949044586,974.2997324840763,1
i7GsJrDdCVU_15263-16742,1313,2,1206.5,0.0,294.5,326.5,gaze_shift,979.6545842696628,761.1747640449439,0
i7GsJrDdCVU_15263-16742,1314,1,311.1428571428572,407.4285714285714,269.99999999999994,341.71428571428567,inside_visible,1408.451159235669,974.4695859872612,1
i7GsJrDdCVU_15263-16742,1314,2,1205.625,0.0,293.375,325.875,gaze_shift,980.3287415730337,759.2871235955056,0
i7GsJrDdCVU_15263-16742,1315,1,311.265306122449,407.0816326530612,270.00000000000006,342.1836734693878,inside_visible,1408.5733694267517,974.639439490446,1
i7GsJrDdCVU_15263-16742,1315,2,1204.75,0.0,292.25,325.25,gaze_shift,981.0028988764044,757.3994831460675,0
i7GsJrDdCVU_15263-16742,1316,1,311.38775510204084,406.734693877551,270.0,342.6530612244898,inside_visible,1408.6955796178345,974.8092929936306,1
i7GsJrDdCVU_15263-16742,1316,2,1203.875,0.0,291.125,324.625,gaze_shift,981.6770561797751,755.5118426966293,0
i7GsJrDdCVU_15263-16742,1317,1,311.51020408163265,406.3877551020408,270.0,343.1224489795918,inside_visible,1408.8177898089173,974.9791464968152,1
i7GsJrDdCVU_15263-16742,1317,2,1203.0,0.0,290.0,324.0,gaze_shift,982.351213483146,753.6242022471911,0
i7GsJrDdCVU_15263-16742,1318,1,311.6326530612245,406.0408163265306,269.99999999999994,343.59183673469386,inside_visible,1408.94,975.149,1
i7GsJrDdCVU_15263-16742,1318,2,1202.125,0.0,288.875,323.375,gaze_shift,983.0253707865168,751.7365617977529,0
i7GsJrDdCVU_15263-16742,1319,1,311.7551020408163,405.6938775510204,270.00000000000006,344.061224489796,gaze_shift,1101.2883333333334,948.1423333333332,1
i7GsJrDdCVU_15263-16742,1319,2,1201.25,0.0,287.75,322.75,gaze_shift,983.6995280898876,749.8489213483147,0
i7GsJrDdCVU_15263-16742,1320,1,311.8775510204082,405.3469387755102,270.0,344.530612244898,gaze_shift,793.6366666666668,921.1356666666668,1
i7GsJrDdCVU_15263-16742,1320,2,1200.375,0.0,286.625,322.125,gaze_shift,984.3736853932584,747.9612808988765,0
i7GsJrDdCVU_15263-16742,1321,1,312.0,405.0,270.0,345.0,inside_visible,485.985,894.129,1
i7GsJrDdCVU_15263-16742,1321,2,1199.5,0.0,285.5,321.5,gaze_shift,985.0478426966292,746.0736404494382,0
i7GsJrDdCVU_15263-16742,1322,1,312.1,404.6,270.0,345.79999999999995,inside_visible,454.499,909.79,1
i7GsJrDdCVU_15263-16742,1322,2,1198.625,0.0,284.375,320.875,inside_visible,985.722,744.186,0
i7GsJrDdCVU_15263-16742,1323,1,312.2,404.2,270.00000000000006,346.6,inside_visible,451.211,917.305,1
i7GsJrDdCVU_15263-16742,1323,2,1197.75,0.0,283.25,320.25,inside_visible,991.0553333333334,730.186,0
i7GsJrDdCVU_15263-16742,1324,1,312.3,403.8,269.99999999999994,347.40000000000003,inside_visible,447.923,924.82,1
i7GsJrDdCVU_15263-16742,1324,2,1196.875,0.0,282.125,319.625,inside_visible,996.3886666666666,716.186,0
i7GsJrDdCVU_15263-16742,1325,1,312.4,403.4,270.0,348.20000000000005,inside_visible,443.923,893.2006666666667,1
i7GsJrDdCVU_15263-16742,1325,2,1196.0,0.0,281.0,319.0,inside_visible,1001.722,702.186,0
i7GsJrDdCVU_15263-16742,1326,1,312.5,403.0,270.0,349.0,inside_visible,439.923,861.5813333333333,1
i7GsJrDdCVU_15263-16742,1326,2,1195.0666666666666,0.0,281.0,319.0,inside_visible,1004.2410909090908,696.7575454545455,0
i7GsJrDdCVU_15263-16742,1327,1,312.6,402.6,270.0,349.79999999999995,inside_visible,435.923,829.962,1
i7GsJrDdCVU_15263-16742,1327,2,1194.1333333333334,0.0,281.0,319.0,inside_visible,1006.7601818181818,691.329090909091,0
i7GsJrDdCVU_15263-16742,1328,1,312.7,402.2,270.00000000000006,350.6,gaze_shift,431.923,832.17625,1
i7GsJrDdCVU_15263-16742,1328,2,1193.2,0.0,281.0,319.0,inside_visible,1009.2792727272728,685.9006363636364,0
i7GsJrDdCVU_15263-16742,1329,1,312.8,401.8,269.99999999999994,351.40000000000003,gaze_shift,427.923,834.3905,1
i7GsJrDdCVU_15263-16742,1329,2,1192.2666666666669,0.0,281.0,319.0,inside_visible,1011.7983636363635,680.4721818181819,0
i7GsJrDdCVU_15263-16742,1330,1,312.9,401.4,270.0,352.20000000000005,gaze_shift,423.923,836.60475,1
i7GsJrDdCVU_15263-16742,1330,2,1191.3333333333333,0.0,281.0,319.0,inside_visible,1014.3174545454546,675.0437272727273,0
i7GsJrDdCVU_15263-16742,1331,1,313.0,401.0,270.0,353.0,gaze_shift,419.923,838.819,1
i7GsJrDdCVU_15263-16742,1331,2,1190.4,0.0,281.0,319.0,inside_visible,1016.8365454545454,669.6152727272727,0
i7GsJrDdCVU_15263-16742,1332,1,313.25,400.75,270.0,348.75,gaze_shift,388.53,848.7595,1
i7GsJrDdCVU_15263-16742,1332,2,1189.4666666666667,0.0,281.0,319.0,inside_visible,1019.3556363636364,664.1868181818181,0
i7GsJrDdCVU_15263-16742,1333,1,313.5,400.5,270.0,344.5,gaze_shift,357.137,858.7,1
i7GsJrDdCVU_15263-16742,1333,2,1188.5333333333333,0.0,281.0,319.0,inside_visible,1021.8747272727272,658.7583636363636,0
i7GsJrDdCVU_15263-16742,1334,1,313.75,400.25,270.0,340.25,gaze_shift,325.744,868.6405,1
i7GsJrDdCVU_15263-16742,1334,2,1187.6,0.0,281.0,319.0,inside_visible,1024.3938181818182,653.329909090909,0
i7GsJrDdCVU_15263-16742,1335,1,314.0,400.0,270.0,336.0,inside_visible,294.351,878.581,1
i7GsJrDdCVU_15263-16742,1335,2,1186.6666666666667,0.0,281.0,319.0,inside_visible,1026.9129090909091,647.9014545454545,0
i7GsJrDdCVU_15263-16742,1336,1,317.0,389.0,270.0,336.0,inside_visible,302.351,876.181,1
i7GsJrDdCVU_15263-16742,1336,2,1185.7333333333331,0.0,281.0,319.0,inside_visible,1029.432,642.473,0
i7GsJrDdCVU_15263-16742,1337,1,328.0,381.0,270.0,336.0,inside_visible,310.351,873.7810000000001,1
i7GsJrDdCVU_15263-16742,1337,2,1184.8,0.0,281.0,319.0,inside_visible,1025.577,616.3295,0
i7GsJrDdCVU_15263-16742,1338,1,334.0,370.0,270.0,336.0,inside_visible,318.351,871.381,1
i7GsJrDdCVU_15263-16742,1338,2,1183.8666666666666,0.0,281.0,319.0,inside_visible,1021.722,590.186,0
i7GsJrDdCVU_15263-16742,1339,1,332.5,363.0,270.0,336.0,inside_visible,326.351,868.981,1
i7GsJrDdCVU_15263-16742,1339,2,1182.9333333333334,0.0,281.0,319.0,inside_visible,1022.722,546.686,0
i7GsJrDdCVU_15263-16742,1340,1,331.0,356.0,270.0,336.0,inside_visible,334.351,866.581,1
i7GsJrDdCVU_15263-16742,1340,2,1182.0,0.0,281.0,319.0,inside_visible,1023.722,503.186,0
i7GsJrDdCVU_15263-16742,1341,1,336.6666666666667,351.3333333333333,269.99999999999994,336.00000000000006,inside_visible,342.351,865.081,1
i7GsJrDdCVU_15263-16742,1341,2,1182.8333333333333,0.0,281.0,319.0,inside_visible,1024.722,459.686,0
i7GsJrDdCVU_15263-16742,1342,1,342.3333333333333,346.6666666666667,270.00000000000006,335.99999999999994,inside_visible,350.351,863.581,1
i7GsJrDdCVU_15263-16742,1342,2,1183.6666666666667,0.0,281.0,319.0,inside_visible,1025.722,416.186,0
i7GsJrDdCVU_15263-16742,1343,1,348.0,342.0,270.0,336.0,inside_visible,358.351,862.081,1
i7GsJrDdCVU_15263-16742,1343,2,1184.5,0.0,281.0,319.0,inside_visible,1021.972,426.436,0
i7GsJrDdCVU_15263-16742,1344,1,348.0,328.0,270.0,350.0,inside_visible,366.351,860.581,1
i7GsJrDdCVU_15263-16742,1344,2,1185.3333333333333,0.0,281.0,319.0,gaze_shift,1018.222,436.686,0
i7GsJrDdCVU_15263-16742,1345,1,362.0,328.0,270.0,350.0,inside_visible,371.0783636363636,860.581,1
i7GsJrDdCVU_15263-16742,1345,2,1186.1666666666667,0.0,281.0,319.0,gaze_shift,1014.472,446.936,0
i7GsJrDdCVU_15263-16742,1346,1,362.0,324.0,280.0,350.0,inside_visible,375.80572727272727,860.581,1
i7GsJrDdCVU_15263-16742,1346,2,1187.0,0.0,281.0,319.0,gaze_shift,1010.722,457.186,0
i7GsJrDdCVU_15263-16742,1347,1,362.0,320.0,290.0,350.0,inside_visible,380.5330909090909,860.581,1
i7GsJrDdCVU_15263-16742,1347,2,1187.8333333333333,0.0,281.0,319.0,gaze_shift,1006.972,467.436,0
i7GsJrDdCVU_15263-16742,1348,1,372.0,320.0,290.0,350.0,inside_visible,385.26045454545454,860.581,1
i7GsJrDdCVU_15263-16742,1348,2,1188.6666666666667,0.0,281.0,319.0,gaze_shift,1003.222,477.686,0
i7GsJrDdCVU_15263-16742,1349,1,382.0,320.0,290.0,350.0,inside_visible,389.98781818181817,860.581,1
i7GsJrDdCVU_15263-16742,1349,2,1189.5,0.0,281.0,319.0,gaze_shift,999.472,487.936,0
i7GsJrDdCVU_15263-16742,1350,1,383.6,321.6,290.0,350.0,inside_visible,394.7151818181818,860.581,1
i7GsJrDdCVU_15263-16742,1350,2,1190.3333333333333,0.0,281.0,319.0,gaze_shift,995.722,498.186,0
i7GsJrDdCVU_15263-16742,1351,1,385.2,323.2,290.00000000000006,350.00000000000006,inside_visible,399.44254545454544,860.581,1
i7GsJrDdCVU_15263-16742,1351,2,1191.1666666666667,0.0,281.0,319.0,gaze_shift,991.972,508.436,0
i7GsJrDdCVU_15263-16742,1352,1,386.8,324.8,289.99999999999994,349.99999999999994,inside_visible,404.1699090909091,860.581,1
i7GsJrDdCVU_15263-16742,1352,2,1192.0,0.0,281.0,319.0,gaze_shift,988.222,518.686,0
i7GsJrDdCVU_15263-16742,1353,1,388.4,326.4,290.0,350.0,inside_visible,408.8972727272727,860.581,1
i7GsJrDdCVU_15263-16742,1353,2,1192.3333333333333,0.1111111111111111,281.0,319.0,gaze_shift,984.472,528.936,0
i7GsJrDdCVU_15263-16742,1354,1,390.0,328.0,290.0,350.0,inside_visible,413.62463636363634,860.581,1
i7GsJrDdCVU_15263-16742,1354,2,1192.6666666666667,0.2222222222222222,281.0,319.0,gaze_shift,980.722,539.186,0
i7GsJrDdCVU_15263-16742,1355,1,391.1428571428572,327.57142857142856,289.99999999999994,350.0,inside_visible,418.352,860.581,1
i7GsJrDdCVU_15263-16742,1355,2,1193.0,0.3333333333333333,281.0,319.0,gaze_shift,976.972,549.436,0
i7GsJrDdCVU_15263-16742,1356,1,392.2857142857143,327.1428571428572,290.00000000000006,349.99999999999994,inside_visible,418.4572631578947,861.1073157894737,1
i7GsJrDdCVU_15263-16742,1356,2,1193.3333333333333,0.4444444444444444,281.0,319.0,gaze_shift,973.222,559.686,0
i7GsJrDdCVU_15263-16742,1357,1,393.4285714285714,326.7142857142857,290.0,349.99999999999994,inside_visible,418.5625263157895,861.6336315789474,1
i7GsJrDdCVU_15263-16742,1357,2,1193.6666666666667,0.5555555555555556,281.0,319.0,gaze_shift,969.472,569.936,0
i7GsJrDdCVU_15263-16742,1358,1,394.57142857142856,326.2857142857143,290.0,350.00000000000006,inside_visible,418.6677894736842,862.1599473684211,1
i7GsJrDdCVU_15263-16742,1358,2,1194.0,0.6666666666666666,281.0,319.0,gaze_shift,965.722,580.186,0
i7GsJrDdCVU_15263-16742,1359,1,395.7142857142857,325.85714285714283,289.99999999999994,350.00000000000006,inside_visible,418.7730526315789,862.6862631578947,1
i7GsJrDdCVU_15263-16742,1359,2,1194.3333333333333,0.7777777777777778,281.0,319.0,gaze_shift,961.972,590.436,0
i7GsJrDdCVU_15263-16742,1360,1,396.8571428571428,325.42857142857144,290.00000000000006,350.0,inside_visible,418.8783157894737,863.2125789473685,1
i7GsJrDdCVU_15263-16742,1360,2,1194.6666666666667,0.8888888888888888,281.0,319.0,gaze_shift,958.222,600.686,0
i7GsJrDdCVU_15263-16742,1361,1,398.0,325.0,290.0,350.0,inside_visible,418.9835789473684,863.7388947368421,1
i7GsJrDdCVU_15263-16742,1361,2,1195.0,1.0,281.0,319.0,gaze_shift,954.472,610.936,0
i7GsJrDdCVU_15263-16742,1362,1,395.6666666666667,325.5,289.99999999999994,351.0,inside_visible,419.0888421052632,864.2652105263159,1
i7GsJrDdCVU_15263-16742,1362,2,1195.3333333333333,1.1111111111111112,281.0,319.0,gaze_shift,950.722,621.186,0
i7GsJrDdCVU_15263-16742,1363,1,393.3333333333333,326.0,290.00000000000006,352.0,inside_visible,419.1941052631579,864.7915263157895,1
i7GsJrDdCVU_15263-16742,1363,2,1195.6666666666667,1.2222222222222223,281.0,319.0,gaze_shift,946.972,631.436,0
i7GsJrDdCVU_15263-16742,1364,1,391.0,326.5,290.0,353.0,inside_visible,419.29936842105263,865.3178421052631,1
i7GsJrDdCVU_15263-16742,1364,2,1196.0,1.3333333333333333,281.0,319.0,gaze_shift,943.222,641.686,0
i7GsJrDdCVU_15263-16742,1365,1,388.6666666666667,327.0,289.99999999999994,354.0,inside_visible,419.4046315789473,865.8441578947369,1
i7GsJrDdCVU_15263-16742,1365,2,1196.3333333333333,1.4444444444444444,281.0,319.0,gaze_shift,939.472,651.936,0
i7GsJrDdCVU_15263-16742,1366,1,386.3333333333333,327.5,290.00000000000006,355.0,inside_visible,419.50989473684206,866.3704736842105,1
i7GsJrDdCVU_15263-16742,1366,2,1196.6666666666667,1.5555555555555556,281.0,319.0,gaze_shift,935.722,662.186,0
i7GsJrDdCVU_15263-16742,1367,1,384.0,328.0,290.0,356.0,inside_visible,419.6151578947368,866.8967894736842,1
i7GsJrDdCVU_15263-16742,1367,2,1197.0,1.6666666666666667,281.0,319.0,gaze_shift,931.972,672.436,0
i7GsJrDdCVU_15263-16742,1368,1,381.3333333333333,328.0,292.6666666666667,357.0,inside_visible,419.72042105263154,867.4231052631579,1
i7GsJrDdCVU_15263-16742,1368,2,1197.3333333333333,1.7777777777777777,281.0,319.0,gaze_shift,928.222,682.686,0
i7GsJrDdCVU_15263-16742,1369,1,378.6666666666667,328.0,295.3333333333333,358.0,inside_visible,419.8256842105263,867.9494210526316,1
i7GsJrDdCVU_15263-16742,1369,2,1197.6666666666667,1.8888888888888888,281.0,319.0,gaze_shift,924.472,692.936,0
i7GsJrDdCVU_15263-16742,1370,1,376.0,328.0,298.0,359.0,inside_visible,419.930947368421,868.4757368421053,1
i7GsJrDdCVU_15263-16742,1370,2,1198.0,2.0,281.0,319.0,gaze_shift,920.722,703.186,0
i7GsJrDdCVU_15263-16742,1371,1,372.3333333333333,328.0,301.6666666666667,359.0,inside_visible,420.03621052631576,869.002052631579,1
i7GsJrDdCVU_15263-16742,1371,2,1198.3333333333333,2.111111111111111,281.0,319.0,gaze_shift,916.972,713.436,0
i7GsJrDdCVU_15263-16742,1372,1,368.6666666666667,328.0,305.3333333333333,359.0,inside_visible,420.1414736842105,869.5283684210526,1
i7GsJrDdCVU_15263-16742,1372,2,1198.6666666666667,2.2222222222222223,281.0,319.0,gaze_shift,913.222,723.686,0
i7GsJrDdCVU_15263-16742,1373,1,365.0,328.0,309.0,359.0,inside_visible,420.2467368421053,870.0546842105264,1
i7GsJrDdCVU_15263-16742,1373,2,1199.0,2.333333333333333,281.0,319.0,gaze_shift,909.472,733.936,0
i7GsJrDdCVU_15263-16742,1374,1,365.0,331.6666666666667,307.0,357.99999999999994,inside_visible,420.352,870.581,1
i7GsJrDdCVU_15263-16742,1374,2,1199.3333333333333,2.4444444444444446,281.0,319.0,gaze_shift,905.722,744.186,0
i7GsJrDdCVU_15263-16742,1375,1,365.0,335.3333333333333,305.0,357.00000000000006,inside_visible,420.352,870.581,1
i7GsJrDdCVU_15263-16742,1375,2,1199.6666666666667,2.555555555555556,281.0,319.0,gaze_shift,888.4806206896551,749.0135862068965,0
i7GsJrDdCVU_15263-16742,1376,1,365.0,339.0,303.0,356.0,inside_visible,420.352,870.581,1
i7GsJrDdCVU_15263-16742,1376,2,1200.0,2.6666666666666665,281.0,319.0,gaze_shift,871.2392413793103,753.8411724137932,0
i7GsJrDdCVU_15263-16742,1377,1,362.3333333333333,339.0,305.6666666666667,356.0,inside_visible,420.352,870.581,1
i7GsJrDdCVU_15263-16742,1377,2,1200.3333333333333,2.7777777777777777,281.0,319.0,gaze_shift,853.9978620689654,758.6687586206897,0
i7GsJrDdCVU_15263-16742,1378,1,359.6666666666667,339.0,308.3333333333333,356.0,inside_visible,420.352,870.581,1
i7GsJrDdCVU_15263-16742,1378,2,1200.6666666666667,2.888888888888889,281.0,319.0,gaze_shift,836.7564827586207,763.4963448275862,0
i7GsJrDdCVU_15263-16742,1379,1,357.0,339.0,311.0,356.0,inside_visible,420.352,870.581,1
i7GsJrDdCVU_15263-16742,1379,2,1201.0,3.0,281.0,319.0,gaze_shift,819.5151034482758,768.3239310344828,0
i7GsJrDdCVU_15263-16742,1380,1,357.6,340.4,309.6,356.0,inside_visible,420.352,870.581,1
i7GsJrDdCVU_15263-16742,1380,2,1201.3333333333333,3.111111111111111,281.0,319.0,gaze_shift,802.273724137931,773.1515172413793,0
i7GsJrDdCVU_15263-16742,1381,1,358.2,341.8,308.2,355.99999999999994,inside_visible,420.352,870.581,1
i7GsJrDdCVU_15263-16742,1381,2,1201.6666666666667,3.2222222222222223,281.0,319.0,gaze_shift,785.0323448275861,777.9791034482759,0
i7GsJrDdCVU_15263-16742,1382,1,358.8,343.2,306.8,356.00000000000006,inside_visible,420.352,870.581,1
i7GsJrDdCVU_15263-16742,1382,2,1202.0,3.333333333333333,281.0,319.0,gaze_shift,767.7909655172414,782.8066896551725,0
i7GsJrDdCVU_15263-16742,1383,1,359.4,344.6,305.4,356.0,inside_visible,420.352,870.581,1
i7GsJrDdCVU_15263-16742,1383,2,1202.3333333333333,3.4444444444444446,281.0,319.0,gaze_shift,750.5495862068965,787.634275862069,0
i7GsJrDdCVU_15263-16742,1384,1,360.0,346.0,304.0,356.0,inside_visible,420.352,870.581,1
i7GsJrDdCVU_15263-16742,1384,2,1202.6666666666667,3.555555555555556,281.0,319.0,gaze_shift,733.3082068965517,792.4618620689655,0
i7GsJrDdCVU_15263-16742,1385,1,360.6,347.4,302.6,356.0,inside_visible,420.352,870.581,1
i7GsJrDdCVU_15263-16742,1385,2,1203.0,3.6666666666666665,281.0,319.0,gaze_shift,716.066827586207,797.2894482758621,0
i7GsJrDdCVU_15263-16742,1386,1,361.2,348.8,301.2,355.99999999999994,inside_visible,420.352,870.581,1
i7GsJrDdCVU_15263-16742,1386,2,1203.3333333333333,3.7777777777777777,281.0,319.0,gaze_shift,698.8254482758621,802.1170344827586,0
i7GsJrDdCVU_15263-16742,1387,1,361.8,350.2,299.8,356.00000000000006,inside_visible,420.352,870.581,1
i7GsJrDdCVU_15263-16742,1387,2,1203.6666666666667,3.888888888888889,281.0,319.0,gaze_shift,681.5840689655172,806.9446206896553,0
i7GsJrDdCVU_15263-16742,1388,1,362.4,351.6,298.4,356.0,inside_visible,420.352,870.581,1
i7GsJrDdCVU_15263-16742,1388,2,1204.0,4.0,281.0,319.0,gaze_shift,664.3426896551724,811.7722068965518,0
i7GsJrDdCVU_15263-16742,1389,1,363.0,353.0,297.0,356.0,inside_visible,420.352,870.581,1
i7GsJrDdCVU_15263-16742,1389,2,1202.9333333333334,4.0,281.0,319.0,gaze_shift,647.1013103448275,816.5997931034483,0
i7GsJrDdCVU_15263-16742,1390,1,363.0,353.0,298.1428571428571,356.0,inside_visible,420.352,870.581,1
i7GsJrDdCVU_15263-16742,1390,2,1201.8666666666666,4.0,281.0,319.0,gaze_shift,629.8599310344828,821.4273793103448,0
i7GsJrDdCVU_15263-16742,1391,1,363.0,353.0,299.28571428571433,356.0,inside_visible,420.352,870.581,1
i7GsJrDdCVU_15263-16742,1391,2,1200.8,4.0,281.0,319.0,gaze_shift,612.6185517241379,826.2549655172414,0
i7GsJrDdCVU_15263-16742,1392,1,363.0,353.0,300.42857142857144,356.0,inside_visible,420.352,870.581,1
i7GsJrDdCVU_15263-16742,1392,2,1199.7333333333331,4.0,281.0,319.0,gaze_shift,595.377172413793,831.0825517241379,0
i7GsJrDdCVU_15263-16742,1393,1,363.0,353.0,301.57142857142856,356.0,inside_visible,420.352,870.581,1
i7GsJrDdCVU_15263-16742,1393,2,1198.6666666666667,4.0,281.0,319.0,gaze_shift,578.1357931034483,835.9101379310346,0
i7GsJrDdCVU_15263-16742,1394,1,363.0,353.0,302.71428571428567,356.0,inside_visible,420.352,870.581,1
i7GsJrDdCVU_15263-16742,1394,2,1197.6,4.0,281.0,319.0,gaze_shift,560.8944137931035,840.7377241379311,0
i7GsJrDdCVU_15263-16742,1395,1,363.0,353.0,303.8571428571429,356.0,inside_visible,420.352,870.581,1
i7GsJrDdCVU_15263-16742,1395,2,1196.5333333333333,4.0,281.0,319.0,gaze_shift,543.6530344827586,845.5653103448276,0
i7GsJrDdCVU_15263-16742,1396,1,363.0,353.0,305.0,356.0,inside_visible,420.352,870.581,1
i7GsJrDdCVU_15263-16742,1396,2,1195.4666666666667,4.0,281.0,319.0,gaze_shift,526.4116551724138,850.3928965517241,0
i7GsJrDdCVU_15263-16742,1397,1,363.0,357.6666666666667,305.0,351.3333333333333,inside_visible,420.352,870.581,1
i7GsJrDdCVU_15263-16742,1397,2,1194.4,4.0,281.0,319.0,gaze_shift,509.1702758620689,855.2204827586207,0
i7GsJrDdCVU_15263-16742,1398,1,363.0,362.3333333333333,305.0,346.6666666666667,inside_visible,420.352,870.581,1
i7GsJrDdCVU_15263-16742,1398,2,1193.3333333333333,4.0,281.0,319.0,gaze_shift,491.9288965517241,860.0480689655172,0
i7GsJrDdCVU_15263-16742,1399,1,363.0,367.0,305.0,342.0,inside_visible,420.352,870.581,1
i7GsJrDdCVU_15263-16742,1399,2,1192.2666666666669,4.0,281.0,319.0,gaze_shift,474.68751724137934,864.8756551724139,0
i7GsJrDdCVU_15263-16742,1400,1,363.0,369.0,305.0,342.0,inside_visible,420.352,870.581,1
i7GsJrDdCVU_15263-16742,1400,2,1191.2,4.0,281.0,319.0,gaze_shift,457.44613793103446,869.7032413793104,0
i7GsJrDdCVU_15263-16742,1401,1,363.0,371.0,305.0,342.0,inside_visible,420.352,870.581,1
i7GsJrDdCVU_15263-16742,1401,2,1190.1333333333334,4.0,281.0,319.0,gaze_shift,440.2047586206896,874.5308275862069,0
i7GsJrDdCVU_15263-16742,1402,1,363.0,373.0,305.0,342.0,inside_visible,420.352,870.581,1
i7GsJrDdCVU_15263-16742,1402,2,1189.0666666666666,4.0,281.0,319.0,gaze_shift,422.9633793103448,879.3584137931035,0
i7GsJrDdCVU_15263-16742,1403,1,363.0,373.0,305.0,342.375,inside_visible,420.352,870.581,1
i7GsJrDdCVU_15263-16742,1403,2,1188.0,4.0,281.0,319.0,inside_visible,405.722,884.186,0
i7GsJrDdCVU_15263-16742,1404,1,363.0,373.0,305.0,342.75,inside_visible,420.352,870.581,1
i7GsJrDdCVU_15263-16742,1404,2,1182.6666666666667,4.0,281.0,325.0,inside_visible,410.7364927536232,884.6207826086957,0
i7GsJrDdCVU_15263-16742,1405,1,363.0,373.0,305.0,343.125,inside_visible,420.352,870.581,1
i7GsJrDdCVU_15263-16742,1405,2,1177.3333333333333,4.0,281.0,331.0,inside_visible,415.7509855072464,885.0555652173913,0
i7GsJrDdCVU_15263-16742,1406,1,363.0,373.0,305.0,343.5,inside_visible,420.352,870.581,1
i7GsJrDdCVU_15263-16742,1406,2,1172.0,4.0,281.0,337.0,inside_visible,420.7654782608696,885.490347826087,0
i7GsJrDdCVU_15263-16742,1407,1,363.0,373.0,305.0,343.875,inside_visible,420.352,870.581,1
i7GsJrDdCVU_15263-16742,1407,2,1171.0588235294117,3.764705882352941,281.0,337.0,inside_visible,425.77997101449273,885.9251304347827,0
i7GsJrDdCVU_15263-16742,1408,1,363.0,373.0,305.0,344.25,inside_visible,420.352,870.581,1
i7GsJrDdCVU_15263-16742,1408,2,1170.1176470588234,3.5294117647058822,281.0,337.0,inside_visible,430.7944637681159,886.3599130434783,0
i7GsJrDdCVU_15263-16742,1409,1,363.0,373.0,305.0,344.625,inside_visible,420.352,870.581,1
i7GsJrDdCVU_15263-16742,1409,2,1169.1764705882354,3.294117647058824,281.0,337.0,gaze_shift,435.8089565217391,886.7946956521739,0
i7GsJrDdCVU_15263-16742,1410,1,363.0,373.0,305.0,345.0,inside_visible,420.352,870.581,1
i7GsJrDdCVU_15263-16742,1410,2,1168.235294117647,3.0588235294117645,281.0,337.0,gaze_shift,440.8234492753623,887.2294782608697,0
i7GsJrDdCVU_15263-16742,1411,1,363.75,375.0,303.5,342.25,inside_visible,420.352,870.581,1
i7GsJrDdCVU_15263-16742,1411,2,1167.2941176470588,2.8235294117647056,281.0,337.0,gaze_shift,445.8379420289855,887.6642608695653,0
i7GsJrDdCVU_15263-16742,1412,1,364.5,377.0,302.0,339.5,inside_visible,420.352,870.581,1
i7GsJrDdCVU_15263-16742,1412,2,1166.3529411764705,2.5882352941176467,281.0,337.0,gaze_shift,450.8524347826087,888.0990434782609,0
i7GsJrDdCVU_15263-16742,1413,1,365.25,379.0,300.5,336.75,inside_visible,420.352,870.581,1
i7GsJrDdCVU_15263-16742,1413,2,1165.4117647058824,2.3529411764705883,281.0,337.0,gaze_shift,455.8669275362319,888.5338260869565,0
i7GsJrDdCVU_15263-16742,1414,1,366.0,381.0,299.0,334.0,inside_visible,420.352,870.581,1
i7GsJrDdCVU_15263-16742,1414,2,1164.470588235294,2.117647058823529,281.0,337.0,gaze_shift,460.88142028985504,888.9686086956522,0
i7GsJrDdCVU_15263-16742,1415,1,365.25,384.5,299.0,334.0,inside_visible,420.352,870.581,1
i7GsJrDdCVU_15263-16742,1415,2,1163.529411764706,1.8823529411764703,281.0,337.0,gaze_shift,465.89591304347823,889.4033913043479,0
i7GsJrDdCVU_15263-16742,1416,1,364.5,388.0,299.0,334.0,inside_visible,420.352,870.581,1
i7GsJrDdCVU_15263-16742,1416,2,1162.5882352941176,1.6470588235294117,281.0,337.0,gaze_shift,470.9104057971014,889.8381739130435,0
i7GsJrDdCVU_15263-16742,1417,1,363.75,391.5,299.0,334.0,inside_visible,420.352,870.581,1
i7GsJrDdCVU_15263-16742,1417,2,1161.6470588235295,1.4117647058823528,281.0,337.0,gaze_shift,475.9248985507246,890.2729565217392,0
i7GsJrDdCVU_15263-16742,1418,1,363.0,395.0,299.0,334.0,inside_visible,420.352,870.581,1
i7GsJrDdCVU_15263-16742,1418,2,1160.7058823529412,1.176470588235294,281.0,337.0,gaze_shift,480.9393913043478,890.7077391304348,0
i7GsJrDdCVU_15263-16742,1419,1,362.3636363636364,394.8636363636364,299.0,334.0,inside_visible,420.352,870.581,1
i7GsJrDdCVU_15263-16742,1419,2,1159.764705882353,0.9411764705882356,281.0,337.0,gaze_shift,485.953884057971,891.1425217391304,0
i7GsJrDdCVU_15263-16742,1420,1,361.7272727272728,394.7272727272728,299.0,334.0,inside_visible,420.352,870.581,1
i7GsJrDdCVU_15263-16742,1420,2,1158.8235294117646,0.7058823529411766,281.0,337.0,gaze_shift,490.96837681159417,891.5773043478262,0
i7GsJrDdCVU_15263-16742,1421,1,361.09090909090907,394.59090909090907,299.00000000000006,334.00000000000006,inside_visible,420.352,870.581,1
i7GsJrDdCVU_15263-16742,1421,2,1157.8823529411766,0.4705882352941177,281.0,337.0,gaze_shift,495.98286956521736,892.0120869565218,0
i7GsJrDdCVU_15263-16742,1422,1,360.45454545454544,394.45454545454544,299.00000000000006,334.00000000000006,inside_visible,420.352,870.581,1
i7GsJrDdCVU_15263-16742,1422,2,1156.9411764705883,0.2352941176470588,281.0,337.0,gaze_shift,500.9973623188405,892.4468695652174,0
i7GsJrDdCVU_15263-16742,1423,1,359.8181818181818,394.3181818181818,299.00000000000006,334.00000000000006,inside_visible,420.352,870.581,1
i7GsJrDdCVU_15263-16742,1423,2,1156.0,0.0,281.0,337.0,gaze_shift,506.0118550724637,892.881652173913,0
i7GsJrDdCVU_15263-16742,1424,1,359.1818181818182,394.1818181818182,298.99999999999994,333.99999999999994,inside_visible,420.352,870.581,1
i7GsJrDdCVU_15263-16742,1424,2,1154.0,0.0,281.0,337.0,gaze_shift,511.026347826087,893.3164347826088,0
i7GsJrDdCVU_15263-16742,1425,1,358.54545454545456,394.04545454545456,298.99999999999994,333.99999999999994,inside_visible,420.352,870.581,1
i7GsJrDdCVU_15263-16742,1425,2,1152.0,0.0,281.0,337.0,gaze_shift,516.0408405797101,893.7512173913044,0
i7GsJrDdCVU_15263-16742,1426,1,357.90909090909093,393.9090909090909,298.99999999999994,333.99999999999994,inside_visible,420.352,870.581,1
i7GsJrDdCVU_15263-16742,1426,2,1150.0,0.0,281.0,337.0,gaze_shift,521.0553333333334,894.186,0
i7GsJrDdCVU_15263-16742,1427,1,357.27272727272725,393.77272727272725,299.0,334.0,inside_visible,420.352,870.581,1
i7GsJrDdCVU_15263-16742,1427,2,1148.0,0.0,281.0,337.0,gaze_shift,526.0698260869565,894.6207826086957,0
i7GsJrDdCVU_15263-16742,1428,1,356.6363636363636,393.6363636363636,299.0,334.0,inside_visible,420.352,870.581,1
i7GsJrDdCVU_15263-16742,1428,2,1148.0,0.0,281.0,337.4761904761905,gaze_shift,531.0843188405797,895.0555652173913,0
i7GsJrDdCVU_15263-16742,1429,1,356.0,393.5,299.0,334.0,inside_visible,420.352,870.581,1
i7GsJrDdCVU_15263-16742,1429,2,1148.0,0.0,281.0,337.95238095238096,gaze_shift,536.0988115942029,895.490347826087,0
i7GsJrDdCVU_15263-16742,1430,1,355.3636363636364,393.3636363636364,299.0,334.0,inside_visible,420.352,870.581,1
i7GsJrDdCVU_15263-16742,1430,2,1148.0,0.0,281.0,338.42857142857144,gaze_shift,541.1133043478261,895.9251304347827,0
i7GsJrDdCVU_15263-16742,1431,1,354.72727272727275,393.2272727272728,299.0,334.0,inside_visible,420.352,870.581,1
i7GsJrDdCVU_15263-16742,1431,2,1148.0,0.0,281.0,338.9047619047619,gaze_shift,546.1277971014492,896.3599130434783,0
i7GsJrDdCVU_15263-16742,1432,1,354.09090909090907,393.09090909090907,299.00000000000006,334.00000000000006,inside_visible,420.352,870.581,1
i7GsJrDdCVU_15263-16742,1432,2,1148.0,0.0,281.0,339.3809523809524,gaze_shift,551.1422898550725,896.7946956521739,0
i7GsJrDdCVU_15263-16742,1433,1,353.45454545454544,392.95454545454544,299.00000000000006,334.00000000000006,inside_visible,420.352,870.581,1
i7GsJrDdCVU_15263-16742,1433,2,1148.0,0.0,281.0,339.85714285714283,gaze_shift,556.1567826086956,897.2294782608697,0
i7GsJrDdCVU_15263-16742,1434,1,352.8181818181818,392.8181818181818,299.00000000000006,334.00000000000006,inside_visible,420.352,870.581,1
i7GsJrDdCVU_15263-16742,1434,2,1148.0,0.0,281.0,340.3333333333333,gaze_shift,561.1712753623189,897.6642608695653,0
i7GsJrDdCVU_15263-16742,1435,1,352.1818181818182,392.6818181818182,298.99999999999994,333.99999999999994,inside_visible,420.352,870.581,1
i7GsJrDdCVU_15263-16742,1435,2,1148.0,0.0,281.0,340.8095238095238,gaze_shift,566.185768115942,898.0990434782609,0
i7GsJrDdCVU_15263-16742,1436,1,351.54545454545456,392.54545454545456,298.99999999999994,333.99999999999994,inside_visible,420.352,870.581,1
i7GsJrDdCVU_15263-16742,1436,2,1148.0,0.0,281.0,341.2857142857143,gaze_shift,571.2002608695652,898.5338260869565,0
i7GsJrDdCVU_15263-16742,1437,1,350.90909090909093,392.4090909090909,298.99999999999994,333.99999999999994,inside_visible,420.352,870.581,1
i7GsJrDdCVU_15263-16742,1437,2,1148.0,0.0,281.0,341.7619047619048,gaze_shift,576.2147536231884,898.9686086956522,0
i7GsJrDdCVU_15263-16742,1438,1,350.27272727272725,392.27272727272725,299.0,334.0,inside_visible,420.352,870.581,1
i7GsJrDdCVU_15263-16742,1438,2,1148.0,0.0,281.0,342.23809523809524,gaze_shift,581.2292463768116,899.4033913043479,0
i7GsJrDdCVU_15263-16742,1439,1,349.6363636363636,392.1363636363636,299.0,334.0,inside_visible,420.352,870.581,1
i7GsJrDdCVU_15263-16742,1439,2,1148.0,0.0,281.0,342.7142857142857,gaze_shift,586.2437391304347,899.8381739130435,0
i7GsJrDdCVU_15263-16742,1440,1,349.0,392.0,299.0,334.0,inside_visible,420.352,870.581,1
i7GsJrDdCVU_15263-16742,1440,2,1148.0,0.0,281.0,343.1904761904762,gaze_shift,591.258231884058,900.2729565217392,0
i7GsJrDdCVU_15263-16742,1441,1,348.925,392.275,298.99999999999994,334.0,inside_visible,420.352,870.581,1
i7GsJrDdCVU_15263-16742,1441,2,1148.0,0.0,281.0,343.6666666666667,gaze_shift,596.2727246376811,900.7077391304348,0
i7GsJrDdCVU_15263-16742,1442,1,348.85,392.55,299.0,333.99999999999994,inside_visible,420.352,870.581,1
i7GsJrDdCVU_15263-16742,1442,2,1148.0,0.0,281.0,344.1428571428572,gaze_shift,601.2872173913044,901.1425217391304,0
i7GsJrDdCVU_15263-16742,1443,1,348.775,392.825,299.0,334.00000000000006,inside_visible,420.352,870.581,1
i7GsJrDdCVU_15263-16742,1443,2,1148.0,0.0,281.0,344.6190476190476,gaze_shift,606.3017101449275,901.5773043478262,0
i7GsJrDdCVU_15263-16742,1444,1,348.7,393.1,299.00000000000006,334.0,inside_visible,420.352,870.581,1
i7GsJrDdCVU_15263-16742,1444,2,1148.0,0.0,281.0,345.0952380952381,gaze_shift,611.3162028985507,902.0120869565218,0
i7GsJrDdCVU_15263-16742,1445,1,348.625,393.375,299.0,334.0,inside_visible,420.352,870.581,1
i7GsJrDdCVU_15263-16742,1445,2,1148.0,0.0,281.0,345.57142857142856,gaze_shift,616.330695652174,902.4468695652174,0
i7GsJrDdCVU_15263-16742,1446,1,348.55,393.65,298.99999999999994,334.0,inside_visible,420.352,870.581,1
i7GsJrDdCVU_15263-16742,1446,2,1148.0,0.0,281.0,346.04761904761904,gaze_shift,621.3451884057971,902.881652173913,0
i7GsJrDdCVU_15263-16742,1447,1,348.475,393.925,299.0,333.99999999999994,inside_visible,420.352,870.581,1
i7GsJrDdCVU_15263-16742,1447,2,1148.0,0.0,281.0,346.5238095238095,gaze_shift,626.3596811594202,903.3164347826088,0
i7GsJrDdCVU_15263-16742,1448,1,348.4,394.2,299.0,334.00000000000006,inside_visible,420.352,870.581,1
i7GsJrDdCVU_15263-16742,1448,2,1148.0,0.0,281.0,347.0,gaze_shift,631.3741739130435,903.7512173913044,0
i7GsJrDdCVU_15263-16742,1449,1,348.325,394.475,299.00000000000006,334.0,inside_visible,420.352,870.581,1
i7GsJrDdCVU_15263-16742,1449,2,1149.4545454545455,0.0,281.0,347.0,gaze_shift,636.3886666666666,904.186,0
i7GsJrDdCVU_15263-16742,1450,1,348.25,394.75,299.0,334.0,inside_visible,420.352,870.581,1
i7GsJrDdCVU_15263-16742,1450,2,1150.909090909091,0.0,281.0,347.0,gaze_shift,641.4031594202899,904.6207826086955,0
i7GsJrDdCVU_15263-16742,1451,1,348.175,395.025,298.99999999999994,334.0,inside_visible,420.352,870.581,1
i7GsJrDdCVU_15263-16742,1451,2,1152.3636363636365,0.0,281.0,347.0,gaze_shift,646.417652173913,905.0555652173912,0
i7GsJrDdCVU_15263-16742,1452,1,348.1,395.3,299.0,333.99999999999994,inside_visible,420.352,870.581,1
i7GsJrDdCVU_15263-16742,1452,2,1153.8181818181818,0.0,281.0,347.0,gaze_shift,651.4321449275362,905.490347826087,0
i7GsJrDdCVU_15263-16742,1453,1,348.025,395.575,299.0,334.00000000000006,inside_visible,420.352,870.581,1
i7GsJrDdCVU_15263-16742,1453,2,1155.2727272727273,0.0,281.0,347.0,gaze_shift,656.4466376811594,905.9251304347828,0
i7GsJrDdCVU_15263-16742,1454,1,347.95,395.85,299.00000000000006,334.0,inside_visible,420.352,870.581,1
i7GsJrDdCVU_15263-16742,1454,2,1156.7272727272727,0.0,281.0,347.0,gaze_shift,661.4611304347826,906.3599130434784,0
i7GsJrDdCVU_15263-16742,1455,1,347.875,396.125,299.0,334.0,inside_visible,420.352,870.581,1
i7GsJrDdCVU_15263-16742,1455,2,1158.1818181818182,0.0,281.0,347.0,gaze_shift,666.4756231884057,906.794695652174,0
i7GsJrDdCVU_15263-16742,1456,1,347.8,396.4,298.99999999999994,334.0,inside_visible,420.352,870.581,1
i7GsJrDdCVU_15263-16742,1456,2,1159.6363636363635,0.0,281.0,347.0,gaze_shift,671.490115942029,907.2294782608697,0
i7GsJrDdCVU_15263-16742,1457,1,347.725,396.675,299.0,333.99999999999994,inside_visible,420.352,870.581,1
i7GsJrDdCVU_15263-16742,1457,2,1161.090909090909,0.0,281.0,347.0,gaze_shift,676.5046086956522,907.6642608695652,0
i7GsJrDdCVU_15263-16742,1458,1,347.65,396.95,299.0,334.00000000000006,inside_visible,420.352,870.581,1
i7GsJrDdCVU_15263-16742,1458,2,1162.5454545454545,0.0,281.0,347.0,gaze_shift,681.5191014492754,908.0990434782608,0
i7GsJrDdCVU_15263-16742,1459,1,347.575,397.225,299.00000000000006,334.0,inside_visible,420.352,870.581,1
i7GsJrDdCVU_15263-16742,1459,2,1164.0,0.0,281.0,347.0,gaze_shift,686.5335942028985,908.5338260869564,0
i7GsJrDdCVU_15263-16742,1460,1,347.5,397.5,299.0,334.0,inside_visible,420.352,870.581,1
i7GsJrDdCVU_15263-16742,1460,2,1166.5,0.0,281.0,347.0,gaze_shift,691.5480869565217,908.9686086956522,0
i7GsJrDdCVU_15263-16742,1461,1,347.425,397.775,298.99999999999994,334.0,inside_visible,420.352,870.581,1
i7GsJrDdCVU_15263-16742,1461,2,1169.0,0.0,281.0,347.0,gaze_shift,696.562579710145,909.403391304348,0
i7GsJrDdCVU_15263-16742,1462,1,347.35,398.05,299.0,333.99999999999994,inside_visible,420.352,870.581,1
i7GsJrDdCVU_15263-16742,1462,2,1171.5,0.0,281.0,347.0,gaze_shift,701.5770724637681,909.8381739130436,0
i7GsJrDdCVU_15263-16742,1463,1,347.275,398.325,299.0,334.00000000000006,inside_visible,420.352,870.581,1
i7GsJrDdCVU_15263-16742,1463,2,1174.0,0.0,281.0,347.0,gaze_shift,706.5915652173912,910.2729565217392,0
i7GsJrDdCVU_15263-16742,1464,1,347.2,398.6,299.00000000000006,334.0,inside_visible,420.352,870.581,1
i7GsJrDdCVU_15263-16742,1464,2,1175.235294117647,0.0,281.0,347.0,gaze_shift,711.6060579710145,910.7077391304348,0
i7GsJrDdCVU_15263-16742,1465,1,347.125,398.875,299.0,334.0,inside_visible,420.352,870.581,1
i7GsJrDdCVU_15263-16742,1465,2,1176.470588235294,0.0,281.0,347.0,gaze_shift,716.6205507246377,911.1425217391304,0
i7GsJrDdCVU_15263-16742,1466,1,347.05,399.15,298.99999999999994,334.0,inside_visible,420.352,870.581,1
i7GsJrDdCVU_15263-16742,1466,2,1177.7058823529412,0.0,281.0,347.0,gaze_shift,721.6350434782609,911.5773043478262,0
i7GsJrDdCVU_15263-16742,1467,1,346.975,399.425,299.0,333.99999999999994,inside_visible,420.352,870.581,1
i7GsJrDdCVU_15263-16742,1467,2,1178.9411764705883,0.0,281.0,347.0,gaze_shift,726.649536231884,912.0120869565218,0
i7GsJrDdCVU_15263-16742,1468,1,346.9,399.7,299.0,334.00000000000006,inside_visible,420.352,870.581,1
i7GsJrDdCVU_15263-16742,1468,2,1180.1764705882354,0.0,281.0,347.0,gaze_shift,731.6640289855072,912.4468695652174,0
i7GsJrDdCVU_15263-16742,1469,1,346.825,399.975,299.00000000000006,334.0,inside_visible,420.352,870.581,1
i7GsJrDdCVU_15263-16742,1469,2,1181.4117647058824,0.0,281.0,347.0,gaze_shift,736.6785217391305,912.881652173913,0
i7GsJrDdCVU_15263-16742,1470,1,346.75,400.25,299.0,334.0,inside_visible,420.352,870.581,1
i7GsJrDdCVU_15263-16742,1470,2,1182.6470588235295,0.0,281.0,347.0,gaze_shift,741.6930144927536,913.3164347826088,0
i7GsJrDdCVU_15263-16742,1471,1,346.675,400.525,298.99999999999994,334.0,inside_visible,420.352,870.581,1
i7GsJrDdCVU_15263-16742,1471,2,1183.8823529411766,0.0,281.0,347.0,gaze_shift,746.7075072463767,913.7512173913044,0
i7GsJrDdCVU_15263-16742,1472,1,346.6,400.8,299.0,333.99999999999994,inside_visible,420.352,870.581,1
i7GsJrDdCVU_15263-16742,1472,2,1185.1176470588234,0.0,281.0,347.0,inside_visible,751.722,914.186,0
i7GsJrDdCVU_15263-16742,1473,1,346.525,401.075,299.0,334.00000000000006,inside_visible,420.352,870.581,1
i7GsJrDdCVU_15263-16742,1473,2,1186.3529411764705,0.0,281.0,347.0,inside_visible,772.722,922.186,0
i7GsJrDdCVU_15263-16742,1474,1,346.45,401.35,299.00000000000006,334.0,inside_visible,420.352,870.581,1
i7GsJrDdCVU_15263-16742,1474,2,1187.5882352941176,0.0,281.0,347.0,inside_visible,793.722,930.186,0
i7GsJrDdCVU_15263-16742,1475,1,346.375,401.625,299.0,334.0,inside_visible,420.352,870.581,1
i7GsJrDdCVU_15263-16742,1475,2,1188.8235294117646,0.0,281.0,347.0,inside_visible,795.722,931.5193333333334,0
i7GsJrDdCVU_15263-16742,1476,1,346.3,401.9,298.99999999999994,334.0,inside_visible,420.352,870.581,1
i7GsJrDdCVU_15263-16742,1476,2,1190.0588235294117,0.0,281.0,347.0,inside_visible,797.722,932.8526666666668,0
i7GsJrDdCVU_15263-16742,1477,1,346.225,402.175,299.0,333.99999999999994,inside_visible,420.352,870.581,1
i7GsJrDdCVU_15263-16742,1477,2,1191.2941176470588,0.0,281.0,347.0,inside_visible,799.722,934.186,0
i7GsJrDdCVU_15263-16742,1478,1,346.15,402.45,299.0,334.00000000000006,inside_visible,420.352,870.581,1
i7GsJrDdCVU_15263-16742,1478,2,1192.529411764706,0.0,281.0,347.0,inside_visible,787.722,962.186,0
i7GsJrDdCVU_15263-16742,1479,1,346.075,402.725,299.00000000000006,334.0,inside_visible,420.352,870.581,1
i7GsJrDdCVU_15263-16742,1479,2,1193.764705882353,0.0,281.0,347.0,inside_visible,777.116,969.762,0
i7GsJrDdCVU_15263-16742,1480,1,346.0,403.0,299.0,334.0,inside_visible,420.352,870.581,1
i7GsJrDdCVU_15263-16742,1480,2,1195.0,0.0,281.0,347.0,inside_visible,766.51,977.338,0
