clip,frame,person_id,bbox_x,bbox_y,bbox_width,bbox_height,gaze_class,gaze_x,gaze_y,is_child
iWYy8n6mSwc_8384-8850,1,1,596.0,0.0,161.0,196.0,inside_visible,483.596,388.764,0
iWYy8n6mSwc_8384-8850,1,2,408.0,76.0,187.0,203.0,inside_visible,577.079,410.337,1
iWYy8n6mSwc_8384-8850,2,1,597.8333333333334,0.6666666666666666,161.0,196.0,inside_visible,481.3987777777778,389.7627777777778,0
iWYy8n6mSwc_8384-8850,2,2,410.25,76.0,187.0,203.0,outside_frame,570.1699803921568,407.7284901960784,1
iWYy8n6mSwc_8384-8850,3,1,599.6666666666666,1.3333333333333333,161.0,196.0,inside_visible,479.2015555555556,390.7615555555556,0
iWYy8n6mSwc_8384-8850,3,2,412.5,76.0,187.0,203.0,outside_frame,563.2609607843136,405.1199803921568,1
iWYy8n6mSwc_8384-8850,4,1,601.5,2.0,161.0,196.0,inside_visible,477.00433333333336,391.7603333333333,0
iWYy8n6mSwc_8384-8850,4,2,414.75,76.0,187.0,203.0,outside_frame,556.3519411764705,402.5114705882353,1
iWYy8n6mSwc_8384-8850,5,1,603.3333333333334,2.6666666666666665,161.0,196.0,inside_visible,474.8071111111111,392.7591111111111,0
iWYy8n6mSwc_8384-8850,5,2,417.0,76.0,187.0,203.0,outside_frame,549.4429215686274,399.9029607843137,1
iWYy8n6mSwc_8384-8850,6,1,605.1666666666666,3.333333333333333,161.0,196.0,inside_visible,472.6098888888889,393.7578888888889,0
iWYy8n6mSwc_8384-8850,6,2,419.6,76.0,187.0,203.0,outside_frame,542.5339019607843,397.2944509803921,1
iWYy8n6mSwc_8384-8850,7,1,607.0,4.0,161.0,196.0,inside_visible,470.41266666666667,394.75666666666666,0
iWYy8n6mSwc_8384-8850,7,2,422.2,76.0,187.00000000000009,203.0,outside_frame,535.6248823529411,394.6859411764706,1
iWYy8n6mSwc_8384-8850,8,1,607.0,3.902439024390244,161.0,196.0,inside_visible,468.2154444444445,395.7554444444445,0
iWYy8n6mSwc_8384-8850,8,2,424.8,76.0,186.99999999999997,203.0,outside_frame,528.715862745098,392.077431372549,1
iWYy8n6mSwc_8384-8850,9,1,607.0,3.804878048780488,161.0,196.0,inside_visible,466.0182222222222,396.7542222222222,0
iWYy8n6mSwc_8384-8850,9,2,427.4,76.0,187.0,203.0,outside_frame,521.8068431372549,389.4689215686274,1
iWYy8n6mSwc_8384-8850,10,1,607.0,3.707317073170732,161.0,196.0,inside_visible,463.821,397.753,0
iWYy8n6mSwc_8384-8850,10,2,430.0,76.0,187.0,203.0,outside_frame,514.8978235294118,386.8604117647059,1
iWYy8n6mSwc_8384-8850,11,1,607.0,3.609756097560976,161.0,196.0,inside_visible,464.944625,392.809125,0
iWYy8n6mSwc_8384-8850,11,2,429.1538461538461,75.92307692307692,187.00000000000009,203.0,outside_frame,507.9888039215686,384.2519019607843,1
iWYy8n6mSwc_8384-8850,12,1,607.0,3.5121951219512195,161.0,196.0,inside_visible,466.06825,387.86525,0
iWYy8n6mSwc_8384-8850,12,2,428.3076923076923,75.84615384615384,186.99999999999997,203.00000000000003,outside_frame,501.07978431372544,381.6433921568627,1
iWYy8n6mSwc_8384-8850,13,1,607.0,3.414634146341464,161.0,196.0,inside_visible,467.191875,382.921375,0
iWYy8n6mSwc_8384-8850,13,2,427.46153846153845,75.76923076923077,187.0,203.0,outside_frame,494.17076470588233,379.0348823529412,1
iWYy8n6mSwc_8384-8850,14,1,607.0,3.317073170731707,161.0,196.0,inside_visible,468.3155,377.9775,0
iWYy8n6mSwc_8384-8850,14,2,426.61538461538464,75.6923076923077,187.0,203.0,outside_frame,487.2617450980392,376.4263725490196,1
iWYy8n6mSwc_8384-8850,15,1,607.0,3.2195121951219514,161.0,196.0,inside_visible,469.439125,373.033625,0
iWYy8n6mSwc_8384-8850,15,2,425.7692307692308,75.61538461538461,186.99999999999997,203.00000000000003,outside_frame,480.352725490196,373.817862745098,1
iWYy8n6mSwc_8384-8850,16,1,607.0,3.1219512195121952,161.0,196.0,inside_visible,470.56275,368.08975,0
iWYy8n6mSwc_8384-8850,16,2,424.9230769230769,75.53846153846153,187.0,203.0,outside_frame,473.4437058823529,371.20935294117646,1
iWYy8n6mSwc_8384-8850,17,1,607.0,3.024390243902439,161.0,196.0,inside_visible,471.686375,363.145875,0
iWYy8n6mSwc_8384-8850,17,2,424.0769230769231,75.46153846153847,187.0,203.0,outside_frame,466.5346862745098,368.6008431372549,1
iWYy8n6mSwc_8384-8850,18,1,607.0,2.926829268292683,161.0,196.0,inside_visible,472.81,358.202,0
iWYy8n6mSwc_8384-8850,18,2,423.2307692307692,75.38461538461539,187.00000000000009,203.0,outside_frame,459.6256666666666,365.9923333333333,1
iWYy8n6mSwc_8384-8850,19,1,607.0,2.8292682926829267,161.0,196.0,inside_visible,466.6134893617021,356.3277446808511,0
iWYy8n6mSwc_8384-8850,19,2,422.38461538461536,75.3076923076923,187.0,203.0,outside_frame,452.7166470588234,363.38382352941176,1
iWYy8n6mSwc_8384-8850,20,1,607.0,2.7317073170731705,161.0,196.0,inside_visible,460.4169787234042,354.4534893617021,0
iWYy8n6mSwc_8384-8850,20,2,421.5384615384616,75.23076923076923,187.0,203.0,outside_frame,445.8076274509804,360.7753137254902,1
iWYy8n6mSwc_8384-8850,21,1,607.0,2.6341463414634143,161.0,196.0,inside_visible,454.2204680851064,352.5792340425532,0
iWYy8n6mSwc_8384-8850,21,2,420.6923076923077,75.15384615384616,187.00000000000009,203.0,outside_frame,438.89860784313726,358.1668039215686,1
iWYy8n6mSwc_8384-8850,22,1,607.0,2.5365853658536586,161.0,196.0,inside_visible,448.0239574468085,350.7049787234043,0
iWYy8n6mSwc_8384-8850,22,2,419.84615384615387,75.07692307692308,186.99999999999997,203.0,outside_frame,431.9895882352941,355.55829411764705,1
iWYy8n6mSwc_8384-8850,23,1,607.0,2.4390243902439024,161.0,196.0,inside_visible,441.8274468085106,348.8307234042553,0
iWYy8n6mSwc_8384-8850,23,2,419.0,75.0,187.0,203.0,outside_frame,425.0805686274509,352.9497843137255,1
iWYy8n6mSwc_8384-8850,24,1,607.0,2.341463414634146,161.0,196.0,inside_visible,435.6309361702128,346.9564680851064,0
iWYy8n6mSwc_8384-8850,24,2,418.1538461538461,74.92307692307692,187.00000000000009,203.0,outside_frame,418.1715490196078,350.3412745098039,1
iWYy8n6mSwc_8384-8850,25,1,607.0,2.2439024390243905,161.0,196.0,inside_visible,429.4344255319149,345.0822127659574,0
iWYy8n6mSwc_8384-8850,25,2,417.3076923076923,74.84615384615384,186.99999999999997,203.00000000000003,outside_frame,411.2625294117647,347.73276470588235,1
iWYy8n6mSwc_8384-8850,26,1,607.0,2.1463414634146343,161.0,196.0,gaze_shift,423.237914893617,343.2079574468085,0
iWYy8n6mSwc_8384-8850,26,2,416.46153846153845,74.76923076923077,187.0,203.0,outside_frame,404.3535098039216,345.1242549019608,1
iWYy8n6mSwc_8384-8850,27,1,607.0,2.048780487804878,161.0,196.0,gaze_shift,417.0414042553192,341.3337021276596,0
iWYy8n6mSwc_8384-8850,27,2,415.61538461538464,74.6923076923077,187.0,203.0,outside_frame,397.4444901960784,342.51574509803925,1
iWYy8n6mSwc_8384-8850,28,1,607.0,1.951219512195122,161.0,196.0,gaze_shift,410.8448936170213,339.4594468085106,0
iWYy8n6mSwc_8384-8850,28,2,414.7692307692308,74.61538461538461,186.99999999999997,203.00000000000003,outside_frame,390.5354705882353,339.90723529411764,1
iWYy8n6mSwc_8384-8850,29,1,607.0,1.8536585365853655,161.0,196.0,gaze_shift,404.6483829787234,337.5851914893617,0
iWYy8n6mSwc_8384-8850,29,2,413.9230769230769,74.53846153846153,187.0,203.0,outside_frame,383.6264509803921,337.29872549019603,1
iWYy8n6mSwc_8384-8850,30,1,607.0,1.7560975609756095,161.0,196.0,outside_frame,398.4518723404256,335.7109361702128,0
iWYy8n6mSwc_8384-8850,30,2,413.0769230769231,74.46153846153847,187.0,203.0,outside_frame,376.717431372549,334.69021568627454,1
iWYy8n6mSwc_8384-8850,31,1,607.0,1.6585365853658538,161.0,196.0,outside_frame,392.2553617021276,333.8366808510638,0
iWYy8n6mSwc_8384-8850,31,2,412.2307692307692,74.38461538461539,187.00000000000009,203.0,outside_frame,369.80841176470585,332.08170588235294,1
iWYy8n6mSwc_8384-8850,32,1,607.0,1.5609756097560976,161.0,196.0,outside_frame,386.0588510638298,331.9624255319149,0
iWYy8n6mSwc_8384-8850,32,2,411.38461538461536,74.3076923076923,187.0,203.0,outside_frame,362.8993921568628,329.4731960784314,1
iWYy8n6mSwc_8384-8850,33,1,607.0,1.4634146341463414,161.0,196.0,outside_frame,379.8623404255319,330.088170212766,0
iWYy8n6mSwc_8384-8850,33,2,410.5384615384616,74.23076923076923,187.0,203.0,outside_frame,355.9903725490196,326.8646862745098,1
iWYy8n6mSwc_8384-8850,34,1,607.0,1.3658536585365852,161.0,196.0,outside_frame,373.665829787234,328.213914893617,0
iWYy8n6mSwc_8384-8850,34,2,409.6923076923077,74.15384615384616,187.00000000000009,203.0,outside_frame,349.0813529411764,324.25617647058823,1
iWYy8n6mSwc_8384-8850,35,1,607.0,1.268292682926829,161.0,196.0,outside_frame,367.46931914893617,326.3396595744681,0
iWYy8n6mSwc_8384-8850,35,2,408.84615384615387,74.07692307692308,186.99999999999997,203.0,outside_frame,342.1723333333333,321.6476666666667,1
iWYy8n6mSwc_8384-8850,36,1,607.0,1.170731707317073,161.0,196.0,outside_frame,361.2728085106383,324.4654042553192,0
iWYy8n6mSwc_8384-8850,36,2,408.0,74.0,187.0,203.0,outside_frame,335.2633137254902,319.0391568627451,1
iWYy8n6mSwc_8384-8850,37,1,607.0,1.0731707317073171,161.0,196.0,outside_frame,355.07629787234043,322.5911489361702,0
iWYy8n6mSwc_8384-8850,37,2,407.125,72.625,187.0,203.0,outside_frame,328.354294117647,316.4306470588235,1
iWYy8n6mSwc_8384-8850,38,1,607.0,0.975609756097561,161.0,196.0,outside_frame,348.87978723404257,320.7168936170213,0
iWYy8n6mSwc_8384-8850,38,2,406.25,71.25,187.0,203.0,outside_frame,321.4452745098039,313.822137254902,1
iWYy8n6mSwc_8384-8850,39,1,607.0,0.8780487804878048,161.0,196.0,outside_frame,342.6832765957447,318.8426382978723,0
iWYy8n6mSwc_8384-8850,39,2,405.375,69.875,187.0,203.0,outside_frame,314.5362549019608,311.2136274509804,1
iWYy8n6mSwc_8384-8850,40,1,607.0,0.7804878048780486,161.0,196.0,outside_frame,336.4867659574468,316.9683829787234,0
iWYy8n6mSwc_8384-8850,40,2,404.5,68.5,187.0,203.0,outside_frame,307.62723529411767,308.6051176470588,1
iWYy8n6mSwc_8384-8850,41,1,607.0,0.6829268292682928,161.0,196.0,outside_frame,330.29025531914897,315.0941276595745,0
iWYy8n6mSwc_8384-8850,41,2,403.625,67.125,187.0,203.0,outside_frame,300.7182156862745,305.99660784313727,1
iWYy8n6mSwc_8384-8850,42,1,607.0,0.5853658536585367,161.0,196.0,outside_frame,324.09374468085105,313.2198723404255,0
iWYy8n6mSwc_8384-8850,42,2,402.75,65.75,187.0,203.0,outside_frame,293.80919607843134,303.38809803921566,1
iWYy8n6mSwc_8384-8850,43,1,607.0,0.4878048780487805,161.0,196.0,outside_frame,317.89723404255324,311.3456170212766,0
iWYy8n6mSwc_8384-8850,43,2,401.875,64.375,187.0,203.0,gaze_shift,286.90017647058824,300.7795882352941,1
iWYy8n6mSwc_8384-8850,44,1,607.0,0.3902439024390243,161.0,196.0,outside_frame,311.7007234042553,309.4713617021277,0
iWYy8n6mSwc_8384-8850,44,2,401.0,63.0,187.0,203.0,gaze_shift,279.9911568627451,298.17107843137256,1
iWYy8n6mSwc_8384-8850,45,1,607.0,0.2926829268292681,161.0,196.0,outside_frame,305.50421276595745,307.5971063829787,0
iWYy8n6mSwc_8384-8850,45,2,401.0,63.0,184.25,203.0,gaze_shift,273.0821372549019,295.56256862745096,1
iWYy8n6mSwc_8384-8850,46,1,607.0,0.1951219512195123,161.0,196.0,outside_frame,299.3077021276596,305.7228510638298,0
iWYy8n6mSwc_8384-8850,46,2,401.0,63.0,181.5,203.0,gaze_shift,266.1731176470588,292.9540588235294,1
iWYy8n6mSwc_8384-8850,47,1,607.0,0.0975609756097561,161.0,196.0,outside_frame,293.1111914893617,303.8485957446809,0
iWYy8n6mSwc_8384-8850,47,2,401.0,63.0,178.75,203.0,gaze_shift,259.2640980392157,290.34554901960786,1
iWYy8n6mSwc_8384-8850,48,1,607.0,0.0,161.0,196.0,outside_frame,286.91468085106385,301.9743404255319,0
iWYy8n6mSwc_8384-8850,48,2,401.0,63.0,176.0,203.0,gaze_shift,252.35507843137253,287.7370392156863,1
iWYy8n6mSwc_8384-8850,49,1,606.0,0.0,161.0,196.0,outside_frame,280.718170212766,300.100085106383,0
iWYy8n6mSwc_8384-8850,49,2,398.0,62.333333333333336,176.0,203.0,gaze_shift,245.44605882352943,285.1285294117647,1
iWYy8n6mSwc_8384-8850,50,1,605.0,0.0,161.0,196.0,outside_frame,274.5216595744681,298.22582978723403,0
iWYy8n6mSwc_8384-8850,50,2,395.0,61.66666666666666,176.0,203.00000000000003,gaze_shift,238.53703921568624,282.5200196078431,1
iWYy8n6mSwc_8384-8850,51,1,604.0,0.0,161.0,196.0,outside_frame,268.3251489361702,296.3515744680851,0
iWYy8n6mSwc_8384-8850,51,2,392.0,61.0,176.0,203.0,gaze_shift,231.6280196078432,279.9115098039216,1
iWYy8n6mSwc_8384-8850,52,1,603.0,0.0,161.0,196.0,outside_frame,262.1286382978723,294.4773191489362,0
iWYy8n6mSwc_8384-8850,52,2,392.0,61.0,178.0,194.0,gaze_shift,224.719,277.303,1
iWYy8n6mSwc_8384-8850,53,1,602.0,0.0,161.0,196.0,outside_frame,255.9321276595745,292.6030638297873,0
iWYy8n6mSwc_8384-8850,53,2,392.0,61.0,180.0,185.0,gaze_shift,223.69171428571428,278.58714285714285,1
iWYy8n6mSwc_8384-8850,54,1,601.0,0.0,161.0,196.0,outside_frame,249.7356170212766,290.7288085106383,0
iWYy8n6mSwc_8384-8850,54,2,386.5,61.0,180.0,189.5,inside_visible,222.66442857142857,279.8712857142857,1
iWYy8n6mSwc_8384-8850,55,1,600.0,0.0,161.0,196.0,outside_frame,243.53910638297876,288.85455319148934,0
iWYy8n6mSwc_8384-8850,55,2,381.0,61.0,180.0,194.0,inside_visible,221.6371428571429,281.15542857142856,1
iWYy8n6mSwc_8384-8850,56,1,599.0,0.0,161.0,196.0,outside_frame,237.3425957446809,286.98029787234043,0
iWYy8n6mSwc_8384-8850,56,2,381.0,59.833333333333336,180.0,195.16666666666663,inside_visible,220.60985714285712,282.4395714285714,1
iWYy8n6mSwc_8384-8850,57,1,598.0,0.0,161.0,196.0,outside_frame,231.146085106383,285.1060425531915,0
iWYy8n6mSwc_8384-8850,57,2,381.0,58.66666666666666,180.0,196.33333333333331,inside_visible,219.5825714285714,283.72371428571427,1
iWYy8n6mSwc_8384-8850,58,1,597.0,0.0,161.0,196.0,outside_frame,224.9495744680851,283.2317872340426,0
iWYy8n6mSwc_8384-8850,58,2,381.0,57.5,180.0,197.5,inside_visible,218.5552857142857,285.0078571428571,1
iWYy8n6mSwc_8384-8850,59,1,596.0,0.0,161.0,196.0,gaze_shift,218.75306382978724,281.3575319148936,0
iWYy8n6mSwc_8384-8850,59,2,381.0,56.333333333333336,180.0,198.66666666666663,inside_visible,217.528,286.292,1
iWYy8n6mSwc_8384-8850,60,1,595.0,0.0,161.0,196.0,gaze_shift,212.5565531914894,279.4832765957447,0
iWYy8n6mSwc_8384-8850,60,2,381.0,55.16666666666666,180.0,199.83333333333331,inside_visible,218.1272222222222,288.0897777777777,1
iWYy8n6mSwc_8384-8850,61,1,594.0,0.0,161.0,196.0,gaze_shift,206.36004255319148,277.60902127659574,0
iWYy8n6mSwc_8384-8850,61,2,381.0,54.0,180.0,201.0,inside_visible,218.72644444444444,289.88755555555554,1
iWYy8n6mSwc_8384-8850,62,1,590.0,0.0,161.0,196.0,gaze_shift,200.1635319148936,275.7347659574468,0
iWYy8n6mSwc_8384-8850,62,2,381.0,53.84782608695652,180.0,201.0,inside_visible,219.32566666666665,291.6853333333333,1
iWYy8n6mSwc_8384-8850,63,1,586.0,0.0,161.0,196.0,gaze_shift,193.96702127659572,273.8605106382979,0
iWYy8n6mSwc_8384-8850,63,2,381.0,53.69565217391305,180.0,201.0,inside_visible,219.9248888888889,293.4831111111111,1
iWYy8n6mSwc_8384-8850,64,1,582.0,0.0,161.0,196.0,inside_visible,187.77051063829788,271.986255319149,0
iWYy8n6mSwc_8384-8850,64,2,381.0,53.54347826086956,180.0,201.0,inside_visible,220.5241111111111,295.28088888888885,1
iWYy8n6mSwc_8384-8850,65,1,578.0,0.0,161.0,196.0,inside_visible,181.574,270.112,0
iWYy8n6mSwc_8384-8850,65,2,381.0,53.391304347826086,180.0,201.0,inside_visible,221.1233333333333,297.07866666666666,1
iWYy8n6mSwc_8384-8850,66,1,576.6,0.0,161.0,196.0,inside_visible,181.15913461538463,269.8008461538462,0
iWYy8n6mSwc_8384-8850,66,2,381.0,53.23913043478261,180.0,201.0,inside_visible,221.72255555555557,298.8764444444444,1
iWYy8n6mSwc_8384-8850,67,1,575.2,0.0,161.0,196.0,inside_visible,180.74426923076925,269.48969230769234,0
iWYy8n6mSwc_8384-8850,67,2,381.0,53.08695652173913,180.0,201.0,inside_visible,222.32177777777775,300.6742222222222,1
iWYy8n6mSwc_8384-8850,68,1,573.8,0.0,161.0,196.0,inside_visible,180.32940384615387,269.1785384615385,0
iWYy8n6mSwc_8384-8850,68,2,381.0,52.93478260869565,180.0,201.0,inside_visible,222.921,302.472,1
iWYy8n6mSwc_8384-8850,69,1,572.4,0.0,161.0,196.0,inside_visible,179.91453846153848,268.86738461538465,0
iWYy8n6mSwc_8384-8850,69,2,381.0,52.78260869565217,180.0,201.0,inside_visible,225.9173333333333,300.97383333333335,1
iWYy8n6mSwc_8384-8850,70,1,571.0,0.0,161.0,196.0,inside_visible,179.4996730769231,268.5562307692308,0
iWYy8n6mSwc_8384-8850,70,2,381.0,52.630434782608695,180.0,201.0,inside_visible,228.91366666666667,299.47566666666665,1
iWYy8n6mSwc_8384-8850,71,1,564.0,0.0,161.0,196.0,inside_visible,179.0848076923077,268.24507692307697,0
iWYy8n6mSwc_8384-8850,71,2,381.0,52.47826086956522,180.0,201.0,inside_visible,231.91,297.9775,1
iWYy8n6mSwc_8384-8850,72,1,555.0,0.0,161.0,196.0,inside_visible,178.6699423076923,267.9339230769231,0
iWYy8n6mSwc_8384-8850,72,2,381.0,52.32608695652174,180.0,201.0,inside_visible,234.9063333333333,296.47933333333333,1
iWYy8n6mSwc_8384-8850,73,1,551.5,0.0,171.0,196.0,inside_visible,178.25507692307693,267.6227692307692,0
iWYy8n6mSwc_8384-8850,73,2,381.0,52.17391304347826,180.0,201.0,inside_visible,237.90266666666668,294.9811666666667,1
iWYy8n6mSwc_8384-8850,74,1,548.0,0.0,181.0,196.0,inside_visible,177.84021153846157,267.3116153846154,0
iWYy8n6mSwc_8384-8850,74,2,381.0,52.02173913043478,180.0,201.0,inside_visible,240.899,293.483,1
iWYy8n6mSwc_8384-8850,75,1,548.0,0.0,181.0,191.33333333333331,inside_visible,177.42534615384616,267.00046153846154,0
iWYy8n6mSwc_8384-8850,75,2,381.0,51.869565217391305,180.0,201.0,inside_visible,240.000125,291.011125,1
iWYy8n6mSwc_8384-8850,76,1,548.0,0.0,181.0,186.66666666666663,inside_visible,177.01048076923078,266.6893076923077,0
iWYy8n6mSwc_8384-8850,76,2,381.0,51.71739130434783,180.0,201.0,inside_visible,239.10125,288.53925000000004,1
iWYy8n6mSwc_8384-8850,77,1,548.0,0.0,181.0,182.0,inside_visible,176.5956153846154,266.37815384615385,0
iWYy8n6mSwc_8384-8850,77,2,381.0,51.56521739130434,180.0,201.0,inside_visible,238.202375,286.067375,1
iWYy8n6mSwc_8384-8850,78,1,547.9044117647059,0.0,181.0,182.0,inside_visible,176.18075000000002,266.067,0
iWYy8n6mSwc_8384-8850,78,2,381.0,51.41304347826087,180.0,201.0,inside_visible,237.3035,283.5955,1
iWYy8n6mSwc_8384-8850,79,1,547.8088235294117,0.0,181.0,182.0,inside_visible,175.76588461538464,265.75584615384616,0
iWYy8n6mSwc_8384-8850,79,2,381.0,51.26086956521739,180.0,201.0,inside_visible,236.404625,281.123625,1
iWYy8n6mSwc_8384-8850,80,1,547.7132352941177,0.0,181.0,182.0,inside_visible,175.35101923076925,265.4446923076923,0
iWYy8n6mSwc_8384-8850,80,2,381.0,51.10869565217392,180.0,201.0,inside_visible,235.50575,278.65175,1
iWYy8n6mSwc_8384-8850,81,1,547.6176470588235,0.0,181.0,182.0,inside_visible,174.93615384615384,265.1335384615385,0
iWYy8n6mSwc_8384-8850,81,2,381.0,50.95652173913044,180.0,201.0,inside_visible,234.606875,276.17987500000004,1
iWYy8n6mSwc_8384-8850,82,1,547.5220588235294,0.0,181.0,182.0,inside_visible,174.52128846153846,264.82238461538464,0
iWYy8n6mSwc_8384-8850,82,2,381.0,50.80434782608695,180.0,201.0,inside_visible,233.708,273.708,1
iWYy8n6mSwc_8384-8850,83,1,547.4264705882352,0.0,181.0,182.0,inside_visible,174.10642307692308,264.5112307692308,0
iWYy8n6mSwc_8384-8850,83,2,381.0,50.65217391304348,180.0,201.0,inside_visible,161.798,282.697,1
iWYy8n6mSwc_8384-8850,84,1,547.3308823529412,0.0,181.0,182.0,inside_visible,173.6915576923077,264.2000769230769,0
iWYy8n6mSwc_8384-8850,84,2,381.0,50.5,180.0,201.0,inside_visible,162.697,294.3825,1
iWYy8n6mSwc_8384-8850,85,1,547.2352941176471,0.0,181.0,182.0,inside_visible,173.27669230769231,263.8889230769231,0
iWYy8n6mSwc_8384-8850,85,2,381.0,50.34782608695652,180.0,201.0,inside_visible,163.596,306.068,1
iWYy8n6mSwc_8384-8850,86,1,547.1397058823529,0.0,181.0,182.0,inside_visible,172.86182692307693,263.57776923076926,0
iWYy8n6mSwc_8384-8850,86,2,381.0,50.19565217391305,180.0,201.0,inside_visible,160.8955,306.017,1
iWYy8n6mSwc_8384-8850,87,1,547.0441176470588,0.0,181.0,182.0,inside_visible,172.44696153846155,263.2666153846154,0
iWYy8n6mSwc_8384-8850,87,2,381.0,50.04347826086956,180.0,201.0,inside_visible,158.195,305.966,1
iWYy8n6mSwc_8384-8850,88,1,546.9485294117648,0.0,181.0,182.0,inside_visible,172.03209615384617,262.9554615384615,0
iWYy8n6mSwc_8384-8850,88,2,381.0,49.891304347826086,180.0,201.0,inside_visible,155.49450000000002,305.915,1
iWYy8n6mSwc_8384-8850,89,1,546.8529411764706,0.0,181.0,182.0,inside_visible,171.6172307692308,262.6443076923077,0
iWYy8n6mSwc_8384-8850,89,2,381.0,49.73913043478261,180.0,201.0,inside_visible,152.794,305.864,1
iWYy8n6mSwc_8384-8850,90,1,546.7573529411765,0.0,181.0,182.0,inside_visible,171.2023653846154,262.33315384615383,0
iWYy8n6mSwc_8384-8850,90,2,381.0,49.58695652173913,180.0,201.0,inside_visible,150.0935,305.813,1
iWYy8n6mSwc_8384-8850,91,1,546.6617647058823,0.0,181.0,182.0,inside_visible,170.78750000000002,262.022,0
iWYy8n6mSwc_8384-8850,91,2,381.0,49.434782608695656,180.0,201.0,inside_visible,147.393,305.762,1
iWYy8n6mSwc_8384-8850,92,1,546.5661764705883,0.0,181.0,182.0,inside_visible,170.3726346153846,261.71084615384615,0
iWYy8n6mSwc_8384-8850,92,2,381.0,49.28260869565217,180.0,201.0,inside_visible,144.5166,302.8856,1
iWYy8n6mSwc_8384-8850,93,1,546.4705882352941,0.0,181.0,182.0,inside_visible,169.95776923076923,261.3996923076923,0
iWYy8n6mSwc_8384-8850,93,2,381.0,49.130434782608695,180.0,201.0,inside_visible,141.6402,300.0092,1
iWYy8n6mSwc_8384-8850,94,1,546.375,0.0,181.0,182.0,inside_visible,169.54290384615385,261.08853846153846,0
iWYy8n6mSwc_8384-8850,94,2,381.0,48.97826086956522,180.0,201.0,inside_visible,138.7638,297.1328,1
iWYy8n6mSwc_8384-8850,95,1,546.2794117647059,0.0,181.0,182.0,inside_visible,169.12803846153847,260.7773846153846,0
iWYy8n6mSwc_8384-8850,95,2,381.0,48.82608695652174,180.0,201.0,inside_visible,135.8874,294.2564,1
iWYy8n6mSwc_8384-8850,96,1,546.1838235294117,0.0,181.0,182.0,inside_visible,168.71317307692308,260.4662307692308,0
iWYy8n6mSwc_8384-8850,96,2,381.0,48.67391304347826,180.0,201.0,inside_visible,133.011,291.38,1
iWYy8n6mSwc_8384-8850,97,1,546.0882352941177,0.0,181.0,182.0,inside_visible,168.2983076923077,260.15507692307693,0
iWYy8n6mSwc_8384-8850,97,2,381.0,48.52173913043478,180.0,201.0,inside_visible,135.70775,287.7845,1
iWYy8n6mSwc_8384-8850,98,1,545.9926470588235,0.0,181.0,182.0,inside_visible,167.88344230769232,259.8439230769231,0
iWYy8n6mSwc_8384-8850,98,2,381.0,48.369565217391305,180.0,201.0,inside_visible,138.40449999999998,284.189,1
iWYy8n6mSwc_8384-8850,99,1,545.8970588235294,0.0,181.0,182.0,inside_visible,167.46857692307694,259.53276923076925,0
iWYy8n6mSwc_8384-8850,99,2,381.0,48.21739130434783,180.0,201.0,inside_visible,141.10125,280.5935,1
iWYy8n6mSwc_8384-8850,100,1,545.8014705882352,0.0,181.0,182.0,inside_visible,167.05371153846156,259.2216153846154,0
iWYy8n6mSwc_8384-8850,100,2,381.0,48.06521739130434,180.0,201.0,inside_visible,143.798,276.998,1
iWYy8n6mSwc_8384-8850,101,1,545.7058823529412,0.0,181.0,182.0,inside_visible,166.63884615384617,258.9104615384616,0
iWYy8n6mSwc_8384-8850,101,2,381.0,47.91304347826087,180.0,201.0,inside_visible,143.798,279.0525714285714,1
iWYy8n6mSwc_8384-8850,102,1,545.6102941176471,0.0,181.0,182.0,inside_visible,166.22398076923076,258.59930769230766,0
iWYy8n6mSwc_8384-8850,102,2,381.0,47.76086956521739,180.0,201.0,inside_visible,143.798,281.10714285714283,1
iWYy8n6mSwc_8384-8850,103,1,545.5147058823529,0.0,181.0,182.0,inside_visible,165.80911538461538,258.2881538461538,0
iWYy8n6mSwc_8384-8850,103,2,381.0,47.60869565217392,180.0,201.0,inside_visible,143.798,283.16171428571425,1
iWYy8n6mSwc_8384-8850,104,1,545.4191176470588,0.0,181.0,182.0,inside_visible,165.39425,257.977,0
iWYy8n6mSwc_8384-8850,104,2,381.0,47.45652173913044,180.0,201.0,inside_visible,143.798,285.21628571428573,1
iWYy8n6mSwc_8384-8850,105,1,545.3235294117648,0.0,181.0,182.0,inside_visible,164.97938461538462,257.66584615384613,0
iWYy8n6mSwc_8384-8850,105,2,381.0,47.30434782608695,180.0,201.0,inside_visible,143.798,287.27085714285715,1
iWYy8n6mSwc_8384-8850,106,1,545.2279411764706,0.0,181.0,182.0,inside_visible,164.56451923076924,257.3546923076923,0
iWYy8n6mSwc_8384-8850,106,2,381.0,47.15217391304348,180.0,201.0,inside_visible,143.798,289.3254285714286,1
iWYy8n6mSwc_8384-8850,107,1,545.1323529411765,0.0,181.0,182.0,inside_visible,164.14965384615385,257.04353846153845,0
iWYy8n6mSwc_8384-8850,107,2,381.0,47.0,180.0,201.0,inside_visible,143.798,291.38,1
iWYy8n6mSwc_8384-8850,108,1,545.0367647058823,0.0,181.0,182.0,inside_visible,163.73478846153847,256.7323846153846,0
iWYy8n6mSwc_8384-8850,108,2,381.2765957446808,46.8936170212766,180.00000000000006,201.0,inside_visible,144.39733333333334,294.3763333333333,1
iWYy8n6mSwc_8384-8850,109,1,544.9411764705883,0.0,181.0,182.0,inside_visible,163.3199230769231,256.4212307692308,0
iWYy8n6mSwc_8384-8850,109,2,381.5531914893617,46.7872340425532,179.99999999999994,201.0,inside_visible,144.99666666666667,297.37266666666665,1
iWYy8n6mSwc_8384-8850,110,1,544.8455882352941,0.0,181.0,182.0,inside_visible,162.9050576923077,256.1100769230769,0
iWYy8n6mSwc_8384-8850,110,2,381.82978723404256,46.680851063829785,180.0,201.0,inside_visible,145.596,300.369,1
iWYy8n6mSwc_8384-8850,111,1,544.75,0.0,181.0,182.0,inside_visible,162.49019230769233,255.79892307692307,0
iWYy8n6mSwc_8384-8850,111,2,382.1063829787234,46.57446808510638,180.00000000000006,201.0,inside_visible,146.19533333333334,303.3653333333333,1
iWYy8n6mSwc_8384-8850,112,1,544.6544117647059,0.0,181.0,182.0,inside_visible,162.07532692307694,255.48776923076923,0
iWYy8n6mSwc_8384-8850,112,2,382.3829787234043,46.46808510638298,179.99999999999994,201.0,inside_visible,146.79466666666667,306.3616666666667,1
iWYy8n6mSwc_8384-8850,113,1,544.5588235294117,0.0,181.0,182.0,inside_visible,161.66046153846153,255.1766153846154,0
iWYy8n6mSwc_8384-8850,113,2,382.6595744680851,46.361702127659576,180.0,201.0,inside_visible,147.394,309.358,1
iWYy8n6mSwc_8384-8850,114,1,544.4632352941177,0.0,181.0,182.0,inside_visible,161.24559615384615,254.86546153846152,0
iWYy8n6mSwc_8384-8850,114,2,382.93617021276594,46.255319148936174,180.00000000000006,201.0,inside_visible,153.38666666666668,313.55266666666665,1
iWYy8n6mSwc_8384-8850,115,1,544.3676470588235,0.0,181.0,182.0,inside_visible,160.83073076923077,254.55430769230767,0
iWYy8n6mSwc_8384-8850,115,2,383.2127659574468,46.14893617021277,179.99999999999994,201.0,inside_visible,159.37933333333334,317.74733333333336,1
iWYy8n6mSwc_8384-8850,116,1,544.2720588235294,0.0,181.0,182.0,inside_visible,160.4158653846154,254.24315384615383,0
iWYy8n6mSwc_8384-8850,116,2,383.48936170212767,46.04255319148936,180.0,201.0,inside_visible,165.372,321.942,1
iWYy8n6mSwc_8384-8850,117,1,544.1764705882352,0.0,181.0,182.0,inside_visible,160.001,253.932,0
iWYy8n6mSwc_8384-8850,117,2,383.7659574468085,45.93617021276596,180.00000000000006,201.0,inside_visible,166.72025000000002,321.4925,1
iWYy8n6mSwc_8384-8850,118,1,544.0808823529412,0.0,181.0,182.0,inside_visible,160.19801369863015,253.99356849315063,0
iWYy8n6mSwc_8384-8850,118,2,384.0425531914894,45.82978723404256,179.99999999999994,201.0,inside_visible,168.0685,321.043,1
iWYy8n6mSwc_8384-8850,119,1,543.9852941176471,0.0,181.0,182.0,inside_visible,160.39502739726026,254.05513698630136,0
iWYy8n6mSwc_8384-8850,119,2,384.3191489361702,45.723404255319146,180.0,201.0,inside_visible,169.41674999999998,320.5935,1
iWYy8n6mSwc_8384-8850,120,1,543.8897058823529,0.0,181.0,182.0,inside_visible,160.5920410958904,254.11670547945204,0
iWYy8n6mSwc_8384-8850,120,2,384.5957446808511,45.61702127659574,180.00000000000006,201.0,inside_visible,170.765,320.144,1
iWYy8n6mSwc_8384-8850,121,1,543.7941176470588,0.0,181.0,182.0,inside_visible,160.78905479452055,254.17827397260277,0
iWYy8n6mSwc_8384-8850,121,2,384.8723404255319,45.51063829787234,180.0,201.0,inside_visible,173.7613333333333,320.4436666666667,1
iWYy8n6mSwc_8384-8850,122,1,543.6985294117648,0.0,181.0,182.0,inside_visible,160.9860684931507,254.2398424657534,0
iWYy8n6mSwc_8384-8850,122,2,385.1489361702128,45.40425531914894,180.0,201.0,inside_visible,176.7576666666667,320.74333333333334,1
iWYy8n6mSwc_8384-8850,123,1,543.6029411764706,0.0,181.0,182.0,inside_visible,161.1830821917808,254.30141095890409,0
iWYy8n6mSwc_8384-8850,123,2,385.4255319148936,45.297872340425535,180.00000000000006,201.0,inside_visible,179.754,321.043,1
iWYy8n6mSwc_8384-8850,124,1,543.5073529411765,0.0,181.0,182.0,inside_visible,161.38009589041096,254.3629794520548,0
iWYy8n6mSwc_8384-8850,124,2,385.7021276595744,45.191489361702125,180.0,201.0,inside_visible,182.7503333333333,321.3426666666667,1
iWYy8n6mSwc_8384-8850,125,1,543.4117647058823,0.0,181.0,182.0,inside_visible,161.5771095890411,254.42454794520543,0
iWYy8n6mSwc_8384-8850,125,2,385.9787234042553,45.08510638297872,180.0,201.0,inside_visible,185.74666666666667,321.64233333333334,1
iWYy8n6mSwc_8384-8850,126,1,543.3161764705883,0.0,181.0,182.0,inside_visible,161.77412328767124,254.48611643835616,0
iWYy8n6mSwc_8384-8850,126,2,386.25531914893617,44.97872340425532,180.00000000000006,201.0,inside_visible,188.743,321.942,1
iWYy8n6mSwc_8384-8850,127,1,543.2205882352941,0.0,181.0,182.0,inside_visible,161.97113698630136,254.54768493150684,0
iWYy8n6mSwc_8384-8850,127,2,386.531914893617,44.87234042553192,180.0,201.0,inside_visible,188.08927272727271,319.49054545454544,1
iWYy8n6mSwc_8384-8850,128,1,543.125,0.0,181.0,182.0,inside_visible,162.1681506849315,254.6092534246575,0
iWYy8n6mSwc_8384-8850,128,2,386.8085106382979,44.765957446808514,180.0,201.0,inside_visible,187.43554545454543,317.03909090909093,1
iWYy8n6mSwc_8384-8850,129,1,543.0294117647059,0.0,181.0,182.0,inside_visible,162.36516438356165,254.6708219178082,0
iWYy8n6mSwc_8384-8850,129,2,387.0851063829787,44.659574468085104,180.00000000000006,201.0,inside_visible,186.78181818181815,314.5876363636364,1
iWYy8n6mSwc_8384-8850,130,1,542.9338235294117,0.0,181.0,182.0,inside_visible,162.5621780821918,254.73239041095889,0
iWYy8n6mSwc_8384-8850,130,2,387.3617021276596,44.5531914893617,180.0,201.0,inside_visible,186.1280909090909,312.1361818181818,1
iWYy8n6mSwc_8384-8850,131,1,542.8382352941177,0.0,181.0,182.0,inside_visible,162.7591917808219,254.7939589041096,0
iWYy8n6mSwc_8384-8850,131,2,387.6382978723405,44.4468085106383,180.0,201.0,inside_visible,185.4743636363636,309.6847272727273,1
iWYy8n6mSwc_8384-8850,132,1,542.7426470588235,0.0,181.0,182.0,inside_visible,162.95620547945205,254.85552739726023,0
iWYy8n6mSwc_8384-8850,132,2,387.9148936170213,44.340425531914896,179.99999999999994,201.0,inside_visible,184.8206363636364,307.2332727272727,1
iWYy8n6mSwc_8384-8850,133,1,542.6470588235294,0.0,181.0,182.0,inside_visible,163.1532191780822,254.91709589041093,0
iWYy8n6mSwc_8384-8850,133,2,388.1914893617021,44.234042553191486,180.0,201.0,inside_visible,184.1669090909091,304.7818181818182,1
iWYy8n6mSwc_8384-8850,134,1,542.5514705882352,0.0,181.0,182.0,inside_visible,163.35023287671234,254.97866438356164,0
iWYy8n6mSwc_8384-8850,134,2,388.468085106383,44.12765957446808,180.0,201.0,inside_visible,183.5131818181818,302.33036363636364,1
iWYy8n6mSwc_8384-8850,135,1,542.4558823529412,0.0,181.0,182.0,inside_visible,163.54724657534246,255.0402328767123,0
iWYy8n6mSwc_8384-8850,135,2,388.74468085106383,44.02127659574468,179.99999999999994,201.0,inside_visible,182.85945454545453,299.8789090909091,1
iWYy8n6mSwc_8384-8850,136,1,542.3602941176471,0.0,181.0,182.0,inside_visible,163.7442602739726,255.101801369863,0
iWYy8n6mSwc_8384-8850,136,2,389.0212765957447,43.91489361702128,180.0,201.0,inside_visible,182.20572727272727,297.42745454545457,1
iWYy8n6mSwc_8384-8850,137,1,542.2647058823529,0.0,181.0,182.0,inside_visible,163.94127397260274,255.16336986301368,0
iWYy8n6mSwc_8384-8850,137,2,389.2978723404256,43.80851063829788,180.0,201.0,inside_visible,181.552,294.976,1
iWYy8n6mSwc_8384-8850,138,1,542.1691176470588,0.0,181.0,182.0,inside_visible,164.1382876712329,255.2249383561644,0
iWYy8n6mSwc_8384-8850,138,2,389.5744680851064,43.70212765957447,179.99999999999994,201.0,inside_visible,171.664,292.28,1
iWYy8n6mSwc_8384-8850,139,1,542.0735294117648,0.0,181.0,182.0,inside_visible,164.335301369863,255.28650684931503,0
iWYy8n6mSwc_8384-8850,139,2,389.8510638297872,43.59574468085106,180.0,201.0,inside_visible,248.069,246.437,1
iWYy8n6mSwc_8384-8850,140,1,541.9779411764706,0.0,181.0,182.0,inside_visible,164.53231506849315,255.34807534246573,0
iWYy8n6mSwc_8384-8850,140,2,390.1276595744681,43.48936170212766,180.0,201.0,inside_visible,244.494375,249.705375,1
iWYy8n6mSwc_8384-8850,141,1,541.8823529411765,0.0,181.0,182.0,inside_visible,164.7293287671233,255.40964383561644,0
iWYy8n6mSwc_8384-8850,141,2,390.40425531914894,43.38297872340426,179.99999999999994,201.0,inside_visible,240.91975,252.97375,1
iWYy8n6mSwc_8384-8850,142,1,541.7867647058823,0.0,181.0,182.0,inside_visible,164.92634246575344,255.4712123287671,0
iWYy8n6mSwc_8384-8850,142,2,390.6808510638298,43.27659574468085,180.0,201.0,inside_visible,237.345125,256.242125,1
iWYy8n6mSwc_8384-8850,143,1,541.6911764705883,0.0,181.0,182.0,inside_visible,165.12335616438355,255.5327808219178,0
iWYy8n6mSwc_8384-8850,143,2,390.95744680851067,43.17021276595744,180.0,201.0,inside_visible,233.7705,259.5105,1
iWYy8n6mSwc_8384-8850,144,1,541.5955882352941,0.0,181.0,182.0,inside_visible,165.3203698630137,255.59434931506848,0
iWYy8n6mSwc_8384-8850,144,2,391.2340425531915,43.06382978723404,179.99999999999994,201.0,inside_visible,230.195875,262.778875,1
iWYy8n6mSwc_8384-8850,145,1,541.5,0.0,181.0,182.0,inside_visible,165.51738356164384,255.6559178082192,0
iWYy8n6mSwc_8384-8850,145,2,391.51063829787233,42.95744680851064,180.0,201.0,inside_visible,226.62125,266.04725,1
iWYy8n6mSwc_8384-8850,146,1,541.4044117647059,0.0,181.0,182.0,inside_visible,165.71439726027398,255.71748630136983,0
iWYy8n6mSwc_8384-8850,146,2,391.7872340425532,42.85106382978724,180.00000000000006,201.0,inside_visible,223.046625,269.315625,1
iWYy8n6mSwc_8384-8850,147,1,541.3088235294117,0.0,181.0,182.0,inside_visible,165.9114109589041,255.77905479452053,0
iWYy8n6mSwc_8384-8850,147,2,392.06382978723406,42.74468085106383,179.99999999999994,201.0,inside_visible,219.472,272.584,1
iWYy8n6mSwc_8384-8850,148,1,541.2132352941177,0.0,181.0,182.0,inside_visible,166.10842465753424,255.84062328767124,0
iWYy8n6mSwc_8384-8850,148,2,392.3404255319149,42.63829787234042,180.0,201.0,inside_visible,215.8765,273.7825,1
iWYy8n6mSwc_8384-8850,149,1,541.1176470588235,0.0,181.0,182.0,inside_visible,166.3054383561644,255.9021917808219,0
iWYy8n6mSwc_8384-8850,149,2,392.6170212765957,42.53191489361702,180.00000000000006,201.0,inside_visible,212.281,274.981,1
iWYy8n6mSwc_8384-8850,150,1,541.0220588235294,0.0,181.0,182.0,inside_visible,166.50245205479453,255.96376027397255,0
iWYy8n6mSwc_8384-8850,150,2,392.8936170212766,42.42553191489362,179.99999999999994,201.0,inside_visible,208.6855,276.1795,1
iWYy8n6mSwc_8384-8850,151,1,540.9264705882352,0.0,181.0,182.0,inside_visible,166.69946575342465,256.02532876712326,0
iWYy8n6mSwc_8384-8850,151,2,393.17021276595744,42.319148936170215,180.0,201.0,inside_visible,205.09,277.378,1
iWYy8n6mSwc_8384-8850,152,1,540.8308823529412,0.0,181.0,182.0,inside_visible,166.8964794520548,256.086897260274,0
iWYy8n6mSwc_8384-8850,152,2,393.4468085106383,42.212765957446805,180.00000000000006,201.0,inside_visible,201.4945,278.5765,1
iWYy8n6mSwc_8384-8850,153,1,540.7352941176471,0.0,181.0,182.0,inside_visible,167.09349315068494,256.14846575342466,0
iWYy8n6mSwc_8384-8850,153,2,393.7234042553192,42.1063829787234,179.99999999999994,201.0,inside_visible,197.899,279.775,1
iWYy8n6mSwc_8384-8850,154,1,540.6397058823529,0.0,181.0,182.0,inside_visible,167.29050684931508,256.21003424657533,0
iWYy8n6mSwc_8384-8850,154,2,394.0,42.0,180.0,201.0,inside_visible,201.21792307692309,278.2538461538461,1
iWYy8n6mSwc_8384-8850,155,1,540.5441176470588,0.0,181.0,182.0,inside_visible,167.4875205479452,256.271602739726,0
iWYy8n6mSwc_8384-8850,155,2,393.6111111111111,42.11111111111112,180.0,201.0,inside_visible,204.5368461538461,276.7326923076923,1
iWYy8n6mSwc_8384-8850,156,1,540.4485294117648,0.0,181.0,182.0,inside_visible,167.68453424657534,256.3331712328767,0
iWYy8n6mSwc_8384-8850,156,2,393.22222222222223,42.22222222222222,179.99999999999994,201.0,inside_visible,207.85576923076923,275.21153846153845,1
iWYy8n6mSwc_8384-8850,157,1,540.3529411764706,0.0,181.0,182.0,inside_visible,167.88154794520548,256.3947397260274,0
iWYy8n6mSwc_8384-8850,157,2,392.8333333333333,42.333333333333336,180.00000000000006,201.0,inside_visible,211.1746923076923,273.6903846153846,1
iWYy8n6mSwc_8384-8850,158,1,540.2573529411765,0.0,181.0,182.0,inside_visible,168.07856164383563,256.4563082191781,0
iWYy8n6mSwc_8384-8850,158,2,392.44444444444446,42.44444444444444,180.0,201.0,inside_visible,214.4936153846154,272.16923076923075,1
iWYy8n6mSwc_8384-8850,159,1,540.1617647058823,0.0,181.0,182.0,inside_visible,168.27557534246574,256.5178767123288,0
iWYy8n6mSwc_8384-8850,159,2,392.05555555555554,42.55555555555556,180.0,201.0,inside_visible,217.81253846153845,270.6480769230769,1
iWYy8n6mSwc_8384-8850,160,1,540.0661764705883,0.0,181.0,182.0,inside_visible,168.4725890410959,256.57944520547943,0
iWYy8n6mSwc_8384-8850,160,2,391.6666666666667,42.66666666666666,179.99999999999994,201.0,inside_visible,221.13146153846156,269.12692307692305,1
iWYy8n6mSwc_8384-8850,161,1,539.9705882352941,0.0,181.0,182.0,inside_visible,168.66960273972603,256.6410136986301,0
iWYy8n6mSwc_8384-8850,161,2,391.27777777777777,42.77777777777778,180.00000000000006,201.0,inside_visible,224.45038461538465,267.6057692307692,1
iWYy8n6mSwc_8384-8850,162,1,539.875,0.0,181.0,182.0,inside_visible,168.86661643835615,256.70258219178083,0
iWYy8n6mSwc_8384-8850,162,2,390.8888888888889,42.888888888888886,180.0,201.0,inside_visible,227.76930769230768,266.0846153846154,1
iWYy8n6mSwc_8384-8850,163,1,539.7794117647059,0.0,181.0,182.0,inside_visible,169.0636301369863,256.7641506849315,0
iWYy8n6mSwc_8384-8850,163,2,390.5,43.0,180.0,201.0,inside_visible,231.0882307692308,264.5634615384615,1
iWYy8n6mSwc_8384-8850,164,1,539.6838235294117,0.0,181.0,182.0,inside_visible,169.26064383561643,256.8257191780822,0
iWYy8n6mSwc_8384-8850,164,2,390.1111111111111,43.11111111111112,180.0,201.0,inside_visible,234.40715384615385,263.0423076923077,1
iWYy8n6mSwc_8384-8850,165,1,539.5882352941177,0.0,181.0,182.0,inside_visible,169.45765753424658,256.88728767123285,0
iWYy8n6mSwc_8384-8850,165,2,389.72222222222223,43.22222222222222,179.99999999999994,201.0,inside_visible,237.7260769230769,261.5211538461538,1
iWYy8n6mSwc_8384-8850,166,1,539.4926470588235,0.0,181.0,182.0,inside_visible,169.65467123287672,256.9488561643835,0
iWYy8n6mSwc_8384-8850,166,2,389.3333333333333,43.333333333333336,180.00000000000006,201.0,inside_visible,241.045,260.0,1
iWYy8n6mSwc_8384-8850,167,1,539.3970588235294,0.0,181.0,182.0,inside_visible,169.85168493150684,257.01042465753426,0
iWYy8n6mSwc_8384-8850,167,2,388.94444444444446,43.44444444444444,180.0,201.0,inside_visible,240.78814285714284,262.825,1
iWYy8n6mSwc_8384-8850,168,1,539.3014705882352,0.0,181.0,182.0,inside_visible,170.04869863013698,257.07199315068493,0
iWYy8n6mSwc_8384-8850,168,2,388.55555555555554,43.55555555555556,180.0,201.0,inside_visible,240.5312857142857,265.65,1
iWYy8n6mSwc_8384-8850,169,1,539.2058823529412,0.0,181.0,182.0,inside_visible,170.24571232876713,257.1335616438356,0
iWYy8n6mSwc_8384-8850,169,2,388.1666666666667,43.66666666666666,179.99999999999994,201.0,inside_visible,240.27442857142856,268.475,1
iWYy8n6mSwc_8384-8850,170,1,539.1102941176471,0.0,181.0,182.0,inside_visible,170.44272602739727,257.1951301369863,0
iWYy8n6mSwc_8384-8850,170,2,387.77777777777777,43.77777777777778,180.00000000000006,201.0,inside_visible,240.01757142857144,271.3,1
iWYy8n6mSwc_8384-8850,171,1,539.0147058823529,0.0,181.0,182.0,inside_visible,170.6397397260274,257.2566986301369,0
iWYy8n6mSwc_8384-8850,171,2,387.3888888888889,43.888888888888886,180.0,201.0,inside_visible,239.7607142857143,274.125,1
iWYy8n6mSwc_8384-8850,172,1,538.9191176470588,0.0,181.0,182.0,inside_visible,170.83675342465753,257.3182671232877,0
iWYy8n6mSwc_8384-8850,172,2,387.0,44.0,180.0,201.0,inside_visible,239.5038571428572,276.95,1
iWYy8n6mSwc_8384-8850,173,1,538.8235294117648,0.0,181.0,182.0,inside_visible,171.03376712328767,257.3798356164384,0
iWYy8n6mSwc_8384-8850,173,2,386.6111111111111,44.11111111111112,180.0,201.0,inside_visible,239.247,279.775,1
iWYy8n6mSwc_8384-8850,174,1,538.7279411764706,0.0,181.0,182.0,inside_visible,171.23078082191782,257.44140410958903,0
iWYy8n6mSwc_8384-8850,174,2,386.22222222222223,44.22222222222222,179.99999999999994,201.0,inside_visible,238.5278,283.73,1
iWYy8n6mSwc_8384-8850,175,1,538.6323529411765,0.0,181.0,182.0,inside_visible,171.42779452054793,257.5029726027397,0
iWYy8n6mSwc_8384-8850,175,2,385.8333333333333,44.333333333333336,180.00000000000006,201.0,inside_visible,237.8086,287.685,1
iWYy8n6mSwc_8384-8850,176,1,538.5367647058823,0.0,181.0,182.0,inside_visible,171.62480821917808,257.5645410958904,0
iWYy8n6mSwc_8384-8850,176,2,385.44444444444446,44.44444444444444,180.0,201.0,inside_visible,237.0894,291.64,1
iWYy8n6mSwc_8384-8850,177,1,538.4411764705883,0.0,181.0,182.0,inside_visible,171.82182191780822,257.6261095890411,0
iWYy8n6mSwc_8384-8850,177,2,385.05555555555554,44.55555555555556,180.0,201.0,inside_visible,236.3702,295.595,1
iWYy8n6mSwc_8384-8850,178,1,538.3455882352941,0.0,181.0,182.0,inside_visible,172.01883561643837,257.6876780821918,0
iWYy8n6mSwc_8384-8850,178,2,384.6666666666667,44.66666666666666,179.99999999999994,201.0,inside_visible,235.651,299.55,1
iWYy8n6mSwc_8384-8850,179,1,538.25,0.0,181.0,182.0,inside_visible,172.21584931506848,257.74924657534245,0
iWYy8n6mSwc_8384-8850,179,2,384.27777777777777,44.77777777777778,180.00000000000006,201.0,inside_visible,238.34775,299.9995,1
iWYy8n6mSwc_8384-8850,180,1,538.1544117647059,0.0,181.0,182.0,inside_visible,172.41286301369863,257.8108150684931,0
iWYy8n6mSwc_8384-8850,180,2,383.8888888888889,44.888888888888886,180.0,201.0,inside_visible,241.0445,300.449,1
iWYy8n6mSwc_8384-8850,181,1,538.0588235294117,0.0,181.0,182.0,inside_visible,172.60987671232877,257.8723835616438,0
iWYy8n6mSwc_8384-8850,181,2,383.5,45.0,180.0,201.0,inside_visible,243.74125,300.8985,1
iWYy8n6mSwc_8384-8850,182,1,537.9632352941177,0.0,181.0,182.0,inside_visible,172.80689041095889,257.93395205479453,0
iWYy8n6mSwc_8384-8850,182,2,383.1111111111111,45.11111111111112,180.0,201.0,inside_visible,246.438,301.348,1
iWYy8n6mSwc_8384-8850,183,1,537.8676470588235,0.0,181.0,182.0,inside_visible,173.00390410958903,257.9955205479452,0
iWYy8n6mSwc_8384-8850,183,2,382.72222222222223,45.22222222222222,179.99999999999994,201.0,inside_visible,244.34066666666664,300.7486666666667,1
iWYy8n6mSwc_8384-8850,184,1,537.7720588235294,0.0,181.0,182.0,inside_visible,173.20091780821917,258.0570890410959,0
iWYy8n6mSwc_8384-8850,184,2,382.3333333333333,45.333333333333336,180.00000000000006,201.0,inside_visible,242.2433333333333,300.14933333333335,1
iWYy8n6mSwc_8384-8850,185,1,537.6764705882352,0.0,181.0,182.0,inside_visible,173.39793150684932,258.1186575342465,0
iWYy8n6mSwc_8384-8850,185,2,381.94444444444446,45.44444444444444,180.0,201.0,inside_visible,240.146,299.55,1
iWYy8n6mSwc_8384-8850,186,1,537.5808823529412,0.0,181.0,182.0,inside_visible,173.59494520547946,258.1802260273972,0
iWYy8n6mSwc_8384-8850,186,2,381.55555555555554,45.55555555555556,180.0,201.0,inside_visible,238.04866666666663,298.9506666666667,1
iWYy8n6mSwc_8384-8850,187,1,537.4852941176471,0.0,181.0,182.0,inside_visible,173.79195890410958,258.241794520548,0
iWYy8n6mSwc_8384-8850,187,2,381.1666666666667,45.66666666666666,179.99999999999994,201.0,inside_visible,235.9513333333333,298.35133333333334,1
iWYy8n6mSwc_8384-8850,188,1,537.3897058823529,0.0,181.0,182.0,inside_visible,173.98897260273972,258.30336301369863,0
iWYy8n6mSwc_8384-8850,188,2,380.77777777777777,45.77777777777778,180.00000000000006,201.0,inside_visible,233.854,297.752,1
iWYy8n6mSwc_8384-8850,189,1,537.2941176470588,0.0,181.0,182.0,inside_visible,174.1859863013699,258.3649315068493,0
iWYy8n6mSwc_8384-8850,189,2,380.3888888888889,45.888888888888886,180.0,201.0,inside_visible,231.15725,297.3025,1
iWYy8n6mSwc_8384-8850,190,1,537.1985294117648,0.0,181.0,182.0,inside_visible,174.38299999999998,258.4265,0
iWYy8n6mSwc_8384-8850,190,2,380.0,46.0,180.0,201.0,inside_visible,228.4605,296.853,1
iWYy8n6mSwc_8384-8850,191,1,537.1029411764706,0.0,181.0,182.0,inside_visible,174.58001369863013,258.48806849315065,0
iWYy8n6mSwc_8384-8850,191,2,380.0,46.0,180.0,200.05263157894737,inside_visible,225.76375,296.4035,1
iWYy8n6mSwc_8384-8850,192,1,537.0073529411765,0.0,181.0,182.0,inside_visible,174.77702739726027,258.5496369863014,0
iWYy8n6mSwc_8384-8850,192,2,380.0,46.0,180.0,199.10526315789477,inside_visible,223.067,295.954,1
iWYy8n6mSwc_8384-8850,193,1,536.9117647058823,0.0,181.0,182.0,inside_visible,174.9740410958904,258.61120547945205,0
iWYy8n6mSwc_8384-8850,193,2,380.0,46.0,180.0,198.1578947368421,inside_visible,221.56883333333332,295.3546666666667,1
iWYy8n6mSwc_8384-8850,194,1,536.8161764705883,0.0,181.0,182.0,inside_visible,175.17105479452056,258.6727739726027,0
iWYy8n6mSwc_8384-8850,194,2,380.0,46.0,180.0,197.21052631578948,inside_visible,220.07066666666668,294.75533333333334,1
iWYy8n6mSwc_8384-8850,195,1,536.7205882352941,0.0,181.0,182.0,inside_visible,175.36806849315067,258.7343424657534,0
iWYy8n6mSwc_8384-8850,195,2,380.0,46.0,180.0,196.26315789473685,inside_visible,218.5725,294.156,1
iWYy8n6mSwc_8384-8850,196,1,536.625,0.0,181.0,182.0,inside_visible,175.56508219178082,258.7959109589041,0
iWYy8n6mSwc_8384-8850,196,2,380.0,46.0,180.0,195.31578947368425,inside_visible,217.07433333333333,293.5566666666667,1
iWYy8n6mSwc_8384-8850,197,1,536.5294117647059,0.0,181.0,182.0,inside_visible,175.76209589041096,258.8574794520548,0
iWYy8n6mSwc_8384-8850,197,2,380.0,46.0,180.0,194.3684210526316,inside_visible,215.5761666666667,292.95733333333334,1
iWYy8n6mSwc_8384-8850,198,1,536.4338235294117,0.0,181.0,182.0,inside_visible,175.95910958904108,258.9190479452055,0
iWYy8n6mSwc_8384-8850,198,2,380.0,46.0,180.0,193.42105263157896,inside_visible,214.078,292.358,1
iWYy8n6mSwc_8384-8850,199,1,536.3382352941177,0.0,181.0,182.0,inside_visible,176.15612328767122,258.9806164383561,0
iWYy8n6mSwc_8384-8850,199,2,380.0,46.0,180.0,192.47368421052636,inside_visible,216.13257142857145,285.4238571428572,1
iWYy8n6mSwc_8384-8850,200,1,536.2426470588235,0.0,181.0,182.0,inside_visible,176.35313698630137,259.0421849315068,0
iWYy8n6mSwc_8384-8850,200,2,380.0,46.0,180.0,191.5263157894737,inside_visible,218.18714285714287,278.4897142857143,1
iWYy8n6mSwc_8384-8850,201,1,536.1470588235294,0.0,181.0,182.0,inside_visible,176.5501506849315,259.1037534246575,0
iWYy8n6mSwc_8384-8850,201,2,380.0,46.0,180.0,190.57894736842104,inside_visible,220.2417142857143,271.5555714285714,1
iWYy8n6mSwc_8384-8850,202,1,536.0514705882352,0.0,181.0,182.0,inside_visible,176.74716438356165,259.1653219178082,0
iWYy8n6mSwc_8384-8850,202,2,380.0,46.0,180.0,189.6315789473684,inside_visible,222.2962857142857,264.62142857142857,1
iWYy8n6mSwc_8384-8850,203,1,535.9558823529412,0.0,181.0,182.0,inside_visible,176.94417808219177,259.2268904109589,0
iWYy8n6mSwc_8384-8850,203,2,380.0,46.0,180.0,188.68421052631575,inside_visible,224.35085714285717,257.68728571428574,1
iWYy8n6mSwc_8384-8850,204,1,535.8602941176471,0.0,181.0,182.0,inside_visible,177.1411917808219,259.2884589041096,0
iWYy8n6mSwc_8384-8850,204,2,380.0,46.0,180.0,187.73684210526315,inside_visible,226.4054285714286,250.75314285714285,1
iWYy8n6mSwc_8384-8850,205,1,535.7647058823529,0.0,181.0,182.0,inside_visible,177.33820547945206,259.35002739726025,0
iWYy8n6mSwc_8384-8850,205,2,380.0,46.0,180.0,186.7894736842105,inside_visible,228.46,243.819,1
iWYy8n6mSwc_8384-8850,206,1,535.6691176470588,0.0,181.0,182.0,inside_visible,177.53521917808217,259.4115958904109,0
iWYy8n6mSwc_8384-8850,206,2,380.0,46.0,180.0,185.8421052631579,inside_visible,235.35133333333332,241.72166666666664,1
iWYy8n6mSwc_8384-8850,207,1,535.5735294117648,0.0,181.0,182.0,inside_visible,177.73223287671232,259.47316438356165,0
iWYy8n6mSwc_8384-8850,207,2,380.0,46.0,180.0,184.8947368421053,inside_visible,242.24266666666668,239.6243333333333,1
iWYy8n6mSwc_8384-8850,208,1,535.4779411764706,0.0,181.0,182.0,inside_visible,177.92924657534246,259.5347328767123,0
iWYy8n6mSwc_8384-8850,208,2,380.0,46.0,180.0,183.94736842105263,inside_visible,249.134,237.527,1
iWYy8n6mSwc_8384-8850,209,1,535.3823529411765,0.0,181.0,182.0,inside_visible,178.1262602739726,259.596301369863,0
iWYy8n6mSwc_8384-8850,209,2,380.0,46.0,180.0,183.0,inside_visible,256.0253333333333,235.42966666666663,1
iWYy8n6mSwc_8384-8850,210,1,535.2867647058823,0.0,181.0,182.0,inside_visible,178.32327397260272,259.6578698630137,0
iWYy8n6mSwc_8384-8850,210,2,367.0,51.0,180.0,183.0,inside_visible,262.9166666666667,233.3323333333333,1
iWYy8n6mSwc_8384-8850,211,1,535.1911764705883,0.0,181.0,182.0,inside_visible,178.52028767123286,259.71943835616435,0
iWYy8n6mSwc_8384-8850,211,2,372.0,50.2,180.0,183.0,inside_visible,269.808,231.235,1
iWYy8n6mSwc_8384-8850,212,1,535.0955882352941,0.0,181.0,182.0,inside_visible,178.717301369863,259.7810068493151,0
iWYy8n6mSwc_8384-8850,212,2,377.0,49.4,180.0,183.0,inside_visible,283.59066666666666,231.83433333333332,1
iWYy8n6mSwc_8384-8850,213,1,535.0,0.0,181.0,182.0,inside_visible,178.91431506849315,259.8425753424657,0
iWYy8n6mSwc_8384-8850,213,2,382.0,48.6,180.0,183.0,inside_visible,297.37333333333333,232.43366666666665,1
iWYy8n6mSwc_8384-8850,214,1,536.047619047619,0.0,180.71428571428575,182.0,inside_visible,179.11132876712327,259.9041438356164,0
iWYy8n6mSwc_8384-8850,214,2,387.0,47.8,180.0,183.0,inside_visible,311.156,233.033,1
iWYy8n6mSwc_8384-8850,215,1,537.0952380952381,0.0,180.42857142857144,182.0,inside_visible,179.3083424657534,259.9657123287671,0
iWYy8n6mSwc_8384-8850,215,2,392.0,47.0,180.0,183.0,inside_visible,317.74766666666665,233.033,1
iWYy8n6mSwc_8384-8850,216,1,538.1428571428571,0.0,180.14285714285722,182.0,inside_visible,179.50535616438356,260.0272808219178,0
iWYy8n6mSwc_8384-8850,216,2,392.6875,47.0625,179.3125,183.8125,inside_visible,324.33933333333334,233.033,1
iWYy8n6mSwc_8384-8850,217,1,539.1904761904761,0.0,179.8571428571429,182.0,inside_visible,179.7023698630137,260.0888493150685,0
iWYy8n6mSwc_8384-8850,217,2,393.375,47.125,178.625,184.625,inside_visible,330.931,233.033,1
iWYy8n6mSwc_8384-8850,218,1,540.2380952380952,0.0,179.57142857142867,182.0,inside_visible,179.89938356164382,260.1504178082192,0
iWYy8n6mSwc_8384-8850,218,2,394.0625,47.1875,177.9375,185.4375,inside_visible,332.2991875,232.9309375,1
iWYy8n6mSwc_8384-8850,219,1,541.2857142857143,0.0,179.28571428571422,182.0,inside_visible,180.09639726027396,260.21198630136985,0
iWYy8n6mSwc_8384-8850,219,2,394.75,47.25,177.25,186.25,inside_visible,333.667375,232.828875,1
iWYy8n6mSwc_8384-8850,220,1,542.3333333333334,0.0,179.0,182.0,inside_visible,180.2934109589041,260.2735547945205,0
iWYy8n6mSwc_8384-8850,220,2,395.4375,47.3125,176.5625,187.0625,inside_visible,335.0355625,232.7268125,1
iWYy8n6mSwc_8384-8850,221,1,543.3809523809524,0.0,178.7142857142857,182.0,inside_visible,180.49042465753425,260.3351232876712,0
iWYy8n6mSwc_8384-8850,221,2,396.125,47.375,175.875,187.875,inside_visible,336.40375,232.62475,1
iWYy8n6mSwc_8384-8850,222,1,544.4285714285714,0.0,178.42857142857144,182.0,inside_visible,180.6874383561644,260.3966917808219,0
iWYy8n6mSwc_8384-8850,222,2,396.8125,47.4375,175.1875,188.6875,inside_visible,337.7719375,232.5226875,1
iWYy8n6mSwc_8384-8850,223,1,545.4761904761905,0.0,178.1428571428571,182.0,inside_visible,180.8844520547945,260.4582602739726,0
iWYy8n6mSwc_8384-8850,223,2,397.5,47.5,174.5,189.5,inside_visible,339.140125,232.420625,1
iWYy8n6mSwc_8384-8850,224,1,546.5238095238095,0.0,177.8571428571429,182.0,inside_visible,181.08146575342465,260.5198287671233,0
iWYy8n6mSwc_8384-8850,224,2,398.1875,47.5625,173.8125,190.3125,inside_visible,340.5083125,232.3185625,1
iWYy8n6mSwc_8384-8850,225,1,547.5714285714286,0.0,177.57142857142856,182.0,inside_visible,181.2784794520548,260.58139726027395,0
iWYy8n6mSwc_8384-8850,225,2,398.875,47.625,173.125,191.125,inside_visible,341.8765,232.2165,1
iWYy8n6mSwc_8384-8850,226,1,548.6190476190476,0.0,177.2857142857143,182.0,inside_visible,181.4754931506849,260.6429657534247,0
iWYy8n6mSwc_8384-8850,226,2,399.5625,47.6875,172.4375,191.9375,inside_visible,343.2446875,232.1144375,1
iWYy8n6mSwc_8384-8850,227,1,549.6666666666666,0.0,177.0,182.0,inside_visible,181.67250684931503,260.7045342465753,0
iWYy8n6mSwc_8384-8850,227,2,400.25,47.75,171.75,192.75,inside_visible,344.612875,232.012375,1
iWYy8n6mSwc_8384-8850,228,1,550.7142857142857,0.0,176.71428571428578,182.0,inside_visible,181.8695205479452,260.766102739726,0
iWYy8n6mSwc_8384-8850,228,2,400.9375,47.8125,171.0625,193.5625,inside_visible,345.9810625,231.9103125,1
iWYy8n6mSwc_8384-8850,229,1,551.7619047619048,0.0,176.42857142857133,182.0,inside_visible,182.06653424657532,260.8276712328767,0
iWYy8n6mSwc_8384-8850,229,2,401.625,47.875,170.375,194.375,inside_visible,347.34925,231.80825,1
iWYy8n6mSwc_8384-8850,230,1,552.8095238095239,0.0,176.1428571428571,182.0,inside_visible,182.26354794520543,260.88923972602737,0
iWYy8n6mSwc_8384-8850,230,2,402.3125,47.9375,169.6875,195.1875,inside_visible,348.7174375,231.7061875,1
iWYy8n6mSwc_8384-8850,231,1,553.8571428571429,0.0,175.85714285714278,182.0,inside_visible,182.4605616438356,260.9508082191781,0
iWYy8n6mSwc_8384-8850,231,2,403.0,48.0,169.0,196.0,inside_visible,350.085625,231.604125,1
iWYy8n6mSwc_8384-8850,232,1,554.9047619047619,0.0,175.57142857142856,182.0,inside_visible,182.65757534246572,261.0123767123288,0
iWYy8n6mSwc_8384-8850,232,2,404.25,49.75,169.0,196.0,inside_visible,351.4538125,231.5020625,1
iWYy8n6mSwc_8384-8850,233,1,555.952380952381,0.0,175.28571428571422,182.0,inside_visible,182.8545890410959,261.07394520547945,0
iWYy8n6mSwc_8384-8850,233,2,405.5,51.5,169.0,196.0,inside_visible,352.822,231.4,1
iWYy8n6mSwc_8384-8850,234,1,557.0,0.0,175.0,182.0,inside_visible,183.051602739726,261.1355136986301,0
iWYy8n6mSwc_8384-8850,234,2,406.75,53.25,169.0,196.0,inside_visible,356.1,328.714,1
iWYy8n6mSwc_8384-8850,235,1,557.4736842105264,0.0,175.31578947368416,182.0,inside_visible,183.24861643835612,261.1970821917808,0
iWYy8n6mSwc_8384-8850,235,2,408.0,55.0,169.0,196.0,inside_visible,363.291,322.921,1
iWYy8n6mSwc_8384-8850,236,1,557.9473684210526,0.0,175.63157894736844,182.0,inside_visible,183.4456301369863,261.2586506849315,0
iWYy8n6mSwc_8384-8850,236,2,409.1666666666667,56.16666666666666,168.99999999999994,196.0,inside_visible,357.1336,317.8524,1
iWYy8n6mSwc_8384-8850,237,1,558.421052631579,0.0,175.9473684210526,182.0,inside_visible,183.6426438356164,261.3202191780822,0
iWYy8n6mSwc_8384-8850,237,2,410.3333333333333,57.333333333333336,169.00000000000006,196.0,inside_visible,350.9762,312.7838,1
iWYy8n6mSwc_8384-8850,238,1,558.8947368421053,0.0,176.26315789473676,182.0,inside_visible,183.83965753424656,261.38178767123287,0
iWYy8n6mSwc_8384-8850,238,2,411.5,58.5,169.0,196.0,inside_visible,344.8188,307.7152,1
iWYy8n6mSwc_8384-8850,239,1,559.3684210526316,0.0,176.57894736842104,182.0,inside_visible,184.0366712328767,261.44335616438354,0
iWYy8n6mSwc_8384-8850,239,2,412.6666666666667,59.66666666666666,168.99999999999994,196.0,inside_visible,338.6614,302.6466,1
iWYy8n6mSwc_8384-8850,240,1,559.8421052631579,0.0,176.8947368421052,182.0,inside_visible,184.23368493150684,261.5049246575342,0
iWYy8n6mSwc_8384-8850,240,2,413.8333333333333,60.833333333333336,169.00000000000006,196.0,inside_visible,332.504,297.578,1
iWYy8n6mSwc_8384-8850,241,1,560.3157894736842,0.0,177.21052631578948,182.0,inside_visible,184.430698630137,261.5664931506849,0
iWYy8n6mSwc_8384-8850,241,2,415.0,62.0,169.0,196.0,inside_visible,333.7881428571429,300.1462857142857,1
iWYy8n6mSwc_8384-8850,242,1,560.7894736842105,0.0,177.52631578947364,182.0,inside_visible,184.6277123287671,261.6280616438356,0
iWYy8n6mSwc_8384-8850,242,2,414.5,61.8,169.0,196.0,inside_visible,335.0722857142857,302.7145714285714,1
iWYy8n6mSwc_8384-8850,243,1,561.2631578947369,0.0,177.8421052631578,182.0,inside_visible,184.82472602739725,261.6896301369863,0
iWYy8n6mSwc_8384-8850,243,2,414.0,61.6,169.0,196.00000000000003,inside_visible,336.3564285714286,305.2828571428571,1
iWYy8n6mSwc_8384-8850,244,1,561.7368421052631,0.0,178.1578947368422,182.0,inside_visible,185.0217397260274,261.75119863013697,0
iWYy8n6mSwc_8384-8850,244,2,413.5,61.4,169.0,196.0,inside_visible,337.64057142857143,307.85114285714286,1
iWYy8n6mSwc_8384-8850,245,1,562.2105263157895,0.0,178.47368421052636,182.0,inside_visible,185.2187534246575,261.81276712328764,0
iWYy8n6mSwc_8384-8850,245,2,413.0,61.2,169.0,196.0,inside_visible,338.9247142857143,310.41942857142857,1
iWYy8n6mSwc_8384-8850,246,1,562.6842105263158,0.0,178.78947368421052,182.0,inside_visible,185.41576712328765,261.8743356164384,0
iWYy8n6mSwc_8384-8850,246,2,412.5,61.0,169.0,196.0,inside_visible,340.20885714285714,312.9877142857143,1
iWYy8n6mSwc_8384-8850,247,1,563.1578947368421,0.0,179.1052631578948,182.0,inside_visible,185.6127808219178,261.93590410958905,0
iWYy8n6mSwc_8384-8850,247,2,412.0,60.8,169.0,196.0,inside_visible,341.493,315.556,1
iWYy8n6mSwc_8384-8850,248,1,563.6315789473684,0.0,179.42105263157896,182.0,inside_visible,185.80979452054797,261.9974726027397,0
iWYy8n6mSwc_8384-8850,248,2,411.5,60.6,169.0,196.00000000000003,inside_visible,346.88625,311.0615,1
iWYy8n6mSwc_8384-8850,249,1,564.1052631578947,0.0,179.73684210526324,182.0,inside_visible,186.00680821917808,262.0590410958904,0
iWYy8n6mSwc_8384-8850,249,2,411.0,60.4,169.0,196.0,inside_visible,352.2795,306.567,1
iWYy8n6mSwc_8384-8850,250,1,564.578947368421,0.0,180.0526315789474,182.0,inside_visible,186.2038219178082,262.12060958904107,0
iWYy8n6mSwc_8384-8850,250,2,410.5,60.2,169.0,196.0,inside_visible,357.67274999999995,302.0725,1
iWYy8n6mSwc_8384-8850,251,1,565.0526315789474,0.0,180.3684210526316,182.0,inside_visible,186.40083561643837,262.1821780821918,0
iWYy8n6mSwc_8384-8850,251,2,410.0,60.0,169.0,196.0,inside_visible,363.066,297.578,1
iWYy8n6mSwc_8384-8850,252,1,565.5263157894736,0.0,180.68421052631584,182.0,inside_visible,186.5978493150685,262.24374657534247,0
iWYy8n6mSwc_8384-8850,252,2,408.6666666666667,63.0,168.99999999999994,196.0,inside_visible,365.1633333333333,297.578,1
iWYy8n6mSwc_8384-8850,253,1,566.0,0.0,181.0,182.0,inside_visible,186.7948630136986,262.30531506849314,0
iWYy8n6mSwc_8384-8850,253,2,407.3333333333333,66.0,169.00000000000006,196.0,inside_visible,367.2606666666666,297.578,1
iWYy8n6mSwc_8384-8850,254,1,565.8986486486486,0.0135135135135135,180.97297297297305,182.0,inside_visible,186.99187671232875,262.3668835616438,0
iWYy8n6mSwc_8384-8850,254,2,406.0,69.0,169.0,196.0,inside_visible,369.358,297.578,1
iWYy8n6mSwc_8384-8850,255,1,565.7972972972973,0.027027027027027,180.94594594594597,182.0,inside_visible,187.1888904109589,262.4284520547945,0
iWYy8n6mSwc_8384-8850,255,2,407.1666666666667,69.33333333333333,168.99999999999994,196.0,inside_visible,371.4553333333333,297.578,1
iWYy8n6mSwc_8384-8850,256,1,565.6959459459459,0.0405405405405405,180.91891891891896,182.0,inside_visible,187.38590410958903,262.4900205479452,0
iWYy8n6mSwc_8384-8850,256,2,408.3333333333333,69.66666666666667,169.00000000000006,196.0,inside_visible,373.55266666666665,297.578,1
iWYy8n6mSwc_8384-8850,257,1,565.5945945945946,0.054054054054054,180.89189189189187,182.0,inside_visible,187.5829178082192,262.5515890410959,0
iWYy8n6mSwc_8384-8850,257,2,409.5,70.0,169.0,196.0,inside_visible,375.65,297.578,1
iWYy8n6mSwc_8384-8850,258,1,565.4932432432432,0.0675675675675675,180.8648648648649,182.0,inside_visible,187.7799315068493,262.61315753424657,0
iWYy8n6mSwc_8384-8850,258,2,410.6666666666667,70.33333333333333,168.99999999999994,196.0,inside_visible,376.4105769230769,297.43969230769227,1
iWYy8n6mSwc_8384-8850,259,1,565.3918918918919,0.081081081081081,180.8378378378378,182.0,inside_visible,187.97694520547944,262.67472602739724,0
iWYy8n6mSwc_8384-8850,259,2,411.8333333333333,70.66666666666667,169.00000000000006,196.0,inside_visible,377.1711538461538,297.3013846153846,1
iWYy8n6mSwc_8384-8850,260,1,565.2905405405405,0.0945945945945946,180.81081081081084,182.0,inside_visible,188.1739589041096,262.7362945205479,0
iWYy8n6mSwc_8384-8850,260,2,413.0,71.0,169.0,196.0,inside_visible,377.93173076923074,297.1630769230769,1
iWYy8n6mSwc_8384-8850,261,1,565.1891891891892,0.1081081081081081,180.78378378378383,182.0,inside_visible,188.3709726027397,262.79786301369865,0
iWYy8n6mSwc_8384-8850,261,2,414.1666666666667,70.66666666666667,168.99999999999994,196.0,inside_visible,378.6923076923077,297.0247692307692,1
iWYy8n6mSwc_8384-8850,262,1,565.0878378378378,0.1216216216216216,180.7567567567568,182.0,inside_visible,188.56798630136984,262.8594315068493,0
iWYy8n6mSwc_8384-8850,262,2,415.3333333333333,70.33333333333333,169.00000000000006,196.0,inside_visible,379.4528846153846,296.8864615384615,1
iWYy8n6mSwc_8384-8850,263,1,564.9864864864865,0.1351351351351351,180.7297297297298,182.0,inside_visible,188.765,262.921,0
iWYy8n6mSwc_8384-8850,263,2,416.5,70.0,169.0,196.0,inside_visible,380.2134615384615,296.74815384615385,1
iWYy8n6mSwc_8384-8850,264,1,564.8851351351351,0.1486486486486486,180.7027027027027,182.0,inside_visible,188.83690666666664,262.77717333333334,0
iWYy8n6mSwc_8384-8850,264,2,417.6666666666667,69.66666666666667,168.99999999999994,196.0,inside_visible,380.9740384615384,296.6098461538461,1
iWYy8n6mSwc_8384-8850,265,1,564.7837837837837,0.1621621621621621,180.67567567567573,182.0,inside_visible,188.9088133333333,262.6333466666667,0
iWYy8n6mSwc_8384-8850,265,2,418.8333333333333,69.33333333333333,169.00000000000006,196.0,inside_visible,381.7346153846154,296.47153846153844,1
iWYy8n6mSwc_8384-8850,266,1,564.6824324324324,0.1756756756756756,180.64864864864865,182.0,inside_visible,188.98072,262.48952,0
iWYy8n6mSwc_8384-8850,266,2,420.0,69.0,169.0,196.0,inside_visible,382.4951923076923,296.33323076923074,1
iWYy8n6mSwc_8384-8850,267,1,564.581081081081,0.1891891891891892,180.62162162162167,182.0,inside_visible,189.05262666666664,262.3456933333333,0
iWYy8n6mSwc_8384-8850,267,2,421.75,69.0,169.0,196.0,inside_visible,383.2557692307692,296.1949230769231,1
iWYy8n6mSwc_8384-8850,268,1,564.4797297297297,0.2027027027027027,180.5945945945947,182.0,inside_visible,189.1245333333333,262.20186666666666,0
iWYy8n6mSwc_8384-8850,268,2,423.5,69.0,169.0,196.0,inside_visible,384.0163461538461,296.0566153846154,1
iWYy8n6mSwc_8384-8850,269,1,564.3783783783783,0.2162162162162162,180.5675675675676,182.0,inside_visible,189.19644,262.05804,0
iWYy8n6mSwc_8384-8850,269,2,425.25,69.0,169.0,196.0,inside_visible,384.7769230769231,295.9183076923077,1
iWYy8n6mSwc_8384-8850,270,1,564.277027027027,0.2297297297297297,180.54054054054063,182.0,inside_visible,189.26834666666664,261.9142133333333,0
iWYy8n6mSwc_8384-8850,270,2,427.0,69.0,169.0,196.0,inside_visible,385.5375,295.78,1
iWYy8n6mSwc_8384-8850,271,1,564.1756756756756,0.2432432432432432,180.51351351351357,182.0,inside_visible,189.3402533333333,261.77038666666664,0
iWYy8n6mSwc_8384-8850,271,2,426.7,68.4,169.00000000000006,196.0,inside_visible,386.2980769230769,295.6416923076923,1
iWYy8n6mSwc_8384-8850,272,1,564.0743243243244,0.2567567567567567,180.48648648648648,182.0,inside_visible,189.41216,261.62656,0
iWYy8n6mSwc_8384-8850,272,2,426.4,67.8,169.0,196.0,inside_visible,387.05865384615385,295.5033846153846,1
iWYy8n6mSwc_8384-8850,273,1,563.972972972973,0.2702702702702703,180.45945945945937,182.0,inside_visible,189.48406666666665,261.48273333333333,0
iWYy8n6mSwc_8384-8850,273,2,426.1,67.2,169.0,196.0,inside_visible,387.8192307692308,295.3650769230769,1
iWYy8n6mSwc_8384-8850,274,1,563.8716216216217,0.2837837837837837,180.4324324324324,182.0,inside_visible,189.55597333333333,261.3389066666667,0
iWYy8n6mSwc_8384-8850,274,2,425.8,66.6,168.99999999999994,196.00000000000003,inside_visible,388.57980769230767,295.22676923076926,1
iWYy8n6mSwc_8384-8850,275,1,563.7702702702703,0.2972972972972973,180.4054054054053,182.0,inside_visible,189.62788,261.19508,0
iWYy8n6mSwc_8384-8850,275,2,425.5,66.0,169.0,196.0,inside_visible,389.3403846153846,295.0884615384616,1
iWYy8n6mSwc_8384-8850,276,1,563.668918918919,0.3108108108108108,180.37837837837836,182.0,inside_visible,189.69978666666665,261.0512533333333,0
iWYy8n6mSwc_8384-8850,276,2,425.2,65.4,169.00000000000006,196.0,inside_visible,390.1009615384616,294.95015384615385,1
iWYy8n6mSwc_8384-8850,277,1,563.5675675675676,0.3243243243243243,180.35135135135133,182.0,inside_visible,189.77169333333333,260.90742666666665,0
iWYy8n6mSwc_8384-8850,277,2,424.9,64.8,169.0,196.0,inside_visible,390.8615384615385,294.81184615384615,1
iWYy8n6mSwc_8384-8850,278,1,563.4662162162163,0.3378378378378378,180.32432432432427,182.0,inside_visible,189.8436,260.7636,0
iWYy8n6mSwc_8384-8850,278,2,424.6,64.2,169.0,196.0,inside_visible,391.62211538461537,294.6735384615385,1
iWYy8n6mSwc_8384-8850,279,1,563.3648648648649,0.3513513513513513,180.2972972972973,182.0,inside_visible,189.91550666666663,260.61977333333334,0
iWYy8n6mSwc_8384-8850,279,2,424.3,63.6,168.99999999999994,196.00000000000003,inside_visible,392.3826923076923,294.5352307692308,1
iWYy8n6mSwc_8384-8850,280,1,563.2635135135135,0.3648648648648648,180.2702702702702,182.0,inside_visible,189.9874133333333,260.47594666666663,0
iWYy8n6mSwc_8384-8850,280,2,424.0,63.0,169.0,196.0,inside_visible,393.1432692307693,294.3969230769231,1
iWYy8n6mSwc_8384-8850,281,1,563.1621621621622,0.3783783783783784,180.24324324324323,182.0,inside_visible,190.05932,260.33212,0
iWYy8n6mSwc_8384-8850,281,2,423.7,62.4,169.00000000000006,196.0,inside_visible,393.9038461538462,294.2586153846154,1
iWYy8n6mSwc_8384-8850,282,1,563.0608108108108,0.3918918918918919,180.2162162162161,182.0,inside_visible,190.13122666666663,260.1882933333333,0
iWYy8n6mSwc_8384-8850,282,2,423.4,61.8,169.0,196.0,inside_visible,394.6644230769231,294.12030769230773,1
iWYy8n6mSwc_8384-8850,283,1,562.9594594594595,0.4054054054054054,180.1891891891892,182.0,inside_visible,190.2031333333333,260.04446666666666,0
iWYy8n6mSwc_8384-8850,283,2,423.1,61.2,169.0,196.0,inside_visible,395.425,293.982,1
iWYy8n6mSwc_8384-8850,284,1,562.8581081081081,0.4189189189189189,180.1621621621622,182.0,inside_visible,190.27504,259.90064,0
iWYy8n6mSwc_8384-8850,284,2,422.8,60.6,168.99999999999994,196.00000000000003,inside_visible,396.8632,293.982,1
iWYy8n6mSwc_8384-8850,285,1,562.7567567567568,0.4324324324324324,180.1351351351351,182.0,inside_visible,190.34694666666664,259.7568133333333,0
iWYy8n6mSwc_8384-8850,285,2,422.5,60.0,169.0,196.0,inside_visible,398.3014,293.982,1
iWYy8n6mSwc_8384-8850,286,1,562.6554054054054,0.4459459459459459,180.10810810810813,182.0,inside_visible,190.4188533333333,259.61298666666664,0
iWYy8n6mSwc_8384-8850,286,2,422.2,59.4,169.00000000000006,196.0,inside_visible,399.7396,293.982,1
iWYy8n6mSwc_8384-8850,287,1,562.5540540540541,0.4594594594594595,180.08108108108104,182.0,inside_visible,190.49076,259.46916,0
iWYy8n6mSwc_8384-8850,287,2,421.9,58.8,169.0,196.0,inside_visible,401.1778,293.982,1
iWYy8n6mSwc_8384-8850,288,1,562.4527027027027,0.4729729729729729,180.05405405405406,182.0,inside_visible,190.56266666666664,259.32533333333333,0
iWYy8n6mSwc_8384-8850,288,2,421.6,58.2,169.0,196.0,inside_visible,402.616,293.982,1
iWYy8n6mSwc_8384-8850,289,1,562.3513513513514,0.4864864864864865,180.02702702702695,182.0,inside_visible,190.6345733333333,259.1815066666667,0
iWYy8n6mSwc_8384-8850,289,2,421.3,57.6,168.99999999999994,196.0,inside_visible,397.9418,290.74600000000004,1
iWYy8n6mSwc_8384-8850,290,1,562.25,0.5,180.0,182.0,inside_visible,190.70648,259.03768,0
iWYy8n6mSwc_8384-8850,290,2,421.0,57.0,169.0,196.0,inside_visible,393.2676,287.51000000000005,1
iWYy8n6mSwc_8384-8850,291,1,562.1486486486486,0.5135135135135135,179.97297297297305,182.0,inside_visible,190.77838666666665,258.8938533333333,0
iWYy8n6mSwc_8384-8850,291,2,420.7,56.4,169.00000000000006,196.0,inside_visible,388.5934,284.274,1
iWYy8n6mSwc_8384-8850,292,1,562.0472972972973,0.527027027027027,179.94594594594594,182.0,inside_visible,190.85029333333333,258.75002666666666,0
iWYy8n6mSwc_8384-8850,292,2,420.4,55.8,169.0,196.0,inside_visible,383.9192,281.038,1
iWYy8n6mSwc_8384-8850,293,1,561.9459459459459,0.5405405405405406,179.91891891891896,182.0,inside_visible,190.9222,258.6062,0
iWYy8n6mSwc_8384-8850,293,2,420.1,55.2,169.0,196.0,inside_visible,379.245,277.802,1
iWYy8n6mSwc_8384-8850,294,1,561.8445945945946,0.5540540540540541,179.89189189189187,182.0,inside_visible,190.99410666666665,258.46237333333335,0
iWYy8n6mSwc_8384-8850,294,2,419.8,54.6,168.99999999999994,196.0,inside_visible,368.4585,279.59975000000003,1
iWYy8n6mSwc_8384-8850,295,1,561.7432432432432,0.5675675675675675,179.8648648648649,182.0,inside_visible,191.06601333333333,258.31854666666663,0
iWYy8n6mSwc_8384-8850,295,2,419.5,54.0,169.0,196.0,inside_visible,357.672,281.39750000000004,1
iWYy8n6mSwc_8384-8850,296,1,561.6418918918919,0.581081081081081,179.8378378378378,182.0,inside_visible,191.13792,258.17472,0
iWYy8n6mSwc_8384-8850,296,2,419.2,53.4,169.00000000000006,196.0,inside_visible,346.8855,283.19525,1
iWYy8n6mSwc_8384-8850,297,1,561.5405405405405,0.5945945945945946,179.81081081081084,182.0,inside_visible,191.20982666666663,258.0308933333333,0
iWYy8n6mSwc_8384-8850,297,2,418.9,52.8,169.0,196.0,inside_visible,336.099,284.993,1
iWYy8n6mSwc_8384-8850,298,1,561.4391891891892,0.6081081081081081,179.78378378378386,182.0,inside_visible,191.2817333333333,257.88706666666667,0
iWYy8n6mSwc_8384-8850,298,2,418.6,52.2,169.0,196.0,inside_visible,332.50333333333333,294.581,1
iWYy8n6mSwc_8384-8850,299,1,561.3378378378378,0.6216216216216216,179.75675675675677,182.0,inside_visible,191.35364,257.74324,0
iWYy8n6mSwc_8384-8850,299,2,418.3,51.6,168.99999999999994,196.0,inside_visible,328.90766666666667,304.169,1
iWYy8n6mSwc_8384-8850,300,1,561.2364864864865,0.6351351351351351,179.7297297297298,182.0,inside_visible,191.42554666666663,257.5994133333333,0
iWYy8n6mSwc_8384-8850,300,2,418.0,51.0,169.0,196.0,inside_visible,325.312,313.757,1
iWYy8n6mSwc_8384-8850,301,1,561.1351351351351,0.6486486486486487,179.7027027027027,182.0,inside_visible,191.4974533333333,257.45558666666665,0
iWYy8n6mSwc_8384-8850,301,2,416.9166666666667,51.333333333333336,168.99999999999994,196.0,inside_visible,219.245,284.993,1
iWYy8n6mSwc_8384-8850,302,1,561.0337837837837,0.6621621621621622,179.67567567567573,182.0,inside_visible,191.56936,257.31176,0
iWYy8n6mSwc_8384-8850,302,2,415.8333333333333,51.66666666666666,169.00000000000006,196.0,inside_visible,218.42784848484848,284.1758484848485,1
iWYy8n6mSwc_8384-8850,303,1,560.9324324324324,0.6756756756756757,179.64864864864865,182.0,inside_visible,191.64126666666667,257.16793333333334,0
iWYy8n6mSwc_8384-8850,303,2,414.75,52.0,169.0,196.0,inside_visible,217.61069696969696,283.3586969696969,1
iWYy8n6mSwc_8384-8850,304,1,560.831081081081,0.6891891891891891,179.62162162162167,182.0,inside_visible,191.7131733333333,257.0241066666667,0
iWYy8n6mSwc_8384-8850,304,2,413.6666666666667,52.333333333333336,168.99999999999994,196.0,inside_visible,216.79354545454547,282.5415454545454,1
iWYy8n6mSwc_8384-8850,305,1,560.7297297297297,0.7027027027027027,179.5945945945947,182.0,inside_visible,191.78508,256.88028,0
iWYy8n6mSwc_8384-8850,305,2,412.5833333333333,52.66666666666666,169.00000000000006,196.0,inside_visible,215.97639393939397,281.7243939393939,1
iWYy8n6mSwc_8384-8850,306,1,560.6283783783783,0.7162162162162162,179.5675675675676,182.0,inside_visible,191.85698666666664,256.7364533333333,0
iWYy8n6mSwc_8384-8850,306,2,411.5,53.0,169.0,196.0,inside_visible,215.1592424242424,280.90724242424244,1
iWYy8n6mSwc_8384-8850,307,1,560.527027027027,0.7297297297297297,179.54054054054063,182.0,inside_visible,191.9288933333333,256.59262666666666,0
iWYy8n6mSwc_8384-8850,307,2,410.4166666666667,53.333333333333336,168.99999999999994,196.0,inside_visible,214.3420909090909,280.0900909090909,1
iWYy8n6mSwc_8384-8850,308,1,560.4256756756756,0.7432432432432432,179.51351351351354,182.0,inside_visible,192.0008,256.4488,0
iWYy8n6mSwc_8384-8850,308,2,409.3333333333333,53.66666666666666,169.00000000000006,196.0,inside_visible,213.5249393939394,279.2729393939394,1
iWYy8n6mSwc_8384-8850,309,1,560.3243243243244,0.7567567567567568,179.48648648648646,182.0,inside_visible,192.07270666666665,256.3049733333333,0
iWYy8n6mSwc_8384-8850,309,2,408.25,54.0,169.0,196.0,inside_visible,212.70778787878788,278.4557878787879,1
iWYy8n6mSwc_8384-8850,310,1,560.222972972973,0.7702702702702703,179.45945945945937,182.0,inside_visible,192.14461333333333,256.16114666666664,0
iWYy8n6mSwc_8384-8850,310,2,407.1666666666667,54.333333333333336,168.99999999999994,196.0,inside_visible,211.8906363636364,277.63863636363635,1
iWYy8n6mSwc_8384-8850,311,1,560.1216216216217,0.7837837837837838,179.4324324324324,182.0,inside_visible,192.21652,256.01732,0
iWYy8n6mSwc_8384-8850,311,2,406.0833333333333,54.66666666666666,169.00000000000006,196.0,inside_visible,211.07348484848484,276.82148484848483,1
iWYy8n6mSwc_8384-8850,312,1,560.0202702702703,0.7972972972972973,179.4054054054053,182.0,inside_visible,192.28842666666665,255.87349333333333,0
iWYy8n6mSwc_8384-8850,312,2,405.0,55.0,169.0,196.0,inside_visible,210.25633333333332,276.0043333333333,1
iWYy8n6mSwc_8384-8850,313,1,559.918918918919,0.8108108108108109,179.37837837837833,182.0,inside_visible,192.36033333333333,255.72966666666665,0
iWYy8n6mSwc_8384-8850,313,2,405.3793103448276,54.82758620689656,169.0,196.0,inside_visible,209.43918181818185,275.1871818181818,1
iWYy8n6mSwc_8384-8850,314,1,559.8175675675676,0.8243243243243243,179.35135135135135,182.0,inside_visible,192.43224,255.58584,0
iWYy8n6mSwc_8384-8850,314,2,405.7586206896552,54.6551724137931,168.99999999999994,196.0,inside_visible,208.6220303030303,274.3700303030303,1
iWYy8n6mSwc_8384-8850,315,1,559.7162162162163,0.8378378378378378,179.32432432432427,182.0,inside_visible,192.50414666666663,255.4420133333333,0
iWYy8n6mSwc_8384-8850,315,2,406.13793103448273,54.48275862068966,169.00000000000006,196.0,inside_visible,207.8048787878788,273.5528787878788,1
iWYy8n6mSwc_8384-8850,316,1,559.6148648648649,0.8513513513513513,179.2972972972973,182.0,inside_visible,192.57605333333333,255.29818666666665,0
iWYy8n6mSwc_8384-8850,316,2,406.5172413793104,54.310344827586206,169.0,196.0,inside_visible,206.98772727272728,272.7357272727273,1
iWYy8n6mSwc_8384-8850,317,1,559.5135135135135,0.8648648648648649,179.2702702702702,182.0,inside_visible,192.64796,255.15436,0
iWYy8n6mSwc_8384-8850,317,2,406.8965517241379,54.13793103448276,169.0,196.0,inside_visible,206.17057575757576,271.9185757575757,1
iWYy8n6mSwc_8384-8850,318,1,559.4121621621622,0.8783783783783784,179.24324324324323,182.0,inside_visible,192.71986666666663,255.0105333333333,0
iWYy8n6mSwc_8384-8850,318,2,407.2758620689655,53.96551724137931,168.99999999999994,196.0,inside_visible,205.35342424242424,271.10142424242423,1
iWYy8n6mSwc_8384-8850,319,1,559.3108108108108,0.8918918918918919,179.21621621621614,182.0,inside_visible,192.7917733333333,254.86670666666663,0
iWYy8n6mSwc_8384-8850,319,2,407.6551724137931,53.793103448275865,169.00000000000006,196.0,inside_visible,204.53627272727272,270.2842727272727,1
iWYy8n6mSwc_8384-8850,320,1,559.2094594594595,0.9054054054054054,179.18918918918916,182.0,inside_visible,192.86368,254.72288,0
iWYy8n6mSwc_8384-8850,320,2,408.0344827586207,53.62068965517241,169.0,196.0,inside_visible,203.7191212121212,269.4671212121212,1
iWYy8n6mSwc_8384-8850,321,1,559.1081081081081,0.918918918918919,179.1621621621622,182.0,inside_visible,192.9355866666667,254.5790533333333,0
iWYy8n6mSwc_8384-8850,321,2,408.41379310344826,53.44827586206897,169.0,196.0,inside_visible,202.9019696969697,268.64996969696966,1
iWYy8n6mSwc_8384-8850,322,1,559.0067567567568,0.9324324324324323,179.1351351351351,182.0,inside_visible,193.0074933333333,254.4352266666667,0
iWYy8n6mSwc_8384-8850,322,2,408.7931034482759,53.27586206896552,168.99999999999994,196.0,inside_visible,202.08481818181815,267.8328181818182,1
iWYy8n6mSwc_8384-8850,323,1,558.9054054054054,0.945945945945946,179.10810810810813,182.0,inside_visible,193.0794,254.2914,0
iWYy8n6mSwc_8384-8850,323,2,409.1724137931034,53.10344827586207,169.00000000000006,196.0,inside_visible,201.26766666666663,267.0156666666667,1
iWYy8n6mSwc_8384-8850,324,1,558.8040540540541,0.9594594594594594,179.08108108108104,182.0,inside_visible,193.15130666666664,254.14757333333333,0
iWYy8n6mSwc_8384-8850,324,2,409.5517241379311,52.93103448275862,169.0,196.0,inside_visible,200.4505151515152,266.19851515151515,1
iWYy8n6mSwc_8384-8850,325,1,558.7027027027027,0.972972972972973,179.05405405405406,182.0,inside_visible,193.2232133333333,254.00374666666664,0
iWYy8n6mSwc_8384-8850,325,2,409.9310344827586,52.75862068965517,169.0,196.0,inside_visible,199.63336363636364,265.38136363636363,1
iWYy8n6mSwc_8384-8850,326,1,558.6013513513514,0.9864864864864864,179.02702702702695,182.0,inside_visible,193.29512,253.85992,0
iWYy8n6mSwc_8384-8850,326,2,410.3103448275862,52.58620689655172,168.99999999999994,196.0,inside_visible,198.8162121212121,264.5642121212121,1
iWYy8n6mSwc_8384-8850,327,1,558.5,1.0,179.0,182.0,inside_visible,193.36702666666665,253.71609333333333,0
iWYy8n6mSwc_8384-8850,327,2,410.6896551724138,52.41379310344828,169.00000000000006,196.0,inside_visible,197.9990606060606,263.7470606060606,1
iWYy8n6mSwc_8384-8850,328,1,558.3986486486486,1.0135135135135136,178.97297297297305,182.0,inside_visible,193.43893333333327,253.57226666666665,0
iWYy8n6mSwc_8384-8850,328,2,411.0689655172414,52.241379310344826,169.0,196.0,inside_visible,197.18190909090907,262.92990909090906,1
iWYy8n6mSwc_8384-8850,329,1,558.2972972972973,1.027027027027027,178.94594594594594,182.0,inside_visible,193.51084,253.42844,0
iWYy8n6mSwc_8384-8850,329,2,411.44827586206895,52.06896551724138,169.0,196.0,inside_visible,196.3647575757576,262.11275757575754,1
iWYy8n6mSwc_8384-8850,330,1,558.1959459459459,1.0405405405405406,178.91891891891896,182.0,inside_visible,193.58274666666665,253.2846133333333,0
iWYy8n6mSwc_8384-8850,330,2,411.82758620689657,51.89655172413793,168.99999999999994,196.0,inside_visible,195.54760606060609,261.295606060606,1
iWYy8n6mSwc_8384-8850,331,1,558.0945945945946,1.054054054054054,178.89189189189187,182.0,inside_visible,193.65465333333333,253.14078666666663,0
iWYy8n6mSwc_8384-8850,331,2,412.2068965517241,51.72413793103448,169.00000000000006,196.0,inside_visible,194.7304545454545,260.4784545454545,1
iWYy8n6mSwc_8384-8850,332,1,557.9932432432432,1.0675675675675675,178.8648648648649,182.0,inside_visible,193.72656,252.99696,0
iWYy8n6mSwc_8384-8850,332,2,412.5862068965517,51.55172413793103,169.0,196.0,inside_visible,193.91330303030304,259.66130303030303,1
iWYy8n6mSwc_8384-8850,333,1,557.8918918918919,1.0810810810810811,178.8378378378378,182.0,inside_visible,193.79846666666663,252.8531333333333,0
iWYy8n6mSwc_8384-8850,333,2,412.9655172413793,51.37931034482759,169.0,196.0,inside_visible,193.09615151515152,258.8441515151515,1
iWYy8n6mSwc_8384-8850,334,1,557.7905405405405,1.0945945945945943,178.81081081081084,182.0,inside_visible,193.87037333333333,252.70930666666663,0
iWYy8n6mSwc_8384-8850,334,2,413.3448275862069,51.206896551724135,168.99999999999994,196.0,inside_visible,192.279,258.027,1
iWYy8n6mSwc_8384-8850,335,1,557.6891891891892,1.108108108108108,178.78378378378386,182.0,inside_visible,193.94228,252.56548,0
iWYy8n6mSwc_8384-8850,335,2,413.7241379310345,51.03448275862069,169.00000000000006,196.0,inside_visible,198.4427142857143,261.8792857142857,1
iWYy8n6mSwc_8384-8850,336,1,557.5878378378378,1.1216216216216215,178.75675675675677,182.0,inside_visible,194.01418666666663,252.42165333333327,0
iWYy8n6mSwc_8384-8850,336,2,414.1034482758621,50.86206896551724,169.0,196.0,inside_visible,204.60642857142855,265.73157142857144,1
iWYy8n6mSwc_8384-8850,337,1,557.4864864864865,1.135135135135135,178.7297297297298,182.0,inside_visible,194.0860933333333,252.27782666666664,0
iWYy8n6mSwc_8384-8850,337,2,414.4827586206897,50.689655172413794,169.0,196.0,inside_visible,210.77014285714284,269.58385714285714,1
iWYy8n6mSwc_8384-8850,338,1,557.3851351351351,1.148648648648649,178.7027027027027,182.0,inside_visible,194.158,252.134,0
iWYy8n6mSwc_8384-8850,338,2,414.86206896551727,50.51724137931035,168.99999999999994,196.0,inside_visible,216.93385714285716,273.43614285714284,1
iWYy8n6mSwc_8384-8850,339,1,557.2837837837837,1.162162162162162,178.67567567567573,182.0,inside_visible,193.4656129032258,252.11641935483868,0
iWYy8n6mSwc_8384-8850,339,2,415.2413793103448,50.3448275862069,169.00000000000006,196.0,inside_visible,223.09757142857143,277.28842857142854,1
iWYy8n6mSwc_8384-8850,340,1,557.1824324324324,1.1756756756756757,178.64864864864865,182.0,inside_visible,192.7732258064516,252.0988387096774,0
iWYy8n6mSwc_8384-8850,340,2,415.6206896551725,50.172413793103445,169.0,196.0,inside_visible,229.2612857142857,281.1407142857143,1
iWYy8n6mSwc_8384-8850,341,1,557.081081081081,1.1891891891891893,178.62162162162167,182.0,inside_visible,192.0808387096774,252.0812580645161,0
iWYy8n6mSwc_8384-8850,341,2,416.0,50.0,169.0,196.0,inside_visible,235.425,284.993,1
iWYy8n6mSwc_8384-8850,342,1,556.9797297297297,1.2027027027027026,178.5945945945947,182.0,inside_visible,191.3884516129032,252.06367741935483,0
iWYy8n6mSwc_8384-8850,342,2,415.8,50.05714285714286,168.99999999999994,196.0,inside_visible,244.41366666666667,284.993,1
iWYy8n6mSwc_8384-8850,343,1,556.8783783783783,1.2162162162162162,178.5675675675676,182.0,inside_visible,190.696064516129,252.04609677419356,0
iWYy8n6mSwc_8384-8850,343,2,415.6,50.114285714285714,169.0,196.0,inside_visible,253.40233333333336,284.993,1
iWYy8n6mSwc_8384-8850,344,1,556.777027027027,1.2297297297297298,178.54054054054063,182.0,inside_visible,190.00367741935483,252.02851612903223,0
iWYy8n6mSwc_8384-8850,344,2,415.4,50.17142857142857,169.0,196.0,inside_visible,262.391,284.993,1
iWYy8n6mSwc_8384-8850,345,1,556.6756756756756,1.2432432432432432,178.51351351351354,182.0,inside_visible,189.31129032258065,252.01093548387092,0
iWYy8n6mSwc_8384-8850,345,2,415.2,50.22857142857143,169.00000000000006,196.0,inside_visible,274.0765,282.29650000000004,1
iWYy8n6mSwc_8384-8850,346,1,556.5743243243244,1.2567567567567568,178.48648648648646,182.0,inside_visible,188.61890322580643,251.99335483870968,0
iWYy8n6mSwc_8384-8850,346,2,415.0,50.285714285714285,169.0,196.0,inside_visible,285.762,279.6,1
iWYy8n6mSwc_8384-8850,347,1,556.472972972973,1.2702702702702702,178.45945945945937,182.0,inside_visible,187.92651612903225,251.9757741935484,0
iWYy8n6mSwc_8384-8850,347,2,414.8,50.34285714285714,168.99999999999994,196.0,inside_visible,283.5145,271.95950000000005,1
iWYy8n6mSwc_8384-8850,348,1,556.3716216216217,1.2837837837837838,178.4324324324324,182.0,inside_visible,187.23412903225804,251.9581935483871,0
iWYy8n6mSwc_8384-8850,348,2,414.6,50.4,169.0,196.0,inside_visible,281.267,264.319,1
iWYy8n6mSwc_8384-8850,349,1,556.2702702702703,1.2972972972972974,178.4054054054053,182.0,inside_visible,186.54174193548383,251.9406129032258,0
iWYy8n6mSwc_8384-8850,349,2,414.4,50.457142857142856,169.0,196.0,inside_visible,290.256,261.5025,1
iWYy8n6mSwc_8384-8850,350,1,556.168918918919,1.3108108108108107,178.37837837837833,182.0,inside_visible,185.84935483870967,251.9230322580645,0
iWYy8n6mSwc_8384-8850,350,2,414.2,50.51428571428571,169.00000000000006,196.0,inside_visible,299.245,258.686,1
iWYy8n6mSwc_8384-8850,351,1,556.0675675675676,1.3243243243243243,178.35135135135135,182.0,inside_visible,185.15696774193543,251.9054516129032,0
iWYy8n6mSwc_8384-8850,351,2,414.0,50.57142857142857,169.0,196.0,inside_visible,300.143,266.656,1
iWYy8n6mSwc_8384-8850,352,1,555.9662162162163,1.337837837837838,178.32432432432427,182.0,inside_visible,184.46458064516128,251.88787096774192,0
iWYy8n6mSwc_8384-8850,352,2,413.8,50.62857142857143,168.99999999999994,196.0,inside_visible,386.435,379.914,1
iWYy8n6mSwc_8384-8850,353,1,555.8648648648649,1.351351351351351,178.2972972972973,182.0,inside_visible,183.7721935483871,251.87029032258064,0
iWYy8n6mSwc_8384-8850,353,2,413.6,50.68571428571428,169.0,196.0,inside_visible,388.383,386.566,1
iWYy8n6mSwc_8384-8850,354,1,555.7635135135135,1.364864864864865,178.2702702702702,182.0,inside_visible,183.07980645161288,251.8527096774193,0
iWYy8n6mSwc_8384-8850,354,2,413.4,50.74285714285714,169.0,196.0,inside_visible,390.391,382.971,1
iWYy8n6mSwc_8384-8850,355,1,555.6621621621622,1.3783783783783785,178.24324324324323,182.0,inside_visible,182.3874193548387,251.83512903225807,0
iWYy8n6mSwc_8384-8850,355,2,413.2,50.8,169.00000000000006,196.0,inside_visible,387.005,381.173,1
iWYy8n6mSwc_8384-8850,356,1,555.5608108108108,1.391891891891892,178.21621621621614,182.0,inside_visible,181.6950322580645,251.8175483870968,0
iWYy8n6mSwc_8384-8850,356,2,413.0,50.85714285714285,169.0,196.0,inside_visible,383.619,379.375,1
iWYy8n6mSwc_8384-8850,357,1,555.4594594594595,1.4054054054054057,178.18918918918916,182.0,inside_visible,181.0026451612903,251.7999677419355,0
iWYy8n6mSwc_8384-8850,357,2,412.8,50.91428571428571,168.99999999999994,196.0,inside_visible,387.424,380.274,1
iWYy8n6mSwc_8384-8850,358,1,555.3581081081081,1.4189189189189189,178.1621621621622,182.0,inside_visible,180.3102580645161,251.7823870967742,0
iWYy8n6mSwc_8384-8850,358,2,412.6,50.97142857142857,169.0,196.0,inside_visible,391.229,381.173,1
iWYy8n6mSwc_8384-8850,359,1,555.2567567567568,1.4324324324324325,178.1351351351351,182.0,inside_visible,179.61787096774194,251.76480645161288,0
iWYy8n6mSwc_8384-8850,359,2,412.4,51.02857142857143,169.0,196.0,inside_visible,390.48,382.0715,1
iWYy8n6mSwc_8384-8850,360,1,555.1554054054054,1.445945945945946,178.10810810810813,182.0,inside_visible,178.92548387096772,251.7472258064516,0
iWYy8n6mSwc_8384-8850,360,2,412.2,51.08571428571429,169.00000000000006,196.0,inside_visible,389.731,382.97,1
iWYy8n6mSwc_8384-8850,361,1,555.0540540540541,1.4594594594594594,178.08108108108104,182.0,inside_visible,178.23309677419354,251.7296451612903,0
iWYy8n6mSwc_8384-8850,361,2,412.0,51.142857142857146,169.0,196.0,inside_visible,389.132,377.577,1
iWYy8n6mSwc_8384-8850,362,1,554.9527027027027,1.472972972972973,178.05405405405406,182.0,inside_visible,177.54070967741933,251.71206451612903,0
iWYy8n6mSwc_8384-8850,362,2,411.8,51.2,168.99999999999994,196.0,inside_visible,384.697,376.5306,1
iWYy8n6mSwc_8384-8850,363,1,554.8513513513514,1.4864864864864864,178.02702702702695,182.0,inside_visible,176.84832258064517,251.69448387096773,0
iWYy8n6mSwc_8384-8850,363,2,411.6,51.25714285714286,169.0,196.0,inside_visible,380.262,375.4842,1
iWYy8n6mSwc_8384-8850,364,1,554.75,1.5,178.0,182.0,inside_visible,176.15593548387096,251.67690322580648,0
iWYy8n6mSwc_8384-8850,364,2,411.4,51.31428571428572,169.0,196.0,inside_visible,375.827,374.4378,1
iWYy8n6mSwc_8384-8850,365,1,554.6486486486486,1.5135135135135136,177.97297297297305,182.0,inside_visible,175.46354838709675,251.65932258064515,0
iWYy8n6mSwc_8384-8850,365,2,411.2,51.371428571428574,169.00000000000006,196.0,inside_visible,371.392,373.3914,1
iWYy8n6mSwc_8384-8850,366,1,554.5472972972973,1.527027027027027,177.94594594594594,182.0,inside_visible,174.77116129032257,251.64174193548388,0
iWYy8n6mSwc_8384-8850,366,2,411.0,51.42857142857143,169.0,196.0,inside_visible,366.957,372.345,1
iWYy8n6mSwc_8384-8850,367,1,554.4459459459459,1.5405405405405406,177.91891891891896,182.0,inside_visible,174.07877419354838,251.62416129032255,0
iWYy8n6mSwc_8384-8850,367,2,410.8,51.48571428571429,168.99999999999994,196.0,inside_visible,362.522,371.2986,1
iWYy8n6mSwc_8384-8850,368,1,554.3445945945946,1.554054054054054,177.89189189189187,182.0,inside_visible,173.38638709677417,251.6065806451613,0
iWYy8n6mSwc_8384-8850,368,2,410.6,51.54285714285714,169.0,196.0,inside_visible,358.087,370.2522,1
iWYy8n6mSwc_8384-8850,369,1,554.2432432432432,1.5675675675675675,177.8648648648649,182.0,inside_visible,172.694,251.589,0
iWYy8n6mSwc_8384-8850,369,2,410.4,51.6,169.0,196.0,inside_visible,353.65200000000004,369.2058,1
iWYy8n6mSwc_8384-8850,370,1,554.1418918918919,1.5810810810810811,177.8378378378378,182.0,inside_visible,180.729,252.76,0
iWYy8n6mSwc_8384-8850,370,2,410.2,51.65714285714286,169.00000000000006,196.0,inside_visible,349.21700000000004,368.1594,1
iWYy8n6mSwc_8384-8850,371,1,554.0405405405405,1.5945945945945943,177.81081081081084,182.0,inside_visible,311.012,261.123,0
iWYy8n6mSwc_8384-8850,371,2,410.0,51.71428571428572,169.0,196.0,inside_visible,344.78200000000004,367.113,1
iWYy8n6mSwc_8384-8850,372,1,553.9391891891892,1.608108108108108,177.78378378378386,182.0,inside_visible,316.28625,256.56325,0
iWYy8n6mSwc_8384-8850,372,2,409.8,51.77142857142857,168.99999999999994,196.0,inside_visible,340.34700000000004,366.0666,1
iWYy8n6mSwc_8384-8850,373,1,553.8378378378378,1.6216216216216215,177.75675675675677,182.0,inside_visible,321.5605,252.0035,0
iWYy8n6mSwc_8384-8850,373,2,409.6,51.82857142857143,169.0,196.0,inside_visible,335.91200000000003,365.0202,1
iWYy8n6mSwc_8384-8850,374,1,553.7364864864865,1.635135135135135,177.7297297297298,182.0,inside_visible,326.83475,247.44375,0
iWYy8n6mSwc_8384-8850,374,2,409.4,51.885714285714286,169.0,196.0,inside_visible,331.47700000000003,363.9738,1
iWYy8n6mSwc_8384-8850,375,1,553.6351351351351,1.648648648648649,177.7027027027027,182.0,inside_visible,332.109,242.884,0
iWYy8n6mSwc_8384-8850,375,2,409.2,51.94285714285714,169.00000000000006,196.0,inside_visible,327.04200000000003,362.9274,1
iWYy8n6mSwc_8384-8850,376,1,553.5337837837837,1.662162162162162,177.67567567567573,182.0,inside_visible,332.8004615384615,243.7828846153846,0
iWYy8n6mSwc_8384-8850,376,2,409.0,52.0,169.0,196.0,inside_visible,322.607,361.881,1
iWYy8n6mSwc_8384-8850,377,1,553.4324324324324,1.6756756756756757,177.64864864864865,182.0,inside_visible,333.49192307692306,244.6817692307692,0
iWYy8n6mSwc_8384-8850,377,2,407.8333333333333,52.0,169.00000000000006,196.0,inside_visible,322.60102380952384,361.8570952380952,1
iWYy8n6mSwc_8384-8850,378,1,553.331081081081,1.6891891891891893,177.62162162162167,182.0,inside_visible,334.1833846153846,245.58065384615384,0
iWYy8n6mSwc_8384-8850,378,2,406.6666666666667,52.0,168.99999999999994,196.0,inside_visible,322.59504761904765,361.83319047619045,1
iWYy8n6mSwc_8384-8850,379,1,553.2297297297297,1.7027027027027026,177.5945945945947,182.0,inside_visible,334.87484615384614,246.47953846153845,0
iWYy8n6mSwc_8384-8850,379,2,405.5,52.0,169.0,196.0,inside_visible,322.58907142857146,361.8092857142857,1
iWYy8n6mSwc_8384-8850,380,1,553.1283783783783,1.7162162162162162,177.5675675675676,182.0,inside_visible,335.56630769230765,247.37842307692307,0
iWYy8n6mSwc_8384-8850,380,2,404.3333333333333,52.0,169.00000000000006,196.0,inside_visible,322.58309523809527,361.7853809523809,1
iWYy8n6mSwc_8384-8850,381,1,553.027027027027,1.7297297297297298,177.54054054054063,182.0,inside_visible,336.2577692307692,248.2773076923077,0
iWYy8n6mSwc_8384-8850,381,2,403.1666666666667,52.0,168.99999999999994,196.0,inside_visible,322.5771190476191,361.7614761904762,1
iWYy8n6mSwc_8384-8850,382,1,552.9256756756756,1.7432432432432432,177.51351351351354,182.0,inside_visible,336.9492307692308,249.1761923076923,0
iWYy8n6mSwc_8384-8850,382,2,402.0,52.0,169.0,196.0,inside_visible,322.5711428571429,361.7375714285714,1
iWYy8n6mSwc_8384-8850,383,1,552.8243243243244,1.7567567567567568,177.48648648648646,182.0,inside_visible,337.6406923076923,250.0750769230769,0
iWYy8n6mSwc_8384-8850,383,2,397.6666666666667,53.66666666666666,168.99999999999994,196.0,inside_visible,322.5651666666667,361.71366666666665,1
iWYy8n6mSwc_8384-8850,384,1,552.722972972973,1.7702702702702702,177.45945945945937,182.0,inside_visible,338.3321538461538,250.97396153846157,0
iWYy8n6mSwc_8384-8850,384,2,393.3333333333333,55.333333333333336,169.00000000000006,196.0,inside_visible,322.5591904761905,361.6897619047619,1
iWYy8n6mSwc_8384-8850,385,1,552.6216216216217,1.7837837837837838,177.4324324324324,182.0,inside_visible,339.02361538461537,251.87284615384613,0
iWYy8n6mSwc_8384-8850,385,2,389.0,57.0,169.0,196.0,inside_visible,322.5532142857143,361.66585714285713,1
iWYy8n6mSwc_8384-8850,386,1,552.5202702702703,1.7972972972972974,177.4054054054053,182.0,inside_visible,339.71507692307694,252.7717307692308,0
iWYy8n6mSwc_8384-8850,386,2,388.5925925925926,56.92592592592592,169.0,196.0,inside_visible,322.54723809523813,361.6419523809524,1
iWYy8n6mSwc_8384-8850,387,1,552.418918918919,1.8108108108108107,177.37837837837833,182.0,inside_visible,340.40653846153845,253.6706153846154,0
iWYy8n6mSwc_8384-8850,387,2,388.1851851851852,56.851851851851855,169.00000000000006,196.0,inside_visible,322.54126190476194,361.6180476190476,1
iWYy8n6mSwc_8384-8850,388,1,552.3175675675676,1.8243243243243243,177.35135135135135,182.0,inside_visible,341.098,254.5695,0
iWYy8n6mSwc_8384-8850,388,2,387.77777777777777,56.77777777777778,169.00000000000006,196.0,inside_visible,322.5352857142857,361.59414285714286,1
iWYy8n6mSwc_8384-8850,389,1,552.2162162162163,1.837837837837838,177.32432432432427,182.0,inside_visible,341.7894615384615,255.4683846153846,0
iWYy8n6mSwc_8384-8850,389,2,387.3703703703704,56.7037037037037,168.99999999999994,196.0,inside_visible,322.5293095238096,361.5702380952381,1
iWYy8n6mSwc_8384-8850,390,1,552.1148648648649,1.8513513513513515,177.2972972972973,182.0,inside_visible,342.48092307692303,256.36726923076924,0
iWYy8n6mSwc_8384-8850,390,2,386.962962962963,56.629629629629626,168.99999999999994,196.0,inside_visible,322.52333333333337,361.5463333333333,1
iWYy8n6mSwc_8384-8850,391,1,552.0135135135135,1.864864864864865,177.2702702702702,182.0,inside_visible,343.1723846153846,257.2661538461538,0
iWYy8n6mSwc_8384-8850,391,2,386.55555555555554,56.55555555555556,169.0,196.0,inside_visible,322.5173571428572,361.5224285714286,1
iWYy8n6mSwc_8384-8850,392,1,551.9121621621622,1.8783783783783785,177.24324324324323,182.0,inside_visible,343.8638461538461,258.1650384615385,0
iWYy8n6mSwc_8384-8850,392,2,386.14814814814815,56.48148148148148,169.0,196.0,inside_visible,322.511380952381,361.4985238095238,1
iWYy8n6mSwc_8384-8850,393,1,551.8108108108108,1.891891891891892,177.21621621621614,182.0,inside_visible,344.5553076923077,259.06392307692306,0
iWYy8n6mSwc_8384-8850,393,2,385.7407407407408,56.407407407407405,169.0,196.0,inside_visible,322.5054047619048,361.4746190476191,1
iWYy8n6mSwc_8384-8850,394,1,551.7094594594595,1.9054054054054053,177.18918918918916,182.0,inside_visible,345.24676923076925,259.9628076923077,0
iWYy8n6mSwc_8384-8850,394,2,385.3333333333333,56.333333333333336,169.00000000000006,196.0,inside_visible,322.4994285714286,361.4507142857143,1
iWYy8n6mSwc_8384-8850,395,1,551.6081081081081,1.9189189189189189,177.1621621621622,182.0,inside_visible,345.9382307692308,260.8616923076923,0
iWYy8n6mSwc_8384-8850,395,2,384.9259259259259,56.25925925925926,169.00000000000006,196.0,inside_visible,322.4934523809524,361.4268095238096,1
iWYy8n6mSwc_8384-8850,396,1,551.5067567567568,1.9324324324324325,177.1351351351351,182.0,inside_visible,346.62969230769227,261.76057692307694,0
iWYy8n6mSwc_8384-8850,396,2,384.5185185185185,56.18518518518518,168.99999999999994,196.0,inside_visible,322.48747619047623,361.4029047619048,1
iWYy8n6mSwc_8384-8850,397,1,551.4054054054054,1.945945945945946,177.10810810810813,182.0,inside_visible,347.32115384615383,262.6594615384615,0
iWYy8n6mSwc_8384-8850,397,2,384.1111111111111,56.11111111111112,169.0,196.0,inside_visible,322.4815,361.379,1
iWYy8n6mSwc_8384-8850,398,1,551.3040540540541,1.9594594594594597,177.08108108108104,182.0,inside_visible,348.0126153846154,263.5583461538462,0
iWYy8n6mSwc_8384-8850,398,2,383.7037037037037,56.03703703703704,169.0,196.0,inside_visible,322.4755238095238,361.3550952380952,1
iWYy8n6mSwc_8384-8850,399,1,551.2027027027027,1.972972972972973,177.05405405405406,182.0,inside_visible,348.7040769230769,264.4572307692308,0
iWYy8n6mSwc_8384-8850,399,2,383.2962962962963,55.96296296296296,169.0,196.0,inside_visible,322.4695476190476,361.3311904761904,1
iWYy8n6mSwc_8384-8850,400,1,551.1013513513514,1.9864864864864864,177.02702702702695,182.0,inside_visible,349.3955384615384,265.3561153846153,0
iWYy8n6mSwc_8384-8850,400,2,382.8888888888889,55.888888888888886,169.0,196.0,inside_visible,322.4635714285714,361.3072857142857,1
iWYy8n6mSwc_8384-8850,401,1,551.0,2.0,177.0,182.0,inside_visible,350.087,266.255,0
iWYy8n6mSwc_8384-8850,401,2,382.4814814814815,55.81481481481482,169.00000000000006,196.0,inside_visible,322.4575952380952,361.2833809523809,1
iWYy8n6mSwc_8384-8850,402,1,550.7727272727273,2.0,177.0,182.0,inside_visible,349.5398695652174,264.76991304347825,0
iWYy8n6mSwc_8384-8850,402,2,382.0740740740741,55.74074074074074,168.99999999999994,196.0,inside_visible,322.45161904761903,361.25947619047616,1
iWYy8n6mSwc_8384-8850,403,1,550.5454545454545,2.0,177.0,182.0,inside_visible,348.9927391304348,263.2848260869565,0
iWYy8n6mSwc_8384-8850,403,2,381.6666666666667,55.66666666666666,168.99999999999994,196.0,inside_visible,322.44564285714284,361.2355714285714,1
iWYy8n6mSwc_8384-8850,404,1,550.3181818181819,2.0,177.0,182.0,inside_visible,348.44560869565214,261.7997391304348,0
iWYy8n6mSwc_8384-8850,404,2,381.2592592592592,55.5925925925926,169.0,196.0,inside_visible,322.43966666666665,361.2116666666666,1
iWYy8n6mSwc_8384-8850,405,1,550.0909090909091,2.0,177.0,182.0,inside_visible,347.8984782608696,260.31465217391303,0
iWYy8n6mSwc_8384-8850,405,2,380.8518518518519,55.51851851851852,169.0,196.0,inside_visible,322.43369047619046,361.1877619047619,1
iWYy8n6mSwc_8384-8850,406,1,549.8636363636364,2.0,177.0,182.0,inside_visible,347.35134782608696,258.8295652173913,0
iWYy8n6mSwc_8384-8850,406,2,380.44444444444446,55.44444444444444,169.0,196.0,inside_visible,322.4277142857143,361.1638571428571,1
iWYy8n6mSwc_8384-8850,407,1,549.6363636363636,2.0,177.0,182.0,inside_visible,346.80421739130435,257.34447826086955,0
iWYy8n6mSwc_8384-8850,407,2,380.03703703703707,55.37037037037037,169.0,196.0,inside_visible,322.4217380952381,361.1399523809524,1
iWYy8n6mSwc_8384-8850,408,1,549.4090909090909,2.0,177.0,182.0,inside_visible,346.25708695652173,255.85939130434784,0
iWYy8n6mSwc_8384-8850,408,2,379.6296296296296,55.2962962962963,169.00000000000006,196.0,inside_visible,322.4157619047619,361.1160476190476,1
iWYy8n6mSwc_8384-8850,409,1,549.1818181818181,2.0,177.0,182.0,inside_visible,345.7099565217391,254.3743043478261,0
iWYy8n6mSwc_8384-8850,409,2,379.22222222222223,55.22222222222222,168.99999999999994,196.0,inside_visible,322.4097857142857,361.0921428571429,1
iWYy8n6mSwc_8384-8850,410,1,548.9545454545455,2.0,177.0,182.0,inside_visible,345.1628260869565,252.8892173913044,0
iWYy8n6mSwc_8384-8850,410,2,378.8148148148149,55.14814814814815,168.99999999999994,196.0,inside_visible,322.4038095238095,361.0682380952381,1
iWYy8n6mSwc_8384-8850,411,1,548.7272727272727,2.0,177.0,182.0,inside_visible,344.6156956521739,251.40413043478264,0
iWYy8n6mSwc_8384-8850,411,2,378.4074074074074,55.07407407407408,169.0,196.0,inside_visible,322.3978333333333,361.0443333333333,1
iWYy8n6mSwc_8384-8850,412,1,548.5,2.0,177.0,182.0,inside_visible,344.06856521739127,249.91904347826087,0
iWYy8n6mSwc_8384-8850,412,2,378.0,55.0,169.0,196.0,inside_visible,322.39185714285713,361.02042857142857,1
iWYy8n6mSwc_8384-8850,413,1,548.2727272727273,2.0,177.0,182.0,inside_visible,343.5214347826087,248.43395652173916,0
iWYy8n6mSwc_8384-8850,413,2,377.6,56.0,169.0,197.4,inside_visible,322.38588095238094,360.9965238095238,1
iWYy8n6mSwc_8384-8850,414,1,548.0454545454545,2.0,177.0,182.0,inside_visible,342.9743043478261,246.9488695652174,0
iWYy8n6mSwc_8384-8850,414,2,377.2,57.0,169.00000000000006,198.8,inside_visible,322.37990476190475,360.9726190476191,1
iWYy8n6mSwc_8384-8850,415,1,547.8181818181819,2.0,177.0,182.0,inside_visible,342.4271739130435,245.46378260869565,0
iWYy8n6mSwc_8384-8850,415,2,376.8,58.0,168.99999999999994,200.2,inside_visible,322.37392857142856,360.9487142857143,1
iWYy8n6mSwc_8384-8850,416,1,547.5909090909091,2.0,177.0,182.0,inside_visible,341.88004347826086,243.9786956521739,0
iWYy8n6mSwc_8384-8850,416,2,376.4,59.0,169.0,201.6,inside_visible,322.3679523809524,360.92480952380953,1
iWYy8n6mSwc_8384-8850,417,1,547.3636363636364,2.0,177.0,182.0,inside_visible,341.33291304347824,242.49360869565217,0
iWYy8n6mSwc_8384-8850,417,2,376.0,60.0,169.0,203.0,inside_visible,322.3619761904762,360.9009047619048,1
iWYy8n6mSwc_8384-8850,418,1,547.1363636363636,2.0,177.0,182.0,inside_visible,340.7857826086956,241.0085217391305,0
iWYy8n6mSwc_8384-8850,418,2,376.4,59.0,169.0,203.0,inside_visible,322.356,360.877,1
iWYy8n6mSwc_8384-8850,419,1,546.9090909090909,2.0,177.0,182.0,inside_visible,340.238652173913,239.52343478260872,0
iWYy8n6mSwc_8384-8850,419,2,376.8,58.0,168.99999999999994,203.0,inside_visible,178.787,250.42,1
iWYy8n6mSwc_8384-8850,420,1,546.6818181818181,2.0,177.0,182.0,inside_visible,339.6915217391304,238.03834782608695,0
iWYy8n6mSwc_8384-8850,420,2,377.2,57.0,169.00000000000006,203.0,inside_visible,179.553,251.36514285714284,1
iWYy8n6mSwc_8384-8850,421,1,546.4545454545455,2.0,177.0,182.0,inside_visible,339.14439130434783,236.55326086956524,0
iWYy8n6mSwc_8384-8850,421,2,377.6,56.0,169.0,203.0,inside_visible,180.319,252.3102857142857,1
iWYy8n6mSwc_8384-8850,422,1,546.2272727272727,2.0,177.0,182.0,inside_visible,338.5972608695652,235.0681739130435,0
iWYy8n6mSwc_8384-8850,422,2,378.0,55.0,169.0,203.0,inside_visible,181.085,253.25542857142852,1
iWYy8n6mSwc_8384-8850,423,1,546.0,2.0,177.0,182.0,inside_visible,338.0501304347826,233.58308695652173,0
iWYy8n6mSwc_8384-8850,423,2,380.2,53.6,169.00000000000006,203.00000000000003,inside_visible,181.851,254.20057142857144,1
iWYy8n6mSwc_8384-8850,424,1,546.304347826087,1.9130434782608696,177.0,182.0,inside_visible,337.503,232.098,0
iWYy8n6mSwc_8384-8850,424,2,382.4,52.2,169.0,203.0,inside_visible,182.617,255.1457142857143,1
iWYy8n6mSwc_8384-8850,425,1,546.6086956521739,1.8260869565217392,177.0,182.0,inside_visible,330.7615,233.89575,0
iWYy8n6mSwc_8384-8850,425,2,384.6,50.8,169.0,203.0,inside_visible,183.383,256.09085714285715,1
iWYy8n6mSwc_8384-8850,426,1,546.9130434782609,1.7391304347826086,177.0,182.0,inside_visible,324.02,235.6935,0
iWYy8n6mSwc_8384-8850,426,2,386.8,49.4,168.99999999999994,203.0,inside_visible,184.149,257.036,1
iWYy8n6mSwc_8384-8850,427,1,547.2173913043479,1.6521739130434785,177.0,182.0,inside_visible,317.2785,237.49125,0
iWYy8n6mSwc_8384-8850,427,2,389.0,48.0,169.0,203.0,inside_visible,184.41603846153845,256.98353846153844,1
iWYy8n6mSwc_8384-8850,428,1,547.5217391304348,1.565217391304348,177.0,182.0,inside_visible,310.537,239.289,0
iWYy8n6mSwc_8384-8850,428,2,387.1428571428572,49.285714285714285,168.99999999999994,203.0,inside_visible,184.68307692307687,256.93107692307694,1
iWYy8n6mSwc_8384-8850,429,1,547.8260869565217,1.4782608695652173,177.0,182.0,inside_visible,297.2336,243.244,0
iWYy8n6mSwc_8384-8850,429,2,385.2857142857143,50.57142857142857,169.00000000000006,203.0,inside_visible,184.9501153846154,256.8786153846154,1
iWYy8n6mSwc_8384-8850,430,1,548.1304347826087,1.391304347826087,177.0,182.0,inside_visible,283.9302,247.199,0
iWYy8n6mSwc_8384-8850,430,2,383.4285714285714,51.85714285714285,169.0,203.0,inside_visible,185.21715384615385,256.82615384615383,1
iWYy8n6mSwc_8384-8850,431,1,548.4347826086956,1.3043478260869563,177.0,182.0,inside_visible,270.6268,251.154,0
iWYy8n6mSwc_8384-8850,431,2,381.57142857142856,53.14285714285714,169.0,203.00000000000003,inside_visible,185.4841923076923,256.7736923076924,1
iWYy8n6mSwc_8384-8850,432,1,548.7391304347826,1.2173913043478262,177.0,182.0,inside_visible,257.3234,255.109,0
iWYy8n6mSwc_8384-8850,432,2,379.7142857142857,54.42857142857143,168.99999999999994,203.0,inside_visible,185.7512307692308,256.7212307692308,1
iWYy8n6mSwc_8384-8850,433,1,549.0434782608696,1.1304347826086958,177.0,182.0,inside_visible,244.02,259.064,0
iWYy8n6mSwc_8384-8850,433,2,377.8571428571428,55.71428571428572,169.00000000000006,203.0,inside_visible,186.01826923076925,256.6687692307692,1
iWYy8n6mSwc_8384-8850,434,1,549.3478260869565,1.0434782608695652,177.0,182.0,inside_visible,237.2785,259.5135,0
iWYy8n6mSwc_8384-8850,434,2,376.0,57.0,169.0,203.0,inside_visible,186.2853076923077,256.6163076923077,1
iWYy8n6mSwc_8384-8850,435,1,549.6521739130435,0.9565217391304348,177.0,182.0,inside_visible,230.537,259.963,0
iWYy8n6mSwc_8384-8850,435,2,371.6666666666667,55.66666666666666,168.99999999999994,203.00000000000003,inside_visible,186.55234615384612,256.56384615384616,1
iWYy8n6mSwc_8384-8850,436,1,549.9565217391304,0.8695652173913044,177.0,182.0,inside_visible,223.7955,260.4125,0
iWYy8n6mSwc_8384-8850,436,2,367.3333333333333,54.333333333333336,169.00000000000006,203.0,inside_visible,186.81938461538465,256.5113846153846,1
iWYy8n6mSwc_8384-8850,437,1,550.2608695652174,0.7826086956521738,177.0,182.0,inside_visible,217.054,260.862,0
iWYy8n6mSwc_8384-8850,437,2,363.0,53.0,169.0,203.0,inside_visible,187.0864230769231,256.4589230769231,1
iWYy8n6mSwc_8384-8850,438,1,550.5652173913044,0.6956521739130435,177.0,182.0,inside_visible,220.6495,264.1578333333334,0
iWYy8n6mSwc_8384-8850,438,2,361.2,53.0,169.00000000000006,203.0,inside_visible,187.35346153846157,256.40646153846154,1
iWYy8n6mSwc_8384-8850,439,1,550.8695652173913,0.6086956521739131,177.0,182.0,inside_visible,224.245,267.45366666666666,0
iWYy8n6mSwc_8384-8850,439,2,359.4,53.0,169.0,203.0,inside_visible,187.6205,256.354,1
iWYy8n6mSwc_8384-8850,440,1,551.1739130434783,0.5217391304347827,177.0,182.0,inside_visible,227.8405,270.7495,0
iWYy8n6mSwc_8384-8850,440,2,357.6,53.0,169.0,203.0,inside_visible,187.88753846153847,256.3015384615385,1
iWYy8n6mSwc_8384-8850,441,1,551.4782608695652,0.4347826086956521,177.0,182.0,inside_visible,231.436,274.04533333333336,0
iWYy8n6mSwc_8384-8850,441,2,355.8,53.0,168.99999999999994,203.0,inside_visible,188.15457692307692,256.2490769230769,1
iWYy8n6mSwc_8384-8850,442,1,551.7826086956521,0.3478260869565217,177.0,182.0,inside_visible,235.0315,277.34116666666665,0
iWYy8n6mSwc_8384-8850,442,2,354.0,53.0,169.0,203.0,inside_visible,188.4216153846154,256.19661538461537,1
iWYy8n6mSwc_8384-8850,443,1,552.0869565217391,0.2608695652173913,177.0,182.0,inside_visible,238.627,280.637,0
iWYy8n6mSwc_8384-8850,443,2,354.5,52.71428571428572,169.0,203.0,inside_visible,188.68865384615384,256.14415384615387,1
iWYy8n6mSwc_8384-8850,444,1,552.3913043478261,0.1739130434782609,177.0,182.0,inside_visible,240.29635714285715,280.89385714285714,0
iWYy8n6mSwc_8384-8850,444,2,355.0,52.42857142857143,169.0,203.0,inside_visible,188.95569230769232,256.0916923076923,1
iWYy8n6mSwc_8384-8850,445,1,552.695652173913,0.0869565217391303,177.0,182.0,inside_visible,241.96571428571428,281.1507142857143,0
iWYy8n6mSwc_8384-8850,445,2,355.5,52.142857142857146,169.0,203.0,inside_visible,189.2227307692308,256.0392307692308,1
iWYy8n6mSwc_8384-8850,446,1,553.0,0.0,177.0,182.0,inside_visible,243.63507142857145,281.40757142857143,0
iWYy8n6mSwc_8384-8850,446,2,356.0,51.85714285714285,169.0,203.0,inside_visible,189.48976923076924,255.98676923076923,1
iWYy8n6mSwc_8384-8850,447,1,553.1904761904761,0.0,177.0,182.0,inside_visible,245.3044285714286,281.6644285714286,0
iWYy8n6mSwc_8384-8850,447,2,356.5,51.57142857142857,169.0,203.0,inside_visible,189.7568076923077,255.9343076923077,1
iWYy8n6mSwc_8384-8850,448,1,553.3809523809524,0.0,177.0,182.0,inside_visible,246.97378571428573,281.9212857142857,0
iWYy8n6mSwc_8384-8850,448,2,357.0,51.285714285714285,169.0,203.0,inside_visible,190.02384615384616,255.8818461538461,1
iWYy8n6mSwc_8384-8850,449,1,553.5714285714286,0.0,177.0,182.0,inside_visible,248.6431428571429,282.17814285714286,0
iWYy8n6mSwc_8384-8850,449,2,357.5,51.0,169.0,203.0,inside_visible,190.29088461538464,255.8293846153846,1
iWYy8n6mSwc_8384-8850,450,1,553.7619047619048,0.0,177.0,182.0,inside_visible,250.3125,282.435,0
iWYy8n6mSwc_8384-8850,450,2,358.0,50.71428571428572,169.0,203.0,inside_visible,190.5579230769231,255.77692307692308,1
iWYy8n6mSwc_8384-8850,451,1,553.952380952381,0.0,177.0,182.0,inside_visible,251.98185714285717,282.69185714285715,0
iWYy8n6mSwc_8384-8850,451,2,358.5,50.42857142857143,169.0,203.0,inside_visible,190.82496153846157,255.72446153846155,1
iWYy8n6mSwc_8384-8850,452,1,554.1428571428571,0.0,177.0,182.0,inside_visible,253.65121428571427,282.9487142857143,0
iWYy8n6mSwc_8384-8850,452,2,359.0,50.142857142857146,169.0,203.0,inside_visible,191.092,255.672,1
iWYy8n6mSwc_8384-8850,453,1,554.3333333333334,0.0,177.0,182.0,inside_visible,255.32057142857144,283.20557142857143,0
iWYy8n6mSwc_8384-8850,453,2,359.5,49.85714285714285,169.0,203.0,inside_visible,241.512,287.887,1
iWYy8n6mSwc_8384-8850,454,1,554.5238095238095,0.0,177.0,182.0,inside_visible,256.9899285714285,283.4624285714286,0
iWYy8n6mSwc_8384-8850,454,2,360.0,49.57142857142857,169.0,203.0,inside_visible,248.7855,287.7425,1
iWYy8n6mSwc_8384-8850,455,1,554.7142857142857,0.0,177.0,182.0,inside_visible,258.6592857142857,283.7192857142857,0
iWYy8n6mSwc_8384-8850,455,2,360.5,49.285714285714285,169.0,203.0,inside_visible,256.059,287.598,1
iWYy8n6mSwc_8384-8850,456,1,554.9047619047619,0.0,177.0,182.0,inside_visible,260.3286428571428,283.97614285714286,0
iWYy8n6mSwc_8384-8850,456,2,361.0,49.0,169.0,203.0,inside_visible,260.5535,278.60900000000004,1
iWYy8n6mSwc_8384-8850,457,1,555.0952380952381,0.0,177.0,182.0,inside_visible,261.998,284.233,0
iWYy8n6mSwc_8384-8850,457,2,364.25,51.75,169.0,203.0,inside_visible,265.048,269.62,1
iWYy8n6mSwc_8384-8850,458,1,555.2857142857143,0.0,177.0,182.0,inside_visible,265.953,283.5138,0
iWYy8n6mSwc_8384-8850,458,2,367.5,54.5,169.0,203.0,inside_visible,269.8855,271.44675,1
iWYy8n6mSwc_8384-8850,459,1,555.4761904761905,0.0,177.0,182.0,inside_visible,269.908,282.7946,0
iWYy8n6mSwc_8384-8850,459,2,370.75,57.25,169.0,203.0,inside_visible,274.723,273.2735,1
iWYy8n6mSwc_8384-8850,460,1,555.6666666666666,0.0,177.0,182.0,inside_visible,273.863,282.0754,0
iWYy8n6mSwc_8384-8850,460,2,374.0,60.0,169.0,203.0,inside_visible,279.56050000000005,275.10025,1
iWYy8n6mSwc_8384-8850,461,1,555.8571428571429,0.0,177.0,182.0,inside_visible,277.81800000000004,281.3562,0
iWYy8n6mSwc_8384-8850,461,2,378.0,55.0,169.0,203.0,inside_visible,284.398,276.927,1
iWYy8n6mSwc_8384-8850,462,1,556.047619047619,0.0,177.0,182.0,inside_visible,281.773,280.637,0
iWYy8n6mSwc_8384-8850,462,2,379.4,55.4,169.0,203.0,inside_visible,288.89233333333334,275.57866666666666,1
iWYy8n6mSwc_8384-8850,463,1,556.2380952380952,0.0,177.0,182.0,inside_visible,283.2112,278.1202,0
iWYy8n6mSwc_8384-8850,463,2,380.8,55.8,168.99999999999994,203.0,inside_visible,293.38666666666666,274.23033333333336,1
iWYy8n6mSwc_8384-8850,464,1,556.4285714285714,0.0,177.0,182.0,inside_visible,284.6494,275.6034,0
iWYy8n6mSwc_8384-8850,464,2,382.2,56.2,169.00000000000006,203.0,inside_visible,297.881,272.882,1
iWYy8n6mSwc_8384-8850,465,1,556.6190476190476,0.0,177.0,182.0,inside_visible,286.0876,273.0866,0
iWYy8n6mSwc_8384-8850,465,2,383.6,56.6,169.0,203.00000000000003,inside_visible,302.376,372.208,1
iWYy8n6mSwc_8384-8850,466,1,556.8095238095239,0.0,177.0,182.0,inside_visible,287.5258,270.5698,0
iWYy8n6mSwc_8384-8850,466,2,385.0,57.0,169.0,203.0,inside_visible,301.926,372.882,1
iWYy8n6mSwc_8384-8850,467,1,557.0,0.0,177.0,182.0,inside_visible,288.964,268.053,0
iWYy8n6mSwc_8384-8850,467,2,390.0,57.0,169.0,203.0,inside_visible,301.926,372.882,1
