clip,frame,person_id,bbox_x,bbox_y,bbox_width,bbox_height,gaze_class,gaze_x,gaze_y,is_child
jT5WV_7EJr8_3748-4057,1,1,855.0,71.0,147.0,174.0,inside_visible,1017.349,297.108,0
jT5WV_7EJr8_3748-4057,1,2,315.0,158.0,152.0,178.0,inside_visible,728.697,407.544,1
jT5WV_7EJr8_3748-4057,1,3,59.0,198.0,208.0,186.0,inside_visible,923.363,139.544,1
jT5WV_7EJr8_3748-4057,2,1,855.0,69.25,147.0,175.75,inside_visible,1019.2417,296.3589,0
jT5WV_7EJr8_3748-4057,2,2,314.5,158.0,152.0,178.0,inside_visible,728.697,405.4833636363636,1
jT5WV_7EJr8_3748-4057,2,3,59.2,197.9636363636364,208.0,186.0,inside_visible,917.7777777777778,141.88466666666667,1
jT5WV_7EJr8_3748-4057,3,1,855.0,67.5,147.0,177.5,inside_visible,1021.1344,295.6098,0
jT5WV_7EJr8_3748-4057,3,2,314.0,158.0,152.0,178.0,inside_visible,728.697,403.4227272727273,1
jT5WV_7EJr8_3748-4057,3,3,59.4,197.92727272727276,208.0,186.0,inside_visible,912.1925555555556,144.22533333333334,1
jT5WV_7EJr8_3748-4057,4,1,855.0,65.75,147.0,179.25,inside_visible,1023.0271,294.8607,0
jT5WV_7EJr8_3748-4057,4,2,313.5,158.0,152.0,178.0,inside_visible,728.697,401.3620909090909,1
jT5WV_7EJr8_3748-4057,4,3,59.6,197.8909090909091,208.00000000000003,186.0,inside_visible,906.6073333333334,146.566,1
jT5WV_7EJr8_3748-4057,5,1,855.0,64.0,147.0,181.0,gaze_shift,1024.9198,294.1116,0
jT5WV_7EJr8_3748-4057,5,2,313.0,158.0,152.0,178.0,inside_visible,728.697,399.3014545454545,1
jT5WV_7EJr8_3748-4057,5,3,59.8,197.85454545454544,208.0,186.00000000000003,inside_visible,901.0221111111111,148.90666666666667,1
jT5WV_7EJr8_3748-4057,6,1,851.3333333333334,65.33333333333333,147.0,181.0,gaze_shift,1026.8125,293.3625,0
jT5WV_7EJr8_3748-4057,6,2,312.5,158.0,152.0,178.0,inside_visible,728.697,397.24081818181816,1
jT5WV_7EJr8_3748-4057,6,3,60.0,197.8181818181818,208.0,186.0,inside_visible,895.4368888888889,151.24733333333336,1
jT5WV_7EJr8_3748-4057,7,1,847.6666666666666,66.66666666666667,147.0,181.0,gaze_shift,1028.7052,292.6134,0
jT5WV_7EJr8_3748-4057,7,2,312.0,158.0,152.0,178.0,inside_visible,728.697,395.1801818181818,1
jT5WV_7EJr8_3748-4057,7,3,60.2,197.78181818181815,208.0,186.00000000000003,inside_visible,889.8516666666667,153.58800000000002,1
jT5WV_7EJr8_3748-4057,8,1,844.0,68.0,147.0,181.0,gaze_shift,1030.5979,291.8643,0
jT5WV_7EJr8_3748-4057,8,2,311.5,158.0,152.0,178.0,inside_visible,728.697,393.1195454545455,1
jT5WV_7EJr8_3748-4057,8,3,60.4,197.74545454545452,208.0,186.0,inside_visible,884.2664444444445,155.9286666666667,1
jT5WV_7EJr8_3748-4057,9,1,841.75,68.5,147.0,181.0,gaze_shift,1032.4906,291.1152,0
jT5WV_7EJr8_3748-4057,9,2,311.0,158.0,152.0,178.0,inside_visible,728.697,391.0589090909091,1
jT5WV_7EJr8_3748-4057,9,3,60.6,197.7090909090909,208.00000000000003,186.0,inside_visible,878.6812222222222,158.26933333333335,1
jT5WV_7EJr8_3748-4057,10,1,839.5,69.0,147.0,181.0,gaze_shift,1034.3833,290.3661,0
jT5WV_7EJr8_3748-4057,10,2,310.5,158.0,152.0,178.0,inside_visible,728.697,388.9982727272727,1
jT5WV_7EJr8_3748-4057,10,3,60.8,197.6727272727273,208.0,186.0,inside_visible,873.096,160.61,1
jT5WV_7EJr8_3748-4057,11,1,837.25,69.5,147.0,181.0,gaze_shift,1036.276,289.617,0
jT5WV_7EJr8_3748-4057,11,2,310.0,158.0,152.0,178.0,inside_visible,728.697,386.9376363636364,1
jT5WV_7EJr8_3748-4057,11,3,61.0,197.63636363636363,208.0,186.0,inside_visible,719.363,368.877,1
jT5WV_7EJr8_3748-4057,12,1,835.0,70.0,147.0,181.0,inside_visible,403.614,260.241,0
jT5WV_7EJr8_3748-4057,12,2,309.5,158.0,152.0,178.0,inside_visible,728.697,384.877,1
jT5WV_7EJr8_3748-4057,12,3,61.2,197.6,208.0,186.00000000000003,inside_visible,715.3355,379.3055,1
jT5WV_7EJr8_3748-4057,13,1,835.8,71.4,147.0,181.0,inside_visible,404.5322222222222,260.33955555555553,0
jT5WV_7EJr8_3748-4057,13,2,309.0,158.0,152.0,178.0,inside_visible,718.697,374.877,1
jT5WV_7EJr8_3748-4057,13,3,61.4,197.5636363636364,208.0,186.0,inside_visible,711.308,389.734,1
jT5WV_7EJr8_3748-4057,14,1,836.6,72.8,147.0,181.0,inside_visible,405.4504444444444,260.4381111111111,0
jT5WV_7EJr8_3748-4057,14,2,308.5,158.0,152.0,178.0,inside_visible,914.03,143.544,1
jT5WV_7EJr8_3748-4057,14,3,61.6,197.52727272727276,208.00000000000003,186.0,inside_visible,713.281,448.163,1
jT5WV_7EJr8_3748-4057,15,1,837.4,74.2,147.0,181.0,inside_visible,406.3686666666666,260.53666666666663,0
jT5WV_7EJr8_3748-4057,15,2,308.0,158.0,152.0,178.0,inside_visible,911.116,147.78583333333336,1
jT5WV_7EJr8_3748-4057,15,3,61.8,197.4909090909091,208.0,186.0,inside_visible,717.92,449.258,1
jT5WV_7EJr8_3748-4057,16,1,838.2,75.6,147.0,181.00000000000003,inside_visible,407.2868888888889,260.6352222222222,0
jT5WV_7EJr8_3748-4057,16,2,305.8,158.4,154.2,177.6,inside_visible,908.202,152.02766666666668,1
jT5WV_7EJr8_3748-4057,16,3,62.0,197.45454545454547,208.0,186.0,inside_visible,719.67,452.341,1
jT5WV_7EJr8_3748-4057,17,1,839.0,77.0,147.0,181.0,inside_visible,408.2051111111111,260.7337777777778,0
jT5WV_7EJr8_3748-4057,17,2,303.6,158.8,156.39999999999998,177.2,inside_visible,905.288,156.2695,1
jT5WV_7EJr8_3748-4057,17,3,62.2,197.4181818181818,208.0,186.00000000000003,inside_visible,721.42,455.424,1
jT5WV_7EJr8_3748-4057,18,1,846.5,81.5,147.0,181.0,inside_visible,409.1233333333333,260.83233333333334,0
jT5WV_7EJr8_3748-4057,18,2,301.4,159.2,158.60000000000002,176.8,inside_visible,902.374,160.51133333333334,1
jT5WV_7EJr8_3748-4057,18,3,62.4,197.38181818181815,208.0,186.0,inside_visible,719.42,448.091,1
jT5WV_7EJr8_3748-4057,19,1,854.0,86.0,147.0,181.0,inside_visible,410.04155555555553,260.9308888888889,0
jT5WV_7EJr8_3748-4057,19,2,299.2,159.6,160.8,176.4,inside_visible,899.46,164.7531666666667,1
jT5WV_7EJr8_3748-4057,19,3,62.6,197.34545454545452,208.00000000000003,186.00000000000003,inside_visible,719.7504328358209,447.83144776119406,1
jT5WV_7EJr8_3748-4057,20,1,858.3333333333334,88.33333333333333,147.0,181.0,inside_visible,410.9597777777778,261.02944444444444,0
jT5WV_7EJr8_3748-4057,20,2,297.0,160.0,163.0,176.0,inside_visible,896.546,168.995,1
jT5WV_7EJr8_3748-4057,20,3,62.8,197.3090909090909,208.0,186.0,inside_visible,720.0808656716417,447.5718955223881,1
jT5WV_7EJr8_3748-4057,21,1,862.6666666666666,90.66666666666669,147.0,181.0,inside_visible,411.878,261.128,0
jT5WV_7EJr8_3748-4057,21,2,296.6363636363636,160.63636363636363,163.0,176.0,inside_visible,724.077,442.348,1
jT5WV_7EJr8_3748-4057,21,3,63.0,197.27272727272728,208.0,186.0,inside_visible,720.4112985074627,447.3123432835821,1
jT5WV_7EJr8_3748-4057,22,1,867.0,93.0,147.0,181.0,inside_visible,412.7962222222222,261.22655555555554,0
jT5WV_7EJr8_3748-4057,22,2,296.27272727272725,161.27272727272728,163.0,175.99999999999997,inside_visible,722.896,443.4021666666667,1
jT5WV_7EJr8_3748-4057,22,3,63.2,197.23636363636365,208.0,186.0,inside_visible,720.7417313432835,447.05279104477614,1
jT5WV_7EJr8_3748-4057,23,1,856.0,91.0,147.0,181.0,inside_visible,413.7144444444445,261.3251111111111,0
jT5WV_7EJr8_3748-4057,23,2,295.90909090909093,161.9090909090909,163.0,176.00000000000003,inside_visible,721.715,444.45633333333336,1
jT5WV_7EJr8_3748-4057,23,3,63.4,197.2,208.0,186.0,inside_visible,721.0721641791044,446.7932388059701,1
jT5WV_7EJr8_3748-4057,24,1,860.3333333333334,88.66666666666667,147.0,181.0,inside_visible,414.6326666666666,261.42366666666663,0
jT5WV_7EJr8_3748-4057,24,2,295.54545454545456,162.54545454545453,163.0,176.00000000000003,inside_visible,720.534,445.5105,1
jT5WV_7EJr8_3748-4057,24,3,63.6,197.1636363636364,208.00000000000003,186.00000000000003,inside_visible,721.4025970149253,446.5336865671642,1
jT5WV_7EJr8_3748-4057,25,1,864.6666666666666,86.33333333333333,147.0,181.0,inside_visible,415.5508888888889,261.5222222222222,0
jT5WV_7EJr8_3748-4057,25,2,295.1818181818182,163.1818181818182,163.0,176.0,inside_visible,719.353,446.56466666666665,1
jT5WV_7EJr8_3748-4057,25,3,63.8,197.12727272727275,208.0,186.0,inside_visible,721.7330298507462,446.27413432835823,1
jT5WV_7EJr8_3748-4057,26,1,869.0,84.0,147.0,181.0,inside_visible,416.4691111111111,261.6207777777778,0
jT5WV_7EJr8_3748-4057,26,2,294.8181818181818,163.8181818181818,163.0,176.0,inside_visible,718.172,447.6188333333333,1
jT5WV_7EJr8_3748-4057,26,3,64.0,197.0909090909091,208.0,186.0,inside_visible,722.0634626865672,446.0145820895522,1
jT5WV_7EJr8_3748-4057,27,1,871.25,83.0,147.0,181.0,inside_visible,417.3873333333333,261.71933333333334,0
jT5WV_7EJr8_3748-4057,27,2,294.45454545454544,164.45454545454547,163.0,175.99999999999997,inside_visible,716.991,448.673,1
jT5WV_7EJr8_3748-4057,27,3,64.2,197.05454545454543,208.0,186.0,inside_visible,722.393895522388,445.7550298507463,1
jT5WV_7EJr8_3748-4057,28,1,873.5,82.0,147.0,181.0,inside_visible,418.30555555555554,261.8178888888889,0
jT5WV_7EJr8_3748-4057,28,2,294.09090909090907,165.0909090909091,163.0,175.99999999999997,inside_visible,717.4008108108108,448.4766351351352,1
jT5WV_7EJr8_3748-4057,28,3,64.4,197.01818181818183,208.0,186.0,inside_visible,722.7243283582089,445.4954776119403,1
jT5WV_7EJr8_3748-4057,29,1,875.75,81.0,147.0,181.0,inside_visible,419.2237777777778,261.91644444444444,0
jT5WV_7EJr8_3748-4057,29,2,293.72727272727275,165.72727272727272,163.0,176.00000000000003,inside_visible,717.8106216216216,448.2802702702703,1
jT5WV_7EJr8_3748-4057,29,3,64.6,196.98181818181817,208.00000000000003,186.00000000000003,inside_visible,723.0547611940298,445.2359253731344,1
jT5WV_7EJr8_3748-4057,30,1,878.0,80.0,147.0,181.0,inside_visible,420.142,262.015,0
jT5WV_7EJr8_3748-4057,30,2,293.3636363636364,166.36363636363637,163.0,176.0,inside_visible,718.2204324324324,448.0839054054054,1
jT5WV_7EJr8_3748-4057,30,3,64.8,196.9454545454545,208.0,186.0,inside_visible,723.3851940298507,444.9763731343284,1
jT5WV_7EJr8_3748-4057,31,1,878.0,77.66666666666667,147.0,181.0,inside_visible,419.81675,256.81025,0
jT5WV_7EJr8_3748-4057,31,2,293.0,167.0,163.0,176.0,inside_visible,718.6302432432433,447.88754054054056,1
jT5WV_7EJr8_3748-4057,31,3,65.0,196.9090909090909,208.0,186.00000000000003,inside_visible,723.7156268656717,444.7168208955224,1
jT5WV_7EJr8_3748-4057,32,1,878.0,75.33333333333333,147.0,181.0,inside_visible,419.4915,251.6055,0
jT5WV_7EJr8_3748-4057,32,2,294.125,165.875,161.875,176.25,inside_visible,719.040054054054,447.69117567567565,1
jT5WV_7EJr8_3748-4057,32,3,65.2,196.87272727272727,208.0,186.0,inside_visible,724.0460597014925,444.4572686567165,1
jT5WV_7EJr8_3748-4057,33,1,878.0,73.0,147.0,181.0,inside_visible,419.16625,246.40075,0
jT5WV_7EJr8_3748-4057,33,2,295.25,164.75,160.75,176.5,inside_visible,719.4498648648648,447.4948108108108,1
jT5WV_7EJr8_3748-4057,33,3,65.4,196.83636363636364,208.0,186.0,inside_visible,724.3764925373134,444.1977164179104,1
jT5WV_7EJr8_3748-4057,34,1,876.6,73.0,147.0,181.0,inside_visible,418.841,241.196,0
jT5WV_7EJr8_3748-4057,34,2,296.375,163.625,159.625,176.75,inside_visible,719.8596756756757,447.298445945946,1
jT5WV_7EJr8_3748-4057,34,3,65.6,196.8,208.00000000000003,186.0,inside_visible,724.7069253731343,443.9381641791045,1
jT5WV_7EJr8_3748-4057,35,1,875.2,73.0,147.0,181.0,inside_visible,741.106,442.015,0
jT5WV_7EJr8_3748-4057,35,2,297.5,162.5,158.5,177.0,inside_visible,720.2694864864865,447.1020810810811,1
jT5WV_7EJr8_3748-4057,35,3,65.8,196.76363636363635,208.0,186.0,inside_visible,725.0373582089552,443.67861194029854,1
jT5WV_7EJr8_3748-4057,36,1,873.8,73.0,147.0,181.0,inside_visible,741.3407142857143,443.248,0
jT5WV_7EJr8_3748-4057,36,2,298.625,161.375,157.375,177.25,inside_visible,720.6792972972972,446.9057162162162,1
jT5WV_7EJr8_3748-4057,36,3,66.0,196.72727272727272,208.0,186.00000000000003,inside_visible,725.367791044776,443.4190597014925,1
jT5WV_7EJr8_3748-4057,37,1,872.4,73.0,147.0,181.0,inside_visible,741.5754285714286,444.481,0
jT5WV_7EJr8_3748-4057,37,2,299.75,160.25,156.25,177.5,inside_visible,721.0891081081081,446.70935135135136,1
jT5WV_7EJr8_3748-4057,37,3,66.2,196.6909090909091,208.0,186.0,inside_visible,725.698223880597,443.1595074626866,1
jT5WV_7EJr8_3748-4057,38,1,871.0,73.0,147.0,181.0,inside_visible,741.8101428571429,445.714,0
jT5WV_7EJr8_3748-4057,38,2,300.875,159.125,155.125,177.75,inside_visible,721.4989189189189,446.5129864864865,1
jT5WV_7EJr8_3748-4057,38,3,66.4,196.65454545454543,208.0,186.0,inside_visible,726.0286567164179,442.8999552238806,1
jT5WV_7EJr8_3748-4057,39,1,869.25,73.0,148.75,181.0,inside_visible,742.0448571428572,446.947,0
jT5WV_7EJr8_3748-4057,39,2,302.0,158.0,154.0,178.0,inside_visible,721.9087297297298,446.3166216216216,1
jT5WV_7EJr8_3748-4057,39,3,66.6,196.61818181818185,208.00000000000003,186.0,inside_visible,726.3590895522387,442.6404029850746,1
jT5WV_7EJr8_3748-4057,40,1,867.5,73.0,150.5,181.0,inside_visible,742.2795714285714,448.18,0
jT5WV_7EJr8_3748-4057,40,2,303.8,158.4,154.0,177.99999999999997,inside_visible,722.3185405405405,446.1202567567568,1
jT5WV_7EJr8_3748-4057,40,3,66.8,196.5818181818182,208.0,186.0,inside_visible,726.6895223880597,442.3808507462687,1
jT5WV_7EJr8_3748-4057,41,1,865.75,73.0,152.25,181.0,inside_visible,742.5142857142857,449.413,0
jT5WV_7EJr8_3748-4057,41,2,305.6,158.8,154.0,178.0,inside_visible,722.7283513513513,445.9238918918919,1
jT5WV_7EJr8_3748-4057,41,3,67.0,196.54545454545453,208.0,186.00000000000003,inside_visible,727.0199552238805,442.1212985074627,1
jT5WV_7EJr8_3748-4057,42,1,864.0,73.0,154.0,181.0,inside_visible,742.749,450.646,0
jT5WV_7EJr8_3748-4057,42,2,307.4,159.2,154.0,178.0,inside_visible,723.1381621621622,445.727527027027,1
jT5WV_7EJr8_3748-4057,42,3,67.2,196.5090909090909,208.0,186.0,inside_visible,727.3503880597015,441.8617462686567,1
jT5WV_7EJr8_3748-4057,43,1,864.0869565217391,73.08695652173913,154.0,181.0,inside_visible,740.3995833333333,450.2845833333333,0
jT5WV_7EJr8_3748-4057,43,2,309.2,159.6,154.0,178.00000000000003,inside_visible,723.547972972973,445.53116216216216,1
jT5WV_7EJr8_3748-4057,43,3,67.4,196.47272727272727,208.0,186.00000000000003,inside_visible,727.6808208955224,441.6021940298508,1
jT5WV_7EJr8_3748-4057,44,1,864.1739130434783,73.17391304347827,154.0,181.0,inside_visible,738.0501666666667,449.9231666666667,0
jT5WV_7EJr8_3748-4057,44,2,311.0,160.0,154.0,178.0,inside_visible,723.9577837837837,445.3347972972973,1
jT5WV_7EJr8_3748-4057,44,3,67.6,196.43636363636364,208.00000000000003,186.0,inside_visible,728.0112537313432,441.3426417910448,1
jT5WV_7EJr8_3748-4057,45,1,864.2608695652174,73.26086956521739,154.0,181.0,inside_visible,735.70075,449.56175,0
jT5WV_7EJr8_3748-4057,45,2,312.8,160.4,154.0,177.99999999999997,inside_visible,724.3675945945946,445.1384324324324,1
jT5WV_7EJr8_3748-4057,45,3,67.8,196.4,208.0,186.0,inside_visible,728.3416865671642,441.0830895522389,1
jT5WV_7EJr8_3748-4057,46,1,864.3478260869565,73.34782608695652,154.0,181.0,inside_visible,733.3513333333334,449.2003333333333,0
jT5WV_7EJr8_3748-4057,46,2,314.6,160.8,154.0,178.0,inside_visible,724.7774054054054,444.9420675675676,1
jT5WV_7EJr8_3748-4057,46,3,68.0,196.3636363636364,208.0,186.0,inside_visible,728.672119402985,440.8235373134328,1
jT5WV_7EJr8_3748-4057,47,1,864.4347826086956,73.43478260869566,154.0,181.0,inside_visible,731.0019166666667,448.8389166666667,0
jT5WV_7EJr8_3748-4057,47,2,316.4,161.2,154.0,178.0,inside_visible,725.1872162162163,444.7457027027027,1
jT5WV_7EJr8_3748-4057,47,3,68.2,196.3272727272727,208.0,186.0,inside_visible,729.002552238806,440.5639850746269,1
jT5WV_7EJr8_3748-4057,48,1,864.5217391304348,73.52173913043478,154.0,181.0,inside_visible,728.6525,448.4775,0
jT5WV_7EJr8_3748-4057,48,2,318.2,161.6,154.0,178.00000000000003,inside_visible,725.597027027027,444.5493378378378,1
jT5WV_7EJr8_3748-4057,48,3,68.4,196.29090909090908,208.0,186.00000000000003,inside_visible,729.3329850746268,440.3044328358209,1
jT5WV_7EJr8_3748-4057,49,1,864.6086956521739,73.6086956521739,154.0,181.0,inside_visible,726.3030833333333,448.1160833333333,0
jT5WV_7EJr8_3748-4057,49,2,320.0,162.0,154.0,178.0,inside_visible,726.0068378378378,444.35297297297296,1
jT5WV_7EJr8_3748-4057,49,3,68.6,196.25454545454545,208.00000000000003,186.0,inside_visible,729.6634179104477,440.0448805970149,1
jT5WV_7EJr8_3748-4057,50,1,864.695652173913,73.69565217391305,154.0,181.0,inside_visible,723.9536666666667,447.7546666666667,0
jT5WV_7EJr8_3748-4057,50,2,322.1666666666667,162.0,154.0,178.0,inside_visible,726.4166486486487,444.1566081081081,1
jT5WV_7EJr8_3748-4057,50,3,68.8,196.21818181818185,208.0,186.0,inside_visible,729.9938507462687,439.785328358209,1
jT5WV_7EJr8_3748-4057,51,1,864.7826086956521,73.78260869565217,154.0,181.0,inside_visible,721.6042500000001,447.39325,0
jT5WV_7EJr8_3748-4057,51,2,324.3333333333333,162.0,154.0,178.0,inside_visible,726.8264594594594,443.96024324324327,1
jT5WV_7EJr8_3748-4057,51,3,69.0,196.1818181818182,208.0,186.0,inside_visible,730.3242835820895,439.525776119403,1
jT5WV_7EJr8_3748-4057,52,1,864.8695652173913,73.8695652173913,154.0,181.0,inside_visible,719.2548333333334,447.0318333333333,0
jT5WV_7EJr8_3748-4057,52,2,326.5,162.0,154.0,178.0,inside_visible,727.2362702702702,443.7638783783784,1
jT5WV_7EJr8_3748-4057,52,3,69.2,196.14545454545456,208.0,186.0,inside_visible,730.6547164179104,439.266223880597,1
jT5WV_7EJr8_3748-4057,53,1,864.9565217391304,73.95652173913044,154.0,181.0,inside_visible,716.9054166666667,446.6704166666667,0
jT5WV_7EJr8_3748-4057,53,2,328.6666666666667,162.0,154.0,178.0,inside_visible,727.6460810810811,443.5675135135135,1
jT5WV_7EJr8_3748-4057,53,3,69.4,196.1090909090909,208.0,186.00000000000003,inside_visible,730.9851492537313,439.0066716417911,1
jT5WV_7EJr8_3748-4057,54,1,865.0434782608696,74.04347826086956,154.0,181.0,inside_visible,714.556,446.309,0
jT5WV_7EJr8_3748-4057,54,2,330.8333333333333,162.0,154.0,178.0,inside_visible,728.0558918918919,443.3711486486487,1
jT5WV_7EJr8_3748-4057,54,3,69.6,196.0727272727273,208.00000000000003,186.0,inside_visible,731.3155820895522,438.7471194029851,1
jT5WV_7EJr8_3748-4057,55,1,865.1304347826087,74.1304347826087,154.0,181.0,inside_visible,714.8771333333334,446.3018333333334,0
jT5WV_7EJr8_3748-4057,55,2,333.0,162.0,154.0,178.0,inside_visible,728.4657027027027,443.17478378378377,1
jT5WV_7EJr8_3748-4057,55,3,69.8,196.03636363636363,208.0,186.00000000000003,inside_visible,731.6460149253732,438.4875671641791,1
jT5WV_7EJr8_3748-4057,56,1,865.2173913043479,74.21739130434783,154.0,181.0,inside_visible,715.1982666666667,446.2946666666666,0
jT5WV_7EJr8_3748-4057,56,2,334.75,162.5,154.0,178.0,inside_visible,728.8755135135135,442.9784189189189,1
jT5WV_7EJr8_3748-4057,56,3,70.0,196.0,208.0,186.0,inside_visible,731.976447761194,438.2280149253732,1
jT5WV_7EJr8_3748-4057,57,1,865.304347826087,74.30434782608695,154.0,181.0,inside_visible,715.5194,446.2875,0
jT5WV_7EJr8_3748-4057,57,2,336.5,163.0,154.0,178.0,inside_visible,729.2853243243243,442.7820540540541,1
jT5WV_7EJr8_3748-4057,57,3,69.85714285714286,196.2142857142857,208.0,186.0,inside_visible,732.3068805970149,437.9684626865672,1
jT5WV_7EJr8_3748-4057,58,1,865.3913043478261,74.3913043478261,154.0,181.0,inside_visible,715.8405333333334,446.2803333333334,0
jT5WV_7EJr8_3748-4057,58,2,338.25,163.5,154.0,178.0,inside_visible,729.6951351351352,442.5856891891892,1
jT5WV_7EJr8_3748-4057,58,3,69.71428571428571,196.42857142857144,208.0,186.00000000000003,inside_visible,732.6373134328358,437.7089104477612,1
jT5WV_7EJr8_3748-4057,59,1,865.4782608695652,74.47826086956522,154.0,181.0,inside_visible,716.1616666666667,446.27316666666667,0
jT5WV_7EJr8_3748-4057,59,2,340.0,164.0,154.0,178.0,inside_visible,730.1049459459459,442.3893243243243,1
jT5WV_7EJr8_3748-4057,59,3,69.57142857142857,196.64285714285717,208.0,186.00000000000003,inside_visible,732.9677462686567,437.4493582089552,1
jT5WV_7EJr8_3748-4057,60,1,865.5652173913044,74.56521739130434,154.0,181.0,inside_visible,716.4828,446.266,0
jT5WV_7EJr8_3748-4057,60,2,341.8181818181818,163.8181818181818,153.36363636363637,179.63636363636363,inside_visible,730.5147567567567,442.1929594594595,1
jT5WV_7EJr8_3748-4057,60,3,69.42857142857143,196.8571428571429,208.0,186.0,inside_visible,733.2981791044775,437.1898059701493,1
jT5WV_7EJr8_3748-4057,61,1,865.6521739130435,74.65217391304348,154.0,181.0,inside_visible,716.8039333333334,446.25883333333337,0
jT5WV_7EJr8_3748-4057,61,2,343.6363636363636,163.63636363636363,152.72727272727275,181.2727272727273,inside_visible,730.9245675675676,441.99659459459457,1
jT5WV_7EJr8_3748-4057,61,3,69.28571428571429,197.07142857142856,208.0,186.0,inside_visible,733.6286119402985,436.9302537313433,1
jT5WV_7EJr8_3748-4057,62,1,865.7391304347826,74.73913043478261,154.0,181.0,inside_visible,717.1250666666667,446.25166666666667,0
jT5WV_7EJr8_3748-4057,62,2,345.45454545454544,163.45454545454547,152.09090909090912,182.9090909090909,inside_visible,731.3343783783783,441.8002297297297,1
jT5WV_7EJr8_3748-4057,62,3,69.14285714285714,197.28571428571428,208.00000000000003,186.0,inside_visible,733.9590447761194,436.6707014925373,1
jT5WV_7EJr8_3748-4057,63,1,865.8260869565217,74.82608695652173,154.0,181.0,inside_visible,717.4462000000001,446.2445,0
jT5WV_7EJr8_3748-4057,63,2,347.27272727272725,163.27272727272728,151.4545454545455,184.54545454545453,inside_visible,731.7441891891892,441.6038648648649,1
jT5WV_7EJr8_3748-4057,63,3,69.0,197.5,208.0,186.0,inside_visible,734.2894776119402,436.41114925373137,1
jT5WV_7EJr8_3748-4057,64,1,865.9130434782609,74.91304347826087,154.0,181.0,inside_visible,717.7673333333333,446.23733333333337,0
jT5WV_7EJr8_3748-4057,64,2,349.09090909090907,163.0909090909091,150.81818181818187,186.18181818181816,inside_visible,732.154,441.4075,1
jT5WV_7EJr8_3748-4057,64,3,68.85714285714286,197.7142857142857,208.0,186.0,inside_visible,734.6199104477612,436.1515970149254,1
jT5WV_7EJr8_3748-4057,65,1,866.0,75.0,154.0,181.0,inside_visible,718.0884666666667,446.23016666666666,0
jT5WV_7EJr8_3748-4057,65,2,350.90909090909093,162.9090909090909,150.18181818181813,187.81818181818184,inside_visible,732.5638108108108,441.2111351351351,1
jT5WV_7EJr8_3748-4057,65,3,68.71428571428571,197.92857142857144,208.0,186.00000000000003,inside_visible,734.950343283582,435.8920447761194,1
jT5WV_7EJr8_3748-4057,66,1,866.2391304347826,75.04347826086956,154.0,181.0,inside_visible,718.4096000000001,446.223,0
jT5WV_7EJr8_3748-4057,66,2,352.72727272727275,162.72727272727272,149.5454545454545,189.45454545454547,inside_visible,732.9736216216216,441.0147702702703,1
jT5WV_7EJr8_3748-4057,66,3,68.57142857142857,198.14285714285717,208.0,186.00000000000003,inside_visible,735.280776119403,435.6324925373135,1
jT5WV_7EJr8_3748-4057,67,1,866.4782608695652,75.08695652173913,154.0,181.0,inside_visible,718.7307333333334,446.21583333333336,0
jT5WV_7EJr8_3748-4057,67,2,354.54545454545456,162.54545454545453,148.90909090909088,191.0909090909091,inside_visible,733.3834324324324,440.81840540540543,1
jT5WV_7EJr8_3748-4057,67,3,68.42857142857143,198.3571428571429,208.0,186.0,inside_visible,735.6112089552239,435.3729402985075,1
jT5WV_7EJr8_3748-4057,68,1,866.7173913043479,75.1304347826087,154.0,181.0,inside_visible,719.0518666666667,446.20866666666666,0
jT5WV_7EJr8_3748-4057,68,2,356.3636363636364,162.36363636363637,148.27272727272725,192.7272727272727,inside_visible,733.7932432432433,440.6220405405405,1
jT5WV_7EJr8_3748-4057,68,3,68.28571428571429,198.57142857142856,208.0,186.0,inside_visible,735.9416417910447,435.1133880597015,1
jT5WV_7EJr8_3748-4057,69,1,866.9565217391304,75.17391304347827,154.0,181.0,inside_visible,719.373,446.2015,0
jT5WV_7EJr8_3748-4057,69,2,358.1818181818182,162.1818181818182,147.63636363636363,194.3636363636364,inside_visible,734.2030540540541,440.4256756756757,1
jT5WV_7EJr8_3748-4057,69,3,68.14285714285714,198.78571428571428,208.00000000000003,186.0,inside_visible,736.2720746268657,434.85383582089554,1
jT5WV_7EJr8_3748-4057,70,1,867.195652173913,75.21739130434783,154.0,181.0,inside_visible,719.6941333333334,446.19433333333336,0
jT5WV_7EJr8_3748-4057,70,2,360.0,162.0,147.0,196.0,inside_visible,734.6128648648648,440.2293108108108,1
jT5WV_7EJr8_3748-4057,70,3,68.0,199.0,208.0,186.0,inside_visible,736.6025074626865,434.5942835820896,1
jT5WV_7EJr8_3748-4057,71,1,867.4347826086956,75.26086956521739,154.0,181.0,inside_visible,720.0152666666667,446.18716666666666,0
jT5WV_7EJr8_3748-4057,71,2,360.0,162.46666666666667,147.0,195.53333333333333,inside_visible,735.0226756756757,440.0329459459459,1
jT5WV_7EJr8_3748-4057,71,3,68.33333333333333,199.0,208.0,186.0,inside_visible,736.9329402985074,434.3347313432836,1
jT5WV_7EJr8_3748-4057,72,1,867.6739130434783,75.30434782608695,154.0,181.0,inside_visible,720.3364,446.18,0
jT5WV_7EJr8_3748-4057,72,2,360.0,162.93333333333334,147.0,195.06666666666663,inside_visible,735.4324864864865,439.8365810810811,1
jT5WV_7EJr8_3748-4057,72,3,68.66666666666667,199.0,208.0,186.0,inside_visible,737.2633731343283,434.0751791044776,1
jT5WV_7EJr8_3748-4057,73,1,867.9130434782609,75.34782608695652,154.0,181.0,inside_visible,720.6575333333334,446.17283333333336,0
jT5WV_7EJr8_3748-4057,73,2,360.0,163.4,147.0,194.6,inside_visible,735.8422972972973,439.6402162162162,1
jT5WV_7EJr8_3748-4057,73,3,69.0,199.0,208.0,186.0,inside_visible,737.5938059701492,433.8156268656717,1
jT5WV_7EJr8_3748-4057,74,1,868.1521739130435,75.3913043478261,154.0,181.0,inside_visible,720.9786666666668,446.16566666666665,0
jT5WV_7EJr8_3748-4057,74,2,360.0,163.86666666666667,147.0,194.13333333333333,inside_visible,736.2521081081081,439.4438513513513,1
jT5WV_7EJr8_3748-4057,74,3,69.33333333333333,199.0,208.0,186.0,inside_visible,737.9242388059702,433.55607462686567,1
jT5WV_7EJr8_3748-4057,75,1,868.3913043478261,75.43478260869566,154.0,181.0,inside_visible,721.2998,446.1585,0
jT5WV_7EJr8_3748-4057,75,2,360.0,164.33333333333334,147.0,193.66666666666663,inside_visible,736.6619189189189,439.2474864864865,1
jT5WV_7EJr8_3748-4057,75,3,69.66666666666667,199.0,208.0,186.0,inside_visible,738.254671641791,433.2965223880597,1
jT5WV_7EJr8_3748-4057,76,1,868.6304347826087,75.47826086956522,154.0,181.0,inside_visible,721.6209333333334,446.15133333333335,0
jT5WV_7EJr8_3748-4057,76,2,360.0,164.8,147.0,193.2,inside_visible,737.0717297297298,439.0511216216216,1
jT5WV_7EJr8_3748-4057,76,3,70.0,199.0,208.0,186.0,inside_visible,738.5851044776119,433.03697014925376,1
jT5WV_7EJr8_3748-4057,77,1,868.8695652173913,75.52173913043478,154.0,181.00000000000003,inside_visible,721.9420666666667,446.14416666666665,0
jT5WV_7EJr8_3748-4057,77,2,360.0,165.26666666666668,147.0,192.7333333333333,inside_visible,737.4815405405405,438.85475675675673,1
jT5WV_7EJr8_3748-4057,77,3,70.33333333333333,199.0,208.0,186.0,inside_visible,738.9155373134328,432.77741791044775,1
jT5WV_7EJr8_3748-4057,78,1,869.1086956521739,75.56521739130434,154.0,181.00000000000003,inside_visible,722.2632000000001,446.137,0
jT5WV_7EJr8_3748-4057,78,2,360.0,165.73333333333332,147.0,192.26666666666668,inside_visible,737.8913513513513,438.6583918918919,1
jT5WV_7EJr8_3748-4057,78,3,70.66666666666667,199.0,208.0,186.0,inside_visible,739.2459701492537,432.5178656716418,1
jT5WV_7EJr8_3748-4057,79,1,869.3478260869565,75.6086956521739,154.0,181.00000000000003,inside_visible,722.5843333333333,446.12983333333335,0
jT5WV_7EJr8_3748-4057,79,2,360.0,166.2,147.0,191.8,inside_visible,738.3011621621622,438.46202702702703,1
jT5WV_7EJr8_3748-4057,79,3,71.0,199.0,208.0,186.0,inside_visible,739.5764029850745,432.2583134328359,1
jT5WV_7EJr8_3748-4057,80,1,869.5869565217391,75.65217391304348,154.0,181.0,inside_visible,722.9054666666667,446.12266666666665,0
jT5WV_7EJr8_3748-4057,80,2,360.0,166.66666666666666,147.0,191.33333333333331,inside_visible,738.710972972973,438.2656621621622,1
jT5WV_7EJr8_3748-4057,80,3,70.33333333333333,198.66666666666663,208.0,186.00000000000003,inside_visible,739.9068358208955,431.9987611940299,1
jT5WV_7EJr8_3748-4057,81,1,869.8260869565217,75.69565217391305,154.0,181.0,inside_visible,723.2266000000001,446.1155,0
jT5WV_7EJr8_3748-4057,81,2,360.0,167.13333333333333,147.0,190.86666666666667,inside_visible,739.1207837837837,438.0692972972973,1
jT5WV_7EJr8_3748-4057,81,3,69.66666666666667,198.33333333333331,208.0,186.0,inside_visible,740.2372686567164,431.7392089552239,1
jT5WV_7EJr8_3748-4057,82,1,870.0652173913044,75.73913043478261,153.9999999999999,181.0,inside_visible,723.5477333333334,446.10833333333335,0
jT5WV_7EJr8_3748-4057,82,2,360.0,167.6,147.0,190.4,inside_visible,739.5305945945946,437.8729324324325,1
jT5WV_7EJr8_3748-4057,82,3,69.0,198.0,208.0,186.0,inside_visible,740.5677014925373,431.47965671641794,1
jT5WV_7EJr8_3748-4057,83,1,870.304347826087,75.78260869565217,154.0,181.0,inside_visible,723.8688666666667,446.1011666666666,0
jT5WV_7EJr8_3748-4057,83,2,360.0,168.06666666666666,147.0,189.9333333333333,inside_visible,739.9404054054054,437.6765675675676,1
jT5WV_7EJr8_3748-4057,83,3,68.33333333333333,197.66666666666663,208.0,186.00000000000003,inside_visible,740.8981343283582,431.220104477612,1
jT5WV_7EJr8_3748-4057,84,1,870.5434782608696,75.82608695652173,153.9999999999999,181.0,inside_visible,724.19,446.094,0
jT5WV_7EJr8_3748-4057,84,2,360.0,168.53333333333333,147.0,189.46666666666667,inside_visible,740.3502162162163,437.4802027027027,1
jT5WV_7EJr8_3748-4057,84,3,67.66666666666667,197.33333333333331,208.0,186.0,inside_visible,741.228567164179,430.960552238806,1
jT5WV_7EJr8_3748-4057,85,1,870.7826086956521,75.8695652173913,154.0000000000001,181.0,inside_visible,746.556,452.976,0
jT5WV_7EJr8_3748-4057,85,2,360.0,169.0,147.0,189.0,inside_visible,740.760027027027,437.2838378378378,1
jT5WV_7EJr8_3748-4057,85,3,67.0,197.0,208.0,186.0,inside_visible,741.559,430.701,1
jT5WV_7EJr8_3748-4057,86,1,871.0217391304348,75.91304347826087,154.0,181.0,inside_visible,747.2051111111111,452.5828333333333,0
jT5WV_7EJr8_3748-4057,86,2,359.55555555555554,168.11111111111111,147.0,189.5555555555556,inside_visible,741.1698378378378,437.087472972973,1
jT5WV_7EJr8_3748-4057,86,3,64.44444444444444,196.44444444444449,208.0,186.0,inside_visible,743.4161428571429,432.8438571428572,1
jT5WV_7EJr8_3748-4057,87,1,871.2608695652174,75.95652173913044,154.0000000000001,181.0,inside_visible,747.8542222222222,452.18966666666665,0
jT5WV_7EJr8_3748-4057,87,2,359.1111111111111,167.22222222222223,147.0,190.1111111111111,inside_visible,741.5796486486487,436.8911081081081,1
jT5WV_7EJr8_3748-4057,87,3,61.888888888888886,195.88888888888889,208.00000000000003,186.00000000000003,inside_visible,745.2732857142856,434.9867142857143,1
jT5WV_7EJr8_3748-4057,88,1,871.5,76.0,154.0,181.0,inside_visible,748.5033333333333,451.7965,0
jT5WV_7EJr8_3748-4057,88,2,358.6666666666667,166.33333333333334,147.0,190.66666666666663,inside_visible,741.9894594594595,436.6947432432432,1
jT5WV_7EJr8_3748-4057,88,3,59.333333333333336,195.33333333333331,208.0,186.0,inside_visible,747.1304285714285,437.12957142857147,1
jT5WV_7EJr8_3748-4057,89,1,871.7391304347826,76.04347826086956,153.9999999999999,181.0,inside_visible,749.1524444444444,451.4033333333333,0
jT5WV_7EJr8_3748-4057,89,2,358.22222222222223,165.44444444444446,147.0,191.22222222222223,inside_visible,742.3992702702702,436.4983783783784,1
jT5WV_7EJr8_3748-4057,89,3,56.77777777777778,194.77777777777777,208.0,186.0,inside_visible,748.9875714285714,439.2724285714286,1
jT5WV_7EJr8_3748-4057,90,1,871.9782608695652,76.08695652173913,154.0,181.0,inside_visible,749.8015555555556,451.0101666666667,0
jT5WV_7EJr8_3748-4057,90,2,357.77777777777777,164.55555555555554,147.0,191.77777777777777,inside_visible,742.8090810810811,436.3020135135135,1
jT5WV_7EJr8_3748-4057,90,3,54.22222222222222,194.22222222222223,208.0,186.0,inside_visible,750.8447142857143,441.41528571428574,1
jT5WV_7EJr8_3748-4057,91,1,872.2173913043479,76.1304347826087,153.9999999999999,181.0,inside_visible,750.4506666666667,450.617,0
jT5WV_7EJr8_3748-4057,91,2,357.3333333333333,163.66666666666666,147.0,192.33333333333331,inside_visible,743.2188918918919,436.10564864864864,1
jT5WV_7EJr8_3748-4057,91,3,51.66666666666667,193.66666666666663,208.0,186.00000000000003,inside_visible,752.7018571428571,443.55814285714285,1
jT5WV_7EJr8_3748-4057,92,1,872.4565217391304,76.17391304347827,154.0000000000001,181.0,inside_visible,751.0997777777778,450.22383333333335,0
jT5WV_7EJr8_3748-4057,92,2,356.8888888888889,162.77777777777777,147.0,192.8888888888889,inside_visible,743.6287027027028,435.9092837837838,1
jT5WV_7EJr8_3748-4057,92,3,49.11111111111112,193.11111111111111,208.0,186.0,inside_visible,754.559,445.701,1
jT5WV_7EJr8_3748-4057,93,1,872.695652173913,76.21739130434783,154.0,181.0,inside_visible,751.7488888888889,449.8306666666667,0
jT5WV_7EJr8_3748-4057,93,2,356.44444444444446,161.88888888888889,147.0,193.44444444444443,inside_visible,744.0385135135135,435.7129189189189,1
jT5WV_7EJr8_3748-4057,93,3,46.55555555555556,192.55555555555557,208.0,186.0,inside_visible,755.4965,445.451,1
jT5WV_7EJr8_3748-4057,94,1,872.9347826086956,76.26086956521739,154.0000000000001,181.0,inside_visible,752.398,449.4375,0
jT5WV_7EJr8_3748-4057,94,2,356.0,161.0,147.0,194.0,inside_visible,744.4483243243243,435.5165540540541,1
jT5WV_7EJr8_3748-4057,94,3,44.0,192.0,208.0,186.0,inside_visible,756.434,445.201,1
jT5WV_7EJr8_3748-4057,95,1,873.1739130434783,76.30434782608695,154.0,181.0,inside_visible,753.0471111111111,449.0443333333333,0
jT5WV_7EJr8_3748-4057,95,2,356.0,160.0,147.0,180.0,inside_visible,744.8581351351352,435.3201891891892,1
jT5WV_7EJr8_3748-4057,95,3,40.75,191.0,208.0,186.0,inside_visible,757.3715,444.951,1
jT5WV_7EJr8_3748-4057,96,1,873.4130434782609,76.34782608695652,153.9999999999999,181.0,inside_visible,753.6962222222222,448.65116666666665,0
jT5WV_7EJr8_3748-4057,96,2,355.7142857142857,159.0,147.0,180.0,inside_visible,745.2679459459459,435.1238243243244,1
jT5WV_7EJr8_3748-4057,96,3,37.5,190.0,208.0,186.0,inside_visible,758.309,444.701,1
jT5WV_7EJr8_3748-4057,97,1,873.6521739130435,76.3913043478261,154.0,181.0,inside_visible,754.3453333333333,448.258,0
jT5WV_7EJr8_3748-4057,97,2,355.42857142857144,158.0,147.0,180.0,inside_visible,745.6777567567567,434.9274594594594,1
jT5WV_7EJr8_3748-4057,97,3,34.25,189.0,208.0,186.0,inside_visible,759.2465,444.451,1
jT5WV_7EJr8_3748-4057,98,1,873.8913043478261,76.43478260869566,153.9999999999999,181.0,inside_visible,754.9944444444444,447.8648333333333,0
jT5WV_7EJr8_3748-4057,98,2,355.1428571428572,157.0,147.0,180.0,inside_visible,746.0875675675676,434.7310945945946,1
jT5WV_7EJr8_3748-4057,98,3,31.0,188.0,208.0,186.0,inside_visible,760.184,444.201,1
jT5WV_7EJr8_3748-4057,99,1,874.1304347826087,76.47826086956522,154.0,181.0,inside_visible,755.6435555555556,447.4716666666667,0
jT5WV_7EJr8_3748-4057,99,2,354.85714285714283,156.0,147.0,180.0,inside_visible,746.4973783783784,434.53472972972975,1
jT5WV_7EJr8_3748-4057,99,3,25.5,186.0,199.5,182.5,inside_visible,761.1215,443.951,1
jT5WV_7EJr8_3748-4057,100,1,874.3695652173913,76.52173913043478,154.0,181.00000000000003,inside_visible,756.2926666666667,447.0785,0
jT5WV_7EJr8_3748-4057,100,2,354.57142857142856,155.0,147.0,180.0,inside_visible,746.9071891891892,434.3383648648648,1
jT5WV_7EJr8_3748-4057,100,3,20.0,184.0,191.0,179.0,inside_visible,762.059,443.701,1
jT5WV_7EJr8_3748-4057,101,1,874.6086956521739,76.56521739130434,154.0000000000001,181.00000000000003,inside_visible,756.9417777777778,446.68533333333335,0
jT5WV_7EJr8_3748-4057,101,2,354.2857142857143,154.0,147.0,180.0,inside_visible,747.317,434.142,1
jT5WV_7EJr8_3748-4057,101,3,17.25,181.75,191.0,179.0,inside_visible,762.9965,443.451,1
jT5WV_7EJr8_3748-4057,102,1,874.8478260869565,76.6086956521739,154.0,181.00000000000003,inside_visible,757.5908888888889,446.2921666666667,0
jT5WV_7EJr8_3748-4057,102,2,354.0,153.0,147.0,180.0,inside_visible,749.961,436.811,1
jT5WV_7EJr8_3748-4057,102,3,14.5,179.5,191.0,179.0,inside_visible,763.934,443.201,1
jT5WV_7EJr8_3748-4057,103,1,875.0869565217391,76.65217391304348,154.0000000000001,181.0,inside_visible,758.24,445.899,0
jT5WV_7EJr8_3748-4057,103,2,354.16279069767444,153.0,147.0,180.0,inside_visible,752.588,432.813,1
jT5WV_7EJr8_3748-4057,103,3,11.75,177.25,191.0,179.0,inside_visible,764.8715,442.951,1
jT5WV_7EJr8_3748-4057,104,1,875.3260869565217,76.69565217391305,154.0,181.0,inside_visible,792.667,449.728,0
jT5WV_7EJr8_3748-4057,104,2,354.3255813953488,153.0,147.0,180.0,inside_visible,756.588,433.613,1
jT5WV_7EJr8_3748-4057,104,3,9.0,175.0,191.0,179.0,inside_visible,765.809,442.701,1
jT5WV_7EJr8_3748-4057,105,1,875.5652173913044,76.73913043478261,153.9999999999999,181.0,inside_visible,792.5556785714286,450.03125,0
jT5WV_7EJr8_3748-4057,105,2,354.48837209302326,153.0,147.0,180.0,inside_visible,760.588,434.413,1
jT5WV_7EJr8_3748-4057,105,3,5.5,175.0,184.5,179.0,inside_visible,766.7465,442.451,1
jT5WV_7EJr8_3748-4057,106,1,875.804347826087,76.78260869565217,154.0,181.0,inside_visible,792.4443571428571,450.3345,0
jT5WV_7EJr8_3748-4057,106,2,354.6511627906977,153.0,147.0,180.0,inside_visible,764.588,435.213,1
jT5WV_7EJr8_3748-4057,106,3,2.0,175.0,178.0,179.0,inside_visible,767.684,442.201,1
jT5WV_7EJr8_3748-4057,107,1,876.0434782608696,76.82608695652173,153.9999999999999,181.0,inside_visible,792.3330357142858,450.63775,0
jT5WV_7EJr8_3748-4057,107,2,354.8139534883721,153.0,147.0,180.0,inside_visible,768.588,436.013,1
jT5WV_7EJr8_3748-4057,107,3,2.0,175.0,173.0,178.33333333333331,inside_visible,768.6215,441.951,1
jT5WV_7EJr8_3748-4057,108,1,876.2826086956521,76.8695652173913,154.0000000000001,181.0,inside_visible,792.2217142857143,450.941,0
jT5WV_7EJr8_3748-4057,108,2,354.9767441860465,153.0,147.0,180.0,inside_visible,772.588,436.813,1
jT5WV_7EJr8_3748-4057,108,3,2.0,175.0,168.0,177.66666666666669,inside_visible,769.559,441.701,1
jT5WV_7EJr8_3748-4057,109,1,876.5217391304348,76.91304347826087,154.0,181.0,inside_visible,792.1103928571429,451.24425,0
jT5WV_7EJr8_3748-4057,109,2,355.13953488372096,153.0,147.0,180.0,inside_visible,773.7308571428571,438.1462857142857,1
jT5WV_7EJr8_3748-4057,109,3,2.0,175.0,163.0,177.0,inside_visible,775.059,441.451,1
jT5WV_7EJr8_3748-4057,110,1,876.7608695652174,76.95652173913044,154.0000000000001,181.0,inside_visible,791.9990714285715,451.5475,0
jT5WV_7EJr8_3748-4057,110,2,355.30232558139534,153.0,147.0,180.0,inside_visible,774.8737142857143,439.4795714285714,1
jT5WV_7EJr8_3748-4057,110,3,2.0,175.0,160.4,177.0,inside_visible,780.559,441.201,1
jT5WV_7EJr8_3748-4057,111,1,877.0,77.0,154.0,181.0,inside_visible,791.88775,451.85075,0
jT5WV_7EJr8_3748-4057,111,2,355.4651162790698,153.0,147.0,180.0,inside_visible,776.0165714285714,440.8128571428571,1
jT5WV_7EJr8_3748-4057,111,3,2.0,175.0,157.8,177.0,inside_visible,786.059,440.951,1
jT5WV_7EJr8_3748-4057,112,1,873.0,70.0,154.0,181.0,inside_visible,791.7764285714286,452.154,0
jT5WV_7EJr8_3748-4057,112,2,355.6279069767442,153.0,147.0,180.0,inside_visible,777.1594285714285,442.1461428571429,1
jT5WV_7EJr8_3748-4057,112,3,2.0,175.0,155.2,177.0,inside_visible,791.559,440.701,1
jT5WV_7EJr8_3748-4057,113,1,873.5384615384615,70.0,153.9999999999999,181.0,inside_visible,791.6651071428571,452.45725,0
jT5WV_7EJr8_3748-4057,113,2,355.7906976744186,153.0,147.0,180.0,inside_visible,778.3022857142856,443.47942857142857,1
jT5WV_7EJr8_3748-4057,113,3,2.0,175.0,152.6,177.0,inside_visible,792.3923333333333,440.6176666666667,1
jT5WV_7EJr8_3748-4057,114,1,874.0769230769231,70.0,154.0,181.0,inside_visible,791.5537857142857,452.7605,0
jT5WV_7EJr8_3748-4057,114,2,355.95348837209303,153.0,147.0,180.0,inside_visible,779.4451428571429,444.8127142857143,1
jT5WV_7EJr8_3748-4057,114,3,2.0,175.0,150.0,177.0,inside_visible,793.2256666666666,440.5343333333333,1
jT5WV_7EJr8_3748-4057,115,1,874.6153846153846,70.0,153.9999999999999,181.0,inside_visible,791.4424642857143,453.06375,0
jT5WV_7EJr8_3748-4057,115,2,356.1162790697674,153.0,147.0,180.0,inside_visible,780.588,446.146,1
jT5WV_7EJr8_3748-4057,115,3,2.0,175.0,150.0,178.0,inside_visible,794.059,440.451,1
jT5WV_7EJr8_3748-4057,116,1,875.1538461538462,70.0,154.0,181.0,inside_visible,791.3311428571428,453.367,0
jT5WV_7EJr8_3748-4057,116,2,356.27906976744185,153.0,147.0,180.0,inside_visible,782.6231052631579,445.93547368421054,1
jT5WV_7EJr8_3748-4057,116,3,2.0,175.0,150.0,179.0,inside_visible,1057.559,305.701,1
jT5WV_7EJr8_3748-4057,117,1,875.6923076923077,70.0,153.9999999999999,181.0,inside_visible,791.2198214285714,453.67025,0
jT5WV_7EJr8_3748-4057,117,2,356.4418604651163,153.0,147.0,180.0,inside_visible,784.6582105263158,445.72494736842106,1
jT5WV_7EJr8_3748-4057,117,3,2.0,175.0,150.0,180.0,inside_visible,1057.0597096774193,305.3174193548387,1
jT5WV_7EJr8_3748-4057,118,1,876.2307692307693,70.0,154.0,181.0,inside_visible,791.1085,453.9735,0
jT5WV_7EJr8_3748-4057,118,2,356.6046511627907,153.0,147.0,180.0,inside_visible,786.6933157894737,445.5144210526316,1
jT5WV_7EJr8_3748-4057,118,3,2.0,175.0,150.0,181.0,inside_visible,1056.5604193548386,304.93383870967745,1
jT5WV_7EJr8_3748-4057,119,1,876.7692307692307,70.0,154.0,181.0,inside_visible,790.9971785714285,454.27675,0
jT5WV_7EJr8_3748-4057,119,2,356.7674418604651,153.0,147.0,180.0,inside_visible,788.7284210526316,445.3038947368421,1
jT5WV_7EJr8_3748-4057,119,3,2.0,175.0,150.0,182.0,inside_visible,1056.061129032258,304.55025806451613,1
jT5WV_7EJr8_3748-4057,120,1,877.3076923076923,70.0,154.0000000000001,181.0,inside_visible,790.8858571428572,454.58,0
jT5WV_7EJr8_3748-4057,120,2,356.93023255813955,153.0,147.0,180.0,inside_visible,790.7635263157895,445.0933684210527,1
jT5WV_7EJr8_3748-4057,120,3,2.0,175.0,150.0,183.0,inside_visible,1055.5618387096774,304.16667741935487,1
jT5WV_7EJr8_3748-4057,121,1,877.8461538461538,70.0,154.0,181.0,inside_visible,790.7745357142857,454.88325,0
jT5WV_7EJr8_3748-4057,121,2,357.09302325581393,153.0,147.0,180.0,inside_visible,792.7986315789474,444.8828421052632,1
jT5WV_7EJr8_3748-4057,121,3,2.0,175.0,150.0,184.0,inside_visible,1055.0625483870967,303.78309677419355,1
jT5WV_7EJr8_3748-4057,122,1,878.3846153846154,70.0,154.0000000000001,181.0,inside_visible,790.6632142857143,455.1865,0
jT5WV_7EJr8_3748-4057,122,2,357.2558139534884,153.0,147.0,180.0,inside_visible,794.8337368421053,444.6723157894737,1
jT5WV_7EJr8_3748-4057,122,3,2.8,175.0,151.79999999999998,184.0,inside_visible,1054.563258064516,303.3995161290323,1
jT5WV_7EJr8_3748-4057,123,1,878.9230769230769,70.0,154.0,181.0,inside_visible,790.5518928571429,455.48975,0
jT5WV_7EJr8_3748-4057,123,2,357.4186046511628,153.0,147.0,180.0,inside_visible,796.8688421052632,444.4617894736842,1
jT5WV_7EJr8_3748-4057,123,3,3.6,175.0,153.6,184.0,inside_visible,1054.0639677419354,303.015935483871,1
jT5WV_7EJr8_3748-4057,124,1,879.4615384615385,70.0,154.0000000000001,181.0,inside_visible,790.4405714285714,455.793,0
jT5WV_7EJr8_3748-4057,124,2,357.5813953488372,153.0,147.0,180.0,inside_visible,798.9039473684211,444.2512631578948,1
jT5WV_7EJr8_3748-4057,124,3,4.4,175.0,155.4,184.0,inside_visible,1053.564677419355,302.6323548387097,1
jT5WV_7EJr8_3748-4057,125,1,880.0,70.0,154.0,181.0,inside_visible,790.32925,456.09625,0
jT5WV_7EJr8_3748-4057,125,2,357.74418604651163,153.0,147.0,180.0,inside_visible,800.9390526315789,444.0407368421053,1
jT5WV_7EJr8_3748-4057,125,3,5.2,175.0,157.20000000000002,184.0,inside_visible,1053.0653870967742,302.2487741935484,1
jT5WV_7EJr8_3748-4057,126,1,880.25,69.85714285714286,154.0,181.0,inside_visible,790.2179285714285,456.3995,0
jT5WV_7EJr8_3748-4057,126,2,357.90697674418607,153.0,147.0,180.0,inside_visible,802.9741578947368,443.8302105263158,1
jT5WV_7EJr8_3748-4057,126,3,6.0,175.0,159.0,184.0,inside_visible,1052.5660967741935,301.86519354838714,1
jT5WV_7EJr8_3748-4057,127,1,880.5,69.71428571428571,154.0,181.0,inside_visible,790.1066071428571,456.70275,0
jT5WV_7EJr8_3748-4057,127,2,358.06976744186045,153.0,147.0,180.0,inside_visible,805.0092631578947,443.6196842105263,1
jT5WV_7EJr8_3748-4057,127,3,6.0,175.0,167.0,187.0,inside_visible,1052.0668064516128,301.4816129032258,1
jT5WV_7EJr8_3748-4057,128,1,880.75,69.57142857142857,154.0,181.0,inside_visible,789.9952857142857,457.006,0
jT5WV_7EJr8_3748-4057,128,2,358.2325581395349,153.0,147.0,180.0,inside_visible,807.0443684210526,443.4091578947368,1
jT5WV_7EJr8_3748-4057,128,3,6.0,175.0,175.0,190.0,inside_visible,1051.567516129032,301.0980322580645,1
jT5WV_7EJr8_3748-4057,129,1,881.0,69.42857142857143,154.0,181.0,inside_visible,789.8839642857142,457.30925,0
jT5WV_7EJr8_3748-4057,129,2,358.3953488372093,153.0,147.0,180.0,inside_visible,809.0794736842105,443.19863157894736,1
jT5WV_7EJr8_3748-4057,129,3,6.0,175.0,183.0,193.0,inside_visible,1051.0682258064517,300.71445161290325,1
jT5WV_7EJr8_3748-4057,130,1,881.25,69.28571428571429,154.0,181.0,inside_visible,789.7726428571428,457.6125,0
jT5WV_7EJr8_3748-4057,130,2,358.5581395348837,153.0,147.0,180.0,inside_visible,811.1145789473684,442.98810526315793,1
jT5WV_7EJr8_3748-4057,130,3,6.0,175.0,186.5,193.0,inside_visible,1050.568935483871,300.330870967742,1
jT5WV_7EJr8_3748-4057,131,1,881.5,69.14285714285714,154.0,181.0,inside_visible,789.6613214285713,457.91575,0
jT5WV_7EJr8_3748-4057,131,2,358.72093023255815,153.0,147.0,180.0,inside_visible,813.1496842105263,442.77757894736845,1
jT5WV_7EJr8_3748-4057,131,3,6.0,175.0,190.0,193.0,inside_visible,1050.0696451612905,299.94729032258067,1
jT5WV_7EJr8_3748-4057,132,1,881.75,69.0,154.0,181.0,inside_visible,789.55,458.219,0
jT5WV_7EJr8_3748-4057,132,2,358.8837209302326,153.0,147.0,180.0,inside_visible,815.1847894736842,442.567052631579,1
jT5WV_7EJr8_3748-4057,132,3,5.2,172.8,190.0,193.0,inside_visible,1049.5703548387096,299.5637096774193,1
jT5WV_7EJr8_3748-4057,133,1,882.0,68.85714285714286,154.0,181.0,inside_visible,819.82,458.522,0
jT5WV_7EJr8_3748-4057,133,2,359.04651162790697,153.0,147.0,180.0,inside_visible,817.2198947368421,442.3565263157895,1
jT5WV_7EJr8_3748-4057,133,3,4.4,170.6,190.0,193.00000000000003,inside_visible,1049.071064516129,299.1801290322581,1
jT5WV_7EJr8_3748-4057,134,1,882.25,68.71428571428571,154.0,181.0,inside_visible,820.0934347826087,458.34639130434783,0
jT5WV_7EJr8_3748-4057,134,2,359.2093023255814,153.0,147.0,180.0,inside_visible,819.255,442.146,1
jT5WV_7EJr8_3748-4057,134,3,3.6,168.4,190.0,193.0,inside_visible,1048.5717741935482,298.7965483870968,1
jT5WV_7EJr8_3748-4057,135,1,882.5,68.57142857142857,154.0,181.0,inside_visible,820.3668695652175,458.1707826086956,0
jT5WV_7EJr8_3748-4057,135,2,359.37209302325584,153.0,147.0,180.0,inside_visible,819.8865789473684,442.42668421052633,1
jT5WV_7EJr8_3748-4057,135,3,2.8,166.2,190.0,193.0,inside_visible,1048.0724838709675,298.4129677419355,1
jT5WV_7EJr8_3748-4057,136,1,882.75,68.42857142857143,154.0,181.0,inside_visible,820.6403043478261,457.99517391304346,0
jT5WV_7EJr8_3748-4057,136,2,359.5348837209302,153.0,147.0,180.0,inside_visible,820.5181578947369,442.7073684210527,1
jT5WV_7EJr8_3748-4057,136,3,2.0,164.0,190.0,193.0,inside_visible,1047.573193548387,298.0293870967742,1
jT5WV_7EJr8_3748-4057,137,1,883.0,68.28571428571429,154.0,181.0,inside_visible,820.9137391304348,457.8195652173913,0
jT5WV_7EJr8_3748-4057,137,2,359.69767441860466,153.0,147.0,180.0,inside_visible,821.1497368421053,442.98805263157897,1
jT5WV_7EJr8_3748-4057,137,3,2.0,164.0,189.0,195.25,inside_visible,1047.0739032258064,297.6458064516129,1
jT5WV_7EJr8_3748-4057,138,1,883.25,68.14285714285714,154.0,181.0,inside_visible,821.1871739130436,457.6439565217392,0
jT5WV_7EJr8_3748-4057,138,2,359.86046511627904,153.0,147.0,180.0,inside_visible,821.7813157894736,443.2687368421053,1
jT5WV_7EJr8_3748-4057,138,3,2.0,164.0,188.0,197.5,inside_visible,1046.5746129032257,297.2622258064516,1
jT5WV_7EJr8_3748-4057,139,1,883.5,68.0,154.0,181.0,inside_visible,821.4606086956522,457.4683478260869,0
jT5WV_7EJr8_3748-4057,139,2,360.0232558139535,153.0,147.0,180.0,inside_visible,822.4128947368421,443.5494210526316,1
jT5WV_7EJr8_3748-4057,139,3,2.0,164.0,187.0,199.75,inside_visible,1046.075322580645,296.8786451612903,1
jT5WV_7EJr8_3748-4057,140,1,883.75,67.85714285714286,154.0,181.0,inside_visible,821.7340434782609,457.2927391304348,0
jT5WV_7EJr8_3748-4057,140,2,360.1860465116279,153.0,147.0,180.0,inside_visible,823.0444736842105,443.8301052631579,1
jT5WV_7EJr8_3748-4057,140,3,2.0,164.0,186.0,202.0,inside_visible,1045.5760322580643,296.49506451612905,1
jT5WV_7EJr8_3748-4057,141,1,884.0,67.71428571428571,154.0,181.0,inside_visible,822.0074782608696,457.1171304347826,0
jT5WV_7EJr8_3748-4057,141,2,360.3488372093023,153.0,147.0,180.0,inside_visible,823.676052631579,444.1107894736842,1
jT5WV_7EJr8_3748-4057,141,3,1.3333333333333337,165.33333333333334,179.33333333333331,206.33333333333331,inside_visible,1045.0767419354838,296.11148387096773,1
jT5WV_7EJr8_3748-4057,142,1,884.25,67.57142857142857,154.0,181.0,inside_visible,822.2809130434783,456.9415217391305,0
jT5WV_7EJr8_3748-4057,142,2,360.5116279069768,153.0,147.0,180.0,inside_visible,824.3076315789474,444.39147368421055,1
jT5WV_7EJr8_3748-4057,142,3,0.6666666666666667,166.66666666666666,172.66666666666669,210.66666666666663,inside_visible,1044.5774516129031,295.7279032258065,1
jT5WV_7EJr8_3748-4057,143,1,884.5,67.42857142857143,154.0,181.0,inside_visible,822.554347826087,456.76591304347824,0
jT5WV_7EJr8_3748-4057,143,2,360.6744186046512,153.0,147.0,180.0,inside_visible,824.9392105263158,444.67215789473687,1
jT5WV_7EJr8_3748-4057,143,3,0.0,168.0,166.0,215.0,inside_visible,1044.0781612903224,295.3443225806452,1
jT5WV_7EJr8_3748-4057,144,1,884.75,67.28571428571429,154.0,181.0,inside_visible,822.8277826086957,456.5903043478261,0
jT5WV_7EJr8_3748-4057,144,2,360.8372093023256,153.0,147.0,180.0,inside_visible,825.5707894736842,444.95284210526313,1
jT5WV_7EJr8_3748-4057,144,3,0.25,166.375,166.0,215.0,inside_visible,1043.5788709677418,294.9607419354839,1
jT5WV_7EJr8_3748-4057,145,1,885.0,67.14285714285714,154.0,181.0,inside_visible,823.1012173913044,456.4146956521739,0
jT5WV_7EJr8_3748-4057,145,2,361.0,153.0,147.0,180.0,inside_visible,826.2023684210526,445.2335263157895,1
jT5WV_7EJr8_3748-4057,145,3,0.5,164.75,166.0,215.0,inside_visible,1043.0795806451613,294.5771612903226,1
jT5WV_7EJr8_3748-4057,146,1,885.25,67.0,154.0,181.0,inside_visible,823.3746521739131,456.23908695652176,0
jT5WV_7EJr8_3748-4057,146,2,360.94545454545454,152.98181818181817,147.0,180.0848484848485,inside_visible,826.833947368421,445.51421052631576,1
jT5WV_7EJr8_3748-4057,146,3,0.75,163.125,166.0,215.0,inside_visible,1042.5802903225806,294.1935806451613,1
jT5WV_7EJr8_3748-4057,147,1,885.5,66.85714285714286,154.0,181.0,inside_visible,823.6480869565218,456.0634782608696,0
jT5WV_7EJr8_3748-4057,147,2,360.8909090909091,152.96363636363637,147.0,180.16969696969696,inside_visible,827.4655263157895,445.7948947368421,1
jT5WV_7EJr8_3748-4057,147,3,1.0,161.5,166.0,215.0,inside_visible,1042.081,293.81,1
jT5WV_7EJr8_3748-4057,148,1,885.75,66.71428571428571,154.0,181.0,inside_visible,823.9215217391305,455.8878695652174,0
jT5WV_7EJr8_3748-4057,148,2,360.8363636363636,152.94545454545454,147.0,180.25454545454545,inside_visible,828.0971052631579,446.0755789473684,1
jT5WV_7EJr8_3748-4057,148,3,1.25,159.875,166.0,215.0,inside_visible,941.453,159.233,1
jT5WV_7EJr8_3748-4057,149,1,886.0,66.57142857142857,154.0,181.0,inside_visible,824.1949565217392,455.7122608695652,0
jT5WV_7EJr8_3748-4057,149,2,360.7818181818182,152.92727272727274,147.0,180.33939393939391,inside_visible,828.7286842105264,446.3562631578947,1
jT5WV_7EJr8_3748-4057,149,3,1.5,158.25,166.0,215.0,inside_visible,940.6312857142856,158.78757142857145,1
jT5WV_7EJr8_3748-4057,150,1,886.25,66.42857142857143,154.0,181.0,inside_visible,824.4683913043478,455.536652173913,0
jT5WV_7EJr8_3748-4057,150,2,360.7272727272728,152.9090909090909,147.0,180.4242424242424,inside_visible,829.3602631578947,446.636947368421,1
jT5WV_7EJr8_3748-4057,150,3,1.75,156.625,166.0,215.0,inside_visible,939.8095714285714,158.34214285714287,1
jT5WV_7EJr8_3748-4057,151,1,886.5,66.28571428571429,154.0,181.0,inside_visible,824.7418260869565,455.36104347826085,0
jT5WV_7EJr8_3748-4057,151,2,360.6727272727273,152.8909090909091,147.0,180.50909090909087,inside_visible,829.9918421052631,446.91763157894735,1
jT5WV_7EJr8_3748-4057,151,3,2.0,155.0,166.0,215.0,inside_visible,938.9878571428573,157.8967142857143,1
jT5WV_7EJr8_3748-4057,152,1,886.75,66.14285714285714,154.0,181.0,inside_visible,825.0152608695653,455.1854347826087,0
jT5WV_7EJr8_3748-4057,152,2,360.6181818181818,152.87272727272727,147.0,180.59393939393937,inside_visible,830.6234210526316,447.19831578947367,1
jT5WV_7EJr8_3748-4057,152,3,2.0,155.0,165.75,212.25,inside_visible,938.1661428571427,157.45128571428572,1
jT5WV_7EJr8_3748-4057,153,1,887.0,66.0,154.0,181.0,inside_visible,825.2886956521739,455.0098260869565,0
jT5WV_7EJr8_3748-4057,153,2,360.5636363636364,152.85454545454544,147.0,180.67878787878792,inside_visible,831.255,447.479,1
jT5WV_7EJr8_3748-4057,153,3,2.0,155.0,165.5,209.5,inside_visible,937.3444285714286,157.00585714285714,1
jT5WV_7EJr8_3748-4057,154,1,886.7027027027027,66.10810810810811,154.0,181.0,inside_visible,825.5621304347826,454.8342173913044,0
jT5WV_7EJr8_3748-4057,154,2,360.5090909090909,152.83636363636364,147.0,180.7636363636364,inside_visible,837.1216,447.479,1
jT5WV_7EJr8_3748-4057,154,3,2.0,155.0,165.25,206.75,inside_visible,936.5227142857144,156.5604285714286,1
jT5WV_7EJr8_3748-4057,155,1,886.4054054054054,66.21621621621621,154.0,181.0,inside_visible,825.8355652173914,454.65860869565216,0
jT5WV_7EJr8_3748-4057,155,2,360.45454545454544,152.8181818181818,147.0,180.84848484848487,inside_visible,842.9882,447.479,1
jT5WV_7EJr8_3748-4057,155,3,2.0,155.0,165.0,204.0,inside_visible,935.701,156.115,1
jT5WV_7EJr8_3748-4057,156,1,886.1081081081081,66.32432432432432,154.0,181.0,inside_visible,826.109,454.483,0
jT5WV_7EJr8_3748-4057,156,2,360.4,152.8,147.0,180.9333333333333,inside_visible,848.8548,447.479,1
jT5WV_7EJr8_3748-4057,156,3,2.0,155.0,164.75,201.25,inside_visible,934.8792857142856,155.66957142857143,1
jT5WV_7EJr8_3748-4057,157,1,885.8108108108108,66.43243243243244,154.0,181.0,inside_visible,858.382,458.481,0
jT5WV_7EJr8_3748-4057,157,2,360.3454545454546,152.78181818181818,147.0,181.01818181818183,inside_visible,854.7214,447.479,1
jT5WV_7EJr8_3748-4057,157,3,2.0,155.0,164.5,198.5,inside_visible,934.0575714285714,155.22414285714288,1
jT5WV_7EJr8_3748-4057,158,1,885.5135135135135,66.54054054054055,154.0,181.0,inside_visible,857.9574166666666,458.97625,0
jT5WV_7EJr8_3748-4057,158,2,360.2909090909091,152.76363636363635,147.0,181.10303030303032,inside_visible,860.588,447.479,1
jT5WV_7EJr8_3748-4057,158,3,2.0,155.0,164.25,195.75,inside_visible,933.2358571428572,154.7787142857143,1
jT5WV_7EJr8_3748-4057,159,1,885.2162162162163,66.64864864864865,154.0,181.0,inside_visible,857.5328333333333,459.4715,0
jT5WV_7EJr8_3748-4057,159,2,360.23636363636365,152.74545454545455,147.0,181.1878787878788,inside_visible,860.6406666666667,447.0667222222222,1
jT5WV_7EJr8_3748-4057,159,3,2.0,155.0,164.0,193.0,inside_visible,932.4141428571428,154.33328571428572,1
jT5WV_7EJr8_3748-4057,160,1,884.918918918919,66.75675675675676,154.0,181.0,inside_visible,857.10825,459.96675,0
jT5WV_7EJr8_3748-4057,160,2,360.1818181818182,152.72727272727272,147.0,181.27272727272728,inside_visible,860.6933333333333,446.6544444444445,1
jT5WV_7EJr8_3748-4057,160,3,2.0,156.83333333333334,164.0,193.0,inside_visible,931.5924285714284,153.88785714285714,1
jT5WV_7EJr8_3748-4057,161,1,884.6216216216217,66.86486486486487,154.0,181.0,inside_visible,856.6836666666667,460.462,0
jT5WV_7EJr8_3748-4057,161,2,360.1272727272727,152.70909090909092,147.0,181.35757575757572,inside_visible,860.746,446.24216666666666,1
jT5WV_7EJr8_3748-4057,161,3,2.0,158.66666666666666,164.0,193.00000000000003,inside_visible,930.7707142857142,153.4424285714286,1
jT5WV_7EJr8_3748-4057,162,1,884.3243243243244,66.97297297297297,154.0,181.0,inside_visible,856.2590833333334,460.95725,0
jT5WV_7EJr8_3748-4057,162,2,360.07272727272726,152.6909090909091,147.0,181.44242424242424,inside_visible,860.7986666666666,445.8298888888889,1
jT5WV_7EJr8_3748-4057,162,3,2.0,160.5,164.0,193.0,inside_visible,929.949,152.997,1
jT5WV_7EJr8_3748-4057,163,1,884.027027027027,67.08108108108108,154.0000000000001,181.0,inside_visible,855.8344999999999,461.4525,0
jT5WV_7EJr8_3748-4057,163,2,360.0181818181818,152.6727272727273,147.0,181.5272727272727,inside_visible,860.8513333333333,445.4176111111111,1
jT5WV_7EJr8_3748-4057,163,3,2.0,162.33333333333334,164.0,193.0,inside_visible,863.77,454.694,1
jT5WV_7EJr8_3748-4057,164,1,883.7297297297297,67.1891891891892,154.0000000000001,181.0,inside_visible,855.4099166666666,461.94775,0
jT5WV_7EJr8_3748-4057,164,2,359.96363636363634,152.65454545454546,147.0,181.6121212121212,inside_visible,860.904,445.0053333333333,1
jT5WV_7EJr8_3748-4057,164,3,2.0,164.16666666666666,164.0,193.00000000000003,inside_visible,863.6202,454.6416,1
jT5WV_7EJr8_3748-4057,165,1,883.4324324324324,67.29729729729729,154.0000000000001,181.0,inside_visible,854.9853333333333,462.443,0
jT5WV_7EJr8_3748-4057,165,2,359.90909090909093,152.63636363636363,147.0,181.6969696969697,inside_visible,860.9566666666666,444.5930555555556,1
jT5WV_7EJr8_3748-4057,165,3,2.0,166.0,164.0,193.0,inside_visible,863.4704,454.5892,1
jT5WV_7EJr8_3748-4057,166,1,883.1351351351351,67.4054054054054,154.0000000000001,181.0,inside_visible,854.56075,462.93825,0
jT5WV_7EJr8_3748-4057,166,2,359.8545454545455,152.61818181818182,147.0,181.78181818181812,inside_visible,861.0093333333333,444.1807777777778,1
jT5WV_7EJr8_3748-4057,166,3,1.5,167.75,171.5,193.0,inside_visible,863.3206,454.5368,1
jT5WV_7EJr8_3748-4057,167,1,882.8378378378378,67.51351351351352,154.0000000000001,181.0,inside_visible,854.1361666666667,463.4335,0
jT5WV_7EJr8_3748-4057,167,2,359.8,152.6,147.0,181.86666666666665,inside_visible,861.0619999999999,443.7685,1
jT5WV_7EJr8_3748-4057,167,3,1.0,169.5,179.0,193.0,inside_visible,863.1708,454.4844,1
jT5WV_7EJr8_3748-4057,168,1,882.5405405405405,67.62162162162163,154.0000000000001,181.0,inside_visible,853.7115833333334,463.92875,0
jT5WV_7EJr8_3748-4057,168,2,359.7454545454545,152.5818181818182,147.0,181.9515151515152,inside_visible,861.1146666666666,443.3562222222222,1
jT5WV_7EJr8_3748-4057,168,3,0.5,171.25,186.5,193.0,inside_visible,863.021,454.432,1
jT5WV_7EJr8_3748-4057,169,1,882.2432432432432,67.72972972972973,154.0000000000001,181.0,inside_visible,853.287,464.424,0
jT5WV_7EJr8_3748-4057,169,2,359.6909090909091,152.56363636363636,147.0,182.0363636363637,inside_visible,861.1673333333333,442.9439444444444,1
jT5WV_7EJr8_3748-4057,169,3,0.0,173.0,194.0,193.0,inside_visible,862.8712,454.3796,1
jT5WV_7EJr8_3748-4057,170,1,881.9459459459459,67.83783783783784,154.0000000000001,181.0,inside_visible,750.307,446.141,0
jT5WV_7EJr8_3748-4057,170,2,359.6363636363636,152.54545454545453,147.0,182.12121212121212,inside_visible,861.2199999999999,442.5316666666666,1
jT5WV_7EJr8_3748-4057,170,3,3.0,172.33333333333334,194.0,193.0,inside_visible,862.7214,454.3272,1
jT5WV_7EJr8_3748-4057,171,1,881.6486486486486,67.94594594594595,154.0000000000001,181.0,inside_visible,749.9445294117647,446.0362941176471,0
jT5WV_7EJr8_3748-4057,171,2,359.58181818181816,152.52727272727273,147.0,182.20606060606065,inside_visible,861.2726666666666,442.11938888888886,1
jT5WV_7EJr8_3748-4057,171,3,6.0,171.66666666666666,194.0,193.00000000000003,inside_visible,862.5716,454.2748,1
jT5WV_7EJr8_3748-4057,172,1,881.3513513513514,68.05405405405405,153.9999999999999,181.0,inside_visible,749.5820588235295,445.93158823529416,0
jT5WV_7EJr8_3748-4057,172,2,359.5272727272727,152.5090909090909,147.0,182.2909090909091,inside_visible,861.3253333333333,441.7071111111111,1
jT5WV_7EJr8_3748-4057,172,3,9.0,171.0,194.0,193.0,inside_visible,862.4218000000001,454.2224,1
jT5WV_7EJr8_3748-4057,173,1,881.0540540540541,68.16216216216216,153.9999999999999,181.0,inside_visible,749.2195882352942,445.8268823529412,0
jT5WV_7EJr8_3748-4057,173,2,359.4727272727273,152.4909090909091,147.0,182.3757575757576,inside_visible,861.3779999999999,441.2948333333333,1
jT5WV_7EJr8_3748-4057,173,3,11.666666666666666,170.22222222222223,194.0,193.0,inside_visible,862.272,454.17,1
jT5WV_7EJr8_3748-4057,174,1,880.7567567567568,68.27027027027027,153.9999999999999,181.0,inside_visible,748.8571176470589,445.7221764705882,0
jT5WV_7EJr8_3748-4057,174,2,359.41818181818184,152.47272727272727,147.0,182.46060606060607,inside_visible,861.4306666666666,440.88255555555554,1
jT5WV_7EJr8_3748-4057,174,3,14.333333333333332,169.44444444444446,194.0,193.0,inside_visible,859.772,446.67,1
jT5WV_7EJr8_3748-4057,175,1,880.4594594594595,68.37837837837837,153.9999999999999,181.0,inside_visible,748.4946470588235,445.6174705882353,0
jT5WV_7EJr8_3748-4057,175,2,359.3636363636364,152.45454545454547,147.0,182.54545454545453,inside_visible,861.4833333333332,440.47027777777777,1
jT5WV_7EJr8_3748-4057,175,3,17.0,168.66666666666666,194.0,193.00000000000003,inside_visible,857.272,439.17,1
jT5WV_7EJr8_3748-4057,176,1,880.1621621621622,68.48648648648648,153.9999999999999,181.0,inside_visible,748.1321764705882,445.5127647058824,0
jT5WV_7EJr8_3748-4057,176,2,359.3090909090909,152.43636363636364,147.0,182.63030303030305,inside_visible,861.536,440.058,1
jT5WV_7EJr8_3748-4057,176,3,19.666666666666664,167.88888888888889,194.0,193.00000000000003,inside_visible,854.772,431.67,1
jT5WV_7EJr8_3748-4057,177,1,879.8648648648649,68.5945945945946,153.9999999999999,181.0,inside_visible,747.7697058823529,445.4080588235294,0
jT5WV_7EJr8_3748-4057,177,2,359.25454545454545,152.4181818181818,147.0,182.71515151515152,inside_visible,855.255,430.146,1
jT5WV_7EJr8_3748-4057,177,3,22.333333333333336,167.11111111111111,194.0,193.0,inside_visible,852.272,424.17,1
jT5WV_7EJr8_3748-4057,178,1,879.5675675675676,68.70270270270271,153.9999999999999,181.0,inside_visible,747.4072352941176,445.30335294117646,0
jT5WV_7EJr8_3748-4057,178,2,359.2,152.4,147.0,182.8,inside_visible,845.255,422.146,1
jT5WV_7EJr8_3748-4057,178,3,25.0,166.33333333333334,194.0,193.0,inside_visible,843.772,413.67,1
jT5WV_7EJr8_3748-4057,179,1,879.2702702702703,68.8108108108108,153.9999999999999,181.0,inside_visible,747.0447647058824,445.1986470588236,0
jT5WV_7EJr8_3748-4057,179,2,359.1454545454545,152.38181818181818,147.0,182.88484848484848,inside_visible,835.255,414.146,1
jT5WV_7EJr8_3748-4057,179,3,27.666666666666668,165.55555555555554,194.0,193.0,inside_visible,835.272,403.17,1
jT5WV_7EJr8_3748-4057,180,1,878.972972972973,68.91891891891892,153.9999999999999,181.0,inside_visible,746.6822941176471,445.0939411764706,0
jT5WV_7EJr8_3748-4057,180,2,359.09090909090907,152.36363636363637,147.0,182.9696969696969,inside_visible,812.588,398.146,1
jT5WV_7EJr8_3748-4057,180,3,30.33333333333333,164.77777777777777,194.0,193.0,inside_visible,820.272,397.17,1
jT5WV_7EJr8_3748-4057,181,1,878.6756756756756,69.02702702702703,154.0,181.0,inside_visible,746.3198235294118,444.9892352941176,0
jT5WV_7EJr8_3748-4057,181,2,359.03636363636366,152.34545454545454,147.0,183.05454545454543,inside_visible,803.699,397.257,1
jT5WV_7EJr8_3748-4057,181,3,33.0,164.0,194.0,193.0,inside_visible,805.272,391.17,1
jT5WV_7EJr8_3748-4057,182,1,878.3783783783783,69.13513513513513,154.0,181.0,inside_visible,745.9573529411765,444.88452941176473,0
jT5WV_7EJr8_3748-4057,182,2,358.9818181818182,152.3272727272727,147.0,183.13939393939395,inside_visible,794.8100000000001,396.368,1
jT5WV_7EJr8_3748-4057,182,3,30.0,163.6,194.0,193.00000000000003,inside_visible,788.272,389.17,1
jT5WV_7EJr8_3748-4057,183,1,878.081081081081,69.24324324324324,154.0,181.0,inside_visible,745.5948823529411,444.7798235294118,0
jT5WV_7EJr8_3748-4057,183,2,358.92727272727274,152.3090909090909,147.0,183.22424242424245,inside_visible,785.921,395.479,1
jT5WV_7EJr8_3748-4057,183,3,27.0,163.2,194.0,193.0,inside_visible,772.272,389.17,1
jT5WV_7EJr8_3748-4057,184,1,877.7837837837837,69.35135135135135,154.0,181.0,inside_visible,745.2324117647058,444.6751176470588,0
jT5WV_7EJr8_3748-4057,184,2,358.8727272727273,152.29090909090908,147.0,183.3090909090909,inside_visible,760.588,402.812,1
jT5WV_7EJr8_3748-4057,184,3,24.0,162.8,194.0,193.0,inside_visible,764.272,394.67,1
jT5WV_7EJr8_3748-4057,185,1,877.4864864864865,69.45945945945945,154.0,181.0,inside_visible,744.8699411764705,444.57041176470585,0
jT5WV_7EJr8_3748-4057,185,2,358.8181818181818,152.27272727272728,147.0,183.3939393939394,inside_visible,750.255,414.145,1
jT5WV_7EJr8_3748-4057,185,3,21.0,162.4,194.0,193.0,inside_visible,756.272,400.17,1
jT5WV_7EJr8_3748-4057,186,1,877.1891891891892,69.56756756756756,154.0,181.0,inside_visible,744.5074705882353,444.46570588235295,0
jT5WV_7EJr8_3748-4057,186,2,358.76363636363635,152.25454545454545,147.0,183.4787878787879,inside_visible,757.921,399.479,1
jT5WV_7EJr8_3748-4057,186,3,18.0,162.0,194.0,193.0,inside_visible,751.6053333333334,410.5033333333333,1
jT5WV_7EJr8_3748-4057,187,1,876.8918918918919,69.67567567567568,154.0,181.0,inside_visible,744.145,444.361,0
jT5WV_7EJr8_3748-4057,187,2,358.7090909090909,152.23636363636365,147.0,183.5636363636364,inside_visible,752.2545,408.368,1
jT5WV_7EJr8_3748-4057,187,3,16.125,163.125,192.125,193.0,inside_visible,746.9386666666667,420.8366666666667,1
jT5WV_7EJr8_3748-4057,188,1,876.5945945945946,69.78378378378379,154.0,181.0,inside_visible,744.5799,444.54195,0
jT5WV_7EJr8_3748-4057,188,2,358.6545454545454,152.21818181818182,147.0,183.64848484848488,inside_visible,746.588,417.257,1
jT5WV_7EJr8_3748-4057,188,3,14.25,164.25,190.25,193.0,inside_visible,742.272,431.17,1
jT5WV_7EJr8_3748-4057,189,1,876.2972972972973,69.89189189189189,154.0,181.0,inside_visible,745.0147999999999,444.7229,0
jT5WV_7EJr8_3748-4057,189,2,358.6,152.2,147.0,183.73333333333332,inside_visible,749.921,414.146,1
jT5WV_7EJr8_3748-4057,189,3,12.375,165.375,188.375,193.0,inside_visible,743.8806956521739,430.8656521739131,1
jT5WV_7EJr8_3748-4057,190,1,876.0,70.0,154.0,181.0,inside_visible,745.4497,444.90385,0
jT5WV_7EJr8_3748-4057,190,2,358.54545454545456,152.1818181818182,147.0,183.8181818181818,inside_visible,747.921,421.4795,1
jT5WV_7EJr8_3748-4057,190,3,10.5,166.5,186.5,193.0,inside_visible,745.4893913043479,430.5613043478261,1
jT5WV_7EJr8_3748-4057,191,1,873.0,68.66666666666667,154.0,181.0,inside_visible,745.8846,445.0848,0
jT5WV_7EJr8_3748-4057,191,2,358.4909090909091,152.16363636363636,147.0,183.9030303030303,inside_visible,745.921,428.813,1
jT5WV_7EJr8_3748-4057,191,3,8.625,167.625,184.625,193.0,inside_visible,747.0980869565218,430.2569565217392,1
jT5WV_7EJr8_3748-4057,192,1,870.0,67.33333333333333,154.0,181.0,inside_visible,746.3195,445.26575,0
jT5WV_7EJr8_3748-4057,192,2,358.43636363636364,152.14545454545456,147.0,183.9878787878788,inside_visible,746.6389230769231,428.4027692307692,1
jT5WV_7EJr8_3748-4057,192,3,6.75,168.75,182.75,193.0,inside_visible,748.7067826086957,429.9526086956522,1
jT5WV_7EJr8_3748-4057,193,1,867.0,66.0,154.0,181.0,inside_visible,746.7544,445.4467,0
jT5WV_7EJr8_3748-4057,193,2,358.3818181818182,152.12727272727273,147.0,184.0727272727273,inside_visible,747.3568461538462,427.99253846153846,1
jT5WV_7EJr8_3748-4057,193,3,4.875,169.875,180.875,193.0,inside_visible,750.3154782608697,429.6482608695652,1
jT5WV_7EJr8_3748-4057,194,1,867.75,65.66666666666667,154.0,181.0,inside_visible,747.1893,445.62765,0
jT5WV_7EJr8_3748-4057,194,2,358.3272727272727,152.1090909090909,147.0,184.15757575757576,inside_visible,748.0747692307692,427.58230769230767,1
jT5WV_7EJr8_3748-4057,194,3,3.0,171.0,179.0,193.0,inside_visible,751.9241739130435,429.3439130434783,1
jT5WV_7EJr8_3748-4057,195,1,868.5,65.33333333333333,154.0,181.0,inside_visible,747.6242,445.8086,0
jT5WV_7EJr8_3748-4057,195,2,358.27272727272725,152.0909090909091,147.0,184.24242424242425,inside_visible,748.7926923076924,427.1720769230769,1
jT5WV_7EJr8_3748-4057,195,3,2.25,171.5,179.0,193.0,inside_visible,753.5328695652174,429.0395652173913,1
jT5WV_7EJr8_3748-4057,196,1,869.25,65.0,154.0,181.0,inside_visible,748.0591,445.98955,0
jT5WV_7EJr8_3748-4057,196,2,358.2181818181818,152.07272727272726,147.0,184.3272727272727,inside_visible,749.5106153846154,426.7618461538461,1
jT5WV_7EJr8_3748-4057,196,3,1.5,172.0,179.0,193.0,inside_visible,755.1415652173913,428.7352173913044,1
jT5WV_7EJr8_3748-4057,197,1,870.0,64.66666666666667,154.0,181.0,inside_visible,748.4939999999999,446.1705,0
jT5WV_7EJr8_3748-4057,197,2,358.1636363636364,152.05454545454546,147.0,184.4121212121212,inside_visible,750.2285384615385,426.3516153846154,1
jT5WV_7EJr8_3748-4057,197,3,0.75,172.5,179.0,193.0,inside_visible,756.7502608695653,428.4308695652174,1
jT5WV_7EJr8_3748-4057,198,1,870.75,64.33333333333333,154.0,181.0,inside_visible,748.9289,446.35145,0
jT5WV_7EJr8_3748-4057,198,2,358.1090909090909,152.03636363636363,147.0,184.49696969696973,inside_visible,750.9464615384616,425.9413846153846,1
jT5WV_7EJr8_3748-4057,198,3,0.0,173.0,179.0,193.0,inside_visible,758.3589565217392,428.12652173913045,1
jT5WV_7EJr8_3748-4057,199,1,871.5,64.0,154.0,181.0,inside_visible,749.3638,446.5324,0
jT5WV_7EJr8_3748-4057,199,2,358.05454545454546,152.01818181818183,147.0,184.5818181818182,inside_visible,751.6643846153846,425.5311538461538,1
jT5WV_7EJr8_3748-4057,199,3,0.0,173.0,155.0,191.0,inside_visible,759.967652173913,427.8221739130435,1
jT5WV_7EJr8_3748-4057,200,1,872.25,63.66666666666666,154.0,181.0,inside_visible,749.7986999999999,446.71335,0
jT5WV_7EJr8_3748-4057,200,2,358.0,152.0,147.0,184.66666666666669,inside_visible,752.3823076923077,425.1209230769231,1
jT5WV_7EJr8_3748-4057,200,3,0.0,173.0,153.625,191.5625,inside_visible,761.576347826087,427.5178260869565,1
jT5WV_7EJr8_3748-4057,201,1,873.0,63.333333333333336,154.0,181.0,inside_visible,750.2336,446.8943,0
jT5WV_7EJr8_3748-4057,201,2,357.94545454545454,151.98181818181817,147.0,184.7515151515152,inside_visible,753.1002307692308,424.71069230769234,1
jT5WV_7EJr8_3748-4057,201,3,0.0,173.0,152.25,192.125,inside_visible,763.1850434782609,427.2134782608696,1
jT5WV_7EJr8_3748-4057,202,1,873.75,63.0,154.0,181.0,inside_visible,750.6685,447.07525,0
jT5WV_7EJr8_3748-4057,202,2,357.8909090909091,151.96363636363637,147.0,184.83636363636364,inside_visible,753.8181538461539,424.3004615384616,1
jT5WV_7EJr8_3748-4057,202,3,0.0,173.0,150.875,192.6875,inside_visible,764.7937391304348,426.9091304347826,1
jT5WV_7EJr8_3748-4057,203,1,874.5,62.66666666666666,154.0,181.0,inside_visible,751.1034,447.2562,0
jT5WV_7EJr8_3748-4057,203,2,357.8363636363636,151.94545454545454,147.0,184.9212121212121,inside_visible,754.536076923077,423.8902307692308,1
jT5WV_7EJr8_3748-4057,203,3,0.0,173.0,149.5,193.25,inside_visible,766.4024347826088,426.6047826086957,1
jT5WV_7EJr8_3748-4057,204,1,875.25,62.333333333333336,154.0,181.0,inside_visible,751.5382999999999,447.43715,0
jT5WV_7EJr8_3748-4057,204,2,357.7818181818182,151.92727272727274,147.0,185.0060606060606,inside_visible,755.254,423.48,1
jT5WV_7EJr8_3748-4057,204,3,0.0,173.0,148.125,193.8125,inside_visible,768.0111304347827,426.3004347826087,1
jT5WV_7EJr8_3748-4057,205,1,876.0,62.0,154.0,181.0,inside_visible,751.9731999999999,447.6181,0
jT5WV_7EJr8_3748-4057,205,2,357.72727272727275,151.9090909090909,147.0,185.0909090909091,inside_visible,757.9206666666666,424.3688333333333,1
jT5WV_7EJr8_3748-4057,205,3,0.0,173.0,146.75,194.375,inside_visible,769.6198260869566,425.99608695652176,1
jT5WV_7EJr8_3748-4057,206,1,876.1627906976744,62.0,154.0,181.0,inside_visible,752.4081,447.79905,0
jT5WV_7EJr8_3748-4057,206,2,357.6727272727273,151.8909090909091,147.0,185.1757575757576,inside_visible,760.5873333333334,425.2576666666667,1
jT5WV_7EJr8_3748-4057,206,3,0.0,173.0,145.375,194.9375,inside_visible,771.2285217391304,425.6917391304348,1
jT5WV_7EJr8_3748-4057,207,1,876.3255813953489,62.0,153.9999999999999,181.0,inside_visible,752.843,447.98,0
jT5WV_7EJr8_3748-4057,207,2,357.6181818181818,151.87272727272727,147.0,185.26060606060605,inside_visible,763.254,426.1465,1
jT5WV_7EJr8_3748-4057,207,3,0.0,173.0,144.0,195.5,inside_visible,772.8372173913044,425.38739130434783,1
jT5WV_7EJr8_3748-4057,208,1,876.4883720930233,62.0,153.9999999999999,181.0,inside_visible,785.478,452.361,0
jT5WV_7EJr8_3748-4057,208,2,357.5636363636364,151.85454545454544,147.0,185.34545454545452,inside_visible,765.9206666666666,427.0353333333333,1
jT5WV_7EJr8_3748-4057,208,3,0.0,173.0,142.625,196.0625,inside_visible,774.4459130434783,425.0830434782609,1
jT5WV_7EJr8_3748-4057,209,1,876.6511627906976,62.0,154.0000000000001,181.0,inside_visible,785.6708461538461,452.5231538461538,0
jT5WV_7EJr8_3748-4057,209,2,357.5090909090909,151.83636363636364,147.0,185.430303030303,inside_visible,768.5873333333334,427.9241666666667,1
jT5WV_7EJr8_3748-4057,209,3,0.0,173.0,141.25,196.625,inside_visible,776.0546086956522,424.778695652174,1
jT5WV_7EJr8_3748-4057,210,1,876.8139534883721,62.0,154.0,181.0,inside_visible,785.8636923076923,452.6853076923077,0
jT5WV_7EJr8_3748-4057,210,2,357.45454545454544,151.8181818181818,147.0,185.5151515151515,inside_visible,771.254,428.813,1
jT5WV_7EJr8_3748-4057,210,3,0.0,173.0,139.875,197.1875,inside_visible,777.6633043478262,424.47434782608696,1
jT5WV_7EJr8_3748-4057,211,1,876.9767441860465,62.0,154.0,181.0,inside_visible,786.0565384615385,452.8474615384615,0
jT5WV_7EJr8_3748-4057,211,2,357.4,151.8,147.0,185.6,inside_visible,772.1428333333333,430.5908333333333,1
jT5WV_7EJr8_3748-4057,211,3,0.0,173.0,138.5,197.75,inside_visible,779.272,424.17,1
jT5WV_7EJr8_3748-4057,212,1,877.1395348837209,62.0,154.0,181.0,inside_visible,786.2493846153845,453.00961538461536,0
jT5WV_7EJr8_3748-4057,212,2,357.3454545454546,151.78181818181818,147.0,185.6848484848485,inside_visible,773.0316666666666,432.3686666666667,1
jT5WV_7EJr8_3748-4057,212,3,0.0,173.0,137.125,198.3125,inside_visible,780.3489230769231,424.5161538461539,1
jT5WV_7EJr8_3748-4057,213,1,877.3023255813954,62.0,153.9999999999999,181.0,inside_visible,786.4422307692307,453.1717692307692,0
jT5WV_7EJr8_3748-4057,213,2,357.2909090909091,151.76363636363635,147.0,185.769696969697,inside_visible,773.9205,434.1465,1
jT5WV_7EJr8_3748-4057,213,3,0.0,173.0,135.75,198.875,inside_visible,781.4258461538462,424.8623076923077,1
jT5WV_7EJr8_3748-4057,214,1,877.4651162790698,62.0,153.9999999999999,181.0,inside_visible,786.6350769230769,453.33392307692304,0
jT5WV_7EJr8_3748-4057,214,2,357.23636363636365,151.74545454545455,147.0,185.85454545454547,inside_visible,774.8093333333334,435.9243333333333,1
jT5WV_7EJr8_3748-4057,214,3,0.0,173.0,134.375,199.4375,inside_visible,782.5027692307693,425.2084615384616,1
jT5WV_7EJr8_3748-4057,215,1,877.6279069767442,62.0,154.0000000000001,181.0,inside_visible,786.8279230769231,453.49607692307694,0
jT5WV_7EJr8_3748-4057,215,2,357.1818181818182,151.72727272727272,147.0,185.939393939394,inside_visible,775.6981666666667,437.7021666666667,1
jT5WV_7EJr8_3748-4057,215,3,0.0,173.0,133.0,200.0,inside_visible,783.5796923076923,425.5546153846154,1
jT5WV_7EJr8_3748-4057,216,1,877.7906976744187,62.0,154.0,181.0,inside_visible,787.0207692307692,453.6582307692308,0
jT5WV_7EJr8_3748-4057,216,2,357.1272727272727,151.70909090909092,147.0,186.02424242424243,inside_visible,776.587,439.48,1
jT5WV_7EJr8_3748-4057,216,3,0.0,173.0,134.76470588235293,200.0,inside_visible,784.6566153846154,425.9007692307693,1
jT5WV_7EJr8_3748-4057,217,1,877.953488372093,62.0,154.0,181.0,inside_visible,787.2136153846154,453.8203846153846,0
jT5WV_7EJr8_3748-4057,217,2,357.07272727272726,151.6909090909091,147.0,186.10909090909087,inside_visible,777.6850588235294,439.48,1
jT5WV_7EJr8_3748-4057,217,3,0.0,173.0,136.52941176470588,200.0,inside_visible,785.7335384615385,426.2469230769231,1
jT5WV_7EJr8_3748-4057,218,1,878.1162790697674,62.0,154.0,181.0,inside_visible,787.4064615384615,453.98253846153847,0
jT5WV_7EJr8_3748-4057,218,2,357.0181818181818,151.6727272727273,147.0,186.1939393939394,inside_visible,778.7831176470588,439.48,1
jT5WV_7EJr8_3748-4057,218,3,0.0,173.0,138.2941176470588,200.0,inside_visible,786.8104615384616,426.5930769230769,1
jT5WV_7EJr8_3748-4057,219,1,878.2790697674419,62.0,153.9999999999999,181.0,inside_visible,787.5993076923077,454.1446923076923,0
jT5WV_7EJr8_3748-4057,219,2,356.96363636363634,151.65454545454546,147.0,186.27878787878788,inside_visible,779.8811764705882,439.48,1
jT5WV_7EJr8_3748-4057,219,3,0.0,173.0,140.05882352941177,200.0,inside_visible,787.8873846153847,426.9392307692308,1
jT5WV_7EJr8_3748-4057,220,1,878.4418604651163,62.0,153.9999999999999,181.0,inside_visible,787.7921538461538,454.30684615384615,0
jT5WV_7EJr8_3748-4057,220,2,356.90909090909093,151.63636363636363,147.0,186.3636363636364,inside_visible,780.9792352941176,439.48,1
jT5WV_7EJr8_3748-4057,220,3,0.0,173.0,141.8235294117647,200.0,inside_visible,788.9643076923078,427.2853846153847,1
jT5WV_7EJr8_3748-4057,221,1,878.6046511627907,62.0,154.0000000000001,181.0,inside_visible,787.985,454.469,0
jT5WV_7EJr8_3748-4057,221,2,356.8545454545455,151.61818181818182,147.0,186.44848484848484,inside_visible,782.077294117647,439.48,1
jT5WV_7EJr8_3748-4057,221,3,0.0,173.0,143.58823529411765,200.0,inside_visible,790.0412307692308,427.63153846153847,1
jT5WV_7EJr8_3748-4057,222,1,878.7674418604652,62.0,154.0,181.0,inside_visible,787.884,454.1962727272728,0
jT5WV_7EJr8_3748-4057,222,2,356.8,151.6,147.0,186.53333333333333,inside_visible,783.1753529411765,439.48,1
jT5WV_7EJr8_3748-4057,222,3,0.0,173.0,145.35294117647058,200.0,inside_visible,791.1181538461539,427.97769230769234,1
jT5WV_7EJr8_3748-4057,223,1,878.9302325581396,62.0,154.0,181.0,inside_visible,787.783,453.92354545454543,0
jT5WV_7EJr8_3748-4057,223,2,356.7454545454545,151.5818181818182,147.0,186.6181818181818,inside_visible,784.2734117647059,439.48,1
jT5WV_7EJr8_3748-4057,223,3,0.0,173.0,147.11764705882354,200.0,inside_visible,792.195076923077,428.32384615384615,1
jT5WV_7EJr8_3748-4057,224,1,879.0930232558139,62.0,154.0,181.0,inside_visible,787.682,453.6508181818182,0
jT5WV_7EJr8_3748-4057,224,2,356.6909090909091,151.56363636363636,147.0,186.7030303030303,inside_visible,785.3714705882353,439.48,1
jT5WV_7EJr8_3748-4057,224,3,0.0,173.0,148.88235294117646,200.0,inside_visible,793.272,428.67,1
jT5WV_7EJr8_3748-4057,225,1,879.2558139534884,62.0,153.9999999999999,181.0,inside_visible,787.581,453.3780909090909,0
jT5WV_7EJr8_3748-4057,225,2,356.6363636363636,151.54545454545453,147.0,186.7878787878788,inside_visible,786.4695294117647,439.48,1
jT5WV_7EJr8_3748-4057,225,3,0.0,173.0,150.64705882352942,200.0,inside_visible,794.3489230769231,429.0161538461539,1
jT5WV_7EJr8_3748-4057,226,1,879.4186046511628,62.0,153.9999999999999,181.0,inside_visible,787.48,453.1053636363636,0
jT5WV_7EJr8_3748-4057,226,2,356.58181818181816,151.52727272727273,147.0,186.87272727272725,inside_visible,787.5675882352941,439.48,1
jT5WV_7EJr8_3748-4057,226,3,0.0,173.0,152.41176470588235,200.0,inside_visible,795.4258461538462,429.3623076923077,1
jT5WV_7EJr8_3748-4057,227,1,879.5813953488372,62.0,154.0000000000001,181.0,inside_visible,787.379,452.8326363636364,0
jT5WV_7EJr8_3748-4057,227,2,356.5272727272727,151.5090909090909,147.0,186.9575757575757,inside_visible,788.6656470588235,439.48,1
jT5WV_7EJr8_3748-4057,227,3,0.0,173.0,154.1764705882353,200.0,inside_visible,796.5027692307693,429.7084615384616,1
jT5WV_7EJr8_3748-4057,228,1,879.7441860465116,62.0,154.0000000000001,181.0,inside_visible,787.278,452.55990909090906,0
jT5WV_7EJr8_3748-4057,228,2,356.4727272727273,151.4909090909091,147.0,187.04242424242423,inside_visible,789.763705882353,439.48,1
jT5WV_7EJr8_3748-4057,228,3,0.0,173.0,155.94117647058823,200.0,inside_visible,797.5796923076923,430.0546153846154,1
jT5WV_7EJr8_3748-4057,229,1,879.9069767441861,62.0,154.0,181.0,inside_visible,787.177,452.2871818181818,0
jT5WV_7EJr8_3748-4057,229,2,356.41818181818184,151.47272727272727,147.0,187.12727272727275,inside_visible,790.8617647058824,439.48,1
jT5WV_7EJr8_3748-4057,229,3,0.0,173.0,157.70588235294116,200.0,inside_visible,798.6566153846154,430.4007692307693,1
jT5WV_7EJr8_3748-4057,230,1,880.0697674418604,62.0,154.0,181.0,inside_visible,787.076,452.01445454545456,0
jT5WV_7EJr8_3748-4057,230,2,356.3636363636364,151.45454545454547,147.0,187.2121212121212,inside_visible,791.9598235294118,439.48,1
jT5WV_7EJr8_3748-4057,230,3,0.0,173.0,159.47058823529412,200.0,inside_visible,799.7335384615385,430.7469230769231,1
jT5WV_7EJr8_3748-4057,231,1,880.2325581395348,62.0,154.0,181.0,inside_visible,786.975,451.7417272727273,0
jT5WV_7EJr8_3748-4057,231,2,356.3090909090909,151.43636363636364,147.0,187.2969696969697,inside_visible,793.0578823529412,439.48,1
jT5WV_7EJr8_3748-4057,231,3,0.0,173.0,161.23529411764707,200.0,inside_visible,800.8104615384616,431.0930769230769,1
jT5WV_7EJr8_3748-4057,232,1,880.3953488372093,62.0,153.9999999999999,181.0,inside_visible,786.874,451.469,0
jT5WV_7EJr8_3748-4057,232,2,356.25454545454545,151.4181818181818,147.0,187.3818181818182,inside_visible,794.1559411764706,439.48,1
jT5WV_7EJr8_3748-4057,232,3,0.0,173.0,163.0,200.0,inside_visible,801.8873846153847,431.4392307692308,1
jT5WV_7EJr8_3748-4057,233,1,880.5581395348837,62.0,154.0000000000001,181.0,inside_visible,833.318,458.469,0
jT5WV_7EJr8_3748-4057,233,2,356.2,151.4,147.0,187.46666666666667,inside_visible,795.254,439.48,1
jT5WV_7EJr8_3748-4057,233,3,0.0,173.0,175.0,200.0,inside_visible,802.9643076923078,431.7853846153847,1
jT5WV_7EJr8_3748-4057,234,1,880.7209302325581,62.0,154.0000000000001,181.0,inside_visible,823.381,457.045,0
jT5WV_7EJr8_3748-4057,234,2,356.1454545454545,151.38181818181818,147.0,187.5515151515152,inside_visible,797.92075,439.48,1
jT5WV_7EJr8_3748-4057,234,3,0.0,173.0,187.0,200.0,inside_visible,804.0412307692308,432.13153846153847,1
jT5WV_7EJr8_3748-4057,235,1,880.8837209302326,62.0,154.0,181.0,inside_visible,823.5328709677419,456.9347741935484,0
jT5WV_7EJr8_3748-4057,235,2,356.09090909090907,151.36363636363637,147.0,187.63636363636363,inside_visible,800.5875000000001,439.48,1
jT5WV_7EJr8_3748-4057,235,3,0.0,173.0,191.33333333333331,200.0,inside_visible,805.1181538461539,432.47769230769234,1
jT5WV_7EJr8_3748-4057,236,1,881.046511627907,62.0,154.0,181.0,inside_visible,823.6847419354839,456.8245483870968,0
jT5WV_7EJr8_3748-4057,236,2,356.03636363636366,151.34545454545454,147.0,187.7212121212121,inside_visible,803.2542500000001,439.48,1
jT5WV_7EJr8_3748-4057,236,3,0.0,173.0,195.66666666666663,200.0,inside_visible,806.195076923077,432.82384615384615,1
jT5WV_7EJr8_3748-4057,237,1,881.2093023255813,62.0,154.0,181.0,inside_visible,823.8366129032258,456.7143225806452,0
jT5WV_7EJr8_3748-4057,237,2,355.9818181818182,151.3272727272727,147.0,187.8060606060606,inside_visible,805.921,439.48,1
jT5WV_7EJr8_3748-4057,237,3,0.0,173.0,200.0,200.0,inside_visible,807.272,433.17,1
jT5WV_7EJr8_3748-4057,238,1,881.3720930232558,62.0,153.9999999999999,181.0,inside_visible,823.9884838709677,456.6040967741936,0
jT5WV_7EJr8_3748-4057,238,2,355.92727272727274,151.3090909090909,147.0,187.89090909090908,inside_visible,806.4395000000001,439.40594444444446,1
jT5WV_7EJr8_3748-4057,238,3,13.0,184.0,200.0,200.0,inside_visible,807.9862857142857,434.38428571428574,1
jT5WV_7EJr8_3748-4057,239,1,881.5348837209302,62.0,154.0000000000001,181.0,inside_visible,824.1403548387096,456.49387096774194,0
jT5WV_7EJr8_3748-4057,239,2,355.8727272727273,151.29090909090908,147.0,187.9757575757576,inside_visible,806.9580000000001,439.3318888888889,1
jT5WV_7EJr8_3748-4057,239,3,21.0,184.0,197.0,195.66666666666669,inside_visible,808.7005714285715,435.59857142857146,1
jT5WV_7EJr8_3748-4057,240,1,881.6976744186046,62.0,154.0000000000001,181.0,inside_visible,824.2922258064516,456.3836451612904,0
jT5WV_7EJr8_3748-4057,240,2,355.8181818181818,151.27272727272728,147.0,188.06060606060603,inside_visible,807.4765,439.2578333333333,1
jT5WV_7EJr8_3748-4057,240,3,29.0,184.0,194.0,191.3333333333333,inside_visible,809.4148571428572,436.8128571428572,1
jT5WV_7EJr8_3748-4057,241,1,881.8604651162791,62.0,154.0,181.0,inside_visible,824.4440967741936,456.2734193548387,0
jT5WV_7EJr8_3748-4057,241,2,355.76363636363635,151.25454545454545,147.0,188.14545454545453,inside_visible,807.995,439.1837777777778,1
jT5WV_7EJr8_3748-4057,241,3,37.0,184.0,191.0,187.0,inside_visible,810.1291428571429,438.0271428571429,1
jT5WV_7EJr8_3748-4057,242,1,882.0232558139535,62.0,154.0,181.0,inside_visible,824.5959677419355,456.1631935483871,0
jT5WV_7EJr8_3748-4057,242,2,355.7090909090909,151.23636363636365,147.0,188.230303030303,inside_visible,808.5135,439.1097222222222,1
jT5WV_7EJr8_3748-4057,242,3,37.66666666666666,182.5,191.0,187.0,inside_visible,810.8434285714286,439.24142857142857,1
jT5WV_7EJr8_3748-4057,243,1,882.1860465116279,62.0,154.0,181.0,inside_visible,824.7478387096775,456.0529677419355,0
jT5WV_7EJr8_3748-4057,243,2,355.6545454545454,151.21818181818182,147.0,188.31515151515157,inside_visible,809.032,439.03566666666666,1
jT5WV_7EJr8_3748-4057,243,3,38.333333333333336,181.0,191.0,187.0,inside_visible,811.5577142857144,440.4557142857143,1
jT5WV_7EJr8_3748-4057,244,1,882.3488372093024,62.0,153.9999999999999,181.0,inside_visible,824.8997096774193,455.9427419354839,0
jT5WV_7EJr8_3748-4057,244,2,355.6,151.2,147.0,188.40000000000003,inside_visible,809.5505,438.9616111111111,1
jT5WV_7EJr8_3748-4057,244,3,39.0,179.5,191.0,187.0,inside_visible,812.272,441.67,1
jT5WV_7EJr8_3748-4057,245,1,882.5116279069767,62.0,154.0000000000001,181.0,inside_visible,825.0515806451613,455.8325161290323,0
jT5WV_7EJr8_3748-4057,245,2,355.54545454545456,151.1818181818182,147.0,188.4848484848485,inside_visible,810.0690000000001,438.88755555555554,1
jT5WV_7EJr8_3748-4057,245,3,39.66666666666666,178.0,191.0,187.0,inside_visible,812.9862857142857,442.88428571428574,1
jT5WV_7EJr8_3748-4057,246,1,882.6744186046511,62.0,154.0000000000001,181.0,inside_visible,825.2034516129032,455.7222903225807,0
jT5WV_7EJr8_3748-4057,246,2,355.4909090909091,151.16363636363636,147.0,188.569696969697,inside_visible,810.5875000000001,438.8135,1
jT5WV_7EJr8_3748-4057,246,3,40.333333333333336,176.5,191.0,187.0,inside_visible,813.7005714285715,444.09857142857146,1
jT5WV_7EJr8_3748-4057,247,1,882.8372093023256,62.0,154.0,181.0,inside_visible,825.3553225806452,455.612064516129,0
jT5WV_7EJr8_3748-4057,247,2,355.43636363636364,151.14545454545456,147.0,188.65454545454543,inside_visible,811.106,438.7394444444445,1
jT5WV_7EJr8_3748-4057,247,3,41.0,175.0,191.0,187.0,inside_visible,814.4148571428572,445.3128571428572,1
jT5WV_7EJr8_3748-4057,248,1,883.0,62.0,154.0,181.0,inside_visible,825.5071935483871,455.50183870967743,0
jT5WV_7EJr8_3748-4057,248,2,355.3818181818182,151.12727272727273,147.0,188.73939393939395,inside_visible,811.6245,438.6653888888889,1
jT5WV_7EJr8_3748-4057,248,3,43.142857142857146,175.0,191.0,187.0,inside_visible,815.1291428571429,446.5271428571429,1
jT5WV_7EJr8_3748-4057,249,1,883.0,62.0,154.0,181.0,inside_visible,825.6590645161291,455.3916129032258,0
jT5WV_7EJr8_3748-4057,249,2,355.3272727272727,151.10909090909092,147.0,188.8242424242424,inside_visible,812.143,438.59133333333335,1
jT5WV_7EJr8_3748-4057,249,3,45.285714285714285,175.0,191.0,187.0,inside_visible,815.8434285714286,447.74142857142857,1
jT5WV_7EJr8_3748-4057,250,1,883.0,62.0,154.0,181.0,inside_visible,825.8109354838709,455.2813870967742,0
jT5WV_7EJr8_3748-4057,250,2,355.27272727272725,151.0909090909091,147.0,188.9090909090909,inside_visible,812.6615,438.5172777777778,1
jT5WV_7EJr8_3748-4057,250,3,47.42857142857143,175.0,191.0,187.0,inside_visible,816.5577142857144,448.9557142857143,1
jT5WV_7EJr8_3748-4057,251,1,883.0,62.0,154.0,181.0,inside_visible,825.9628064516129,455.1711612903226,0
jT5WV_7EJr8_3748-4057,251,2,355.2181818181818,151.07272727272726,147.0,188.9939393939394,inside_visible,813.1800000000001,438.44322222222223,1
jT5WV_7EJr8_3748-4057,251,3,49.57142857142857,175.0,191.0,187.0,inside_visible,817.272,450.17,1
jT5WV_7EJr8_3748-4057,252,1,883.0,62.0,154.0,181.0,inside_visible,826.1146774193548,455.060935483871,0
jT5WV_7EJr8_3748-4057,252,2,355.1636363636364,151.05454545454546,147.0,189.07878787878784,inside_visible,813.6985,438.3691666666667,1
jT5WV_7EJr8_3748-4057,252,3,51.71428571428572,175.0,191.0,187.0,inside_visible,818.3720000000001,449.77,1
jT5WV_7EJr8_3748-4057,253,1,883.0,62.0,154.0,181.0,inside_visible,826.2665483870968,454.95070967741935,0
jT5WV_7EJr8_3748-4057,253,2,355.1090909090909,151.03636363636363,147.0,189.1636363636364,inside_visible,814.217,438.2951111111111,1
jT5WV_7EJr8_3748-4057,253,3,53.85714285714285,175.0,191.0,187.0,inside_visible,819.4720000000001,449.37,1
jT5WV_7EJr8_3748-4057,254,1,883.0,62.0,154.0,181.0,inside_visible,826.4184193548388,454.8404838709677,0
jT5WV_7EJr8_3748-4057,254,2,355.05454545454546,151.01818181818183,147.0,189.2484848484848,inside_visible,814.7355,438.2210555555556,1
jT5WV_7EJr8_3748-4057,254,3,56.0,175.0,191.0,187.0,inside_visible,820.572,448.97,1
jT5WV_7EJr8_3748-4057,255,1,883.0,62.0,154.0,181.0,inside_visible,826.5702903225807,454.73025806451614,0
jT5WV_7EJr8_3748-4057,255,2,355.0,151.0,147.0,189.3333333333333,inside_visible,815.254,438.147,1
jT5WV_7EJr8_3748-4057,255,3,55.333333333333336,176.16666666666666,191.0,187.00000000000003,inside_visible,821.672,448.57,1
jT5WV_7EJr8_3748-4057,256,1,883.0,62.0,154.0,181.0,inside_visible,826.7221612903226,454.6200322580645,0
jT5WV_7EJr8_3748-4057,256,2,354.94545454545454,150.98181818181817,147.0,189.4181818181818,inside_visible,818.92075,438.48025,1
jT5WV_7EJr8_3748-4057,256,3,54.66666666666666,177.33333333333334,191.0,187.0,inside_visible,822.772,448.17,1
jT5WV_7EJr8_3748-4057,257,1,883.0,62.0,154.0,181.0,inside_visible,826.8740322580645,454.5098064516129,0
jT5WV_7EJr8_3748-4057,257,2,354.8909090909091,150.96363636363637,147.0,189.50303030303027,inside_visible,822.5875000000001,438.8135,1
jT5WV_7EJr8_3748-4057,257,3,54.0,178.5,191.0,187.0,inside_visible,823.8720000000001,447.77,1
jT5WV_7EJr8_3748-4057,258,1,883.0,62.0,154.0,181.0,inside_visible,827.0259032258065,454.3995806451613,0
jT5WV_7EJr8_3748-4057,258,2,354.8363636363636,150.94545454545454,147.0,189.5878787878788,inside_visible,826.2542500000001,439.14675,1
jT5WV_7EJr8_3748-4057,258,3,53.333333333333336,179.66666666666666,191.0,187.00000000000003,inside_visible,824.9720000000001,447.37,1
jT5WV_7EJr8_3748-4057,259,1,883.0,62.0,154.0,181.0,inside_visible,827.1777741935484,454.2893548387096,0
jT5WV_7EJr8_3748-4057,259,2,354.7818181818181,150.92727272727274,147.0,189.6727272727273,inside_visible,829.921,439.48,1
jT5WV_7EJr8_3748-4057,259,3,52.66666666666666,180.83333333333331,191.0,187.0,inside_visible,826.072,446.97,1
jT5WV_7EJr8_3748-4057,260,1,883.0,62.0,154.0,181.0,inside_visible,827.3296451612904,454.17912903225806,0
jT5WV_7EJr8_3748-4057,260,2,354.72727272727275,150.9090909090909,147.0,189.75757575757575,inside_visible,830.5321111111111,439.48,1
jT5WV_7EJr8_3748-4057,260,3,52.0,182.0,191.0,187.0,inside_visible,827.172,446.57,1
jT5WV_7EJr8_3748-4057,261,1,883.0,62.0,154.0,181.0,gaze_shift,827.4815161290323,454.0689032258064,0
jT5WV_7EJr8_3748-4057,261,2,354.6727272727273,150.8909090909091,147.0,189.84242424242424,inside_visible,831.1432222222222,439.48,1
jT5WV_7EJr8_3748-4057,261,3,50.833333333333336,183.16666666666663,191.0,187.00000000000003,inside_visible,828.272,446.17,1
jT5WV_7EJr8_3748-4057,262,1,883.0,62.0,154.0,181.0,gaze_shift,827.6333870967742,453.9586774193549,0
jT5WV_7EJr8_3748-4057,262,2,354.6181818181818,150.87272727272727,147.0,189.92727272727276,inside_visible,831.7543333333334,439.48,1
jT5WV_7EJr8_3748-4057,262,3,49.66666666666666,184.33333333333331,191.0,187.0,inside_visible,828.7095,446.295,1
jT5WV_7EJr8_3748-4057,263,1,883.0,62.0,154.0,181.0,gaze_shift,827.7852580645161,453.8484516129032,0
jT5WV_7EJr8_3748-4057,263,2,354.5636363636364,150.85454545454544,147.0,190.01212121212123,inside_visible,832.3654444444445,439.48,1
jT5WV_7EJr8_3748-4057,263,3,48.5,185.5,191.0,187.0,inside_visible,829.147,446.42,1
jT5WV_7EJr8_3748-4057,264,1,883.0,62.0,154.0,181.0,gaze_shift,827.9371290322581,453.7382258064516,0
jT5WV_7EJr8_3748-4057,264,2,354.5090909090909,150.83636363636364,147.0,190.0969696969697,inside_visible,832.9765555555556,439.48,1
jT5WV_7EJr8_3748-4057,264,3,47.333333333333336,186.66666666666663,191.0,187.00000000000003,inside_visible,829.5845,446.545,1
jT5WV_7EJr8_3748-4057,265,1,883.0,62.0,154.0,181.0,gaze_shift,828.089,453.628,0
jT5WV_7EJr8_3748-4057,265,2,354.45454545454544,150.8181818181818,147.0,190.1818181818182,inside_visible,833.5876666666667,439.48,1
jT5WV_7EJr8_3748-4057,265,3,46.16666666666666,187.83333333333331,191.0,187.0,inside_visible,830.022,446.67,1
jT5WV_7EJr8_3748-4057,266,1,883.0,62.0,154.0,181.0,inside_visible,1056.714,310.378,0
jT5WV_7EJr8_3748-4057,266,2,354.4,150.8,147.0,190.26666666666665,inside_visible,834.1987777777779,439.48,1
jT5WV_7EJr8_3748-4057,266,3,45.0,189.0,191.0,187.0,inside_visible,830.4595,446.795,1
jT5WV_7EJr8_3748-4057,267,1,883.0,62.0,154.0,181.0,inside_visible,1061.2956666666666,301.63366666666667,0
jT5WV_7EJr8_3748-4057,267,2,354.3454545454546,150.78181818181818,147.0,190.35151515151517,inside_visible,834.809888888889,439.48,1
jT5WV_7EJr8_3748-4057,267,3,45.458333333333336,189.16666666666663,191.0,187.00000000000003,inside_visible,830.897,446.92,1
jT5WV_7EJr8_3748-4057,268,1,883.0,62.0,154.0,181.0,inside_visible,1065.8773333333334,292.8893333333333,0
jT5WV_7EJr8_3748-4057,268,2,354.2909090909091,150.76363636363635,147.0,190.43636363636364,inside_visible,835.421,439.48,1
jT5WV_7EJr8_3748-4057,268,3,45.91666666666666,189.33333333333331,191.0,187.0,inside_visible,831.3345,447.045,1
jT5WV_7EJr8_3748-4057,269,1,883.0,62.0,154.0,181.0,inside_visible,1070.459,284.145,0
jT5WV_7EJr8_3748-4057,269,2,354.23636363636365,150.74545454545455,147.0,190.5212121212121,inside_visible,836.0321111111111,439.48,1
jT5WV_7EJr8_3748-4057,269,3,46.375,189.5,191.0,187.0,inside_visible,831.772,447.17,1
jT5WV_7EJr8_3748-4057,270,1,883.0,62.0,154.0,181.0,inside_visible,1070.459,284.145,0
jT5WV_7EJr8_3748-4057,270,2,354.1818181818182,150.72727272727272,147.0,190.6060606060606,inside_visible,836.6432222222222,439.48,1
jT5WV_7EJr8_3748-4057,270,3,46.833333333333336,189.66666666666663,191.0,187.00000000000003,inside_visible,832.2095,447.295,1
jT5WV_7EJr8_3748-4057,271,1,883.0,62.0,154.0,181.0,inside_visible,1070.459,284.145,0
jT5WV_7EJr8_3748-4057,271,2,354.1272727272727,150.70909090909092,147.0,190.69090909090903,inside_visible,837.2543333333334,439.48,1
jT5WV_7EJr8_3748-4057,271,3,47.29166666666666,189.83333333333331,191.0,187.0,inside_visible,832.647,447.42,1
jT5WV_7EJr8_3748-4057,272,1,883.0,62.0,154.0,181.0,inside_visible,1070.459,284.145,0
jT5WV_7EJr8_3748-4057,272,2,354.07272727272726,150.6909090909091,147.0,190.77575757575755,inside_visible,837.8654444444445,439.48,1
jT5WV_7EJr8_3748-4057,272,3,47.75,190.0,191.0,187.0,inside_visible,833.0845,447.545,1
jT5WV_7EJr8_3748-4057,273,1,883.0,62.0,154.0,181.0,inside_visible,1070.459,284.145,0
jT5WV_7EJr8_3748-4057,273,2,354.0181818181818,150.6727272727273,147.0,190.86060606060607,inside_visible,838.4765555555556,439.48,1
jT5WV_7EJr8_3748-4057,273,3,48.208333333333336,190.16666666666663,191.0,187.00000000000003,inside_visible,833.522,447.67,1
jT5WV_7EJr8_3748-4057,274,1,883.0,62.0,154.0,181.0,inside_visible,1070.459,284.145,0
jT5WV_7EJr8_3748-4057,274,2,353.96363636363634,150.65454545454546,147.0,190.94545454545457,inside_visible,839.0876666666667,439.48,1
jT5WV_7EJr8_3748-4057,274,3,48.66666666666666,190.33333333333331,191.0,187.0,inside_visible,833.9595,447.795,1
jT5WV_7EJr8_3748-4057,275,1,883.0,62.0,154.0,181.0,inside_visible,1070.459,284.145,0
jT5WV_7EJr8_3748-4057,275,2,353.90909090909093,150.63636363636363,147.0,191.03030303030303,inside_visible,839.6987777777779,439.48,1
jT5WV_7EJr8_3748-4057,275,3,49.125,190.5,191.0,187.0,inside_visible,834.397,447.92,1
jT5WV_7EJr8_3748-4057,276,1,883.0,62.0,154.0,181.0,inside_visible,1070.459,284.145,0
jT5WV_7EJr8_3748-4057,276,2,353.8545454545455,150.61818181818182,147.0,191.11515151515152,inside_visible,840.309888888889,439.48,1
jT5WV_7EJr8_3748-4057,276,3,49.583333333333336,190.66666666666663,191.0,187.00000000000003,inside_visible,834.8345,448.045,1
jT5WV_7EJr8_3748-4057,277,1,883.0,62.0,154.0,181.0,inside_visible,1070.459,284.145,0
jT5WV_7EJr8_3748-4057,277,2,353.8,150.6,147.0,191.2,inside_visible,840.921,439.48,1
jT5WV_7EJr8_3748-4057,277,3,50.04166666666666,190.83333333333331,191.0,187.0,inside_visible,835.272,448.17,1
jT5WV_7EJr8_3748-4057,278,1,883.0,62.0,154.0,181.0,inside_visible,1070.459,284.145,0
jT5WV_7EJr8_3748-4057,278,2,353.7454545454545,150.5818181818182,147.0,191.28484848484848,inside_visible,842.6431666666667,439.48,1
jT5WV_7EJr8_3748-4057,278,3,50.5,191.0,191.0,187.0,inside_visible,837.772,445.42,1
jT5WV_7EJr8_3748-4057,279,1,883.0,62.0,154.0,181.0,inside_visible,1070.459,284.145,0
jT5WV_7EJr8_3748-4057,279,2,353.6909090909091,150.56363636363636,147.0,191.36969696969695,inside_visible,844.3653333333334,439.48,1
jT5WV_7EJr8_3748-4057,279,3,50.958333333333336,191.16666666666663,191.0,187.00000000000003,inside_visible,840.272,442.67,1
jT5WV_7EJr8_3748-4057,280,1,883.0,62.0,154.0,181.0,inside_visible,1070.459,284.145,0
jT5WV_7EJr8_3748-4057,280,2,353.6363636363636,150.54545454545453,147.0,191.45454545454547,inside_visible,846.0875000000001,439.48,1
jT5WV_7EJr8_3748-4057,280,3,51.41666666666666,191.33333333333331,191.0,187.0,inside_visible,842.772,439.92,1
jT5WV_7EJr8_3748-4057,281,1,883.0,62.0,154.0,181.0,inside_visible,1070.459,284.145,0
jT5WV_7EJr8_3748-4057,281,2,353.58181818181816,150.52727272727273,147.0,191.53939393939396,inside_visible,847.8096666666667,439.48,1
jT5WV_7EJr8_3748-4057,281,3,51.875,191.5,191.0,187.0,inside_visible,845.272,437.17,1
jT5WV_7EJr8_3748-4057,282,1,883.0,62.0,154.0,181.0,inside_visible,1070.459,284.145,0
jT5WV_7EJr8_3748-4057,282,2,353.5272727272727,150.5090909090909,147.0,191.6242424242424,inside_visible,849.5318333333333,439.48,1
jT5WV_7EJr8_3748-4057,282,3,52.333333333333336,191.66666666666663,191.0,187.00000000000003,inside_visible,848.6053333333334,436.8366666666667,1
jT5WV_7EJr8_3748-4057,283,1,883.0,62.0,154.0,181.0,inside_visible,1070.459,284.145,0
jT5WV_7EJr8_3748-4057,283,2,353.4727272727273,150.4909090909091,147.0,191.7090909090909,inside_visible,851.254,439.48,1
jT5WV_7EJr8_3748-4057,283,3,52.79166666666666,191.83333333333331,191.0,187.0,inside_visible,851.9386666666667,436.5033333333333,1
jT5WV_7EJr8_3748-4057,284,1,883.0,62.0,154.0,181.0,inside_visible,1070.459,284.145,0
jT5WV_7EJr8_3748-4057,284,2,353.41818181818184,150.47272727272727,147.0,191.79393939393935,inside_visible,855.58725,439.23,1
jT5WV_7EJr8_3748-4057,284,3,53.25,192.0,191.0,187.0,inside_visible,855.272,436.17,1
jT5WV_7EJr8_3748-4057,285,1,883.0,62.0,154.0,181.0,inside_visible,1070.459,284.145,0
jT5WV_7EJr8_3748-4057,285,2,353.3636363636364,150.45454545454547,147.0,191.87878787878785,inside_visible,859.9205,438.98,1
jT5WV_7EJr8_3748-4057,285,3,53.70833333333333,192.16666666666663,191.0,187.00000000000003,inside_visible,858.272,435.5033333333333,1
jT5WV_7EJr8_3748-4057,286,1,883.0,62.0,154.0,181.0,inside_visible,1070.459,284.145,0
jT5WV_7EJr8_3748-4057,286,2,353.3090909090909,150.43636363636364,147.0,191.96363636363637,inside_visible,864.25375,438.73,1
jT5WV_7EJr8_3748-4057,286,3,54.16666666666667,192.33333333333331,191.0,187.0,inside_visible,861.272,434.8366666666667,1
jT5WV_7EJr8_3748-4057,287,1,883.0,62.0,154.0,181.0,inside_visible,1070.459,284.145,0
jT5WV_7EJr8_3748-4057,287,2,353.25454545454545,150.4181818181818,147.0,192.04848484848483,inside_visible,868.587,438.48,1
jT5WV_7EJr8_3748-4057,287,3,54.625,192.5,191.0,187.0,inside_visible,864.272,434.17,1
jT5WV_7EJr8_3748-4057,288,1,883.0,62.0,154.0,181.0,inside_visible,1070.459,284.145,0
jT5WV_7EJr8_3748-4057,288,2,353.2,150.4,147.0,192.13333333333333,inside_visible,870.087,440.271625,1
jT5WV_7EJr8_3748-4057,288,3,55.08333333333333,192.66666666666663,191.0,187.00000000000003,inside_visible,865.9386666666667,433.8366666666667,1
jT5WV_7EJr8_3748-4057,289,1,883.0,62.0,154.0,181.0,inside_visible,1070.459,284.145,0
jT5WV_7EJr8_3748-4057,289,2,353.1454545454545,150.38181818181818,147.0,192.21818181818185,inside_visible,871.587,442.06325,1
jT5WV_7EJr8_3748-4057,289,3,55.54166666666667,192.83333333333331,191.0,187.0,inside_visible,867.6053333333334,433.5033333333333,1
jT5WV_7EJr8_3748-4057,290,1,883.0,62.0,154.0,181.0,inside_visible,1070.459,284.145,0
jT5WV_7EJr8_3748-4057,290,2,353.09090909090907,150.36363636363637,147.0,192.3030303030303,inside_visible,873.087,443.854875,1
jT5WV_7EJr8_3748-4057,290,3,56.0,193.0,191.0,187.0,inside_visible,869.272,433.17,1
jT5WV_7EJr8_3748-4057,291,1,883.0,62.0,154.0,181.0,inside_visible,1070.459,284.145,0
jT5WV_7EJr8_3748-4057,291,2,353.03636363636366,150.34545454545454,147.0,192.3878787878788,inside_visible,874.587,445.6465,1
jT5WV_7EJr8_3748-4057,291,3,56.388888888888886,193.0,191.0,187.0,inside_visible,870.9386666666667,434.5033333333333,1
jT5WV_7EJr8_3748-4057,292,1,883.0,62.0,154.0,181.0,inside_visible,1070.459,284.145,0
jT5WV_7EJr8_3748-4057,292,2,352.9818181818182,150.3272727272727,147.0,192.4727272727273,inside_visible,876.087,447.438125,1
jT5WV_7EJr8_3748-4057,292,3,56.77777777777778,193.0,191.0,187.0,inside_visible,872.6053333333334,435.8366666666667,1
jT5WV_7EJr8_3748-4057,293,1,883.0,62.0,154.0,181.0,inside_visible,1070.459,284.145,0
jT5WV_7EJr8_3748-4057,293,2,352.92727272727274,150.3090909090909,147.0,192.55757575757576,inside_visible,877.587,449.22975,1
jT5WV_7EJr8_3748-4057,293,3,57.16666666666666,193.0,191.0,187.0,inside_visible,874.272,437.17,1
jT5WV_7EJr8_3748-4057,294,1,883.0,62.0,154.0,181.0,inside_visible,1070.459,284.145,0
jT5WV_7EJr8_3748-4057,294,2,352.8727272727273,150.29090909090908,147.0,192.64242424242423,inside_visible,879.087,451.021375,1
jT5WV_7EJr8_3748-4057,294,3,57.55555555555556,193.0,191.0,187.0,inside_visible,873.672,437.97,1
jT5WV_7EJr8_3748-4057,295,1,883.0,62.0,154.0,181.0,inside_visible,1070.459,284.145,0
jT5WV_7EJr8_3748-4057,295,2,352.8181818181818,150.27272727272728,147.0,192.72727272727272,inside_visible,880.587,452.813,1
jT5WV_7EJr8_3748-4057,295,3,57.94444444444444,193.0,191.0,187.0,inside_visible,873.072,438.77,1
jT5WV_7EJr8_3748-4057,296,1,883.0,62.0,154.0,181.0,inside_visible,1070.459,284.145,0
jT5WV_7EJr8_3748-4057,296,2,352.76363636363635,150.25454545454545,147.0,192.8121212121212,inside_visible,879.4346,453.2036,1
jT5WV_7EJr8_3748-4057,296,3,58.333333333333336,193.0,191.0,187.0,inside_visible,872.4720000000001,439.57,1
jT5WV_7EJr8_3748-4057,297,1,883.0,62.0,154.0,181.0,inside_visible,1070.459,284.145,0
jT5WV_7EJr8_3748-4057,297,2,352.7090909090909,150.23636363636365,147.0,192.89696969696968,inside_visible,878.2822,453.5942,1
jT5WV_7EJr8_3748-4057,297,3,58.72222222222222,193.0,191.0,187.0,inside_visible,871.8720000000001,440.37,1
jT5WV_7EJr8_3748-4057,298,1,883.0,62.0,154.0,181.0,inside_visible,1070.459,284.145,0
jT5WV_7EJr8_3748-4057,298,2,352.6545454545454,150.21818181818182,147.0,192.98181818181817,inside_visible,877.1298,453.9848,1
jT5WV_7EJr8_3748-4057,298,3,59.11111111111112,193.0,191.0,187.0,inside_visible,871.272,441.17,1
jT5WV_7EJr8_3748-4057,299,1,883.0,62.0,154.0,181.0,inside_visible,1070.459,284.145,0
jT5WV_7EJr8_3748-4057,299,2,352.6,150.2,147.0,193.06666666666663,inside_visible,875.9774,454.3754,1
jT5WV_7EJr8_3748-4057,299,3,59.5,193.0,191.0,187.0,inside_visible,874.272,441.67,1
jT5WV_7EJr8_3748-4057,300,1,883.0,62.0,154.0,181.0,inside_visible,1070.459,284.145,0
jT5WV_7EJr8_3748-4057,300,2,352.54545454545456,150.1818181818182,147.0,193.15151515151516,inside_visible,874.825,454.766,1
jT5WV_7EJr8_3748-4057,300,3,59.888888888888886,193.0,191.0,187.0,inside_visible,877.272,442.17,1
jT5WV_7EJr8_3748-4057,301,1,883.0,62.0,154.0,181.0,inside_visible,1070.459,284.145,0
jT5WV_7EJr8_3748-4057,301,2,352.4909090909091,150.16363636363636,147.0,193.2363636363636,inside_visible,862.873,453.956,1
jT5WV_7EJr8_3748-4057,301,3,60.27777777777778,193.0,191.0,187.0,inside_visible,877.1112857142857,444.09857142857146,1
jT5WV_7EJr8_3748-4057,302,1,883.0,62.0,154.0,181.0,inside_visible,1070.459,284.145,0
jT5WV_7EJr8_3748-4057,302,2,352.43636363636364,150.14545454545456,147.0,193.32121212121208,inside_visible,612.587,454.146,1
jT5WV_7EJr8_3748-4057,302,3,60.66666666666666,193.0,191.0,187.0,inside_visible,876.9505714285715,446.0271428571429,1
jT5WV_7EJr8_3748-4057,303,1,883.0,62.0,154.0,181.0,inside_visible,1070.459,284.145,0
jT5WV_7EJr8_3748-4057,303,2,352.3818181818182,150.12727272727273,147.0,193.40606060606063,inside_visible,613.4443333333334,453.2413333333333,1
jT5WV_7EJr8_3748-4057,303,3,61.05555555555556,193.0,191.0,187.0,inside_visible,876.7898571428572,447.9557142857143,1
jT5WV_7EJr8_3748-4057,304,1,883.0,62.0,154.0,181.0,inside_visible,1070.459,284.145,0
jT5WV_7EJr8_3748-4057,304,2,352.3272727272727,150.10909090909092,147.0,193.4909090909091,inside_visible,614.3016666666666,452.3366666666667,1
jT5WV_7EJr8_3748-4057,304,3,61.44444444444444,193.0,191.0,187.0,inside_visible,876.6291428571429,449.88428571428574,1
jT5WV_7EJr8_3748-4057,305,1,883.0,62.0,154.0,181.0,inside_visible,1070.459,284.145,0
jT5WV_7EJr8_3748-4057,305,2,352.27272727272725,150.0909090909091,147.0,193.5757575757576,inside_visible,615.159,451.432,1
jT5WV_7EJr8_3748-4057,305,3,61.833333333333336,193.0,191.0,187.0,inside_visible,876.4684285714286,451.8128571428572,1
jT5WV_7EJr8_3748-4057,306,1,883.0,62.0,154.0,181.0,inside_visible,1070.459,284.145,0
jT5WV_7EJr8_3748-4057,306,2,352.21818181818185,150.07272727272726,147.0,193.66060606060609,inside_visible,667.0922,452.0988,1
jT5WV_7EJr8_3748-4057,306,3,62.22222222222222,193.0,191.0,187.0,inside_visible,876.3077142857144,453.74142857142857,1
jT5WV_7EJr8_3748-4057,307,1,883.0,62.0,154.0,181.0,inside_visible,1070.459,284.145,0
jT5WV_7EJr8_3748-4057,307,2,352.1636363636364,150.05454545454546,147.0,193.74545454545452,inside_visible,719.0254,452.7656,1
jT5WV_7EJr8_3748-4057,307,3,62.61111111111112,193.0,191.0,187.0,inside_visible,876.147,455.67,1
jT5WV_7EJr8_3748-4057,308,1,883.0,62.0,154.0,181.0,inside_visible,1070.459,284.145,0
jT5WV_7EJr8_3748-4057,308,2,352.1090909090909,150.03636363636363,147.0,193.83030303030304,inside_visible,770.9586,453.4324,1
jT5WV_7EJr8_3748-4057,308,3,63.0,193.0,191.0,187.0,inside_visible,934.272,142.17000000000002,1
jT5WV_7EJr8_3748-4057,309,1,883.0,62.0,154.0,181.0,inside_visible,1070.459,284.145,0
jT5WV_7EJr8_3748-4057,309,2,352.05454545454546,150.01818181818183,147.0,193.9151515151515,inside_visible,822.8918000000001,454.0992,1
jT5WV_7EJr8_3748-4057,309,3,65.0,196.0,190.5,185.5,inside_visible,937.241,144.545,1
jT5WV_7EJr8_3748-4057,310,1,883.0,62.0,154.0,181.0,inside_visible,1070.459,284.145,0
jT5WV_7EJr8_3748-4057,310,2,352.0,150.0,147.0,194.0,inside_visible,874.825,454.766,1
jT5WV_7EJr8_3748-4057,310,3,67.0,199.0,190.0,184.0,inside_visible,940.21,146.92,1
