clip,frame,person_id,bbox_x,bbox_y,bbox_width,bbox_height,gaze_class,gaze_x,gaze_y,is_child
ljahBVDaBNE_17977-18466,1,1,332.0,0.0,318.0,171.0,inside_occluded,857.528,197.528,0
ljahBVDaBNE_17977-18466,1,2,1540.0,60.0,253.0,270.0,inside_visible,906.067,324.27,1
ljahBVDaBNE_17977-18466,1,3,1030.0,0.0,188.0,184.0,inside_visible,889.888,167.865,1
ljahBVDaBNE_17977-18466,2,1,342.6666666666667,0.0,317.99999999999994,171.0,inside_occluded,862.9212857142858,199.83942857142856,0
ljahBVDaBNE_17977-18466,2,2,1540.0,60.75,249.0,269.25,inside_visible,914.2767777777776,314.5022222222222,1
ljahBVDaBNE_17977-18466,2,3,1033.25,0.0,188.0,184.0,inside_visible,904.5268571428572,171.33214285714286,1
ljahBVDaBNE_17977-18466,3,1,353.3333333333333,0.0,318.00000000000006,171.0,inside_occluded,868.3145714285714,202.15085714285715,0
ljahBVDaBNE_17977-18466,3,2,1540.0,61.5,245.0,268.5,inside_visible,922.4865555555556,304.7344444444444,1
ljahBVDaBNE_17977-18466,3,3,1036.5,0.0,188.0,184.0,inside_visible,919.1657142857144,174.79928571428573,1
ljahBVDaBNE_17977-18466,4,1,364.0,0.0,318.0,171.0,inside_occluded,873.7078571428572,204.4622857142857,0
ljahBVDaBNE_17977-18466,4,2,1540.0,62.25,241.0,267.75,inside_visible,930.6963333333332,294.96666666666664,1
ljahBVDaBNE_17977-18466,4,3,1039.75,0.0,188.0,184.0,inside_visible,933.8045714285714,178.26642857142858,1
ljahBVDaBNE_17977-18466,5,1,397.5,0.0,291.0,169.5,inside_occluded,879.1011428571428,206.77371428571428,0
ljahBVDaBNE_17977-18466,5,2,1540.0,63.0,237.0,267.0,inside_visible,938.9061111111112,285.19888888888886,1
ljahBVDaBNE_17977-18466,5,3,1043.0,0.0,188.0,184.0,inside_visible,948.4434285714286,181.73357142857145,1
ljahBVDaBNE_17977-18466,6,1,431.0,0.0,264.0,168.0,inside_occluded,884.4944285714286,209.08514285714284,0
ljahBVDaBNE_17977-18466,6,2,1533.6666666666667,65.0,235.3333333333333,258.0,inside_visible,947.1158888888888,275.43111111111114,1
ljahBVDaBNE_17977-18466,6,3,1051.0,0.0,188.0,184.0,inside_visible,963.0822857142856,185.2007142857143,1
ljahBVDaBNE_17977-18466,7,1,441.6666666666667,0.0,263.99999999999994,168.0,inside_occluded,889.8877142857142,211.39657142857143,0
ljahBVDaBNE_17977-18466,7,2,1527.3333333333333,67.0,233.66666666666677,249.0,inside_visible,955.3256666666668,265.66333333333336,1
ljahBVDaBNE_17977-18466,7,3,1059.0,0.0,188.0,184.0,inside_visible,977.7211428571428,188.66785714285717,1
ljahBVDaBNE_17977-18466,8,1,452.3333333333333,0.0,264.00000000000006,168.0,gaze_shift,895.281,213.708,0
ljahBVDaBNE_17977-18466,8,2,1521.0,69.0,232.0,240.0,inside_visible,963.5354444444444,255.8955555555556,1
ljahBVDaBNE_17977-18466,8,3,1061.6666666666667,0.0,188.0,184.0,inside_visible,992.36,192.135,1
ljahBVDaBNE_17977-18466,9,1,463.0,0.0,264.0,168.0,gaze_shift,919.1015,214.607,0
ljahBVDaBNE_17977-18466,9,2,1515.5,67.75,232.0,240.0,inside_visible,971.7452222222224,246.1277777777778,1
ljahBVDaBNE_17977-18466,9,3,1064.3333333333333,0.0,188.0,184.0,inside_visible,991.2814,200.7642,1
ljahBVDaBNE_17977-18466,10,1,468.0,0.0,264.0,168.0,gaze_shift,942.922,215.506,0
ljahBVDaBNE_17977-18466,10,2,1510.0,66.5,232.0,240.0,inside_visible,979.955,236.36,1
ljahBVDaBNE_17977-18466,10,3,1067.0,0.0,188.0,184.0,inside_visible,990.2028,209.3934,1
ljahBVDaBNE_17977-18466,11,1,477.5,1.5,264.0,168.0,inside_visible,1256.63,726.068,0
ljahBVDaBNE_17977-18466,11,2,1504.5,65.25,232.0,240.0,inside_visible,1008.539,251.461,1
ljahBVDaBNE_17977-18466,11,3,1063.8,0.0,188.0,184.0,inside_visible,989.1242,218.0226,1
ljahBVDaBNE_17977-18466,12,1,487.0,3.0,264.0,168.0,inside_visible,1239.563,725.98025,0
ljahBVDaBNE_17977-18466,12,2,1499.0,64.0,232.0,240.0,inside_visible,1008.0398333333331,256.82800000000003,1
ljahBVDaBNE_17977-18466,12,3,1060.6,0.0,188.0,184.0,inside_visible,988.0456,226.6518,1
ljahBVDaBNE_17977-18466,13,1,487.0,3.0,248.0,168.0,inside_visible,1222.496,725.8924999999999,0
ljahBVDaBNE_17977-18466,13,2,1494.0,72.0,213.0,235.0,inside_visible,1007.5406666666668,262.195,1
ljahBVDaBNE_17977-18466,13,3,1057.4,0.0,188.0,184.0,inside_visible,986.967,235.281,1
ljahBVDaBNE_17977-18466,14,1,488.57142857142856,2.571428571428572,248.0,168.0,inside_visible,1205.429,725.80475,0
ljahBVDaBNE_17977-18466,14,2,1479.6666666666667,69.33333333333333,213.0,235.0,inside_visible,1007.0415,267.562,1
ljahBVDaBNE_17977-18466,14,3,1054.2,0.0,188.0,184.0,inside_visible,993.7085,262.2475,1
ljahBVDaBNE_17977-18466,15,1,490.1428571428572,2.142857142857143,247.99999999999997,168.0,inside_visible,1188.362,725.717,0
ljahBVDaBNE_17977-18466,15,2,1465.3333333333333,66.66666666666667,213.0,235.0,inside_visible,1006.5423333333332,272.92900000000003,1
ljahBVDaBNE_17977-18466,15,3,1051.0,0.0,188.0,184.0,inside_visible,1000.45,289.214,1
ljahBVDaBNE_17977-18466,16,1,491.7142857142857,1.7142857142857144,247.99999999999997,168.0,inside_visible,1219.373,708.189,0
ljahBVDaBNE_17977-18466,16,2,1451.0,64.0,213.0,235.0,inside_visible,1006.0431666666666,278.296,1
ljahBVDaBNE_17977-18466,16,3,1045.6666666666667,1.0,187.0,179.66666666666666,inside_visible,997.75325,312.13525,1
ljahBVDaBNE_17977-18466,17,1,493.2857142857143,1.2857142857142858,248.00000000000009,168.0,inside_visible,1177.575,704.144,0
ljahBVDaBNE_17977-18466,17,2,1464.0,59.0,213.0,235.0,inside_visible,1005.544,283.663,1
ljahBVDaBNE_17977-18466,17,3,1040.3333333333333,2.0,186.0,175.33333333333334,inside_visible,995.0565,335.0565,1
ljahBVDaBNE_17977-18466,18,1,494.8571428571428,0.8571428571428572,248.00000000000009,168.0,inside_visible,1197.8,698.751,0
ljahBVDaBNE_17977-18466,18,2,1457.5,59.0,213.0,235.0,inside_visible,1008.2406666666668,313.326,1
ljahBVDaBNE_17977-18466,18,3,1035.0,3.0,185.0,171.0,inside_visible,992.35975,357.97775,1
ljahBVDaBNE_17977-18466,19,1,496.4285714285714,0.4285714285714288,248.0,168.0,inside_visible,1218.025,696.054,0
ljahBVDaBNE_17977-18466,19,2,1451.0,59.0,213.0,235.0,inside_visible,1010.9373333333332,342.989,1
ljahBVDaBNE_17977-18466,19,3,1031.3333333333333,2.0,185.0,171.0,inside_visible,989.663,380.899,1
ljahBVDaBNE_17977-18466,20,1,498.0,0.0,248.0,168.0,inside_visible,1218.6653333333334,696.9015833333333,0
ljahBVDaBNE_17977-18466,20,2,1451.0,58.0,213.0,235.0,inside_visible,1013.634,372.652,1
ljahBVDaBNE_17977-18466,20,3,1027.6666666666667,1.0,185.0,171.0,inside_visible,991.4606666666668,394.382,1
ljahBVDaBNE_17977-18466,21,1,503.3333333333333,0.0,248.00000000000009,168.0,inside_visible,1219.3056666666666,697.7491666666666,0
ljahBVDaBNE_17977-18466,21,2,1451.0,57.0,213.0,235.0,inside_visible,1010.26325,397.59575,1
ljahBVDaBNE_17977-18466,21,3,1024.0,0.0,185.0,171.0,inside_visible,993.2583333333332,407.865,1
ljahBVDaBNE_17977-18466,22,1,508.6666666666667,0.0,247.99999999999997,168.0,inside_visible,1219.946,698.5967499999999,0
ljahBVDaBNE_17977-18466,22,2,1451.0,56.0,213.0,235.0,inside_visible,1006.8925,422.5395,1
ljahBVDaBNE_17977-18466,22,3,1025.3333333333333,0.0,185.0,171.0,inside_visible,995.056,421.348,1
ljahBVDaBNE_17977-18466,23,1,514.0,0.0,248.0,168.0,inside_visible,1220.5863333333334,699.4443333333334,0
ljahBVDaBNE_17977-18466,23,2,1451.0,55.0,213.0,235.0,inside_visible,1003.52175,447.48325,1
ljahBVDaBNE_17977-18466,23,3,1026.6666666666667,0.0,185.0,171.0,inside_visible,1011.236,442.9210000000001,1
ljahBVDaBNE_17977-18466,24,1,520.3333333333334,0.0,248.0,171.66666666666666,inside_visible,1221.2266666666667,700.2919166666667,0
ljahBVDaBNE_17977-18466,24,2,1451.0,54.0,213.0,235.0,inside_visible,1000.151,472.427,1
ljahBVDaBNE_17977-18466,24,3,1028.0,0.0,185.0,171.0,inside_visible,1027.416,464.494,1
ljahBVDaBNE_17977-18466,25,1,526.6666666666666,0.0,248.0,175.33333333333334,inside_visible,1221.8670000000002,701.1395,0
ljahBVDaBNE_17977-18466,25,2,1451.0,53.0,213.0,235.0,inside_visible,1020.825,493.101,1
ljahBVDaBNE_17977-18466,25,3,1029.3333333333333,0.0,185.0,171.0,inside_visible,1040.899,510.337,1
ljahBVDaBNE_17977-18466,26,1,533.0,0.0,248.0,179.0,inside_visible,1222.5073333333337,701.9870833333333,0
ljahBVDaBNE_17977-18466,26,2,1451.0,52.0,213.0,235.0,inside_visible,1041.499,513.775,1
ljahBVDaBNE_17977-18466,26,3,1030.6666666666667,0.0,185.0,171.0,inside_visible,1070.562,541.348,1
ljahBVDaBNE_17977-18466,27,1,548.0,0.0,248.0,179.0,inside_visible,1223.1476666666667,702.8346666666666,0
ljahBVDaBNE_17977-18466,27,2,1451.0,51.0,213.0,235.0,inside_visible,1062.173,534.449,1
ljahBVDaBNE_17977-18466,27,3,1032.0,0.0,185.0,171.0,inside_visible,1100.225,572.359,1
ljahBVDaBNE_17977-18466,28,1,563.0,0.0,248.0,179.0,inside_visible,1223.788,703.68225,0
ljahBVDaBNE_17977-18466,28,2,1451.0,50.0,213.0,235.0,inside_visible,1140.375,582.988,1
ljahBVDaBNE_17977-18466,28,3,1032.0,0.0,184.625,170.0,inside_visible,1123.1464999999998,587.1905,1
ljahBVDaBNE_17977-18466,29,1,563.0,0.0,237.0,184.0,inside_visible,1224.4283333333333,704.5298333333333,0
ljahBVDaBNE_17977-18466,29,2,1451.0,49.0,213.0,235.0,inside_visible,1148.465,591.078,1
ljahBVDaBNE_17977-18466,29,3,1032.0,0.0,184.25,169.0,inside_visible,1146.068,602.022,1
ljahBVDaBNE_17977-18466,30,1,579.0,0.0,237.0,184.0,inside_visible,1225.0686666666668,705.3774166666666,0
ljahBVDaBNE_17977-18466,30,2,1451.0,48.0,213.0,235.0,inside_visible,1156.5549999999998,599.168,1
ljahBVDaBNE_17977-18466,30,3,1032.0,0.0,183.875,168.0,inside_visible,1155.50625,608.0895,1
ljahBVDaBNE_17977-18466,31,1,588.5,0.0,237.0,184.0,inside_visible,1225.709,706.2249999999999,0
ljahBVDaBNE_17977-18466,31,2,1451.5555555555557,48.0,212.44444444444437,234.44444444444449,inside_visible,1164.645,607.258,1
ljahBVDaBNE_17977-18466,31,3,1032.0,0.0,183.5,167.0,inside_visible,1164.9445,614.157,1
ljahBVDaBNE_17977-18466,32,1,598.0,0.0,237.0,184.0,inside_visible,1226.349333333333,707.0725833333333,0
ljahBVDaBNE_17977-18466,32,2,1452.111111111111,48.0,211.8888888888889,233.8888888888889,inside_visible,1172.735,615.348,1
ljahBVDaBNE_17977-18466,32,3,1032.0,0.0,183.125,166.0,inside_visible,1174.38275,620.2245,1
ljahBVDaBNE_17977-18466,33,1,607.5,1.5,237.0,184.0,inside_visible,1226.9896666666668,707.9201666666667,0
ljahBVDaBNE_17977-18466,33,2,1452.6666666666667,48.0,211.3333333333333,233.3333333333333,inside_visible,1175.971,618.584,1
ljahBVDaBNE_17977-18466,33,3,1032.0,0.0,182.75,165.0,inside_visible,1183.821,626.292,1
ljahBVDaBNE_17977-18466,34,1,617.0,3.0,237.0,184.0,inside_visible,1227.63,708.76775,0
ljahBVDaBNE_17977-18466,34,2,1453.2222222222222,48.0,210.77777777777783,232.77777777777777,inside_visible,1179.207,621.8199999999999,1
ljahBVDaBNE_17977-18466,34,3,1032.0,0.0,182.375,164.0,inside_visible,1186.5175714285713,627.4477142857143,1
ljahBVDaBNE_17977-18466,35,1,628.0,3.0,237.0,184.0,inside_visible,1228.2703333333334,709.6153333333333,0
ljahBVDaBNE_17977-18466,35,2,1453.7777777777778,48.0,210.22222222222217,232.22222222222223,inside_visible,1182.443,625.056,1
ljahBVDaBNE_17977-18466,35,3,1032.0,0.0,182.0,163.0,inside_visible,1189.2141428571429,628.6034285714286,1
ljahBVDaBNE_17977-18466,36,1,641.0,0.0,237.0,195.0,inside_visible,1228.9106666666669,710.4629166666666,0
ljahBVDaBNE_17977-18466,36,2,1454.3333333333333,48.0,209.66666666666677,231.66666666666669,inside_visible,1185.679,628.292,1
ljahBVDaBNE_17977-18466,36,3,1032.0,0.0,182.0,163.0,inside_visible,1191.9107142857142,629.7591428571428,1
ljahBVDaBNE_17977-18466,37,1,650.0,0.0,237.0,195.0,inside_visible,1229.551,711.3104999999999,0
ljahBVDaBNE_17977-18466,37,2,1454.888888888889,48.0,209.1111111111111,231.1111111111111,inside_visible,1188.915,631.528,1
ljahBVDaBNE_17977-18466,37,3,1032.0,0.0,182.0,163.0,inside_visible,1194.6072857142856,630.9148571428572,1
ljahBVDaBNE_17977-18466,38,1,659.0,0.0,237.0,195.0,inside_visible,1230.1913333333334,712.1580833333333,0
ljahBVDaBNE_17977-18466,38,2,1455.4444444444443,48.0,208.55555555555569,230.55555555555557,inside_visible,1192.6902,633.6854000000001,1
ljahBVDaBNE_17977-18466,38,3,1032.0,0.0,182.0,163.0,inside_visible,1197.303857142857,632.0705714285714,1
ljahBVDaBNE_17977-18466,39,1,668.0,0.0,237.0,195.0,inside_visible,1230.8316666666667,713.0056666666667,0
ljahBVDaBNE_17977-18466,39,2,1456.0,48.0,208.0,230.0,inside_visible,1196.4654,635.8428,1
ljahBVDaBNE_17977-18466,39,3,1032.0,0.0,182.0,163.0,inside_visible,1200.0004285714283,633.2262857142857,1
ljahBVDaBNE_17977-18466,40,1,668.0,0.0,237.0,201.5,inside_visible,1231.472,713.85325,0
ljahBVDaBNE_17977-18466,40,2,1458.2,45.8,208.0,230.0,inside_visible,1200.2406,638.0002000000001,1
ljahBVDaBNE_17977-18466,40,3,1032.0,0.0,182.0,163.0,inside_visible,1202.697,634.382,1
ljahBVDaBNE_17977-18466,41,1,668.0,0.0,237.0,208.0,inside_visible,1232.1123333333337,714.7008333333333,0
ljahBVDaBNE_17977-18466,41,2,1460.4,43.6,208.0,230.00000000000003,inside_visible,1204.0158,640.1576,1
ljahBVDaBNE_17977-18466,41,3,1032.0,0.0,182.0,163.0,inside_visible,1199.401111111111,632.5842222222221,1
ljahBVDaBNE_17977-18466,42,1,671.2,0.0,237.0,208.0,inside_visible,1232.7526666666668,715.5484166666666,0
ljahBVDaBNE_17977-18466,42,2,1462.6,41.4,208.0,230.0,inside_visible,1207.791,642.315,1
ljahBVDaBNE_17977-18466,42,3,1032.0,0.0,182.0,163.0,inside_visible,1196.1052222222222,630.7864444444444,1
ljahBVDaBNE_17977-18466,43,1,674.4,0.0,237.0,208.0,inside_visible,1233.393,716.396,0
ljahBVDaBNE_17977-18466,43,2,1464.8,39.2,208.0,230.0,inside_visible,1199.1618,643.933,1
ljahBVDaBNE_17977-18466,43,3,1032.0,0.0,182.0,163.0,inside_visible,1192.8093333333334,628.9886666666666,1
ljahBVDaBNE_17977-18466,44,1,677.6,0.0,237.0,208.0,inside_visible,1226.921,708.8453999999999,0
ljahBVDaBNE_17977-18466,44,2,1467.0,37.0,208.0,230.0,inside_visible,1190.5326,645.551,1
ljahBVDaBNE_17977-18466,44,3,1032.0,0.0,182.0,163.0,inside_visible,1189.5134444444443,627.1908888888888,1
ljahBVDaBNE_17977-18466,45,1,680.8,0.0,237.0,208.0,inside_visible,1220.449,701.2948,0
ljahBVDaBNE_17977-18466,45,2,1467.764705882353,36.8235294117647,207.23529411764707,230.1764705882353,inside_visible,1181.9034,647.169,1
ljahBVDaBNE_17977-18466,45,3,1032.0,0.0,182.0,163.0,inside_visible,1186.2175555555557,625.3931111111111,1
ljahBVDaBNE_17977-18466,46,1,684.0,0.0,237.0,208.0,inside_visible,1213.977,693.7442,0
ljahBVDaBNE_17977-18466,46,2,1468.529411764706,36.64705882352941,206.47058823529412,230.35294117647055,inside_visible,1173.2742,648.787,1
ljahBVDaBNE_17977-18466,46,3,1032.0,0.0,182.0,163.0,inside_visible,1182.9216666666666,623.5953333333333,1
ljahBVDaBNE_17977-18466,47,1,684.0,0.0,237.72727272727275,208.5909090909091,inside_visible,1207.505,686.1936000000001,0
ljahBVDaBNE_17977-18466,47,2,1469.2941176470588,36.47058823529412,205.7058823529412,230.52941176470588,inside_visible,1164.645,650.405,1
ljahBVDaBNE_17977-18466,47,3,1032.0,0.0,182.0,163.0,inside_visible,1179.6257777777778,621.7975555555555,1
ljahBVDaBNE_17977-18466,48,1,684.0,0.0,238.4545454545455,209.1818181818182,inside_visible,1201.033,678.643,0
ljahBVDaBNE_17977-18466,48,2,1470.0588235294117,36.294117647058826,204.9411764705883,230.7058823529412,inside_visible,1169.701125,648.0455,1
ljahBVDaBNE_17977-18466,48,3,1032.0,0.0,182.0,163.0,inside_visible,1176.329888888889,619.9997777777778,1
ljahBVDaBNE_17977-18466,49,1,684.0,0.0,239.18181818181813,209.77272727272728,inside_visible,1197.2578,682.4182000000001,0
ljahBVDaBNE_17977-18466,49,2,1470.8235294117646,36.11764705882353,204.17647058823536,230.8823529411765,inside_visible,1174.75725,645.6859999999999,1
ljahBVDaBNE_17977-18466,49,3,1032.0,0.0,182.0,163.0,inside_visible,1173.034,618.202,1
ljahBVDaBNE_17977-18466,50,1,684.0,0.0,239.90909090909088,210.3636363636364,inside_visible,1193.4825999999998,686.1934,0
ljahBVDaBNE_17977-18466,50,2,1471.5882352941176,35.94117647058823,203.41176470588243,231.05882352941177,inside_visible,1179.813375,643.3265,1
ljahBVDaBNE_17977-18466,50,3,1032.0,0.0,182.0,163.0,inside_visible,1176.0003000000002,617.393,1
ljahBVDaBNE_17977-18466,51,1,684.0,0.0,240.63636363636363,210.95454545454547,inside_visible,1189.7074,689.9686,0
ljahBVDaBNE_17977-18466,51,2,1472.3529411764705,35.76470588235294,202.6470588235295,231.23529411764707,inside_visible,1184.8695,640.967,1
ljahBVDaBNE_17977-18466,51,3,1032.0,0.0,182.0,163.0,inside_visible,1178.9666,616.584,1
ljahBVDaBNE_17977-18466,52,1,684.0,0.0,241.3636363636364,211.54545454545453,inside_visible,1185.9322,693.7438,0
ljahBVDaBNE_17977-18466,52,2,1473.1176470588234,35.588235294117645,201.88235294117655,231.41176470588235,inside_visible,1189.925625,638.6075,1
ljahBVDaBNE_17977-18466,52,3,1032.0,0.0,182.0,163.0,inside_visible,1181.9329,615.775,1
ljahBVDaBNE_17977-18466,53,1,684.0,0.0,242.09090909090912,212.13636363636363,inside_visible,1182.157,697.519,0
ljahBVDaBNE_17977-18466,53,2,1473.8823529411766,35.411764705882355,201.11764705882345,231.58823529411765,inside_visible,1194.98175,636.248,1
ljahBVDaBNE_17977-18466,53,3,1032.0,0.0,182.0,163.0,inside_visible,1184.8992,614.966,1
ljahBVDaBNE_17977-18466,54,1,684.0,0.0,242.81818181818187,212.72727272727272,inside_visible,1196.9885,685.384,0
ljahBVDaBNE_17977-18466,54,2,1474.6470588235295,35.23529411764706,200.3529411764705,231.76470588235293,inside_visible,1200.037875,633.8885,1
ljahBVDaBNE_17977-18466,54,3,1032.0,0.0,182.0,163.0,inside_visible,1187.8655,614.1569999999999,1
ljahBVDaBNE_17977-18466,55,1,684.0,0.0,243.5454545454545,213.3181818181818,inside_visible,1211.82,673.249,0
ljahBVDaBNE_17977-18466,55,2,1475.4117647058824,35.05882352941177,199.5882352941176,231.94117647058823,inside_visible,1205.094,631.529,1
ljahBVDaBNE_17977-18466,55,3,1032.0,0.0,182.0,163.0,inside_visible,1190.8318,613.348,1
ljahBVDaBNE_17977-18466,56,1,684.0,0.0,244.27272727272725,213.9090909090909,inside_visible,1222.6065,671.9005,0
ljahBVDaBNE_17977-18466,56,2,1476.1764705882354,34.88235294117647,198.82352941176464,232.11764705882356,inside_visible,1209.813,632.20325,1
ljahBVDaBNE_17977-18466,56,3,1032.0,0.0,182.0,163.0,inside_visible,1193.7981,612.539,1
ljahBVDaBNE_17977-18466,57,1,684.0,0.0,245.0,214.5,inside_visible,1233.393,670.552,0
ljahBVDaBNE_17977-18466,57,2,1476.9411764705883,34.705882352941174,198.0588235294117,232.29411764705884,inside_visible,1214.5320000000002,632.8775,1
ljahBVDaBNE_17977-18466,57,3,1032.0,0.0,182.0,163.0,inside_visible,1196.7644,611.73,1
ljahBVDaBNE_17977-18466,58,1,684.0,0.0,245.72727272727275,215.0909090909091,inside_visible,1226.6515,674.597,0
ljahBVDaBNE_17977-18466,58,2,1477.7058823529412,34.529411764705884,197.2941176470588,232.4705882352941,inside_visible,1219.251,633.55175,1
ljahBVDaBNE_17977-18466,58,3,1032.0,0.0,182.0,163.0,inside_visible,1199.7306999999998,610.9209999999999,1
ljahBVDaBNE_17977-18466,59,1,684.0,0.0,246.4545454545455,215.6818181818182,inside_visible,1219.91,678.642,0
ljahBVDaBNE_17977-18466,59,2,1478.470588235294,34.35294117647059,196.52941176470583,232.64705882352945,inside_visible,1223.97,634.226,1
ljahBVDaBNE_17977-18466,59,3,1032.0,0.0,182.0,163.0,inside_visible,1202.697,610.112,1
ljahBVDaBNE_17977-18466,60,1,684.0,0.0,247.18181818181813,216.27272727272728,inside_visible,1213.1685,682.687,0
ljahBVDaBNE_17977-18466,60,2,1479.235294117647,34.1764705882353,195.76470588235293,232.8235294117647,inside_visible,1219.251,638.271,1
ljahBVDaBNE_17977-18466,60,3,1032.0,0.0,182.0,163.0,inside_visible,1196.8543333333332,610.112,1
ljahBVDaBNE_17977-18466,61,1,684.0,0.0,247.90909090909088,216.8636363636364,inside_visible,1206.427,686.732,0
ljahBVDaBNE_17977-18466,61,2,1480.0,34.0,195.0,233.0,inside_visible,1214.5320000000002,642.316,1
ljahBVDaBNE_17977-18466,61,3,1032.0,0.0,182.0,163.0,inside_visible,1191.0116666666663,610.112,1
ljahBVDaBNE_17977-18466,62,1,684.0,0.0,248.63636363636363,217.45454545454547,inside_visible,1201.0338,691.0466,0
ljahBVDaBNE_17977-18466,62,2,1479.9,34.1,195.0,233.00000000000003,inside_visible,1209.813,646.361,1
ljahBVDaBNE_17977-18466,62,3,1032.0,0.0,182.0,163.0,inside_visible,1185.169,610.112,1
ljahBVDaBNE_17977-18466,63,1,684.0,0.0,249.3636363636364,218.04545454545453,inside_visible,1195.6406,695.3611999999999,0
ljahBVDaBNE_17977-18466,63,2,1479.8,34.2,195.0,233.0,inside_visible,1205.094,650.406,1
ljahBVDaBNE_17977-18466,63,3,1032.0,0.0,182.0,163.0,inside_visible,1179.3263333333334,610.112,1
ljahBVDaBNE_17977-18466,64,1,684.0,0.0,250.09090909090912,218.63636363636363,inside_visible,1190.2474,699.6758,0
ljahBVDaBNE_17977-18466,64,2,1479.7,34.3,195.0,233.0,inside_visible,1192.959,658.496,1
ljahBVDaBNE_17977-18466,64,3,1032.0,0.0,182.0,163.0,inside_visible,1173.4836666666667,610.112,1
ljahBVDaBNE_17977-18466,65,1,684.0,0.0,250.81818181818187,219.22727272727272,inside_visible,1184.8542,703.9903999999999,0
ljahBVDaBNE_17977-18466,65,2,1479.6,34.4,195.0,233.0,inside_visible,1180.824,666.586,1
ljahBVDaBNE_17977-18466,65,3,1032.0,0.0,182.0,163.0,inside_visible,1167.641,610.112,1
ljahBVDaBNE_17977-18466,66,1,684.0,0.0,251.5454545454545,219.8181818181818,inside_visible,1179.461,708.305,0
ljahBVDaBNE_17977-18466,66,2,1479.5,34.5,195.0,233.0,inside_visible,1180.14975,670.631,1
ljahBVDaBNE_17977-18466,66,3,1032.0,0.0,182.0,163.0,inside_visible,1171.01175,609.774875,1
ljahBVDaBNE_17977-18466,67,1,684.0,0.0,252.27272727272725,220.4090909090909,inside_visible,1179.461,702.91175,0
ljahBVDaBNE_17977-18466,67,2,1479.4,34.6,195.0,233.00000000000003,inside_visible,1179.4755,674.6759999999999,1
ljahBVDaBNE_17977-18466,67,3,1032.0,0.0,182.0,163.0,inside_visible,1174.3825000000002,609.4377499999999,1
ljahBVDaBNE_17977-18466,68,1,684.0,0.0,253.0,221.0,inside_visible,1179.461,697.5184999999999,0
ljahBVDaBNE_17977-18466,68,2,1479.3,34.7,195.0,233.0,inside_visible,1178.80125,678.721,1
ljahBVDaBNE_17977-18466,68,3,1032.0,0.0,182.0,163.0,inside_visible,1177.75325,609.1006249999999,1
ljahBVDaBNE_17977-18466,69,1,686.75,0.0,253.0,221.0,inside_visible,1179.461,692.1252499999999,0
ljahBVDaBNE_17977-18466,69,2,1479.2,34.8,195.0,233.0,inside_visible,1178.127,682.766,1
ljahBVDaBNE_17977-18466,69,3,1032.0,0.0,182.0,163.0,inside_visible,1181.124,608.7635,1
ljahBVDaBNE_17977-18466,70,1,689.5,0.0,253.0,221.0,inside_visible,1179.461,686.732,0
ljahBVDaBNE_17977-18466,70,2,1479.1,34.9,195.0,233.0,inside_visible,1186.217,670.631,1
ljahBVDaBNE_17977-18466,70,3,1032.0,0.0,182.0,163.0,inside_visible,1184.49475,608.426375,1
ljahBVDaBNE_17977-18466,71,1,692.25,0.0,253.0,221.0,inside_visible,1187.551,692.125,0
ljahBVDaBNE_17977-18466,71,2,1479.0,35.0,195.0,233.0,inside_visible,1194.307,658.496,1
ljahBVDaBNE_17977-18466,71,3,1032.0,0.0,182.0,163.0,inside_visible,1187.8655,608.08925,1
ljahBVDaBNE_17977-18466,72,1,695.0,0.0,253.0,221.0,inside_visible,1214.517,673.249,0
ljahBVDaBNE_17977-18466,72,2,1478.9,35.1,195.0,233.00000000000003,inside_visible,1203.2956666666666,657.597,1
ljahBVDaBNE_17977-18466,72,3,1032.0,0.0,182.0,163.0,inside_visible,1191.23625,607.752125,1
ljahBVDaBNE_17977-18466,73,1,696.8333333333334,0.0,253.0,221.0,inside_visible,1209.1236666666666,676.8445,0
ljahBVDaBNE_17977-18466,73,2,1478.8,35.2,195.0,233.0,inside_visible,1212.2843333333333,656.698,1
ljahBVDaBNE_17977-18466,73,3,1032.0,0.0,182.0,163.0,inside_visible,1194.607,607.415,1
ljahBVDaBNE_17977-18466,74,1,698.6666666666666,0.0,253.0,221.0,inside_visible,1203.7303333333334,680.44,0
ljahBVDaBNE_17977-18466,74,2,1478.7,35.3,195.0,233.0,inside_visible,1221.273,655.799,1
ljahBVDaBNE_17977-18466,74,3,1032.0,0.0,182.0,163.0,inside_visible,1191.0115,606.9655,1
ljahBVDaBNE_17977-18466,75,1,700.5,0.0,253.0,221.0,inside_visible,1198.337,684.0355,0
ljahBVDaBNE_17977-18466,75,2,1478.6,35.4,195.0,233.0,inside_visible,1215.87975,658.49575,1
ljahBVDaBNE_17977-18466,75,3,1032.0,0.0,182.0,163.0,inside_visible,1187.416,606.516,1
ljahBVDaBNE_17977-18466,76,1,702.3333333333334,0.0,253.0,221.0,inside_visible,1192.9436666666666,687.631,0
ljahBVDaBNE_17977-18466,76,2,1478.5,35.5,195.0,233.0,inside_visible,1210.4865,661.1925,1
ljahBVDaBNE_17977-18466,76,3,1032.0,0.0,182.0,163.0,inside_visible,1183.8205,606.0664999999999,1
ljahBVDaBNE_17977-18466,77,1,704.1666666666666,0.0,253.0,221.0,inside_visible,1187.5503333333334,691.2265,0
ljahBVDaBNE_17977-18466,77,2,1478.4,35.6,195.0,233.00000000000003,inside_visible,1205.09325,663.88925,1
ljahBVDaBNE_17977-18466,77,3,1032.0,0.0,182.0,163.0,inside_visible,1180.225,605.617,1
ljahBVDaBNE_17977-18466,78,1,706.0,0.0,253.0,221.0,inside_visible,1182.157,694.822,0
ljahBVDaBNE_17977-18466,78,2,1478.3,35.7,195.0,233.0,inside_visible,1199.7,666.586,1
ljahBVDaBNE_17977-18466,78,3,1032.0,0.0,182.0,163.0,inside_visible,1176.6295,605.1675,1
ljahBVDaBNE_17977-18466,79,1,706.0,0.0,253.0,222.57142857142856,inside_visible,1175.4155,704.26,0
ljahBVDaBNE_17977-18466,79,2,1478.2,35.8,195.0,233.0,inside_visible,1188.23925,675.35,1
ljahBVDaBNE_17977-18466,79,3,1032.0,0.0,182.0,163.0,inside_visible,1173.034,604.718,1
ljahBVDaBNE_17977-18466,80,1,706.0,0.0,253.0,224.14285714285717,inside_visible,1168.674,713.698,0
ljahBVDaBNE_17977-18466,80,2,1478.1,35.9,195.0,233.0,inside_visible,1176.7785,684.114,1
ljahBVDaBNE_17977-18466,80,3,1032.0,0.0,182.0,163.0,inside_visible,1173.034,604.9524927536231,1
ljahBVDaBNE_17977-18466,81,1,706.0,0.0,253.0,225.7142857142857,inside_visible,1155.191,717.7429999999999,0
ljahBVDaBNE_17977-18466,81,2,1478.0,36.0,195.0,233.0,inside_visible,1165.31775,692.878,1
ljahBVDaBNE_17977-18466,81,3,1032.0,0.0,182.0,163.0,inside_visible,1173.034,605.1869855072464,1
ljahBVDaBNE_17977-18466,82,1,706.0,0.0,253.0,227.28571428571428,inside_visible,1141.708,721.788,0
ljahBVDaBNE_17977-18466,82,2,1477.9,36.1,195.0,233.00000000000003,inside_visible,1153.857,701.642,1
ljahBVDaBNE_17977-18466,82,3,1032.0,0.0,182.0,163.0,inside_visible,1173.034,605.4214782608695,1
ljahBVDaBNE_17977-18466,83,1,706.0,0.0,253.0,228.8571428571429,inside_visible,1149.7978,713.1588,0
ljahBVDaBNE_17977-18466,83,2,1477.8,36.2,195.0,233.0,inside_visible,1165.31775,691.52975,1
ljahBVDaBNE_17977-18466,83,3,1032.0,0.0,182.0,163.0,inside_visible,1173.034,605.6559710144927,1
ljahBVDaBNE_17977-18466,84,1,706.0,0.0,253.0,230.42857142857144,inside_visible,1157.8876,704.5296000000001,0
ljahBVDaBNE_17977-18466,84,2,1477.7,36.3,195.0,233.0,inside_visible,1176.7785,681.4175,1
ljahBVDaBNE_17977-18466,84,3,1032.0,0.0,182.0,163.0,inside_visible,1173.034,605.8904637681159,1
ljahBVDaBNE_17977-18466,85,1,706.0,0.0,253.0,232.0,inside_visible,1165.9774,695.9004,0
ljahBVDaBNE_17977-18466,85,2,1477.6,36.4,195.0,233.0,inside_visible,1188.23925,671.30525,1
ljahBVDaBNE_17977-18466,85,3,1032.0,0.0,182.0,163.0,inside_visible,1173.034,606.1249565217391,1
ljahBVDaBNE_17977-18466,86,1,706.0,0.0,253.0,235.66666666666663,inside_visible,1174.0672,687.2712,0
ljahBVDaBNE_17977-18466,86,2,1477.5,36.5,195.0,233.0,inside_visible,1199.7,661.193,1
ljahBVDaBNE_17977-18466,86,3,1032.0,0.0,182.0,163.0,inside_visible,1173.034,606.3594492753623,1
ljahBVDaBNE_17977-18466,87,1,706.0,0.0,253.0,239.33333333333331,inside_visible,1182.157,678.642,0
ljahBVDaBNE_17977-18466,87,2,1477.4,36.6,195.0,233.00000000000003,inside_visible,1195.8477142857143,666.201,1
ljahBVDaBNE_17977-18466,87,3,1032.0,0.0,182.0,163.0,inside_visible,1173.034,606.5939420289855,1
ljahBVDaBNE_17977-18466,88,1,706.0,0.0,253.0,243.0,inside_visible,1196.9885,682.687,0
ljahBVDaBNE_17977-18466,88,2,1477.3,36.7,195.0,233.0,inside_visible,1191.9954285714286,671.209,1
ljahBVDaBNE_17977-18466,88,3,1032.0,0.0,182.0,163.0,inside_visible,1173.034,606.8284347826086,1
ljahBVDaBNE_17977-18466,89,1,706.0,0.0,253.0,246.66666666666663,inside_visible,1211.82,686.732,0
ljahBVDaBNE_17977-18466,89,2,1477.2,36.8,195.0,233.0,inside_visible,1188.143142857143,676.217,1
ljahBVDaBNE_17977-18466,89,3,1032.0,0.0,182.0,163.0,inside_visible,1173.034,607.0629275362319,1
ljahBVDaBNE_17977-18466,90,1,706.0,0.0,253.0,250.33333333333331,inside_visible,1205.0785,689.4285,0
ljahBVDaBNE_17977-18466,90,2,1477.1,36.9,195.0,233.0,inside_visible,1184.290857142857,681.225,1
ljahBVDaBNE_17977-18466,90,3,1032.0,0.0,182.0,163.0,inside_visible,1173.034,607.297420289855,1
ljahBVDaBNE_17977-18466,91,1,706.0,0.0,253.0,254.0,inside_visible,1198.337,692.125,0
ljahBVDaBNE_17977-18466,91,2,1477.0,37.0,195.0,233.0,inside_visible,1180.438571428571,686.2330000000001,1
ljahBVDaBNE_17977-18466,91,3,1032.0,0.0,182.0,163.0,inside_visible,1173.034,607.5319130434782,1
ljahBVDaBNE_17977-18466,92,1,706.3636363636364,0.1363636363636363,253.0,254.0,inside_visible,1185.528,700.215,0
ljahBVDaBNE_17977-18466,92,2,1477.0,39.375,195.0,233.0,inside_visible,1176.5862857142856,691.241,1
ljahBVDaBNE_17977-18466,92,3,1032.0,0.0,182.0,163.0,inside_visible,1173.034,607.7664057971015,1
ljahBVDaBNE_17977-18466,93,1,706.7272727272727,0.2727272727272727,253.0,254.0,inside_visible,1172.719,708.3050000000001,0
ljahBVDaBNE_17977-18466,93,2,1477.0,41.75,195.0,233.0,inside_visible,1172.734,696.249,1
ljahBVDaBNE_17977-18466,93,3,1032.0,0.0,182.0,163.0,inside_visible,1173.034,608.0008985507246,1
ljahBVDaBNE_17977-18466,94,1,707.0909090909091,0.409090909090909,253.0,254.0,inside_visible,1159.91,716.395,0
ljahBVDaBNE_17977-18466,94,2,1477.0,44.125,195.0,233.0,inside_visible,1159.251,705.2376666666667,1
ljahBVDaBNE_17977-18466,94,3,1032.0,0.0,182.0,163.0,inside_visible,1173.034,608.2353913043478,1
ljahBVDaBNE_17977-18466,95,1,707.4545454545455,0.5454545454545454,253.0,254.0,inside_visible,1147.101,724.485,0
ljahBVDaBNE_17977-18466,95,2,1477.0,46.5,195.0,233.0,inside_visible,1145.768,714.2263333333334,1
ljahBVDaBNE_17977-18466,95,3,1032.0,0.0,182.0,163.0,inside_visible,1173.034,608.469884057971,1
ljahBVDaBNE_17977-18466,96,1,707.8181818181819,0.6818181818181818,253.0,254.0,inside_visible,1140.3595,724.485,0
ljahBVDaBNE_17977-18466,96,2,1477.0,48.875,195.0,233.0,inside_visible,1132.285,723.215,1
ljahBVDaBNE_17977-18466,96,3,1032.0,0.0,182.0,163.0,inside_visible,1173.034,608.7043768115942,1
ljahBVDaBNE_17977-18466,97,1,708.1818181818181,0.8181818181818181,253.0,254.0,inside_visible,1133.618,724.485,0
ljahBVDaBNE_17977-18466,97,2,1477.0,51.25,195.0,233.0,inside_visible,1139.2962,716.2038,1
ljahBVDaBNE_17977-18466,97,3,1032.0,0.0,182.0,163.0,inside_visible,1173.034,608.9388695652174,1
ljahBVDaBNE_17977-18466,98,1,708.5454545454545,0.9545454545454546,253.0,254.0,inside_visible,1139.0113333333334,713.6983333333334,0
ljahBVDaBNE_17977-18466,98,2,1477.0,53.625,195.0,233.0,inside_visible,1146.3074,709.1926,1
ljahBVDaBNE_17977-18466,98,3,1032.0,0.0,182.0,163.0,inside_visible,1173.034,609.1733623188405,1
ljahBVDaBNE_17977-18466,99,1,708.9090909090909,1.0909090909090908,253.0,254.0,inside_visible,1144.4046666666666,702.9116666666666,0
ljahBVDaBNE_17977-18466,99,2,1477.0,56.0,195.0,233.0,inside_visible,1153.3186,702.1814,1
ljahBVDaBNE_17977-18466,99,3,1032.0,0.0,182.0,163.0,inside_visible,1173.034,609.4078550724638,1
ljahBVDaBNE_17977-18466,100,1,709.2727272727273,1.2272727272727273,253.0,254.0,inside_visible,1149.798,692.125,0
ljahBVDaBNE_17977-18466,100,2,1477.0,54.66666666666666,195.0,233.00000000000003,inside_visible,1160.3298,695.1702,1
ljahBVDaBNE_17977-18466,100,3,1032.0,0.0,182.0,163.0,inside_visible,1173.034,609.642347826087,1
ljahBVDaBNE_17977-18466,101,1,709.6363636363636,1.3636363636363635,253.0,254.0,inside_visible,1162.3823333333332,692.125,0
ljahBVDaBNE_17977-18466,101,2,1477.0,53.333333333333336,195.0,233.0,inside_visible,1167.341,688.159,1
ljahBVDaBNE_17977-18466,101,3,1032.0,0.0,182.0,163.0,inside_visible,1173.034,609.8768405797101,1
ljahBVDaBNE_17977-18466,102,1,710.0,1.5,253.0,254.0,inside_visible,1174.9666666666667,692.125,0
ljahBVDaBNE_17977-18466,102,2,1477.0,52.0,195.0,233.0,inside_visible,1174.75675,686.1365,1
ljahBVDaBNE_17977-18466,102,3,1032.0,0.0,182.0,163.0,inside_visible,1173.034,610.1113333333333,1
ljahBVDaBNE_17977-18466,103,1,710.3636363636364,1.6363636363636362,253.0,254.0,inside_visible,1187.551,692.125,0
ljahBVDaBNE_17977-18466,103,2,1477.0,50.66666666666666,195.0,233.00000000000003,inside_visible,1182.1725,684.114,1
ljahBVDaBNE_17977-18466,103,3,1032.0,0.0,182.0,163.0,inside_visible,1173.034,610.3458260869565,1
ljahBVDaBNE_17977-18466,104,1,710.7272727272727,1.772727272727273,253.0,254.0,inside_visible,1195.641,692.125,0
ljahBVDaBNE_17977-18466,104,2,1477.0,49.333333333333336,195.0,233.0,inside_visible,1189.5882499999998,682.0915,1
ljahBVDaBNE_17977-18466,104,3,1032.75,0.75,182.0,163.0,inside_visible,1173.034,610.5803188405797,1
ljahBVDaBNE_17977-18466,105,1,711.0909090909091,1.9090909090909087,253.0,254.0,inside_visible,1203.731,692.125,0
ljahBVDaBNE_17977-18466,105,2,1477.0,48.0,195.0,233.0,inside_visible,1197.004,680.069,1
ljahBVDaBNE_17977-18466,105,3,1033.5,1.5,182.0,163.0,inside_visible,1173.034,610.8148115942029,1
ljahBVDaBNE_17977-18466,106,1,711.4545454545455,2.0454545454545454,253.0,254.00000000000003,inside_visible,1195.641,700.215,0
ljahBVDaBNE_17977-18466,106,2,1477.625,49.375,195.0,233.0,inside_visible,1189.9928,688.6981999999999,1
ljahBVDaBNE_17977-18466,106,3,1034.25,2.25,182.0,163.0,inside_visible,1173.034,611.049304347826,1
ljahBVDaBNE_17977-18466,107,1,711.8181818181819,2.1818181818181817,253.0,254.0,inside_visible,1187.551,708.305,0
ljahBVDaBNE_17977-18466,107,2,1478.25,50.75,195.0,233.0,inside_visible,1182.9816,697.3274,1
ljahBVDaBNE_17977-18466,107,3,1035.0,3.0,182.0,163.0,inside_visible,1173.034,611.2837971014493,1
ljahBVDaBNE_17977-18466,108,1,712.1818181818181,2.3181818181818183,253.0,254.0,inside_visible,1179.461,716.395,0
ljahBVDaBNE_17977-18466,108,2,1478.875,52.125,195.0,233.0,inside_visible,1175.9704,705.9566,1
ljahBVDaBNE_17977-18466,108,3,1035.5,3.0,181.5,165.16666666666666,inside_visible,1173.034,611.5182898550725,1
ljahBVDaBNE_17977-18466,109,1,712.5454545454545,2.4545454545454546,253.0,254.0,inside_visible,1172.7195000000002,729.8779999999999,0
ljahBVDaBNE_17977-18466,109,2,1479.5,53.5,195.0,233.0,inside_visible,1168.9592,714.5858000000001,1
ljahBVDaBNE_17977-18466,109,3,1036.0,3.0,181.0,167.33333333333334,inside_visible,1173.034,611.7527826086956,1
ljahBVDaBNE_17977-18466,110,1,712.9090909090909,2.590909090909091,253.0,254.0,inside_visible,1165.978,743.361,0
ljahBVDaBNE_17977-18466,110,2,1480.125,54.875,195.0,233.0,inside_visible,1161.948,723.215,1
ljahBVDaBNE_17977-18466,110,3,1036.5,3.0,180.5,169.5,inside_visible,1173.034,611.9872753623189,1
ljahBVDaBNE_17977-18466,111,1,713.2727272727273,2.727272727272727,253.0,254.00000000000003,inside_visible,1143.0565,750.1025,0
ljahBVDaBNE_17977-18466,111,2,1480.75,56.25,195.0,233.0,inside_visible,1152.0603333333331,727.7093333333333,1
ljahBVDaBNE_17977-18466,111,3,1037.0,3.0,180.0,171.66666666666666,inside_visible,1173.034,612.221768115942,1
ljahBVDaBNE_17977-18466,112,1,713.6363636363636,2.863636363636364,253.0,254.0,inside_visible,1120.135,756.844,0
ljahBVDaBNE_17977-18466,112,2,1481.375,57.625,195.0,233.0,inside_visible,1142.1726666666668,732.2036666666667,1
ljahBVDaBNE_17977-18466,112,3,1037.5,3.0,179.5,173.83333333333334,inside_visible,1173.034,612.4562608695652,1
ljahBVDaBNE_17977-18466,113,1,714.0,3.0,253.0,254.0,inside_visible,1130.9215,748.754,0
ljahBVDaBNE_17977-18466,113,2,1482.0,59.0,195.0,233.0,inside_visible,1132.285,736.698,1
ljahBVDaBNE_17977-18466,113,3,1038.0,3.0,179.0,176.0,inside_visible,1173.034,612.6907536231884,1
ljahBVDaBNE_17977-18466,114,1,712.625,3.0,254.375,254.0,inside_visible,1141.708,740.664,0
ljahBVDaBNE_17977-18466,114,2,1480.6666666666667,59.0,195.0,233.0,inside_visible,1143.0716,729.1474,1
ljahBVDaBNE_17977-18466,114,3,1038.0,3.733333333333333,179.0,176.0,inside_visible,1173.034,612.9252463768116,1
ljahBVDaBNE_17977-18466,115,1,711.25,3.0,255.75,254.0,inside_visible,1152.4945,732.5740000000001,0
ljahBVDaBNE_17977-18466,115,2,1479.3333333333333,59.0,195.0,233.0,inside_visible,1153.8582,721.5968,1
ljahBVDaBNE_17977-18466,115,3,1038.0,4.466666666666667,179.0,176.0,inside_visible,1173.034,613.1597391304348,1
ljahBVDaBNE_17977-18466,116,1,709.875,3.0,257.125,254.0,inside_visible,1163.281,724.484,0
ljahBVDaBNE_17977-18466,116,2,1478.0,59.0,195.0,233.0,inside_visible,1164.6448,714.0462,1
ljahBVDaBNE_17977-18466,116,3,1038.0,5.2,179.0,176.0,inside_visible,1173.034,613.394231884058,1
ljahBVDaBNE_17977-18466,117,1,708.5,3.0,258.5,254.0,inside_visible,1184.854,705.608,0
ljahBVDaBNE_17977-18466,117,2,1476.6666666666667,59.0,195.0,233.0,inside_visible,1175.4314000000002,706.4956000000001,1
ljahBVDaBNE_17977-18466,117,3,1038.0,5.933333333333334,179.0,176.0,inside_visible,1173.034,613.6287246376811,1
ljahBVDaBNE_17977-18466,118,1,707.125,3.0,259.875,254.0,inside_visible,1194.292,704.2594999999999,0
ljahBVDaBNE_17977-18466,118,2,1475.3333333333333,59.0,195.0,233.0,inside_visible,1186.218,698.945,1
ljahBVDaBNE_17977-18466,118,3,1038.0,6.666666666666666,179.0,176.0,inside_visible,1173.034,613.8632173913044,1
ljahBVDaBNE_17977-18466,119,1,705.75,3.0,261.25,254.0,inside_visible,1203.73,702.911,0
ljahBVDaBNE_17977-18466,119,2,1474.0,59.0,195.0,233.0,inside_visible,1202.3976666666667,698.046,1
ljahBVDaBNE_17977-18466,119,3,1038.0,7.4,179.0,176.0,inside_visible,1173.034,614.0977101449275,1
ljahBVDaBNE_17977-18466,120,1,704.375,3.0,262.625,254.0,inside_visible,1171.37,735.271,0
ljahBVDaBNE_17977-18466,120,2,1473.625,60.0,195.0,233.0,inside_visible,1218.5773333333334,697.147,1
ljahBVDaBNE_17977-18466,120,3,1038.0,8.133333333333333,179.0,176.0,inside_visible,1173.034,614.3322028985507,1
ljahBVDaBNE_17977-18466,121,1,703.0,3.0,264.0,254.0,inside_visible,1171.4003033707863,735.5739887640449,0
ljahBVDaBNE_17977-18466,121,2,1473.25,61.0,195.0,233.0,inside_visible,1234.757,696.248,1
ljahBVDaBNE_17977-18466,121,3,1038.0,8.866666666666667,179.0,176.0,inside_visible,1173.034,614.566695652174,1
ljahBVDaBNE_17977-18466,122,1,703.0,3.0,264.0,256.0,inside_visible,1171.430606741573,735.8769775280898,0
ljahBVDaBNE_17977-18466,122,2,1472.875,62.0,195.0,233.0,inside_visible,1230.2626666666667,700.7423333333334,1
ljahBVDaBNE_17977-18466,122,3,1038.0,9.6,179.0,176.0,inside_visible,1173.034,614.8011884057971,1
ljahBVDaBNE_17977-18466,123,1,703.0,3.0,264.0,258.0,inside_visible,1171.4609101123594,736.1799662921347,0
ljahBVDaBNE_17977-18466,123,2,1472.5,63.0,195.0,233.0,inside_visible,1225.7683333333334,705.2366666666667,1
ljahBVDaBNE_17977-18466,123,3,1038.0,10.333333333333332,179.0,176.0,inside_visible,1173.034,615.0356811594203,1
ljahBVDaBNE_17977-18466,124,1,703.0,3.0,264.0,260.0,inside_visible,1171.491213483146,736.4829550561798,0
ljahBVDaBNE_17977-18466,124,2,1472.125,64.0,195.0,233.0,inside_visible,1221.274,709.731,1
ljahBVDaBNE_17977-18466,124,3,1038.0,11.066666666666666,179.0,176.0,inside_visible,1173.034,615.2701739130434,1
ljahBVDaBNE_17977-18466,125,1,703.0,3.0,264.0,262.0,inside_visible,1171.5215168539326,736.7859438202247,0
ljahBVDaBNE_17977-18466,125,2,1471.75,65.0,195.0,233.0,inside_visible,1216.7796666666666,714.2253333333334,1
ljahBVDaBNE_17977-18466,125,3,1038.0,11.8,179.0,176.0,inside_visible,1173.034,615.5046666666667,1
ljahBVDaBNE_17977-18466,126,1,703.0,3.0,264.0,264.0,inside_visible,1171.551820224719,737.0889325842696,0
ljahBVDaBNE_17977-18466,126,2,1471.375,66.0,195.0,233.0,inside_visible,1212.2853333333333,718.7196666666667,1
ljahBVDaBNE_17977-18466,126,3,1038.0,12.533333333333331,179.0,176.0,inside_visible,1173.034,615.7391594202899,1
ljahBVDaBNE_17977-18466,127,1,703.0,3.0,264.0,266.0,inside_visible,1171.5821235955054,737.3919213483146,0
ljahBVDaBNE_17977-18466,127,2,1471.0,67.0,195.0,233.0,inside_visible,1207.791,723.214,1
ljahBVDaBNE_17977-18466,127,3,1038.0,13.266666666666667,179.0,176.0,inside_visible,1173.034,615.973652173913,1
ljahBVDaBNE_17977-18466,128,1,703.0,3.0,264.0,268.0,inside_visible,1171.612426966292,737.6949101123595,0
ljahBVDaBNE_17977-18466,128,2,1471.0,68.22222222222223,195.0,233.0,inside_visible,1192.9595,736.697,1
ljahBVDaBNE_17977-18466,128,3,1038.0,14.0,179.0,176.0,inside_visible,1173.034,616.2081449275363,1
ljahBVDaBNE_17977-18466,129,1,703.0,3.0,264.0,270.0,inside_visible,1171.6427303370783,737.9978988764044,0
ljahBVDaBNE_17977-18466,129,2,1471.0,69.44444444444444,195.0,233.0,inside_visible,1178.128,750.18,1
ljahBVDaBNE_17977-18466,129,3,1038.0,14.458333333333334,179.0,176.0,inside_visible,1173.034,616.4426376811595,1
ljahBVDaBNE_17977-18466,130,1,703.6842105263158,2.8421052631578947,264.0,270.0,inside_visible,1171.673033707865,738.3008876404494,0
ljahBVDaBNE_17977-18466,130,2,1471.0,70.66666666666667,195.0,233.0,inside_visible,1172.73475,749.5057499999999,1
ljahBVDaBNE_17977-18466,130,3,1038.0,14.916666666666666,179.0,176.0,inside_visible,1173.034,616.6771304347826,1
ljahBVDaBNE_17977-18466,131,1,704.3684210526316,2.6842105263157894,264.0,270.0,inside_visible,1171.7033370786517,738.6038764044944,0
ljahBVDaBNE_17977-18466,131,2,1471.0,71.88888888888889,195.0,233.00000000000003,inside_visible,1167.3415,748.8315,1
ljahBVDaBNE_17977-18466,131,3,1038.0,15.375,179.0,176.0,inside_visible,1173.034,616.9116231884058,1
ljahBVDaBNE_17977-18466,132,1,705.0526315789474,2.526315789473684,264.0,270.0,inside_visible,1171.733640449438,738.9068651685393,0
ljahBVDaBNE_17977-18466,132,2,1471.0,73.11111111111111,195.0,233.0,inside_visible,1161.94825,748.15725,1
ljahBVDaBNE_17977-18466,132,3,1038.0,15.833333333333334,179.0,176.0,inside_visible,1173.034,617.146115942029,1
ljahBVDaBNE_17977-18466,133,1,705.7368421052631,2.3684210526315788,264.0,270.0,inside_visible,1171.7639438202243,739.2098539325842,0
ljahBVDaBNE_17977-18466,133,2,1471.0,74.33333333333333,195.0,233.0,inside_visible,1156.555,747.483,1
ljahBVDaBNE_17977-18466,133,3,1038.0,16.291666666666668,179.0,176.0,inside_visible,1173.034,617.3806086956522,1
ljahBVDaBNE_17977-18466,134,1,706.421052631579,2.210526315789473,264.0,270.0,inside_visible,1171.7942471910112,739.5128426966291,0
ljahBVDaBNE_17977-18466,134,2,1471.0,75.55555555555556,195.0,233.0,gaze_shift,1156.7894782608696,746.193304347826,1
ljahBVDaBNE_17977-18466,134,3,1038.0,16.75,179.0,176.0,inside_visible,1173.034,617.6151014492754,1
ljahBVDaBNE_17977-18466,135,1,707.1052631578947,2.0526315789473686,264.0,270.0,inside_visible,1171.8245505617977,739.8158314606741,0
ljahBVDaBNE_17977-18466,135,2,1471.0,76.77777777777777,195.0,233.0,gaze_shift,1157.0239565217391,744.9036086956521,1
ljahBVDaBNE_17977-18466,135,3,1038.0,17.208333333333332,179.0,176.0,inside_visible,1173.034,617.8495942028985,1
ljahBVDaBNE_17977-18466,136,1,707.7894736842105,1.8947368421052635,264.0,270.0,inside_visible,1171.854853932584,740.1188202247191,0
ljahBVDaBNE_17977-18466,136,2,1471.0,78.0,195.0,233.0,gaze_shift,1157.258434782609,743.6139130434782,1
ljahBVDaBNE_17977-18466,136,3,1038.0,17.666666666666668,179.0,176.0,inside_visible,1173.034,618.0840869565218,1
ljahBVDaBNE_17977-18466,137,1,708.4736842105264,1.736842105263158,264.0,270.0,inside_visible,1171.8851573033708,740.421808988764,0
ljahBVDaBNE_17977-18466,137,2,1469.1666666666667,77.5,195.0,233.0,gaze_shift,1157.4929130434784,742.3242173913043,1
ljahBVDaBNE_17977-18466,137,3,1038.0,18.125,179.0,176.0,inside_visible,1173.034,618.318579710145,1
ljahBVDaBNE_17977-18466,138,1,709.1578947368421,1.5789473684210529,264.0,270.0,inside_visible,1171.9154606741572,740.724797752809,0
ljahBVDaBNE_17977-18466,138,2,1467.3333333333333,77.0,195.0,233.0,gaze_shift,1157.727391304348,741.0345217391304,1
ljahBVDaBNE_17977-18466,138,3,1038.0,18.583333333333336,179.0,176.0,inside_visible,1173.034,618.5530724637681,1
ljahBVDaBNE_17977-18466,139,1,709.8421052631579,1.4210526315789471,264.0,270.0,inside_visible,1171.9457640449436,741.0277865168539,0
ljahBVDaBNE_17977-18466,139,2,1465.5,76.5,195.0,233.0,gaze_shift,1157.9618695652175,739.7448260869566,1
ljahBVDaBNE_17977-18466,139,3,1038.0,19.041666666666664,179.0,176.0,inside_visible,1173.034,618.7875652173914,1
ljahBVDaBNE_17977-18466,140,1,710.5263157894736,1.263157894736842,264.0,270.0,inside_visible,1171.9760674157303,741.3307752808988,0
ljahBVDaBNE_17977-18466,140,2,1463.6666666666667,76.0,195.0,233.0,outside_frame,1158.196347826087,738.4551304347826,1
ljahBVDaBNE_17977-18466,140,3,1038.0,19.5,179.0,176.0,inside_visible,1173.034,619.0220579710145,1
ljahBVDaBNE_17977-18466,141,1,711.2105263157895,1.105263157894737,264.0,270.0,inside_visible,1172.0063707865168,741.6337640449437,0
ljahBVDaBNE_17977-18466,141,2,1461.8333333333333,75.5,195.0,233.0,outside_frame,1158.4308260869566,737.1654347826087,1
ljahBVDaBNE_17977-18466,141,3,1038.0,19.95833333333333,179.0,176.0,inside_visible,1173.034,619.2565507246377,1
ljahBVDaBNE_17977-18466,142,1,711.8947368421053,0.9473684210526314,264.0,270.0,inside_visible,1172.0366741573032,741.9367528089887,0
ljahBVDaBNE_17977-18466,142,2,1460.0,75.0,195.0,233.0,outside_frame,1158.665304347826,735.8757391304348,1
ljahBVDaBNE_17977-18466,142,3,1038.0,20.416666666666668,179.0,176.0,inside_visible,1173.034,619.4910434782608,1
ljahBVDaBNE_17977-18466,143,1,712.578947368421,0.7894736842105265,264.0,270.0,inside_visible,1172.06697752809,742.2397415730337,0
ljahBVDaBNE_17977-18466,143,2,1458.625,75.375,195.0,233.0,outside_frame,1158.8997826086957,734.5860434782609,1
ljahBVDaBNE_17977-18466,143,3,1038.0,20.875,179.0,176.0,inside_visible,1173.034,619.7255362318841,1
ljahBVDaBNE_17977-18466,144,1,713.2631578947369,0.6315789473684212,264.0,270.0,inside_visible,1172.0972808988763,742.5427303370786,0
ljahBVDaBNE_17977-18466,144,2,1457.25,75.75,195.0,233.0,outside_frame,1159.1342608695652,733.296347826087,1
ljahBVDaBNE_17977-18466,144,3,1038.0,21.33333333333333,179.0,176.0,inside_visible,1173.034,619.9600289855073,1
ljahBVDaBNE_17977-18466,145,1,713.9473684210526,0.4736842105263159,264.0,270.0,inside_visible,1172.1275842696627,742.8457191011236,0
ljahBVDaBNE_17977-18466,145,2,1455.875,76.125,195.0,233.0,outside_frame,1159.368739130435,732.006652173913,1
ljahBVDaBNE_17977-18466,145,3,1038.0,21.791666666666668,179.0,176.0,inside_visible,1173.034,620.1945217391304,1
ljahBVDaBNE_17977-18466,146,1,714.6315789473684,0.3157894736842106,264.0,270.0,inside_visible,1172.1578876404494,743.1487078651685,0
ljahBVDaBNE_17977-18466,146,2,1454.5,76.5,195.0,233.0,gaze_shift,1159.6032173913045,730.7169565217391,1
ljahBVDaBNE_17977-18466,146,3,1038.0,22.25,179.0,176.0,inside_visible,1173.034,620.4290144927536,1
ljahBVDaBNE_17977-18466,147,1,715.3157894736842,0.1578947368421053,264.0,270.0,inside_visible,1172.188191011236,743.4516966292134,0
ljahBVDaBNE_17977-18466,147,2,1453.125,76.875,195.0,233.0,gaze_shift,1159.837695652174,729.4272608695652,1
ljahBVDaBNE_17977-18466,147,3,1038.0,22.70833333333333,179.0,176.0,inside_visible,1173.034,620.6635072463769,1
ljahBVDaBNE_17977-18466,148,1,716.0,0.0,264.0,270.0,inside_visible,1172.2184943820223,743.7546853932583,0
ljahBVDaBNE_17977-18466,148,2,1451.75,77.25,195.0,233.0,gaze_shift,1160.0721739130436,728.1375652173913,1
ljahBVDaBNE_17977-18466,148,3,1038.0,23.166666666666668,179.0,176.0,inside_visible,1173.034,620.898,1
ljahBVDaBNE_17977-18466,149,1,715.2727272727273,0.1363636363636363,264.0,270.0,inside_visible,1172.248797752809,744.0576741573034,0
ljahBVDaBNE_17977-18466,149,2,1450.375,77.625,195.0,233.0,inside_visible,1160.306652173913,726.8478695652174,1
ljahBVDaBNE_17977-18466,149,3,1038.0,23.625,179.0,176.0,inside_visible,1174.1897142857144,618.9718571428572,1
ljahBVDaBNE_17977-18466,150,1,714.5454545454545,0.2727272727272727,264.0,270.0,inside_visible,1172.2791011235954,744.3606629213483,0
ljahBVDaBNE_17977-18466,150,2,1449.0,78.0,195.0,233.0,inside_visible,1160.5411304347826,725.5581739130434,1
ljahBVDaBNE_17977-18466,150,3,1038.0,24.08333333333333,179.0,176.0,inside_visible,1175.3454285714286,617.0457142857143,1
ljahBVDaBNE_17977-18466,151,1,713.8181818181819,0.409090909090909,264.0,270.0,inside_visible,1172.309404494382,744.6636516853932,0
ljahBVDaBNE_17977-18466,151,2,1449.0,78.0,193.125,231.5,inside_visible,1160.7756086956522,724.2684782608696,1
ljahBVDaBNE_17977-18466,151,3,1038.0,24.541666666666668,179.0,176.0,inside_visible,1176.501142857143,615.1195714285715,1
ljahBVDaBNE_17977-18466,152,1,713.0909090909091,0.5454545454545454,264.0,270.0,inside_visible,1172.3397078651683,744.9666404494382,0
ljahBVDaBNE_17977-18466,152,2,1449.0,78.0,191.25,230.0,inside_visible,1161.0100869565215,722.9787826086957,1
ljahBVDaBNE_17977-18466,152,3,1038.0,25.0,179.0,176.0,inside_visible,1177.6568571428572,613.1934285714285,1
ljahBVDaBNE_17977-18466,153,1,712.3636363636364,0.6818181818181818,264.0,270.0,inside_visible,1172.370011235955,745.2696292134831,0
ljahBVDaBNE_17977-18466,153,2,1449.0,78.0,189.375,228.5,inside_visible,1161.2445652173917,721.6890869565218,1
ljahBVDaBNE_17977-18466,153,3,1038.1176470588234,25.15686274509804,179.0,176.0,inside_visible,1178.8125714285716,611.2672857142857,1
ljahBVDaBNE_17977-18466,154,1,711.6363636363636,0.8181818181818181,264.0,270.0,inside_visible,1172.4003146067414,745.572617977528,0
ljahBVDaBNE_17977-18466,154,2,1449.0,78.0,187.5,227.0,inside_visible,1161.479043478261,720.3993913043479,1
ljahBVDaBNE_17977-18466,154,3,1038.235294117647,25.31372549019608,179.0,176.0,inside_visible,1179.9682857142857,609.3411428571428,1
ljahBVDaBNE_17977-18466,155,1,710.9090909090909,0.9545454545454546,264.0,270.0,inside_visible,1172.430617977528,745.875606741573,0
ljahBVDaBNE_17977-18466,155,2,1449.0,78.0,185.625,225.5,inside_visible,1161.7135217391306,719.109695652174,1
ljahBVDaBNE_17977-18466,155,3,1038.3529411764705,25.47058823529412,179.0,176.0,inside_visible,1181.124,607.415,1
ljahBVDaBNE_17977-18466,156,1,710.1818181818181,1.0909090909090908,264.0,270.0,inside_visible,1172.4609213483143,746.178595505618,0
ljahBVDaBNE_17977-18466,156,2,1449.0,78.0,183.75,224.0,inside_visible,1161.948,717.82,1
ljahBVDaBNE_17977-18466,156,3,1038.470588235294,25.62745098039216,179.0,176.0,inside_visible,1178.0085,604.054,1
ljahBVDaBNE_17977-18466,157,1,709.4545454545455,1.2272727272727273,264.0,270.0,inside_visible,1172.491224719101,746.4815842696629,0
ljahBVDaBNE_17977-18466,157,2,1449.0,78.0,181.875,222.5,inside_visible,1158.0957142857144,720.5165714285715,1
ljahBVDaBNE_17977-18466,157,3,1038.5882352941176,25.7843137254902,179.0,176.0,inside_visible,1174.893,600.693,1
ljahBVDaBNE_17977-18466,158,1,708.7272727272727,1.3636363636363635,264.0,270.0,inside_visible,1172.5215280898876,746.7845730337078,0
ljahBVDaBNE_17977-18466,158,2,1449.0,78.0,180.0,221.0,inside_visible,1154.2434285714287,723.2131428571429,1
ljahBVDaBNE_17977-18466,158,3,1038.7058823529412,25.94117647058824,179.0,176.0,inside_visible,1171.7775,597.332,1
ljahBVDaBNE_17977-18466,159,1,708.0,1.5,264.0,270.0,inside_visible,1172.551831460674,747.0875617977528,0
ljahBVDaBNE_17977-18466,159,2,1449.0,78.0,178.125,219.5,inside_visible,1150.391142857143,725.9097142857144,1
ljahBVDaBNE_17977-18466,159,3,1038.8235294117646,26.098039215686278,179.0,176.0,inside_visible,1168.662,593.971,1
ljahBVDaBNE_17977-18466,160,1,707.2727272727273,1.6363636363636362,264.0,270.0,inside_visible,1172.5821348314605,747.3905505617977,0
ljahBVDaBNE_17977-18466,160,2,1449.0,78.0,176.25,218.0,inside_visible,1146.538857142857,728.6062857142857,1
ljahBVDaBNE_17977-18466,160,3,1038.9411764705883,26.254901960784316,179.0,176.0,inside_visible,1165.5465,590.61,1
ljahBVDaBNE_17977-18466,161,1,706.5454545454545,1.772727272727273,264.0,270.0,inside_visible,1172.6124382022472,747.6935393258426,0
ljahBVDaBNE_17977-18466,161,2,1449.0,78.0,174.375,216.5,inside_visible,1142.6865714285714,731.3028571428572,1
ljahBVDaBNE_17977-18466,161,3,1039.0588235294117,26.41176470588235,179.0,176.0,inside_visible,1162.431,587.249,1
ljahBVDaBNE_17977-18466,162,1,705.8181818181819,1.9090909090909087,264.0,270.0,inside_visible,1172.6427415730336,747.9965280898876,0
ljahBVDaBNE_17977-18466,162,2,1449.0,78.0,172.5,215.0,inside_visible,1138.8342857142857,733.9994285714286,1
ljahBVDaBNE_17977-18466,162,3,1039.1764705882354,26.568627450980397,179.0,176.0,inside_visible,1253.698,363.663,1
ljahBVDaBNE_17977-18466,163,1,705.0909090909091,2.0454545454545454,264.0,270.0,inside_visible,1172.67304494382,748.2995168539326,0
ljahBVDaBNE_17977-18466,163,2,1449.0,78.0,170.625,213.5,inside_visible,1134.982,736.696,1
ljahBVDaBNE_17977-18466,163,3,1039.2941176470588,26.725490196078432,179.0,176.0,inside_visible,1236.2615,374.1455,1
ljahBVDaBNE_17977-18466,164,1,704.3636363636364,2.1818181818181817,264.0,270.0,inside_visible,1172.7033483146067,748.6025056179775,0
ljahBVDaBNE_17977-18466,164,2,1449.0,78.0,168.75,212.0,inside_visible,1135.49228,738.31812,1
ljahBVDaBNE_17977-18466,164,3,1039.4117647058824,26.88235294117647,179.0,176.0,inside_visible,1218.825,384.628,1
ljahBVDaBNE_17977-18466,165,1,703.6363636363636,2.3181818181818183,264.0,270.0,inside_visible,1172.7336516853932,748.9054943820224,0
ljahBVDaBNE_17977-18466,165,2,1449.0,78.0,166.875,210.5,inside_visible,1136.00256,739.94024,1
ljahBVDaBNE_17977-18466,165,3,1039.529411764706,27.03921568627451,179.0,176.0,inside_visible,1206.5776,391.7342,1
ljahBVDaBNE_17977-18466,166,1,702.9090909090909,2.4545454545454546,264.0,270.0,inside_visible,1172.7639550561798,749.2084831460674,0
ljahBVDaBNE_17977-18466,166,2,1449.0,78.0,165.0,209.0,inside_visible,1136.51284,741.56236,1
ljahBVDaBNE_17977-18466,166,3,1039.6470588235295,27.19607843137255,179.0,176.0,inside_visible,1194.3302,398.8404,1
ljahBVDaBNE_17977-18466,167,1,702.1818181818181,2.590909090909091,264.0,270.0,inside_visible,1172.7942584269665,749.5114719101123,0
ljahBVDaBNE_17977-18466,167,2,1449.0,78.0,165.0,209.0,inside_visible,1137.02312,743.18448,1
ljahBVDaBNE_17977-18466,167,3,1039.764705882353,27.352941176470587,179.0,176.0,inside_visible,1182.0828,405.9466,1
ljahBVDaBNE_17977-18466,168,1,701.4545454545455,2.727272727272727,264.0,270.0,inside_visible,1172.8245617977527,749.8144606741573,0
ljahBVDaBNE_17977-18466,168,3,1039.8823529411766,27.509803921568626,179.0,176.0,inside_visible,1169.8354,413.0528,1
ljahBVDaBNE_17977-18466,169,1,700.7272727272727,2.863636363636364,264.0,270.0,inside_visible,1172.8548651685394,750.1174494382022,0
ljahBVDaBNE_17977-18466,169,3,1040.0,27.666666666666668,179.0,176.0,inside_visible,1157.588,420.159,1
ljahBVDaBNE_17977-18466,170,1,700.0,3.0,264.0,270.0,inside_visible,1172.8851685393258,750.4204382022472,0
ljahBVDaBNE_17977-18466,170,3,1040.1176470588234,27.823529411764707,179.0,176.0,inside_visible,1124.7746666666667,421.845,1
ljahBVDaBNE_17977-18466,171,1,700.0,3.0,264.0,270.5,inside_visible,1172.9154719101125,750.7234269662921,0
ljahBVDaBNE_17977-18466,171,3,1040.235294117647,27.980392156862745,179.0,176.0,inside_visible,1091.9613333333332,423.531,1
ljahBVDaBNE_17977-18466,172,1,700.0,3.0,264.0,271.0,inside_visible,1172.945775280899,751.026415730337,0
ljahBVDaBNE_17977-18466,172,3,1040.3529411764705,28.137254901960784,179.0,176.0,inside_visible,1059.148,425.217,1
ljahBVDaBNE_17977-18466,173,1,700.0,3.0,264.0,271.5,inside_visible,1172.9760786516854,751.329404494382,0
ljahBVDaBNE_17977-18466,173,3,1040.470588235294,28.294117647058822,179.0,176.0,inside_visible,1054.30875,423.4485,1
ljahBVDaBNE_17977-18466,174,1,700.0,3.0,264.0,272.0,inside_visible,1173.0063820224718,751.6323932584269,0
ljahBVDaBNE_17977-18466,174,3,1040.5882352941176,28.450980392156865,179.0,176.0,inside_visible,1049.4695,421.68,1
ljahBVDaBNE_17977-18466,175,1,700.0,3.0,264.0,272.5,inside_visible,1173.0366853932585,751.9353820224719,0
ljahBVDaBNE_17977-18466,175,3,1040.7058823529412,28.607843137254903,179.0,176.0,inside_visible,1044.63025,419.9115,1
ljahBVDaBNE_17977-18466,176,1,700.0,3.0,264.0,273.0,inside_visible,1173.066988764045,752.2383707865168,0
ljahBVDaBNE_17977-18466,176,3,1040.8235294117646,28.764705882352946,179.0,176.0,inside_visible,1039.791,418.143,1
ljahBVDaBNE_17977-18466,177,1,700.0,3.0,264.0,273.5,inside_visible,1173.0972921348314,752.5413595505618,0
ljahBVDaBNE_17977-18466,177,3,1040.9411764705883,28.92156862745098,179.0,176.0,inside_visible,1070.008,429.183,1
ljahBVDaBNE_17977-18466,178,1,700.0,3.0,264.0,274.0,inside_visible,1173.127595505618,752.8443483146067,0
ljahBVDaBNE_17977-18466,178,3,1041.0588235294117,29.07843137254902,179.0,176.0,inside_visible,1086.742,445.617,1
ljahBVDaBNE_17977-18466,179,1,700.0,3.0,264.0,274.5,inside_visible,1173.1578988764045,753.1473370786516,0
ljahBVDaBNE_17977-18466,179,3,1041.1764705882354,29.235294117647054,179.0,176.0,inside_visible,1081.3485,448.3135,1
ljahBVDaBNE_17977-18466,180,1,700.0,3.0,264.0,275.0,inside_visible,1173.188202247191,753.4503258426965,0
ljahBVDaBNE_17977-18466,180,3,1041.2941176470588,29.392156862745097,179.0,176.0,inside_visible,1075.955,451.01,1
ljahBVDaBNE_17977-18466,181,1,700.0,3.0,264.0,275.5,inside_visible,1173.2185056179776,753.7533146067416,0
ljahBVDaBNE_17977-18466,181,3,1041.4117647058824,29.54901960784313,179.0,176.0,inside_visible,1078.2664285714286,452.551,1
ljahBVDaBNE_17977-18466,182,1,700.0,3.0,264.0,276.0,inside_visible,1173.248808988764,754.0563033707865,0
ljahBVDaBNE_17977-18466,182,3,1041.529411764706,29.705882352941178,179.0,176.0,inside_visible,1080.577857142857,454.092,1
ljahBVDaBNE_17977-18466,183,1,700.0,3.0,264.0,276.5,inside_visible,1173.2791123595505,754.3592921348314,0
ljahBVDaBNE_17977-18466,183,3,1041.6470588235295,29.862745098039216,179.0,176.0,inside_visible,1082.8892857142855,455.633,1
ljahBVDaBNE_17977-18466,184,1,700.0,3.0,264.0,277.0,inside_visible,1173.3094157303372,754.6622808988764,0
ljahBVDaBNE_17977-18466,184,3,1041.764705882353,30.01960784313725,179.0,176.0,inside_visible,1085.2007142857142,457.174,1
ljahBVDaBNE_17977-18466,185,1,700.0,3.0,264.0,277.5,inside_visible,1173.3397191011236,754.9652696629213,0
ljahBVDaBNE_17977-18466,185,3,1041.8823529411766,30.176470588235293,179.0,176.0,inside_visible,1087.5121428571429,458.715,1
ljahBVDaBNE_17977-18466,186,1,700.0,3.0,264.0,278.0,inside_visible,1173.37002247191,755.2682584269662,0
ljahBVDaBNE_17977-18466,186,3,1042.0,30.33333333333333,179.0,176.0,inside_visible,1089.8235714285713,460.256,1
ljahBVDaBNE_17977-18466,187,1,700.0,3.0,264.0,278.5,inside_visible,1173.4003258426967,755.5712471910113,0
ljahBVDaBNE_17977-18466,187,3,1042.1176470588234,30.49019607843137,179.0,176.0,inside_visible,1092.135,461.797,1
ljahBVDaBNE_17977-18466,188,1,700.0,3.0,264.0,279.0,inside_visible,1173.4306292134831,755.8742359550562,0
ljahBVDaBNE_17977-18466,188,3,1042.235294117647,30.647058823529413,179.0,176.0,inside_visible,1090.92805,462.5982125000001,1
ljahBVDaBNE_17977-18466,189,1,700.0,3.0,264.0,279.5,inside_visible,1173.4609325842696,756.1772247191011,0
ljahBVDaBNE_17977-18466,189,2,1449.0,78.0,165.0,222.0,inside_visible,1083.746,453.55,1
ljahBVDaBNE_17977-18466,189,3,1042.3529411764705,30.80392156862745,179.0,176.0,inside_visible,1089.7211,463.399425,1
ljahBVDaBNE_17977-18466,190,1,700.0,3.0,264.0,280.0,inside_visible,1173.4912359550565,756.480213483146,0
ljahBVDaBNE_17977-18466,190,2,1449.0,78.0,174.75,223.5,inside_visible,1085.6447777777778,454.4537777777778,1
ljahBVDaBNE_17977-18466,190,3,1042.470588235294,30.96078431372549,179.0,176.0,inside_visible,1088.51415,464.2006375,1
ljahBVDaBNE_17977-18466,191,1,700.0,3.0,264.0,280.5,inside_visible,1173.5215393258427,756.783202247191,0
ljahBVDaBNE_17977-18466,191,2,1449.0,78.0,184.5,225.0,inside_visible,1087.5435555555557,455.3575555555556,1
ljahBVDaBNE_17977-18466,191,3,1042.5882352941176,31.11764705882353,179.0,176.0,inside_visible,1087.3072,465.0018500000001,1
ljahBVDaBNE_17977-18466,192,1,700.0,3.0,264.0,281.0,inside_visible,1173.5518426966291,757.0861910112359,0
ljahBVDaBNE_17977-18466,192,2,1449.0,78.0,194.25,226.5,inside_visible,1089.4423333333334,456.26133333333337,1
ljahBVDaBNE_17977-18466,192,3,1042.7058823529412,31.274509803921568,179.0,176.0,inside_visible,1086.10025,465.8030625,1
ljahBVDaBNE_17977-18466,193,1,703.2,2.4,264.0,281.0,inside_visible,1173.5821460674158,757.3891797752808,0
ljahBVDaBNE_17977-18466,193,2,1449.0,78.0,204.0,228.0,inside_visible,1091.341111111111,457.1651111111111,1
ljahBVDaBNE_17977-18466,193,3,1042.8235294117646,31.431372549019606,179.0,176.0,inside_visible,1084.8933,466.604275,1
ljahBVDaBNE_17977-18466,194,1,706.4,1.7999999999999998,264.0,281.0,inside_visible,1173.6124494382022,757.6921685393258,0
ljahBVDaBNE_17977-18466,194,2,1449.0,78.0,214.0,209.0,inside_visible,1093.239888888889,458.0688888888889,1
ljahBVDaBNE_17977-18466,194,3,1042.9411764705883,31.588235294117645,179.0,176.0,inside_visible,1083.68635,467.4054875000001,1
ljahBVDaBNE_17977-18466,195,1,709.6,1.2000000000000002,264.0,281.0,inside_visible,1173.6427528089887,757.9951573033708,0
ljahBVDaBNE_17977-18466,195,2,1449.0,78.0,214.0,217.0,inside_visible,1095.1386666666667,458.9726666666666,1
ljahBVDaBNE_17977-18466,195,3,1043.0588235294117,31.745098039215687,179.0,176.0,inside_visible,1082.4794,468.2067,1
ljahBVDaBNE_17977-18466,196,1,712.8,0.5999999999999996,264.0,281.0,inside_visible,1173.6730561797754,758.2981460674157,0
ljahBVDaBNE_17977-18466,196,2,1449.0,78.0,214.0,225.0,inside_visible,1097.0374444444444,459.8764444444445,1
ljahBVDaBNE_17977-18466,196,3,1043.1764705882354,31.90196078431373,179.0,176.0,inside_visible,1081.27245,469.0079125,1
ljahBVDaBNE_17977-18466,197,1,716.0,0.0,264.0,281.0,inside_visible,1173.7033595505618,758.6011348314606,0
ljahBVDaBNE_17977-18466,197,2,1449.0,78.0,214.0,233.0,inside_visible,1098.9362222222223,460.7802222222222,1
ljahBVDaBNE_17977-18466,197,3,1043.2941176470588,32.05882352941177,179.0,176.0,inside_visible,1080.0655,469.809125,1
ljahBVDaBNE_17977-18466,198,1,715.875,0.1875,264.0,280.0625,inside_visible,1173.7336629213482,758.9041235955056,0
ljahBVDaBNE_17977-18466,198,2,1452.6666666666667,77.0,214.0,233.0,inside_visible,1100.835,461.684,1
ljahBVDaBNE_17977-18466,198,3,1043.4117647058824,32.21568627450981,179.0,176.0,inside_visible,1078.85855,470.6103375,1
ljahBVDaBNE_17977-18466,199,1,715.75,0.375,264.0,279.125,inside_visible,1173.763966292135,759.2071123595505,0
ljahBVDaBNE_17977-18466,199,2,1456.3333333333333,76.0,214.0,233.0,inside_visible,1240.561,705.284,1
ljahBVDaBNE_17977-18466,199,3,1043.529411764706,32.372549019607845,179.0,176.0,inside_visible,1077.6516,471.41155,1
ljahBVDaBNE_17977-18466,200,1,715.625,0.5625,264.0,278.1875,inside_visible,1173.7942696629214,759.5101011235955,0
ljahBVDaBNE_17977-18466,200,2,1460.0,75.0,214.0,233.0,inside_visible,1223.613,721.559,1
ljahBVDaBNE_17977-18466,200,3,1043.6470588235295,32.529411764705884,179.0,176.0,inside_visible,1076.44465,472.2127625,1
ljahBVDaBNE_17977-18466,201,1,715.5,0.75,264.0,277.25,inside_visible,1173.8245730337078,759.8130898876404,0
ljahBVDaBNE_17977-18466,201,2,1461.571428571429,75.71428571428571,212.42857142857133,232.28571428571428,inside_visible,1219.996,727.2244,1
ljahBVDaBNE_17977-18466,201,3,1043.764705882353,32.68627450980392,179.0,176.0,inside_visible,1075.2377,473.013975,1
ljahBVDaBNE_17977-18466,202,1,715.375,0.9375,264.0,276.3125,inside_visible,1173.8548764044945,760.1160786516854,0
ljahBVDaBNE_17977-18466,202,2,1463.142857142857,76.42857142857143,210.8571428571429,231.57142857142856,inside_visible,1216.379,732.8897999999999,1
ljahBVDaBNE_17977-18466,202,3,1043.8823529411766,32.84313725490196,179.0,176.0,inside_visible,1074.03075,473.8151875,1
ljahBVDaBNE_17977-18466,203,1,715.25,1.125,264.0,275.375,inside_visible,1173.885179775281,760.4190674157303,0
ljahBVDaBNE_17977-18466,203,2,1464.7142857142858,77.14285714285714,209.28571428571425,230.8571428571429,inside_visible,1212.762,738.5552,1
ljahBVDaBNE_17977-18466,203,3,1044.0,33.0,179.0,176.0,inside_visible,1072.8238,474.6164,1
ljahBVDaBNE_17977-18466,204,1,715.125,1.3125,264.0,274.4375,inside_visible,1173.9154831460671,760.7220561797752,0
ljahBVDaBNE_17977-18466,204,2,1466.2857142857142,77.85714285714286,207.71428571428575,230.14285714285717,inside_visible,1209.145,744.2206,1
ljahBVDaBNE_17977-18466,204,3,1044.3055555555557,32.861111111111114,179.0,176.0,inside_visible,1071.61685,475.4176125,1
ljahBVDaBNE_17977-18466,205,1,715.0,1.5,264.0,273.5,inside_visible,1173.945786516854,761.0250449438201,0
ljahBVDaBNE_17977-18466,205,2,1467.857142857143,78.57142857142857,206.1428571428571,229.42857142857144,inside_visible,1205.528,749.886,1
ljahBVDaBNE_17977-18466,205,3,1044.611111111111,32.72222222222222,179.0,176.0,inside_visible,1070.4099,476.218825,1
ljahBVDaBNE_17977-18466,206,1,714.875,1.6875,264.0,272.5625,inside_visible,1173.9760898876405,761.3280337078652,0
ljahBVDaBNE_17977-18466,206,2,1469.428571428571,79.28571428571429,204.57142857142867,228.7142857142857,inside_visible,1201.911,755.5514,1
ljahBVDaBNE_17977-18466,206,3,1044.9166666666667,32.583333333333336,179.0,176.0,inside_visible,1069.20295,477.0200375,1
ljahBVDaBNE_17977-18466,207,1,714.75,1.875,264.0,271.625,inside_visible,1174.006393258427,761.6310224719101,0
ljahBVDaBNE_17977-18466,207,2,1471.0,80.0,203.0,228.0,inside_visible,1198.294,761.2167999999999,1
ljahBVDaBNE_17977-18466,207,3,1045.2222222222222,32.44444444444444,179.0,176.0,outside_frame,1067.996,477.82125,1
ljahBVDaBNE_17977-18466,208,1,714.625,2.0625,264.0,270.6875,inside_visible,1174.0366966292136,761.934011235955,0
ljahBVDaBNE_17977-18466,208,2,1471.7333333333331,80.33333333333333,203.0,228.0,inside_visible,1194.677,766.8822,1
ljahBVDaBNE_17977-18466,208,3,1045.5277777777778,32.30555555555556,179.0,176.0,outside_frame,1066.78905,478.6224625,1
ljahBVDaBNE_17977-18466,209,1,714.5,2.25,264.0,269.75,inside_visible,1174.067,762.237,0
ljahBVDaBNE_17977-18466,209,2,1472.4666666666667,80.66666666666667,203.0,228.0,inside_visible,1191.06,772.5476,1
ljahBVDaBNE_17977-18466,209,3,1045.8333333333333,32.166666666666664,179.0,176.0,outside_frame,1065.5821,479.423675,1
ljahBVDaBNE_17977-18466,210,1,714.375,2.4375,264.0,268.8125,inside_visible,1173.2002857142857,758.9624285714285,0
ljahBVDaBNE_17977-18466,210,2,1473.2,81.0,203.0,228.0,inside_visible,1187.443,778.213,1
ljahBVDaBNE_17977-18466,210,3,1046.138888888889,32.02777777777778,179.0,176.0,outside_frame,1064.37515,480.2248875,1
ljahBVDaBNE_17977-18466,211,1,714.25,2.625,264.0,267.875,inside_visible,1172.3335714285715,755.6878571428572,0
ljahBVDaBNE_17977-18466,211,2,1473.9333333333334,81.33333333333333,203.0,228.0,inside_visible,1185.1958333333332,774.6175,1
ljahBVDaBNE_17977-18466,211,3,1046.4444444444443,31.88888888888889,179.0,176.0,outside_frame,1063.1682,481.0261,1
ljahBVDaBNE_17977-18466,212,1,714.125,2.8125,264.0,266.9375,inside_visible,1171.4668571428572,752.4132857142857,0
ljahBVDaBNE_17977-18466,212,2,1474.6666666666667,81.66666666666667,203.0,228.0,inside_visible,1182.948666666667,771.0219999999999,1
ljahBVDaBNE_17977-18466,212,3,1046.75,31.75,179.0,176.0,outside_frame,1061.96125,481.8273125,1
ljahBVDaBNE_17977-18466,213,1,714.0,3.0,264.0,266.0,inside_visible,1170.6001428571428,749.1387142857143,0
ljahBVDaBNE_17977-18466,213,2,1475.4,82.0,203.0,228.0,inside_visible,1180.7015,767.4265,1
ljahBVDaBNE_17977-18466,213,3,1047.0555555555557,31.61111111111111,179.0,176.0,outside_frame,1060.7543,482.628525,1
ljahBVDaBNE_17977-18466,214,1,709.6666666666666,3.0,264.0,265.3333333333333,inside_visible,1169.7334285714285,745.8641428571428,0
ljahBVDaBNE_17977-18466,214,2,1476.1333333333334,82.33333333333333,203.0,228.0,inside_visible,1178.4543333333334,763.831,1
ljahBVDaBNE_17977-18466,214,3,1047.361111111111,31.47222222222222,179.0,176.0,outside_frame,1059.54735,483.4297375,1
ljahBVDaBNE_17977-18466,215,1,705.3333333333334,3.0,264.0,264.6666666666667,inside_visible,1168.8667142857144,742.5895714285715,0
ljahBVDaBNE_17977-18466,215,2,1476.8666666666666,82.66666666666667,203.0,228.0,inside_visible,1176.2071666666666,760.2355,1
ljahBVDaBNE_17977-18466,215,3,1047.6666666666667,31.33333333333333,179.0,176.0,outside_frame,1058.3404,484.23095,1
ljahBVDaBNE_17977-18466,216,1,701.0,3.0,264.0,264.0,inside_visible,1168.0,739.315,0
ljahBVDaBNE_17977-18466,216,2,1477.6,83.0,203.0,228.0,inside_visible,1173.96,756.64,1
ljahBVDaBNE_17977-18466,216,3,1047.9722222222222,31.194444444444443,179.0,176.0,outside_frame,1057.13345,485.0321625,1
ljahBVDaBNE_17977-18466,217,1,690.0,1.5,264.0,263.5,inside_visible,942.157,557.293,0
ljahBVDaBNE_17977-18466,217,2,1478.3333333333333,83.33333333333333,203.0,228.0,inside_visible,1175.152210526316,755.1001052631578,1
ljahBVDaBNE_17977-18466,217,3,1048.2777777777778,31.05555555555556,179.0,176.0,outside_frame,1055.9265,485.8333750000001,1
ljahBVDaBNE_17977-18466,218,1,679.0,0.0,264.0,263.0,inside_visible,940.2876666666668,548.072,0
ljahBVDaBNE_17977-18466,218,2,1479.0666666666666,83.66666666666667,203.0,228.0,inside_visible,1176.3444210526316,753.5602105263158,1
ljahBVDaBNE_17977-18466,218,3,1048.5833333333333,30.916666666666668,179.0,176.0,outside_frame,1054.71955,486.6345875,1
ljahBVDaBNE_17977-18466,219,1,671.5,0.0,264.0,262.0,inside_visible,938.4183333333332,538.851,0
ljahBVDaBNE_17977-18466,219,2,1479.8,84.0,203.0,228.0,inside_visible,1177.5366315789474,752.0203157894737,1
ljahBVDaBNE_17977-18466,219,3,1048.888888888889,30.77777777777778,179.0,176.0,outside_frame,1053.5126,487.4358,1
ljahBVDaBNE_17977-18466,220,1,664.0,0.0,264.0,261.0,inside_visible,936.549,529.63,0
ljahBVDaBNE_17977-18466,220,2,1480.5333333333333,84.33333333333333,203.0,228.0,inside_visible,1178.7288421052633,750.4804210526315,1
ljahBVDaBNE_17977-18466,220,3,1049.1944444444443,30.63888888888889,179.0,176.0,outside_frame,1052.30565,488.2370125,1
ljahBVDaBNE_17977-18466,221,1,656.5,0.0,264.0,260.0,inside_visible,931.15575,524.23675,0
ljahBVDaBNE_17977-18466,221,2,1481.2666666666669,84.66666666666667,203.0,228.0,inside_visible,1179.921052631579,748.9405263157895,1
ljahBVDaBNE_17977-18466,221,3,1049.5,30.5,179.0,176.0,outside_frame,1051.0987,489.038225,1
ljahBVDaBNE_17977-18466,222,1,649.0,0.0,264.0,259.0,inside_visible,925.7625,518.8435,0
ljahBVDaBNE_17977-18466,222,2,1482.0,85.0,203.0,228.0,inside_visible,1181.1132631578948,747.4006315789474,1
ljahBVDaBNE_17977-18466,222,3,1049.8055555555557,30.36111111111111,179.0,176.0,outside_frame,1049.89175,489.8394375,1
ljahBVDaBNE_17977-18466,223,1,634.0,0.0,264.0,259.0,inside_visible,920.36925,513.45025,0
ljahBVDaBNE_17977-18466,223,2,1482.0,85.0,200.5,228.0,inside_visible,1182.3054736842105,745.8607368421052,1
ljahBVDaBNE_17977-18466,223,3,1050.111111111111,30.22222222222222,179.0,176.0,outside_frame,1048.6848,490.64065,1
ljahBVDaBNE_17977-18466,224,1,619.0,0.0,264.0,259.0,inside_visible,914.976,508.057,0
ljahBVDaBNE_17977-18466,224,2,1482.0,85.0,198.0,228.0,inside_visible,1183.4976842105264,744.3208421052632,1
ljahBVDaBNE_17977-18466,224,3,1050.4166666666667,30.08333333333333,179.0,176.0,outside_frame,1047.47785,491.4418625,1
ljahBVDaBNE_17977-18466,225,1,604.0,0.0,264.0,259.0,inside_visible,917.1334,511.8322,0
ljahBVDaBNE_17977-18466,225,2,1482.3793103448277,85.0,198.0,228.0,inside_visible,1184.6898947368422,742.780947368421,1
ljahBVDaBNE_17977-18466,225,3,1050.7222222222222,29.944444444444443,179.0,176.0,outside_frame,1046.2709,492.243075,1
ljahBVDaBNE_17977-18466,226,1,588.0,0.0,264.0,259.0,inside_visible,919.2908,515.6074,0
ljahBVDaBNE_17977-18466,226,2,1482.7586206896551,85.0,198.0,228.0,inside_visible,1185.882105263158,741.2410526315789,1
ljahBVDaBNE_17977-18466,226,3,1051.0277777777778,29.80555555555556,179.0,176.0,outside_frame,1045.06395,493.0442875,1
ljahBVDaBNE_17977-18466,227,1,574.5,0.0,264.0,259.0,inside_visible,921.4482,519.3826,0
ljahBVDaBNE_17977-18466,227,2,1483.1379310344828,85.0,198.0,228.0,inside_visible,1187.0743157894738,739.7011578947368,1
ljahBVDaBNE_17977-18466,227,3,1051.3333333333333,29.666666666666668,179.0,176.0,outside_frame,1043.857,493.8455,1
ljahBVDaBNE_17977-18466,228,1,561.0,0.0,264.0,259.0,inside_visible,923.6056,523.1578,0
ljahBVDaBNE_17977-18466,228,2,1483.5172413793102,85.0,198.0,228.0,inside_visible,1188.2665263157896,738.1612631578947,1
ljahBVDaBNE_17977-18466,228,3,1051.638888888889,29.52777777777778,179.0,176.0,outside_frame,1042.65005,494.6467125,1
ljahBVDaBNE_17977-18466,229,1,547.5,0.0,264.0,251.0,inside_visible,925.763,526.933,0
ljahBVDaBNE_17977-18466,229,2,1483.896551724138,85.0,198.0,228.0,inside_visible,1189.4587368421053,736.6213684210526,1
ljahBVDaBNE_17977-18466,229,3,1051.9444444444443,29.38888888888889,179.0,176.0,outside_frame,1041.4431,495.447925,1
ljahBVDaBNE_17977-18466,230,1,534.0,0.0,264.0,243.0,inside_visible,932.6971428571428,529.6295714285715,0
ljahBVDaBNE_17977-18466,230,2,1484.2758620689656,85.0,198.0,228.0,inside_visible,1190.6509473684212,735.0814736842104,1
ljahBVDaBNE_17977-18466,230,3,1052.25,29.25,179.0,176.0,outside_frame,1040.23615,496.2491375,1
ljahBVDaBNE_17977-18466,231,1,526.6666666666666,0.0,264.0,243.0,inside_visible,939.6312857142856,532.3261428571428,0
ljahBVDaBNE_17977-18466,231,2,1484.655172413793,85.0,198.0,228.0,inside_visible,1191.8431578947368,733.5415789473684,1
ljahBVDaBNE_17977-18466,231,3,1052.5555555555557,29.11111111111111,179.0,176.0,outside_frame,1039.0292,497.05035,1
ljahBVDaBNE_17977-18466,232,1,519.3333333333334,0.0,264.0,243.0,inside_visible,946.5654285714286,535.0227142857143,0
ljahBVDaBNE_17977-18466,232,2,1485.0344827586207,85.0,198.0,228.0,inside_visible,1193.035368421053,732.0016842105263,1
ljahBVDaBNE_17977-18466,232,3,1052.861111111111,28.97222222222222,179.0,176.0,outside_frame,1037.82225,497.8515625,1
ljahBVDaBNE_17977-18466,233,1,512.0,0.0,264.0,243.0,inside_visible,953.4995714285716,537.7192857142857,0
ljahBVDaBNE_17977-18466,233,2,1485.4137931034484,85.0,198.0,228.0,inside_visible,1194.2275789473686,730.4617894736841,1
ljahBVDaBNE_17977-18466,233,3,1053.1666666666667,28.83333333333333,179.0,176.0,outside_frame,1036.6153,498.652775,1
ljahBVDaBNE_17977-18466,234,1,505.6666666666667,0.0,263.99999999999994,243.0,inside_visible,960.4337142857144,540.4158571428571,0
ljahBVDaBNE_17977-18466,234,2,1485.7931034482758,85.0,198.0,228.0,inside_visible,1195.4197894736842,728.9218947368421,1
ljahBVDaBNE_17977-18466,234,3,1053.4722222222222,28.694444444444443,179.0,176.0,outside_frame,1035.40835,499.4539875,1
ljahBVDaBNE_17977-18466,235,1,499.3333333333333,0.0,264.00000000000006,243.0,inside_visible,967.3678571428572,543.1124285714285,0
ljahBVDaBNE_17977-18466,235,2,1486.1724137931035,85.0,198.0,228.0,inside_visible,1196.612,727.382,1
ljahBVDaBNE_17977-18466,235,3,1053.7777777777778,28.55555555555556,179.0,176.0,outside_frame,1034.2014,500.2552,1
ljahBVDaBNE_17977-18466,236,1,493.0,0.0,264.0,243.0,inside_visible,974.302,545.809,0
ljahBVDaBNE_17977-18466,236,2,1486.551724137931,85.0,198.0,228.0,inside_visible,936.657,532.82,1
ljahBVDaBNE_17977-18466,236,3,1054.0833333333333,28.416666666666668,179.0,176.0,outside_frame,1032.99445,501.0564125,1
ljahBVDaBNE_17977-18466,237,1,482.0,0.0,264.0,243.0,inside_visible,972.5043333333332,553.899,0
ljahBVDaBNE_17977-18466,237,2,1486.9310344827586,85.0,198.0,228.0,inside_visible,938.8241,533.4328,1
ljahBVDaBNE_17977-18466,237,3,1054.388888888889,28.27777777777778,179.0,176.0,outside_frame,1031.7875,501.857625,1
ljahBVDaBNE_17977-18466,238,1,481.0,0.0,264.0,243.0,inside_visible,970.7066666666668,561.9889999999999,0
ljahBVDaBNE_17977-18466,238,2,1487.3103448275865,85.0,198.0,228.0,inside_visible,940.9912,534.0456,1
ljahBVDaBNE_17977-18466,238,3,1054.6944444444443,28.13888888888889,179.0,176.0,outside_frame,1030.58055,502.6588375,1
ljahBVDaBNE_17977-18466,239,1,480.0,0.0,264.0,243.0,inside_visible,968.909,570.079,0
ljahBVDaBNE_17977-18466,239,2,1487.6896551724135,85.0,198.0,228.0,inside_visible,943.1583,534.6584,1
ljahBVDaBNE_17977-18466,239,3,1055.0,28.0,179.0,176.0,outside_frame,1029.3736,503.46005,1
ljahBVDaBNE_17977-18466,240,1,479.0,0.0,264.0,243.0,inside_visible,978.797,585.135,0
ljahBVDaBNE_17977-18466,240,2,1488.0689655172414,85.0,198.0,228.0,inside_visible,945.3254,535.2712,1
ljahBVDaBNE_17977-18466,240,3,1054.3809523809523,28.23809523809524,179.0,176.0,outside_frame,1028.16665,504.2612625,1
ljahBVDaBNE_17977-18466,241,1,478.0,0.0,264.0,243.0,inside_visible,913.179,600.191,0
ljahBVDaBNE_17977-18466,241,2,1488.448275862069,85.0,198.0,228.0,inside_visible,947.4925,535.884,1
ljahBVDaBNE_17977-18466,241,3,1053.7619047619048,28.476190476190474,179.0,176.0,outside_frame,1026.9597,505.062475,1
ljahBVDaBNE_17977-18466,242,1,477.0,0.0,264.0,243.0,inside_visible,917.673,595.023,0
ljahBVDaBNE_17977-18466,242,2,1488.8275862068965,85.0,198.0,228.0,inside_visible,949.6596,536.4968,1
ljahBVDaBNE_17977-18466,242,3,1053.142857142857,28.714285714285715,179.0,176.0,outside_frame,1025.75275,505.8636875,1
ljahBVDaBNE_17977-18466,243,1,476.0,0.0,264.0,243.0,inside_visible,925.763,588.955,0
ljahBVDaBNE_17977-18466,243,2,1489.2068965517242,85.0,198.0,228.0,inside_visible,951.8267,537.1096,1
ljahBVDaBNE_17977-18466,243,3,1052.5238095238096,28.952380952380956,179.0,176.0,outside_frame,1024.5458,506.6649,1
ljahBVDaBNE_17977-18466,244,1,475.0,0.0,264.0,243.0,inside_visible,925.97775,588.2654166666667,0
ljahBVDaBNE_17977-18466,244,2,1489.5862068965516,85.0,198.0,228.0,inside_visible,953.9938,537.7224,1
ljahBVDaBNE_17977-18466,244,3,1051.904761904762,29.19047619047619,179.0,176.0,outside_frame,1023.33885,507.4661125,1
ljahBVDaBNE_17977-18466,245,1,474.0,0.0,264.0,243.0,inside_visible,926.1925,587.5758333333333,0
ljahBVDaBNE_17977-18466,245,2,1489.9655172413793,85.0,198.0,228.0,inside_visible,956.1609,538.3352,1
ljahBVDaBNE_17977-18466,245,3,1051.2857142857142,29.428571428571427,179.0,176.0,outside_frame,1022.1319,508.267325,1
ljahBVDaBNE_17977-18466,246,1,473.0,0.0,264.0,243.0,inside_visible,926.40725,586.88625,0
ljahBVDaBNE_17977-18466,246,2,1490.344827586207,85.0,198.0,228.0,inside_visible,958.328,538.948,1
ljahBVDaBNE_17977-18466,246,3,1050.6666666666667,29.666666666666668,179.0,176.0,outside_frame,1020.92495,509.0685375,1
ljahBVDaBNE_17977-18466,247,1,472.0,0.0,264.0,243.0,inside_visible,926.622,586.1966666666667,0
ljahBVDaBNE_17977-18466,247,2,1490.7241379310344,85.0,198.0,228.0,inside_visible,960.0615714285714,538.1775,1
ljahBVDaBNE_17977-18466,247,3,1050.047619047619,29.904761904761905,179.0,176.0,outside_frame,1019.718,509.86975,1
ljahBVDaBNE_17977-18466,248,1,471.0,0.0,264.0,243.0,inside_visible,926.83675,585.5070833333333,0
ljahBVDaBNE_17977-18466,248,2,1491.103448275862,85.0,198.0,228.0,inside_visible,961.7951428571428,537.4069999999999,1
ljahBVDaBNE_17977-18466,248,3,1049.428571428571,30.142857142857142,179.0,176.0,outside_frame,1018.51105,510.6709625,1
ljahBVDaBNE_17977-18466,249,1,475.3333333333333,0.0,264.00000000000006,243.0,inside_visible,927.0515,584.8175,0
ljahBVDaBNE_17977-18466,249,2,1491.4827586206898,85.0,198.0,228.0,inside_visible,963.5287142857144,536.6365,1
ljahBVDaBNE_17977-18466,249,3,1048.809523809524,30.38095238095238,179.0,176.0,outside_frame,1017.3041,511.472175,1
ljahBVDaBNE_17977-18466,250,1,479.6666666666667,0.0,263.99999999999994,243.0,inside_visible,927.26625,584.1279166666667,0
ljahBVDaBNE_17977-18466,250,2,1491.8620689655172,85.0,198.0,228.0,inside_visible,965.2622857142856,535.866,1
ljahBVDaBNE_17977-18466,250,3,1048.190476190476,30.61904761904762,179.0,176.0,outside_frame,1016.09715,512.2733875,1
ljahBVDaBNE_17977-18466,251,1,484.0,0.0,264.0,243.0,inside_visible,927.481,583.4383333333333,0
ljahBVDaBNE_17977-18466,251,2,1492.2413793103449,85.0,198.0,228.0,inside_visible,966.9958571428572,535.0955,1
ljahBVDaBNE_17977-18466,251,3,1047.571428571429,30.857142857142858,179.0,176.0,outside_frame,1014.8902,513.0746,1
ljahBVDaBNE_17977-18466,252,1,490.5,0.0,264.0,243.0,inside_visible,927.69575,582.74875,0
ljahBVDaBNE_17977-18466,252,2,1492.6206896551723,85.0,198.0,228.0,inside_visible,968.7294285714286,534.3249999999999,1
ljahBVDaBNE_17977-18466,252,3,1046.952380952381,31.09523809523809,179.0,176.0,outside_frame,1013.68325,513.8758125,1
ljahBVDaBNE_17977-18466,253,1,497.0,0.0,264.0,243.0,inside_visible,927.9105,582.0591666666667,0
ljahBVDaBNE_17977-18466,253,2,1493.0,85.0,198.0,228.0,inside_visible,970.463,533.5545,1
ljahBVDaBNE_17977-18466,253,3,1046.3333333333333,31.33333333333333,179.0,176.0,outside_frame,1012.4763,514.677025,1
ljahBVDaBNE_17977-18466,254,1,503.3333333333333,0.0,264.00000000000006,243.0,inside_visible,928.12525,581.3695833333333,0
ljahBVDaBNE_17977-18466,254,2,1492.915254237288,85.27118644067797,198.0,228.0,inside_visible,972.1965714285714,532.784,1
ljahBVDaBNE_17977-18466,254,3,1045.7142857142858,31.571428571428573,179.0,176.0,outside_frame,1011.26935,515.4782375,1
ljahBVDaBNE_17977-18466,255,1,509.6666666666667,0.0,263.99999999999994,243.0,inside_visible,928.34,580.68,0
ljahBVDaBNE_17977-18466,255,2,1492.8305084745762,85.54237288135593,198.0,228.00000000000003,inside_visible,973.9301428571428,532.0134999999999,1
ljahBVDaBNE_17977-18466,255,3,1045.095238095238,31.80952380952381,179.0,176.0,outside_frame,1010.0624,516.27945,1
ljahBVDaBNE_17977-18466,256,1,516.0,0.0,264.0,243.0,inside_visible,925.643,603.601,0
ljahBVDaBNE_17977-18466,256,2,1492.7457627118645,85.8135593220339,198.0,228.0,inside_visible,975.6637142857144,531.2429999999999,1
ljahBVDaBNE_17977-18466,256,3,1044.4761904761904,32.04761904761905,179.0,176.0,outside_frame,1008.85545,517.0806625,1
ljahBVDaBNE_17977-18466,257,1,514.9,0.0,264.0,243.0,inside_visible,966.093,567.197,0
ljahBVDaBNE_17977-18466,257,2,1492.6610169491526,86.08474576271186,198.0,228.0,inside_visible,977.3972857142855,530.4725,1
ljahBVDaBNE_17977-18466,257,3,1043.857142857143,32.285714285714285,179.0,176.0,outside_frame,1007.6485,517.881875,1
ljahBVDaBNE_17977-18466,258,1,513.8,0.0,264.0,243.0,inside_visible,971.3125,566.005,0
ljahBVDaBNE_17977-18466,258,2,1492.5762711864406,86.35593220338983,198.0,228.0,inside_visible,979.130857142857,529.702,1
ljahBVDaBNE_17977-18466,258,3,1043.2380952380952,32.523809523809526,179.0,176.0,outside_frame,1006.44155,518.6830875,1
ljahBVDaBNE_17977-18466,259,1,512.7,0.0,264.0,243.0,inside_visible,976.532,564.813,0
ljahBVDaBNE_17977-18466,259,2,1492.4915254237287,86.62711864406779,198.0,228.00000000000003,inside_visible,980.8644285714286,528.9314999999999,1
ljahBVDaBNE_17977-18466,259,3,1042.6190476190477,32.76190476190476,179.0,176.0,outside_frame,1005.2346,519.4843,1
ljahBVDaBNE_17977-18466,260,1,511.6,0.0,264.0,243.0,inside_visible,982.824,564.813,0
ljahBVDaBNE_17977-18466,260,2,1492.406779661017,86.89830508474576,198.0,228.0,inside_visible,982.598,528.161,1
ljahBVDaBNE_17977-18466,260,3,1042.0,33.0,179.0,176.0,outside_frame,1004.02765,520.2855125,1
ljahBVDaBNE_17977-18466,261,1,510.5,0.0,264.0,243.0,inside_visible,989.116,564.813,0
ljahBVDaBNE_17977-18466,261,2,1492.322033898305,87.16949152542372,198.0,228.0,inside_visible,985.0699166666666,522.0935833333333,1
ljahBVDaBNE_17977-18466,261,3,1042.75,31.0,179.0,176.0,outside_frame,1002.8207,521.086725,1
ljahBVDaBNE_17977-18466,262,1,509.4,0.0,264.0,243.0,inside_visible,995.408,564.813,0
ljahBVDaBNE_17977-18466,262,2,1492.2372881355932,87.44067796610169,198.0,228.0,inside_visible,987.5418333333332,516.0261666666667,1
ljahBVDaBNE_17977-18466,262,3,1043.5,29.0,179.0,176.0,outside_frame,1001.61375,521.8879375,1
ljahBVDaBNE_17977-18466,263,1,508.3,0.0,263.99999999999994,243.0,inside_visible,996.08225,560.094,0
ljahBVDaBNE_17977-18466,263,2,1492.1525423728813,87.71186440677965,198.0,228.00000000000003,inside_visible,990.01375,509.95875,1
ljahBVDaBNE_17977-18466,263,3,1044.25,27.0,179.0,176.0,outside_frame,1000.4068,522.68915,1
ljahBVDaBNE_17977-18466,264,1,507.2,0.0,264.00000000000006,243.0,inside_visible,996.7565,555.375,0
ljahBVDaBNE_17977-18466,264,2,1492.0677966101696,87.98305084745763,198.0,228.0,inside_visible,992.4856666666666,503.8913333333333,1
ljahBVDaBNE_17977-18466,264,3,1045.0,25.0,179.0,176.0,outside_frame,999.19985,523.4903625000001,1
ljahBVDaBNE_17977-18466,265,1,506.1,0.0,264.0,243.0,inside_visible,997.43075,550.656,0
ljahBVDaBNE_17977-18466,265,2,1491.9830508474577,88.2542372881356,198.0,228.0,inside_visible,994.9575833333332,497.8239166666666,1
ljahBVDaBNE_17977-18466,265,3,1044.7037037037037,25.11111111111111,179.0,176.0,outside_frame,997.9929,524.291575,1
ljahBVDaBNE_17977-18466,266,1,505.0,0.0,264.0,243.0,inside_visible,998.105,545.937,0
ljahBVDaBNE_17977-18466,266,2,1491.8983050847455,88.52542372881356,198.0,228.0,inside_visible,997.4295,491.7565,1
ljahBVDaBNE_17977-18466,266,3,1044.4074074074074,25.22222222222222,179.0,176.0,outside_frame,996.78595,525.0927875,1
ljahBVDaBNE_17977-18466,267,1,497.0,1.5,264.0,243.0,inside_visible,999.62675,548.8262500000001,0
ljahBVDaBNE_17977-18466,267,2,1491.8135593220338,88.79661016949153,198.0,228.0,inside_visible,999.9014166666666,485.6890833333333,1
ljahBVDaBNE_17977-18466,267,3,1044.111111111111,25.33333333333333,179.0,176.0,outside_frame,995.579,525.894,1
ljahBVDaBNE_17977-18466,268,1,489.0,3.0,264.0,243.0,inside_visible,1001.1485,551.7155,0
ljahBVDaBNE_17977-18466,268,2,1491.728813559322,89.0677966101695,198.0,228.0,inside_visible,1002.3733333333332,479.6216666666666,1
ljahBVDaBNE_17977-18466,268,3,1043.8148148148148,25.444444444444443,179.0,176.0,inside_visible,1816.204,360.145,1
ljahBVDaBNE_17977-18466,269,1,479.5,1.5,264.0,243.0,inside_visible,1002.67025,554.60475,0
ljahBVDaBNE_17977-18466,269,2,1491.6440677966102,89.33898305084746,198.0,228.0,inside_visible,1004.84525,473.55425,1
ljahBVDaBNE_17977-18466,269,3,1043.5185185185185,25.55555555555556,179.0,176.0,inside_visible,1804.569,334.903,1
ljahBVDaBNE_17977-18466,270,1,470.0,0.0,264.0,243.0,inside_visible,1004.192,557.494,0
ljahBVDaBNE_17977-18466,270,2,1491.5593220338983,89.61016949152543,198.0,228.0,inside_visible,1007.3171666666666,467.4868333333333,1
ljahBVDaBNE_17977-18466,270,3,1043.2222222222222,25.666666666666668,179.0,176.0,inside_visible,1787.541,320.448,1
ljahBVDaBNE_17977-18466,271,1,466.2,0.0,264.00000000000006,243.0,inside_visible,1137.174,742.406,0
ljahBVDaBNE_17977-18466,271,2,1491.4745762711864,89.88135593220339,198.0,228.0,inside_visible,1009.7890833333332,461.4194166666666,1
ljahBVDaBNE_17977-18466,271,3,1042.925925925926,25.77777777777778,179.0,176.0,inside_visible,1790.461,324.203,1
ljahBVDaBNE_17977-18466,272,1,462.4,0.0,264.0,243.0,inside_visible,1149.8865,743.947,0
ljahBVDaBNE_17977-18466,272,2,1491.3898305084747,90.15254237288136,198.0,228.0,inside_visible,1012.261,455.352,1
ljahBVDaBNE_17977-18466,272,3,1042.6296296296296,25.88888888888889,179.0,176.0,inside_visible,1757.843,322.565,1
ljahBVDaBNE_17977-18466,273,1,458.6,0.0,264.0,243.0,inside_visible,1162.599,745.488,0
ljahBVDaBNE_17977-18466,273,2,1491.3050847457628,90.42372881355932,198.0,228.0,inside_visible,915.182,307.037,1
ljahBVDaBNE_17977-18466,273,3,1042.3333333333333,26.0,179.0,176.0,inside_visible,1752.034,296.372,1
ljahBVDaBNE_17977-18466,274,1,454.8,0.0,263.99999999999994,243.0,inside_visible,1167.09375,744.7901875,0
ljahBVDaBNE_17977-18466,274,2,1491.2203389830509,90.69491525423727,198.0,228.0,inside_visible,915.5672142857144,305.8812857142857,1
ljahBVDaBNE_17977-18466,274,3,1042.037037037037,26.11111111111111,179.0,176.0,inside_visible,1863.371,308.089,1
ljahBVDaBNE_17977-18466,275,1,451.0,0.0,264.0,243.0,inside_visible,1171.5884999999998,744.0923750000001,0
ljahBVDaBNE_17977-18466,275,2,1491.135593220339,90.96610169491524,198.0,228.0,inside_visible,915.9524285714286,304.7255714285714,1
ljahBVDaBNE_17977-18466,275,3,1041.7407407407406,26.22222222222222,179.0,176.0,inside_visible,1760.548,308.146,1
ljahBVDaBNE_17977-18466,276,1,452.6,0.0,264.0,243.0,inside_visible,1176.08325,743.3945625,0
ljahBVDaBNE_17977-18466,276,2,1491.050847457627,91.23728813559322,198.0,228.00000000000003,inside_visible,916.3376428571428,303.5698571428572,1
ljahBVDaBNE_17977-18466,276,3,1041.4444444444443,26.33333333333333,179.0,176.0,inside_visible,1771.0348888888889,301.5542222222222,1
ljahBVDaBNE_17977-18466,277,1,454.2,0.0,264.00000000000006,243.0,inside_visible,1180.578,742.6967500000001,0
ljahBVDaBNE_17977-18466,277,2,1490.966101694915,91.50847457627118,198.0,228.0,inside_visible,916.7228571428572,302.41414285714285,1
ljahBVDaBNE_17977-18466,277,3,1041.148148148148,26.444444444444443,179.0,176.0,inside_visible,1781.5217777777775,294.96244444444443,1
ljahBVDaBNE_17977-18466,278,1,455.8,0.0,263.99999999999994,243.0,inside_visible,1185.07275,741.9989375,0
ljahBVDaBNE_17977-18466,278,2,1490.8813559322034,91.77966101694916,198.0,228.0,inside_visible,917.1080714285714,301.25842857142857,1
ljahBVDaBNE_17977-18466,278,3,1040.851851851852,26.55555555555556,179.0,176.0,inside_visible,1792.0086666666666,288.3706666666667,1
ljahBVDaBNE_17977-18466,279,1,457.4,0.0,264.0,243.0,inside_visible,1189.5675,741.3011250000001,0
ljahBVDaBNE_17977-18466,279,2,1490.7966101694915,92.05084745762711,198.0,228.0,inside_visible,917.4932857142858,300.1027142857143,1
ljahBVDaBNE_17977-18466,279,3,1040.5555555555557,26.666666666666668,179.0,176.0,inside_visible,1802.4955555555557,281.7788888888889,1
ljahBVDaBNE_17977-18466,280,1,459.0,0.0,264.0,243.0,inside_visible,1194.06225,740.6033125,0
ljahBVDaBNE_17977-18466,280,2,1490.7118644067796,92.32203389830508,198.0,228.00000000000003,inside_visible,917.8785,298.947,1
ljahBVDaBNE_17977-18466,280,3,1040.2592592592594,26.77777777777778,179.0,176.0,inside_visible,1812.9824444444448,275.1871111111111,1
ljahBVDaBNE_17977-18466,281,1,462.6666666666667,0.0,263.99999999999994,243.0,inside_visible,1198.557,739.9055000000001,0
ljahBVDaBNE_17977-18466,281,2,1490.627118644068,92.59322033898304,198.0,228.0,inside_visible,918.2637142857144,297.7912857142857,1
ljahBVDaBNE_17977-18466,281,3,1039.962962962963,26.88888888888889,179.0,176.0,inside_visible,1823.4693333333332,268.5953333333333,1
ljahBVDaBNE_17977-18466,282,1,466.3333333333333,0.0,264.00000000000006,243.0,inside_visible,1203.05175,739.2076875,0
ljahBVDaBNE_17977-18466,282,2,1490.542372881356,92.864406779661,198.0,228.0,inside_visible,918.6489285714288,296.63557142857144,1
ljahBVDaBNE_17977-18466,282,3,1039.6666666666667,27.0,179.0,176.0,inside_visible,1833.9562222222223,262.0035555555555,1
ljahBVDaBNE_17977-18466,283,1,470.0,0.0,264.0,243.0,inside_visible,1207.5465,738.509875,0
ljahBVDaBNE_17977-18466,283,2,1490.457627118644,93.135593220339,198.0,228.0,inside_visible,919.0341428571428,295.4798571428572,1
ljahBVDaBNE_17977-18466,283,3,1039.3703703703704,27.11111111111111,179.0,176.0,inside_visible,1844.4431111111112,255.4117777777778,1
ljahBVDaBNE_17977-18466,284,1,470.0,0.0,264.0,248.0,inside_visible,1212.04125,737.8120625,0
ljahBVDaBNE_17977-18466,284,2,1490.372881355932,93.40677966101696,198.0,228.0,inside_visible,919.4193571428572,294.3241428571429,1
ljahBVDaBNE_17977-18466,284,3,1039.074074074074,27.22222222222222,179.0,176.0,inside_visible,1854.93,248.82,1
ljahBVDaBNE_17977-18466,285,1,476.3333333333333,0.0,264.00000000000006,248.0,inside_visible,1216.536,737.11425,0
ljahBVDaBNE_17977-18466,285,2,1490.2881355932204,93.67796610169492,198.0,228.0,inside_visible,919.8045714285714,293.1684285714286,1
ljahBVDaBNE_17977-18466,285,3,1038.7777777777778,27.33333333333333,179.0,176.0,inside_visible,1854.93,241.1795,1
ljahBVDaBNE_17977-18466,286,1,482.6666666666667,0.0,263.99999999999994,248.0,inside_visible,1221.03075,736.4164375,0
ljahBVDaBNE_17977-18466,286,2,1490.2033898305085,93.94915254237289,198.0,228.0,inside_visible,920.1897857142858,292.0127142857143,1
ljahBVDaBNE_17977-18466,286,3,1038.4814814814815,27.444444444444443,179.0,176.0,inside_visible,1854.93,233.539,1
ljahBVDaBNE_17977-18466,287,1,489.0,0.0,264.0,248.0,inside_visible,1225.5255000000002,735.718625,0
ljahBVDaBNE_17977-18466,287,2,1490.1186440677966,94.22033898305084,198.0,228.0,inside_visible,920.575,290.857,1
ljahBVDaBNE_17977-18466,287,3,1038.1851851851852,27.55555555555556,179.0,176.0,inside_visible,1854.93,225.8985,1
ljahBVDaBNE_17977-18466,288,1,495.5,0.0,264.0,248.0,inside_visible,1230.02025,735.0208125,0
ljahBVDaBNE_17977-18466,288,2,1490.033898305085,94.49152542372882,198.0,228.0,inside_visible,920.6997368421052,289.8217368421053,1
ljahBVDaBNE_17977-18466,288,3,1037.888888888889,27.666666666666668,179.0,176.0,inside_visible,1854.93,218.258,1
ljahBVDaBNE_17977-18466,289,1,502.0,0.0,264.0,248.0,inside_visible,1234.515,734.323,0
ljahBVDaBNE_17977-18466,289,2,1489.949152542373,94.76271186440678,198.0,228.0,inside_visible,920.8244736842106,288.78647368421053,1
ljahBVDaBNE_17977-18466,289,3,1037.5925925925926,27.77777777777778,179.0,176.0,gaze_shift,1854.93,210.6175,1
ljahBVDaBNE_17977-18466,290,1,515.0,0.0,264.0,248.0,inside_visible,1232.4925,728.2555,0
ljahBVDaBNE_17977-18466,290,2,1489.864406779661,95.03389830508476,198.0,228.0,inside_visible,920.9492105263158,287.7512105263158,1
ljahBVDaBNE_17977-18466,290,3,1037.2962962962963,27.88888888888889,179.0,176.0,gaze_shift,1854.93,202.977,1
ljahBVDaBNE_17977-18466,291,1,520.3333333333334,0.0,264.0,248.0,inside_visible,1230.47,722.188,0
ljahBVDaBNE_17977-18466,291,2,1489.7796610169491,95.30508474576273,198.0,228.0,inside_visible,921.073947368421,286.7159473684211,1
ljahBVDaBNE_17977-18466,291,3,1037.0,28.0,179.0,176.0,gaze_shift,1837.267,218.88725,1
ljahBVDaBNE_17977-18466,292,1,525.6666666666666,0.0,264.0,248.0,inside_visible,1228.4475,716.1205,0
ljahBVDaBNE_17977-18466,292,2,1489.6949152542372,95.57627118644068,198.0,228.0,inside_visible,921.1986842105264,285.68068421052635,1
ljahBVDaBNE_17977-18466,292,3,1037.3636363636365,28.0,179.0,176.0,gaze_shift,1819.604,234.7975,1
ljahBVDaBNE_17977-18466,293,1,531.0,0.0,264.0,248.0,inside_visible,1226.425,710.053,0
ljahBVDaBNE_17977-18466,293,2,1489.6101694915253,95.84745762711864,198.0,228.0,inside_visible,921.3234210526316,284.6454210526316,1
ljahBVDaBNE_17977-18466,293,3,1037.7272727272727,28.0,179.0,176.0,gaze_shift,1801.941,250.70775,1
ljahBVDaBNE_17977-18466,294,1,532.8333333333334,0.8333333333333333,264.0,248.0,inside_visible,1227.5807142857143,714.2905714285714,0
ljahBVDaBNE_17977-18466,294,2,1489.5254237288136,96.1186440677966,198.0,228.0,inside_visible,921.4481578947368,283.61015789473686,1
ljahBVDaBNE_17977-18466,294,3,1038.090909090909,28.0,179.0,176.0,gaze_shift,1784.278,266.618,1
ljahBVDaBNE_17977-18466,295,1,534.6666666666666,1.6666666666666663,264.0,248.0,inside_visible,1228.7364285714286,718.5281428571428,0
ljahBVDaBNE_17977-18466,295,2,1489.4406779661017,96.38983050847456,198.0,228.0,inside_visible,921.5728947368422,282.5748947368421,1
ljahBVDaBNE_17977-18466,295,3,1038.4545454545455,28.0,179.0,176.0,gaze_shift,1250.885,612.865,1
ljahBVDaBNE_17977-18466,296,1,536.5,2.5,264.0,248.0,inside_visible,1229.892142857143,722.7657142857142,0
ljahBVDaBNE_17977-18466,296,2,1489.3559322033898,96.66101694915254,198.0,228.0,inside_visible,921.6976315789474,281.53963157894736,1
ljahBVDaBNE_17977-18466,296,3,1038.8181818181818,28.0,179.0,176.0,gaze_shift,1275.733,675.808,1
ljahBVDaBNE_17977-18466,297,1,538.3333333333334,3.333333333333333,264.0,248.0,inside_visible,1231.047857142857,727.0032857142858,0
ljahBVDaBNE_17977-18466,297,2,1489.271186440678,96.9322033898305,198.0,228.00000000000003,inside_visible,921.8223684210528,280.5043684210527,1
ljahBVDaBNE_17977-18466,297,3,1039.1818181818182,28.0,179.0,176.0,inside_visible,879.232,542.572,1
ljahBVDaBNE_17977-18466,298,1,540.1666666666666,4.166666666666667,264.0,248.0,inside_visible,1232.2035714285714,731.2408571428572,0
ljahBVDaBNE_17977-18466,298,2,1489.1864406779662,97.20338983050848,198.0,228.0,inside_visible,921.947105263158,279.4691052631579,1
ljahBVDaBNE_17977-18466,298,3,1039.5454545454545,28.0,179.0,176.0,inside_visible,878.237,549.5603333333333,1
ljahBVDaBNE_17977-18466,299,1,542.0,5.0,264.0,248.0,inside_visible,1233.3592857142858,735.4784285714286,0
ljahBVDaBNE_17977-18466,299,2,1489.1016949152545,97.47457627118644,198.0,228.0,inside_visible,922.0718421052632,278.4338421052632,1
ljahBVDaBNE_17977-18466,299,3,1039.909090909091,28.0,179.0,176.0,inside_visible,877.242,556.5486666666667,1
ljahBVDaBNE_17977-18466,300,1,543.3333333333334,4.5,264.0,248.0,inside_visible,1234.515,739.716,0
ljahBVDaBNE_17977-18466,300,2,1489.0169491525423,97.7457627118644,198.0,228.0,inside_visible,922.1965789473684,277.39857894736843,1
ljahBVDaBNE_17977-18466,300,3,1040.2727272727273,28.0,179.0,176.0,inside_visible,876.247,563.537,1
ljahBVDaBNE_17977-18466,301,1,544.6666666666666,4.0,264.0,248.0,inside_visible,1234.8885714285716,740.4105714285714,0
ljahBVDaBNE_17977-18466,301,2,1488.9322033898304,98.01694915254237,198.0,228.00000000000003,inside_visible,922.3213157894736,276.3633157894737,1
ljahBVDaBNE_17977-18466,301,3,1040.6363636363635,28.0,179.0,176.0,inside_visible,878.9606666666666,562.1441111111111,1
ljahBVDaBNE_17977-18466,302,1,546.0,3.5,264.0,248.0,inside_visible,1235.2621428571429,741.1051428571428,0
ljahBVDaBNE_17977-18466,302,2,1488.8474576271187,98.28813559322036,198.0,228.0,inside_visible,922.446052631579,275.32805263157894,1
ljahBVDaBNE_17977-18466,302,3,1041.0,28.0,179.0,176.0,inside_visible,881.6743333333333,560.7512222222223,1
ljahBVDaBNE_17977-18466,303,1,547.3333333333334,3.0,264.0,248.0,inside_visible,1235.6357142857144,741.7997142857143,0
ljahBVDaBNE_17977-18466,303,2,1488.7627118644068,98.5593220338983,198.0,228.0,gaze_shift,922.5707894736844,274.29278947368425,1
ljahBVDaBNE_17977-18466,303,3,1041.3636363636365,28.0,179.0,176.0,inside_visible,884.3879999999999,559.3583333333333,1
ljahBVDaBNE_17977-18466,304,1,548.6666666666666,2.5,264.0,248.0,inside_visible,1236.009285714286,742.4942857142858,0
ljahBVDaBNE_17977-18466,304,2,1488.677966101695,98.83050847457628,198.0,228.0,gaze_shift,922.6955263157896,273.2575263157895,1
ljahBVDaBNE_17977-18466,304,3,1041.7272727272727,28.0,179.0,176.0,inside_visible,887.1016666666666,557.9654444444444,1
ljahBVDaBNE_17977-18466,305,1,550.0,2.0,264.0,248.0,inside_visible,1236.3828571428571,743.1888571428572,0
ljahBVDaBNE_17977-18466,305,2,1488.593220338983,99.10169491525424,198.0,228.0,gaze_shift,922.8202631578948,272.2222631578948,1
ljahBVDaBNE_17977-18466,305,3,1042.090909090909,28.0,179.0,176.0,inside_visible,889.8153333333333,556.5725555555556,1
ljahBVDaBNE_17977-18466,306,1,548.4,1.8,264.0,248.0,inside_visible,1236.7564285714286,743.8834285714286,0
ljahBVDaBNE_17977-18466,306,2,1488.5084745762713,99.3728813559322,198.0,228.0,gaze_shift,922.945,271.187,1
ljahBVDaBNE_17977-18466,306,3,1042.4545454545455,28.0,179.0,176.0,inside_visible,892.529,555.1796666666667,1
ljahBVDaBNE_17977-18466,307,1,546.8,1.6,264.0,248.0,inside_visible,1237.13,744.578,0
ljahBVDaBNE_17977-18466,307,2,1488.4237288135594,99.64406779661016,198.0,228.0,gaze_shift,1095.938,493.688,1
ljahBVDaBNE_17977-18466,307,3,1042.8181818181818,28.0,179.0,176.0,inside_visible,895.2426666666667,553.7867777777777,1
ljahBVDaBNE_17977-18466,308,1,545.2,1.4,264.0,248.0,inside_visible,1237.5035714285714,745.2725714285715,0
ljahBVDaBNE_17977-18466,308,2,1488.3389830508474,99.91525423728814,198.0,228.0,inside_visible,1268.931,716.189,1
ljahBVDaBNE_17977-18466,308,3,1043.1818181818182,28.0,179.0,176.0,inside_visible,897.9563333333333,552.3938888888889,1
ljahBVDaBNE_17977-18466,309,1,543.6,1.2,264.0,248.0,inside_visible,1237.8771428571429,745.9671428571429,0
ljahBVDaBNE_17977-18466,309,2,1488.2542372881355,100.1864406779661,198.0,228.0,inside_visible,1265.744,722.318,1
ljahBVDaBNE_17977-18466,309,3,1043.5454545454545,28.0,179.0,176.0,inside_visible,900.67,551.001,1
ljahBVDaBNE_17977-18466,310,1,542.0,1.0,264.0,248.0,inside_visible,1238.2507142857144,746.6617142857143,0
ljahBVDaBNE_17977-18466,310,2,1488.1694915254238,100.45762711864408,198.0,228.0,inside_visible,1264.0079166666667,722.7299166666667,1
ljahBVDaBNE_17977-18466,310,3,1043.909090909091,28.0,179.0,176.0,inside_visible,883.608,560.095,1
ljahBVDaBNE_17977-18466,311,1,540.4,0.8,264.0,248.0,inside_visible,1238.6242857142856,747.3562857142857,0
ljahBVDaBNE_17977-18466,311,2,1488.084745762712,100.72881355932203,198.0,228.0,inside_visible,1262.2718333333332,723.1418333333334,1
ljahBVDaBNE_17977-18466,311,3,1044.2727272727273,28.0,179.0,176.0,inside_visible,885.423,551.661,1
ljahBVDaBNE_17977-18466,312,1,538.8,0.6000000000000001,264.0,248.0,inside_visible,1238.9978571428571,748.0508571428571,0
ljahBVDaBNE_17977-18466,312,2,1488.0,101.0,198.0,228.0,inside_visible,1260.53575,723.55375,1
ljahBVDaBNE_17977-18466,312,3,1044.6363636363635,28.0,179.0,176.0,inside_visible,1253.979,651.092,1
ljahBVDaBNE_17977-18466,313,1,537.2,0.3999999999999999,264.0,248.0,inside_visible,1239.3714285714286,748.7454285714285,0
ljahBVDaBNE_17977-18466,313,2,1487.948275862069,100.6206896551724,198.0,228.00000000000003,inside_visible,1258.7996666666666,723.9656666666666,1
ljahBVDaBNE_17977-18466,313,3,1045.0,28.0,179.0,176.0,inside_visible,1248.586,643.002,1
ljahBVDaBNE_17977-18466,314,1,535.6,0.1999999999999999,264.0,248.0,inside_visible,1239.745,749.44,0
ljahBVDaBNE_17977-18466,314,2,1487.896551724138,100.24137931034484,198.0,228.0,inside_visible,1257.063583333333,724.3775833333333,1
ljahBVDaBNE_17977-18466,314,3,1045.0980392156862,27.84313725490196,179.0,176.0,inside_visible,1247.3085,638.165,1
ljahBVDaBNE_17977-18466,315,1,534.0,0.0,264.0,248.0,inside_visible,1240.1185714285714,750.1345714285715,0
ljahBVDaBNE_17977-18466,315,2,1487.844827586207,99.86206896551724,198.0,228.00000000000003,inside_visible,1255.3275,724.7895,1
ljahBVDaBNE_17977-18466,315,3,1045.1960784313726,27.686274509803923,179.0,176.0,inside_visible,1246.031,633.328,1
ljahBVDaBNE_17977-18466,316,1,531.4,0.0,264.0,248.0,inside_visible,1240.4921428571429,750.8291428571429,0
ljahBVDaBNE_17977-18466,316,2,1487.7931034482758,99.48275862068964,198.0,228.0,inside_visible,1253.5914166666666,725.2014166666667,1
ljahBVDaBNE_17977-18466,316,3,1045.2941176470588,27.529411764705884,179.0,176.0,inside_visible,1244.7535,628.491,1
ljahBVDaBNE_17977-18466,317,1,528.8,0.0,264.0,248.0,inside_visible,1240.865714285714,751.5237142857143,0
ljahBVDaBNE_17977-18466,317,2,1487.7413793103449,99.10344827586206,198.0,228.00000000000003,inside_visible,1251.8553333333334,725.6133333333333,1
ljahBVDaBNE_17977-18466,317,3,1045.3921568627452,27.37254901960784,179.0,176.0,inside_visible,1243.476,623.654,1
ljahBVDaBNE_17977-18466,318,1,526.2,0.0,264.0,248.0,inside_visible,1241.2392857142856,752.2182857142857,0
ljahBVDaBNE_17977-18466,318,2,1487.6896551724135,98.72413793103448,198.0,228.0,inside_visible,1250.11925,726.0252499999999,1
ljahBVDaBNE_17977-18466,318,3,1045.4901960784314,27.215686274509803,179.0,176.0,inside_visible,1239.7778,625.8576,1
ljahBVDaBNE_17977-18466,319,1,523.6,0.0,264.0,248.0,inside_visible,1241.6128571428571,752.9128571428572,0
ljahBVDaBNE_17977-18466,319,2,1487.6379310344828,98.34482758620688,198.0,228.00000000000003,inside_visible,1248.3831666666667,726.4371666666666,1
ljahBVDaBNE_17977-18466,319,3,1045.5882352941176,27.058823529411764,179.0,176.0,inside_visible,1236.0796,628.0612,1
ljahBVDaBNE_17977-18466,320,1,521.0,0.0,264.0,248.0,inside_visible,1241.9864285714284,753.6074285714286,0
ljahBVDaBNE_17977-18466,320,2,1487.5862068965516,97.96551724137932,198.0,228.0,inside_visible,1246.6470833333333,726.8490833333333,1
ljahBVDaBNE_17977-18466,320,3,1045.686274509804,26.90196078431373,179.0,176.0,inside_visible,1232.3814,630.2648,1
ljahBVDaBNE_17977-18466,321,1,516.6666666666666,0.0,264.0,248.0,inside_visible,1242.36,754.302,0
ljahBVDaBNE_17977-18466,321,2,1487.5344827586207,97.58620689655172,198.0,228.0,inside_visible,1244.911,727.261,1
ljahBVDaBNE_17977-18466,321,3,1045.7843137254902,26.745098039215687,179.0,176.0,inside_visible,1228.6832,632.4684,1
ljahBVDaBNE_17977-18466,322,1,512.3333333333334,0.0,264.0,248.0,inside_visible,1655.189,537.469,0
ljahBVDaBNE_17977-18466,322,2,1487.4827586206898,97.20689655172414,198.0,228.0,inside_visible,1245.0146,726.7512499999999,1
ljahBVDaBNE_17977-18466,322,3,1045.8823529411766,26.58823529411765,179.0,176.0,inside_visible,1224.985,634.672,1
ljahBVDaBNE_17977-18466,323,1,508.0,0.0,264.0,248.0,inside_visible,1651.2035555555556,534.6847777777779,0
ljahBVDaBNE_17977-18466,323,2,1487.4310344827586,96.82758620689656,198.0,228.0,inside_visible,1245.1182,726.2415,1
ljahBVDaBNE_17977-18466,323,3,1045.9803921568628,26.431372549019606,179.0,176.0,inside_visible,1402.5,238.853,1
ljahBVDaBNE_17977-18466,324,1,508.0,0.0,264.0,240.0,inside_visible,1647.218111111111,531.9005555555556,0
ljahBVDaBNE_17977-18466,324,2,1487.3793103448277,96.44827586206895,198.0,228.0,inside_visible,1245.2218,725.7317499999999,1
ljahBVDaBNE_17977-18466,324,3,1046.078431372549,26.274509803921568,179.0,176.0,inside_visible,1378.648,241.246,1
ljahBVDaBNE_17977-18466,325,1,504.0,0.0,264.0,240.0,inside_visible,1643.2326666666668,529.1163333333334,0
ljahBVDaBNE_17977-18466,325,2,1487.3275862068965,96.06896551724138,198.0,228.0,inside_visible,1245.3254000000002,725.222,1
ljahBVDaBNE_17977-18466,325,3,1046.1764705882354,26.11764705882353,179.0,176.0,inside_visible,1378.648,242.96204545454543,1
ljahBVDaBNE_17977-18466,326,1,500.0,0.0,264.0,240.0,inside_visible,1639.2472222222225,526.3321111111111,0
ljahBVDaBNE_17977-18466,326,2,1487.2758620689656,95.6896551724138,198.0,228.0,inside_visible,1245.429,724.7122499999999,1
ljahBVDaBNE_17977-18466,326,3,1046.2745098039215,25.96078431372549,179.0,176.0,inside_visible,1378.648,244.6780909090909,1
ljahBVDaBNE_17977-18466,327,1,496.0,0.0,264.0,240.0,inside_visible,1635.2617777777778,523.5478888888889,0
ljahBVDaBNE_17977-18466,327,2,1487.2241379310344,95.3103448275862,198.0,228.0,inside_visible,1245.5326,724.2025,1
ljahBVDaBNE_17977-18466,327,3,1046.3725490196075,25.80392156862745,179.0,176.0,inside_visible,1378.648,246.3941363636364,1
ljahBVDaBNE_17977-18466,328,1,492.0,0.0,264.0,240.0,inside_visible,1631.2763333333332,520.7636666666666,0
ljahBVDaBNE_17977-18466,328,2,1487.1724137931035,94.93103448275862,198.0,228.0,inside_visible,1245.6362,723.6927499999999,1
ljahBVDaBNE_17977-18466,328,3,1046.470588235294,25.647058823529413,179.0,176.0,inside_visible,1378.648,248.1101818181818,1
ljahBVDaBNE_17977-18466,329,1,484.6666666666667,0.0,263.99999999999994,240.0,inside_visible,1627.290888888889,517.9794444444444,0
ljahBVDaBNE_17977-18466,329,2,1487.1206896551723,94.55172413793105,198.0,228.0,inside_visible,1245.7398,723.183,1
ljahBVDaBNE_17977-18466,329,3,1046.5686274509803,25.49019607843137,179.0,176.0,inside_visible,1378.648,249.8262272727273,1
ljahBVDaBNE_17977-18466,330,1,477.3333333333333,0.0,264.00000000000006,240.0,inside_visible,1623.3054444444444,515.1952222222221,0
ljahBVDaBNE_17977-18466,330,2,1487.0689655172414,94.17241379310344,198.0,228.0,inside_visible,1245.8434,722.6732499999999,1
ljahBVDaBNE_17977-18466,330,3,1046.6666666666667,25.33333333333333,179.0,176.0,inside_visible,1378.648,251.54227272727277,1
ljahBVDaBNE_17977-18466,331,1,470.0,0.0,264.0,240.0,inside_visible,1619.32,512.411,0
ljahBVDaBNE_17977-18466,331,2,1487.0172413793102,93.79310344827586,198.0,228.0,inside_visible,1245.947,722.1635,1
ljahBVDaBNE_17977-18466,331,3,1046.764705882353,25.176470588235293,179.0,176.0,inside_visible,1378.648,253.2583181818182,1
ljahBVDaBNE_17977-18466,332,1,467.3333333333333,0.0,264.00000000000006,240.0,inside_visible,1255.784,728.353,0
ljahBVDaBNE_17977-18466,332,2,1486.9655172413793,93.41379310344828,198.0,228.0,inside_visible,1246.0506,721.65375,1
ljahBVDaBNE_17977-18466,332,3,1046.862745098039,25.01960784313725,179.0,176.0,inside_visible,1378.648,254.97436363636365,1
ljahBVDaBNE_17977-18466,333,1,464.6666666666667,0.0,263.99999999999994,240.0,inside_visible,1255.2036,726.5957,0
ljahBVDaBNE_17977-18466,333,2,1486.9137931034484,93.03448275862068,198.0,228.0,inside_visible,1246.1542,721.144,1
ljahBVDaBNE_17977-18466,333,3,1046.9607843137255,24.862745098039216,179.0,176.0,inside_visible,1378.648,256.6904090909091,1
ljahBVDaBNE_17977-18466,334,1,462.0,0.0,264.0,240.0,inside_visible,1254.6232,724.8384,0
ljahBVDaBNE_17977-18466,334,2,1486.8620689655172,92.65517241379312,198.0,228.0,inside_visible,1246.2578,720.63425,1
ljahBVDaBNE_17977-18466,334,3,1047.0588235294117,24.705882352941178,179.0,176.0,inside_visible,1378.648,258.4064545454545,1
ljahBVDaBNE_17977-18466,335,1,448.5,0.0,264.0,240.0,inside_visible,1254.0428000000002,723.0811,0
ljahBVDaBNE_17977-18466,335,2,1486.8103448275865,92.27586206896552,198.0,228.0,inside_visible,1246.3614,720.1245,1
ljahBVDaBNE_17977-18466,335,3,1047.156862745098,24.54901960784313,179.0,176.0,inside_visible,1378.648,260.1225,1
ljahBVDaBNE_17977-18466,336,1,435.0,0.0,264.0,240.0,inside_visible,1253.4624,721.3238,0
ljahBVDaBNE_17977-18466,336,2,1486.7586206896551,91.89655172413794,198.0,228.0,inside_visible,1246.465,719.61475,1
ljahBVDaBNE_17977-18466,336,3,1047.2549019607843,24.392156862745097,179.0,176.0,inside_visible,1378.648,261.83854545454545,1
ljahBVDaBNE_17977-18466,337,1,434.25,0.0,264.0,240.0,inside_visible,1252.882,719.5664999999999,0
ljahBVDaBNE_17977-18466,337,2,1486.7068965517242,91.51724137931036,198.0,228.0,inside_visible,1246.5686,719.105,1
ljahBVDaBNE_17977-18466,337,3,1047.3529411764705,24.235294117647054,179.0,176.0,inside_visible,1378.648,263.5545909090909,1
ljahBVDaBNE_17977-18466,338,1,433.5,0.0,264.0,240.0,inside_visible,1252.3016,717.8091999999999,0
ljahBVDaBNE_17977-18466,338,2,1486.655172413793,91.13793103448276,198.0,228.0,inside_visible,1246.6722,718.59525,1
ljahBVDaBNE_17977-18466,338,3,1047.450980392157,24.07843137254902,179.0,176.0,inside_visible,1378.648,265.2706363636364,1
ljahBVDaBNE_17977-18466,339,1,432.75,0.0,264.0,240.0,inside_visible,1251.7212,716.0518999999999,0
ljahBVDaBNE_17977-18466,339,2,1486.603448275862,90.75862068965516,198.0,228.0,inside_visible,1246.7758,718.0855,1
ljahBVDaBNE_17977-18466,339,3,1047.549019607843,23.92156862745098,179.0,176.0,inside_visible,1378.648,266.9866818181818,1
ljahBVDaBNE_17977-18466,340,1,432.0,0.0,264.0,240.0,inside_visible,1251.1408,714.2946,0
ljahBVDaBNE_17977-18466,340,2,1486.551724137931,90.3793103448276,198.0,228.0,inside_visible,1246.8794,717.57575,1
ljahBVDaBNE_17977-18466,340,3,1047.6470588235295,23.764705882352946,179.0,176.0,inside_visible,1378.648,268.70272727272726,1
ljahBVDaBNE_17977-18466,341,1,432.0,0.0,264.0,227.0,inside_visible,1250.5604,712.5373,0
ljahBVDaBNE_17977-18466,341,2,1486.5,90.0,198.0,228.0,inside_visible,1246.9830000000002,717.066,1
ljahBVDaBNE_17977-18466,341,3,1047.7450980392157,23.607843137254903,179.0,176.0,inside_visible,1378.648,270.4187727272727,1
ljahBVDaBNE_17977-18466,342,1,433.6,0.0,264.0,227.0,inside_visible,1249.98,710.78,0
ljahBVDaBNE_17977-18466,342,2,1486.448275862069,89.62068965517241,198.0,228.00000000000003,inside_visible,1247.0866,716.55625,1
ljahBVDaBNE_17977-18466,342,3,1047.843137254902,23.450980392156865,179.0,176.0,inside_visible,1378.648,272.1348181818182,1
ljahBVDaBNE_17977-18466,343,1,435.2,0.0,264.00000000000006,227.0,inside_visible,1632.051,504.349,0
ljahBVDaBNE_17977-18466,343,2,1486.396551724138,89.24137931034483,198.0,228.0,inside_visible,1247.1902,716.0464999999999,1
ljahBVDaBNE_17977-18466,343,3,1047.9411764705883,23.294117647058822,179.0,176.0,inside_visible,1378.648,273.85086363636367,1
ljahBVDaBNE_17977-18466,344,1,436.8,0.0,263.99999999999994,227.0,inside_visible,1631.1784285714284,504.6899285714285,0
ljahBVDaBNE_17977-18466,344,2,1486.344827586207,88.86206896551724,198.0,228.00000000000003,inside_visible,1247.2938,715.53675,1
ljahBVDaBNE_17977-18466,344,3,1048.0392156862745,23.137254901960784,179.0,176.0,inside_visible,1378.648,275.5669090909091,1
ljahBVDaBNE_17977-18466,345,1,438.4,0.0,264.0,227.0,inside_visible,1630.3058571428571,505.03085714285714,0
ljahBVDaBNE_17977-18466,345,2,1486.2931034482758,88.48275862068965,198.0,228.0,inside_visible,1247.3974,715.0269999999999,1
ljahBVDaBNE_17977-18466,345,3,1048.137254901961,22.980392156862745,179.0,176.0,inside_visible,1378.648,277.2829545454546,1
ljahBVDaBNE_17977-18466,346,1,440.0,0.0,264.0,227.0,inside_visible,1629.4332857142856,505.3717857142857,0
ljahBVDaBNE_17977-18466,346,2,1486.2413793103449,88.10344827586206,198.0,228.00000000000003,inside_visible,1247.501,714.51725,1
ljahBVDaBNE_17977-18466,346,3,1048.235294117647,22.823529411764707,179.0,176.0,inside_visible,1378.648,278.999,1
ljahBVDaBNE_17977-18466,347,1,441.1578947368421,0.0,264.0,227.0,inside_visible,1628.5607142857143,505.7127142857143,0
ljahBVDaBNE_17977-18466,347,2,1486.1896551724135,87.72413793103448,198.0,228.0,inside_visible,1247.6046,714.0074999999999,1
ljahBVDaBNE_17977-18466,347,3,1048.3333333333333,22.666666666666668,179.0,176.0,inside_visible,1378.648,280.7150454545455,1
ljahBVDaBNE_17977-18466,348,1,442.3157894736842,0.0,263.99999999999994,227.0,inside_visible,1627.6881428571428,506.0536428571429,0
ljahBVDaBNE_17977-18466,348,2,1486.1379310344828,87.34482758620689,198.0,228.00000000000003,inside_visible,1247.7082,713.49775,1
ljahBVDaBNE_17977-18466,348,3,1048.4313725490197,22.509803921568626,179.0,176.0,inside_visible,1378.648,282.4310909090909,1
ljahBVDaBNE_17977-18466,349,1,443.4736842105263,0.0,264.00000000000006,227.0,inside_visible,1626.8155714285715,506.39457142857145,0
ljahBVDaBNE_17977-18466,349,2,1486.0862068965516,86.9655172413793,198.0,228.0,inside_visible,1247.8118,712.9879999999999,1
ljahBVDaBNE_17977-18466,349,3,1048.529411764706,22.352941176470587,179.0,176.0,inside_visible,1378.648,284.1471363636364,1
ljahBVDaBNE_17977-18466,350,1,444.6315789473685,0.0,264.0,227.0,inside_visible,1625.943,506.7355,0
ljahBVDaBNE_17977-18466,350,2,1486.0344827586207,86.58620689655173,198.0,228.0,inside_visible,1247.9154,712.47825,1
ljahBVDaBNE_17977-18466,350,3,1048.6274509803925,22.19607843137255,179.0,176.0,inside_visible,1378.648,285.86318181818183,1
ljahBVDaBNE_17977-18466,351,1,445.7894736842105,0.0,264.0,227.0,inside_visible,1625.0704285714285,507.07642857142855,0
ljahBVDaBNE_17977-18466,351,2,1485.9827586206898,86.20689655172414,198.0,228.0,inside_visible,1248.019,711.9685,1
ljahBVDaBNE_17977-18466,351,3,1048.7254901960785,22.03921568627451,179.0,176.0,inside_visible,1378.648,287.5792272727273,1
ljahBVDaBNE_17977-18466,352,1,446.9473684210527,0.0,263.99999999999994,227.0,inside_visible,1624.1978571428572,507.4173571428572,0
ljahBVDaBNE_17977-18466,352,2,1485.9310344827586,85.82758620689656,198.0,228.0,inside_visible,1248.1226,711.45875,1
ljahBVDaBNE_17977-18466,352,3,1048.8235294117646,21.88235294117647,179.0,176.0,inside_visible,1378.648,289.2952727272728,1
ljahBVDaBNE_17977-18466,353,1,448.10526315789474,0.0,263.99999999999994,227.0,inside_visible,1623.3252857142857,507.7582857142857,0
ljahBVDaBNE_17977-18466,353,2,1485.8793103448277,85.44827586206897,198.0,228.0,inside_visible,1248.2262,710.949,1
ljahBVDaBNE_17977-18466,353,3,1048.921568627451,21.725490196078432,179.0,176.0,inside_visible,1378.648,291.0113181818182,1
ljahBVDaBNE_17977-18466,354,1,449.2631578947368,0.0,264.00000000000006,227.0,inside_visible,1622.4527142857144,508.0992142857143,0
ljahBVDaBNE_17977-18466,354,2,1485.8275862068965,85.06896551724138,198.0,228.0,inside_visible,1248.3298,710.43925,1
ljahBVDaBNE_17977-18466,354,3,1049.0196078431372,21.568627450980397,179.0,176.0,inside_visible,1378.648,292.72736363636363,1
ljahBVDaBNE_17977-18466,355,1,450.42105263157896,0.0,264.0,227.0,inside_visible,1621.5801428571428,508.44014285714286,0
ljahBVDaBNE_17977-18466,355,2,1485.7758620689656,84.6896551724138,198.0,228.0,gaze_shift,1248.4334,709.9295,1
ljahBVDaBNE_17977-18466,355,3,1049.1176470588234,21.411764705882355,179.0,176.0,inside_visible,1378.648,294.4434090909091,1
ljahBVDaBNE_17977-18466,356,1,451.578947368421,0.0,264.0,227.0,inside_visible,1620.7075714285716,508.78107142857147,0
ljahBVDaBNE_17977-18466,356,2,1485.7241379310344,84.3103448275862,198.0,228.0,gaze_shift,1248.537,709.41975,1
ljahBVDaBNE_17977-18466,356,3,1049.2156862745098,21.254901960784316,179.0,176.0,inside_visible,1378.648,296.15945454545454,1
ljahBVDaBNE_17977-18466,357,1,452.7368421052632,0.0,263.99999999999994,227.0,inside_visible,1619.835,509.122,0
ljahBVDaBNE_17977-18466,357,2,1485.6724137931035,83.93103448275862,198.0,228.0,gaze_shift,1248.6406000000002,708.91,1
ljahBVDaBNE_17977-18466,357,3,1049.313725490196,21.098039215686278,179.0,176.0,inside_visible,1378.648,297.8755,1
ljahBVDaBNE_17977-18466,358,1,453.89473684210526,0.0,264.00000000000006,227.0,inside_visible,1621.453,503.9086,0
ljahBVDaBNE_17977-18466,358,2,1485.6206896551723,83.55172413793103,198.0,228.0,gaze_shift,1248.7442,708.40025,1
ljahBVDaBNE_17977-18466,358,3,1049.4117647058824,20.94117647058824,179.0,176.0,inside_visible,1378.648,299.59154545454544,1
ljahBVDaBNE_17977-18466,359,1,455.05263157894734,0.0,264.00000000000006,227.0,inside_visible,1623.071,498.6952,0
ljahBVDaBNE_17977-18466,359,2,1485.5689655172414,83.17241379310344,198.0,228.0,gaze_shift,1248.8478,707.8905,1
ljahBVDaBNE_17977-18466,359,3,1049.5098039215686,20.7843137254902,179.0,176.0,inside_visible,1378.648,301.3075909090909,1
ljahBVDaBNE_17977-18466,360,1,456.2105263157895,0.0,264.0,227.0,inside_visible,1624.689,493.4818,0
ljahBVDaBNE_17977-18466,360,2,1485.5172413793102,82.79310344827586,198.0,228.0,gaze_shift,1248.9514,707.38075,1
ljahBVDaBNE_17977-18466,360,3,1049.6078431372548,20.62745098039216,179.0,176.0,inside_visible,1378.648,303.0236363636364,1
ljahBVDaBNE_17977-18466,361,1,457.3684210526316,0.0,264.0,227.0,inside_visible,1626.307,488.2684,0
ljahBVDaBNE_17977-18466,361,2,1485.4655172413793,82.41379310344827,198.0,228.0,gaze_shift,1249.055,706.871,1
ljahBVDaBNE_17977-18466,361,3,1049.7058823529412,20.47058823529412,179.0,176.0,inside_visible,1378.648,304.73968181818185,1
ljahBVDaBNE_17977-18466,362,1,458.5263157894737,0.0,263.99999999999994,227.0,inside_visible,1627.925,483.055,0
ljahBVDaBNE_17977-18466,362,2,1485.4137931034484,82.0344827586207,198.0,228.0,inside_visible,1406.709,236.474,1
ljahBVDaBNE_17977-18466,362,3,1049.8039215686274,20.31372549019608,179.0,176.0,inside_visible,1378.648,306.4557272727273,1
ljahBVDaBNE_17977-18466,363,1,459.6842105263158,0.0,264.00000000000006,227.0,inside_visible,827.026,503.729,0
ljahBVDaBNE_17977-18466,363,2,1485.3620689655172,81.65517241379311,198.0,228.0,inside_visible,1408.9444285714287,244.3865714285714,1
ljahBVDaBNE_17977-18466,363,3,1049.9019607843138,20.15686274509804,179.0,176.0,inside_visible,1378.648,308.17177272727275,1
ljahBVDaBNE_17977-18466,364,1,460.8421052631579,0.0,264.0,227.0,inside_visible,830.933,502.245,0
ljahBVDaBNE_17977-18466,364,2,1485.3103448275865,81.27586206896552,198.0,228.0,inside_visible,1411.1798571428571,252.29914285714287,1
ljahBVDaBNE_17977-18466,364,3,1050.0,20.0,179.0,176.0,inside_visible,1378.648,309.8878181818182,1
ljahBVDaBNE_17977-18466,365,1,462.0,0.0,264.0,227.0,inside_visible,834.8399999999999,500.761,0
ljahBVDaBNE_17977-18466,365,2,1485.2586206896551,80.89655172413794,198.0,228.0,inside_visible,1413.4152857142858,260.21171428571427,1
ljahBVDaBNE_17977-18466,365,3,1046.75,20.0,179.0,176.0,inside_visible,1378.648,311.60386363636366,1
ljahBVDaBNE_17977-18466,366,1,459.3333333333333,0.0,264.00000000000006,218.0,inside_visible,838.747,499.277,0
ljahBVDaBNE_17977-18466,366,2,1485.2068965517242,80.51724137931035,198.0,228.0,inside_visible,1415.6507142857142,268.12428571428575,1
ljahBVDaBNE_17977-18466,366,3,1043.5,20.0,179.0,176.0,inside_visible,1378.648,313.3199090909091,1
ljahBVDaBNE_17977-18466,367,1,456.6666666666667,0.0,263.99999999999994,209.0,inside_visible,842.654,497.793,0
ljahBVDaBNE_17977-18466,367,2,1485.155172413793,80.13793103448276,198.0,228.0,inside_visible,1417.8861428571429,276.0368571428572,1
ljahBVDaBNE_17977-18466,367,3,1040.25,20.0,179.0,176.0,inside_visible,1378.648,315.03595454545456,1
ljahBVDaBNE_17977-18466,368,1,454.0,0.0,264.0,200.0,inside_visible,846.5609999999999,496.309,0
ljahBVDaBNE_17977-18466,368,2,1485.103448275862,79.75862068965517,198.0,228.0,inside_visible,1420.121571428571,283.9494285714286,1
ljahBVDaBNE_17977-18466,368,3,1037.0,20.0,179.0,176.0,inside_visible,1378.648,316.752,1
ljahBVDaBNE_17977-18466,369,1,455.0,0.0,264.0,200.0,inside_visible,850.468,494.825,0
ljahBVDaBNE_17977-18466,369,2,1485.051724137931,79.37931034482759,198.0,228.0,inside_visible,1422.357,291.862,1
ljahBVDaBNE_17977-18466,369,3,1037.0,19.0,179.0,176.0,inside_visible,1384.4265,312.70707142857145,1
ljahBVDaBNE_17977-18466,370,1,456.0,0.0,264.0,200.0,inside_visible,870.6925,457.072,0
ljahBVDaBNE_17977-18466,370,2,1485.0,79.0,198.0,228.0,inside_visible,1423.855111111111,288.5661111111111,1
ljahBVDaBNE_17977-18466,370,3,1037.0,18.0,179.0,176.0,inside_visible,1390.205,308.66214285714284,1
ljahBVDaBNE_17977-18466,371,1,457.0,0.0,264.0,200.0,inside_visible,890.917,419.319,0
ljahBVDaBNE_17977-18466,371,2,1485.3636363636365,79.0,198.0,228.0,inside_visible,1425.3532222222225,285.27022222222223,1
ljahBVDaBNE_17977-18466,371,3,1037.0,17.0,179.0,176.0,inside_visible,1395.9834999999998,304.6172142857143,1
ljahBVDaBNE_17977-18466,372,1,458.0,0.0,264.0,200.0,inside_visible,907.097,395.0495,0
ljahBVDaBNE_17977-18466,372,2,1485.7272727272727,79.0,198.0,228.0,inside_visible,1426.8513333333333,281.97433333333333,1
ljahBVDaBNE_17977-18466,372,3,1037.0,16.0,179.0,176.0,inside_visible,1401.762,300.5722857142857,1
ljahBVDaBNE_17977-18466,373,1,459.0,0.0,264.0,200.0,inside_visible,923.277,370.78,0
ljahBVDaBNE_17977-18466,373,2,1486.090909090909,79.0,198.0,228.0,inside_visible,1428.3494444444443,278.67844444444444,1
ljahBVDaBNE_17977-18466,373,3,1037.0,15.0,179.0,176.0,inside_visible,1407.5405,296.5273571428572,1
ljahBVDaBNE_17977-18466,374,1,460.0,0.0,264.0,200.0,inside_visible,923.277,333.027,0
ljahBVDaBNE_17977-18466,374,2,1486.4545454545455,79.0,198.0,228.0,inside_visible,1429.8475555555556,275.3825555555556,1
ljahBVDaBNE_17977-18466,374,3,1037.0,14.0,179.0,176.0,inside_visible,1413.319,292.48242857142856,1
ljahBVDaBNE_17977-18466,375,1,461.0,0.0,264.0,200.0,inside_visible,923.277,289.881,0
ljahBVDaBNE_17977-18466,375,2,1486.8181818181818,79.0,198.0,228.0,inside_visible,1431.3456666666666,272.0866666666667,1
ljahBVDaBNE_17977-18466,375,3,1037.0,13.0,179.0,176.0,inside_visible,1419.0975,288.4375,1
ljahBVDaBNE_17977-18466,376,1,462.0,0.0,264.0,200.0,inside_visible,917.8838,282.8698,0
ljahBVDaBNE_17977-18466,376,2,1487.1818181818182,79.0,198.0,228.0,inside_visible,1432.843777777778,268.7907777777778,1
ljahBVDaBNE_17977-18466,376,3,1037.0,12.0,179.0,176.0,inside_visible,1424.876,284.39257142857144,1
ljahBVDaBNE_17977-18466,377,1,461.0,0.0,264.0,197.625,inside_visible,912.4906,275.8586,0
ljahBVDaBNE_17977-18466,377,2,1487.5454545454545,79.0,198.0,228.0,inside_visible,1434.341888888889,265.4948888888889,1
ljahBVDaBNE_17977-18466,377,3,1037.0,11.0,179.0,176.0,inside_visible,1430.6545,280.34764285714283,1
ljahBVDaBNE_17977-18466,378,1,460.0,0.0,264.0,195.25,inside_visible,907.0974,268.8474,0
ljahBVDaBNE_17977-18466,378,2,1487.909090909091,79.0,198.0,228.0,inside_visible,1435.84,262.199,1
ljahBVDaBNE_17977-18466,378,3,1037.0,10.0,179.0,176.0,inside_visible,1436.433,276.3027142857143,1
ljahBVDaBNE_17977-18466,379,1,459.0,0.0,264.0,192.875,inside_visible,901.7042,261.8362,0
ljahBVDaBNE_17977-18466,379,2,1488.2727272727273,79.0,198.0,228.0,inside_visible,1437.3381111111112,258.9031111111111,1
ljahBVDaBNE_17977-18466,379,3,1037.0,9.0,179.0,176.0,inside_visible,1442.2115,272.2577857142857,1
ljahBVDaBNE_17977-18466,380,1,458.0,0.0,264.0,190.5,inside_visible,896.311,254.825,0
ljahBVDaBNE_17977-18466,380,2,1488.6363636363635,79.0,198.0,228.0,inside_visible,1438.8362222222222,255.60722222222225,1
ljahBVDaBNE_17977-18466,380,3,1037.2424242424242,8.757575757575758,179.0,176.0,inside_visible,1447.99,268.2128571428572,1
ljahBVDaBNE_17977-18466,381,1,457.0,0.0,264.0,188.125,inside_visible,891.8166666666667,244.93733333333333,0
ljahBVDaBNE_17977-18466,381,2,1489.0,79.0,198.0,228.0,inside_visible,1440.3343333333332,252.31133333333332,1
ljahBVDaBNE_17977-18466,381,3,1037.4848484848485,8.515151515151516,179.0,176.0,inside_visible,1453.7685,264.16792857142855,1
ljahBVDaBNE_17977-18466,382,1,456.0,0.0,264.0,185.75,inside_visible,887.3223333333333,235.04966666666667,0
ljahBVDaBNE_17977-18466,382,2,1489.3636363636365,79.0,198.0,228.0,inside_visible,1441.8324444444445,249.01544444444448,1
ljahBVDaBNE_17977-18466,382,3,1037.7272727272727,8.272727272727273,179.0,176.0,inside_visible,1459.547,260.123,1
ljahBVDaBNE_17977-18466,383,1,455.0,0.0,264.0,183.375,inside_visible,882.828,225.162,0
ljahBVDaBNE_17977-18466,383,2,1489.7272727272727,79.0,198.0,228.0,inside_visible,1443.3305555555555,245.7195555555556,1
ljahBVDaBNE_17977-18466,383,3,1037.969696969697,8.030303030303031,179.0,176.0,inside_visible,1458.947777777778,261.92077777777774,1
ljahBVDaBNE_17977-18466,384,1,454.0,0.0,264.0,181.0,inside_visible,946.199,324.937,0
ljahBVDaBNE_17977-18466,384,2,1490.090909090909,79.0,198.0,228.0,inside_visible,1444.8286666666668,242.42366666666663,1
ljahBVDaBNE_17977-18466,384,3,1038.2121212121212,7.787878787878788,179.0,176.0,inside_visible,1458.3485555555555,263.71855555555555,1
ljahBVDaBNE_17977-18466,385,1,455.0,0.0,264.0,181.0,inside_visible,939.457,338.42,0
ljahBVDaBNE_17977-18466,385,2,1490.4545454545455,79.0,198.0,228.0,inside_visible,1446.3267777777778,239.1277777777778,1
ljahBVDaBNE_17977-18466,385,3,1038.4545454545455,7.545454545454545,179.0,176.0,inside_visible,1457.7493333333334,265.5163333333333,1
ljahBVDaBNE_17977-18466,386,1,456.0,0.0,264.0,181.0,inside_visible,937.364,342.0668,0
ljahBVDaBNE_17977-18466,386,2,1490.8181818181818,79.0,198.0,228.0,inside_visible,1447.8248888888888,235.8318888888889,1
ljahBVDaBNE_17977-18466,386,3,1038.6969696969695,7.303030303030303,179.0,176.0,inside_visible,1457.150111111111,267.3141111111111,1
ljahBVDaBNE_17977-18466,387,1,457.0,0.0,264.0,181.0,inside_visible,935.271,345.7136,0
ljahBVDaBNE_17977-18466,387,2,1491.1818181818182,79.0,198.0,228.0,inside_visible,1449.323,232.536,1
ljahBVDaBNE_17977-18466,387,3,1038.939393939394,7.0606060606060606,179.0,176.0,inside_visible,1456.550888888889,269.11188888888887,1
ljahBVDaBNE_17977-18466,388,1,458.0,0.0,264.0,181.0,inside_visible,933.178,349.3604,0
ljahBVDaBNE_17977-18466,388,2,1491.5454545454545,79.0,198.0,228.0,inside_visible,1450.8211111111111,229.2401111111111,1
ljahBVDaBNE_17977-18466,388,3,1039.1818181818182,6.818181818181818,179.0,176.0,inside_visible,1455.9516666666666,270.9096666666667,1
ljahBVDaBNE_17977-18466,389,1,459.0,0.0,264.0,181.0,inside_visible,931.085,353.0072,0
ljahBVDaBNE_17977-18466,389,2,1491.909090909091,79.0,198.0,228.0,inside_visible,1452.3192222222222,225.9442222222222,1
ljahBVDaBNE_17977-18466,389,3,1039.4242424242425,6.575757575757576,179.0,176.0,inside_visible,1455.3524444444445,272.70744444444443,1
ljahBVDaBNE_17977-18466,390,1,460.0,0.0,264.0,181.0,inside_visible,928.992,356.654,0
ljahBVDaBNE_17977-18466,390,2,1492.2727272727273,79.0,198.0,228.0,inside_visible,1453.8173333333334,222.6483333333333,1
ljahBVDaBNE_17977-18466,390,3,1039.6666666666667,6.333333333333334,179.0,176.0,inside_visible,1454.753222222222,274.50522222222224,1
ljahBVDaBNE_17977-18466,391,1,461.0,0.0,264.0,181.0,inside_visible,931.838375,353.113875,0
ljahBVDaBNE_17977-18466,391,2,1492.6363636363635,79.0,198.0,228.0,inside_visible,1455.3154444444444,219.35244444444444,1
ljahBVDaBNE_17977-18466,391,3,1039.909090909091,6.090909090909091,179.0,176.0,inside_visible,1454.154,276.303,1
ljahBVDaBNE_17977-18466,392,1,462.0,0.0,264.0,181.0,inside_visible,934.68475,349.57375,0
ljahBVDaBNE_17977-18466,392,2,1493.0,79.0,198.0,228.0,inside_visible,1456.8135555555557,216.05655555555555,1
ljahBVDaBNE_17977-18466,392,3,1040.1515151515152,5.848484848484849,179.0,176.0,inside_visible,1448.311333333333,261.921,1
ljahBVDaBNE_17977-18466,393,1,465.6666666666667,0.0,263.99999999999994,181.0,inside_visible,937.531125,346.03362500000003,0
ljahBVDaBNE_17977-18466,393,2,1495.6666666666667,79.5,198.0,228.0,inside_visible,1458.3116666666667,212.76066666666668,1
ljahBVDaBNE_17977-18466,393,3,1040.3939393939395,5.6060606060606055,179.0,176.0,inside_visible,1442.4686666666666,247.539,1
ljahBVDaBNE_17977-18466,394,1,469.3333333333333,0.0,264.00000000000006,181.0,inside_visible,940.3775,342.49350000000004,0
ljahBVDaBNE_17977-18466,394,2,1498.3333333333333,80.0,198.0,228.0,inside_visible,1459.8097777777778,209.46477777777775,1
ljahBVDaBNE_17977-18466,394,3,1040.6363636363635,5.363636363636363,179.0,176.0,inside_visible,1436.626,233.157,1
ljahBVDaBNE_17977-18466,395,1,473.0,0.0,264.0,181.0,inside_visible,943.223875,338.953375,0
ljahBVDaBNE_17977-18466,395,2,1501.0,80.5,198.0,228.0,inside_visible,1461.307888888889,206.1688888888889,1
ljahBVDaBNE_17977-18466,395,3,1040.878787878788,5.121212121212121,179.0,176.0,inside_visible,1430.7833333333333,218.775,1
ljahBVDaBNE_17977-18466,396,1,473.0,0.0,264.0,173.0,inside_visible,946.07025,335.41325,0
ljahBVDaBNE_17977-18466,396,2,1503.6666666666667,81.0,198.0,228.0,inside_visible,1462.806,202.873,1
ljahBVDaBNE_17977-18466,396,3,1041.121212121212,4.878787878787879,179.0,176.0,inside_visible,1424.9406666666666,204.393,1
ljahBVDaBNE_17977-18466,397,1,473.0,0.0,264.0,165.0,inside_visible,948.916625,331.873125,0
ljahBVDaBNE_17977-18466,397,2,1506.3333333333333,81.5,198.0,228.0,inside_visible,1472.2441666666666,187.59216666666663,1
ljahBVDaBNE_17977-18466,397,3,1041.3636363636365,4.636363636363637,179.0,176.0,inside_visible,1419.098,190.011,1
ljahBVDaBNE_17977-18466,398,1,474.6,0.0,264.0,165.0,inside_visible,951.763,328.333,0
ljahBVDaBNE_17977-18466,398,2,1509.0,82.0,198.0,228.0,inside_visible,1481.6823333333334,172.31133333333332,1
ljahBVDaBNE_17977-18466,398,3,1041.6060606060605,4.393939393939394,179.0,176.0,inside_visible,1443.368,195.8535,1
ljahBVDaBNE_17977-18466,399,1,476.2,0.0,264.00000000000006,165.0,inside_visible,1415.733,109.4,0
ljahBVDaBNE_17977-18466,399,2,1509.0,80.9,198.0,228.0,inside_visible,1491.1205,157.0305,1
ljahBVDaBNE_17977-18466,399,3,1041.8484848484848,4.151515151515151,179.0,176.0,inside_visible,1467.638,201.696,1
ljahBVDaBNE_17977-18466,400,1,477.8,0.0,263.99999999999994,165.0,inside_visible,1392.812,81.328,0
ljahBVDaBNE_17977-18466,400,2,1509.0,79.8,198.0,228.0,inside_visible,1500.5586666666666,141.74966666666666,1
ljahBVDaBNE_17977-18466,400,3,1042.090909090909,3.909090909090909,179.0,176.0,inside_visible,1512.132,247.988,1
ljahBVDaBNE_17977-18466,401,1,479.4,0.0,264.0,165.0,inside_visible,1408.99175,76.60900000000001,0
ljahBVDaBNE_17977-18466,401,2,1509.0,78.7,198.0,228.0,inside_visible,1509.9968333333334,126.46883333333334,1
ljahBVDaBNE_17977-18466,401,3,1042.3333333333333,3.666666666666667,179.0,176.0,inside_visible,1521.57,281.696,1
ljahBVDaBNE_17977-18466,402,1,481.0,0.0,264.0,165.0,inside_visible,1425.1715,71.89,0
ljahBVDaBNE_17977-18466,402,2,1509.0,77.6,198.0,228.00000000000003,inside_visible,1519.435,111.188,1
ljahBVDaBNE_17977-18466,402,3,1042.5757575757575,3.424242424242424,179.0,176.0,inside_visible,1507.481,288.887,1
ljahBVDaBNE_17977-18466,403,1,481.6875,0.0,264.0,165.0,inside_visible,1441.35125,67.17099999999999,0
ljahBVDaBNE_17977-18466,403,2,1509.0,76.5,198.0,228.0,inside_visible,1508.648,51.862,1
ljahBVDaBNE_17977-18466,403,3,1042.8181818181818,3.1818181818181817,179.0,176.0,inside_visible,1493.392,296.078,1
ljahBVDaBNE_17977-18466,404,1,482.375,0.0,264.0,165.0,inside_visible,1457.531,62.452,0
ljahBVDaBNE_17977-18466,404,2,1509.0,75.4,198.0,228.0,inside_visible,1498.7603333333332,59.053,1
ljahBVDaBNE_17977-18466,404,3,1043.060606060606,2.9393939393939394,179.0,176.0,inside_visible,1490.02125,296.078,1
ljahBVDaBNE_17977-18466,405,1,483.0625,0.0,264.0,165.0,inside_visible,1478.4299999999998,57.05875,0
ljahBVDaBNE_17977-18466,405,2,1509.0,74.3,198.0,228.0,inside_visible,1488.8726666666666,66.244,1
ljahBVDaBNE_17977-18466,405,3,1043.3030303030305,2.696969696969697,179.0,176.0,inside_visible,1486.6505000000002,296.078,1
ljahBVDaBNE_17977-18466,406,1,483.75,0.0,264.0,165.0,inside_visible,1499.329,51.6655,0
ljahBVDaBNE_17977-18466,406,2,1509.0,73.2,198.0,228.0,inside_visible,1478.985,73.435,1
ljahBVDaBNE_17977-18466,406,3,1043.5454545454545,2.454545454545454,179.0,176.0,inside_visible,1483.27975,296.078,1
ljahBVDaBNE_17977-18466,407,1,484.4375,0.0,264.0,165.0,inside_visible,1520.228,46.27225,0
ljahBVDaBNE_17977-18466,407,2,1509.0,72.1,198.0,228.00000000000003,inside_visible,1460.108,337.705,1
ljahBVDaBNE_17977-18466,407,3,1043.7878787878788,2.212121212121212,179.0,176.0,inside_visible,1479.909,296.078,1
ljahBVDaBNE_17977-18466,408,1,485.125,0.0,264.0,165.0,inside_visible,1541.127,40.879,0
ljahBVDaBNE_17977-18466,408,2,1509.0,71.0,198.0,228.0,inside_visible,1449.3215,343.098,1
ljahBVDaBNE_17977-18466,408,3,1044.030303030303,1.9696969696969695,179.0,176.0,inside_visible,1473.1675,305.516,1
ljahBVDaBNE_17977-18466,409,1,485.8125,0.0,264.0,165.0,inside_visible,1552.8123333333333,39.08133333333333,0
ljahBVDaBNE_17977-18466,409,2,1510.4444444444443,70.44444444444444,198.0,228.0,inside_visible,1438.535,348.491,1
ljahBVDaBNE_17977-18466,409,3,1044.2727272727273,1.7272727272727275,179.0,176.0,inside_visible,1466.426,314.954,1
ljahBVDaBNE_17977-18466,410,1,486.5,0.0,264.0,165.0,inside_visible,1564.4976666666666,37.28366666666666,0
ljahBVDaBNE_17977-18466,410,2,1511.888888888889,69.88888888888889,198.0,228.00000000000003,inside_visible,1440.5575,348.491,1
ljahBVDaBNE_17977-18466,410,3,1044.5151515151515,1.4848484848484844,179.0,176.0,inside_visible,1459.6844999999998,325.7405,1
ljahBVDaBNE_17977-18466,411,1,487.1875,0.0,264.0,165.0,inside_visible,1576.183,35.486,0
ljahBVDaBNE_17977-18466,411,2,1513.3333333333333,69.33333333333333,198.0,228.0,inside_visible,1442.58,348.491,1
ljahBVDaBNE_17977-18466,411,3,1044.7575757575758,1.2424242424242422,179.0,176.0,inside_visible,1452.943,336.527,1
ljahBVDaBNE_17977-18466,412,1,487.875,0.0,264.0,165.0,inside_visible,1125.846,326.722,0
ljahBVDaBNE_17977-18466,412,2,1514.7777777777778,68.77777777777777,198.0,228.0,inside_visible,1444.6025,348.491,1
ljahBVDaBNE_17977-18466,412,3,1045.0,1.0,179.0,176.0,inside_visible,1460.0522954545454,334.81095454545454,1
ljahBVDaBNE_17977-18466,413,1,488.5625,0.0,264.0,165.0,inside_visible,1119.874857142857,326.86642857142857,0
ljahBVDaBNE_17977-18466,413,2,1516.2222222222222,68.22222222222223,198.0,228.0,inside_visible,1446.625,348.491,1
ljahBVDaBNE_17977-18466,413,3,1045.8,0.95,179.0,176.0,inside_visible,1467.1615909090908,333.0949090909091,1
ljahBVDaBNE_17977-18466,414,1,489.25,0.0,264.0,165.0,inside_visible,1113.9037142857144,327.0108571428571,0
ljahBVDaBNE_17977-18466,414,2,1517.6666666666667,67.66666666666667,198.0,228.0,inside_visible,1448.4415263157894,347.9066315789473,1
ljahBVDaBNE_17977-18466,414,3,1046.6,0.9,179.0,176.0,inside_visible,1474.2708863636362,331.37886363636363,1
ljahBVDaBNE_17977-18466,415,1,489.9375,0.0,264.0,165.0,inside_visible,1107.9325714285717,327.1552857142857,0
ljahBVDaBNE_17977-18466,415,2,1519.111111111111,67.11111111111111,198.0,228.0,inside_visible,1450.258052631579,347.3222631578947,1
ljahBVDaBNE_17977-18466,415,3,1047.4,0.85,179.0,176.0,inside_visible,1481.380181818182,329.6628181818182,1
ljahBVDaBNE_17977-18466,416,1,490.625,0.0,264.0,165.0,inside_visible,1101.9614285714283,327.2997142857143,0
ljahBVDaBNE_17977-18466,416,2,1520.5555555555557,66.55555555555556,198.0,228.0,inside_visible,1452.0745789473683,346.73789473684207,1
ljahBVDaBNE_17977-18466,416,3,1048.2,0.8,179.0,176.0,inside_visible,1488.4894772727273,327.9467727272728,1
ljahBVDaBNE_17977-18466,417,1,491.3125,0.0,264.0,165.0,inside_visible,1095.9902857142856,327.4441428571429,0
ljahBVDaBNE_17977-18466,417,2,1522.0,66.0,198.0,228.0,inside_visible,1453.891105263158,346.15352631578946,1
ljahBVDaBNE_17977-18466,417,3,1049.0,0.75,179.0,176.0,inside_visible,1495.5987727272727,326.2307272727273,1
ljahBVDaBNE_17977-18466,418,1,492.0,0.0,264.0,165.0,inside_visible,1090.019142857143,327.5885714285714,0
ljahBVDaBNE_17977-18466,418,2,1522.0,74.0,198.0,228.0,inside_visible,1455.7076315789473,345.5691578947368,1
ljahBVDaBNE_17977-18466,418,3,1049.8,0.7,179.0,176.0,inside_visible,1502.708068181818,324.5146818181818,1
ljahBVDaBNE_17977-18466,419,1,498.0,0.75,264.0,165.0,inside_visible,1084.048,327.733,0
ljahBVDaBNE_17977-18466,419,2,1522.0,82.0,198.0,228.0,inside_visible,1457.5241578947368,344.9847894736842,1
ljahBVDaBNE_17977-18466,419,3,1050.6,0.65,179.0,176.0,outside_frame,1509.8173636363636,322.7986363636364,1
ljahBVDaBNE_17977-18466,420,1,504.0,1.5,264.0,165.0,inside_visible,942.475,340.205,0
ljahBVDaBNE_17977-18466,420,2,1522.7142857142858,81.28571428571429,198.0,228.0,inside_visible,1459.3406842105262,344.40042105263154,1
ljahBVDaBNE_17977-18466,420,3,1051.4,0.6,179.0,176.0,outside_frame,1516.926659090909,321.0825909090909,1
ljahBVDaBNE_17977-18466,421,1,510.0,2.25,264.0,165.0,inside_visible,945.2165555555556,340.4013333333333,0
ljahBVDaBNE_17977-18466,421,2,1523.428571428571,80.57142857142857,198.0,228.0,inside_visible,1461.1572105263158,343.81605263157894,1
ljahBVDaBNE_17977-18466,421,3,1052.2,0.55,179.0,176.0,outside_frame,1524.0359545454546,319.3665454545455,1
ljahBVDaBNE_17977-18466,422,1,516.0,3.0,264.0,165.0,inside_visible,947.9581111111112,340.59766666666667,0
ljahBVDaBNE_17977-18466,422,2,1524.142857142857,79.85714285714286,198.0,228.0,inside_visible,1462.9737368421052,343.2316842105263,1
ljahBVDaBNE_17977-18466,422,3,1053.0,0.5,179.0,176.0,outside_frame,1531.14525,317.6505,1
ljahBVDaBNE_17977-18466,423,1,518.75,4.0,264.0,165.0,inside_visible,950.6996666666666,340.794,0
ljahBVDaBNE_17977-18466,423,2,1524.857142857143,79.14285714285714,198.0,228.00000000000003,inside_visible,1464.7902631578947,342.6473157894737,1
ljahBVDaBNE_17977-18466,423,3,1053.8,0.4499999999999999,179.0,176.0,outside_frame,1538.2545454545457,315.9344545454545,1
ljahBVDaBNE_17977-18466,424,1,521.5,5.0,264.0,165.0,inside_visible,953.4412222222222,340.9903333333333,0
ljahBVDaBNE_17977-18466,424,2,1525.571428571429,78.42857142857143,198.0,228.0,inside_visible,1466.606789473684,342.062947368421,1
ljahBVDaBNE_17977-18466,424,3,1054.6,0.4,179.0,176.0,outside_frame,1545.3638409090909,314.21840909090906,1
ljahBVDaBNE_17977-18466,425,1,524.25,6.0,264.0,165.0,inside_visible,956.1827777777778,341.18666666666667,0
ljahBVDaBNE_17977-18466,425,2,1526.2857142857142,77.71428571428571,198.0,228.0,inside_visible,1468.4233157894737,341.4785789473684,1
ljahBVDaBNE_17977-18466,425,3,1055.4,0.35,179.0,176.0,outside_frame,1552.4731363636365,312.5023636363636,1
ljahBVDaBNE_17977-18466,426,1,527.0,7.0,264.0,165.0,inside_visible,958.9243333333334,341.383,0
ljahBVDaBNE_17977-18466,426,2,1527.0,77.0,198.0,228.0,gaze_shift,1470.239842105263,340.89421052631576,1
ljahBVDaBNE_17977-18466,426,3,1056.2,0.3,179.0,176.0,outside_frame,1559.5824318181817,310.78631818181816,1
ljahBVDaBNE_17977-18466,427,1,529.75,8.0,264.0,165.0,inside_visible,961.6658888888888,341.5793333333333,0
ljahBVDaBNE_17977-18466,427,2,1528.857142857143,77.0,198.0,228.0,gaze_shift,1472.0563684210526,340.3098421052632,1
ljahBVDaBNE_17977-18466,427,3,1057.0,0.25,179.0,176.0,outside_frame,1566.6917272727271,309.0702727272727,1
ljahBVDaBNE_17977-18466,428,1,532.5,9.0,264.0,165.0,inside_visible,964.4074444444444,341.77566666666667,0
ljahBVDaBNE_17977-18466,428,2,1530.7142857142858,77.0,198.0,228.0,gaze_shift,1473.872894736842,339.7254736842105,1
ljahBVDaBNE_17977-18466,428,3,1057.8,0.1999999999999999,179.0,176.0,outside_frame,1573.8010227272728,307.35422727272726,1
ljahBVDaBNE_17977-18466,429,1,535.25,10.0,264.0,165.0,inside_visible,967.149,341.972,0
ljahBVDaBNE_17977-18466,429,2,1532.571428571429,77.0,198.0,228.0,gaze_shift,1475.6894210526316,339.1411052631579,1
ljahBVDaBNE_17977-18466,429,3,1058.6,0.15,179.0,176.0,outside_frame,1580.9103181818182,305.6381818181818,1
ljahBVDaBNE_17977-18466,430,1,538.0,11.0,264.0,165.0,inside_visible,907.868,235.502,0
ljahBVDaBNE_17977-18466,430,2,1534.428571428571,77.0,198.0,228.0,gaze_shift,1477.505947368421,338.55673684210524,1
ljahBVDaBNE_17977-18466,430,3,1059.4,0.0999999999999999,179.0,176.0,outside_frame,1588.0196136363636,303.92213636363635,1
ljahBVDaBNE_17977-18466,431,1,543.0,0.0,264.0,165.0,inside_visible,909.2615,242.29,0
ljahBVDaBNE_17977-18466,431,2,1536.2857142857142,77.0,198.0,228.0,gaze_shift,1479.3224736842103,337.97236842105264,1
ljahBVDaBNE_17977-18466,431,3,1060.2,0.05,179.0,176.0,outside_frame,1595.128909090909,302.2060909090909,1
ljahBVDaBNE_17977-18466,432,1,542.4666666666667,0.0,264.0,165.0,inside_visible,910.655,249.078,0
ljahBVDaBNE_17977-18466,432,2,1538.142857142857,77.0,198.0,228.0,gaze_shift,1481.139,337.388,1
ljahBVDaBNE_17977-18466,432,3,1061.0,0.0,179.0,176.0,outside_frame,1602.2382045454544,300.49004545454545,1
ljahBVDaBNE_17977-18466,433,1,541.9333333333333,0.0,264.0,165.0,inside_visible,908.0033333333332,247.102,0
ljahBVDaBNE_17977-18466,433,2,1540.0,77.0,198.0,228.0,inside_visible,995.54,505.875,1
ljahBVDaBNE_17977-18466,433,3,1061.258064516129,0.0967741935483871,179.0,176.0,outside_frame,1609.3475,298.774,1
ljahBVDaBNE_17977-18466,434,1,541.4,0.0,264.0,165.0,inside_visible,905.3516666666668,245.126,0
ljahBVDaBNE_17977-18466,434,2,1540.3,76.5,198.0,228.0,inside_visible,973.761,530.542,1
ljahBVDaBNE_17977-18466,434,3,1061.516129032258,0.1935483870967742,179.0,176.0,outside_frame,1616.4567954545455,297.0579545454545,1
ljahBVDaBNE_17977-18466,435,1,540.8666666666667,0.0,264.0,165.0,inside_visible,902.7,243.15,0
ljahBVDaBNE_17977-18466,435,2,1540.6,76.0,198.0,228.0,inside_visible,951.982,555.209,1
ljahBVDaBNE_17977-18466,435,3,1061.774193548387,0.2903225806451612,179.0,176.0,outside_frame,1623.566090909091,295.3419090909091,1
ljahBVDaBNE_17977-18466,436,1,540.3333333333334,0.0,264.0,165.0,inside_visible,902.7939285714286,242.04785714285717,0
ljahBVDaBNE_17977-18466,436,2,1540.9,75.5,198.0,228.0,inside_visible,930.203,579.876,1
ljahBVDaBNE_17977-18466,436,3,1062.032258064516,0.3870967741935484,179.0,176.0,outside_frame,1630.6753863636363,293.62586363636365,1
ljahBVDaBNE_17977-18466,437,1,539.8,0.0,264.0,165.0,inside_visible,902.8878571428572,240.9457142857143,0
ljahBVDaBNE_17977-18466,437,2,1541.2,75.0,198.0,228.0,inside_visible,937.705,571.3146666666667,1
ljahBVDaBNE_17977-18466,437,3,1062.2903225806451,0.4838709677419355,179.0,176.0,outside_frame,1637.7846818181818,291.9098181818182,1
ljahBVDaBNE_17977-18466,438,1,539.2666666666667,0.0,264.0,165.0,inside_visible,902.9817857142856,239.84357142857144,0
ljahBVDaBNE_17977-18466,438,2,1541.5,74.5,198.0,228.0,inside_visible,945.207,562.7533333333333,1
ljahBVDaBNE_17977-18466,438,3,1062.548387096774,0.5806451612903225,179.0,176.0,outside_frame,1644.8939772727272,290.19377272727274,1
ljahBVDaBNE_17977-18466,439,1,538.7333333333333,0.0,264.0,165.0,inside_visible,903.0757142857144,238.74142857142857,0
ljahBVDaBNE_17977-18466,439,2,1541.8,74.0,198.0,228.0,inside_visible,952.709,554.192,1
ljahBVDaBNE_17977-18466,439,3,1062.8064516129032,0.6774193548387096,179.0,176.0,outside_frame,1652.0032727272728,288.4777272727273,1
ljahBVDaBNE_17977-18466,440,1,538.2,0.0,264.0,165.0,inside_visible,903.1696428571428,237.6392857142857,0
ljahBVDaBNE_17977-18466,440,2,1542.1,73.5,198.0,228.0,inside_visible,960.211,545.6306666666667,1
ljahBVDaBNE_17977-18466,440,3,1063.0645161290322,0.7741935483870968,179.0,176.0,outside_frame,1659.1125681818182,286.76168181818184,1
ljahBVDaBNE_17977-18466,441,1,537.6666666666666,0.0,264.0,165.0,inside_visible,903.2635714285716,236.53714285714287,0
ljahBVDaBNE_17977-18466,441,2,1542.4,73.0,198.0,228.0,inside_visible,967.713,537.0693333333334,1
ljahBVDaBNE_17977-18466,441,3,1063.3225806451612,0.870967741935484,179.0,176.0,outside_frame,1666.2218636363637,285.0456363636364,1
ljahBVDaBNE_17977-18466,442,1,537.1333333333333,0.0,264.0,165.0,inside_visible,903.3575,235.435,0
ljahBVDaBNE_17977-18466,442,2,1542.7,72.5,198.0,228.0,inside_visible,975.215,528.508,1
ljahBVDaBNE_17977-18466,442,3,1063.5806451612902,0.967741935483871,179.0,176.0,outside_frame,1673.331159090909,283.32959090909094,1
ljahBVDaBNE_17977-18466,443,1,536.6,0.0,264.0,165.0,inside_visible,903.4514285714286,234.33285714285716,0
ljahBVDaBNE_17977-18466,443,2,1543.0,72.0,198.0,228.0,inside_visible,948.249,164.46299999999997,1
ljahBVDaBNE_17977-18466,443,3,1063.8387096774193,1.064516129032258,179.0,176.0,outside_frame,1680.4404545454545,281.6135454545455,1
ljahBVDaBNE_17977-18466,444,1,536.0666666666667,0.0,264.0,165.0,inside_visible,903.5453571428573,233.2307142857143,0
ljahBVDaBNE_17977-18466,444,2,1541.6666666666667,72.0,198.0,228.0,inside_visible,950.4237096774194,165.07190322580644,1
ljahBVDaBNE_17977-18466,444,3,1064.0967741935483,1.161290322580645,179.0,176.0,outside_frame,1687.54975,279.89750000000004,1
ljahBVDaBNE_17977-18466,445,1,535.5333333333333,0.0,264.0,165.0,inside_visible,903.6392857142856,232.12857142857143,0
ljahBVDaBNE_17977-18466,445,2,1540.3333333333333,72.0,198.0,228.0,inside_visible,952.5984193548388,165.6808064516129,1
ljahBVDaBNE_17977-18466,445,3,1064.354838709677,1.2580645161290325,179.0,176.0,outside_frame,1694.659045454545,278.1814545454546,1
ljahBVDaBNE_17977-18466,446,1,535.0,0.0,264.0,165.0,inside_visible,903.7332142857144,231.02642857142857,0
ljahBVDaBNE_17977-18466,446,2,1539.0,72.0,198.0,228.0,inside_visible,954.773129032258,166.28970967741935,1
ljahBVDaBNE_17977-18466,446,3,1064.6129032258063,1.3548387096774193,179.0,176.0,outside_frame,1701.768340909091,276.46540909090913,1
ljahBVDaBNE_17977-18466,447,1,525.3333333333334,0.0,264.0,165.0,inside_visible,903.8271428571428,229.9242857142857,0
ljahBVDaBNE_17977-18466,447,2,1537.6666666666667,72.0,198.0,228.0,inside_visible,956.9478387096774,166.8986129032258,1
ljahBVDaBNE_17977-18466,447,3,1064.8709677419354,1.4516129032258065,179.0,176.0,outside_frame,1708.8776363636364,274.7493636363636,1
ljahBVDaBNE_17977-18466,448,1,515.6666666666666,0.0,264.0,165.0,inside_visible,903.9210714285714,228.8221428571429,0
ljahBVDaBNE_17977-18466,448,2,1536.3333333333333,72.0,198.0,228.0,inside_visible,959.1225483870968,167.50751612903224,1
ljahBVDaBNE_17977-18466,448,3,1065.1290322580646,1.5483870967741935,179.0,176.0,outside_frame,1715.9869318181818,273.0333181818182,1
ljahBVDaBNE_17977-18466,449,1,506.0,0.0,264.0,165.0,inside_visible,904.015,227.72,0
ljahBVDaBNE_17977-18466,449,2,1535.0,72.0,198.0,228.0,inside_visible,961.297258064516,168.1164193548387,1
ljahBVDaBNE_17977-18466,449,3,1065.3870967741937,1.6451612903225803,179.0,176.0,outside_frame,1723.0962272727272,271.3172727272727,1
ljahBVDaBNE_17977-18466,450,1,506.8571428571428,0.0,264.00000000000006,165.0,inside_visible,904.015,357.158,0
ljahBVDaBNE_17977-18466,450,2,1535.0,72.35714285714286,199.71428571428575,228.0,inside_visible,963.4719677419356,168.72532258064516,1
ljahBVDaBNE_17977-18466,450,3,1065.645161290323,1.741935483870968,179.0,176.0,outside_frame,1730.2055227272726,269.6012272727273,1
ljahBVDaBNE_17977-18466,451,1,507.7142857142857,0.0,263.99999999999994,165.0,inside_visible,905.6522857142857,358.747,0
ljahBVDaBNE_17977-18466,451,2,1535.0,72.71428571428571,201.42857142857133,228.0,inside_visible,965.6466774193548,169.3342258064516,1
ljahBVDaBNE_17977-18466,451,3,1065.9032258064517,1.838709677419355,179.0,176.0,outside_frame,1737.314818181818,267.8851818181818,1
ljahBVDaBNE_17977-18466,452,1,508.57142857142856,0.0,264.0,165.0,inside_visible,907.2895714285714,360.336,0
ljahBVDaBNE_17977-18466,452,2,1535.0,73.07142857142857,203.1428571428571,228.0,inside_visible,967.8213870967742,169.94312903225807,1
ljahBVDaBNE_17977-18466,452,3,1066.1612903225807,1.935483870967742,179.0,176.0,outside_frame,1744.4241136363637,266.1691363636364,1
ljahBVDaBNE_17977-18466,453,1,509.4285714285714,0.0,264.0,165.0,inside_visible,908.9268571428572,361.925,0
ljahBVDaBNE_17977-18466,453,2,1535.0,73.42857142857143,204.8571428571429,228.0,inside_visible,969.9960967741936,170.55203225806451,1
ljahBVDaBNE_17977-18466,453,3,1066.4193548387098,2.032258064516129,179.0,176.0,outside_frame,1751.5334090909091,264.4530909090909,1
ljahBVDaBNE_17977-18466,454,1,510.2857142857143,0.0,264.00000000000006,165.0,inside_visible,910.5641428571428,363.514,0
ljahBVDaBNE_17977-18466,454,2,1535.0,73.78571428571429,206.57142857142867,228.0,inside_visible,972.1708064516127,171.16093548387096,1
ljahBVDaBNE_17977-18466,454,3,1066.6774193548388,2.129032258064516,179.0,176.0,outside_frame,1758.6427045454543,262.73704545454547,1
ljahBVDaBNE_17977-18466,455,1,511.1428571428572,0.0,263.99999999999994,165.0,inside_visible,912.2014285714286,365.103,0
ljahBVDaBNE_17977-18466,455,2,1535.0,74.14285714285714,208.28571428571425,228.00000000000003,inside_visible,974.3455161290324,171.7698387096774,1
ljahBVDaBNE_17977-18466,455,3,1066.9354838709678,2.225806451612903,179.0,176.0,inside_visible,1765.752,261.021,1
ljahBVDaBNE_17977-18466,456,1,512.0,0.0,264.0,165.0,inside_visible,913.8387142857144,366.692,0
ljahBVDaBNE_17977-18466,456,2,1535.0,74.5,210.0,228.0,inside_visible,976.5202258064515,172.37874193548387,1
ljahBVDaBNE_17977-18466,456,3,1067.1935483870968,2.32258064516129,179.0,176.0,inside_visible,1776.875625,257.98725,1
ljahBVDaBNE_17977-18466,457,1,512.8571428571429,0.0,264.0,165.0,inside_visible,915.476,368.281,0
ljahBVDaBNE_17977-18466,457,2,1535.0,74.85714285714286,211.71428571428575,228.0,inside_visible,978.694935483871,172.98764516129032,1
ljahBVDaBNE_17977-18466,457,3,1067.451612903226,2.419354838709677,179.0,176.0,inside_visible,1787.9992499999998,254.9535,1
ljahBVDaBNE_17977-18466,458,1,513.7142857142857,0.0,264.0,165.0,inside_visible,898.622,246.596,0
ljahBVDaBNE_17977-18466,458,2,1535.0,75.21428571428571,213.42857142857133,228.0,inside_visible,980.8696451612904,173.59654838709676,1
ljahBVDaBNE_17977-18466,458,3,1067.7096774193549,2.5161290322580645,179.0,176.0,inside_visible,1799.122875,251.91975,1
ljahBVDaBNE_17977-18466,459,1,514.5714285714286,0.0,264.0,165.0,inside_visible,899.0169999999999,247.4255,0
ljahBVDaBNE_17977-18466,459,2,1535.0,75.57142857142857,215.1428571428571,228.0,inside_visible,983.0443548387096,174.20545161290323,1
ljahBVDaBNE_17977-18466,459,3,1067.967741935484,2.6129032258064515,179.0,176.0,inside_visible,1810.2465,248.886,1
ljahBVDaBNE_17977-18466,460,1,515.4285714285714,0.0,264.0,165.0,inside_visible,899.412,248.255,0
ljahBVDaBNE_17977-18466,460,2,1535.0,75.92857142857143,216.8571428571429,228.0,inside_visible,985.219064516129,174.81435483870968,1
ljahBVDaBNE_17977-18466,460,3,1068.225806451613,2.7096774193548385,179.0,176.0,inside_visible,1821.370125,245.85225,1
ljahBVDaBNE_17977-18466,461,1,516.2857142857143,0.0,264.0,165.0,inside_visible,899.807,249.0845,0
ljahBVDaBNE_17977-18466,461,2,1535.0,76.28571428571429,218.57142857142867,228.0,inside_visible,987.3937741935484,175.42325806451612,1
ljahBVDaBNE_17977-18466,461,3,1068.483870967742,2.806451612903225,179.0,176.0,inside_visible,1832.49375,242.8185,1
ljahBVDaBNE_17977-18466,462,1,517.1428571428571,0.0,264.0,165.0,inside_visible,900.202,249.914,0
ljahBVDaBNE_17977-18466,462,2,1535.0,76.64285714285714,220.28571428571425,228.00000000000003,inside_visible,989.5684838709676,176.03216129032256,1
ljahBVDaBNE_17977-18466,462,3,1068.741935483871,2.903225806451613,179.0,176.0,inside_visible,1843.617375,239.78475,1
ljahBVDaBNE_17977-18466,463,1,518.0,0.0,264.0,165.0,inside_visible,902.8985,243.1725,0
ljahBVDaBNE_17977-18466,463,2,1535.0,77.0,222.0,228.0,inside_visible,991.7431935483872,176.64106451612903,1
ljahBVDaBNE_17977-18466,463,3,1069.0,3.0,179.0,176.0,inside_visible,1854.741,236.751,1
ljahBVDaBNE_17977-18466,464,1,518.8571428571429,0.0,264.0,165.0,inside_visible,905.595,236.431,0
ljahBVDaBNE_17977-18466,464,2,1535.0,77.0,198.0,228.0,inside_visible,993.9179032258064,177.24996774193548,1
ljahBVDaBNE_17977-18466,464,3,1073.75,3.0,179.0,176.0,inside_visible,1879.011,236.751,1
ljahBVDaBNE_17977-18466,465,1,519.7142857142857,0.0,264.0,165.0,inside_visible,1118.629,330.813,0
ljahBVDaBNE_17977-18466,465,2,1538.3333333333333,78.33333333333333,204.33333333333348,228.0,inside_visible,996.0926129032258,177.85887096774192,1
ljahBVDaBNE_17977-18466,465,3,1078.5,3.0,179.0,176.0,outside_frame,1879.011,236.751,1
ljahBVDaBNE_17977-18466,466,1,520.5714285714286,0.0,264.0,165.0,inside_visible,1592.804,157.15,0
ljahBVDaBNE_17977-18466,466,2,1541.6666666666667,79.66666666666667,210.6666666666665,228.0,inside_visible,998.2673225806452,178.4677741935484,1
ljahBVDaBNE_17977-18466,466,3,1083.25,3.0,179.0,176.0,outside_frame,1879.011,236.751,1
ljahBVDaBNE_17977-18466,467,1,521.4285714285714,0.0,264.0,165.0,inside_visible,1591.905,154.45333333333335,0
ljahBVDaBNE_17977-18466,467,2,1545.0,81.0,217.0,228.0,inside_visible,1000.4420322580644,179.07667741935484,1
ljahBVDaBNE_17977-18466,467,3,1088.0,3.0,179.0,176.0,outside_frame,1879.011,236.751,1
ljahBVDaBNE_17977-18466,468,1,522.2857142857143,0.0,264.0,165.0,inside_visible,1591.006,151.75666666666666,0
ljahBVDaBNE_17977-18466,468,2,1548.0,82.0,198.0,228.0,inside_visible,1002.6167419354838,179.68558064516128,1
ljahBVDaBNE_17977-18466,468,3,1086.9,3.0,179.0,176.0,outside_frame,1879.011,236.751,1
ljahBVDaBNE_17977-18466,469,1,523.1428571428571,0.0,264.0,165.0,inside_visible,1590.107,149.06,0
ljahBVDaBNE_17977-18466,469,2,1548.9166666666667,82.0,198.0,228.0,inside_visible,1004.7914516129032,180.29448387096772,1
ljahBVDaBNE_17977-18466,469,3,1085.8,3.0,179.0,176.0,outside_frame,1879.011,236.751,1
ljahBVDaBNE_17977-18466,470,1,524.0,0.0,264.0,165.0,inside_visible,945.613,480.746,0
ljahBVDaBNE_17977-18466,470,2,1549.8333333333333,82.0,198.0,228.0,inside_visible,1006.9661612903226,180.9033870967742,1
ljahBVDaBNE_17977-18466,470,3,1084.7,3.0,179.0,176.0,outside_frame,1879.011,236.751,1
ljahBVDaBNE_17977-18466,471,1,524.8571428571429,0.0,264.0,165.0,inside_visible,943.422,487.656,0
ljahBVDaBNE_17977-18466,471,2,1550.75,82.0,198.0,228.0,inside_visible,1009.140870967742,181.51229032258064,1
ljahBVDaBNE_17977-18466,471,3,1083.6,3.0,179.0,176.0,outside_frame,1879.011,236.751,1
ljahBVDaBNE_17977-18466,472,1,525.7142857142857,0.0,264.0,165.0,inside_visible,941.231,494.566,0
ljahBVDaBNE_17977-18466,472,2,1551.6666666666667,82.0,198.0,228.0,inside_visible,1011.3155806451612,182.12119354838708,1
ljahBVDaBNE_17977-18466,472,3,1082.5,3.0,179.0,176.0,outside_frame,1879.011,236.751,1
ljahBVDaBNE_17977-18466,473,1,526.5714285714286,0.0,264.0,165.0,inside_visible,939.04,501.476,0
ljahBVDaBNE_17977-18466,473,2,1552.5833333333333,82.0,198.0,228.0,inside_visible,1013.4902903225806,182.7300967741936,1
ljahBVDaBNE_17977-18466,473,3,1081.4,3.0,179.0,176.0,outside_frame,1879.011,236.751,1
ljahBVDaBNE_17977-18466,474,1,527.4285714285714,0.0,264.0,165.0,inside_visible,936.849,508.386,0
ljahBVDaBNE_17977-18466,474,2,1553.5,82.0,198.0,228.0,inside_visible,1015.665,183.339,1
ljahBVDaBNE_17977-18466,474,3,1080.3,3.0,179.0,176.0,outside_frame,1879.011,236.751,1
ljahBVDaBNE_17977-18466,475,1,528.2857142857143,0.0,264.0,165.0,inside_visible,954.377,509.73425,0
ljahBVDaBNE_17977-18466,475,2,1554.4166666666667,82.0,198.0,228.0,inside_visible,1025.10325,219.06925,1
ljahBVDaBNE_17977-18466,475,3,1079.2,3.0,179.0,176.0,outside_frame,1879.011,236.751,1
ljahBVDaBNE_17977-18466,476,1,529.1428571428571,0.0,264.0,165.0,inside_visible,971.905,511.0825,0
ljahBVDaBNE_17977-18466,476,2,1555.3333333333333,82.0,198.0,228.0,inside_visible,1034.5414999999998,254.7995,1
ljahBVDaBNE_17977-18466,476,3,1078.1,3.0,179.0,176.0,outside_frame,1879.011,236.751,1
ljahBVDaBNE_17977-18466,477,1,530.0,0.0,264.0,165.0,inside_visible,989.433,512.43075,0
ljahBVDaBNE_17977-18466,477,2,1556.25,82.0,198.0,228.0,inside_visible,1043.97975,290.52975,1
ljahBVDaBNE_17977-18466,477,3,1077.0,3.0,179.0,176.0,outside_frame,1879.011,236.751,1
ljahBVDaBNE_17977-18466,478,1,531.625,0.0,264.0,165.0,inside_visible,1006.961,513.779,0
ljahBVDaBNE_17977-18466,478,2,1557.1666666666667,82.0,198.0,228.0,inside_visible,1053.418,326.26,1
ljahBVDaBNE_17977-18466,478,3,1085.0,3.0,179.0,176.0,outside_frame,1879.011,236.751,1
ljahBVDaBNE_17977-18466,479,1,533.25,0.0,264.0,165.0,inside_visible,1006.961,520.5205,0
ljahBVDaBNE_17977-18466,479,2,1558.0833333333333,82.0,198.0,228.0,inside_visible,1050.721,442.215,1
ljahBVDaBNE_17977-18466,479,3,1085.8,2.7,179.0,176.0,outside_frame,1879.011,236.751,1
ljahBVDaBNE_17977-18466,480,1,534.875,0.0,264.0,165.0,inside_visible,1006.961,527.262,0
ljahBVDaBNE_17977-18466,480,2,1559.0,82.0,198.0,228.0,inside_visible,1050.721,442.215,1
ljahBVDaBNE_17977-18466,480,3,1086.6,2.4,179.0,176.0,outside_frame,1879.011,236.751,1
ljahBVDaBNE_17977-18466,481,1,536.5,0.0,264.0,165.0,inside_visible,1014.5116,518.0934,0
ljahBVDaBNE_17977-18466,481,2,1561.0,81.25,198.0,228.0,inside_visible,1050.721,442.215,1
ljahBVDaBNE_17977-18466,481,3,1087.4,2.1,179.0,176.0,outside_frame,1879.011,236.751,1
ljahBVDaBNE_17977-18466,482,1,538.125,0.0,264.0,165.0,inside_visible,1022.0622,508.9248,0
ljahBVDaBNE_17977-18466,482,2,1563.0,80.5,198.0,228.0,inside_visible,1050.721,442.215,1
ljahBVDaBNE_17977-18466,482,3,1088.2,1.7999999999999998,179.0,176.0,outside_frame,1879.011,236.751,1
ljahBVDaBNE_17977-18466,483,1,539.75,0.0,264.0,165.0,inside_visible,1029.6128,499.7562,0
ljahBVDaBNE_17977-18466,483,2,1565.0,79.75,198.0,228.0,inside_visible,1050.721,442.215,1
ljahBVDaBNE_17977-18466,483,3,1089.0,1.5,179.0,176.0,outside_frame,1879.011,236.751,1
ljahBVDaBNE_17977-18466,484,1,541.375,0.0,264.0,165.0,inside_visible,1037.1634,490.5876,0
ljahBVDaBNE_17977-18466,484,2,1567.0,79.0,198.0,228.0,inside_visible,1050.721,442.215,1
ljahBVDaBNE_17977-18466,484,3,1089.8,1.2000000000000002,179.0,176.0,outside_frame,1879.011,236.751,1
ljahBVDaBNE_17977-18466,485,1,543.0,0.0,264.0,165.0,inside_visible,1044.714,481.419,0
ljahBVDaBNE_17977-18466,485,2,1567.0,79.0,213.3333333333333,228.0,inside_visible,1050.721,442.215,1
ljahBVDaBNE_17977-18466,485,3,1090.6,0.9000000000000004,179.0,176.0,outside_frame,1879.011,236.751,1
ljahBVDaBNE_17977-18466,486,1,543.0,0.0,264.0,165.0,inside_visible,1044.714,481.419,0
ljahBVDaBNE_17977-18466,486,2,1567.0,79.0,228.66666666666677,228.0,inside_visible,1050.721,442.215,1
ljahBVDaBNE_17977-18466,486,3,1091.4,0.5999999999999996,179.0,176.0,outside_frame,1879.011,236.751,1
ljahBVDaBNE_17977-18466,487,1,543.0,0.0,264.0,165.0,inside_visible,1044.714,481.419,0
ljahBVDaBNE_17977-18466,487,2,1567.0,79.0,244.0,228.0,inside_visible,1050.721,442.215,1
ljahBVDaBNE_17977-18466,487,3,1092.2,0.2999999999999998,179.0,176.0,outside_frame,1879.011,236.751,1
ljahBVDaBNE_17977-18466,488,1,543.0,0.0,264.0,165.0,inside_visible,1044.714,481.419,0
ljahBVDaBNE_17977-18466,488,2,1569.6666666666667,73.66666666666667,243.0,228.66666666666663,inside_visible,1050.721,442.215,1
ljahBVDaBNE_17977-18466,488,3,1093.0,0.0,179.0,176.0,outside_frame,1879.011,236.751,1
ljahBVDaBNE_17977-18466,489,1,543.0,0.0,264.0,165.0,inside_visible,1044.714,481.419,0
ljahBVDaBNE_17977-18466,489,2,1572.3333333333333,68.33333333333333,242.0,229.33333333333337,inside_visible,1050.721,442.215,1
ljahBVDaBNE_17977-18466,489,3,1093.0,0.0,179.0,168.0,outside_frame,1879.011,236.751,1
ljahBVDaBNE_17977-18466,490,1,543.0,0.0,264.0,165.0,inside_visible,1044.714,481.419,0
ljahBVDaBNE_17977-18466,490,2,1575.0,63.0,241.0,230.0,inside_visible,1050.721,442.215,1
ljahBVDaBNE_17977-18466,490,3,1093.0,0.0,179.0,160.0,outside_frame,1879.011,236.751,1
