clip,frame,person_id,bbox_x,bbox_y,bbox_width,bbox_height,gaze_class,gaze_x,gaze_y,is_child
ljahBVDaBNE_15103-15857,1,1,1594.0,38.0,248.0,272.0,inside_visible,1431.91,515.056,0
ljahBVDaBNE_15103-15857,1,2,1111.0,57.0,154.0,183.0,inside_visible,-1.0,-1.0,1
ljahBVDaBNE_15103-15857,1,3,636.0,121.0,200.0,195.0,inside_visible,126.742,571.685,1
ljahBVDaBNE_15103-15857,2,1,1590.0,39.25,248.0,272.0,inside_visible,1431.8458333333333,514.735,0
ljahBVDaBNE_15103-15857,2,2,1109.4,57.6,154.0,183.0,inside_visible,-1.0,-1.0,1
ljahBVDaBNE_15103-15857,2,3,635.0,125.33333333333331,200.0,195.0,inside_visible,94.383,641.797,1
ljahBVDaBNE_15103-15857,3,1,1586.0,40.5,248.0,272.0,inside_visible,1431.7816666666668,514.414,0
ljahBVDaBNE_15103-15857,3,2,1107.8,58.2,154.0,183.0,inside_visible,1102.921,312.809,1
ljahBVDaBNE_15103-15857,3,3,634.0,129.66666666666666,200.0,195.00000000000003,inside_visible,62.023,631.011,1
ljahBVDaBNE_15103-15857,4,1,1582.0,41.75,248.0,272.0,inside_visible,1431.7175000000002,514.0930000000001,0
ljahBVDaBNE_15103-15857,4,2,1106.2,58.8,154.0,183.0,inside_visible,1101.5725,342.472,1
ljahBVDaBNE_15103-15857,4,3,633.0,134.0,200.0,195.0,inside_visible,64.7555,618.4386666666667,1
ljahBVDaBNE_15103-15857,5,1,1578.0,43.0,248.0,272.0,inside_visible,1431.6533333333334,513.772,0
ljahBVDaBNE_15103-15857,5,2,1104.6,59.4,154.0,183.0,inside_visible,1100.224,372.135,1
ljahBVDaBNE_15103-15857,5,3,631.1666666666666,134.0,200.0,195.0,inside_visible,67.488,605.8663333333333,1
ljahBVDaBNE_15103-15857,6,1,1576.6666666666667,43.833333333333336,248.0,272.0,inside_visible,1431.5891666666666,513.451,0
ljahBVDaBNE_15103-15857,6,2,1103.0,60.0,154.0,183.0,inside_visible,1099.3251666666663,384.7193333333333,1
ljahBVDaBNE_15103-15857,6,3,629.3333333333334,134.0,200.0,195.0,inside_visible,70.2205,593.294,1
ljahBVDaBNE_15103-15857,7,1,1575.3333333333333,44.66666666666666,248.0,272.0,inside_visible,1431.525,513.13,0
ljahBVDaBNE_15103-15857,7,2,1100.25,61.25,154.0,183.0,inside_visible,1098.426333333333,397.3036666666667,1
ljahBVDaBNE_15103-15857,7,3,627.5,134.0,200.0,195.0,inside_visible,72.953,580.7216666666667,1
ljahBVDaBNE_15103-15857,8,1,1574.0,45.5,248.0,272.0,inside_visible,887.191,396.404,0
ljahBVDaBNE_15103-15857,8,2,1097.5,62.5,154.0,183.0,inside_visible,1097.5275,409.888,1
ljahBVDaBNE_15103-15857,8,3,625.6666666666666,134.0,200.0,195.0,inside_visible,75.6855,568.1493333333333,1
ljahBVDaBNE_15103-15857,9,1,1572.6666666666667,46.333333333333336,248.0,272.0,inside_visible,889.5791538461539,397.39,0
ljahBVDaBNE_15103-15857,9,2,1094.75,63.75,154.0,183.0,inside_visible,1096.6286666666665,422.4723333333333,1
ljahBVDaBNE_15103-15857,9,3,623.8333333333334,134.0,200.0,195.0,inside_visible,78.418,555.577,1
ljahBVDaBNE_15103-15857,10,1,1571.3333333333333,47.16666666666666,248.0,272.0,inside_visible,891.9673076923077,398.376,0
ljahBVDaBNE_15103-15857,10,2,1092.0,65.0,154.0,183.0,inside_visible,1095.729833333333,435.0566666666667,1
ljahBVDaBNE_15103-15857,10,3,622.0,134.0,200.0,195.0,inside_visible,79.01722222222223,548.6856666666666,1
ljahBVDaBNE_15103-15857,11,1,1570.0,48.0,248.0,272.0,inside_visible,894.3554615384616,399.362,0
ljahBVDaBNE_15103-15857,11,2,1090.857142857143,65.42857142857143,154.0,183.0,inside_visible,1094.831,447.641,1
ljahBVDaBNE_15103-15857,11,3,620.1666666666666,134.0,200.0,195.0,inside_visible,79.61644444444445,541.7943333333334,1
ljahBVDaBNE_15103-15857,12,1,1565.25,49.25,248.0,272.0,inside_visible,896.7436153846154,400.348,0
ljahBVDaBNE_15103-15857,12,2,1089.7142857142858,65.85714285714286,154.0,183.0,inside_visible,1011.235,512.36,1
ljahBVDaBNE_15103-15857,12,3,618.3333333333334,134.0,200.0,195.0,inside_visible,80.21566666666668,534.903,1
ljahBVDaBNE_15103-15857,13,1,1560.5,50.5,248.0,272.0,inside_visible,899.1317692307692,401.334,0
ljahBVDaBNE_15103-15857,13,2,1088.571428571429,66.28571428571429,154.0,183.0,inside_visible,1026.8756666666666,504.27,1
ljahBVDaBNE_15103-15857,13,3,616.5,134.0,200.0,195.0,inside_visible,80.8148888888889,528.0116666666667,1
ljahBVDaBNE_15103-15857,14,1,1555.75,51.75,248.0,272.0,inside_visible,901.5199230769232,402.32,0
ljahBVDaBNE_15103-15857,14,2,1087.428571428571,66.71428571428571,154.0,183.0,inside_visible,1042.5163333333333,496.18,1
ljahBVDaBNE_15103-15857,14,3,614.6666666666666,134.0,200.0,195.0,inside_visible,81.41411111111111,521.1203333333333,1
ljahBVDaBNE_15103-15857,15,1,1551.0,53.0,248.0,272.0,inside_visible,903.9080769230768,403.306,0
ljahBVDaBNE_15103-15857,15,2,1086.2857142857142,67.14285714285714,154.0,183.0,inside_visible,1058.157,488.09,1
ljahBVDaBNE_15103-15857,15,3,612.8333333333334,134.0,200.0,195.0,inside_visible,82.01333333333334,514.229,1
ljahBVDaBNE_15103-15857,16,1,1548.25,53.0,246.0,273.25,inside_visible,906.2962307692308,404.292,0
ljahBVDaBNE_15103-15857,16,2,1085.142857142857,67.57142857142857,154.0,183.0,inside_visible,1040.0895,459.7755,1
ljahBVDaBNE_15103-15857,16,3,611.0,134.0,200.0,195.0,inside_visible,82.61255555555556,507.3376666666667,1
ljahBVDaBNE_15103-15857,17,1,1545.5,53.0,244.0,274.5,inside_visible,908.6843846153846,405.278,0
ljahBVDaBNE_15103-15857,17,2,1084.0,68.0,154.0,183.0,inside_visible,1022.022,431.461,1
ljahBVDaBNE_15103-15857,17,3,611.0,131.55555555555554,200.0,195.0,inside_visible,83.21177777777778,500.4463333333333,1
ljahBVDaBNE_15103-15857,18,1,1542.75,53.0,242.0,275.75,inside_visible,911.0725384615384,406.264,0
ljahBVDaBNE_15103-15857,18,2,1082.428571428571,67.28571428571429,154.0,183.0,inside_visible,1050.8353333333334,397.3803333333333,1
ljahBVDaBNE_15103-15857,18,3,611.0,129.11111111111111,200.0,195.0,inside_visible,83.811,493.555,1
ljahBVDaBNE_15103-15857,19,1,1540.0,53.0,240.0,277.0,inside_visible,913.4606923076924,407.25,0
ljahBVDaBNE_15103-15857,19,2,1080.857142857143,66.57142857142857,154.0,183.0,inside_visible,1079.6486666666667,363.29966666666667,1
ljahBVDaBNE_15103-15857,19,3,611.0,126.66666666666669,200.0,195.0,inside_visible,90.70233333333334,489.6598888888889,1
ljahBVDaBNE_15103-15857,20,1,1535.6666666666667,53.0,240.0,277.0,inside_visible,915.848846153846,408.236,0
ljahBVDaBNE_15103-15857,20,2,1079.2857142857142,65.85714285714286,154.0,183.0,inside_visible,1108.462,329.219,1
ljahBVDaBNE_15103-15857,20,3,611.0,124.22222222222224,200.0,195.0,inside_visible,97.59366666666668,485.7647777777778,1
ljahBVDaBNE_15103-15857,21,1,1531.3333333333333,53.0,240.0,277.0,inside_visible,918.237,409.222,0
ljahBVDaBNE_15103-15857,21,2,1077.7142857142858,65.14285714285714,154.0,183.0,inside_visible,1054.529,442.477,1
ljahBVDaBNE_15103-15857,21,3,611.0,121.77777777777776,200.0,195.0,inside_visible,104.485,481.86966666666666,1
ljahBVDaBNE_15103-15857,22,1,1527.0,53.0,240.0,277.0,inside_visible,924.5291666666668,409.222,0
ljahBVDaBNE_15103-15857,22,2,1076.142857142857,64.42857142857143,154.0,183.0,inside_visible,1045.091,420.904,1
ljahBVDaBNE_15103-15857,22,3,611.0,119.33333333333331,200.0,195.0,inside_visible,111.37633333333332,477.9745555555556,1
ljahBVDaBNE_15103-15857,23,1,1525.0,53.75,240.0,277.0,inside_visible,930.8213333333332,409.222,0
ljahBVDaBNE_15103-15857,23,2,1074.571428571429,63.71428571428572,154.0,183.0,inside_visible,97.226,404.724,1
ljahBVDaBNE_15103-15857,23,3,611.0,116.88888888888889,200.0,195.00000000000003,inside_visible,118.26766666666668,474.0794444444445,1
ljahBVDaBNE_15103-15857,24,1,1523.0,54.5,240.0,277.0,inside_visible,937.1135,409.222,0
ljahBVDaBNE_15103-15857,24,2,1073.0,63.0,154.0,183.0,inside_visible,102.431,405.1506,1
ljahBVDaBNE_15103-15857,24,3,611.0,114.44444444444444,200.0,195.0,inside_visible,125.159,470.18433333333337,1
ljahBVDaBNE_15103-15857,25,1,1521.0,55.25,240.0,277.0,inside_visible,943.4056666666668,409.222,0
ljahBVDaBNE_15103-15857,25,2,1073.0,58.66666666666666,154.0,183.0,inside_visible,107.636,405.5772,1
ljahBVDaBNE_15103-15857,25,3,611.0,112.0,200.0,195.0,inside_visible,132.05033333333333,466.28922222222224,1
ljahBVDaBNE_15103-15857,26,1,1519.0,56.0,240.0,277.0,inside_visible,949.6978333333334,409.222,0
ljahBVDaBNE_15103-15857,26,2,1073.0,54.333333333333336,154.0,183.0,inside_visible,112.841,406.0038,1
ljahBVDaBNE_15103-15857,26,3,610.4444444444445,110.22222222222224,200.0,195.0,inside_visible,138.94166666666666,462.3941111111112,1
ljahBVDaBNE_15103-15857,27,1,1515.75,56.0,240.0,277.0,inside_visible,955.99,409.222,0
ljahBVDaBNE_15103-15857,27,2,1073.0,50.0,154.0,183.0,inside_visible,118.046,406.4304,1
ljahBVDaBNE_15103-15857,27,3,609.8888888888889,108.44444444444444,200.0,195.0,inside_visible,145.833,458.499,1
ljahBVDaBNE_15103-15857,28,1,1512.5,56.0,240.0,277.0,inside_visible,951.271,410.031,0
ljahBVDaBNE_15103-15857,28,2,1073.0,46.0,154.0,183.0,inside_visible,123.251,406.857,1
ljahBVDaBNE_15103-15857,28,3,609.3333333333334,106.66666666666669,200.0,195.0,inside_visible,147.8555,463.218125,1
ljahBVDaBNE_15103-15857,29,1,1509.25,56.0,240.0,277.0,inside_visible,946.552,410.84,0
ljahBVDaBNE_15103-15857,29,2,1073.0,42.0,154.0,183.0,inside_visible,128.456,407.2836,1
ljahBVDaBNE_15103-15857,29,3,608.7777777777778,104.88888888888889,200.0,195.00000000000003,inside_visible,149.878,467.93725,1
ljahBVDaBNE_15103-15857,30,1,1506.0,56.0,240.0,277.0,inside_visible,941.833,411.649,0
ljahBVDaBNE_15103-15857,30,2,1073.0,38.0,154.0,183.0,inside_visible,133.661,407.7102,1
ljahBVDaBNE_15103-15857,30,3,608.2222222222222,103.11111111111111,200.0,195.0,inside_visible,151.9005,472.656375,1
ljahBVDaBNE_15103-15857,31,1,1500.5,57.5,240.0,277.0,inside_visible,937.114,412.458,0
ljahBVDaBNE_15103-15857,31,2,1073.0,34.0,154.0,183.0,inside_visible,138.866,408.1368,1
ljahBVDaBNE_15103-15857,31,3,607.6666666666666,101.33333333333331,200.0,195.0,inside_visible,153.923,477.3755,1
ljahBVDaBNE_15103-15857,32,1,1495.0,59.0,240.0,277.0,inside_visible,1239.136,473.941,0
ljahBVDaBNE_15103-15857,32,2,1073.0,30.0,154.0,183.0,inside_visible,144.071,408.5634,1
ljahBVDaBNE_15103-15857,32,3,607.1111111111111,99.55555555555556,200.0,195.0,inside_visible,155.9455,482.094625,1
ljahBVDaBNE_15103-15857,33,1,1489.5,63.0,240.0,277.0,inside_visible,1239.569,474.4038,0
ljahBVDaBNE_15103-15857,33,2,1073.0,26.0,154.0,183.0,inside_visible,149.276,408.99,1
ljahBVDaBNE_15103-15857,33,3,606.5555555555555,97.77777777777776,200.0,195.0,inside_visible,157.96800000000002,486.81375,1
ljahBVDaBNE_15103-15857,34,1,1484.0,67.0,240.0,277.0,inside_visible,1240.002,474.8666,0
ljahBVDaBNE_15103-15857,34,2,1073.6,23.8,154.0,183.0,inside_visible,154.481,409.4166,1
ljahBVDaBNE_15103-15857,34,3,606.0,96.0,200.0,195.0,inside_visible,159.9905,491.532875,1
ljahBVDaBNE_15103-15857,35,1,1480.3333333333333,67.0,240.0,277.0,inside_visible,1240.435,475.3294,0
ljahBVDaBNE_15103-15857,35,2,1074.2,21.6,154.0,183.0,inside_visible,159.68599999999998,409.8432,1
ljahBVDaBNE_15103-15857,35,3,605.8125,95.5,200.0,195.0,inside_visible,162.013,496.252,1
ljahBVDaBNE_15103-15857,36,1,1476.6666666666667,67.0,240.0,277.0,inside_visible,1240.868,475.7922,0
ljahBVDaBNE_15103-15857,36,2,1074.8,19.4,154.0,183.0,inside_visible,164.891,410.2698,1
ljahBVDaBNE_15103-15857,36,3,605.625,95.0,200.0,195.0,inside_visible,158.41750000000002,495.35316666666665,1
ljahBVDaBNE_15103-15857,37,1,1473.0,67.0,240.0,277.0,inside_visible,1241.301,476.255,0
ljahBVDaBNE_15103-15857,37,2,1075.4,17.2,154.0,183.0,inside_visible,170.096,410.6964,1
ljahBVDaBNE_15103-15857,37,3,605.4375,94.5,200.0,195.0,inside_visible,154.822,494.45433333333335,1
ljahBVDaBNE_15103-15857,38,1,1473.0,67.0,240.0,264.0,inside_visible,1241.734,476.7178,0
ljahBVDaBNE_15103-15857,38,2,1076.0,15.0,154.0,183.0,inside_visible,175.301,411.123,1
ljahBVDaBNE_15103-15857,38,3,605.25,94.0,200.0,195.0,inside_visible,151.2265,493.5555,1
ljahBVDaBNE_15103-15857,39,1,1471.75,63.75,240.0,264.0,inside_visible,1242.167,477.1806,0
ljahBVDaBNE_15103-15857,39,2,1076.0,14.11111111111111,154.0,183.0,inside_visible,180.506,411.5496,1
ljahBVDaBNE_15103-15857,39,3,605.0625,93.5,200.0,195.0,inside_visible,147.631,492.6566666666666,1
ljahBVDaBNE_15103-15857,40,1,1470.5,60.5,240.0,264.0,inside_visible,1242.6,477.6434,0
ljahBVDaBNE_15103-15857,40,2,1076.0,13.22222222222222,154.0,183.0,inside_visible,185.711,411.9762,1
ljahBVDaBNE_15103-15857,40,3,604.875,93.0,200.0,195.0,inside_visible,144.0355,491.7578333333333,1
ljahBVDaBNE_15103-15857,41,1,1469.25,57.25,240.0,264.0,inside_visible,1243.033,478.1062,0
ljahBVDaBNE_15103-15857,41,2,1076.0,12.333333333333334,154.0,183.0,inside_visible,190.916,412.4028,1
ljahBVDaBNE_15103-15857,41,3,604.6875,92.5,200.0,195.0,inside_visible,140.44,490.859,1
ljahBVDaBNE_15103-15857,42,1,1468.0,54.0,240.0,264.0,inside_visible,1243.466,478.569,0
ljahBVDaBNE_15103-15857,42,2,1076.0,11.444444444444445,154.0,183.0,inside_visible,196.121,412.8294,1
ljahBVDaBNE_15103-15857,42,3,604.5,92.0,200.0,195.0,inside_visible,157.6984,484.387,1
ljahBVDaBNE_15103-15857,43,1,1467.0,53.0,240.0,264.0,inside_visible,1243.0807142857143,475.1018571428572,0
ljahBVDaBNE_15103-15857,43,2,1076.0,10.555555555555555,154.0,183.0,inside_visible,201.326,413.256,1
ljahBVDaBNE_15103-15857,43,3,604.3125,91.5,200.0,195.0,inside_visible,174.9568,477.915,1
ljahBVDaBNE_15103-15857,44,1,1466.0,52.0,240.0,264.0,inside_visible,1242.6954285714285,471.6347142857143,0
ljahBVDaBNE_15103-15857,44,2,1076.0,9.666666666666668,154.0,183.0,inside_visible,203.8121851851852,413.31666666666666,1
ljahBVDaBNE_15103-15857,44,3,604.125,91.0,200.0,195.0,inside_visible,192.2152,471.443,1
ljahBVDaBNE_15103-15857,45,1,1465.0,51.0,240.0,264.0,inside_visible,1242.3101428571429,468.1675714285714,0
ljahBVDaBNE_15103-15857,45,2,1076.0,8.777777777777779,154.0,183.0,inside_visible,206.29837037037035,413.3773333333333,1
ljahBVDaBNE_15103-15857,45,3,603.9375,90.5,200.0,195.0,inside_visible,209.4736,464.971,1
ljahBVDaBNE_15103-15857,46,1,1464.0,50.0,240.0,264.0,inside_visible,1241.924857142857,464.7004285714286,0
ljahBVDaBNE_15103-15857,46,2,1076.0,7.888888888888889,154.0,183.0,inside_visible,208.7845555555556,413.438,1
ljahBVDaBNE_15103-15857,46,3,603.75,90.0,200.0,195.0,inside_visible,226.732,458.499,1
ljahBVDaBNE_15103-15857,47,1,1463.0,49.0,240.0,264.0,inside_visible,1241.5395714285714,461.2332857142857,0
ljahBVDaBNE_15103-15857,47,2,1076.0,7.0,154.0,183.0,inside_visible,211.27074074074076,413.4986666666666,1
ljahBVDaBNE_15103-15857,47,3,603.5625,89.5,200.0,195.0,inside_visible,199.7655,473.3305,1
ljahBVDaBNE_15103-15857,48,1,1462.0,48.0,240.0,264.0,inside_visible,1241.1542857142856,457.7661428571428,0
ljahBVDaBNE_15103-15857,48,2,1075.864406779661,7.0,154.0,182.8135593220339,inside_visible,213.7569259259259,413.5593333333333,1
ljahBVDaBNE_15103-15857,48,3,603.375,89.0,200.0,195.0,inside_visible,172.799,488.162,1
ljahBVDaBNE_15103-15857,49,1,1461.0,47.0,240.0,264.0,inside_visible,1240.769,454.299,0
ljahBVDaBNE_15103-15857,49,2,1075.728813559322,7.0,154.0,182.6271186440678,inside_visible,216.2431111111111,413.62,1
ljahBVDaBNE_15103-15857,49,3,603.1875,88.5,200.0,195.0,inside_visible,174.86111764705882,487.8447647058823,1
ljahBVDaBNE_15103-15857,50,1,1460.0,46.0,240.0,264.0,inside_visible,1242.0049583333334,455.6473333333333,0
ljahBVDaBNE_15103-15857,50,2,1075.593220338983,7.0,154.0,182.4406779661017,inside_visible,218.7292962962963,413.6806666666666,1
ljahBVDaBNE_15103-15857,50,3,603.0,88.0,200.0,195.0,inside_visible,176.92323529411766,487.5275294117647,1
ljahBVDaBNE_15103-15857,51,1,1460.0,43.25,240.0,264.0,inside_visible,1243.2409166666666,456.9956666666666,0
ljahBVDaBNE_15103-15857,51,2,1075.457627118644,7.0,154.0,182.2542372881356,inside_visible,221.21548148148148,413.7413333333333,1
ljahBVDaBNE_15103-15857,51,3,603.3421052631579,87.65789473684211,200.0,195.0,inside_visible,178.98535294117647,487.21029411764704,1
ljahBVDaBNE_15103-15857,52,1,1460.0,40.5,240.0,264.0,inside_visible,1244.476875,458.344,0
ljahBVDaBNE_15103-15857,52,2,1075.322033898305,7.0,154.0,182.0677966101695,inside_visible,223.70166666666665,413.802,1
ljahBVDaBNE_15103-15857,52,3,603.6842105263158,87.3157894736842,200.0,195.0,inside_visible,181.04747058823529,486.8930588235294,1
ljahBVDaBNE_15103-15857,53,1,1460.0,37.75,240.0,264.0,inside_visible,1245.7128333333333,459.6923333333333,0
ljahBVDaBNE_15103-15857,53,2,1075.1864406779662,7.0,154.0,181.88135593220335,inside_visible,226.18785185185183,413.86266666666666,1
ljahBVDaBNE_15103-15857,53,3,604.0263157894736,86.97368421052632,200.0,195.0,inside_visible,183.10958823529413,486.57582352941176,1
ljahBVDaBNE_15103-15857,54,1,1460.0,35.0,240.0,264.0,inside_visible,1246.9487916666667,461.04066666666665,0
ljahBVDaBNE_15103-15857,54,2,1075.050847457627,7.0,154.0,181.6949152542373,inside_visible,228.674037037037,413.92333333333335,1
ljahBVDaBNE_15103-15857,54,3,604.3684210526316,86.63157894736842,200.0,195.0,inside_visible,185.1717058823529,486.2585882352941,1
ljahBVDaBNE_15103-15857,55,1,1460.0,32.8,240.0,264.0,inside_visible,1248.18475,462.389,0
ljahBVDaBNE_15103-15857,55,2,1074.915254237288,7.0,154.0,181.5084745762712,inside_visible,231.16022222222225,413.984,1
ljahBVDaBNE_15103-15857,55,3,604.7105263157895,86.28947368421052,200.0,195.0,inside_visible,187.23382352941172,485.9413529411764,1
ljahBVDaBNE_15103-15857,56,1,1460.0,30.6,240.0,264.0,inside_visible,1249.420708333333,463.7373333333333,0
ljahBVDaBNE_15103-15857,56,2,1074.7796610169491,7.0,154.0,181.32203389830508,inside_visible,233.6464074074074,414.0446666666666,1
ljahBVDaBNE_15103-15857,56,3,605.0526315789474,85.94736842105263,200.0,195.00000000000003,inside_visible,189.2959411764706,485.6241176470588,1
ljahBVDaBNE_15103-15857,57,1,1460.0,28.4,240.0,264.0,inside_visible,1250.6566666666668,465.08566666666667,0
ljahBVDaBNE_15103-15857,57,2,1074.6440677966102,7.0,154.0,181.135593220339,inside_visible,236.13259259259257,414.1053333333333,1
ljahBVDaBNE_15103-15857,57,3,605.3947368421053,85.60526315789474,200.0,195.0,inside_visible,191.3580588235294,485.3068823529412,1
ljahBVDaBNE_15103-15857,58,1,1460.0,26.2,240.0,264.0,inside_visible,1251.892625,466.434,0
ljahBVDaBNE_15103-15857,58,2,1074.5084745762713,7.0,154.0,180.94915254237287,inside_visible,238.61877777777775,414.166,1
ljahBVDaBNE_15103-15857,58,3,605.7368421052631,85.26315789473685,200.0,195.0,inside_visible,193.42017647058825,484.9896470588236,1
ljahBVDaBNE_15103-15857,59,1,1460.0,24.0,240.0,264.0,inside_visible,1253.1285833333334,467.7823333333333,0
ljahBVDaBNE_15103-15857,59,2,1074.372881355932,7.0,154.0,180.7627118644068,inside_visible,241.10496296296293,414.2266666666666,1
ljahBVDaBNE_15103-15857,59,3,606.078947368421,84.92105263157895,200.0,195.0,inside_visible,195.48229411764703,484.6724117647059,1
ljahBVDaBNE_15103-15857,60,1,1465.3333333333333,23.0,240.0,264.0,inside_visible,1254.3645416666666,469.1306666666666,0
ljahBVDaBNE_15103-15857,60,2,1074.2372881355932,7.0,154.0,180.5762711864407,inside_visible,243.5911481481481,414.2873333333333,1
ljahBVDaBNE_15103-15857,60,3,606.421052631579,84.57894736842105,200.0,195.0,inside_visible,197.54441176470587,484.3551764705882,1
ljahBVDaBNE_15103-15857,61,1,1470.6666666666667,22.0,240.0,264.0,inside_visible,1255.6005,470.479,0
ljahBVDaBNE_15103-15857,61,2,1074.1016949152545,7.0,154.0,180.38983050847455,inside_visible,246.0773333333333,414.348,1
ljahBVDaBNE_15103-15857,61,3,606.7631578947369,84.23684210526315,200.0,195.00000000000003,inside_visible,199.6065294117647,484.0379411764706,1
ljahBVDaBNE_15103-15857,62,1,1476.0,21.0,240.0,264.0,inside_visible,1256.8364583333334,471.8273333333333,0
ljahBVDaBNE_15103-15857,62,2,1073.966101694915,7.0,154.0,180.20338983050848,inside_visible,248.5635185185185,414.40866666666665,1
ljahBVDaBNE_15103-15857,62,3,607.1052631578947,83.89473684210526,200.0,195.0,inside_visible,201.66864705882352,483.72070588235295,1
ljahBVDaBNE_15103-15857,63,1,1477.142857142857,19.857142857142858,240.0,264.0,inside_visible,1258.0724166666666,473.1756666666666,0
ljahBVDaBNE_15103-15857,63,2,1073.8305084745762,7.0,154.0,180.01694915254237,inside_visible,251.04970370370367,414.4693333333333,1
ljahBVDaBNE_15103-15857,63,3,607.4473684210526,83.55263157894737,200.0,195.0,inside_visible,203.73076470588236,483.4034705882353,1
ljahBVDaBNE_15103-15857,64,1,1478.2857142857142,18.714285714285715,240.0,264.0,inside_visible,1259.308375,474.524,0
ljahBVDaBNE_15103-15857,64,2,1073.6949152542372,7.0,154.0,179.83050847457628,inside_visible,253.53588888888888,414.53,1
ljahBVDaBNE_15103-15857,64,3,607.7894736842105,83.21052631578948,200.0,195.0,inside_visible,205.7928823529412,483.08623529411767,1
ljahBVDaBNE_15103-15857,65,1,1479.428571428571,17.571428571428573,240.0,264.0,inside_visible,1260.5443333333333,475.8723333333333,0
ljahBVDaBNE_15103-15857,65,2,1073.5593220338983,7.0,154.0,179.64406779661016,inside_visible,256.02207407407406,414.59066666666666,1
ljahBVDaBNE_15103-15857,65,3,608.1315789473684,82.86842105263158,200.0,195.0,inside_visible,207.855,482.769,1
ljahBVDaBNE_15103-15857,66,1,1480.571428571429,16.42857142857143,240.0,264.0,inside_visible,1261.7802916666667,477.22066666666666,0
ljahBVDaBNE_15103-15857,66,2,1073.4237288135594,7.0,154.0,179.45762711864407,inside_visible,258.50825925925926,414.65133333333335,1
ljahBVDaBNE_15103-15857,66,3,608.4736842105264,82.52631578947368,200.0,195.0,inside_visible,212.709,477.915,1
ljahBVDaBNE_15103-15857,67,1,1481.7142857142858,15.285714285714285,240.0,264.0,inside_visible,1263.01625,478.569,0
ljahBVDaBNE_15103-15857,67,2,1073.2881355932204,7.0,154.0,179.27118644067798,inside_visible,260.9944444444444,414.712,1
ljahBVDaBNE_15103-15857,67,3,608.8157894736842,82.1842105263158,200.0,195.0,inside_visible,217.563,473.061,1
ljahBVDaBNE_15103-15857,68,1,1482.857142857143,14.142857142857142,240.0,264.0,inside_visible,1264.252208333333,479.9173333333333,0
ljahBVDaBNE_15103-15857,68,2,1073.1525423728813,7.0,154.0,179.08474576271186,inside_visible,263.4806296296296,414.7726666666667,1
ljahBVDaBNE_15103-15857,68,3,609.1578947368421,81.84210526315789,200.0,195.00000000000003,inside_visible,222.417,468.207,1
ljahBVDaBNE_15103-15857,69,1,1484.0,13.0,240.0,264.0,inside_visible,1265.4881666666668,481.2656666666667,0
ljahBVDaBNE_15103-15857,69,2,1073.0169491525423,7.0,154.0,178.89830508474577,inside_visible,265.9668148148148,414.8333333333333,1
ljahBVDaBNE_15103-15857,69,3,609.5,81.5,200.0,195.0,inside_visible,227.271,463.353,1
ljahBVDaBNE_15103-15857,70,1,1484.2142857142858,12.428571428571429,240.0,264.0,inside_visible,1266.724125,482.614,0
ljahBVDaBNE_15103-15857,70,2,1072.8813559322034,7.0,154.0,178.71186440677965,inside_visible,268.453,414.894,1
ljahBVDaBNE_15103-15857,70,3,609.8421052631579,81.15789473684211,200.0,195.0,inside_visible,232.125,458.499,1
ljahBVDaBNE_15103-15857,71,1,1484.428571428571,11.857142857142858,240.0,264.0,inside_visible,1267.9600833333334,483.9623333333333,0
ljahBVDaBNE_15103-15857,71,2,1072.7457627118645,7.0,154.0,178.52542372881356,inside_visible,1115.483,291.908,1
ljahBVDaBNE_15103-15857,71,3,610.1842105263158,80.8157894736842,200.0,195.0,inside_visible,232.125,459.62258333333335,1
ljahBVDaBNE_15103-15857,72,1,1484.642857142857,11.285714285714286,240.0,264.0,inside_visible,1269.1960416666666,485.3106666666666,0
ljahBVDaBNE_15103-15857,72,2,1072.6101694915253,7.0,154.0,178.33898305084745,inside_visible,1114.6090303030303,291.6737878787879,1
ljahBVDaBNE_15103-15857,72,3,610.5263157894736,80.47368421052632,200.0,195.0,inside_visible,232.125,460.7461666666667,1
ljahBVDaBNE_15103-15857,73,1,1484.857142857143,10.714285714285715,240.0,264.0,inside_visible,1270.432,486.659,0
ljahBVDaBNE_15103-15857,73,2,1072.4745762711864,7.0,154.0,178.15254237288136,inside_visible,1113.7350606060606,291.43957575757577,1
ljahBVDaBNE_15103-15857,73,3,610.8684210526316,80.13157894736842,200.0,195.0,inside_visible,232.125,461.86975,1
ljahBVDaBNE_15103-15857,74,1,1485.071428571429,10.142857142857142,240.0,264.0,inside_visible,1273.1286,498.5242,0
ljahBVDaBNE_15103-15857,74,2,1072.3389830508474,7.0,154.0,177.96610169491527,inside_visible,1112.8610909090908,291.20536363636364,1
ljahBVDaBNE_15103-15857,74,3,611.2105263157895,79.78947368421052,200.0,195.0,inside_visible,232.125,462.9933333333333,1
ljahBVDaBNE_15103-15857,75,1,1485.2857142857142,9.571428571428571,240.0,264.0,inside_visible,1275.8252,510.3894,0
ljahBVDaBNE_15103-15857,75,2,1072.2033898305085,7.0,154.0,177.77966101694915,inside_visible,1111.987121212121,290.9711515151515,1
ljahBVDaBNE_15103-15857,75,3,611.5526315789474,79.44736842105263,200.0,195.0,inside_visible,232.125,464.11691666666667,1
ljahBVDaBNE_15103-15857,76,1,1485.5,9.0,240.0,264.0,inside_visible,1278.5218,522.2546,0
ljahBVDaBNE_15103-15857,76,2,1072.0677966101696,7.0,154.0,177.59322033898306,inside_visible,1111.1131515151517,290.7369393939394,1
ljahBVDaBNE_15103-15857,76,3,611.8947368421053,79.10526315789474,200.0,195.0,inside_visible,232.125,465.2405,1
ljahBVDaBNE_15103-15857,77,1,1485.7142857142858,8.428571428571429,240.0,264.0,inside_visible,1281.2184,534.1198,0
ljahBVDaBNE_15103-15857,77,2,1071.9322033898304,7.0,154.0,177.40677966101694,inside_visible,1110.2391818181818,290.50272727272727,1
ljahBVDaBNE_15103-15857,77,3,612.2368421052631,78.76315789473685,200.0,195.0,inside_visible,232.125,466.3640833333333,1
ljahBVDaBNE_15103-15857,78,1,1485.928571428571,7.857142857142857,240.0,264.0,inside_visible,1283.915,545.985,0
ljahBVDaBNE_15103-15857,78,2,1071.7966101694915,7.0,154.0,177.22033898305085,inside_visible,1109.3652121212122,290.26851515151515,1
ljahBVDaBNE_15103-15857,78,3,612.578947368421,78.42105263157895,200.0,195.0,inside_visible,232.125,467.48766666666666,1
ljahBVDaBNE_15103-15857,79,1,1486.142857142857,7.285714285714286,240.0,264.0,inside_visible,1282.416888888889,549.5805555555555,0
ljahBVDaBNE_15103-15857,79,2,1071.6610169491526,7.0,154.0,177.03389830508473,inside_visible,1108.4912424242425,290.034303030303,1
ljahBVDaBNE_15103-15857,79,3,612.921052631579,78.07894736842105,200.0,195.0,inside_visible,232.125,468.61125,1
ljahBVDaBNE_15103-15857,80,1,1486.357142857143,6.714285714285714,240.0,264.0,inside_visible,1280.9187777777777,553.1761111111111,0
ljahBVDaBNE_15103-15857,80,2,1071.5254237288136,7.0,154.0,176.84745762711864,inside_visible,1107.6172727272726,289.8000909090909,1
ljahBVDaBNE_15103-15857,80,3,613.2631578947369,77.73684210526315,200.0,195.00000000000003,inside_visible,232.125,469.7348333333333,1
ljahBVDaBNE_15103-15857,81,1,1486.571428571429,6.142857142857143,240.0,264.0,inside_visible,1279.4206666666666,556.7716666666666,0
ljahBVDaBNE_15103-15857,81,2,1071.3898305084747,7.0,154.0,176.66101694915255,inside_visible,1106.743303030303,289.5658787878788,1
ljahBVDaBNE_15103-15857,81,3,613.6052631578947,77.39473684210526,200.0,195.0,inside_visible,232.125,470.8584166666666,1
ljahBVDaBNE_15103-15857,82,1,1486.7857142857142,5.571428571428571,240.0,264.0,inside_visible,1277.9225555555556,560.3672222222223,0
ljahBVDaBNE_15103-15857,82,2,1071.2542372881355,7.0,154.0,176.47457627118644,inside_visible,1105.869333333333,289.33166666666665,1
ljahBVDaBNE_15103-15857,82,3,613.9473684210526,77.05263157894737,200.0,195.00000000000003,inside_visible,232.125,471.982,1
ljahBVDaBNE_15103-15857,83,1,1487.0,5.0,240.0,264.0,inside_visible,1276.4244444444444,563.9627777777778,0
ljahBVDaBNE_15103-15857,83,2,1071.1186440677966,7.0,154.0,176.28813559322035,inside_visible,1104.9953636363637,289.0974545454545,1
ljahBVDaBNE_15103-15857,83,3,614.2894736842105,76.71052631578948,200.0,195.0,inside_visible,232.125,473.10558333333336,1
ljahBVDaBNE_15103-15857,84,1,1487.2727272727273,6.454545454545455,240.0,264.0,inside_visible,1274.926333333333,567.5583333333334,0
ljahBVDaBNE_15103-15857,84,2,1070.9830508474577,7.0,154.0,176.10169491525423,inside_visible,1104.121393939394,288.8632424242424,1
ljahBVDaBNE_15103-15857,84,3,614.6315789473684,76.36842105263158,200.0,195.0,inside_visible,232.125,474.2291666666667,1
ljahBVDaBNE_15103-15857,85,1,1487.5454545454545,7.909090909090909,240.0,264.0,inside_visible,1273.4282222222223,571.1538888888889,0
ljahBVDaBNE_15103-15857,85,2,1070.8474576271187,7.0,154.0,175.91525423728814,inside_visible,1103.247424242424,288.6290303030303,1
ljahBVDaBNE_15103-15857,85,3,614.9736842105264,76.02631578947368,200.0,195.0,inside_visible,232.125,475.35275,1
ljahBVDaBNE_15103-15857,86,1,1487.8181818181818,9.363636363636363,240.0,264.0,inside_visible,1271.930111111111,574.7494444444445,0
ljahBVDaBNE_15103-15857,86,2,1070.7118644067796,7.0,154.0,175.72881355932202,inside_visible,1102.3734545454545,288.3948181818181,1
ljahBVDaBNE_15103-15857,86,3,615.3157894736842,75.6842105263158,200.0,195.0,inside_visible,232.125,476.4763333333333,1
ljahBVDaBNE_15103-15857,87,1,1488.090909090909,10.818181818181818,240.0,264.0,inside_visible,1270.432,578.345,0
ljahBVDaBNE_15103-15857,87,2,1070.5762711864406,7.0,154.0,175.54237288135593,inside_visible,1101.4994848484848,288.160606060606,1
ljahBVDaBNE_15103-15857,87,3,615.6578947368421,75.34210526315789,200.0,195.00000000000003,inside_visible,232.125,477.5999166666667,1
ljahBVDaBNE_15103-15857,88,1,1488.3636363636365,12.272727272727272,240.0,264.0,inside_visible,1262.342,585.5360000000001,0
ljahBVDaBNE_15103-15857,88,2,1070.4406779661017,7.0,154.0,175.35593220338984,inside_visible,1100.6255151515152,287.926393939394,1
ljahBVDaBNE_15103-15857,88,3,616.0,75.0,200.0,195.0,inside_visible,232.125,478.7235,1
ljahBVDaBNE_15103-15857,89,1,1488.6363636363635,13.727272727272728,240.0,264.0,inside_visible,1254.252,592.727,0
ljahBVDaBNE_15103-15857,89,2,1070.3050847457628,7.0,154.0,175.16949152542372,inside_visible,1099.7515454545455,287.69218181818184,1
ljahBVDaBNE_15103-15857,89,3,614.5454545454545,75.0,200.0,195.0,inside_visible,232.125,479.8470833333333,1
ljahBVDaBNE_15103-15857,90,1,1488.909090909091,15.181818181818182,240.0,264.0,inside_visible,1246.162,599.918,0
ljahBVDaBNE_15103-15857,90,2,1070.1694915254238,7.0,154.0,174.98305084745763,inside_visible,1098.877575757576,287.4579696969697,1
ljahBVDaBNE_15103-15857,90,3,613.0909090909091,75.0,200.0,195.0,inside_visible,232.125,480.97066666666666,1
ljahBVDaBNE_15103-15857,91,1,1489.1818181818182,16.636363636363637,240.0,264.0,inside_visible,1246.162,611.154,0
ljahBVDaBNE_15103-15857,91,2,1070.033898305085,7.0,154.0,174.79661016949152,inside_visible,1098.003606060606,287.2237575757576,1
ljahBVDaBNE_15103-15857,91,3,611.6363636363636,75.0,200.0,195.0,inside_visible,232.125,482.09425,1
ljahBVDaBNE_15103-15857,92,1,1489.4545454545455,18.090909090909093,240.0,264.0,inside_visible,1246.162,622.39,0
ljahBVDaBNE_15103-15857,92,2,1069.8983050847455,7.0,154.0,174.61016949152545,inside_visible,1097.1296363636363,286.98954545454546,1
ljahBVDaBNE_15103-15857,92,3,610.1818181818181,75.0,200.0,195.0,inside_visible,232.125,483.2178333333333,1
ljahBVDaBNE_15103-15857,93,1,1489.7272727272727,19.545454545454547,240.0,264.0,inside_visible,1246.162,633.626,0
ljahBVDaBNE_15103-15857,93,2,1069.7627118644068,7.0,154.0,174.4237288135593,inside_visible,1096.255666666667,286.75533333333334,1
ljahBVDaBNE_15103-15857,93,3,608.7272727272727,75.0,200.0,195.0,inside_visible,232.125,484.34141666666665,1
ljahBVDaBNE_15103-15857,94,1,1490.0,21.0,240.0,264.0,inside_visible,1246.162,644.862,0
ljahBVDaBNE_15103-15857,94,2,1069.627118644068,7.0,154.0,174.23728813559322,inside_visible,1095.381696969697,286.5211212121212,1
ljahBVDaBNE_15103-15857,94,3,607.2727272727273,75.0,200.0,195.0,inside_visible,232.125,485.465,1
ljahBVDaBNE_15103-15857,95,1,1487.8,22.6,240.0,264.0,inside_visible,1246.162,656.098,0
ljahBVDaBNE_15103-15857,95,2,1069.4915254237287,7.0,154.0,174.05084745762713,inside_visible,1094.5077272727274,286.2869090909091,1
ljahBVDaBNE_15103-15857,95,3,605.8181818181819,75.0,200.0,195.0,inside_visible,230.6540909090909,488.5293636363636,1
ljahBVDaBNE_15103-15857,96,1,1485.6,24.2,240.0,264.0,inside_visible,1246.162,667.334,0
ljahBVDaBNE_15103-15857,96,2,1069.3559322033898,7.0,154.0,173.864406779661,inside_visible,1093.6337575757575,286.05269696969697,1
ljahBVDaBNE_15103-15857,96,3,604.3636363636364,75.0,200.0,195.0,inside_visible,229.18318181818185,491.5937272727272,1
ljahBVDaBNE_15103-15857,97,1,1483.4,25.8,240.0,264.0,inside_visible,1243.8505714285714,668.875,0
ljahBVDaBNE_15103-15857,97,2,1069.2203389830509,7.0,154.0,173.67796610169492,inside_visible,1092.7597878787878,285.81848484848484,1
ljahBVDaBNE_15103-15857,97,3,602.9090909090909,75.0,200.0,195.0,inside_visible,227.71227272727276,494.6580909090909,1
ljahBVDaBNE_15103-15857,98,1,1481.2,27.4,240.0,264.0,inside_visible,1241.539142857143,670.4159999999999,0
ljahBVDaBNE_15103-15857,98,2,1069.084745762712,7.0,154.0,173.4915254237288,inside_visible,1091.8858181818182,285.5842727272727,1
ljahBVDaBNE_15103-15857,98,3,601.4545454545455,75.0,200.0,195.0,outside_frame,226.24136363636364,497.7224545454545,1
ljahBVDaBNE_15103-15857,99,1,1479.0,29.0,240.0,264.0,inside_visible,1239.2277142857142,671.957,0
ljahBVDaBNE_15103-15857,99,2,1068.949152542373,7.0,154.0,173.3050847457627,inside_visible,1091.0118484848483,285.3500606060606,1
ljahBVDaBNE_15103-15857,99,3,600.0,75.0,200.0,195.0,outside_frame,224.77045454545456,500.78681818181815,1
ljahBVDaBNE_15103-15857,100,1,1479.0,28.36,240.0,264.0,inside_visible,1236.9162857142858,673.4979999999999,0
ljahBVDaBNE_15103-15857,100,2,1068.8135593220338,7.0,154.0,173.1186440677966,inside_visible,1090.137878787879,285.11584848484847,1
ljahBVDaBNE_15103-15857,100,3,599.6923076923077,75.0,200.0,195.0,outside_frame,223.29954545454547,503.8511818181818,1
ljahBVDaBNE_15103-15857,101,1,1479.0,27.72,240.0,264.0,inside_visible,1234.604857142857,675.039,0
ljahBVDaBNE_15103-15857,101,2,1068.677966101695,7.0,154.0,172.9322033898305,inside_visible,1089.2639090909092,284.88163636363635,1
ljahBVDaBNE_15103-15857,101,3,599.3846153846154,75.0,200.0,195.0,outside_frame,221.82863636363635,506.9155454545455,1
ljahBVDaBNE_15103-15857,102,1,1479.0,27.08,240.0,264.0,inside_visible,1232.2934285714286,676.5799999999999,0
ljahBVDaBNE_15103-15857,102,2,1068.542372881356,7.0,154.0,172.74576271186442,inside_visible,1088.3899393939394,284.6474242424242,1
ljahBVDaBNE_15103-15857,102,3,599.0769230769231,75.0,200.0,195.0,outside_frame,220.3577272727273,509.9799090909091,1
ljahBVDaBNE_15103-15857,103,1,1479.0,26.44,240.0,264.0,inside_visible,1229.982,678.121,0
ljahBVDaBNE_15103-15857,103,2,1068.406779661017,7.0,154.0,172.5593220338983,inside_visible,1087.5159696969697,284.4132121212121,1
ljahBVDaBNE_15103-15857,103,3,598.7692307692307,75.0,200.0,195.0,outside_frame,218.88681818181817,513.0442727272728,1
ljahBVDaBNE_15103-15857,104,1,1479.0,25.8,240.0,264.0,inside_visible,1224.888333333333,678.7202222222222,0
ljahBVDaBNE_15103-15857,104,2,1068.271186440678,7.0,154.0,172.3728813559322,inside_visible,1086.642,284.179,1
ljahBVDaBNE_15103-15857,104,3,598.4615384615385,75.0,200.0,195.0,outside_frame,217.41590909090908,516.1086363636364,1
ljahBVDaBNE_15103-15857,105,1,1479.0,25.16,240.0,264.0,inside_visible,1219.794666666667,679.3194444444445,0
ljahBVDaBNE_15103-15857,105,2,1068.135593220339,7.0,154.0,172.1864406779661,inside_visible,1090.4172,284.7184,1
ljahBVDaBNE_15103-15857,105,3,598.1538461538462,75.0,200.0,195.0,outside_frame,215.945,519.173,1
ljahBVDaBNE_15103-15857,106,1,1479.0,24.52,240.0,264.0,inside_visible,1214.701,679.9186666666667,0
ljahBVDaBNE_15103-15857,106,2,1068.0,7.0,154.0,172.0,inside_visible,1094.1924,285.2578,1
ljahBVDaBNE_15103-15857,106,3,597.8461538461538,75.0,200.0,195.0,outside_frame,214.4740909090909,522.2373636363636,1
ljahBVDaBNE_15103-15857,107,1,1479.0,23.88,240.0,264.0,inside_visible,1209.6073333333334,680.5178888888889,0
ljahBVDaBNE_15103-15857,107,2,1067.4761904761904,7.238095238095238,154.0,172.0,inside_visible,1097.9676,285.7972,1
ljahBVDaBNE_15103-15857,107,3,597.5384615384615,75.0,200.0,195.0,outside_frame,213.00318181818184,525.3017272727272,1
ljahBVDaBNE_15103-15857,108,1,1479.0,23.24,240.0,264.0,inside_visible,1204.5136666666665,681.1171111111111,0
ljahBVDaBNE_15103-15857,108,2,1066.952380952381,7.476190476190476,154.0,172.0,inside_visible,1101.7428,286.3366,1
ljahBVDaBNE_15103-15857,108,3,597.2307692307693,75.0,200.0,195.0,outside_frame,211.53227272727275,528.3660909090909,1
ljahBVDaBNE_15103-15857,109,1,1479.0,22.6,240.0,264.0,inside_visible,1199.4199999999998,681.7163333333333,0
ljahBVDaBNE_15103-15857,109,2,1066.428571428571,7.714285714285714,154.0,172.0,inside_visible,1105.518,286.876,1
ljahBVDaBNE_15103-15857,109,3,596.9230769230769,75.0,200.0,195.0,outside_frame,210.06136363636364,531.4304545454545,1
ljahBVDaBNE_15103-15857,110,1,1479.0,21.96,240.0,264.0,inside_visible,1194.3263333333332,682.3155555555555,0
ljahBVDaBNE_15103-15857,110,2,1065.904761904762,7.952380952380952,154.0,172.0,inside_visible,1106.0573,286.8125,1
ljahBVDaBNE_15103-15857,110,3,596.6153846153846,75.0,200.0,195.0,outside_frame,208.5904545454545,534.4948181818181,1
ljahBVDaBNE_15103-15857,111,1,1479.0,21.32,240.0,264.0,inside_visible,1189.2326666666663,682.9147777777778,0
ljahBVDaBNE_15103-15857,111,2,1065.3809523809523,8.19047619047619,154.0,172.0,inside_visible,1106.5966,286.749,1
ljahBVDaBNE_15103-15857,111,3,596.3076923076923,75.0,200.0,195.0,outside_frame,207.11954545454543,537.5591818181817,1
ljahBVDaBNE_15103-15857,112,1,1479.0,20.68,240.0,264.0,inside_visible,1184.139,683.514,0
ljahBVDaBNE_15103-15857,112,2,1064.857142857143,8.428571428571429,154.0,172.0,inside_visible,1107.1359,286.6855,1
ljahBVDaBNE_15103-15857,112,3,596.0,75.0,200.0,195.0,outside_frame,205.64863636363637,540.6235454545455,1
ljahBVDaBNE_15103-15857,113,1,1479.0,20.04,240.0,264.0,inside_visible,1181.0256,682.5824,0
ljahBVDaBNE_15103-15857,113,2,1064.3333333333333,8.666666666666666,154.0,172.0,inside_visible,1107.6752,286.622,1
ljahBVDaBNE_15103-15857,113,3,595.6923076923077,75.0,200.0,195.0,outside_frame,204.17772727272725,543.6879090909091,1
ljahBVDaBNE_15103-15857,114,1,1479.0,19.4,240.0,264.0,inside_visible,1177.9122,681.6508,0
ljahBVDaBNE_15103-15857,114,2,1063.809523809524,8.904761904761905,154.0,172.0,inside_visible,1108.2145,286.5585,1
ljahBVDaBNE_15103-15857,114,3,595.3846153846154,75.0,200.0,195.0,outside_frame,202.70681818181816,546.7522727272727,1
ljahBVDaBNE_15103-15857,115,1,1479.0,18.76,240.0,264.0,inside_visible,1174.7988,680.7192,0
ljahBVDaBNE_15103-15857,115,2,1063.2857142857142,9.142857142857142,154.0,172.0,inside_visible,1108.7538,286.495,1
ljahBVDaBNE_15103-15857,115,3,595.0769230769231,75.0,200.0,195.0,outside_frame,201.23590909090908,549.8166363636363,1
ljahBVDaBNE_15103-15857,116,1,1479.0,18.12,240.0,264.0,inside_visible,1171.6854,679.7876,0
ljahBVDaBNE_15103-15857,116,2,1062.7619047619048,9.38095238095238,154.0,172.0,inside_visible,1109.2931,286.4315,1
ljahBVDaBNE_15103-15857,116,3,594.7692307692307,75.0,200.0,195.0,inside_visible,199.765,552.881,1
ljahBVDaBNE_15103-15857,117,1,1479.0,17.48,240.0,264.0,inside_visible,1168.572,678.856,0
ljahBVDaBNE_15103-15857,117,2,1062.2380952380952,9.61904761904762,154.0,172.0,inside_visible,1109.8324,286.368,1
ljahBVDaBNE_15103-15857,117,3,594.4615384615385,75.0,200.0,195.0,inside_visible,177.7425,564.5664999999999,1
ljahBVDaBNE_15103-15857,118,1,1479.0,16.84,240.0,264.0,inside_visible,1165.4586,677.9244,0
ljahBVDaBNE_15103-15857,118,2,1061.7142857142858,9.857142857142858,154.0,172.0,inside_visible,1110.3717,286.3045,1
ljahBVDaBNE_15103-15857,118,3,594.1538461538462,75.0,200.0,195.0,inside_visible,155.72,576.252,1
ljahBVDaBNE_15103-15857,119,1,1479.0,16.2,240.0,264.0,gaze_shift,1162.3452,676.9928,0
ljahBVDaBNE_15103-15857,119,2,1061.190476190476,10.095238095238097,154.0,172.0,inside_visible,1110.911,286.241,1
ljahBVDaBNE_15103-15857,119,3,593.8461538461538,75.0,200.0,195.0,inside_visible,501.787,409.96,1
ljahBVDaBNE_15103-15857,120,1,1479.0,15.56,240.0,264.0,gaze_shift,1159.2318,676.0612,0
ljahBVDaBNE_15103-15857,120,2,1060.6666666666667,10.333333333333332,154.0,172.0,inside_visible,1071.232,365.304,1
ljahBVDaBNE_15103-15857,120,3,593.5384615384615,75.0,200.0,195.0,inside_visible,511.9274,412.2386,1
ljahBVDaBNE_15103-15857,121,1,1479.0,14.92,240.0,264.0,gaze_shift,1156.1184,675.1296,0
ljahBVDaBNE_15103-15857,121,2,1060.142857142857,10.571428571428571,154.0,172.0,inside_visible,1069.305833333333,368.8618333333333,1
ljahBVDaBNE_15103-15857,121,3,593.2307692307693,75.0,200.0,195.0,inside_visible,522.0678,414.5172,1
ljahBVDaBNE_15103-15857,122,1,1479.0,14.28,240.0,264.0,gaze_shift,1153.005,674.198,0
ljahBVDaBNE_15103-15857,122,2,1059.6190476190477,10.80952380952381,154.0,172.0,inside_visible,1067.3796666666667,372.4196666666666,1
ljahBVDaBNE_15103-15857,122,3,592.9230769230769,75.0,200.0,195.0,inside_visible,532.2082,416.7958,1
ljahBVDaBNE_15103-15857,123,1,1479.0,13.64,240.0,264.0,inside_visible,1194.925,926.211,0
ljahBVDaBNE_15103-15857,123,2,1059.095238095238,11.047619047619047,154.0,172.0,inside_visible,1065.4535,375.9775,1
ljahBVDaBNE_15103-15857,123,3,592.6153846153846,75.0,200.0,195.0,inside_visible,542.3486,419.0744,1
ljahBVDaBNE_15103-15857,124,1,1479.0,13.0,240.0,264.0,inside_visible,1194.931794117647,926.3673823529411,0
ljahBVDaBNE_15103-15857,124,2,1058.571428571429,11.285714285714285,154.0,172.0,inside_visible,1063.5273333333332,379.5353333333333,1
ljahBVDaBNE_15103-15857,124,3,592.3076923076923,75.0,200.0,195.0,inside_visible,552.489,421.353,1
ljahBVDaBNE_15103-15857,125,1,1484.0,13.0,235.0,269.0,inside_visible,1194.938588235294,926.5237647058824,0
ljahBVDaBNE_15103-15857,125,2,1058.047619047619,11.523809523809524,154.0,172.0,inside_visible,1061.6011666666666,383.09316666666666,1
ljahBVDaBNE_15103-15857,125,3,592.0,75.0,200.0,195.0,inside_visible,67.52800000000002,313.07,1
ljahBVDaBNE_15103-15857,126,1,1485.625,11.375,235.0,269.0,inside_visible,1194.9453823529411,926.6801470588236,0
ljahBVDaBNE_15103-15857,126,2,1057.5238095238096,11.761904761904765,154.0,172.0,inside_visible,1059.675,386.651,1
ljahBVDaBNE_15103-15857,126,3,591.7948717948718,74.7948717948718,200.0,195.0,outside_frame,536.275,400.742,1
ljahBVDaBNE_15103-15857,127,1,1487.25,9.75,235.0,269.0,inside_visible,1194.9521764705885,926.8365294117648,0
ljahBVDaBNE_15103-15857,127,2,1057.0,12.0,154.0,172.0,inside_visible,1059.6907142857142,388.3554285714286,1
ljahBVDaBNE_15103-15857,127,3,591.5897435897435,74.58974358974359,200.0,195.0,outside_frame,535.7749090909091,399.3768787878788,1
ljahBVDaBNE_15103-15857,128,1,1488.875,8.125,235.0,269.0,inside_visible,1194.9589705882352,926.992911764706,0
ljahBVDaBNE_15103-15857,128,2,1057.3846153846157,12.846153846153848,154.0,172.0,inside_visible,1059.7064285714284,390.05985714285714,1
ljahBVDaBNE_15103-15857,128,3,591.3846153846154,74.38461538461539,200.0,195.0,outside_frame,535.2748181818182,398.0117575757576,1
ljahBVDaBNE_15103-15857,129,1,1490.5,6.5,235.0,269.0,inside_visible,1194.9657647058823,927.1492941176472,0
ljahBVDaBNE_15103-15857,129,2,1057.7692307692307,13.692307692307692,154.0,172.0,inside_visible,1059.722142857143,391.7642857142857,1
ljahBVDaBNE_15103-15857,129,3,591.1794871794872,74.17948717948718,200.0,195.0,outside_frame,534.7747272727272,396.6466363636364,1
ljahBVDaBNE_15103-15857,130,1,1492.125,4.875,235.0,269.0,inside_visible,1194.9725588235294,927.3056764705882,0
ljahBVDaBNE_15103-15857,130,2,1058.1538461538462,14.538461538461538,154.0,172.0,inside_visible,1059.7378571428571,393.4687142857143,1
ljahBVDaBNE_15103-15857,130,3,590.974358974359,73.97435897435898,200.0,195.0,outside_frame,534.2746363636363,395.2815151515152,1
ljahBVDaBNE_15103-15857,131,1,1493.75,3.25,235.0,269.0,inside_visible,1194.9793529411763,927.4620588235294,0
ljahBVDaBNE_15103-15857,131,2,1058.5384615384614,15.384615384615383,154.0,172.0,inside_visible,1059.7535714285714,395.17314285714286,1
ljahBVDaBNE_15103-15857,131,3,590.7692307692307,73.76923076923077,200.0,195.0,outside_frame,533.7745454545454,393.916393939394,1
ljahBVDaBNE_15103-15857,132,1,1495.375,1.625,235.0,269.0,inside_visible,1194.9861470588237,927.6184411764706,0
ljahBVDaBNE_15103-15857,132,2,1058.923076923077,16.23076923076923,154.0,172.0,inside_visible,1059.7692857142856,396.8775714285714,1
ljahBVDaBNE_15103-15857,132,3,590.5641025641025,73.56410256410257,200.0,195.0,outside_frame,533.2744545454545,392.5512727272728,1
ljahBVDaBNE_15103-15857,133,1,1497.0,0.0,235.0,269.0,inside_visible,1194.9929411764706,927.7748235294118,0
ljahBVDaBNE_15103-15857,133,2,1059.3076923076924,17.076923076923077,154.0,172.0,inside_visible,1059.785,398.582,1
ljahBVDaBNE_15103-15857,133,3,590.3589743589744,73.35897435897436,200.0,195.0,outside_frame,532.7743636363637,391.1861515151516,1
ljahBVDaBNE_15103-15857,134,1,1500.1666666666667,0.0,235.0,269.0,inside_visible,1194.9997352941175,927.931205882353,0
ljahBVDaBNE_15103-15857,134,2,1059.6923076923076,17.923076923076923,154.0,172.0,inside_visible,1059.8007142857143,400.2864285714286,1
ljahBVDaBNE_15103-15857,134,3,590.1538461538462,73.15384615384616,200.0,195.0,outside_frame,532.2742727272728,389.8210303030303,1
ljahBVDaBNE_15103-15857,135,1,1503.3333333333333,0.0,235.0,269.0,inside_visible,1195.0065294117646,928.087588235294,0
ljahBVDaBNE_15103-15857,135,2,1060.076923076923,18.76923076923077,154.0,172.0,inside_visible,1059.8164285714286,401.9908571428571,1
ljahBVDaBNE_15103-15857,135,3,589.9487179487179,72.94871794871796,200.0,195.0,outside_frame,531.7741818181818,388.4559090909091,1
ljahBVDaBNE_15103-15857,136,1,1506.5,0.0,235.0,269.0,inside_visible,1195.0133235294118,928.2439705882354,0
ljahBVDaBNE_15103-15857,136,2,1060.4615384615386,19.615384615384613,154.0,172.0,inside_visible,1059.8321428571428,403.6952857142857,1
ljahBVDaBNE_15103-15857,136,3,589.7435897435897,72.74358974358974,200.0,195.0,outside_frame,531.2740909090909,387.0907878787879,1
ljahBVDaBNE_15103-15857,137,1,1509.6666666666667,0.0,235.0,269.0,inside_visible,1195.020117647059,928.4003529411764,0
ljahBVDaBNE_15103-15857,137,2,1060.8461538461538,20.46153846153846,154.0,172.0,inside_visible,1059.847857142857,405.3997142857143,1
ljahBVDaBNE_15103-15857,137,3,589.5384615384615,72.53846153846153,200.0,195.0,outside_frame,530.774,385.72566666666665,1
ljahBVDaBNE_15103-15857,138,1,1512.8333333333333,0.0,235.0,269.0,inside_visible,1195.0269117647058,928.5567352941176,0
ljahBVDaBNE_15103-15857,138,2,1061.2307692307693,21.307692307692307,154.0,172.0,inside_visible,1059.8635714285715,407.1041428571429,1
ljahBVDaBNE_15103-15857,138,3,589.3333333333334,72.33333333333333,200.0,195.0,outside_frame,530.2739090909091,384.36054545454544,1
ljahBVDaBNE_15103-15857,139,1,1516.0,0.0,235.0,269.0,inside_visible,1195.033705882353,928.7131176470588,0
ljahBVDaBNE_15103-15857,139,2,1061.6153846153843,22.153846153846157,154.0,172.0,inside_visible,1059.8792857142855,408.8085714285714,1
ljahBVDaBNE_15103-15857,139,3,589.1282051282051,72.12820512820512,200.0,195.0,outside_frame,529.7738181818182,382.9954242424242,1
ljahBVDaBNE_15103-15857,140,1,1522.0,0.0,235.0,269.0,inside_visible,1195.0405,928.8695,0
ljahBVDaBNE_15103-15857,140,2,1062.0,23.0,154.0,172.0,inside_visible,1059.895,410.513,1
ljahBVDaBNE_15103-15857,140,3,588.9230769230769,71.92307692307692,200.0,195.0,outside_frame,529.2737272727272,381.630303030303,1
ljahBVDaBNE_15103-15857,141,1,1528.0,0.0,235.0,269.0,inside_visible,1195.047294117647,929.0258823529412,0
ljahBVDaBNE_15103-15857,141,2,1062.1486486486488,23.027027027027028,154.0,172.0,inside_visible,1060.2802857142858,406.27542857142856,1
ljahBVDaBNE_15103-15857,141,3,588.7179487179487,71.71794871794872,200.0,195.0,outside_frame,528.7736363636363,380.2651818181818,1
ljahBVDaBNE_15103-15857,142,1,1534.0,0.0,235.0,269.0,inside_visible,1195.054088235294,929.1822647058824,0
ljahBVDaBNE_15103-15857,142,2,1062.2972972972973,23.054054054054053,154.0,172.0,inside_visible,1060.6655714285714,402.0378571428572,1
ljahBVDaBNE_15103-15857,142,3,588.5128205128206,71.51282051282051,200.0,195.0,outside_frame,528.2735454545455,378.9000606060606,1
ljahBVDaBNE_15103-15857,143,1,1540.0,0.0,235.0,269.0,inside_visible,1195.0608823529412,929.3386470588237,0
ljahBVDaBNE_15103-15857,143,2,1062.445945945946,23.08108108108108,154.0,172.0,inside_visible,1061.0508571428572,397.80028571428574,1
ljahBVDaBNE_15103-15857,143,3,588.3076923076923,71.3076923076923,200.0,195.0,outside_frame,527.7734545454546,377.5349393939394,1
ljahBVDaBNE_15103-15857,144,1,1546.0,0.0,235.0,269.0,inside_visible,1195.067676470588,929.4950294117648,0
ljahBVDaBNE_15103-15857,144,2,1062.5945945945946,23.10810810810811,154.0,172.0,inside_visible,1061.4361428571428,393.5627142857143,1
ljahBVDaBNE_15103-15857,144,3,588.1025641025641,71.1025641025641,200.0,195.0,outside_frame,527.2733636363637,376.1698181818182,1
ljahBVDaBNE_15103-15857,145,1,1546.0,0.0,235.0,258.0,inside_visible,1195.0744705882353,929.651411764706,0
ljahBVDaBNE_15103-15857,145,2,1062.7432432432431,23.135135135135137,154.0,172.0,inside_visible,1061.821428571429,389.3251428571429,1
ljahBVDaBNE_15103-15857,145,3,587.8974358974359,70.8974358974359,200.0,195.0,outside_frame,526.7732727272728,374.804696969697,1
ljahBVDaBNE_15103-15857,146,1,1546.0,0.0,235.0,253.66666666666663,inside_visible,1195.0812647058824,929.8077941176472,0
ljahBVDaBNE_15103-15857,146,2,1062.891891891892,23.16216216216216,154.0,172.0,inside_visible,1062.2067142857145,385.0875714285714,1
ljahBVDaBNE_15103-15857,146,3,587.6923076923077,70.6923076923077,200.0,195.0,outside_frame,526.2731818181818,373.43957575757577,1
ljahBVDaBNE_15103-15857,147,1,1546.0,0.0,235.0,249.33333333333331,inside_visible,1195.0880588235293,929.9641764705882,0
ljahBVDaBNE_15103-15857,147,2,1063.0405405405406,23.18918918918919,154.0,172.0,inside_visible,1062.592,380.85,1
ljahBVDaBNE_15103-15857,147,3,587.4871794871794,70.48717948717949,200.0,195.0,outside_frame,525.7730909090909,372.07445454545456,1
ljahBVDaBNE_15103-15857,148,1,1546.0,0.0,235.0,245.0,inside_visible,1195.0948529411764,930.1205588235294,0
ljahBVDaBNE_15103-15857,148,2,1063.1891891891892,23.216216216216218,154.0,172.0,inside_visible,1064.6145,374.1085000000001,1
ljahBVDaBNE_15103-15857,148,3,587.2820512820513,70.28205128205128,200.0,195.0,outside_frame,525.273,370.70933333333335,1
ljahBVDaBNE_15103-15857,149,1,1549.6666666666667,0.0,235.0,245.0,inside_visible,1195.1016470588236,930.2769411764706,0
ljahBVDaBNE_15103-15857,149,2,1063.337837837838,23.24324324324324,154.0,172.0,inside_visible,1066.6370000000002,367.367,1
ljahBVDaBNE_15103-15857,149,3,587.0769230769231,70.07692307692308,200.0,195.0,outside_frame,524.7729090909091,369.34421212121214,1
ljahBVDaBNE_15103-15857,150,1,1553.3333333333333,0.0,235.0,245.0,inside_visible,1195.1084411764705,930.4333235294118,0
ljahBVDaBNE_15103-15857,150,2,1063.4864864864865,23.27027027027027,154.0,172.0,inside_visible,1068.6595,360.6255,1
ljahBVDaBNE_15103-15857,150,3,586.8717948717949,69.87179487179488,200.0,195.0,outside_frame,524.2728181818183,367.9790909090909,1
ljahBVDaBNE_15103-15857,151,1,1557.0,0.0,235.0,245.0,inside_visible,1195.1152352941176,930.589705882353,0
ljahBVDaBNE_15103-15857,151,2,1063.6351351351352,23.2972972972973,154.0,172.0,inside_visible,1070.682,353.884,1
ljahBVDaBNE_15103-15857,151,3,586.6666666666666,69.66666666666667,200.0,195.0,outside_frame,523.7727272727273,366.61396969696966,1
ljahBVDaBNE_15103-15857,152,1,1560.6666666666667,0.0,235.0,245.0,inside_visible,1195.1220294117647,930.746088235294,0
ljahBVDaBNE_15103-15857,152,2,1063.7837837837835,23.324324324324323,154.0,172.0,inside_visible,1077.873,338.603,1
ljahBVDaBNE_15103-15857,152,3,586.4615384615385,69.46153846153847,200.0,195.0,outside_frame,523.2726363636364,365.2488484848485,1
ljahBVDaBNE_15103-15857,153,1,1564.3333333333333,0.0,235.0,245.0,inside_visible,1195.1288235294116,930.9024705882354,0
ljahBVDaBNE_15103-15857,153,2,1063.9324324324325,23.35135135135135,154.0,172.0,inside_visible,1085.064,323.322,1
ljahBVDaBNE_15103-15857,153,3,586.2564102564103,69.25641025641026,200.0,195.0,outside_frame,522.7725454545455,363.8837272727272,1
ljahBVDaBNE_15103-15857,154,1,1568.0,0.0,235.0,245.0,inside_visible,1195.1356176470588,931.0588529411764,0
ljahBVDaBNE_15103-15857,154,2,1064.081081081081,23.37837837837838,154.0,172.0,inside_visible,1092.255,308.041,1
ljahBVDaBNE_15103-15857,154,3,586.0512820512821,69.05128205128204,200.0,195.0,outside_frame,522.2724545454546,362.518606060606,1
ljahBVDaBNE_15103-15857,155,1,1568.0,0.0,235.0,244.0,inside_visible,1195.142411764706,931.2152352941176,0
ljahBVDaBNE_15103-15857,155,2,1064.2297297297298,23.405405405405407,154.0,172.0,inside_visible,1100.345,301.2995,1
ljahBVDaBNE_15103-15857,155,3,585.8461538461538,68.84615384615384,200.0,195.00000000000003,outside_frame,521.7723636363637,361.1534848484848,1
ljahBVDaBNE_15103-15857,156,1,1568.0,0.0,235.0,243.0,inside_visible,1195.1492058823528,931.3716176470588,0
ljahBVDaBNE_15103-15857,156,2,1064.3783783783783,23.43243243243243,154.0,172.0,inside_visible,1108.435,294.558,1
ljahBVDaBNE_15103-15857,156,3,585.6410256410256,68.64102564102564,200.0,195.0,outside_frame,521.2722727272728,359.7883636363636,1
ljahBVDaBNE_15103-15857,157,1,1568.0,0.0,235.0,242.0,inside_visible,1195.156,931.528,0
ljahBVDaBNE_15103-15857,157,2,1064.527027027027,23.45945945945946,154.0,172.0,inside_visible,1116.525,287.8165,1
ljahBVDaBNE_15103-15857,157,3,585.4358974358975,68.43589743589743,200.0,195.00000000000003,outside_frame,520.7721818181818,358.4232424242424,1
ljahBVDaBNE_15103-15857,158,1,1568.0,0.0,235.0,241.0,inside_visible,998.071,551.38,0
ljahBVDaBNE_15103-15857,158,2,1064.6756756756756,23.486486486486488,154.0,172.0,inside_visible,1124.615,281.075,1
ljahBVDaBNE_15103-15857,158,3,585.2307692307693,68.23076923076923,200.0,195.0,outside_frame,520.2720909090909,357.0581212121212,1
ljahBVDaBNE_15103-15857,159,1,1568.0,0.0,235.0,240.0,inside_visible,996.6333333333332,542.3987777777778,0
ljahBVDaBNE_15103-15857,159,2,1064.8243243243244,23.513513513513512,154.0,172.0,inside_visible,1123.6055,280.429875,1
ljahBVDaBNE_15103-15857,159,3,585.025641025641,68.02564102564102,200.0,195.00000000000003,outside_frame,519.772,355.693,1
ljahBVDaBNE_15103-15857,160,1,1568.0,0.0,235.0,239.0,inside_visible,995.1956666666666,533.4175555555555,0
ljahBVDaBNE_15103-15857,160,2,1064.972972972973,23.54054054054054,154.0,172.0,inside_visible,1122.596,279.78475,1
ljahBVDaBNE_15103-15857,160,3,584.8205128205128,67.82051282051282,200.0,195.0,inside_visible,513.4798333333333,347.15366666666665,1
ljahBVDaBNE_15103-15857,161,1,1568.0,0.0,235.0,238.0,inside_visible,993.758,524.4363333333333,0
ljahBVDaBNE_15103-15857,161,2,1065.1216216216217,23.56756756756757,154.0,172.0,inside_visible,1121.5865,279.139625,1
ljahBVDaBNE_15103-15857,161,3,584.6153846153846,67.61538461538461,200.0,195.00000000000003,inside_visible,507.1876666666667,338.6143333333333,1
ljahBVDaBNE_15103-15857,162,1,1568.0,0.0,235.0,237.0,inside_visible,992.3203333333332,515.4551111111111,0
ljahBVDaBNE_15103-15857,162,2,1065.2702702702702,23.594594594594597,154.0,172.0,inside_visible,1120.577,278.4945,1
ljahBVDaBNE_15103-15857,162,3,584.4102564102565,67.41025641025641,200.0,195.0,inside_visible,500.8955,330.075,1
ljahBVDaBNE_15103-15857,163,1,1568.5,0.0,235.0,236.16666666666663,gaze_shift,990.8826666666666,506.4738888888889,0
ljahBVDaBNE_15103-15857,163,2,1065.418918918919,23.62162162162162,154.0,172.0,inside_visible,1119.5675,277.849375,1
ljahBVDaBNE_15103-15857,163,3,584.2051282051282,67.2051282051282,200.0,195.00000000000003,inside_visible,494.60333333333335,321.53566666666666,1
ljahBVDaBNE_15103-15857,164,1,1569.0,0.0,235.0,235.33333333333331,gaze_shift,989.445,497.49266666666665,0
ljahBVDaBNE_15103-15857,164,2,1065.5675675675675,23.64864864864865,154.0,172.0,inside_visible,1118.558,277.20425,1
ljahBVDaBNE_15103-15857,164,3,584.0,67.0,200.0,195.0,inside_visible,488.3111666666667,312.9963333333333,1
ljahBVDaBNE_15103-15857,165,1,1569.5,0.0,235.0,234.5,gaze_shift,988.0073333333332,488.5114444444444,0
ljahBVDaBNE_15103-15857,165,2,1065.7162162162165,23.67567567567568,154.0,172.0,inside_visible,1117.5485,276.559125,1
ljahBVDaBNE_15103-15857,165,3,583.8888888888889,67.5925925925926,200.0,195.0,inside_visible,482.019,304.457,1
ljahBVDaBNE_15103-15857,166,1,1570.0,0.0,235.0,233.66666666666663,gaze_shift,986.5696666666666,479.5302222222222,0
ljahBVDaBNE_15103-15857,166,2,1065.8648648648648,23.7027027027027,154.0,172.0,inside_visible,1116.539,275.914,1
ljahBVDaBNE_15103-15857,166,3,583.7777777777778,68.18518518518519,200.0,195.0,inside_visible,469.88425,303.78275,1
ljahBVDaBNE_15103-15857,167,1,1570.5,0.0,235.0,232.83333333333331,gaze_shift,985.132,470.549,0
ljahBVDaBNE_15103-15857,167,2,1066.0135135135135,23.72972972972973,154.0,172.0,inside_visible,980.698,296.168,1
ljahBVDaBNE_15103-15857,167,3,583.6666666666666,68.77777777777777,200.0,195.0,inside_visible,457.7495,303.1085,1
ljahBVDaBNE_15103-15857,168,1,1571.0,0.0,235.0,232.0,inside_visible,944.743,344.714,0
ljahBVDaBNE_15103-15857,168,2,1066.162162162162,23.75675675675676,154.0,172.0,inside_visible,979.688,294.849,1
ljahBVDaBNE_15103-15857,168,3,583.5555555555555,69.37037037037037,200.0,195.0,inside_visible,445.61475,302.43425,1
ljahBVDaBNE_15103-15857,169,1,1570.25,0.0,235.0,231.25,inside_visible,936.722,340.434,0
ljahBVDaBNE_15103-15857,169,2,1066.3108108108108,23.783783783783782,154.0,172.0,inside_visible,985.959,287.327,1
ljahBVDaBNE_15103-15857,169,3,583.4444444444445,69.96296296296296,200.0,195.00000000000003,inside_visible,433.48,301.76,1
ljahBVDaBNE_15103-15857,170,1,1569.5,0.0,235.0,230.5,inside_visible,928.701,336.154,0
ljahBVDaBNE_15103-15857,170,2,1066.4594594594594,23.81081081081081,154.0,172.0,inside_visible,986.1015,292.676,1
ljahBVDaBNE_15103-15857,170,3,583.3333333333334,70.55555555555556,200.0,195.0,inside_visible,432.13175,312.5465,1
ljahBVDaBNE_15103-15857,171,1,1568.75,0.0,235.0,229.75,inside_visible,920.68,331.874,0
ljahBVDaBNE_15103-15857,171,2,1066.608108108108,23.83783783783784,154.0,172.0,inside_visible,986.244,298.025,1
ljahBVDaBNE_15103-15857,171,3,583.2222222222222,71.14814814814815,200.0,195.0,inside_visible,430.7835,323.333,1
ljahBVDaBNE_15103-15857,172,1,1568.0,0.0,235.0,229.0,inside_visible,912.659,327.594,0
ljahBVDaBNE_15103-15857,172,2,1066.7567567567569,23.864864864864863,154.0,172.0,inside_visible,990.12,308.041,1
ljahBVDaBNE_15103-15857,172,3,583.1111111111111,71.74074074074073,200.0,195.00000000000003,inside_visible,429.43525,334.1195,1
ljahBVDaBNE_15103-15857,173,1,1565.3333333333333,0.0,235.0,229.0,inside_visible,904.638,323.314,0
ljahBVDaBNE_15103-15857,173,2,1066.9054054054054,23.89189189189189,154.0,172.0,inside_visible,1002.0865,316.131,1
ljahBVDaBNE_15103-15857,173,3,583.0,72.33333333333333,200.0,195.0,inside_visible,428.087,344.906,1
ljahBVDaBNE_15103-15857,174,1,1562.6666666666667,0.0,235.0,229.0,inside_visible,896.617,319.034,0
ljahBVDaBNE_15103-15857,174,2,1067.054054054054,23.91891891891892,154.0,172.0,inside_visible,1014.053,324.221,1
ljahBVDaBNE_15103-15857,174,3,582.8888888888889,72.92592592592592,200.0,195.0,inside_visible,395.41266666666667,345.17566666666664,1
ljahBVDaBNE_15103-15857,175,1,1560.0,0.0,235.0,229.0,inside_visible,892.3794285714285,317.493,0
ljahBVDaBNE_15103-15857,175,2,1067.2027027027027,23.945945945945947,154.0,172.0,inside_visible,1006.8046666666668,324.17266666666666,1
ljahBVDaBNE_15103-15857,175,3,582.7777777777778,73.51851851851852,200.0,195.0,inside_visible,362.7383333333333,345.44533333333334,1
ljahBVDaBNE_15103-15857,176,1,1557.3333333333333,0.0,235.0,229.0,inside_visible,888.1418571428571,315.952,0
ljahBVDaBNE_15103-15857,176,2,1067.3513513513512,23.97297297297297,154.0,172.0,inside_visible,999.5563333333332,324.12433333333337,1
ljahBVDaBNE_15103-15857,176,3,582.6666666666666,74.11111111111111,200.0,195.0,inside_visible,330.064,345.715,1
ljahBVDaBNE_15103-15857,177,1,1554.6666666666667,0.0,235.0,229.0,inside_visible,883.9042857142857,314.411,0
ljahBVDaBNE_15103-15857,177,2,1067.5,24.0,154.0,172.0,inside_visible,992.308,324.076,1
ljahBVDaBNE_15103-15857,177,3,582.5555555555555,74.70370370370371,200.0,195.0,inside_visible,304.581,292.052,1
ljahBVDaBNE_15103-15857,178,1,1552.0,0.0,235.0,229.0,inside_visible,879.6667142857142,312.87,0
ljahBVDaBNE_15103-15857,178,2,1067.6486486486488,24.027027027027028,154.0,172.0,inside_visible,990.4410769230768,319.9273076923077,1
ljahBVDaBNE_15103-15857,178,3,582.4444444444445,75.29629629629629,200.0,195.0,inside_visible,304.042,312.546,1
ljahBVDaBNE_15103-15857,179,1,1553.25,0.0,235.0,229.0,inside_visible,875.4291428571428,311.329,0
ljahBVDaBNE_15103-15857,179,2,1067.7972972972973,24.054054054054053,154.0,172.0,inside_occluded,988.574153846154,315.7786153846154,1
ljahBVDaBNE_15103-15857,179,3,582.3333333333334,75.88888888888889,200.0,195.00000000000003,inside_visible,304.087,326.08666666666664,1
ljahBVDaBNE_15103-15857,180,1,1554.5,0.0,235.0,229.0,inside_visible,871.1915714285714,309.788,0
ljahBVDaBNE_15103-15857,180,2,1067.945945945946,24.08108108108108,154.0,172.0,inside_occluded,986.7072307692308,311.6299230769231,1
ljahBVDaBNE_15103-15857,180,3,582.2222222222222,76.48148148148148,200.0,195.0,inside_visible,304.132,339.6273333333333,1
ljahBVDaBNE_15103-15857,181,1,1555.75,0.0,235.0,229.0,inside_visible,866.954,308.247,0
ljahBVDaBNE_15103-15857,181,2,1068.0945945945946,24.10810810810811,154.0,172.0,inside_occluded,984.8403076923076,307.4812307692308,1
ljahBVDaBNE_15103-15857,181,3,582.1111111111111,77.07407407407408,200.0,195.0,inside_visible,304.177,353.168,1
ljahBVDaBNE_15103-15857,182,1,1557.0,0.0,235.0,229.0,inside_visible,865.8753333333333,300.157,0
ljahBVDaBNE_15103-15857,182,2,1068.2432432432431,24.135135135135137,154.0,172.0,inside_occluded,982.9733846153846,303.33253846153843,1
ljahBVDaBNE_15103-15857,182,3,582.0,77.66666666666667,200.0,195.0,inside_visible,307.7726666666667,365.75233333333335,1
ljahBVDaBNE_15103-15857,183,1,1558.2222222222222,0.0,235.0,229.0,inside_visible,864.7966666666666,292.067,0
ljahBVDaBNE_15103-15857,183,2,1068.391891891892,24.16216216216216,154.0,172.0,inside_occluded,981.1064615384616,299.18384615384616,1
ljahBVDaBNE_15103-15857,183,3,581.8888888888889,78.25925925925927,200.0,195.0,inside_visible,311.36833333333334,378.3366666666666,1
ljahBVDaBNE_15103-15857,184,1,1559.4444444444443,0.0,235.0,229.0,inside_visible,863.718,283.977,0
ljahBVDaBNE_15103-15857,184,2,1068.5405405405406,24.18918918918919,154.0,172.0,inside_occluded,979.2395384615384,295.03515384615383,1
ljahBVDaBNE_15103-15857,184,3,581.7777777777778,78.85185185185185,200.0,195.0,inside_visible,314.964,390.921,1
ljahBVDaBNE_15103-15857,185,1,1560.6666666666667,0.0,235.0,229.0,inside_visible,1397.92,180.157,0
ljahBVDaBNE_15103-15857,185,2,1068.6891891891892,24.216216216216218,154.0,172.0,inside_occluded,977.3726153846154,290.8864615384615,1
ljahBVDaBNE_15103-15857,185,3,581.6666666666666,79.44444444444444,200.0,195.0,inside_visible,333.8405,393.1685,1
ljahBVDaBNE_15103-15857,186,1,1561.888888888889,0.0,235.0,229.0,inside_visible,1430.55,181.505,0
ljahBVDaBNE_15103-15857,186,2,1068.837837837838,24.24324324324324,154.0,172.0,inside_occluded,975.5056923076924,286.73776923076923,1
ljahBVDaBNE_15103-15857,186,3,581.5555555555555,80.03703703703704,200.0,195.0,inside_visible,352.717,395.416,1
ljahBVDaBNE_15103-15857,187,1,1563.111111111111,0.0,235.0,229.0,inside_visible,1434.9060769230769,181.09015384615384,0
ljahBVDaBNE_15103-15857,187,2,1068.9864864864865,24.27027027027027,154.0,172.0,inside_occluded,973.6387692307692,282.5890769230769,1
ljahBVDaBNE_15103-15857,187,3,581.4444444444445,80.62962962962963,200.0,195.0,inside_visible,541.481,531.146,1
ljahBVDaBNE_15103-15857,188,1,1564.3333333333333,0.0,235.0,229.0,inside_visible,1439.2621538461538,180.67530769230768,0
ljahBVDaBNE_15103-15857,188,2,1069.1351351351352,24.2972972972973,154.0,172.0,inside_occluded,971.771846153846,278.4403846153846,1
ljahBVDaBNE_15103-15857,188,3,581.3333333333334,81.22222222222223,200.0,195.0,inside_visible,539.80025,540.34525,1
ljahBVDaBNE_15103-15857,189,1,1565.5555555555557,0.0,235.0,229.0,inside_visible,1443.6182307692306,180.26046153846156,0
ljahBVDaBNE_15103-15857,189,2,1069.2837837837835,24.324324324324323,154.0,172.0,inside_occluded,969.9049230769232,274.2916923076923,1
ljahBVDaBNE_15103-15857,189,3,581.2222222222222,81.81481481481481,200.0,195.00000000000003,inside_visible,538.1195,549.5445,1
ljahBVDaBNE_15103-15857,190,1,1566.7777777777778,0.0,235.0,229.0,inside_visible,1447.9743076923078,179.84561538461537,0
ljahBVDaBNE_15103-15857,190,2,1069.4324324324325,24.35135135135135,154.0,172.0,inside_occluded,968.038,270.143,1
ljahBVDaBNE_15103-15857,190,3,581.1111111111111,82.4074074074074,200.0,195.0,inside_visible,536.43875,558.74375,1
ljahBVDaBNE_15103-15857,191,1,1568.0,0.0,235.0,229.0,inside_visible,1452.330384615385,179.43076923076922,0
ljahBVDaBNE_15103-15857,191,2,1069.581081081081,24.37837837837838,154.0,172.0,inside_occluded,972.083,266.098,1
ljahBVDaBNE_15103-15857,191,3,581.0,83.0,200.0,195.0,inside_visible,534.758,567.943,1
ljahBVDaBNE_15103-15857,192,1,1568.0,0.0,235.0,228.56,inside_visible,1456.6864615384616,179.01592307692306,0
ljahBVDaBNE_15103-15857,192,2,1069.7297297297298,24.405405405405407,154.0,172.0,inside_visible,1132.532,283.626,1
ljahBVDaBNE_15103-15857,192,3,579.2857142857143,83.35714285714286,200.0,195.0,inside_visible,537.9040555555556,571.9879444444445,1
ljahBVDaBNE_15103-15857,193,1,1568.0,0.0,235.0,228.12,inside_visible,1461.0425384615385,178.60107692307693,0
ljahBVDaBNE_15103-15857,193,2,1069.8783783783783,24.43243243243243,154.0,172.0,inside_visible,1133.0993793103448,283.8490344827586,1
ljahBVDaBNE_15103-15857,193,3,577.5714285714286,83.71428571428571,200.0,195.0,inside_visible,541.0501111111112,576.0328888888889,1
ljahBVDaBNE_15103-15857,194,1,1568.0,0.0,235.0,227.68,inside_visible,1465.3986153846154,178.18623076923078,0
ljahBVDaBNE_15103-15857,194,2,1070.027027027027,24.45945945945946,154.0,172.0,inside_visible,1133.6667586206895,284.07206896551725,1
ljahBVDaBNE_15103-15857,194,3,575.8571428571429,84.07142857142857,200.0,195.0,inside_visible,544.1961666666667,580.0778333333333,1
ljahBVDaBNE_15103-15857,195,1,1568.0,0.0,235.0,227.24,inside_visible,1469.7546923076925,177.77138461538462,0
ljahBVDaBNE_15103-15857,195,2,1070.1756756756756,24.486486486486488,154.0,172.0,inside_visible,1134.2341379310344,284.2951034482758,1
ljahBVDaBNE_15103-15857,195,3,574.1428571428571,84.42857142857143,200.0,195.0,inside_visible,547.3422222222223,584.1227777777777,1
ljahBVDaBNE_15103-15857,196,1,1568.0,0.0,235.0,226.8,inside_visible,1474.1107692307694,177.35653846153846,0
ljahBVDaBNE_15103-15857,196,2,1070.3243243243244,24.513513513513512,154.0,172.0,inside_visible,1134.801517241379,284.51813793103446,1
ljahBVDaBNE_15103-15857,196,3,572.4285714285714,84.78571428571429,200.0,195.0,inside_visible,550.4882777777777,588.1677222222222,1
ljahBVDaBNE_15103-15857,197,1,1568.0,0.0,235.0,226.36,inside_visible,1478.4668461538463,176.9416923076923,0
ljahBVDaBNE_15103-15857,197,2,1070.472972972973,24.54054054054054,154.0,172.0,inside_visible,1135.368896551724,284.7411724137931,1
ljahBVDaBNE_15103-15857,197,3,570.7142857142857,85.14285714285714,200.0,195.00000000000003,inside_visible,553.6343333333333,592.2126666666667,1
ljahBVDaBNE_15103-15857,198,1,1568.0,0.0,235.0,225.92,inside_visible,1482.8229230769232,176.52684615384615,0
ljahBVDaBNE_15103-15857,198,2,1070.6216216216217,24.56756756756757,154.0,172.0,inside_visible,1135.936275862069,284.96420689655173,1
ljahBVDaBNE_15103-15857,198,3,569.0,85.5,200.0,195.0,inside_visible,556.7803888888889,596.257611111111,1
ljahBVDaBNE_15103-15857,199,1,1568.0,0.0,235.0,225.48,inside_visible,1487.179,176.112,0
ljahBVDaBNE_15103-15857,199,2,1070.7702702702702,24.594594594594597,154.0,172.0,inside_visible,1136.5036551724138,285.1872413793103,1
ljahBVDaBNE_15103-15857,199,3,567.2857142857143,85.85714285714286,200.0,195.0,inside_visible,559.9264444444444,600.3025555555555,1
ljahBVDaBNE_15103-15857,200,1,1568.0,0.0,235.0,225.04,inside_visible,1488.2100625,175.16025,0
ljahBVDaBNE_15103-15857,200,2,1070.918918918919,24.62162162162162,154.0,172.0,inside_visible,1137.0710344827587,285.41027586206894,1
ljahBVDaBNE_15103-15857,200,3,565.5714285714286,86.21428571428571,200.0,195.0,inside_visible,563.0725,604.3475,1
ljahBVDaBNE_15103-15857,201,1,1568.0,0.0,235.0,224.6,inside_visible,1489.241125,174.2085,0
ljahBVDaBNE_15103-15857,201,2,1071.0675675675675,24.64864864864865,154.0,172.0,inside_visible,1137.6384137931034,285.6333103448276,1
ljahBVDaBNE_15103-15857,201,3,563.8571428571429,86.57142857142857,200.0,195.0,inside_visible,566.2185555555556,608.3924444444444,1
ljahBVDaBNE_15103-15857,202,1,1568.0,0.0,235.0,224.16,inside_visible,1490.2721875,173.25674999999998,0
ljahBVDaBNE_15103-15857,202,2,1071.2162162162165,24.67567567567568,154.0,172.0,inside_visible,1138.2057931034485,285.8563448275862,1
ljahBVDaBNE_15103-15857,202,3,562.1428571428571,86.92857142857143,200.0,195.0,inside_visible,569.3646111111111,612.4373888888889,1
ljahBVDaBNE_15103-15857,203,1,1568.0,0.0,235.0,223.72,inside_visible,1491.30325,172.305,0
ljahBVDaBNE_15103-15857,203,2,1071.3648648648648,24.7027027027027,154.0,172.0,inside_visible,1138.7731724137932,286.0793793103448,1
ljahBVDaBNE_15103-15857,203,3,560.4285714285714,87.28571428571429,200.0,195.0,inside_visible,572.5106666666667,616.4823333333333,1
ljahBVDaBNE_15103-15857,204,1,1568.0,0.0,235.0,223.28,inside_visible,1492.3343125,171.35325,0
ljahBVDaBNE_15103-15857,204,2,1071.5135135135135,24.72972972972973,154.0,172.0,inside_visible,1139.340551724138,286.3024137931034,1
ljahBVDaBNE_15103-15857,204,3,558.7142857142857,87.64285714285714,200.0,195.00000000000003,inside_visible,575.6567222222222,620.5272777777777,1
ljahBVDaBNE_15103-15857,205,1,1568.0,0.0,235.0,222.84,inside_visible,1493.365375,170.4015,0
ljahBVDaBNE_15103-15857,205,2,1071.662162162162,24.75675675675676,154.0,172.0,inside_visible,1139.9079310344828,286.52544827586206,1
ljahBVDaBNE_15103-15857,205,3,557.0,88.0,200.0,195.0,inside_visible,578.8027777777777,624.5722222222222,1
ljahBVDaBNE_15103-15857,206,1,1568.0,0.0,235.0,222.4,inside_visible,1494.3964375,169.44975,0
ljahBVDaBNE_15103-15857,206,2,1071.8108108108108,24.783783783783782,154.0,172.0,inside_visible,1140.4753103448277,286.7484827586207,1
ljahBVDaBNE_15103-15857,206,3,557.0,87.26666666666667,200.0,195.0,inside_visible,581.9488333333333,628.6171666666667,1
ljahBVDaBNE_15103-15857,207,1,1568.0,0.0,235.0,221.96,inside_visible,1495.4275,168.498,0
ljahBVDaBNE_15103-15857,207,2,1071.9594594594594,24.81081081081081,154.0,172.0,inside_visible,1141.0426896551724,286.9715172413793,1
ljahBVDaBNE_15103-15857,207,3,557.0,86.53333333333333,200.0,195.00000000000003,inside_visible,585.0948888888888,632.662111111111,1
ljahBVDaBNE_15103-15857,208,1,1568.0,0.0,235.0,221.52,inside_visible,1496.4585625,167.54625,0
ljahBVDaBNE_15103-15857,208,2,1072.108108108108,24.83783783783784,154.0,172.0,inside_visible,1141.6100689655173,287.1945517241379,1
ljahBVDaBNE_15103-15857,208,3,557.0,85.8,200.0,195.0,inside_visible,588.2409444444444,636.7070555555555,1
ljahBVDaBNE_15103-15857,209,1,1568.0,0.0,235.0,221.08,inside_visible,1497.489625,166.59449999999998,0
ljahBVDaBNE_15103-15857,209,2,1072.2567567567569,24.864864864864863,154.0,172.0,inside_visible,1142.1774482758622,287.41758620689654,1
ljahBVDaBNE_15103-15857,209,3,557.0,85.06666666666666,200.0,195.0,inside_visible,591.387,640.752,1
ljahBVDaBNE_15103-15857,210,1,1568.0,0.0,235.0,220.64,inside_visible,1498.5206875,165.64274999999998,0
ljahBVDaBNE_15103-15857,210,2,1072.4054054054054,24.89189189189189,154.0,172.0,inside_visible,1142.7448275862068,287.6406206896552,1
ljahBVDaBNE_15103-15857,210,3,557.0,84.33333333333333,200.0,195.0,inside_visible,589.0076470588235,632.027588235294,1
ljahBVDaBNE_15103-15857,211,1,1568.0,0.0,235.0,220.2,inside_visible,1499.55175,164.69099999999997,0
ljahBVDaBNE_15103-15857,211,2,1072.554054054054,24.91891891891892,154.0,172.0,inside_visible,1143.3122068965515,287.86365517241376,1
ljahBVDaBNE_15103-15857,211,3,557.0,83.6,200.0,195.00000000000003,inside_visible,586.628294117647,623.3031764705881,1
ljahBVDaBNE_15103-15857,212,1,1568.0,0.0,235.0,219.76,inside_visible,1500.5828125,163.73925,0
ljahBVDaBNE_15103-15857,212,2,1072.7027027027027,24.945945945945947,154.0,172.0,inside_visible,1143.8795862068966,288.0866896551724,1
ljahBVDaBNE_15103-15857,212,3,557.0,82.86666666666666,200.0,195.0,inside_visible,584.2489411764706,614.5787647058823,1
ljahBVDaBNE_15103-15857,213,1,1568.0,0.0,235.0,219.32,inside_visible,1501.613875,162.7875,0
ljahBVDaBNE_15103-15857,213,2,1072.8513513513512,24.97297297297297,154.0,172.0,inside_visible,1144.446965517241,288.309724137931,1
ljahBVDaBNE_15103-15857,213,3,557.0,82.13333333333334,200.0,195.0,inside_visible,581.869588235294,605.8543529411764,1
ljahBVDaBNE_15103-15857,214,1,1568.0,0.0,235.0,218.88,inside_visible,1502.6449375,161.83575,0
ljahBVDaBNE_15103-15857,214,2,1073.0,25.0,154.0,172.0,inside_visible,1145.0143448275862,288.53275862068966,1
ljahBVDaBNE_15103-15857,214,3,557.0,81.4,200.0,195.0,inside_visible,579.4902352941176,597.1299411764705,1
ljahBVDaBNE_15103-15857,215,1,1568.0,0.0,235.0,218.44,inside_visible,1503.676,160.884,0
ljahBVDaBNE_15103-15857,215,2,1073.0,24.33333333333333,154.0,172.0,inside_visible,1145.5817241379311,288.75579310344824,1
ljahBVDaBNE_15103-15857,215,3,557.0,80.66666666666667,200.0,195.0,inside_visible,577.1108823529412,588.4055294117646,1
ljahBVDaBNE_15103-15857,216,1,1568.0,0.0,235.0,218.0,inside_visible,1619.314,297.46,0
ljahBVDaBNE_15103-15857,216,2,1073.0,23.666666666666668,154.0,172.0,inside_visible,1146.149103448276,288.9788275862069,1
ljahBVDaBNE_15103-15857,216,3,557.0,79.93333333333334,200.0,195.0,inside_visible,574.7315294117647,579.6811176470588,1
ljahBVDaBNE_15103-15857,217,1,1568.0,0.0,235.0,217.56,inside_visible,1618.08825,300.240375,0
ljahBVDaBNE_15103-15857,217,2,1073.0,23.0,154.0,172.0,inside_visible,1146.7164827586207,289.2018620689655,1
ljahBVDaBNE_15103-15857,217,3,557.0,79.2,200.0,195.0,inside_visible,572.3521764705882,570.9567058823529,1
ljahBVDaBNE_15103-15857,218,1,1568.0,0.0,235.0,217.12,inside_visible,1616.8625000000002,303.02075,0
ljahBVDaBNE_15103-15857,218,2,1073.0,22.33333333333333,154.0,172.0,inside_visible,1147.2838620689656,289.42489655172415,1
ljahBVDaBNE_15103-15857,218,3,557.0,78.46666666666667,200.0,195.0,inside_visible,569.9728235294117,562.232294117647,1
ljahBVDaBNE_15103-15857,219,1,1568.0,0.0,235.0,216.68,inside_visible,1615.63675,305.801125,0
ljahBVDaBNE_15103-15857,219,2,1073.0,21.666666666666668,154.0,172.0,inside_visible,1147.8512413793103,289.6479310344827,1
ljahBVDaBNE_15103-15857,219,3,557.0,77.73333333333333,200.0,195.0,inside_visible,567.5934705882353,553.5078823529411,1
ljahBVDaBNE_15103-15857,220,1,1568.0,0.0,235.0,216.24,inside_visible,1614.411,308.5815,0
ljahBVDaBNE_15103-15857,220,2,1073.0,21.0,154.0,172.0,inside_visible,1148.4186206896552,289.87096551724136,1
ljahBVDaBNE_15103-15857,220,3,557.0,77.0,200.0,195.0,inside_visible,565.2141176470587,544.7834705882353,1
ljahBVDaBNE_15103-15857,221,1,1568.0,0.0,235.0,215.8,inside_visible,1613.18525,311.361875,0
ljahBVDaBNE_15103-15857,221,2,1073.0,20.333333333333336,154.0,172.0,inside_visible,1148.986,290.094,1
ljahBVDaBNE_15103-15857,221,3,557.0,76.42857142857143,200.0,195.0,inside_visible,562.8347647058823,536.0590588235294,1
ljahBVDaBNE_15103-15857,222,1,1568.0,0.0,235.0,215.36,inside_visible,1611.9595,314.14225,0
ljahBVDaBNE_15103-15857,222,2,1073.0,19.666666666666668,154.0,172.0,inside_visible,1272.297,466.063,1
ljahBVDaBNE_15103-15857,222,3,557.0,75.85714285714286,200.0,195.0,inside_visible,560.4554117647059,527.3346470588235,1
ljahBVDaBNE_15103-15857,223,1,1568.0,0.0,235.0,214.92,inside_visible,1610.73375,316.922625,0
ljahBVDaBNE_15103-15857,223,2,1073.0,19.0,154.0,172.0,inside_visible,1272.155533333333,465.1036333333333,1
ljahBVDaBNE_15103-15857,223,3,557.0,75.28571428571429,200.0,195.0,inside_visible,558.0760588235294,518.6102352941176,1
ljahBVDaBNE_15103-15857,224,1,1568.0,0.0,235.0,214.48,inside_visible,1609.508,319.703,0
ljahBVDaBNE_15103-15857,224,2,1073.0,18.333333333333336,154.0,172.0,inside_visible,1272.0140666666666,464.1442666666667,1
ljahBVDaBNE_15103-15857,224,3,557.0,74.71428571428571,200.0,195.0,inside_visible,555.696705882353,509.88582352941177,1
ljahBVDaBNE_15103-15857,225,1,1568.0,0.0,235.0,214.04,inside_visible,1605.2704285714285,322.01442857142854,0
ljahBVDaBNE_15103-15857,225,2,1073.0,17.666666666666668,154.0,172.0,inside_visible,1271.8726,463.1849,1
ljahBVDaBNE_15103-15857,225,3,557.0,74.14285714285714,200.0,195.00000000000003,inside_visible,553.3173529411764,501.1614117647059,1
ljahBVDaBNE_15103-15857,226,1,1568.0,0.0,235.0,213.6,inside_visible,1601.0328571428572,324.3258571428571,0
ljahBVDaBNE_15103-15857,226,2,1073.0,17.0,154.0,172.0,inside_visible,1271.7311333333334,462.2255333333333,1
ljahBVDaBNE_15103-15857,226,3,557.0,73.57142857142857,200.0,195.0,inside_visible,550.938,492.437,1
ljahBVDaBNE_15103-15857,227,1,1568.0,0.0,235.0,213.16,inside_visible,1596.7952857142857,326.63728571428567,0
ljahBVDaBNE_15103-15857,227,2,1073.0,16.333333333333336,154.0,172.0,inside_visible,1271.5896666666667,461.26616666666666,1
ljahBVDaBNE_15103-15857,227,3,557.0,73.0,200.0,195.0,inside_visible,541.7246666666666,475.583,1
ljahBVDaBNE_15103-15857,228,1,1568.0,0.0,235.0,212.72,inside_visible,1592.5577142857144,328.9487142857143,0
ljahBVDaBNE_15103-15857,228,2,1073.0,15.666666666666668,154.0,172.0,inside_visible,1271.4482,460.3068,1
ljahBVDaBNE_15103-15857,228,3,557.0,72.42857142857143,200.0,195.0,inside_visible,532.5113333333334,458.729,1
ljahBVDaBNE_15103-15857,229,1,1568.0,0.0,235.0,212.28,inside_visible,1588.3201428571429,331.26014285714285,0
ljahBVDaBNE_15103-15857,229,2,1073.0,15.0,154.0,172.0,inside_visible,1271.306733333333,459.3474333333333,1
ljahBVDaBNE_15103-15857,229,3,557.0,71.85714285714286,200.0,195.0,inside_visible,523.298,441.875,1
ljahBVDaBNE_15103-15857,230,1,1568.0,0.0,235.0,211.84,inside_visible,1584.0825714285716,333.5715714285714,0
ljahBVDaBNE_15103-15857,230,2,1073.0,14.333333333333334,154.0,172.0,inside_visible,1271.1652666666666,458.38806666666665,1
ljahBVDaBNE_15103-15857,230,3,557.0,71.28571428571429,200.0,195.0,inside_visible,575.208,727.044,1
ljahBVDaBNE_15103-15857,231,1,1568.0,0.0,235.0,211.4,inside_visible,1579.845,335.883,0
ljahBVDaBNE_15103-15857,231,2,1073.0,13.666666666666666,154.0,172.0,inside_visible,1271.0238,457.4287,1
ljahBVDaBNE_15103-15857,231,3,557.0,70.71428571428571,200.0,195.0,inside_visible,580.601,732.438,1
ljahBVDaBNE_15103-15857,232,1,1568.0,0.0,235.0,210.96,inside_visible,1570.40675,337.9055,0
ljahBVDaBNE_15103-15857,232,2,1073.0,13.0,154.0,172.0,inside_visible,1270.8823333333337,456.4693333333333,1
ljahBVDaBNE_15103-15857,232,3,557.0,70.14285714285714,200.0,195.00000000000003,inside_visible,585.994,748.618,1
ljahBVDaBNE_15103-15857,233,1,1568.0,0.0,235.0,210.52,inside_visible,1560.9685,339.928,0
ljahBVDaBNE_15103-15857,233,2,1073.0,12.333333333333332,154.0,172.0,inside_visible,1270.7408666666668,455.5099666666666,1
ljahBVDaBNE_15103-15857,233,3,557.0,69.57142857142857,200.0,195.0,inside_visible,571.1625,728.393,1
ljahBVDaBNE_15103-15857,234,1,1568.0,0.0,235.0,210.08,inside_visible,1551.53025,341.95050000000003,0
ljahBVDaBNE_15103-15857,234,2,1073.0,11.666666666666668,154.0,172.0,inside_visible,1270.5994,454.5506,1
ljahBVDaBNE_15103-15857,234,3,557.0,69.0,200.0,195.0,inside_visible,556.331,708.168,1
ljahBVDaBNE_15103-15857,235,1,1568.0,0.0,235.0,209.64,inside_visible,1542.092,343.973,0
ljahBVDaBNE_15103-15857,235,2,1073.0,11.0,154.0,172.0,inside_visible,1270.4579333333334,453.5912333333333,1
ljahBVDaBNE_15103-15857,235,3,557.0,65.33333333333333,200.0,195.0,inside_visible,556.2676,709.2748,1
ljahBVDaBNE_15103-15857,236,1,1568.0,0.0,235.0,209.2,inside_visible,1531.3055,352.737,0
ljahBVDaBNE_15103-15857,236,2,1073.0,10.333333333333334,154.0,172.0,inside_visible,1270.3164666666669,452.63186666666667,1
ljahBVDaBNE_15103-15857,236,3,557.0,61.66666666666666,200.0,195.00000000000003,inside_visible,556.2042,710.3816,1
ljahBVDaBNE_15103-15857,237,1,1568.0,0.0,235.0,208.76,inside_visible,1520.519,361.501,0
ljahBVDaBNE_15103-15857,237,2,1073.0,9.666666666666666,154.0,172.0,inside_visible,1270.1750000000002,451.6725,1
ljahBVDaBNE_15103-15857,237,3,557.0,58.0,200.0,195.0,gaze_shift,556.1408,711.4884,1
ljahBVDaBNE_15103-15857,238,1,1568.0,0.0,235.0,208.32,inside_visible,1509.7325,370.265,0
ljahBVDaBNE_15103-15857,238,2,1073.0,9.0,154.0,172.0,inside_visible,1270.0335333333337,450.7131333333333,1
ljahBVDaBNE_15103-15857,238,3,555.6666666666666,58.5,200.0,195.0,gaze_shift,556.0774,712.5952,1
ljahBVDaBNE_15103-15857,239,1,1568.0,0.0,235.0,207.88,inside_visible,1498.946,379.029,0
ljahBVDaBNE_15103-15857,239,2,1073.0,8.333333333333332,154.0,172.0,inside_visible,1269.8920666666668,449.75376666666665,1
ljahBVDaBNE_15103-15857,239,3,554.3333333333334,59.0,200.0,195.0,gaze_shift,556.014,713.702,1
ljahBVDaBNE_15103-15857,240,1,1568.0,0.0,235.0,207.44,inside_visible,1484.1145,384.4225,0
ljahBVDaBNE_15103-15857,240,2,1073.0,7.666666666666668,154.0,172.0,inside_visible,1269.7506,448.7944,1
ljahBVDaBNE_15103-15857,240,3,553.0,59.5,200.0,195.0,inside_visible,178.486,228.309,1
ljahBVDaBNE_15103-15857,241,1,1568.0,0.0,235.0,207.0,inside_visible,1469.283,389.816,0
ljahBVDaBNE_15103-15857,241,2,1073.0,7.0,154.0,172.0,inside_visible,1269.6091333333334,447.8350333333333,1
ljahBVDaBNE_15103-15857,241,3,551.6666666666666,60.0,200.0,195.0,inside_visible,165.90166666666667,220.219,1
ljahBVDaBNE_15103-15857,242,1,1568.0,0.0,235.0,205.8571428571429,inside_visible,1454.4515,393.861,0
ljahBVDaBNE_15103-15857,242,2,1075.2857142857142,7.357142857142857,154.0,172.0,inside_visible,1269.467666666667,446.8756666666666,1
ljahBVDaBNE_15103-15857,242,3,550.3333333333334,60.5,200.0,195.0,inside_visible,153.31733333333332,212.129,1
ljahBVDaBNE_15103-15857,243,1,1568.0,0.0,235.0,204.7142857142857,inside_visible,1439.62,397.906,0
ljahBVDaBNE_15103-15857,243,2,1077.571428571429,7.714285714285714,154.0,172.0,inside_visible,1269.3262,445.9163,1
ljahBVDaBNE_15103-15857,243,3,549.0,61.0,200.0,195.0,inside_visible,140.733,204.039,1
ljahBVDaBNE_15103-15857,244,1,1568.0,0.0,235.0,203.57142857142856,inside_visible,1418.047,396.5575,0
ljahBVDaBNE_15103-15857,244,2,1079.857142857143,8.071428571428571,154.0,172.0,inside_visible,1269.1847333333335,444.9569333333333,1
ljahBVDaBNE_15103-15857,244,3,551.6666666666666,57.333333333333336,200.0,195.0,inside_visible,125.452,207.63466666666665,1
ljahBVDaBNE_15103-15857,245,1,1568.0,0.0,235.0,202.42857142857144,inside_visible,1396.474,395.209,0
ljahBVDaBNE_15103-15857,245,2,1082.142857142857,8.428571428571429,154.0,172.0,inside_visible,1269.0432666666668,443.9975666666666,1
ljahBVDaBNE_15103-15857,245,3,554.3333333333334,53.66666666666666,200.0,195.0,inside_visible,110.171,211.23033333333333,1
ljahBVDaBNE_15103-15857,246,1,1568.0,0.0,235.0,201.28571428571428,inside_visible,1404.564,385.771,0
ljahBVDaBNE_15103-15857,246,2,1084.428571428571,8.785714285714286,154.0,172.0,inside_visible,1268.9018,443.0382,1
ljahBVDaBNE_15103-15857,246,3,557.0,50.0,200.0,195.0,inside_visible,94.89,214.826,1
ljahBVDaBNE_15103-15857,247,1,1568.0,0.0,235.0,200.14285714285717,inside_visible,1412.654,376.333,0
ljahBVDaBNE_15103-15857,247,2,1086.7142857142858,9.142857142857142,154.0,172.0,inside_visible,1268.7603333333334,442.0788333333333,1
ljahBVDaBNE_15103-15857,247,3,559.6666666666666,46.333333333333336,200.0,195.0,inside_visible,96.238375,219.208,1
ljahBVDaBNE_15103-15857,248,1,1568.0,0.0,235.0,199.0,inside_visible,1411.30575,370.2655,0
ljahBVDaBNE_15103-15857,248,2,1089.0,9.5,154.0,172.0,inside_visible,1268.6188666666667,441.11946666666665,1
ljahBVDaBNE_15103-15857,248,3,562.3333333333334,42.66666666666666,200.0,195.0,inside_visible,97.58675,223.59,1
ljahBVDaBNE_15103-15857,249,1,1568.0,0.0,235.0,197.8571428571429,inside_visible,1409.9575,364.198,0
ljahBVDaBNE_15103-15857,249,2,1091.2857142857142,9.857142857142858,154.0,172.0,inside_visible,1268.4774000000002,440.1601,1
ljahBVDaBNE_15103-15857,249,3,565.0,39.0,200.0,195.0,inside_visible,98.935125,227.972,1
ljahBVDaBNE_15103-15857,250,1,1568.0,0.0,235.0,196.7142857142857,inside_visible,1408.60925,358.1305,0
ljahBVDaBNE_15103-15857,250,2,1093.571428571429,10.214285714285715,154.0,172.0,inside_visible,1268.3359333333335,439.2007333333333,1
ljahBVDaBNE_15103-15857,250,3,564.4666666666667,38.66666666666666,200.0,195.0,inside_visible,100.2835,232.354,1
ljahBVDaBNE_15103-15857,251,1,1568.0,0.0,235.0,195.57142857142856,inside_visible,1407.261,352.063,0
ljahBVDaBNE_15103-15857,251,2,1095.857142857143,10.571428571428571,154.0,172.0,inside_visible,1268.1944666666668,438.2413666666666,1
ljahBVDaBNE_15103-15857,251,3,563.9333333333333,38.333333333333336,200.0,195.0,inside_visible,101.631875,236.736,1
ljahBVDaBNE_15103-15857,252,1,1568.0,0.0,235.0,194.42857142857144,inside_visible,1396.474,335.883,0
ljahBVDaBNE_15103-15857,252,2,1098.142857142857,10.928571428571429,154.0,172.0,inside_visible,1268.053,437.282,1
ljahBVDaBNE_15103-15857,252,3,563.4,38.0,200.0,195.0,inside_visible,102.98025,241.118,1
ljahBVDaBNE_15103-15857,253,1,1568.0,0.0,235.0,193.28571428571428,inside_visible,1395.5750833333332,335.43358333333333,0
ljahBVDaBNE_15103-15857,253,2,1100.428571428571,11.285714285714285,154.0,172.0,inside_visible,1269.4612222222224,433.1771111111111,1
ljahBVDaBNE_15103-15857,253,3,562.8666666666667,37.66666666666666,200.0,195.0,inside_visible,104.328625,245.5,1
ljahBVDaBNE_15103-15857,254,1,1568.0,0.0,235.0,192.14285714285717,inside_visible,1394.6761666666666,334.9841666666666,0
ljahBVDaBNE_15103-15857,254,2,1102.7142857142858,11.642857142857142,154.0,172.0,inside_visible,1270.8694444444443,429.0722222222222,1
ljahBVDaBNE_15103-15857,254,3,562.3333333333334,37.333333333333336,200.0,195.0,inside_visible,105.677,249.882,1
ljahBVDaBNE_15103-15857,255,1,1568.0,0.0,235.0,191.0,inside_visible,1393.77725,334.53475,0
ljahBVDaBNE_15103-15857,255,2,1105.0,12.0,154.0,172.0,inside_visible,1272.2776666666668,424.9673333333333,1
ljahBVDaBNE_15103-15857,255,3,561.8,37.0,200.0,195.0,inside_visible,102.98025,259.32025,1
ljahBVDaBNE_15103-15857,256,1,1565.4,0.0,235.0,191.0,inside_visible,1392.878333333333,334.0853333333333,0
ljahBVDaBNE_15103-15857,256,2,1105.0,11.0,154.0,172.0,inside_visible,1273.685888888889,420.86244444444446,1
ljahBVDaBNE_15103-15857,256,3,561.2666666666667,36.66666666666666,200.0,195.0,inside_visible,100.2835,268.7585,1
ljahBVDaBNE_15103-15857,257,1,1562.8,0.0,235.0,191.0,inside_visible,1391.9794166666666,333.6359166666667,0
ljahBVDaBNE_15103-15857,257,2,1105.0,10.0,154.0,172.0,inside_visible,1275.0941111111113,416.75755555555554,1
ljahBVDaBNE_15103-15857,257,3,560.7333333333333,36.333333333333336,200.0,195.0,inside_visible,97.58675,278.19675,1
ljahBVDaBNE_15103-15857,258,1,1560.2,0.0,235.0,191.0,inside_visible,1391.0805,333.1865,0
ljahBVDaBNE_15103-15857,258,2,1105.0,9.0,154.0,172.0,inside_visible,1276.5023333333334,412.6526666666667,1
ljahBVDaBNE_15103-15857,258,3,560.2,36.0,200.0,195.0,inside_visible,94.89,287.635,1
ljahBVDaBNE_15103-15857,259,1,1557.6,0.0,235.0,191.0,inside_visible,1390.1815833333333,332.7370833333333,0
ljahBVDaBNE_15103-15857,259,2,1105.0,8.0,154.0,172.0,inside_visible,1277.9105555555557,408.5477777777778,1
ljahBVDaBNE_15103-15857,259,3,559.6666666666666,35.666666666666664,200.0,195.0,inside_visible,104.77766666666668,270.5563333333333,1
ljahBVDaBNE_15103-15857,260,1,1555.0,0.0,235.0,191.0,inside_visible,1389.2826666666665,332.28766666666667,0
ljahBVDaBNE_15103-15857,260,2,1105.0,7.0,154.0,172.0,inside_visible,1279.3187777777778,404.4428888888889,1
ljahBVDaBNE_15103-15857,260,3,559.1333333333333,35.333333333333336,200.0,195.0,inside_visible,114.66533333333334,253.47766666666664,1
ljahBVDaBNE_15103-15857,261,1,1555.0,0.0,235.0,189.0,inside_visible,1388.38375,331.83825,0
ljahBVDaBNE_15103-15857,261,2,1105.0,6.0,154.0,172.0,inside_visible,1280.727,400.338,1
ljahBVDaBNE_15103-15857,261,3,558.6,35.0,200.0,195.0,inside_visible,124.553,236.399,1
ljahBVDaBNE_15103-15857,262,1,1555.0,0.0,235.0,187.0,inside_visible,1387.4848333333332,331.3888333333333,0
ljahBVDaBNE_15103-15857,262,2,1105.0,5.0,154.0,172.0,inside_visible,1168.278,429.192,1
ljahBVDaBNE_15103-15857,262,3,558.0666666666667,34.666666666666664,200.0,195.0,inside_visible,134.4406666666667,219.3203333333333,1
ljahBVDaBNE_15103-15857,263,1,1555.0,0.0,235.0,185.0,inside_visible,1386.585916666667,330.93941666666666,0
ljahBVDaBNE_15103-15857,263,2,1105.0,4.0,154.0,172.0,inside_visible,1150.4526666666666,430.052,1
ljahBVDaBNE_15103-15857,263,3,557.5333333333333,34.333333333333336,200.0,195.0,inside_visible,144.32833333333335,202.24166666666667,1
ljahBVDaBNE_15103-15857,264,1,1555.0,0.0,235.0,183.0,inside_visible,1385.687,330.49,0
ljahBVDaBNE_15103-15857,264,2,1105.0,3.0,154.0,172.0,inside_visible,1132.6273333333334,430.912,1
ljahBVDaBNE_15103-15857,264,3,557.0,34.0,200.0,195.0,inside_visible,154.216,185.163,1
ljahBVDaBNE_15103-15857,265,1,1555.0,0.0,235.0,181.0,inside_visible,1386.7422173913042,329.5520434782609,0
ljahBVDaBNE_15103-15857,265,2,1105.0,2.0,154.0,172.0,inside_visible,1114.802,431.772,1
ljahBVDaBNE_15103-15857,265,3,557.0,32.0,200.0,195.0,inside_visible,141.407,181.79225,1
ljahBVDaBNE_15103-15857,266,1,1555.0,0.0,235.0,179.0,inside_visible,1387.797434782609,328.61408695652176,0
ljahBVDaBNE_15103-15857,266,2,1105.0,1.0,154.0,172.0,inside_visible,1050.083,461.435,1
ljahBVDaBNE_15103-15857,266,3,557.0,30.0,200.0,195.0,inside_visible,128.598,178.4215,1
ljahBVDaBNE_15103-15857,267,1,1555.0,0.0,235.0,177.0,inside_visible,1388.852652173913,327.67613043478264,0
ljahBVDaBNE_15103-15857,267,2,1105.5882352941176,1.5294117647058822,154.0,172.0,inside_visible,1046.4873333333337,452.4463333333333,1
ljahBVDaBNE_15103-15857,267,3,557.0,28.0,200.0,195.0,inside_visible,115.789,175.05075,1
ljahBVDaBNE_15103-15857,268,1,1555.0,0.0,235.0,175.0,inside_visible,1389.9078695652174,326.73817391304345,0
ljahBVDaBNE_15103-15857,268,2,1106.1764705882354,2.0588235294117645,154.0,172.0,inside_visible,1042.8916666666669,443.4576666666667,1
ljahBVDaBNE_15103-15857,268,3,557.0,26.0,200.0,195.0,inside_visible,102.98,171.68,1
ljahBVDaBNE_15103-15857,269,1,1555.0,0.0,235.0,173.0,inside_visible,1390.9630869565217,325.8002173913044,0
ljahBVDaBNE_15103-15857,269,2,1106.764705882353,2.588235294117647,154.0,172.0,inside_visible,1039.296,434.469,1
ljahBVDaBNE_15103-15857,269,3,557.3823529411765,25.91176470588235,200.0,195.0,inside_visible,178.4855,163.59,1
ljahBVDaBNE_15103-15857,270,1,1555.0,0.0,235.0,171.0,inside_visible,1392.018304347826,324.8622608695652,0
ljahBVDaBNE_15103-15857,270,2,1107.3529411764705,3.117647058823529,154.0,172.0,inside_visible,1045.0486666666668,432.806,1
ljahBVDaBNE_15103-15857,270,3,557.7647058823529,25.823529411764707,200.0,195.0,inside_visible,253.99100000000004,155.5,1
ljahBVDaBNE_15103-15857,271,1,1555.0,0.0,235.0,169.0,inside_visible,1393.0735217391305,323.9243043478261,0
ljahBVDaBNE_15103-15857,271,2,1107.9411764705883,3.647058823529412,154.0,172.0,inside_visible,1050.801333333333,431.143,1
ljahBVDaBNE_15103-15857,271,3,558.1470588235294,25.735294117647054,200.0,195.0,inside_visible,276.9125,155.5,1
ljahBVDaBNE_15103-15857,272,1,1555.0,0.0,235.0,167.0,inside_visible,1394.1287391304347,322.98634782608696,0
ljahBVDaBNE_15103-15857,272,2,1108.529411764706,4.176470588235294,154.0,172.0,inside_visible,1056.554,429.48,1
ljahBVDaBNE_15103-15857,272,3,558.5294117647059,25.647058823529413,200.0,195.0,inside_visible,299.834,155.5,1
ljahBVDaBNE_15103-15857,273,1,1556.571428571429,0.0,235.0,167.0,inside_visible,1395.1839565217392,322.04839130434783,0
ljahBVDaBNE_15103-15857,273,2,1109.1176470588234,4.705882352941176,154.0,172.0,inside_visible,1174.667,418.829,1
ljahBVDaBNE_15103-15857,273,3,558.9117647058823,25.558823529411764,200.0,195.0,inside_visible,324.10366666666664,169.882,1
ljahBVDaBNE_15103-15857,274,1,1558.142857142857,0.0,235.0,167.0,inside_visible,1396.2391739130435,321.1104347826087,0
ljahBVDaBNE_15103-15857,274,2,1109.7058823529412,5.235294117647059,154.0,172.0,inside_visible,1163.341,410.199,1
ljahBVDaBNE_15103-15857,274,3,559.2941176470588,25.47058823529412,200.0,195.0,inside_visible,348.37333333333333,184.264,1
ljahBVDaBNE_15103-15857,275,1,1559.7142857142858,0.0,235.0,167.0,inside_visible,1397.2943913043478,320.1724782608696,0
ljahBVDaBNE_15103-15857,275,2,1110.2941176470588,5.764705882352941,154.0,172.0,inside_visible,1166.1699999999998,411.301,1
ljahBVDaBNE_15103-15857,275,3,559.6764705882352,25.38235294117647,200.0,195.0,inside_visible,372.643,198.646,1
ljahBVDaBNE_15103-15857,276,1,1561.2857142857142,0.0,235.0,167.0,inside_visible,1398.3496086956525,319.2345217391304,0
ljahBVDaBNE_15103-15857,276,2,1110.8823529411766,6.294117647058823,154.0,172.0,inside_visible,1168.999,412.403,1
ljahBVDaBNE_15103-15857,276,3,560.0588235294117,25.294117647058822,200.0,195.0,inside_visible,396.913,257.972,1
ljahBVDaBNE_15103-15857,277,1,1562.857142857143,0.0,235.0,167.0,inside_visible,1399.4048260869563,318.2965652173913,0
ljahBVDaBNE_15103-15857,277,2,1111.470588235294,6.8235294117647065,154.0,172.0,inside_visible,1171.828,413.505,1
ljahBVDaBNE_15103-15857,277,3,560.4411764705883,25.205882352941178,200.0,195.0,inside_visible,402.643375,259.657375,1
ljahBVDaBNE_15103-15857,278,1,1564.428571428571,0.0,235.0,167.0,inside_visible,1400.4600434782608,317.3586086956521,0
ljahBVDaBNE_15103-15857,278,2,1112.0588235294117,7.352941176470589,154.0,172.0,inside_visible,1174.6570000000002,414.607,1
ljahBVDaBNE_15103-15857,278,3,560.8235294117648,25.11764705882353,200.0,195.0,inside_visible,408.37375,261.34275,1
ljahBVDaBNE_15103-15857,279,1,1566.0,0.0,235.0,167.0,inside_visible,1401.5152608695653,316.420652173913,0
ljahBVDaBNE_15103-15857,279,2,1112.6470588235295,7.88235294117647,154.0,172.0,inside_visible,1177.486,415.709,1
ljahBVDaBNE_15103-15857,279,3,561.2058823529412,25.029411764705884,200.0,195.0,inside_visible,414.104125,263.028125,1
ljahBVDaBNE_15103-15857,280,1,1567.571428571429,0.0,235.0,167.0,inside_visible,1402.5704782608695,315.4826956521739,0
ljahBVDaBNE_15103-15857,280,2,1113.235294117647,8.411764705882351,154.0,172.0,inside_visible,1174.3824000000002,416.2716,1
ljahBVDaBNE_15103-15857,280,3,561.5882352941177,24.94117647058824,200.0,195.0,inside_visible,419.8345,264.71349999999995,1
ljahBVDaBNE_15103-15857,281,1,1569.142857142857,0.0,235.0,167.0,inside_visible,1403.625695652174,314.5447391304348,0
ljahBVDaBNE_15103-15857,281,2,1113.8235294117646,8.941176470588236,154.0,172.0,inside_visible,1171.2788,416.8342,1
ljahBVDaBNE_15103-15857,281,3,561.9705882352941,24.852941176470587,200.0,195.0,inside_visible,425.564875,266.398875,1
ljahBVDaBNE_15103-15857,282,1,1570.7142857142858,0.0,235.0,167.0,inside_visible,1404.6809130434783,313.60678260869565,0
ljahBVDaBNE_15103-15857,282,2,1114.4117647058824,9.470588235294118,154.0,172.0,inside_visible,1168.1752,417.3968,1
ljahBVDaBNE_15103-15857,282,3,562.3529411764706,24.764705882352946,200.0,195.0,inside_visible,431.29525,268.08425,1
ljahBVDaBNE_15103-15857,283,1,1572.2857142857142,0.0,235.0,167.0,inside_visible,1405.7361304347826,312.6688260869565,0
ljahBVDaBNE_15103-15857,283,2,1115.0,10.0,154.0,172.0,inside_visible,1165.0716,417.9594,1
ljahBVDaBNE_15103-15857,283,3,562.7352941176471,24.676470588235293,200.0,195.0,inside_visible,437.025625,269.769625,1
ljahBVDaBNE_15103-15857,284,1,1573.857142857143,0.0,235.0,167.0,inside_visible,1406.791347826087,311.73086956521735,0
ljahBVDaBNE_15103-15857,284,2,1115.428571428571,17.714285714285715,154.0,172.0,inside_visible,1161.968,418.522,1
ljahBVDaBNE_15103-15857,284,3,563.1176470588235,24.58823529411765,200.0,195.0,inside_visible,442.756,271.455,1
ljahBVDaBNE_15103-15857,285,1,1575.428571428571,0.0,235.0,167.0,inside_visible,1407.8465652173911,310.7929130434782,0
ljahBVDaBNE_15103-15857,285,2,1115.857142857143,25.428571428571427,154.0,172.0,inside_visible,1163.921142857143,418.9078571428572,1
ljahBVDaBNE_15103-15857,285,3,563.5,24.5,200.0,195.0,inside_visible,451.52,280.89325,1
ljahBVDaBNE_15103-15857,286,1,1577.0,0.0,235.0,167.0,inside_visible,1408.9017826086958,309.8549565217391,0
ljahBVDaBNE_15103-15857,286,2,1116.2857142857142,33.14285714285714,154.0,172.0,inside_visible,1165.874285714286,419.2937142857143,1
ljahBVDaBNE_15103-15857,286,3,563.8823529411765,24.41176470588235,200.0,195.0,inside_visible,460.284,290.3315,1
ljahBVDaBNE_15103-15857,287,1,1578.2,0.0,235.0,167.0,inside_visible,1409.957,308.917,0
ljahBVDaBNE_15103-15857,287,2,1116.7142857142858,40.85714285714285,154.0,172.0,inside_visible,1167.8274285714288,419.6795714285714,1
ljahBVDaBNE_15103-15857,287,3,564.2647058823529,24.323529411764707,200.0,195.0,inside_visible,469.048,299.76975000000004,1
ljahBVDaBNE_15103-15857,288,1,1579.4,0.0,235.0,167.0,inside_visible,1426.137,281.951,0
ljahBVDaBNE_15103-15857,288,2,1117.142857142857,48.57142857142857,154.0,172.0,inside_visible,1169.7805714285714,420.0654285714286,1
ljahBVDaBNE_15103-15857,288,3,564.6470588235294,24.235294117647054,200.0,195.0,inside_visible,477.812,309.208,1
ljahBVDaBNE_15103-15857,289,1,1580.6,0.0,235.0,167.0,inside_visible,768.159,392.513,0
ljahBVDaBNE_15103-15857,289,2,1117.571428571429,56.285714285714285,154.0,172.0,inside_visible,1171.7337142857143,420.45128571428575,1
ljahBVDaBNE_15103-15857,289,3,565.0294117647059,24.147058823529413,200.0,195.0,inside_visible,479.497375,314.26412500000004,1
ljahBVDaBNE_15103-15857,290,1,1581.8,0.0,235.0,167.0,inside_visible,768.3792941176471,391.0765882352941,0
ljahBVDaBNE_15103-15857,290,2,1118.0,64.0,154.0,172.0,inside_visible,1173.6868571428572,420.8371428571429,1
ljahBVDaBNE_15103-15857,290,3,565.4117647058823,24.058823529411764,200.0,195.0,inside_visible,481.18275,319.32025,1
ljahBVDaBNE_15103-15857,291,1,1583.0,0.0,235.0,167.0,inside_visible,768.5995882352942,389.6401764705882,0
ljahBVDaBNE_15103-15857,291,2,1116.0,68.0,154.0,172.0,inside_visible,1175.64,421.223,1
ljahBVDaBNE_15103-15857,291,3,565.7941176470588,23.97058823529412,200.0,195.0,inside_visible,482.868125,324.376375,1
ljahBVDaBNE_15103-15857,292,1,1584.2,0.0,235.0,167.0,inside_visible,768.8198823529411,388.2037647058824,0
ljahBVDaBNE_15103-15857,292,2,1114.0,72.0,154.0,172.0,inside_visible,1179.685,418.526,1
ljahBVDaBNE_15103-15857,292,3,566.1764705882352,23.88235294117647,200.0,195.0,inside_visible,484.5535,329.4325,1
ljahBVDaBNE_15103-15857,293,1,1585.4,0.0,235.0,167.0,inside_visible,769.0401764705882,386.76735294117645,0
ljahBVDaBNE_15103-15857,293,2,1112.0,76.0,154.0,172.0,inside_visible,1027.325,388.863,1
ljahBVDaBNE_15103-15857,293,3,566.5588235294117,23.794117647058822,200.0,195.0,inside_visible,486.238875,334.488625,1
ljahBVDaBNE_15103-15857,294,1,1586.6,0.0,235.0,167.0,inside_visible,769.2604705882353,385.33094117647056,0
ljahBVDaBNE_15103-15857,294,2,1110.0,80.0,154.0,172.0,inside_visible,1026.7124285714283,389.2220714285714,1
ljahBVDaBNE_15103-15857,294,3,566.9411764705883,23.705882352941178,200.0,195.0,inside_visible,487.92425,339.54475,1
ljahBVDaBNE_15103-15857,295,1,1587.8,0.0,235.0,167.0,inside_visible,769.4807647058824,383.8945294117647,0
ljahBVDaBNE_15103-15857,295,2,1105.0,77.0,154.0,172.0,inside_visible,1026.0998571428572,389.5811428571429,1
ljahBVDaBNE_15103-15857,295,3,567.3235294117648,23.61764705882353,200.0,195.0,inside_visible,489.609625,344.600875,1
ljahBVDaBNE_15103-15857,296,1,1589.0,0.0,235.0,167.0,inside_visible,769.7010588235294,382.4581176470588,0
ljahBVDaBNE_15103-15857,296,2,1104.2857142857142,73.57142857142857,154.0,172.0,inside_visible,1025.4872857142857,389.9402142857143,1
ljahBVDaBNE_15103-15857,296,3,567.7058823529412,23.529411764705884,200.0,195.0,inside_visible,491.295,349.657,1
ljahBVDaBNE_15103-15857,297,1,1590.2,0.0,235.0,167.0,inside_visible,769.9213529411765,381.0217058823529,0
ljahBVDaBNE_15103-15857,297,2,1103.571428571429,70.14285714285714,154.0,172.0,inside_visible,1024.8747142857144,390.2992857142857,1
ljahBVDaBNE_15103-15857,297,3,568.0882352941177,23.44117647058824,200.0,195.0,inside_visible,493.5421428571429,349.51571428571424,1
ljahBVDaBNE_15103-15857,298,1,1591.4,0.0,235.0,167.0,inside_visible,770.1416470588235,379.58529411764704,0
ljahBVDaBNE_15103-15857,298,2,1102.857142857143,66.71428571428572,154.0,172.0,inside_visible,1024.2621428571429,390.65835714285714,1
ljahBVDaBNE_15103-15857,298,3,568.4705882352941,23.352941176470587,200.0,195.0,inside_visible,495.7892857142857,349.3744285714285,1
ljahBVDaBNE_15103-15857,299,1,1592.6,0.0,235.0,167.0,inside_visible,770.3619411764706,378.14888235294114,0
ljahBVDaBNE_15103-15857,299,2,1102.142857142857,63.285714285714285,154.0,172.0,inside_visible,1023.6495714285714,391.0174285714286,1
ljahBVDaBNE_15103-15857,299,3,568.8529411764706,23.264705882352946,200.0,195.0,inside_visible,498.0364285714286,349.23314285714287,1
ljahBVDaBNE_15103-15857,300,1,1593.8,0.0,235.0,167.0,inside_visible,770.5822352941176,376.7124705882353,0
ljahBVDaBNE_15103-15857,300,2,1101.428571428571,59.85714285714286,154.0,172.0,inside_visible,1023.037,391.3765,1
ljahBVDaBNE_15103-15857,300,3,569.2352941176471,23.176470588235293,200.0,195.0,inside_visible,500.28357142857146,349.0918571428571,1
ljahBVDaBNE_15103-15857,301,1,1595.0,0.0,235.0,167.0,inside_visible,770.8025294117647,375.2760588235294,0
ljahBVDaBNE_15103-15857,301,2,1100.7142857142858,56.42857142857143,154.0,172.0,inside_visible,1022.4244285714286,391.7355714285714,1
ljahBVDaBNE_15103-15857,301,3,569.6176470588235,23.08823529411765,200.0,195.0,inside_visible,502.5307142857143,348.9505714285714,1
ljahBVDaBNE_15103-15857,302,1,1596.2,0.0,235.0,167.0,inside_visible,771.0228235294118,373.8396470588235,0
ljahBVDaBNE_15103-15857,302,2,1100.0,53.0,154.0,172.0,inside_visible,1021.8118571428572,392.0946428571429,1
ljahBVDaBNE_15103-15857,302,3,570.0,23.0,200.0,195.0,inside_visible,504.7778571428572,348.8092857142857,1
ljahBVDaBNE_15103-15857,303,1,1597.4,0.0,235.0,167.0,inside_visible,771.2431176470589,372.4032352941176,0
ljahBVDaBNE_15103-15857,303,2,1096.3333333333333,45.0,154.0,172.0,inside_visible,1021.1992857142858,392.4537142857143,1
ljahBVDaBNE_15103-15857,303,3,570.0,23.0,200.0,196.66666666666663,inside_visible,507.025,348.668,1
ljahBVDaBNE_15103-15857,304,1,1598.6,0.0,235.0,167.0,inside_visible,771.4634117647058,370.9668235294118,0
ljahBVDaBNE_15103-15857,304,2,1092.6666666666667,37.0,154.0,172.0,inside_visible,1020.5867142857144,392.8127857142857,1
ljahBVDaBNE_15103-15857,304,3,570.0,23.0,200.0,198.33333333333331,inside_visible,509.27214285714285,348.52671428571426,1
ljahBVDaBNE_15103-15857,305,1,1599.8,0.0,235.0,167.0,inside_visible,771.6837058823529,369.5304117647059,0
ljahBVDaBNE_15103-15857,305,2,1089.0,29.0,154.0,172.0,inside_visible,1019.9741428571429,393.1718571428571,1
ljahBVDaBNE_15103-15857,305,3,570.0,23.0,200.0,200.0,inside_visible,511.5192857142857,348.3854285714285,1
ljahBVDaBNE_15103-15857,306,1,1601.0,0.0,235.0,167.0,inside_visible,771.904,368.094,0
ljahBVDaBNE_15103-15857,306,2,1088.0,22.666666666666668,154.0,172.0,inside_visible,1019.3615714285714,393.53092857142855,1
ljahBVDaBNE_15103-15857,306,3,568.1666666666666,23.0,200.0,200.0,inside_visible,513.7664285714286,348.24414285714283,1
ljahBVDaBNE_15103-15857,307,1,1601.0,0.0,235.38461538461547,167.0,inside_visible,409.507,298.131,0
ljahBVDaBNE_15103-15857,307,2,1087.0,16.333333333333336,154.0,172.0,inside_visible,1018.749,393.89,1
ljahBVDaBNE_15103-15857,307,3,566.3333333333334,23.0,200.0,200.0,inside_visible,516.0135714285715,348.10285714285715,1
ljahBVDaBNE_15103-15857,308,1,1601.0,0.0,235.76923076923072,167.0,inside_visible,410.0320789473684,297.57752631578944,0
ljahBVDaBNE_15103-15857,308,2,1086.0,10.0,154.0,172.0,inside_visible,996.5635,372.676,1
ljahBVDaBNE_15103-15857,308,3,564.5,23.0,200.0,200.0,inside_visible,518.2607142857142,347.9615714285714,1
ljahBVDaBNE_15103-15857,309,1,1601.0,0.0,236.1538461538462,167.0,inside_visible,410.55715789473686,297.0240526315789,0
ljahBVDaBNE_15103-15857,309,2,1086.0,6.0,154.0,172.0,inside_visible,974.378,351.462,1
ljahBVDaBNE_15103-15857,309,3,562.6666666666666,23.0,200.0,200.0,inside_visible,520.5078571428571,347.82028571428566,1
ljahBVDaBNE_15103-15857,310,1,1601.0,0.0,236.53846153846143,167.0,inside_visible,411.08223684210526,296.4705789473684,0
ljahBVDaBNE_15103-15857,310,2,1086.0,2.0,154.0,172.0,inside_visible,971.9676666666668,369.4053333333333,1
ljahBVDaBNE_15103-15857,310,3,560.8333333333334,23.0,200.0,200.0,inside_visible,522.755,347.679,1
ljahBVDaBNE_15103-15857,311,1,1601.0,0.0,236.9230769230769,167.0,inside_visible,411.60731578947366,295.91710526315785,0
ljahBVDaBNE_15103-15857,311,2,1085.7,1.8,154.0,172.0,inside_visible,969.5573333333334,387.34866666666665,1
ljahBVDaBNE_15103-15857,311,3,559.0,23.0,200.0,200.0,inside_visible,423.879,338.87,1
ljahBVDaBNE_15103-15857,312,1,1601.0,0.0,237.3076923076924,167.0,inside_visible,412.1323947368421,295.3636315789473,0
ljahBVDaBNE_15103-15857,312,2,1085.4,1.6,154.0,172.0,inside_visible,967.147,405.292,1
ljahBVDaBNE_15103-15857,312,3,554.25,27.75,200.0,200.0,inside_visible,429.495,338.8898,1
ljahBVDaBNE_15103-15857,313,1,1601.0,0.0,237.6923076923076,167.0,inside_visible,412.6574736842105,294.8101578947368,0
ljahBVDaBNE_15103-15857,313,2,1085.1,1.4,154.0,172.0,inside_visible,964.7366666666668,423.2353333333333,1
ljahBVDaBNE_15103-15857,313,3,549.5,32.5,200.0,200.0,inside_visible,435.111,338.9096,1
ljahBVDaBNE_15103-15857,314,1,1601.0,0.0,238.0769230769231,167.0,inside_visible,413.182552631579,294.2566842105263,0
ljahBVDaBNE_15103-15857,314,2,1084.8,1.2,154.0,172.0,inside_visible,962.3263333333334,441.1786666666667,1
ljahBVDaBNE_15103-15857,314,3,544.75,37.25,200.0,200.0,inside_visible,440.727,338.9294,1
ljahBVDaBNE_15103-15857,315,1,1601.0,0.0,238.46153846153857,167.0,inside_visible,413.70763157894737,293.7032105263158,0
ljahBVDaBNE_15103-15857,315,2,1084.5,1.0,154.0,172.0,inside_visible,959.916,459.122,1
ljahBVDaBNE_15103-15857,315,3,540.0,42.0,200.0,200.0,inside_visible,446.343,338.9492,1
ljahBVDaBNE_15103-15857,316,1,1601.0,0.0,238.8461538461538,167.0,inside_visible,414.23271052631577,293.14973684210526,0
ljahBVDaBNE_15103-15857,316,2,1084.2,0.8,154.0,172.0,inside_visible,996.157,468.076,1
ljahBVDaBNE_15103-15857,316,3,538.1666666666666,43.333333333333336,200.0,200.0,inside_visible,451.959,338.969,1
ljahBVDaBNE_15103-15857,317,1,1601.0,0.0,239.23076923076928,167.0,inside_visible,414.7577894736842,292.5962631578947,0
ljahBVDaBNE_15103-15857,317,2,1083.9,0.6000000000000001,154.0,172.0,inside_visible,978.735,448.716,1
ljahBVDaBNE_15103-15857,317,3,536.3333333333334,44.66666666666666,200.0,200.0,inside_visible,456.4533333333333,338.969,1
ljahBVDaBNE_15103-15857,318,1,1601.0,0.0,239.61538461538453,167.0,inside_visible,415.2828684210526,292.0427894736842,0
ljahBVDaBNE_15103-15857,318,2,1083.6,0.3999999999999999,154.0,172.0,inside_visible,1052.999,461.715,1
ljahBVDaBNE_15103-15857,318,3,534.5,46.0,200.0,200.0,inside_visible,460.9476666666667,338.969,1
ljahBVDaBNE_15103-15857,319,1,1601.0,0.0,240.0,167.0,inside_visible,415.807947368421,291.48931578947366,0
ljahBVDaBNE_15103-15857,319,2,1083.3,0.1999999999999999,154.0,172.0,inside_visible,1052.2066666666667,460.782,1
ljahBVDaBNE_15103-15857,319,3,532.6666666666666,47.333333333333336,200.0,200.0,inside_visible,465.442,338.969,1
ljahBVDaBNE_15103-15857,320,1,1601.0,0.0,240.0,168.3,inside_visible,416.3330263157895,290.93584210526313,0
ljahBVDaBNE_15103-15857,320,2,1083.0,0.0,154.0,172.0,inside_visible,1051.4143333333334,459.849,1
ljahBVDaBNE_15103-15857,320,3,530.8333333333334,48.66666666666666,200.0,200.0,inside_visible,469.9363333333333,338.969,1
ljahBVDaBNE_15103-15857,321,1,1601.0,0.0,240.0,169.6,inside_visible,416.8581052631579,290.3823684210526,0
ljahBVDaBNE_15103-15857,321,2,1083.0,0.0,154.0,168.33333333333334,inside_visible,1050.622,458.916,1
ljahBVDaBNE_15103-15857,321,3,529.0,50.0,200.0,200.0,inside_visible,474.4306666666667,338.969,1
ljahBVDaBNE_15103-15857,322,1,1601.0,0.0,240.0,170.9,inside_visible,417.3831842105264,289.8288947368421,0
ljahBVDaBNE_15103-15857,322,2,1083.0,0.0,154.0,164.66666666666666,inside_visible,1042.783,449.665,1
ljahBVDaBNE_15103-15857,322,3,527.0,52.0,200.0,200.0,inside_visible,478.925,338.969,1
ljahBVDaBNE_15103-15857,323,1,1601.0,0.0,240.0,172.2,inside_visible,417.90826315789474,289.27542105263154,0
ljahBVDaBNE_15103-15857,323,2,1083.0,0.0,154.0,161.0,inside_visible,1154.756,458.814,1
ljahBVDaBNE_15103-15857,323,3,525.0,54.0,200.0,200.0,inside_visible,482.00685714285714,338.969,1
ljahBVDaBNE_15103-15857,324,1,1601.0,0.0,240.0,173.5,inside_visible,418.4333421052632,288.721947368421,0
ljahBVDaBNE_15103-15857,324,2,1082.7272727272727,0.0,154.0,163.45454545454547,inside_visible,1137.291,478.749,1
ljahBVDaBNE_15103-15857,324,3,523.0,56.0,200.0,200.0,inside_visible,485.0887142857143,338.969,1
ljahBVDaBNE_15103-15857,325,1,1601.0,0.0,240.0,174.8,inside_visible,418.9584210526316,288.1684736842105,0
ljahBVDaBNE_15103-15857,325,2,1082.4545454545455,0.0,154.0,165.9090909090909,inside_visible,1140.113,479.967,1
ljahBVDaBNE_15103-15857,325,3,521.0,58.0,200.0,200.0,inside_visible,488.1705714285714,338.969,1
ljahBVDaBNE_15103-15857,326,1,1601.0,0.0,240.0,176.1,inside_visible,419.4835,287.615,0
ljahBVDaBNE_15103-15857,326,2,1082.1818181818182,0.0,154.0,168.36363636363637,inside_visible,1109.228,477.814,1
ljahBVDaBNE_15103-15857,326,3,521.7857142857143,57.42857142857143,200.0,200.0,inside_visible,491.2524285714286,338.969,1
ljahBVDaBNE_15103-15857,327,1,1601.0,0.0,240.0,177.4,inside_visible,420.0085789473684,287.0615263157895,0
ljahBVDaBNE_15103-15857,327,2,1081.909090909091,0.0,154.0,170.8181818181818,inside_visible,1126.881,491.841,1
ljahBVDaBNE_15103-15857,327,3,522.5714285714286,56.85714285714285,200.0,200.0,inside_visible,494.3342857142857,338.969,1
ljahBVDaBNE_15103-15857,328,1,1601.0,0.0,240.0,178.7,inside_visible,420.5336578947369,286.50805263157895,0
ljahBVDaBNE_15103-15857,328,2,1081.6363636363635,0.0,154.0,173.27272727272728,inside_visible,1105.738,487.85,1
ljahBVDaBNE_15103-15857,328,3,523.3571428571429,56.285714285714285,200.0,200.0,inside_visible,497.41614285714286,338.969,1
ljahBVDaBNE_15103-15857,329,1,1601.0,0.0,240.0,180.0,inside_visible,421.0587368421053,285.9545789473684,0
ljahBVDaBNE_15103-15857,329,2,1081.3636363636365,0.0,154.0,175.72727272727272,inside_visible,1120.999,487.455,1
ljahBVDaBNE_15103-15857,329,3,524.1428571428571,55.71428571428572,200.0,200.0,inside_visible,500.498,338.969,1
ljahBVDaBNE_15103-15857,330,1,1600.0,0.0,240.0,180.0,inside_visible,421.5838157894737,285.4011052631579,0
ljahBVDaBNE_15103-15857,330,2,1081.090909090909,0.0,154.0,178.1818181818182,inside_visible,1114.687,481.667,1
ljahBVDaBNE_15103-15857,330,3,524.9285714285714,55.142857142857146,200.0,200.0,inside_visible,500.7291428571429,338.35262857142857,1
ljahBVDaBNE_15103-15857,331,1,1599.0,0.0,240.0,180.0,inside_visible,422.1088947368421,284.84763157894736,0
ljahBVDaBNE_15103-15857,331,2,1080.8181818181818,0.0,154.0,180.63636363636363,inside_visible,1131.297,478.576,1
ljahBVDaBNE_15103-15857,331,3,525.7142857142857,54.57142857142857,200.0,200.0,inside_visible,500.9602857142857,337.73625714285714,1
ljahBVDaBNE_15103-15857,332,1,1598.0,0.0,240.0,180.0,inside_visible,422.6339736842105,284.2941578947368,0
ljahBVDaBNE_15103-15857,332,2,1080.5454545454545,0.0,154.0,183.0909090909091,inside_visible,1112.342,483.421,1
ljahBVDaBNE_15103-15857,332,3,526.5,54.0,200.0,200.0,inside_visible,501.19142857142856,337.1198857142857,1
ljahBVDaBNE_15103-15857,333,1,1597.0,0.0,240.0,180.0,inside_visible,423.15905263157896,283.7406842105263,0
ljahBVDaBNE_15103-15857,333,2,1080.2727272727273,0.0,154.0,185.54545454545453,inside_visible,1123.05,482.872,1
ljahBVDaBNE_15103-15857,333,3,527.2857142857143,53.42857142857143,200.0,200.0,inside_visible,501.4225714285714,336.5035142857143,1
ljahBVDaBNE_15103-15857,334,1,1596.0,0.0,240.0,180.0,inside_visible,423.68413157894736,283.18721052631577,0
ljahBVDaBNE_15103-15857,334,2,1080.0,0.0,154.0,188.0,inside_visible,1116.679,485.019,1
ljahBVDaBNE_15103-15857,334,3,528.0714285714286,52.85714285714285,200.0,200.0,inside_visible,501.6537142857143,335.88714285714286,1
ljahBVDaBNE_15103-15857,335,1,1595.0,0.0,240.0,180.0,inside_visible,424.20921052631576,282.63373684210524,0
ljahBVDaBNE_15103-15857,335,2,1079.0,3.8,154.0,188.0,inside_visible,1123.791,470.987,1
ljahBVDaBNE_15103-15857,335,3,528.8571428571429,52.285714285714285,200.0,200.0,inside_visible,501.88485714285713,335.27077142857144,1
ljahBVDaBNE_15103-15857,336,1,1594.0,0.0,240.0,180.0,inside_visible,424.7342894736842,282.0802631578947,0
ljahBVDaBNE_15103-15857,336,2,1078.0,7.6,154.0,188.0,inside_visible,1124.162,485.27,1
ljahBVDaBNE_15103-15857,336,3,529.6428571428571,51.71428571428572,200.0,200.0,inside_visible,502.116,334.6544,1
ljahBVDaBNE_15103-15857,337,1,1593.0,0.0,240.0,180.0,inside_visible,425.2593684210526,281.5267894736842,0
ljahBVDaBNE_15103-15857,337,2,1077.0,11.4,154.0,188.0,inside_visible,1120.038,486.07,1
ljahBVDaBNE_15103-15857,337,3,530.4285714285714,51.142857142857146,200.0,200.0,inside_visible,502.3471428571429,334.0380285714286,1
ljahBVDaBNE_15103-15857,338,1,1592.0,0.0,240.0,180.0,inside_visible,425.784447368421,280.97331578947365,0
ljahBVDaBNE_15103-15857,338,2,1076.0,15.2,154.0,188.0,inside_visible,1119.499,481.673,1
ljahBVDaBNE_15103-15857,338,3,531.2142857142857,50.57142857142857,200.0,200.0,inside_visible,502.5782857142857,333.4216571428572,1
ljahBVDaBNE_15103-15857,339,1,1591.0,0.0,240.0,180.0,inside_visible,426.3095263157895,280.4198421052632,0
ljahBVDaBNE_15103-15857,339,2,1075.0,19.0,154.0,188.0,inside_visible,1115.365,484.466,1
ljahBVDaBNE_15103-15857,339,3,532.0,50.0,200.0,200.0,inside_visible,502.80942857142855,332.80528571428573,1
ljahBVDaBNE_15103-15857,340,1,1590.0,0.0,240.0,180.0,inside_visible,426.8346052631578,279.86636842105264,0
ljahBVDaBNE_15103-15857,340,2,1075.0,20.83333333333333,154.0,188.0,inside_visible,1120.669,488.608,1
ljahBVDaBNE_15103-15857,340,3,534.2,47.4,200.0,200.0,inside_visible,503.0405714285714,332.1889142857143,1
ljahBVDaBNE_15103-15857,341,1,1590.0,0.0,240.0,183.2,inside_visible,427.3596842105263,279.3128947368421,0
ljahBVDaBNE_15103-15857,341,2,1075.0,22.666666666666668,154.0,188.0,inside_visible,1109.793,479.266,1
ljahBVDaBNE_15103-15857,341,3,536.4,44.8,200.0,200.0,inside_visible,503.2717142857143,331.5725428571429,1
ljahBVDaBNE_15103-15857,342,1,1590.0,0.0,240.0,186.4,inside_visible,427.8847631578947,278.7594210526316,0
ljahBVDaBNE_15103-15857,342,2,1075.0,24.5,154.0,188.0,inside_visible,995.996,456.666,1
ljahBVDaBNE_15103-15857,342,3,538.6,42.2,200.0,200.0,inside_visible,503.5028571428571,330.95617142857145,1
ljahBVDaBNE_15103-15857,343,1,1590.0,0.0,240.0,189.6,inside_visible,428.4098421052631,278.20594736842105,0
ljahBVDaBNE_15103-15857,343,2,1075.0,26.33333333333333,154.0,188.0,inside_visible,880.316,308.406,1
ljahBVDaBNE_15103-15857,343,3,540.8,39.6,200.0,200.0,inside_visible,503.734,330.3398,1
ljahBVDaBNE_15103-15857,344,1,1590.0,0.0,240.0,192.8,inside_visible,428.9349210526316,277.6524736842105,0
ljahBVDaBNE_15103-15857,344,2,1075.0,28.166666666666668,154.0,188.0,inside_visible,882.5276363636364,307.87309090909093,1
ljahBVDaBNE_15103-15857,344,3,543.0,37.0,200.0,200.0,inside_visible,503.9651428571429,329.7234285714286,1
ljahBVDaBNE_15103-15857,345,1,1590.0,0.0,240.0,196.0,inside_visible,429.46,277.099,0
ljahBVDaBNE_15103-15857,345,2,1075.0,30.0,154.0,188.0,inside_visible,884.7392727272728,307.3401818181818,1
ljahBVDaBNE_15103-15857,345,3,544.1428571428571,36.57142857142857,200.0,200.0,inside_visible,504.1962857142857,329.1070571428572,1
ljahBVDaBNE_15103-15857,346,1,1590.0,0.0,240.0,197.66666666666663,inside_visible,407.7748,263.0186,0
ljahBVDaBNE_15103-15857,346,2,1073.5,41.0,154.0,188.0,inside_visible,886.9509090909091,306.80727272727273,1
ljahBVDaBNE_15103-15857,346,3,545.2857142857143,36.142857142857146,200.0,200.0,inside_visible,504.42742857142855,328.49068571428575,1
ljahBVDaBNE_15103-15857,347,1,1590.0,0.0,240.0,199.33333333333331,inside_visible,386.0896,248.9382,0
ljahBVDaBNE_15103-15857,347,2,1072.0,52.0,154.0,188.0,inside_visible,889.1625454545455,306.27436363636366,1
ljahBVDaBNE_15103-15857,347,3,546.4285714285714,35.714285714285715,200.0,200.0,inside_visible,504.65857142857146,327.87431428571426,1
ljahBVDaBNE_15103-15857,348,1,1590.0,0.0,240.0,201.0,inside_visible,364.4044,234.8578,0
ljahBVDaBNE_15103-15857,348,2,1072.0,48.75,154.0,188.0,inside_visible,891.3741818181818,305.74145454545453,1
ljahBVDaBNE_15103-15857,348,3,547.5714285714286,35.285714285714285,200.0,200.0,inside_visible,504.8897142857143,327.25794285714284,1
ljahBVDaBNE_15103-15857,349,1,1590.0,0.0,240.0,202.66666666666663,inside_visible,342.7192,220.7774,0
ljahBVDaBNE_15103-15857,349,2,1072.0,45.5,154.0,188.0,inside_visible,893.5858181818182,305.20854545454546,1
ljahBVDaBNE_15103-15857,349,3,548.7142857142857,34.857142857142854,200.0,200.0,inside_visible,505.1208571428572,326.6415714285714,1
ljahBVDaBNE_15103-15857,350,1,1590.0,0.0,240.0,204.33333333333331,inside_visible,321.034,206.697,0
ljahBVDaBNE_15103-15857,350,2,1072.0,42.25,154.0,188.0,inside_visible,895.7974545454546,304.6756363636364,1
ljahBVDaBNE_15103-15857,350,3,549.8571428571429,34.42857142857143,200.0,200.0,inside_visible,505.352,326.0252,1
ljahBVDaBNE_15103-15857,351,1,1590.0,0.0,240.0,206.0,inside_visible,1399.5730000000003,344.707,0
ljahBVDaBNE_15103-15857,351,2,1072.0,39.0,154.0,188.0,inside_visible,898.0090909090909,304.14272727272726,1
ljahBVDaBNE_15103-15857,351,3,551.0,34.0,200.0,200.0,inside_visible,505.5831428571429,325.40882857142856,1
ljahBVDaBNE_15103-15857,352,1,1590.0,0.0,240.0,207.66666666666663,inside_visible,1403.955,365.413,0
ljahBVDaBNE_15103-15857,352,2,1072.3125,38.0,154.0,188.0,inside_visible,900.2207272727272,303.6098181818182,1
ljahBVDaBNE_15103-15857,352,3,553.0,32.0,200.0,200.0,inside_visible,505.81428571428575,324.7924571428572,1
ljahBVDaBNE_15103-15857,353,1,1590.0,0.0,240.0,209.33333333333331,inside_visible,1413.73,347.211,0
ljahBVDaBNE_15103-15857,353,2,1072.625,37.0,154.0,188.0,inside_visible,902.4323636363636,303.0769090909091,1
ljahBVDaBNE_15103-15857,353,3,555.0,30.0,200.0,200.0,inside_visible,506.0454285714286,324.1760857142857,1
ljahBVDaBNE_15103-15857,354,1,1590.0,0.0,240.0,211.0,inside_visible,1412.360125,349.895125,0
ljahBVDaBNE_15103-15857,354,2,1072.9375,36.0,154.0,188.0,inside_visible,904.644,302.544,1
ljahBVDaBNE_15103-15857,354,3,557.0,28.0,200.0,200.0,inside_visible,506.27657142857146,323.5597142857143,1
ljahBVDaBNE_15103-15857,355,1,1590.0,0.0,240.0,212.66666666666663,inside_visible,1410.99025,352.57925,0
ljahBVDaBNE_15103-15857,355,2,1073.25,35.0,154.0,188.0,inside_visible,906.8556363636364,302.0110909090909,1
ljahBVDaBNE_15103-15857,355,3,559.0,26.0,200.0,200.0,inside_visible,506.5077142857143,322.94334285714285,1
ljahBVDaBNE_15103-15857,356,1,1590.0,0.0,240.0,214.33333333333331,inside_visible,1409.620375,355.263375,0
ljahBVDaBNE_15103-15857,356,2,1073.5625,34.0,154.0,188.0,inside_visible,909.0672727272728,301.47818181818184,1
ljahBVDaBNE_15103-15857,356,3,559.578947368421,26.26315789473684,200.0,200.0,inside_visible,506.7388571428572,322.3269714285714,1
ljahBVDaBNE_15103-15857,357,1,1590.0,0.0,240.0,216.0,inside_visible,1408.2505,357.9475,0
ljahBVDaBNE_15103-15857,357,2,1073.875,33.0,154.0,188.0,inside_visible,911.2789090909092,300.9452727272728,1
ljahBVDaBNE_15103-15857,357,3,560.1578947368421,26.526315789473685,200.0,200.0,inside_visible,506.97,321.7106,1
ljahBVDaBNE_15103-15857,358,1,1590.0,0.0,240.0,217.66666666666663,inside_visible,1406.880625,360.631625,0
ljahBVDaBNE_15103-15857,358,2,1074.1875,32.0,154.0,188.0,inside_visible,913.4905454545454,300.41236363636364,1
ljahBVDaBNE_15103-15857,358,3,560.7368421052631,26.789473684210527,200.0,200.0,inside_visible,507.2011428571429,321.0942285714286,1
ljahBVDaBNE_15103-15857,359,1,1590.0,0.0,240.0,219.33333333333331,inside_visible,1405.51075,363.31575,0
ljahBVDaBNE_15103-15857,359,2,1074.5,31.0,154.0,188.0,inside_visible,915.7021818181818,299.87945454545456,1
ljahBVDaBNE_15103-15857,359,3,561.3157894736842,27.05263157894737,200.0,200.0,inside_visible,507.43228571428574,320.47785714285715,1
ljahBVDaBNE_15103-15857,360,1,1590.0,0.0,240.0,221.0,inside_visible,1404.140875,365.999875,0
ljahBVDaBNE_15103-15857,360,2,1074.8125,30.0,154.0,188.0,inside_visible,917.9138181818182,299.3465454545455,1
ljahBVDaBNE_15103-15857,360,3,561.8947368421053,27.31578947368421,200.0,200.0,inside_visible,507.6634285714286,319.8614857142857,1
ljahBVDaBNE_15103-15857,361,1,1590.0,0.0,240.0,222.66666666666663,inside_visible,1402.771,368.684,0
ljahBVDaBNE_15103-15857,361,2,1075.125,29.0,154.0,188.0,inside_visible,920.1254545454544,298.8136363636364,1
ljahBVDaBNE_15103-15857,361,3,562.4736842105264,27.57894736842105,200.0,200.0,inside_visible,507.89457142857145,319.2451142857143,1
ljahBVDaBNE_15103-15857,362,1,1590.0,0.0,240.0,224.33333333333331,inside_visible,1402.2316,371.3806,0
ljahBVDaBNE_15103-15857,362,2,1075.4375,28.0,154.0,188.0,inside_visible,922.3370909090908,298.2807272727273,1
ljahBVDaBNE_15103-15857,362,3,563.0526315789474,27.84210526315789,200.0,200.0,inside_visible,508.1257142857143,318.62874285714287,1
ljahBVDaBNE_15103-15857,363,1,1590.0,0.0,240.0,226.0,inside_visible,1401.6922,374.0772,0
ljahBVDaBNE_15103-15857,363,2,1075.75,27.0,154.0,188.0,inside_visible,924.5487272727272,297.7478181818182,1
ljahBVDaBNE_15103-15857,363,3,563.6315789473684,28.105263157894736,200.0,200.0,inside_visible,508.3568571428572,318.01237142857144,1
ljahBVDaBNE_15103-15857,364,1,1587.8333333333333,0.5,240.0,226.0,inside_visible,1401.1528,376.7738,0
ljahBVDaBNE_15103-15857,364,2,1076.0625,26.0,154.0,188.0,inside_visible,926.7603636363636,297.2149090909091,1
ljahBVDaBNE_15103-15857,364,3,564.2105263157895,28.36842105263158,200.0,200.0,outside_frame,508.588,317.396,1
ljahBVDaBNE_15103-15857,365,1,1585.6666666666667,1.0,240.0,226.0,inside_visible,1400.6134,379.4704,0
ljahBVDaBNE_15103-15857,365,2,1076.375,25.0,154.0,188.0,inside_visible,928.972,296.682,1
ljahBVDaBNE_15103-15857,365,3,564.7894736842105,28.63157894736842,200.0,200.0,outside_frame,509.63669444444446,316.87166666666667,1
ljahBVDaBNE_15103-15857,366,1,1583.5,1.5,240.0,226.0,inside_visible,1400.074,382.167,0
ljahBVDaBNE_15103-15857,366,2,1076.6875,24.0,154.0,188.0,inside_visible,1001.664,392.002,1
ljahBVDaBNE_15103-15857,366,3,565.3684210526316,28.894736842105264,200.0,200.0,outside_frame,510.6853888888889,316.3473333333333,1
ljahBVDaBNE_15103-15857,367,1,1581.3333333333333,2.0,240.0,226.0,inside_visible,1401.0124166666667,380.7224166666666,0
ljahBVDaBNE_15103-15857,367,2,1077.0,23.0,154.0,188.0,inside_visible,1003.306,392.69666666666666,1
ljahBVDaBNE_15103-15857,367,3,565.9473684210526,29.157894736842103,200.0,200.0,outside_frame,511.7340833333333,315.82300000000004,1
ljahBVDaBNE_15103-15857,368,1,1579.1666666666667,2.5,240.0,226.0,inside_visible,1401.950833333333,379.2778333333333,0
ljahBVDaBNE_15103-15857,368,2,1079.1818181818182,20.90909090909091,154.0,188.0,inside_visible,1004.948,393.39133333333336,1
ljahBVDaBNE_15103-15857,368,3,566.5263157894736,29.42105263157895,200.0,200.0,outside_frame,512.7827777777778,315.2986666666667,1
ljahBVDaBNE_15103-15857,369,1,1577.0,3.0,240.0,226.0,inside_visible,1402.8892500000002,377.83325,0
ljahBVDaBNE_15103-15857,369,2,1081.3636363636365,18.81818181818182,154.0,188.0,inside_visible,1006.59,394.086,1
ljahBVDaBNE_15103-15857,369,3,567.1052631578947,29.684210526315788,200.0,200.0,outside_frame,513.8314722222223,314.77433333333335,1
ljahBVDaBNE_15103-15857,370,1,1577.0,3.0,240.0,228.2,inside_visible,1403.8276666666668,376.38866666666667,0
ljahBVDaBNE_15103-15857,370,2,1083.5454545454545,16.727272727272727,154.0,188.0,inside_visible,1008.232,394.78066666666666,1
ljahBVDaBNE_15103-15857,370,3,567.6842105263158,29.94736842105263,200.0,200.0,outside_frame,514.8801666666667,314.25,1
ljahBVDaBNE_15103-15857,371,1,1577.0,3.0,240.0,230.4,inside_visible,1404.7660833333334,374.9440833333333,0
ljahBVDaBNE_15103-15857,371,2,1085.7272727272727,14.636363636363637,154.0,188.0,inside_visible,1009.874,395.47533333333337,1
ljahBVDaBNE_15103-15857,371,3,568.2631578947369,30.210526315789476,200.0,200.0,outside_frame,515.9288611111111,313.72566666666665,1
ljahBVDaBNE_15103-15857,372,1,1577.0,3.0,240.0,232.6,inside_visible,1405.7045,373.4995,0
ljahBVDaBNE_15103-15857,372,2,1087.909090909091,12.545454545454543,154.0,188.0,inside_visible,1011.516,396.17,1
ljahBVDaBNE_15103-15857,372,3,568.8421052631579,30.473684210526315,200.0,200.0,outside_frame,516.9775555555556,313.20133333333337,1
ljahBVDaBNE_15103-15857,373,1,1577.0,3.0,240.0,234.8,inside_visible,1406.642916666667,372.05491666666666,0
ljahBVDaBNE_15103-15857,373,2,1090.090909090909,10.454545454545457,154.0,188.0,inside_visible,1016.3699,391.5857,1
ljahBVDaBNE_15103-15857,373,3,569.421052631579,30.73684210526316,200.0,200.0,outside_frame,518.02625,312.677,1
ljahBVDaBNE_15103-15857,374,1,1577.0,3.0,240.0,237.0,inside_visible,1407.5813333333333,370.6103333333333,0
ljahBVDaBNE_15103-15857,374,2,1092.2727272727273,8.363636363636363,154.0,188.0,inside_visible,1021.2238,387.0014,1
ljahBVDaBNE_15103-15857,374,3,570.0,31.0,200.0,200.0,outside_frame,519.0749444444444,312.1526666666667,1
ljahBVDaBNE_15103-15857,375,1,1573.8,3.0,240.0,237.0,gaze_shift,1408.51975,369.16575,0
ljahBVDaBNE_15103-15857,375,2,1094.4545454545455,6.272727272727273,154.0,188.0,inside_visible,1026.0777,382.4171,1
ljahBVDaBNE_15103-15857,375,3,569.719298245614,30.859649122807017,200.0,200.0,outside_frame,520.1236388888889,311.62833333333333,1
ljahBVDaBNE_15103-15857,376,1,1570.6,3.0,240.0,237.0,gaze_shift,1409.4581666666668,367.72116666666665,0
ljahBVDaBNE_15103-15857,376,2,1096.6363636363635,4.18181818181818,154.0,188.0,inside_visible,1030.9316,377.8328,1
ljahBVDaBNE_15103-15857,376,3,569.438596491228,30.719298245614038,200.0,200.0,outside_frame,521.1723333333333,311.104,1
ljahBVDaBNE_15103-15857,377,1,1567.4,3.0,240.0,237.0,gaze_shift,1410.3965833333334,366.27658333333335,0
ljahBVDaBNE_15103-15857,377,2,1098.8181818181818,2.09090909090909,154.0,188.0,inside_visible,1035.7855,373.2485,1
ljahBVDaBNE_15103-15857,377,3,569.1578947368421,30.57894736842105,200.0,200.0,outside_frame,522.2210277777777,310.5796666666667,1
ljahBVDaBNE_15103-15857,378,1,1564.2,3.0,240.0,237.0,gaze_shift,1411.335,364.832,0
ljahBVDaBNE_15103-15857,378,2,1101.0,0.0,154.0,188.0,inside_visible,1040.6394,368.6642,1
ljahBVDaBNE_15103-15857,378,3,568.8771929824561,30.43859649122807,200.0,200.0,outside_frame,523.2697222222222,310.0553333333333,1
ljahBVDaBNE_15103-15857,379,1,1561.0,3.0,240.0,237.0,inside_visible,968.228,302.039,0
ljahBVDaBNE_15103-15857,379,2,1101.0,0.0,154.0,186.8571428571429,inside_visible,1045.4933,364.0799,1
ljahBVDaBNE_15103-15857,379,3,568.5964912280701,30.29824561403509,200.0,200.0,outside_frame,524.3184166666667,309.531,1
ljahBVDaBNE_15103-15857,380,1,1559.4,3.6,240.0,237.0,inside_visible,990.186,295.875,0
ljahBVDaBNE_15103-15857,380,2,1101.0,0.0,154.0,185.7142857142857,inside_visible,1050.3472000000002,359.4956,1
ljahBVDaBNE_15103-15857,380,3,568.3157894736842,30.157894736842103,200.0,200.0,outside_frame,525.3671111111112,309.00666666666666,1
ljahBVDaBNE_15103-15857,381,1,1557.8,4.2,240.0,237.0,inside_visible,988.500125,295.30975,0
ljahBVDaBNE_15103-15857,381,2,1101.0,0.0,154.0,184.57142857142856,inside_visible,1055.2011,354.9113,1
ljahBVDaBNE_15103-15857,381,3,568.0350877192982,30.017543859649123,200.0,200.0,outside_frame,526.4158055555556,308.4823333333333,1
ljahBVDaBNE_15103-15857,382,1,1556.2,4.8,240.0,237.0,inside_visible,986.81425,294.7445,0
ljahBVDaBNE_15103-15857,382,2,1101.0,0.0,154.0,183.42857142857144,inside_visible,1060.055,350.327,1
ljahBVDaBNE_15103-15857,382,3,567.7543859649123,29.87719298245614,200.0,200.0,outside_frame,527.4645,307.958,1
ljahBVDaBNE_15103-15857,383,1,1554.6,5.4,240.0,237.0,inside_visible,985.128375,294.17925,0
ljahBVDaBNE_15103-15857,383,2,1101.0,0.0,154.0,182.28571428571428,inside_visible,1063.6505,350.7765,1
ljahBVDaBNE_15103-15857,383,3,567.4736842105264,29.73684210526316,200.0,200.0,outside_frame,528.5131944444445,307.4336666666667,1
ljahBVDaBNE_15103-15857,384,1,1553.0,6.0,240.0,237.0,inside_visible,983.4425,293.61400000000003,0
ljahBVDaBNE_15103-15857,384,2,1101.0,0.0,154.0,181.14285714285717,inside_visible,1067.246,351.226,1
ljahBVDaBNE_15103-15857,384,3,567.1929824561404,29.59649122807017,200.0,200.0,outside_frame,529.5618888888889,306.90933333333334,1
ljahBVDaBNE_15103-15857,385,1,1549.8,7.6,240.0,237.0,inside_visible,981.756625,293.04875,0
ljahBVDaBNE_15103-15857,385,2,1101.0,0.0,154.0,180.0,inside_visible,1070.8415,351.6755,1
ljahBVDaBNE_15103-15857,385,3,566.9122807017544,29.45614035087719,200.0,200.0,outside_frame,530.6105833333334,306.385,1
ljahBVDaBNE_15103-15857,386,1,1546.6,9.2,240.0,237.0,inside_visible,980.07075,292.4835,0
ljahBVDaBNE_15103-15857,386,2,1101.0,0.0,154.0,178.85714285714286,inside_visible,1074.437,352.125,1
ljahBVDaBNE_15103-15857,386,3,566.6315789473684,29.31578947368421,200.0,200.0,outside_frame,531.6592777777778,305.86066666666665,1
ljahBVDaBNE_15103-15857,387,1,1543.4,10.8,240.0,237.0,inside_visible,978.384875,291.91825,0
ljahBVDaBNE_15103-15857,387,2,1101.0,0.0,154.0,177.71428571428572,inside_visible,1078.0325,352.5745,1
ljahBVDaBNE_15103-15857,387,3,566.3508771929825,29.17543859649123,200.0,200.0,outside_frame,532.7079722222222,305.3363333333333,1
ljahBVDaBNE_15103-15857,388,1,1540.2,12.4,240.0,237.0,inside_visible,976.699,291.353,0
ljahBVDaBNE_15103-15857,388,2,1101.0,0.0,154.0,176.57142857142858,inside_visible,1081.628,353.024,1
ljahBVDaBNE_15103-15857,388,3,566.0701754385965,29.035087719298247,200.0,200.0,outside_frame,533.7566666666667,304.812,1
ljahBVDaBNE_15103-15857,389,1,1537.0,14.0,240.0,237.0,inside_visible,1081.193,375.732,0
ljahBVDaBNE_15103-15857,389,2,1101.0,0.0,154.0,175.42857142857142,inside_visible,1056.01,396.17,1
ljahBVDaBNE_15103-15857,389,3,565.7894736842105,28.894736842105264,200.0,200.0,outside_frame,534.8053611111111,304.28766666666667,1
ljahBVDaBNE_15103-15857,390,1,1537.0,11.333333333333334,240.0,237.0,inside_visible,1100.788,383.95,0
ljahBVDaBNE_15103-15857,390,2,1101.0,0.0,154.0,174.28571428571428,inside_visible,1130.167,504.035,1
ljahBVDaBNE_15103-15857,390,3,565.5087719298245,28.75438596491228,200.0,200.0,outside_frame,535.8540555555555,303.7633333333333,1
ljahBVDaBNE_15103-15857,391,1,1537.0,8.666666666666668,240.0,237.0,inside_visible,1088.024,380.0335,0
ljahBVDaBNE_15103-15857,391,2,1101.0,0.0,154.0,173.14285714285714,inside_visible,1127.8075,504.372125,1
ljahBVDaBNE_15103-15857,391,3,565.2280701754386,28.614035087719294,200.0,200.0,outside_frame,536.90275,303.239,1
ljahBVDaBNE_15103-15857,392,1,1537.0,6.0,240.0,237.0,inside_visible,1075.26,376.117,0
ljahBVDaBNE_15103-15857,392,2,1101.0,0.0,154.0,172.0,inside_visible,1125.448,504.70925,1
ljahBVDaBNE_15103-15857,392,3,564.9473684210526,28.473684210526315,200.0,200.0,inside_visible,537.9514444444444,302.71466666666663,1
ljahBVDaBNE_15103-15857,393,1,1537.0,5.5,240.0,237.0,inside_visible,1084.9679999999998,363.212,0
ljahBVDaBNE_15103-15857,393,2,1101.142857142857,2.571428571428571,154.0,172.0,inside_visible,1123.0884999999998,505.046375,1
ljahBVDaBNE_15103-15857,393,3,564.6666666666666,28.33333333333333,200.0,200.0,inside_visible,539.000138888889,302.19033333333334,1
ljahBVDaBNE_15103-15857,394,1,1537.0,5.0,240.0,237.0,inside_visible,1094.676,350.307,0
ljahBVDaBNE_15103-15857,394,2,1101.2857142857142,5.142857142857142,154.0,172.0,inside_visible,1120.7289999999998,505.3835,1
ljahBVDaBNE_15103-15857,394,3,564.3859649122807,28.19298245614035,200.0,200.0,inside_visible,540.0488333333334,301.666,1
ljahBVDaBNE_15103-15857,395,1,1537.0,4.5,240.0,237.0,inside_visible,1109.5075,334.70500000000004,0
ljahBVDaBNE_15103-15857,395,2,1101.428571428571,7.7142857142857135,154.0,172.0,inside_visible,1118.3695,505.720625,1
ljahBVDaBNE_15103-15857,395,3,564.1052631578947,28.05263157894737,200.0,200.0,inside_visible,541.0975277777778,301.14166666666665,1
ljahBVDaBNE_15103-15857,396,1,1537.0,4.0,240.0,237.0,inside_visible,1124.339,319.103,0
ljahBVDaBNE_15103-15857,396,2,1101.571428571429,10.285714285714285,154.0,172.0,inside_visible,1116.01,506.05775000000006,1
ljahBVDaBNE_15103-15857,396,3,563.8245614035088,27.912280701754387,200.0,200.0,inside_visible,542.1462222222223,300.6173333333333,1
ljahBVDaBNE_15103-15857,397,1,1537.0,3.5,240.0,237.0,inside_visible,1108.647,314.5315,0
ljahBVDaBNE_15103-15857,397,2,1101.7142857142858,12.857142857142858,154.0,172.0,inside_visible,1113.6505,506.394875,1
ljahBVDaBNE_15103-15857,397,3,563.5438596491229,27.771929824561404,200.0,200.0,inside_visible,543.1949166666667,300.093,1
ljahBVDaBNE_15103-15857,398,1,1537.0,3.0,240.0,237.0,inside_visible,1092.955,309.96,0
ljahBVDaBNE_15103-15857,398,2,1101.857142857143,15.428571428571429,154.0,172.0,inside_visible,1111.291,506.732,1
ljahBVDaBNE_15103-15857,398,3,563.2631578947369,27.63157894736842,200.0,200.0,inside_visible,544.2436111111111,299.5686666666667,1
ljahBVDaBNE_15103-15857,399,1,1537.0,2.5,240.0,237.0,inside_visible,964.004,297.298,0
ljahBVDaBNE_15103-15857,399,2,1102.0,18.0,154.0,172.0,inside_visible,1112.56,506.8906470588236,1
ljahBVDaBNE_15103-15857,399,3,562.9824561403509,27.49122807017544,200.0,200.0,inside_visible,545.2923055555556,299.0443333333333,1
ljahBVDaBNE_15103-15857,400,1,1537.0,2.0,240.0,237.0,inside_visible,962.7067692307692,298.78561538461537,0
ljahBVDaBNE_15103-15857,400,2,1102.142857142857,20.57142857142857,154.0,172.0,inside_visible,1113.829,507.0492941176471,1
ljahBVDaBNE_15103-15857,400,3,562.7017543859649,27.350877192982452,200.0,200.0,inside_visible,546.341,298.52,1
ljahBVDaBNE_15103-15857,401,1,1537.0,1.5,240.0,237.0,inside_visible,961.4095384615384,300.2732307692308,0
ljahBVDaBNE_15103-15857,401,2,1102.2857142857142,23.142857142857142,154.0,172.0,inside_visible,1115.098,507.2079411764706,1
ljahBVDaBNE_15103-15857,401,3,562.421052631579,27.210526315789476,200.0,200.0,inside_visible,558.4758333333333,303.0143333333333,1
ljahBVDaBNE_15103-15857,402,1,1537.0,1.0,240.0,237.0,inside_visible,960.1123076923076,301.76084615384616,0
ljahBVDaBNE_15103-15857,402,2,1102.428571428571,25.714285714285715,154.0,172.0,inside_visible,1116.367,507.36658823529416,1
ljahBVDaBNE_15103-15857,402,3,562.140350877193,27.070175438596493,200.0,200.0,inside_visible,570.6106666666667,307.50866666666667,1
ljahBVDaBNE_15103-15857,403,1,1537.0,0.5,240.0,237.0,inside_visible,958.815076923077,303.2484615384615,0
ljahBVDaBNE_15103-15857,403,2,1102.571428571429,28.285714285714285,154.0,172.0,inside_visible,1117.636,507.5252352941176,1
ljahBVDaBNE_15103-15857,403,3,561.859649122807,26.929824561403507,200.0,200.0,inside_visible,582.7455,312.003,1
ljahBVDaBNE_15103-15857,404,1,1537.0,0.0,240.0,237.0,inside_visible,957.517846153846,304.7360769230769,0
ljahBVDaBNE_15103-15857,404,2,1102.7142857142858,30.85714285714285,154.0,172.0,inside_visible,1118.905,507.6838823529412,1
ljahBVDaBNE_15103-15857,404,3,561.578947368421,26.789473684210527,200.0,200.0,inside_visible,594.8803333333333,316.4973333333333,1
ljahBVDaBNE_15103-15857,405,1,1537.0,0.0,240.0,236.8139534883721,inside_visible,956.2206153846154,306.2236923076923,0
ljahBVDaBNE_15103-15857,405,2,1102.857142857143,33.42857142857143,154.0,172.0,inside_visible,1120.174,507.8425294117647,1
ljahBVDaBNE_15103-15857,405,3,561.2982456140351,26.649122807017545,200.0,200.0,inside_visible,607.0151666666667,320.9916666666667,1
ljahBVDaBNE_15103-15857,406,1,1537.0,0.0,240.0,236.62790697674416,inside_visible,954.9233846153846,307.7113076923077,0
ljahBVDaBNE_15103-15857,406,2,1103.0,36.0,154.0,172.0,inside_visible,1121.443,508.0011764705882,1
ljahBVDaBNE_15103-15857,406,3,561.0175438596491,26.50877192982456,200.0,200.0,inside_visible,619.15,325.486,1
ljahBVDaBNE_15103-15857,407,1,1537.0,0.0,240.0,236.4418604651163,inside_visible,953.626153846154,309.19892307692305,0
ljahBVDaBNE_15103-15857,407,2,1104.0,46.0,154.0,172.0,inside_visible,1122.712,508.15982352941177,1
ljahBVDaBNE_15103-15857,407,3,560.7368421052631,26.36842105263158,200.0,200.0,inside_visible,613.7565,353.8005,1
ljahBVDaBNE_15103-15857,408,1,1537.0,0.0,240.0,236.2558139534884,inside_visible,952.328923076923,310.6865384615385,0
ljahBVDaBNE_15103-15857,408,2,1105.0,56.0,154.0,172.0,inside_visible,1123.981,508.3184705882353,1
ljahBVDaBNE_15103-15857,408,3,560.4561403508771,26.2280701754386,200.0,200.0,inside_visible,608.363,382.115,1
ljahBVDaBNE_15103-15857,409,1,1537.0,0.0,240.0,236.06976744186048,inside_visible,951.0316923076924,312.17415384615384,0
ljahBVDaBNE_15103-15857,409,2,1106.0,66.0,154.0,172.0,inside_visible,1125.25,508.4771176470588,1
ljahBVDaBNE_15103-15857,409,3,560.1754385964912,26.087719298245613,200.0,200.0,inside_visible,588.5876666666667,423.46333333333337,1
ljahBVDaBNE_15103-15857,410,1,1537.0,0.0,240.0,235.88372093023256,inside_visible,949.7344615384616,313.6617692307692,0
ljahBVDaBNE_15103-15857,410,2,1107.0,76.0,154.0,172.0,inside_visible,1126.519,508.6357647058824,1
ljahBVDaBNE_15103-15857,410,3,559.8947368421053,25.94736842105263,200.0,200.0,inside_visible,568.8123333333334,464.81166666666667,1
ljahBVDaBNE_15103-15857,411,1,1537.0,0.0,240.0,235.69767441860463,inside_visible,948.4372307692308,315.14938461538463,0
ljahBVDaBNE_15103-15857,411,2,1108.0,86.0,154.0,172.0,inside_occluded,1127.788,508.7944117647058,1
ljahBVDaBNE_15103-15857,411,3,559.6140350877193,25.80701754385965,200.0,200.0,inside_visible,549.037,506.16,1
ljahBVDaBNE_15103-15857,412,1,1537.0,0.0,240.0,235.51162790697677,inside_visible,947.14,316.637,0
ljahBVDaBNE_15103-15857,412,2,1114.0,102.0,154.0,172.0,inside_occluded,1129.057,508.9530588235294,1
ljahBVDaBNE_15103-15857,412,3,559.3333333333334,25.666666666666668,200.0,200.0,inside_visible,591.9135,492.2275,1
ljahBVDaBNE_15103-15857,413,1,1537.0,0.0,240.0,235.32558139534885,inside_visible,948.3657272727272,314.4306363636364,0
ljahBVDaBNE_15103-15857,413,2,1112.75,115.5,154.0,172.0,inside_occluded,1130.326,509.1117058823529,1
ljahBVDaBNE_15103-15857,413,3,559.0526315789474,25.526315789473685,200.0,200.0,inside_visible,634.79,478.295,1
ljahBVDaBNE_15103-15857,414,1,1537.0,0.0,240.0,235.13953488372093,inside_visible,949.5914545454546,312.2242727272727,0
ljahBVDaBNE_15103-15857,414,2,1111.5,129.0,154.0,172.0,inside_occluded,1131.595,509.2703529411765,1
ljahBVDaBNE_15103-15857,414,3,558.7719298245614,25.385964912280706,200.0,200.0,inside_visible,629.127,480.54225,1
ljahBVDaBNE_15103-15857,415,1,1537.0,0.0,240.0,234.95348837209303,inside_visible,950.8171818181818,310.0179090909091,0
ljahBVDaBNE_15103-15857,415,2,1110.25,142.5,154.0,172.0,inside_visible,1132.864,509.429,1
ljahBVDaBNE_15103-15857,415,3,558.4912280701755,25.24561403508772,200.0,200.0,inside_visible,623.4639999999999,482.7895,1
ljahBVDaBNE_15103-15857,416,1,1537.0,0.0,240.0,234.7674418604651,inside_visible,952.0429090909092,307.81154545454547,0
ljahBVDaBNE_15103-15857,416,2,1109.0,156.0,154.0,172.0,inside_visible,1135.6804444444444,508.4402222222222,1
ljahBVDaBNE_15103-15857,416,3,558.2105263157895,25.105263157894736,200.0,200.0,inside_visible,617.801,485.03675,1
ljahBVDaBNE_15103-15857,417,1,1537.0,0.0,240.0,234.5813953488372,inside_visible,953.2686363636363,305.60518181818185,0
ljahBVDaBNE_15103-15857,417,2,1114.0,153.0,154.0,172.0,inside_visible,1138.4968888888889,507.4514444444444,1
ljahBVDaBNE_15103-15857,417,3,557.9298245614035,24.964912280701757,200.0,200.0,inside_visible,612.138,487.284,1
ljahBVDaBNE_15103-15857,418,1,1537.0,0.0,240.0,234.3953488372093,inside_visible,954.4943636363636,303.39881818181817,0
ljahBVDaBNE_15103-15857,418,2,1115.5,159.5,154.0,172.0,inside_visible,1141.3133333333333,506.4626666666666,1
ljahBVDaBNE_15103-15857,418,3,557.6491228070175,24.82456140350877,200.0,200.0,inside_visible,604.45275,485.2615,1
ljahBVDaBNE_15103-15857,419,1,1537.0,0.0,240.0,234.2093023255814,inside_visible,955.7200909090908,301.1924545454545,0
ljahBVDaBNE_15103-15857,419,2,1117.0,166.0,154.0,172.0,inside_visible,1144.1297777777777,505.4738888888888,1
ljahBVDaBNE_15103-15857,419,3,557.3684210526316,24.684210526315788,200.0,200.0,inside_visible,596.7675,483.239,1
ljahBVDaBNE_15103-15857,420,1,1537.0,0.0,240.0,234.02325581395348,inside_visible,956.9458181818184,298.98609090909093,0
ljahBVDaBNE_15103-15857,420,2,1116.0,161.6,154.0,172.00000000000003,inside_visible,1146.9462222222223,504.4851111111111,1
ljahBVDaBNE_15103-15857,420,3,557.0877192982456,24.54385964912281,200.0,200.0,inside_visible,589.08225,481.2165,1
ljahBVDaBNE_15103-15857,421,1,1537.0,0.0,240.0,233.8372093023256,inside_visible,958.1715454545456,296.7797272727273,0
ljahBVDaBNE_15103-15857,421,2,1115.0,157.2,154.0,172.0,inside_visible,1149.7626666666667,503.4963333333333,1
ljahBVDaBNE_15103-15857,421,3,556.8070175438596,24.403508771929825,200.0,200.0,inside_visible,581.397,479.194,1
ljahBVDaBNE_15103-15857,422,1,1537.0,0.0,240.0,233.65116279069767,inside_visible,959.3972727272728,294.57336363636364,0
ljahBVDaBNE_15103-15857,422,2,1114.0,152.8,154.0,172.0,inside_visible,1152.5791111111112,502.50755555555554,1
ljahBVDaBNE_15103-15857,422,3,556.5263157894736,24.26315789473684,200.0,200.0,inside_visible,580.6046666666667,472.0011666666667,1
ljahBVDaBNE_15103-15857,423,1,1537.0,0.0,240.0,233.46511627906975,inside_visible,960.623,292.367,0
ljahBVDaBNE_15103-15857,423,2,1113.0,148.4,154.0,171.99999999999997,inside_visible,1155.3955555555556,501.51877777777776,1
ljahBVDaBNE_15103-15857,423,3,556.2456140350877,24.12280701754386,200.0,200.0,inside_visible,579.8123333333334,464.8083333333333,1
ljahBVDaBNE_15103-15857,424,1,1537.0,0.0,240.0,233.27906976744185,inside_visible,1058.78,330.03,0
ljahBVDaBNE_15103-15857,424,2,1112.0,144.0,154.0,172.0,inside_visible,1158.212,500.53,1
ljahBVDaBNE_15103-15857,424,3,555.9649122807018,23.98245614035088,200.0,200.0,inside_visible,579.02,457.6155,1
ljahBVDaBNE_15103-15857,425,1,1537.0,0.0,240.0,233.093023255814,inside_visible,1059.859,329.94,0
ljahBVDaBNE_15103-15857,425,2,1113.0,132.0,154.0,172.0,inside_visible,1068.145,328.755,1
ljahBVDaBNE_15103-15857,425,3,555.6842105263158,23.84210526315789,200.0,200.0,inside_visible,578.2276666666667,450.42266666666666,1
ljahBVDaBNE_15103-15857,426,1,1537.0,0.0,240.0,232.90697674418604,inside_visible,1060.937,320.412,0
ljahBVDaBNE_15103-15857,426,2,1114.0,120.0,154.0,172.0,inside_visible,1067.74375,334.66875,1
ljahBVDaBNE_15103-15857,426,3,555.4035087719299,23.70175438596491,200.0,200.0,inside_visible,577.4353333333333,443.2298333333333,1
ljahBVDaBNE_15103-15857,427,1,1537.0,0.0,240.0,232.72093023255812,inside_visible,1060.6675,318.5245,0
ljahBVDaBNE_15103-15857,427,2,1115.0,108.0,154.0,172.0,inside_visible,1067.3425,340.5825,1
ljahBVDaBNE_15103-15857,427,3,555.1228070175439,23.56140350877193,200.0,200.0,inside_visible,576.643,436.037,1
ljahBVDaBNE_15103-15857,428,1,1537.0,0.0,240.0,232.53488372093025,inside_visible,1060.398,316.637,0
ljahBVDaBNE_15103-15857,428,2,1109.0,117.0,154.0,172.0,inside_visible,1066.94125,346.49625000000003,1
ljahBVDaBNE_15103-15857,428,3,554.8421052631579,23.42105263157895,200.0,200.0,inside_visible,637.317,367.947,1
ljahBVDaBNE_15103-15857,429,1,1537.0,0.0,240.0,232.34883720930236,inside_visible,1075.679,348.772,0
ljahBVDaBNE_15103-15857,429,2,1111.5,99.5,154.0,172.0,inside_visible,1066.54,352.41,1
ljahBVDaBNE_15103-15857,429,3,554.561403508772,23.28070175438597,200.0,200.0,inside_visible,649.452,343.003,1
ljahBVDaBNE_15103-15857,430,1,1537.0,0.0,240.0,232.1627906976744,inside_visible,1093.657,370.12,0
ljahBVDaBNE_15103-15857,430,2,1114.0,82.0,154.0,172.0,inside_visible,1079.622,372.4813333333333,1
ljahBVDaBNE_15103-15857,430,3,554.280701754386,23.140350877192983,200.0,200.0,inside_visible,653.497,332.891,1
ljahBVDaBNE_15103-15857,431,1,1537.0,0.0,240.0,231.9767441860465,inside_visible,1123.769,402.255,0
ljahBVDaBNE_15103-15857,431,2,1112.75,79.25,154.0,172.0,inside_visible,1092.704,392.5526666666667,1
ljahBVDaBNE_15103-15857,431,3,554.0,23.0,200.0,200.0,inside_visible,668.328,320.082,1
ljahBVDaBNE_15103-15857,432,1,1537.0,0.0,240.0,231.7906976744186,inside_visible,1106.241,394.839,0
ljahBVDaBNE_15103-15857,432,2,1111.5,76.5,154.0,172.0,inside_visible,1105.786,412.624,1
ljahBVDaBNE_15103-15857,432,3,553.1428571428571,23.0,200.0,200.0,inside_visible,659.9979999999999,320.03714285714284,1
ljahBVDaBNE_15103-15857,433,1,1537.0,0.0,240.0,231.6046511627907,inside_visible,1108.8135,402.38,0
ljahBVDaBNE_15103-15857,433,2,1110.25,73.75,154.0,172.0,inside_visible,1097.295,411.122,1
ljahBVDaBNE_15103-15857,433,3,552.2857142857143,23.0,200.0,200.0,inside_visible,651.668,319.9922857142857,1
ljahBVDaBNE_15103-15857,434,1,1537.0,0.0,240.0,231.4186046511628,inside_visible,1111.386,409.921,0
ljahBVDaBNE_15103-15857,434,2,1109.0,71.0,154.0,172.0,inside_visible,1101.003,410.785,1
ljahBVDaBNE_15103-15857,434,3,551.4285714285714,23.0,200.0,200.0,inside_visible,643.338,319.94742857142853,1
ljahBVDaBNE_15103-15857,435,1,1537.0,0.0,240.0,231.2325581395349,inside_visible,1113.9585,417.462,0
ljahBVDaBNE_15103-15857,435,2,1109.428571428571,68.28571428571429,154.0,172.0,inside_visible,1102.0142857142855,414.30028571428574,1
ljahBVDaBNE_15103-15857,435,3,550.5714285714286,23.0,200.0,200.0,inside_visible,635.008,319.90257142857143,1
ljahBVDaBNE_15103-15857,436,1,1537.0,0.0,240.0,231.04651162790697,inside_visible,1116.531,425.003,0
ljahBVDaBNE_15103-15857,436,2,1109.857142857143,65.57142857142857,154.0,172.0,inside_visible,1103.0255714285713,417.81557142857145,1
ljahBVDaBNE_15103-15857,436,3,549.7142857142857,23.0,200.0,200.0,inside_visible,626.678,319.8577142857143,1
ljahBVDaBNE_15103-15857,437,1,1537.0,0.0,240.0,230.86046511627907,inside_visible,1119.1035,432.544,0
ljahBVDaBNE_15103-15857,437,2,1110.2857142857142,62.85714285714286,154.0,172.0,inside_visible,1104.0368571428571,421.3308571428572,1
ljahBVDaBNE_15103-15857,437,3,548.8571428571429,23.0,200.0,200.0,inside_visible,618.3480000000001,319.8128571428571,1
ljahBVDaBNE_15103-15857,438,1,1537.0,0.0,240.0,230.67441860465115,inside_visible,1121.676,440.085,0
ljahBVDaBNE_15103-15857,438,2,1110.7142857142858,60.142857142857146,154.0,172.0,inside_visible,1105.048142857143,424.84614285714287,1
ljahBVDaBNE_15103-15857,438,3,548.0,23.0,200.0,200.0,inside_visible,610.018,319.768,1
ljahBVDaBNE_15103-15857,439,1,1537.0,0.0,240.0,230.4883720930233,inside_visible,1124.2485,447.626,0
ljahBVDaBNE_15103-15857,439,2,1111.142857142857,57.42857142857143,154.0,172.0,inside_visible,1106.0594285714287,428.3614285714286,1
ljahBVDaBNE_15103-15857,439,3,547.1428571428571,23.0,200.0,200.0,inside_visible,546.214,267.331,1
ljahBVDaBNE_15103-15857,440,1,1537.0,0.0,240.0,230.3023255813953,inside_visible,1126.821,455.167,0
ljahBVDaBNE_15103-15857,440,2,1111.571428571429,54.71428571428572,154.0,172.0,inside_visible,1107.0707142857143,431.8767142857143,1
ljahBVDaBNE_15103-15857,440,3,546.2857142857143,23.0,200.0,200.0,inside_visible,545.2968000000001,275.5536,1
ljahBVDaBNE_15103-15857,441,1,1537.0,0.0,240.0,230.11627906976744,inside_visible,1085.023,414.7175,0
ljahBVDaBNE_15103-15857,441,2,1112.0,52.0,154.0,172.0,inside_visible,1108.082,435.392,1
ljahBVDaBNE_15103-15857,441,3,545.4285714285714,23.0,200.0,200.0,inside_visible,544.3796000000001,283.7762,1
ljahBVDaBNE_15103-15857,442,1,1537.0,0.0,240.0,229.93023255813952,inside_visible,1043.225,374.268,0
ljahBVDaBNE_15103-15857,442,2,1113.0,49.8,154.0,172.0,inside_visible,1054.146,355.805,1
ljahBVDaBNE_15103-15857,442,3,544.5714285714286,23.0,200.0,200.0,inside_visible,543.4624,291.9988,1
ljahBVDaBNE_15103-15857,443,1,1537.0,0.0,240.0,229.74418604651163,inside_visible,1029.742,352.695,0
ljahBVDaBNE_15103-15857,443,2,1114.0,47.6,154.0,172.0,inside_visible,1016.389,338.241,1
ljahBVDaBNE_15103-15857,443,3,543.7142857142857,23.0,200.0,200.0,inside_visible,542.5452,300.2214,1
ljahBVDaBNE_15103-15857,444,1,1537.0,0.0,240.0,229.5581395348837,inside_visible,1037.0614285714285,357.3178571428571,0
ljahBVDaBNE_15103-15857,444,2,1115.0,45.4,154.0,172.0,inside_visible,1025.82725,349.701625,1
ljahBVDaBNE_15103-15857,444,3,542.8571428571429,23.0,200.0,200.0,inside_visible,541.628,308.444,1
ljahBVDaBNE_15103-15857,445,1,1537.0,0.0,240.0,229.3720930232558,inside_visible,1044.3808571428572,361.9407142857143,0
ljahBVDaBNE_15103-15857,445,2,1116.0,43.2,154.0,172.0,inside_visible,1035.2655,361.16225,1
ljahBVDaBNE_15103-15857,445,3,542.0,23.0,200.0,200.0,inside_visible,537.1336666666667,314.736,1
ljahBVDaBNE_15103-15857,446,1,1537.0,0.0,240.0,229.18604651162792,inside_visible,1051.7002857142857,366.5635714285714,0
ljahBVDaBNE_15103-15857,446,2,1117.0,41.0,154.0,172.0,inside_visible,1044.70375,372.622875,1
ljahBVDaBNE_15103-15857,446,3,541.1428571428571,23.0,200.0,200.0,inside_visible,532.6393333333333,321.028,1
ljahBVDaBNE_15103-15857,447,1,1537.0,0.0,240.0,229.0,inside_visible,1059.0197142857144,371.18642857142856,0
ljahBVDaBNE_15103-15857,447,2,1117.0,33.0,154.0,172.0,inside_visible,1054.142,384.0835,1
ljahBVDaBNE_15103-15857,447,3,540.2857142857143,23.0,200.0,200.0,inside_visible,528.145,327.32,1
ljahBVDaBNE_15103-15857,448,1,1541.0,0.0,240.0,229.0,inside_visible,1066.3391428571429,375.8092857142857,0
ljahBVDaBNE_15103-15857,448,2,1117.0,25.0,154.0,172.0,inside_visible,1063.58025,395.544125,1
ljahBVDaBNE_15103-15857,448,3,539.4285714285714,23.0,200.0,200.0,inside_visible,527.6056666666666,327.8593333333333,1
ljahBVDaBNE_15103-15857,449,1,1545.0,0.0,240.0,229.0,inside_visible,1073.6585714285716,380.4321428571429,0
ljahBVDaBNE_15103-15857,449,2,1117.0,17.0,154.0,172.0,inside_visible,1073.0185,407.00475,1
ljahBVDaBNE_15103-15857,449,3,538.5714285714286,23.0,200.0,200.0,inside_visible,527.0663333333333,328.39866666666666,1
ljahBVDaBNE_15103-15857,450,1,1545.8,0.0,240.0,229.0,inside_visible,1080.978,385.055,0
ljahBVDaBNE_15103-15857,450,2,1117.0,9.0,154.0,172.0,inside_visible,1082.45675,418.465375,1
ljahBVDaBNE_15103-15857,450,3,537.7142857142857,23.0,200.0,200.0,inside_visible,526.5269999999999,328.938,1
ljahBVDaBNE_15103-15857,451,1,1546.6,0.0,240.0,229.0,inside_visible,1086.3713333333333,396.74033333333335,0
ljahBVDaBNE_15103-15857,451,2,1117.0,7.5,154.0,172.0,inside_visible,1091.895,429.926,1
ljahBVDaBNE_15103-15857,451,3,536.8571428571429,23.0,200.0,200.0,inside_visible,525.9876666666667,329.4773333333333,1
ljahBVDaBNE_15103-15857,452,1,1547.4,0.0,240.0,229.0,inside_visible,1091.7646666666667,408.4256666666666,0
ljahBVDaBNE_15103-15857,452,2,1117.0,6.0,154.0,172.0,inside_visible,1092.9736,434.78,1
ljahBVDaBNE_15103-15857,452,3,536.0,23.0,200.0,200.0,inside_visible,525.4483333333333,330.01666666666665,1
ljahBVDaBNE_15103-15857,453,1,1548.2,0.0,240.0,229.0,inside_visible,1097.158,420.111,0
ljahBVDaBNE_15103-15857,453,2,1117.0,4.5,154.0,172.0,inside_visible,1094.0522,439.634,1
ljahBVDaBNE_15103-15857,453,3,535.1428571428571,23.0,200.0,200.0,inside_visible,524.909,330.556,1
ljahBVDaBNE_15103-15857,454,1,1549.0,0.0,240.0,229.0,inside_visible,986.596,301.459,0
ljahBVDaBNE_15103-15857,454,2,1117.0,3.0,154.0,172.0,inside_visible,1095.1308,444.488,1
ljahBVDaBNE_15103-15857,454,3,534.2857142857143,23.0,200.0,200.0,inside_visible,524.3696666666666,331.0953333333333,1
ljahBVDaBNE_15103-15857,455,1,1549.8,0.0,240.0,229.0,inside_visible,996.8432,296.605,0
ljahBVDaBNE_15103-15857,455,2,1117.0,1.5,154.0,172.0,inside_visible,1096.2094,449.342,1
ljahBVDaBNE_15103-15857,455,3,533.4285714285714,23.0,200.0,200.0,inside_visible,523.8303333333333,331.6346666666667,1
ljahBVDaBNE_15103-15857,456,1,1550.6,0.0,240.0,229.0,inside_visible,1007.0904,291.75100000000003,0
ljahBVDaBNE_15103-15857,456,2,1117.0,0.0,154.0,172.0,inside_visible,1097.288,454.196,1
ljahBVDaBNE_15103-15857,456,3,532.5714285714286,23.0,200.0,200.0,inside_visible,523.2909999999999,332.17400000000004,1
ljahBVDaBNE_15103-15857,457,1,1551.4,0.0,240.0,229.0,inside_visible,1017.3376,286.897,0
ljahBVDaBNE_15103-15857,457,2,1117.0,0.0,154.0,170.66666666666666,inside_visible,1093.243,449.477,1
ljahBVDaBNE_15103-15857,457,3,531.7142857142857,23.0,200.0,200.0,inside_visible,522.7516666666667,332.71333333333337,1
ljahBVDaBNE_15103-15857,458,1,1552.2,0.0,240.0,229.0,inside_visible,1027.5848,282.043,0
ljahBVDaBNE_15103-15857,458,2,1117.0,0.0,154.0,169.33333333333334,inside_visible,1089.198,444.758,1
ljahBVDaBNE_15103-15857,458,3,530.8571428571429,23.0,200.0,200.0,inside_visible,522.2123333333333,333.2526666666667,1
ljahBVDaBNE_15103-15857,459,1,1553.0,0.0,240.0,229.0,inside_visible,1037.832,277.189,0
ljahBVDaBNE_15103-15857,459,2,1117.0,0.0,154.0,168.0,inside_visible,1085.153,440.039,1
ljahBVDaBNE_15103-15857,459,3,530.0,23.0,200.0,200.0,inside_visible,521.673,333.79200000000003,1
ljahBVDaBNE_15103-15857,460,1,1553.8,0.0,240.0,229.0,inside_visible,1043.8995,289.32375,0
ljahBVDaBNE_15103-15857,460,2,1117.0,0.0,154.0,166.66666666666666,inside_visible,1081.108,435.32,1
ljahBVDaBNE_15103-15857,460,3,531.3333333333334,21.944444444444443,200.0,200.0,inside_visible,521.1336666666666,334.33133333333336,1
ljahBVDaBNE_15103-15857,461,1,1554.6,0.0,240.0,229.0,inside_visible,1049.967,301.4585,0
ljahBVDaBNE_15103-15857,461,2,1117.0,0.0,154.0,165.33333333333334,inside_visible,1149.872,243.859,1
ljahBVDaBNE_15103-15857,461,3,532.6666666666666,20.88888888888889,200.0,200.0,inside_visible,520.5943333333333,334.8706666666667,1
ljahBVDaBNE_15103-15857,462,1,1555.4,0.0,240.0,229.0,inside_visible,1056.0345000000002,313.59325,0
ljahBVDaBNE_15103-15857,462,2,1117.0,0.0,154.0,164.0,inside_visible,1151.22,254.646,1
ljahBVDaBNE_15103-15857,462,3,534.0,19.83333333333333,200.0,200.0,inside_visible,520.055,335.41,1
ljahBVDaBNE_15103-15857,463,1,1556.2,0.0,240.0,229.0,inside_visible,1062.102,325.728,0
ljahBVDaBNE_15103-15857,463,2,1117.0,0.0,154.0,162.66666666666666,inside_visible,1154.8155,249.70216666666664,1
ljahBVDaBNE_15103-15857,463,3,535.3333333333334,18.77777777777778,200.0,200.0,inside_visible,519.8098181818182,336.1454545454546,1
ljahBVDaBNE_15103-15857,464,1,1557.0,0.0,240.0,229.0,inside_visible,1066.5963333333334,339.211,0
ljahBVDaBNE_15103-15857,464,2,1117.0,0.0,154.0,161.33333333333334,inside_visible,1158.411,244.75833333333333,1
ljahBVDaBNE_15103-15857,464,3,536.6666666666666,17.72222222222222,200.0,200.0,inside_visible,519.5646363636363,336.8809090909091,1
ljahBVDaBNE_15103-15857,465,1,1557.8,0.0,240.0,229.0,inside_visible,1071.0906666666667,352.694,0
ljahBVDaBNE_15103-15857,465,2,1117.0,0.0,154.0,160.0,inside_visible,1162.0065,239.8145,1
ljahBVDaBNE_15103-15857,465,3,538.0,16.666666666666668,200.0,200.0,inside_visible,519.3194545454545,337.61636363636364,1
ljahBVDaBNE_15103-15857,466,1,1558.6,0.0,240.0,229.0,inside_visible,1075.585,366.177,0
ljahBVDaBNE_15103-15857,466,2,1117.0,0.0,154.0,158.66666666666666,inside_visible,1165.602,234.87066666666664,1
ljahBVDaBNE_15103-15857,466,3,539.3333333333334,15.61111111111111,200.0,200.0,inside_visible,519.0742727272727,338.3518181818182,1
ljahBVDaBNE_15103-15857,467,1,1559.4,0.0,240.0,229.0,inside_visible,1082.42275,372.9185,0
ljahBVDaBNE_15103-15857,467,2,1117.0,0.0,154.0,157.33333333333334,inside_visible,1169.1975,229.9268333333333,1
ljahBVDaBNE_15103-15857,467,3,540.6666666666666,14.555555555555555,200.0,200.0,inside_visible,518.8290909090908,339.0872727272728,1
ljahBVDaBNE_15103-15857,468,1,1560.2,0.0,240.0,229.0,inside_visible,1089.2605,379.66,0
ljahBVDaBNE_15103-15857,468,2,1117.0,0.0,154.0,156.0,inside_visible,1172.793,224.983,1
ljahBVDaBNE_15103-15857,468,3,542.0,13.5,200.0,200.0,inside_visible,518.5839090909091,339.82272727272726,1
ljahBVDaBNE_15103-15857,469,1,1561.0,0.0,240.0,229.0,inside_visible,1096.09825,386.4015,0
ljahBVDaBNE_15103-15857,469,2,1116.7368421052631,0.0,154.0,156.0,inside_visible,1171.7143999999998,216.3538,1
ljahBVDaBNE_15103-15857,469,3,543.3333333333334,12.444444444444445,200.0,200.0,inside_visible,518.3387272727272,340.5581818181818,1
ljahBVDaBNE_15103-15857,470,1,1562.4545454545455,0.0,240.0,229.0,inside_visible,1102.936,393.143,0
ljahBVDaBNE_15103-15857,470,2,1116.4736842105262,0.0,154.0,156.0,inside_visible,1170.6358,207.7246,1
ljahBVDaBNE_15103-15857,470,3,544.6666666666666,11.388888888888888,200.0,200.0,inside_visible,518.0935454545454,341.2936363636364,1
ljahBVDaBNE_15103-15857,471,1,1563.909090909091,0.0,240.0,229.0,inside_visible,1244.83,547.75,0
ljahBVDaBNE_15103-15857,471,2,1116.2105263157894,0.0,154.0,156.0,inside_visible,1169.5572,199.0954,1
ljahBVDaBNE_15103-15857,471,3,546.0,10.333333333333334,200.0,200.0,inside_visible,517.8483636363636,342.02909090909094,1
ljahBVDaBNE_15103-15857,472,1,1565.3636363636365,0.0,240.0,229.0,inside_visible,1228.972,532.469,0
ljahBVDaBNE_15103-15857,472,2,1115.9473684210527,0.0,154.0,156.0,inside_visible,1168.4786,190.4662,1
ljahBVDaBNE_15103-15857,472,3,547.3333333333334,9.27777777777778,200.0,200.0,inside_visible,517.6031818181817,342.76454545454544,1
ljahBVDaBNE_15103-15857,473,1,1566.8181818181818,0.0,240.0,229.0,inside_visible,1358.731,420.109,0
ljahBVDaBNE_15103-15857,473,2,1115.6842105263158,0.0,154.0,156.0,inside_visible,1167.4,181.837,1
ljahBVDaBNE_15103-15857,473,3,548.6666666666666,8.222222222222221,200.0,200.0,inside_visible,517.358,343.5,1
ljahBVDaBNE_15103-15857,474,1,1568.2727272727273,0.0,240.0,229.0,inside_visible,1359.541,417.321,0
ljahBVDaBNE_15103-15857,474,2,1115.421052631579,0.0,154.0,156.0,inside_visible,1167.548153846154,179.9996923076923,1
ljahBVDaBNE_15103-15857,474,3,550.0,7.166666666666666,200.0,200.0,inside_visible,444.549,340.803,1
ljahBVDaBNE_15103-15857,475,1,1569.7272727272727,0.0,240.0,229.0,inside_visible,1373.835,422.621,0
ljahBVDaBNE_15103-15857,475,2,1115.157894736842,0.0,154.0,156.0,inside_visible,1167.6963076923078,178.1623846153846,1
ljahBVDaBNE_15103-15857,475,3,551.3333333333334,6.111111111111111,200.0,200.0,inside_visible,445.456,341.4649,1
ljahBVDaBNE_15103-15857,476,1,1571.1818181818182,0.0,240.0,229.0,inside_visible,1366.5556666666666,423.652,0
ljahBVDaBNE_15103-15857,476,2,1114.8947368421052,0.0,154.0,156.0,inside_visible,1167.8444615384617,176.32507692307692,1
ljahBVDaBNE_15103-15857,476,3,552.6666666666666,5.055555555555557,200.0,200.0,inside_visible,446.363,342.1268,1
ljahBVDaBNE_15103-15857,477,1,1572.6363636363635,0.0,240.0,229.0,inside_visible,1359.2763333333337,424.683,0
ljahBVDaBNE_15103-15857,477,2,1114.6315789473683,0.0,154.0,156.0,inside_visible,1167.9926153846154,174.48776923076923,1
ljahBVDaBNE_15103-15857,477,3,554.0,4.0,200.0,200.0,inside_visible,447.27,342.7887,1
ljahBVDaBNE_15103-15857,478,1,1574.090909090909,0.0,240.0,229.0,inside_visible,1351.997,425.714,0
ljahBVDaBNE_15103-15857,478,2,1114.3684210526317,0.0,154.0,156.0,inside_visible,1168.1407692307694,172.65046153846154,1
ljahBVDaBNE_15103-15857,478,3,554.7857142857143,4.0,200.0,200.0,inside_visible,448.177,343.4506,1
ljahBVDaBNE_15103-15857,479,1,1575.5454545454545,0.0,240.0,229.0,inside_visible,1355.504,433.037,0
ljahBVDaBNE_15103-15857,479,2,1114.1052631578948,0.0,154.0,156.0,inside_visible,1168.288923076923,170.81315384615385,1
ljahBVDaBNE_15103-15857,479,3,555.5714285714286,4.0,200.0,200.0,inside_visible,449.084,344.1125,1
ljahBVDaBNE_15103-15857,480,1,1577.0,0.0,240.0,229.0,inside_visible,1365.392,439.33,0
ljahBVDaBNE_15103-15857,480,2,1113.842105263158,0.0,154.0,156.0,inside_visible,1168.437076923077,168.9758461538461,1
ljahBVDaBNE_15103-15857,480,3,556.3571428571429,4.0,200.0,200.0,inside_visible,449.991,344.7744,1
ljahBVDaBNE_15103-15857,481,1,1578.1,0.0,240.0,229.0,inside_visible,1349.661,442.925,0
ljahBVDaBNE_15103-15857,481,2,1113.578947368421,0.0,154.0,156.0,inside_visible,1168.5852307692307,167.13853846153845,1
ljahBVDaBNE_15103-15857,481,3,557.1428571428571,4.0,200.0,200.0,inside_visible,450.898,345.4363,1
ljahBVDaBNE_15103-15857,482,1,1579.2,0.0,240.0,229.0,inside_visible,1347.414,438.431,0
ljahBVDaBNE_15103-15857,482,2,1113.3157894736842,0.0,154.0,156.0,inside_visible,1168.7333846153847,165.30123076923076,1
ljahBVDaBNE_15103-15857,482,3,557.9285714285714,4.0,200.0,200.0,inside_visible,451.805,346.0982,1
ljahBVDaBNE_15103-15857,483,1,1580.3,0.0,240.0,229.0,inside_visible,1356.12,442.443,0
ljahBVDaBNE_15103-15857,483,2,1113.0526315789473,0.0,154.0,156.0,inside_visible,1168.8815384615384,163.46392307692307,1
ljahBVDaBNE_15103-15857,483,3,558.7142857142857,4.0,200.0,200.0,inside_visible,452.7120000000001,346.7601,1
ljahBVDaBNE_15103-15857,484,1,1581.4,0.0,240.0,229.0,inside_visible,1359.4335,434.32,0
ljahBVDaBNE_15103-15857,484,2,1112.7894736842106,0.0,154.0,156.0,gaze_shift,1169.0296923076924,161.62661538461538,1
ljahBVDaBNE_15103-15857,484,3,559.5,4.0,200.0,200.0,inside_visible,453.619,347.422,1
ljahBVDaBNE_15103-15857,485,1,1582.5,0.0,240.0,229.0,inside_visible,1362.747,426.197,0
ljahBVDaBNE_15103-15857,485,2,1112.5263157894738,0.0,154.0,156.0,gaze_shift,1169.177846153846,159.7893076923077,1
ljahBVDaBNE_15103-15857,485,3,560.2857142857143,4.0,200.0,200.0,inside_visible,582.077,267.994,1
ljahBVDaBNE_15103-15857,486,1,1583.6,0.0,240.0,229.0,inside_visible,1361.1165,433.804,0
ljahBVDaBNE_15103-15857,486,2,1112.2631578947369,0.0,154.0,156.0,gaze_shift,1169.326,157.952,1
ljahBVDaBNE_15103-15857,486,3,561.0714285714286,4.0,200.0,200.0,inside_visible,580.312375,265.55475,1
ljahBVDaBNE_15103-15857,487,1,1584.7,0.0,240.0,229.0,inside_visible,1359.486,441.411,0
ljahBVDaBNE_15103-15857,487,2,1112.0,0.0,154.0,156.0,inside_visible,347.625,289.702,1
ljahBVDaBNE_15103-15857,487,3,561.8571428571429,4.0,200.0,200.0,inside_visible,578.54775,263.1155,1
ljahBVDaBNE_15103-15857,488,1,1585.8,0.0,240.0,229.0,inside_visible,1362.03525,437.962,0
ljahBVDaBNE_15103-15857,488,2,1111.2857142857142,0.0,154.0,154.14285714285714,inside_visible,348.0981538461538,286.7656923076923,1
ljahBVDaBNE_15103-15857,488,3,562.6428571428571,4.0,200.0,200.0,inside_visible,576.783125,260.67625000000004,1
ljahBVDaBNE_15103-15857,489,1,1586.9,0.0,240.0,229.0,inside_visible,1364.5845,434.513,0
ljahBVDaBNE_15103-15857,489,2,1110.571428571429,0.0,154.0,152.28571428571428,inside_visible,348.5713076923077,283.82938461538464,1
ljahBVDaBNE_15103-15857,489,3,563.4285714285714,4.0,200.0,200.0,inside_visible,575.0185,258.237,1
ljahBVDaBNE_15103-15857,490,1,1588.0,0.0,240.0,229.0,inside_visible,1367.13375,431.064,0
ljahBVDaBNE_15103-15857,490,2,1109.857142857143,0.0,154.0,150.42857142857142,outside_frame,349.0444615384615,280.89307692307693,1
ljahBVDaBNE_15103-15857,490,3,564.2142857142857,4.0,200.0,200.0,inside_visible,573.253875,255.79775,1
ljahBVDaBNE_15103-15857,491,1,1588.0,0.0,240.0,226.25,inside_visible,1369.683,427.615,0
ljahBVDaBNE_15103-15857,491,2,1109.142857142857,0.0,154.0,148.57142857142858,outside_frame,349.5176153846154,277.9567692307692,1
ljahBVDaBNE_15103-15857,491,3,565.0,4.0,200.0,200.0,inside_visible,571.4892500000001,253.3585,1
ljahBVDaBNE_15103-15857,492,1,1588.0,0.0,240.0,223.5,inside_visible,1370.3034166666666,426.96141666666665,0
ljahBVDaBNE_15103-15857,492,2,1108.428571428571,0.0,154.0,146.71428571428572,outside_frame,349.9907692307692,275.0204615384615,1
ljahBVDaBNE_15103-15857,492,3,566.2307692307693,4.0,200.0,200.0,inside_visible,569.7246250000001,250.91925,1
ljahBVDaBNE_15103-15857,493,1,1588.0,0.0,240.0,220.75,inside_visible,1370.9238333333333,426.30783333333335,0
ljahBVDaBNE_15103-15857,493,2,1107.7142857142858,0.0,154.0,144.85714285714286,outside_frame,350.4639230769231,272.08415384615387,1
ljahBVDaBNE_15103-15857,493,3,567.4615384615385,4.0,200.0,200.0,inside_visible,567.96,248.48,1
ljahBVDaBNE_15103-15857,494,1,1588.0,0.0,240.0,218.0,inside_visible,1371.54425,425.65425,0
ljahBVDaBNE_15103-15857,494,2,1107.0,0.0,154.0,143.0,outside_frame,350.9370769230769,269.14784615384616,1
ljahBVDaBNE_15103-15857,494,3,568.6923076923077,4.0,200.0,200.0,inside_visible,568.1674423076923,248.27255769230769,1
ljahBVDaBNE_15103-15857,495,1,1588.0,0.0,240.0,215.25,inside_visible,1372.1646666666666,425.0006666666667,0
ljahBVDaBNE_15103-15857,495,2,1107.0,0.0,154.0,142.81159420289856,outside_frame,351.4102307692308,266.21153846153845,1
ljahBVDaBNE_15103-15857,495,3,569.9230769230769,4.0,200.0,200.0,inside_visible,568.3748846153846,248.06511538461535,1
ljahBVDaBNE_15103-15857,496,1,1588.0,0.0,240.0,212.5,inside_visible,1372.7850833333332,424.3470833333333,0
ljahBVDaBNE_15103-15857,496,2,1107.0,0.0,154.0,142.6231884057971,outside_frame,351.8833846153846,263.27523076923075,1
ljahBVDaBNE_15103-15857,496,3,571.1538461538462,4.0,200.0,200.0,inside_visible,568.582326923077,247.85767307692308,1
ljahBVDaBNE_15103-15857,497,1,1588.0,0.0,240.0,209.75,inside_visible,1373.4054999999998,423.6935,0
ljahBVDaBNE_15103-15857,497,2,1107.0,0.0,154.0,142.43478260869566,outside_frame,352.3565384615385,260.3389230769231,1
ljahBVDaBNE_15103-15857,497,3,572.3846153846154,4.0,200.0,200.0,inside_visible,568.7897692307693,247.6502307692308,1
ljahBVDaBNE_15103-15857,498,1,1588.0,0.0,240.0,207.0,inside_visible,1374.0259166666667,423.0399166666666,0
ljahBVDaBNE_15103-15857,498,2,1107.0,0.0,154.0,142.2463768115942,outside_frame,352.8296923076923,257.4026153846154,1
ljahBVDaBNE_15103-15857,498,3,573.6153846153846,4.0,200.0,200.0,inside_visible,568.9972115384616,247.44278846153844,1
ljahBVDaBNE_15103-15857,499,1,1588.2272727272727,0.0,240.0,207.0,inside_visible,1374.6463333333334,422.3863333333333,0
ljahBVDaBNE_15103-15857,499,2,1107.0,0.0,154.0,142.05797101449275,outside_frame,353.3028461538462,254.46630769230768,1
ljahBVDaBNE_15103-15857,499,3,574.8461538461538,4.0,200.0,200.0,inside_visible,569.2046538461539,247.2353461538461,1
ljahBVDaBNE_15103-15857,500,1,1588.4545454545455,0.0,240.0,207.0,inside_visible,1375.26675,421.73275,0
ljahBVDaBNE_15103-15857,500,2,1107.0,0.0,154.0,141.8695652173913,outside_frame,353.776,251.53,1
ljahBVDaBNE_15103-15857,500,3,576.0769230769231,4.0,200.0,200.0,inside_visible,569.4120961538462,247.02790384615383,1
ljahBVDaBNE_15103-15857,501,1,1588.6818181818182,0.0,240.0,207.0,inside_visible,1375.8871666666666,421.07916666666665,0
ljahBVDaBNE_15103-15857,501,2,1107.0,0.0,154.0,141.68115942028984,outside_frame,900.213,274.73,1
ljahBVDaBNE_15103-15857,501,3,577.3076923076923,4.0,200.0,200.0,inside_visible,569.6195384615385,246.82046153846156,1
ljahBVDaBNE_15103-15857,502,1,1588.909090909091,0.0,240.0,207.0,inside_visible,1376.5075833333333,420.42558333333335,0
ljahBVDaBNE_15103-15857,502,2,1107.0,0.0,154.0,141.4927536231884,inside_visible,898.061,250.369,1
ljahBVDaBNE_15103-15857,502,3,578.5384615384615,4.0,200.0,200.0,inside_visible,569.8269807692308,246.61301923076925,1
ljahBVDaBNE_15103-15857,503,1,1589.1363636363635,0.0,240.0,207.0,inside_visible,1377.128,419.772,0
ljahBVDaBNE_15103-15857,503,2,1107.0,0.0,154.0,141.30434782608697,inside_visible,1149.393,172.075,1
ljahBVDaBNE_15103-15857,503,3,579.7692307692307,4.0,200.0,200.0,inside_visible,570.0344230769231,246.4055769230769,1
ljahBVDaBNE_15103-15857,504,1,1589.3636363636365,0.0,240.0,207.0,inside_visible,1376.6377272727273,417.5656363636364,0
ljahBVDaBNE_15103-15857,504,2,1107.0,0.0,154.0,141.1159420289855,inside_visible,1146.37325,176.43075,1
ljahBVDaBNE_15103-15857,504,3,581.0,4.0,200.0,200.0,inside_visible,570.2418653846154,246.19813461538465,1
ljahBVDaBNE_15103-15857,505,1,1589.590909090909,0.0,240.0,207.0,inside_visible,1376.1474545454544,415.3592727272727,0
ljahBVDaBNE_15103-15857,505,2,1107.0,0.0,154.0,140.92753623188406,inside_visible,1143.3535000000002,180.7865,1
ljahBVDaBNE_15103-15857,505,3,583.2,4.0,200.0,200.0,inside_visible,570.4493076923077,245.9906923076923,1
ljahBVDaBNE_15103-15857,506,1,1589.8181818181818,0.0,240.0,207.0,inside_visible,1375.6571818181817,413.1529090909091,0
ljahBVDaBNE_15103-15857,506,2,1107.0,0.0,154.0,140.7391304347826,inside_visible,1140.33375,185.14225,1
ljahBVDaBNE_15103-15857,506,3,585.4,4.0,200.0,200.0,inside_visible,570.65675,245.78325,1
ljahBVDaBNE_15103-15857,507,1,1590.0454545454545,0.0,240.0,207.0,inside_visible,1375.166909090909,410.9465454545455,0
ljahBVDaBNE_15103-15857,507,2,1107.0,0.0,154.0,140.55072463768116,inside_visible,1137.314,189.498,1
ljahBVDaBNE_15103-15857,507,3,587.6,4.0,200.0,200.0,inside_visible,570.8641923076923,245.57580769230768,1
ljahBVDaBNE_15103-15857,508,1,1590.2727272727273,0.0,240.0,207.0,inside_visible,1374.6766363636364,408.7401818181818,0
ljahBVDaBNE_15103-15857,508,2,1107.0,0.0,154.0,140.36231884057972,inside_visible,1137.314,191.05921052631575,1
ljahBVDaBNE_15103-15857,508,3,589.8,4.0,200.0,200.0,inside_visible,571.0716346153846,245.36836538461537,1
ljahBVDaBNE_15103-15857,509,1,1590.5,0.0,240.0,207.0,inside_visible,1374.1863636363637,406.53381818181816,0
ljahBVDaBNE_15103-15857,509,2,1107.0,0.0,154.0,140.17391304347825,inside_visible,1137.314,192.6204210526316,1
ljahBVDaBNE_15103-15857,509,3,592.0,4.0,200.0,200.0,inside_visible,571.2790769230769,245.16092307692307,1
ljahBVDaBNE_15103-15857,510,1,1590.7272727272727,0.0,240.0,207.0,inside_visible,1373.6960909090908,404.32745454545454,0
ljahBVDaBNE_15103-15857,510,2,1107.0,0.0,154.0,139.9855072463768,inside_visible,1137.314,194.18163157894736,1
ljahBVDaBNE_15103-15857,510,3,591.7575757575758,3.939393939393939,199.9242424242424,199.7121212121212,inside_visible,571.4865192307692,244.9534807692308,1
ljahBVDaBNE_15103-15857,511,1,1590.9545454545455,0.0,240.0,207.0,inside_visible,1373.205818181818,402.1210909090909,0
ljahBVDaBNE_15103-15857,511,2,1107.0,0.0,154.0,139.79710144927537,inside_visible,1137.314,195.74284210526315,1
ljahBVDaBNE_15103-15857,511,3,591.5151515151515,3.878787878787879,199.84848484848487,199.42424242424244,inside_visible,571.6939615384615,244.7460384615385,1
ljahBVDaBNE_15103-15857,512,1,1591.1818181818182,0.0,240.0,207.0,inside_visible,1372.7155454545457,399.9147272727273,0
ljahBVDaBNE_15103-15857,512,2,1107.0,0.0,154.0,139.6086956521739,inside_visible,1137.314,197.3040526315789,1
ljahBVDaBNE_15103-15857,512,3,591.2727272727273,3.8181818181818175,199.77272727272725,199.13636363636363,inside_visible,571.9014038461538,244.53859615384616,1
ljahBVDaBNE_15103-15857,513,1,1591.409090909091,0.0,240.0,207.0,inside_visible,1372.2252727272726,397.7083636363636,0
ljahBVDaBNE_15103-15857,513,2,1107.0,0.0,154.0,139.42028985507247,inside_visible,1137.314,198.86526315789476,1
ljahBVDaBNE_15103-15857,513,3,591.030303030303,3.757575757575758,199.69696969696972,198.84848484848484,inside_visible,572.1088461538461,244.33115384615385,1
ljahBVDaBNE_15103-15857,514,1,1591.6363636363635,0.0,240.0,207.0,inside_visible,1371.735,395.502,0
ljahBVDaBNE_15103-15857,514,2,1107.0,0.0,154.0,139.231884057971,inside_visible,1137.314,200.4264736842105,1
ljahBVDaBNE_15103-15857,514,3,590.7878787878788,3.696969696969697,199.62121212121207,198.5606060606061,inside_visible,572.3162884615384,244.12371153846155,1
ljahBVDaBNE_15103-15857,515,1,1591.8636363636365,0.0,240.0,207.0,inside_visible,1371.562742857143,394.10634285714286,0
ljahBVDaBNE_15103-15857,515,2,1107.0,0.0,154.0,139.04347826086956,inside_visible,1137.314,201.9876842105263,1
ljahBVDaBNE_15103-15857,515,3,590.5454545454545,3.636363636363636,199.54545454545465,198.27272727272728,inside_visible,572.5237307692307,243.9162692307692,1
ljahBVDaBNE_15103-15857,516,1,1592.090909090909,0.0,240.0,207.0,inside_visible,1371.3904857142857,392.7106857142857,0
ljahBVDaBNE_15103-15857,516,2,1107.0,0.0,154.0,138.85507246376812,inside_visible,1137.314,203.5488947368421,1
ljahBVDaBNE_15103-15857,516,3,590.3030303030303,3.575757575757576,199.469696969697,197.9848484848485,inside_visible,572.731173076923,243.7088269230769,1
ljahBVDaBNE_15103-15857,517,1,1592.3181818181818,0.0,240.0,207.0,inside_visible,1371.2182285714284,391.31502857142857,0
ljahBVDaBNE_15103-15857,517,2,1107.0,0.0,154.0,138.66666666666666,inside_visible,1137.314,205.1101052631579,1
ljahBVDaBNE_15103-15857,517,3,590.060606060606,3.515151515151515,199.3939393939395,197.6969696969697,inside_visible,572.9386153846153,243.5013846153846,1
ljahBVDaBNE_15103-15857,518,1,1592.5454545454545,0.0,240.0,207.0,inside_visible,1371.0459714285714,389.9193714285714,0
ljahBVDaBNE_15103-15857,518,2,1107.0,0.0,154.0,138.47826086956522,inside_visible,1137.314,206.67131578947368,1
ljahBVDaBNE_15103-15857,518,3,589.8181818181819,3.4545454545454546,199.31818181818176,197.4090909090909,inside_visible,573.1460576923076,243.2939423076923,1
ljahBVDaBNE_15103-15857,519,1,1592.7727272727273,0.0,240.0,207.0,inside_visible,1370.8737142857142,388.5237142857143,0
ljahBVDaBNE_15103-15857,519,2,1107.0,0.0,154.0,138.28985507246378,inside_visible,1137.314,208.23252631578947,1
ljahBVDaBNE_15103-15857,519,3,589.5757575757576,3.393939393939394,199.24242424242425,197.1212121212121,inside_visible,573.3534999999999,243.0865,1
ljahBVDaBNE_15103-15857,520,1,1593.0,0.0,240.0,207.0,inside_visible,1370.701457142857,387.12805714285713,0
ljahBVDaBNE_15103-15857,520,2,1107.0,0.0,154.0,138.1014492753623,inside_visible,1137.314,209.7937368421053,1
ljahBVDaBNE_15103-15857,520,3,589.3333333333334,3.333333333333333,199.16666666666663,196.8333333333333,inside_visible,573.5609423076924,242.8790576923077,1
ljahBVDaBNE_15103-15857,521,1,1593.8,0.0,240.0,207.0,inside_visible,1370.5292,385.7324,0
ljahBVDaBNE_15103-15857,521,2,1107.0,0.0,154.0,137.91304347826087,inside_visible,1137.314,211.35494736842105,1
ljahBVDaBNE_15103-15857,521,3,589.0909090909091,3.2727272727272725,199.090909090909,196.54545454545453,inside_visible,573.7683846153847,242.6716153846154,1
ljahBVDaBNE_15103-15857,522,1,1594.6,0.0,240.0,207.0,inside_visible,1370.3569428571427,384.3367428571429,0
ljahBVDaBNE_15103-15857,522,2,1107.0,0.0,154.0,137.7246376811594,inside_visible,1137.314,212.91615789473684,1
ljahBVDaBNE_15103-15857,522,3,588.8484848484849,3.212121212121212,199.0151515151515,196.25757575757572,inside_visible,573.975826923077,242.4641730769231,1
ljahBVDaBNE_15103-15857,523,1,1595.4,0.0,240.0,207.0,inside_visible,1370.1846857142857,382.94108571428575,0
ljahBVDaBNE_15103-15857,523,2,1107.0,0.0,154.0,137.53623188405797,inside_visible,1137.314,214.47736842105263,1
ljahBVDaBNE_15103-15857,523,3,588.6060606060606,3.1515151515151514,198.93939393939388,195.96969696969697,inside_visible,574.1832692307693,242.2567307692308,1
ljahBVDaBNE_15103-15857,524,1,1596.2,0.0,240.0,207.0,inside_visible,1370.0124285714285,381.5454285714286,0
ljahBVDaBNE_15103-15857,524,2,1107.0,0.0,154.0,137.34782608695653,inside_visible,1137.314,216.0385789473684,1
ljahBVDaBNE_15103-15857,524,3,588.3636363636364,3.090909090909091,198.8636363636364,195.6818181818182,inside_visible,574.3907115384616,242.04928846153845,1
ljahBVDaBNE_15103-15857,525,1,1597.0,0.0,240.0,207.0,inside_visible,1369.8401714285712,380.14977142857146,0
ljahBVDaBNE_15103-15857,525,2,1107.0,0.0,154.0,137.15942028985506,inside_visible,1137.314,217.5997894736842,1
ljahBVDaBNE_15103-15857,525,3,588.1212121212121,3.0303030303030303,198.78787878787875,195.3939393939394,inside_visible,574.5981538461539,241.84184615384612,1
ljahBVDaBNE_15103-15857,526,1,1597.8,0.0,240.0,207.0,inside_visible,1369.6679142857142,378.7541142857143,0
ljahBVDaBNE_15103-15857,526,2,1107.0,0.0,154.0,136.97101449275362,inside_visible,1137.314,219.161,1
ljahBVDaBNE_15103-15857,526,3,587.8787878787879,2.9696969696969697,198.71212121212125,195.1060606060606,inside_visible,574.8055961538462,241.63440384615384,1
ljahBVDaBNE_15103-15857,527,1,1598.6,0.0,240.0,207.0,inside_visible,1369.495657142857,377.3584571428572,0
ljahBVDaBNE_15103-15857,527,2,1107.0,0.0,154.0,136.7826086956522,inside_visible,1138.7448846153848,219.4227307692308,1
ljahBVDaBNE_15103-15857,527,3,587.6363636363636,2.909090909090909,198.63636363636363,194.8181818181818,inside_visible,575.0130384615385,241.42696153846157,1
ljahBVDaBNE_15103-15857,528,1,1599.4,0.0,240.0,207.0,inside_visible,1369.3234,375.9628,0
ljahBVDaBNE_15103-15857,528,2,1107.0,0.0,154.0,136.59420289855072,inside_visible,1140.1757692307692,219.68446153846156,1
ljahBVDaBNE_15103-15857,528,3,587.3939393939394,2.8484848484848486,198.5606060606061,194.53030303030303,inside_visible,575.2204807692308,241.21951923076924,1
ljahBVDaBNE_15103-15857,529,1,1600.2,0.0,240.0,207.0,inside_visible,1369.1511428571428,374.56714285714287,0
ljahBVDaBNE_15103-15857,529,2,1107.0,0.0,154.0,136.40579710144928,inside_visible,1141.606653846154,219.94619230769231,1
ljahBVDaBNE_15103-15857,529,3,587.1515151515151,2.787878787878788,198.4848484848485,194.24242424242425,inside_visible,575.4279230769231,241.01207692307693,1
ljahBVDaBNE_15103-15857,530,1,1601.0,0.0,240.0,207.0,inside_visible,1368.9788857142855,373.1714857142857,0
ljahBVDaBNE_15103-15857,530,2,1107.0,0.0,154.0,136.2173913043478,inside_visible,1143.0375384615386,220.20792307692307,1
ljahBVDaBNE_15103-15857,530,3,586.9090909090909,2.7272727272727275,198.409090909091,193.95454545454547,inside_visible,575.6353653846154,240.80463461538463,1
ljahBVDaBNE_15103-15857,531,1,1601.8,0.0,240.0,207.0,inside_visible,1368.8066285714283,371.7758285714286,0
ljahBVDaBNE_15103-15857,531,2,1107.0,0.0,154.0,136.02898550724638,inside_visible,1144.468423076923,220.46965384615385,1
ljahBVDaBNE_15103-15857,531,3,586.6666666666666,2.666666666666667,198.33333333333337,193.66666666666669,inside_visible,575.8428076923077,240.59719230769232,1
ljahBVDaBNE_15103-15857,532,1,1602.6,0.0,240.0,207.0,inside_visible,1368.6343714285713,370.3801714285714,0
ljahBVDaBNE_15103-15857,532,2,1107.0,0.0,154.0,135.84057971014494,inside_visible,1145.8993076923075,220.73138461538463,1
ljahBVDaBNE_15103-15857,532,3,586.4242424242424,2.606060606060606,198.25757575757572,193.3787878787879,inside_visible,576.05025,240.38975,1
ljahBVDaBNE_15103-15857,533,1,1603.4,0.0,240.0,207.0,outside_frame,1368.4621142857145,368.9845142857143,0
ljahBVDaBNE_15103-15857,533,2,1107.0,0.0,154.0,135.65217391304347,inside_visible,1147.3301923076924,220.99311538461535,1
ljahBVDaBNE_15103-15857,533,3,586.1818181818181,2.5454545454545454,198.18181818181824,193.0909090909091,inside_visible,576.2576923076923,240.1823076923077,1
ljahBVDaBNE_15103-15857,534,1,1604.2,0.0,240.0,207.0,outside_frame,1368.289857142857,367.58885714285714,0
ljahBVDaBNE_15103-15857,534,2,1107.0,0.0,154.0,135.46376811594203,inside_visible,1148.761076923077,221.25484615384616,1
ljahBVDaBNE_15103-15857,534,3,585.939393939394,2.484848484848485,198.1060606060605,192.80303030303028,inside_visible,576.4651346153846,239.97486538461536,1
ljahBVDaBNE_15103-15857,535,1,1605.0,0.0,240.0,207.0,outside_frame,1368.1175999999998,366.1932,0
ljahBVDaBNE_15103-15857,535,2,1107.0,0.0,154.0,135.2753623188406,inside_visible,1150.1919615384616,221.5165769230769,1
ljahBVDaBNE_15103-15857,535,3,585.6969696969697,2.4242424242424243,198.030303030303,192.5151515151515,inside_visible,576.6725769230769,239.76742307692308,1
ljahBVDaBNE_15103-15857,536,1,1605.8,0.0,240.0,207.0,outside_frame,1367.9453428571428,364.7975428571429,0
ljahBVDaBNE_15103-15857,536,2,1107.0,0.0,154.0,135.08695652173913,inside_visible,1151.6228461538462,221.7783076923077,1
ljahBVDaBNE_15103-15857,536,3,585.4545454545455,2.3636363636363638,197.95454545454535,192.22727272727272,inside_visible,576.8800192307692,239.5599807692308,1
ljahBVDaBNE_15103-15857,537,1,1606.6,0.0,240.0,207.0,outside_frame,1367.7730857142856,363.4018857142857,0
ljahBVDaBNE_15103-15857,537,2,1107.0,0.0,154.0,134.8985507246377,inside_visible,1153.053730769231,222.04003846153847,1
ljahBVDaBNE_15103-15857,537,3,585.2121212121212,2.3030303030303028,197.87878787878788,191.93939393939397,inside_visible,577.0874615384615,239.35253846153847,1
ljahBVDaBNE_15103-15857,538,1,1607.4,0.0,240.0,207.0,outside_frame,1367.6008285714286,362.00622857142855,0
ljahBVDaBNE_15103-15857,538,2,1107.0,0.0,154.0,134.71014492753622,inside_visible,1154.4846153846154,222.3017692307692,1
ljahBVDaBNE_15103-15857,538,3,584.969696969697,2.242424242424242,197.80303030303023,191.6515151515152,inside_visible,577.2949038461538,239.14509615384617,1
ljahBVDaBNE_15103-15857,539,1,1608.2,0.0,240.0,207.0,outside_frame,1367.428571428571,360.6105714285714,0
ljahBVDaBNE_15103-15857,539,2,1107.0,0.0,154.0,134.52173913043478,inside_visible,1155.9155,222.5635,1
ljahBVDaBNE_15103-15857,539,3,584.7272727272727,2.1818181818181817,197.72727272727275,191.36363636363637,inside_visible,577.5023461538461,238.93765384615384,1
ljahBVDaBNE_15103-15857,540,1,1609.0,0.0,240.0,207.0,outside_frame,1367.256314285714,359.21491428571426,0
ljahBVDaBNE_15103-15857,540,2,1107.0,0.0,154.0,134.33333333333334,inside_visible,1157.3463846153847,222.8252307692308,1
ljahBVDaBNE_15103-15857,540,3,584.4848484848485,2.121212121212121,197.65151515151516,191.0757575757576,inside_visible,577.7097884615384,238.7302115384616,1
ljahBVDaBNE_15103-15857,541,1,1609.0,0.0,240.0,203.14285714285717,outside_frame,1367.084057142857,357.8192571428572,0
ljahBVDaBNE_15103-15857,541,2,1107.0,0.0,154.0,134.14492753623188,inside_visible,1158.7772692307692,223.08696153846157,1
ljahBVDaBNE_15103-15857,541,3,584.2424242424242,2.060606060606061,197.5757575757576,190.7878787878788,inside_visible,577.9172307692307,238.52276923076923,1
ljahBVDaBNE_15103-15857,542,1,1609.0,0.0,240.0,199.28571428571428,outside_frame,1366.9118,356.4236,0
ljahBVDaBNE_15103-15857,542,2,1107.0,0.0,154.0,133.95652173913044,inside_visible,1160.208153846154,223.34869230769232,1
ljahBVDaBNE_15103-15857,542,3,584.0,2.0,197.5,190.5,inside_visible,578.124673076923,238.31532692307687,1
ljahBVDaBNE_15103-15857,543,1,1609.0,0.0,240.0,195.42857142857144,outside_frame,1366.7395428571429,355.0279428571429,0
ljahBVDaBNE_15103-15857,543,2,1107.0,0.0,154.0,133.768115942029,inside_visible,1161.6390384615386,223.61042307692307,1
ljahBVDaBNE_15103-15857,543,3,583.7575757575758,1.9393939393939397,197.4242424242424,190.2121212121212,inside_visible,578.3321153846153,238.10788461538465,1
ljahBVDaBNE_15103-15857,544,1,1609.0,0.0,240.0,191.57142857142856,outside_frame,1366.5672857142856,353.63228571428573,0
ljahBVDaBNE_15103-15857,544,2,1107.0,0.0,154.0,133.57971014492753,inside_visible,1163.069923076923,223.87215384615385,1
ljahBVDaBNE_15103-15857,544,3,583.5151515151515,1.878787878787879,197.34848484848487,189.92424242424244,inside_visible,578.5395576923077,237.90044230769232,1
ljahBVDaBNE_15103-15857,545,1,1609.0,0.0,240.0,187.7142857142857,outside_frame,1366.3950285714284,352.2366285714286,0
ljahBVDaBNE_15103-15857,545,2,1107.0,0.0,154.0,133.3913043478261,inside_visible,1164.5008076923075,224.13388461538463,1
ljahBVDaBNE_15103-15857,545,3,583.2727272727273,1.8181818181818183,197.27272727272725,189.63636363636363,inside_visible,578.747,237.693,1
ljahBVDaBNE_15103-15857,546,1,1609.0,0.0,240.0,183.8571428571429,outside_frame,1366.2227714285714,350.84097142857144,0
ljahBVDaBNE_15103-15857,546,2,1107.0,0.0,154.0,133.20289855072463,inside_visible,1165.9316923076924,224.39561538461535,1
ljahBVDaBNE_15103-15857,546,3,583.030303030303,1.7575757575757578,197.19696969696972,189.34848484848484,inside_visible,578.8968333333332,235.54566666666668,1
ljahBVDaBNE_15103-15857,547,1,1609.0,0.0,240.0,180.0,outside_frame,1366.050514285714,349.4453142857143,0
ljahBVDaBNE_15103-15857,547,2,1107.0,0.0,154.0,133.0144927536232,inside_visible,1167.362576923077,224.65734615384616,1
ljahBVDaBNE_15103-15857,547,3,582.7878787878788,1.6969696969696968,197.12121212121207,189.0606060606061,inside_visible,579.0466666666666,233.3983333333333,1
ljahBVDaBNE_15103-15857,548,1,1609.2307692307693,0.0,240.0,178.15384615384616,outside_frame,1365.8782571428571,348.04965714285714,0
ljahBVDaBNE_15103-15857,548,2,1107.0,0.0,154.0,132.82608695652175,inside_visible,1168.7934615384615,224.91907692307691,1
ljahBVDaBNE_15103-15857,548,3,582.5454545454545,1.6363636363636362,197.04545454545465,188.77272727272728,inside_visible,579.1965,231.251,1
ljahBVDaBNE_15103-15857,549,1,1609.4615384615386,0.0,240.0,176.30769230769232,outside_frame,1365.706,346.654,0
ljahBVDaBNE_15103-15857,549,2,1107.0,0.0,154.0,132.63768115942028,inside_visible,1170.2243461538462,225.1808076923077,1
ljahBVDaBNE_15103-15857,549,3,582.3030303030303,1.5757575757575757,196.969696969697,188.4848484848485,inside_visible,579.3463333333333,229.10366666666667,1
ljahBVDaBNE_15103-15857,550,1,1609.6923076923076,0.0,240.0,174.46153846153845,outside_frame,1354.491,364.084,0
ljahBVDaBNE_15103-15857,550,2,1107.0,0.0,154.0,132.44927536231884,inside_visible,1171.655230769231,225.44253846153848,1
ljahBVDaBNE_15103-15857,550,3,582.060606060606,1.5151515151515151,196.8939393939395,188.1969696969697,inside_visible,579.4961666666666,226.95633333333333,1
ljahBVDaBNE_15103-15857,551,1,1609.923076923077,0.0,240.0,172.6153846153846,inside_visible,321.253,366.682,0
ljahBVDaBNE_15103-15857,551,2,1107.0,0.0,154.0,132.26086956521738,inside_visible,1173.0861153846154,225.70426923076923,1
ljahBVDaBNE_15103-15857,551,3,581.8181818181819,1.4545454545454546,196.81818181818176,187.9090909090909,inside_visible,579.646,224.809,1
ljahBVDaBNE_15103-15857,552,1,1610.1538461538462,0.0,240.0,170.76923076923077,inside_visible,296.554,374.673,0
ljahBVDaBNE_15103-15857,552,2,1107.0,0.0,154.0,132.07246376811594,inside_visible,1174.517,225.966,1
ljahBVDaBNE_15103-15857,552,3,581.5757575757576,1.393939393939394,196.74242424242425,187.6212121212121,inside_visible,462.492,232.1,1
ljahBVDaBNE_15103-15857,553,1,1610.3846153846157,0.0,240.0,168.92307692307693,inside_visible,303.22471428571424,372.32214285714286,0
ljahBVDaBNE_15103-15857,553,2,1107.0,0.0,154.0,131.8840579710145,inside_visible,1206.752,248.631,1
ljahBVDaBNE_15103-15857,553,3,581.3333333333334,1.3333333333333337,196.66666666666663,187.3333333333333,inside_visible,454.552,227.256,1
ljahBVDaBNE_15103-15857,554,1,1610.6153846153843,0.0,240.0,167.07692307692307,inside_visible,309.89542857142857,369.9712857142857,0
ljahBVDaBNE_15103-15857,554,2,1107.0,0.0,154.0,131.69565217391303,inside_visible,1156.19,300.06,1
ljahBVDaBNE_15103-15857,554,3,581.0909090909091,1.272727272727273,196.590909090909,187.04545454545453,inside_visible,446.612,222.412,1
ljahBVDaBNE_15103-15857,555,1,1610.8461538461538,0.0,240.0,165.23076923076923,inside_visible,316.56614285714284,367.6204285714286,0
ljahBVDaBNE_15103-15857,555,2,1107.0,0.0,154.0,131.5072463768116,inside_visible,1156.371,298.8823333333333,1
ljahBVDaBNE_15103-15857,555,3,580.8484848484849,1.212121212121212,196.5151515151515,186.75757575757572,inside_visible,441.6681666666667,228.55433333333332,1
ljahBVDaBNE_15103-15857,556,1,1611.076923076923,0.0,240.0,163.3846153846154,inside_visible,323.2368571428572,365.2695714285714,0
ljahBVDaBNE_15103-15857,556,2,1107.0,0.0,154.0,131.31884057971016,inside_visible,1156.552,297.70466666666664,1
ljahBVDaBNE_15103-15857,556,3,580.6060606060606,1.1515151515151514,196.43939393939388,186.46969696969697,inside_visible,436.7243333333333,234.6966666666667,1
ljahBVDaBNE_15103-15857,557,1,1611.3076923076924,0.0,240.0,161.53846153846155,inside_visible,329.90757142857143,362.9187142857143,0
ljahBVDaBNE_15103-15857,557,2,1107.0,0.0,154.0,131.1304347826087,inside_visible,1156.733,296.527,1
ljahBVDaBNE_15103-15857,557,3,580.3636363636364,1.0909090909090908,196.3636363636364,186.1818181818182,inside_visible,431.7805,240.839,1
ljahBVDaBNE_15103-15857,558,1,1611.5384615384614,0.0,240.0,159.69230769230768,inside_visible,336.5782857142857,360.5678571428571,0
ljahBVDaBNE_15103-15857,558,2,1107.0,0.0,154.0,130.94202898550725,inside_visible,1205.453,200.518,1
ljahBVDaBNE_15103-15857,558,3,580.1212121212121,1.0303030303030305,196.28787878787875,185.8939393939394,inside_visible,426.8366666666667,246.9813333333333,1
ljahBVDaBNE_15103-15857,559,1,1611.7692307692307,0.0,240.0,157.84615384615384,inside_visible,343.249,358.217,0
ljahBVDaBNE_15103-15857,559,2,1107.0,0.0,154.0,130.7536231884058,inside_visible,1184.061,217.768,1
ljahBVDaBNE_15103-15857,559,3,579.8787878787879,0.9696969696969696,196.21212121212125,185.6060606060606,inside_visible,421.8928333333333,253.12366666666668,1
ljahBVDaBNE_15103-15857,560,1,1612.0,0.0,240.0,156.0,inside_visible,340.6405454545455,360.4793636363637,0
ljahBVDaBNE_15103-15857,560,2,1107.0,0.0,154.0,130.56521739130434,inside_visible,1170.22,214.253,1
ljahBVDaBNE_15103-15857,560,3,579.6363636363636,0.9090909090909092,196.13636363636363,185.3181818181818,inside_visible,416.949,259.266,1
ljahBVDaBNE_15103-15857,561,1,1609.4,0.0,240.0,156.0,inside_visible,338.0320909090909,362.7417272727273,0
ljahBVDaBNE_15103-15857,561,2,1107.0,0.0,154.0,130.3768115942029,inside_visible,1169.557076923077,212.11361538461537,1
ljahBVDaBNE_15103-15857,561,3,579.3939393939394,0.8484848484848486,196.0606060606061,185.03030303030303,inside_visible,425.946625,256.767125,1
ljahBVDaBNE_15103-15857,562,1,1606.8,0.0,240.0,156.0,inside_visible,335.4236363636364,365.0040909090909,0
ljahBVDaBNE_15103-15857,562,2,1107.0,0.0,154.0,130.18840579710144,inside_visible,1168.8941538461538,209.9742307692308,1
ljahBVDaBNE_15103-15857,562,3,579.1515151515151,0.7878787878787881,195.9848484848485,184.74242424242425,inside_visible,434.94425,254.26825,1
ljahBVDaBNE_15103-15857,563,1,1604.2,0.0,240.0,156.0,inside_visible,332.8151818181818,367.26645454545456,0
ljahBVDaBNE_15103-15857,563,2,1107.0,0.0,154.0,130.0,inside_visible,1168.2312307692307,207.83484615384612,1
ljahBVDaBNE_15103-15857,563,3,578.9090909090909,0.7272727272727271,195.909090909091,184.45454545454547,inside_visible,443.941875,251.76937500000005,1
ljahBVDaBNE_15103-15857,564,1,1601.6,0.0,240.0,156.0,inside_visible,330.2067272727273,369.52881818181817,0
ljahBVDaBNE_15103-15857,564,2,1107.0,0.0,154.0,128.2,inside_visible,1167.5683076923078,205.69546153846156,1
ljahBVDaBNE_15103-15857,564,3,578.6666666666666,0.6666666666666665,195.83333333333337,184.16666666666669,inside_visible,452.9395,249.27050000000003,1
ljahBVDaBNE_15103-15857,565,1,1599.0,0.0,240.0,156.0,inside_visible,327.5982727272728,371.7911818181818,0
ljahBVDaBNE_15103-15857,565,2,1107.0,0.0,154.0,126.4,inside_visible,1166.9053846153847,203.5560769230769,1
ljahBVDaBNE_15103-15857,565,3,578.4242424242424,0.606060606060606,195.75757575757572,183.8787878787879,inside_visible,461.937125,246.771625,1
ljahBVDaBNE_15103-15857,566,1,1595.3333333333333,0.0,240.0,156.0,inside_visible,324.9898181818182,374.05354545454543,0
ljahBVDaBNE_15103-15857,566,2,1107.0,0.0,154.0,124.6,inside_visible,1166.2424615384616,201.4166923076923,1
ljahBVDaBNE_15103-15857,566,3,578.1818181818181,0.5454545454545454,195.68181818181824,183.5909090909091,inside_visible,470.93475,244.27275,1
ljahBVDaBNE_15103-15857,567,1,1591.6666666666667,0.0,240.0,156.0,inside_visible,322.38136363636363,376.3159090909091,0
ljahBVDaBNE_15103-15857,567,2,1107.0,0.0,154.0,122.8,inside_visible,1165.5795384615385,199.2773076923077,1
ljahBVDaBNE_15103-15857,567,3,577.939393939394,0.4848484848484848,195.6060606060605,183.30303030303028,inside_visible,479.932375,241.773875,1
ljahBVDaBNE_15103-15857,568,1,1588.0,0.0,240.0,156.0,inside_visible,319.7729090909091,378.5782727272728,0
ljahBVDaBNE_15103-15857,568,2,1107.0,0.0,154.0,121.0,inside_visible,1164.9166153846154,197.13792307692307,1
ljahBVDaBNE_15103-15857,568,3,577.6969696969697,0.4242424242424243,195.530303030303,183.0151515151515,inside_visible,488.93,239.275,1
ljahBVDaBNE_15103-15857,569,1,1586.5333333333333,0.0,240.0,156.0,inside_visible,317.16445454545453,380.8406363636364,0
ljahBVDaBNE_15103-15857,569,2,1107.0,0.0,154.0,119.2,inside_visible,1164.2536923076923,194.9985384615385,1
ljahBVDaBNE_15103-15857,569,3,577.4545454545455,0.3636363636363637,195.45454545454535,182.72727272727272,inside_visible,489.8288666666666,238.91546666666667,1
ljahBVDaBNE_15103-15857,570,1,1585.0666666666666,0.0,240.0,156.0,inside_visible,314.556,383.103,0
ljahBVDaBNE_15103-15857,570,2,1107.0,0.0,154.0,117.4,inside_visible,1163.5907692307694,192.85915384615384,1
ljahBVDaBNE_15103-15857,570,3,577.2121212121212,0.3030303030303032,195.37878787878788,182.43939393939397,inside_visible,490.7277333333333,238.55593333333331,1
ljahBVDaBNE_15103-15857,571,1,1583.6,0.0,240.0,156.0,inside_visible,309.497,353.742,0
ljahBVDaBNE_15103-15857,571,2,1107.0,0.0,154.0,115.6,inside_visible,1162.9278461538463,190.71976923076923,1
ljahBVDaBNE_15103-15857,571,3,576.969696969697,0.2424242424242422,195.30303030303023,182.15151515151516,inside_visible,491.6266,238.1964,1
ljahBVDaBNE_15103-15857,572,1,1582.1333333333334,0.0,240.0,156.0,inside_visible,1372.976,619.212,0
ljahBVDaBNE_15103-15857,572,2,1107.0,0.0,154.0,113.8,inside_visible,1162.2649230769232,188.58038461538465,1
ljahBVDaBNE_15103-15857,572,3,576.7272727272727,0.1818181818181816,195.22727272727275,181.86363636363637,inside_visible,492.52546666666666,237.83686666666668,1
ljahBVDaBNE_15103-15857,573,1,1580.6666666666667,0.0,240.0,156.0,inside_visible,1367.968,592.824,0
ljahBVDaBNE_15103-15857,573,2,1107.0,0.0,154.0,112.0,inside_visible,1161.602,186.441,1
ljahBVDaBNE_15103-15857,573,3,576.4848484848485,0.1212121212121211,195.15151515151516,181.5757575757576,inside_visible,493.4243333333333,237.47733333333332,1
ljahBVDaBNE_15103-15857,574,1,1579.2,0.0,240.0,156.0,inside_visible,1370.3125,590.381,0
ljahBVDaBNE_15103-15857,574,2,1107.0,0.0,154.0,110.2,inside_visible,1159.0498571428573,185.2852857142857,1
ljahBVDaBNE_15103-15857,574,3,576.2424242424242,0.0606060606060605,195.0757575757576,181.2878787878788,inside_visible,494.3232,237.1178,1
ljahBVDaBNE_15103-15857,575,1,1577.7333333333331,0.0,240.0,156.0,inside_visible,1372.6570000000002,587.938,0
ljahBVDaBNE_15103-15857,575,2,1107.0,0.0,154.0,108.4,inside_visible,1156.4977142857144,184.12957142857144,1
ljahBVDaBNE_15103-15857,575,3,576.0,0.0,195.0,181.0,inside_visible,495.22206666666665,236.75826666666669,1
ljahBVDaBNE_15103-15857,576,1,1576.2666666666669,0.0,240.0,156.0,inside_visible,1375.0015,585.495,0
ljahBVDaBNE_15103-15857,576,2,1107.0,0.0,154.0,106.6,inside_visible,1153.9455714285716,182.9738571428572,1
ljahBVDaBNE_15103-15857,576,3,576.0,0.0,195.0,181.6875,inside_visible,496.12093333333337,236.39873333333333,1
ljahBVDaBNE_15103-15857,577,1,1574.8,0.0,240.0,156.0,inside_visible,1377.346,583.052,0
ljahBVDaBNE_15103-15857,577,2,1107.0,0.0,154.0,104.8,inside_visible,1151.3934285714286,181.81814285714285,1
ljahBVDaBNE_15103-15857,577,3,576.0,0.0,195.0,182.375,inside_visible,497.0198,236.0392,1
ljahBVDaBNE_15103-15857,578,1,1573.3333333333333,0.0,240.0,156.0,inside_visible,1379.6905000000002,580.609,0
ljahBVDaBNE_15103-15857,578,2,1107.0,0.0,154.0,103.0,inside_visible,1148.8412857142855,180.66242857142856,1
ljahBVDaBNE_15103-15857,578,3,576.0,0.0,195.0,183.0625,inside_visible,497.9186666666667,235.67966666666663,1
ljahBVDaBNE_15103-15857,579,1,1571.8666666666666,0.0,240.0,156.0,inside_visible,1382.035,578.166,0
ljahBVDaBNE_15103-15857,579,2,1104.3333333333333,0.0,154.0,103.0,inside_visible,1146.289142857143,179.50671428571428,1
ljahBVDaBNE_15103-15857,579,3,576.0,0.0,195.0,183.75,inside_visible,498.81753333333336,235.32013333333333,1
ljahBVDaBNE_15103-15857,580,1,1570.4,0.0,240.0,156.0,inside_visible,1396.19225,556.5930000000001,0
ljahBVDaBNE_15103-15857,580,2,1101.6666666666667,0.0,154.0,103.0,inside_visible,1143.737,178.351,1
ljahBVDaBNE_15103-15857,580,3,576.0,0.0,195.0,184.4375,inside_visible,499.7164,234.9606,1
ljahBVDaBNE_15103-15857,581,1,1568.9333333333334,0.0,240.0,156.0,inside_visible,1410.3495,535.02,0
ljahBVDaBNE_15103-15857,581,2,1099.0,0.0,154.0,103.0,inside_visible,1088.793,337.452,1
ljahBVDaBNE_15103-15857,581,3,576.0,0.0,195.0,185.125,inside_visible,500.6152666666667,234.60106666666667,1
ljahBVDaBNE_15103-15857,582,1,1567.4666666666667,0.0,240.0,156.0,inside_visible,1424.50675,513.447,0
ljahBVDaBNE_15103-15857,582,2,1097.4,0.0,154.0,103.0,inside_visible,1084.1916,314.6082,1
ljahBVDaBNE_15103-15857,582,3,576.0,0.0,195.0,185.8125,inside_visible,501.51413333333335,234.2415333333333,1
ljahBVDaBNE_15103-15857,583,1,1566.0,0.0,240.0,156.0,inside_visible,1438.664,491.874,0
ljahBVDaBNE_15103-15857,583,2,1095.8,0.0,154.0,103.0,inside_visible,1079.5902,291.7644,1
ljahBVDaBNE_15103-15857,583,3,576.0,0.0,195.0,186.5,inside_visible,502.413,233.882,1
ljahBVDaBNE_15103-15857,584,1,1564.9,0.0,240.0,157.9,inside_visible,1437.65275,486.143625,0
ljahBVDaBNE_15103-15857,584,2,1094.2,0.0,154.0,103.0,inside_visible,1074.9888,268.92060000000004,1
ljahBVDaBNE_15103-15857,584,3,576.0,0.0,195.0,187.1875,inside_visible,503.087125,235.567375,1
ljahBVDaBNE_15103-15857,585,1,1563.8,0.0,240.0,159.8,inside_visible,1436.6415,480.41325,0
ljahBVDaBNE_15103-15857,585,2,1092.6,0.0,154.0,103.0,inside_visible,1070.3874,246.0768,1
ljahBVDaBNE_15103-15857,585,3,576.0,0.0,195.0,187.875,inside_visible,503.76125,237.25275,1
ljahBVDaBNE_15103-15857,586,1,1562.7,0.0,240.0,161.7,inside_visible,1435.63025,474.682875,0
ljahBVDaBNE_15103-15857,586,2,1091.0,0.0,154.0,103.0,inside_visible,1065.786,223.233,1
ljahBVDaBNE_15103-15857,586,3,576.0,0.0,195.0,188.5625,inside_visible,504.435375,238.938125,1
ljahBVDaBNE_15103-15857,587,1,1561.6,0.0,240.0,163.6,inside_visible,1434.619,468.9525,0
ljahBVDaBNE_15103-15857,587,2,1089.4,0.0,154.0,103.0,inside_visible,1083.314,238.0645,1
ljahBVDaBNE_15103-15857,587,3,576.0,0.0,195.0,189.25,inside_visible,505.1095,240.6235,1
ljahBVDaBNE_15103-15857,588,1,1560.5,0.0,240.0,165.5,inside_visible,1433.60775,463.222125,0
ljahBVDaBNE_15103-15857,588,2,1087.8,0.0,154.0,103.0,inside_visible,1100.842,252.896,1
ljahBVDaBNE_15103-15857,588,3,576.0,0.0,195.0,189.9375,inside_visible,505.783625,242.308875,1
ljahBVDaBNE_15103-15857,589,1,1559.4,0.0,240.0,167.4,inside_visible,1432.5965,457.49175,0
ljahBVDaBNE_15103-15857,589,2,1086.2,0.0,154.0,103.0,inside_visible,1103.5385,298.7385,1
ljahBVDaBNE_15103-15857,589,3,576.0,0.0,195.0,190.625,inside_visible,506.45775,243.99425,1
ljahBVDaBNE_15103-15857,590,1,1558.3,0.0,240.0,169.3,inside_visible,1431.58525,451.761375,0
ljahBVDaBNE_15103-15857,590,2,1084.6,0.0,154.0,103.0,inside_visible,1106.235,344.581,1
ljahBVDaBNE_15103-15857,590,3,576.0,0.0,195.0,191.3125,inside_visible,507.131875,245.679625,1
ljahBVDaBNE_15103-15857,591,1,1557.2,0.0,240.0,171.2,inside_visible,1430.574,446.031,0
ljahBVDaBNE_15103-15857,591,2,1083.0,0.0,154.0,103.0,inside_visible,1086.0105,314.918,1
ljahBVDaBNE_15103-15857,591,3,576.0,0.0,195.0,192.0,inside_visible,507.806,247.365,1
ljahBVDaBNE_15103-15857,592,1,1556.1,0.0,240.0,173.1,inside_visible,1418.4391666666668,439.7388333333333,0
ljahBVDaBNE_15103-15857,592,2,1083.0,0.0,154.0,111.0,inside_visible,1065.786,285.255,1
ljahBVDaBNE_15103-15857,592,3,576.0,0.0,195.0,196.33333333333331,inside_visible,508.7866363636363,250.5519090909091,1
ljahBVDaBNE_15103-15857,593,1,1555.0,0.0,240.0,175.0,inside_visible,1406.3043333333335,433.44666666666666,0
ljahBVDaBNE_15103-15857,593,2,1083.0,0.0,154.0,119.0,inside_visible,1138.596,385.03,1
ljahBVDaBNE_15103-15857,593,3,576.0,0.0,195.0,200.66666666666663,inside_visible,509.7672727272727,253.73881818181815,1
ljahBVDaBNE_15103-15857,594,1,1555.0,0.0,240.0,178.25,inside_visible,1394.1695,427.1545,0
ljahBVDaBNE_15103-15857,594,2,1081.75,0.0,154.0,124.5,inside_visible,1405.562,428.176,1
ljahBVDaBNE_15103-15857,594,3,576.0,0.0,195.0,205.0,inside_visible,510.74790909090905,256.9257272727273,1
ljahBVDaBNE_15103-15857,595,1,1555.0,0.0,240.0,181.5,inside_visible,1382.034666666667,420.86233333333337,0
ljahBVDaBNE_15103-15857,595,2,1080.5,0.0,154.0,130.0,inside_visible,1397.472,430.872,1
ljahBVDaBNE_15103-15857,595,3,576.0,2.0,195.0,205.0,inside_visible,511.72854545454544,260.11263636363634,1
ljahBVDaBNE_15103-15857,596,1,1555.0,0.0,240.0,184.75,inside_visible,1369.8998333333334,414.5701666666667,0
ljahBVDaBNE_15103-15857,596,2,1079.25,0.0,154.0,135.5,inside_visible,1374.7798,429.0652,1
ljahBVDaBNE_15103-15857,596,3,576.0,4.0,195.0,205.0,inside_visible,512.7091818181818,263.29954545454547,1
ljahBVDaBNE_15103-15857,597,1,1555.0,0.0,240.0,188.0,inside_visible,1357.765,408.278,0
ljahBVDaBNE_15103-15857,597,2,1078.0,0.0,154.0,141.0,inside_visible,1352.0876,427.2584,1
ljahBVDaBNE_15103-15857,597,3,576.0,6.0,195.0,205.0,inside_visible,513.6898181818182,266.48645454545454,1
ljahBVDaBNE_15103-15857,598,1,1551.8333333333333,0.0,240.0,191.16666666666663,inside_visible,1341.5852,424.4578,0
ljahBVDaBNE_15103-15857,598,2,1078.0,0.0,154.0,142.57142857142858,inside_visible,1329.3954,425.4516,1
ljahBVDaBNE_15103-15857,598,3,576.0,8.0,195.0,205.0,inside_visible,514.6704545454545,269.67336363636366,1
ljahBVDaBNE_15103-15857,599,1,1548.6666666666667,0.0,240.0,194.33333333333331,inside_visible,1325.4054,440.6376,0
ljahBVDaBNE_15103-15857,599,2,1078.0,0.0,154.0,144.14285714285714,inside_visible,1306.7032,423.6448,1
ljahBVDaBNE_15103-15857,599,3,570.5,13.5,195.0,205.0,inside_visible,515.6510909090908,272.8602727272728,1
ljahBVDaBNE_15103-15857,600,1,1545.5,0.0,240.0,197.5,inside_visible,1309.2256,456.8174,0
ljahBVDaBNE_15103-15857,600,2,1078.0,0.0,154.0,145.71428571428572,inside_visible,1284.011,421.838,1
ljahBVDaBNE_15103-15857,600,3,565.0,19.0,195.0,205.0,inside_visible,516.6317272727273,276.0471818181818,1
ljahBVDaBNE_15103-15857,601,1,1542.3333333333333,0.0,240.0,200.66666666666663,inside_visible,1293.0458,472.9972,0
ljahBVDaBNE_15103-15857,601,2,1078.0,0.0,154.0,147.28571428571428,inside_visible,1249.8536666666666,467.6806666666667,1
ljahBVDaBNE_15103-15857,601,3,563.6666666666666,20.83333333333333,195.0,205.0,inside_visible,517.6123636363636,279.2340909090909,1
ljahBVDaBNE_15103-15857,602,1,1539.1666666666667,0.0,240.0,203.83333333333331,inside_visible,1276.866,489.177,0
ljahBVDaBNE_15103-15857,602,2,1078.0,0.0,154.0,148.85714285714286,inside_visible,1215.696333333333,513.5233333333333,1
ljahBVDaBNE_15103-15857,602,3,562.3333333333334,22.666666666666668,195.0,205.0,inside_visible,518.593,282.421,1
ljahBVDaBNE_15103-15857,603,1,1536.0,0.0,240.0,207.0,inside_visible,1189.225,551.199,0
ljahBVDaBNE_15103-15857,603,2,1078.0,0.0,154.0,150.42857142857142,inside_visible,1181.539,559.366,1
ljahBVDaBNE_15103-15857,603,3,561.0,24.5,195.0,205.0,inside_visible,518.0536,288.3536,1
ljahBVDaBNE_15103-15857,604,1,1536.0,0.0,240.0,209.28571428571428,inside_visible,1106.978,456.817,0
ljahBVDaBNE_15103-15857,604,2,1078.0,0.0,154.0,152.0,inside_visible,1152.55,565.209,1
ljahBVDaBNE_15103-15857,604,3,559.6666666666666,26.33333333333333,195.0,205.0,inside_visible,517.5142,294.2862,1
ljahBVDaBNE_15103-15857,605,1,1536.0,0.0,240.0,211.57142857142856,inside_visible,1074.619,472.997,0
ljahBVDaBNE_15103-15857,605,2,1078.0,0.0,154.0,154.75,inside_visible,1145.1343333333334,574.6469999999999,1
ljahBVDaBNE_15103-15857,605,3,558.3333333333334,28.166666666666668,195.0,205.0,inside_visible,516.9748,300.2188,1
ljahBVDaBNE_15103-15857,606,1,1536.0,0.0,240.0,213.8571428571429,inside_visible,1053.0459999999998,455.469,0
ljahBVDaBNE_15103-15857,606,2,1078.0,0.0,154.0,157.5,inside_visible,1137.7186666666666,584.085,1
ljahBVDaBNE_15103-15857,606,3,557.0,30.0,195.0,205.0,inside_visible,516.4354,306.1514,1
ljahBVDaBNE_15103-15857,607,1,1536.0,0.0,240.0,216.14285714285717,inside_visible,1031.473,437.941,0
ljahBVDaBNE_15103-15857,607,2,1078.0,0.0,154.0,160.25,inside_visible,1130.303,593.523,1
ljahBVDaBNE_15103-15857,607,3,556.25,32.0,195.0,207.75,inside_visible,515.896,312.084,1
ljahBVDaBNE_15103-15857,608,1,1536.0,0.0,240.0,218.42857142857144,inside_visible,1017.03325,438.032,0
ljahBVDaBNE_15103-15857,608,2,1078.0,0.0,154.0,163.0,inside_visible,1129.29175,593.9725000000001,1
ljahBVDaBNE_15103-15857,608,3,555.5,34.0,195.0,210.5,inside_visible,537.469,340.3985,1
ljahBVDaBNE_15103-15857,609,1,1536.0,0.0,240.0,220.7142857142857,inside_visible,1002.5935,438.123,0
ljahBVDaBNE_15103-15857,609,2,1078.0,0.0,154.0,167.0,inside_visible,1128.2805,594.422,1
ljahBVDaBNE_15103-15857,609,3,554.75,36.0,195.0,213.25,inside_visible,559.042,368.713,1
ljahBVDaBNE_15103-15857,610,1,1536.0,0.0,240.0,223.0,inside_visible,988.15375,438.214,0
ljahBVDaBNE_15103-15857,610,2,1078.0,0.0,154.0,171.0,inside_visible,1127.26925,594.8715,1
ljahBVDaBNE_15103-15857,610,3,554.0,38.0,195.0,216.0,inside_visible,559.042,414.556,1
ljahBVDaBNE_15103-15857,611,1,1533.25,0.0,240.0,223.0,inside_visible,973.714,438.305,0
ljahBVDaBNE_15103-15857,611,2,1078.0,0.0,154.0,175.0,inside_visible,1126.258,595.321,1
ljahBVDaBNE_15103-15857,611,3,553.0,40.2,195.0,216.0,inside_visible,564.4355,406.308,1
ljahBVDaBNE_15103-15857,612,1,1530.5,0.0,240.0,223.0,inside_visible,949.4443333333334,448.1926666666667,0
ljahBVDaBNE_15103-15857,612,2,1078.0,0.0,154.0,179.0,inside_visible,1125.24675,595.7705000000001,1
ljahBVDaBNE_15103-15857,612,3,552.0,42.4,195.0,216.0,inside_visible,569.829,398.06,1
ljahBVDaBNE_15103-15857,613,1,1527.75,0.0,240.0,223.0,inside_visible,925.1746666666668,458.0803333333333,0
ljahBVDaBNE_15103-15857,613,2,1078.0,1.222222222222222,154.0,179.0,inside_visible,1124.2355,596.22,1
ljahBVDaBNE_15103-15857,613,3,551.0,44.6,195.0,216.00000000000003,inside_visible,569.2672083333333,398.172375,1
ljahBVDaBNE_15103-15857,614,1,1525.0,0.0,240.0,223.0,inside_visible,900.905,467.968,0
ljahBVDaBNE_15103-15857,614,2,1078.0,2.444444444444444,154.0,179.0,inside_visible,1123.22425,596.6695,1
ljahBVDaBNE_15103-15857,614,3,550.0,46.8,195.0,216.0,inside_visible,568.7054166666667,398.28475,1
ljahBVDaBNE_15103-15857,615,1,1521.75,0.75,240.0,223.0,inside_visible,888.7701666666667,469.7658333333334,0
ljahBVDaBNE_15103-15857,615,2,1078.0,3.6666666666666665,154.0,179.0,inside_visible,1122.213,597.119,1
ljahBVDaBNE_15103-15857,615,3,549.0,49.0,195.0,216.0,inside_visible,568.1436249999999,398.397125,1
ljahBVDaBNE_15103-15857,616,1,1518.5,1.5,240.0,223.0,inside_visible,876.6353333333333,471.5636666666667,0
ljahBVDaBNE_15103-15857,616,2,1078.0,4.888888888888888,154.0,179.0,inside_visible,1122.7462272727273,597.3407272727273,1
ljahBVDaBNE_15103-15857,616,3,547.1666666666666,49.5,195.0,216.0,inside_visible,567.5818333333333,398.5095,1
ljahBVDaBNE_15103-15857,617,1,1515.25,2.25,240.0,223.0,inside_visible,864.5005,473.3615,0
ljahBVDaBNE_15103-15857,617,2,1078.0,6.111111111111112,154.0,179.0,inside_visible,1123.2794545454544,597.5624545454546,1
ljahBVDaBNE_15103-15857,617,3,545.3333333333334,50.0,195.0,216.0,inside_visible,567.0200416666667,398.621875,1
ljahBVDaBNE_15103-15857,618,1,1512.0,3.0,240.0,223.0,inside_visible,852.3656666666667,475.1593333333333,0
ljahBVDaBNE_15103-15857,618,2,1078.0,7.333333333333333,154.0,179.0,inside_visible,1123.8126818181818,597.7841818181819,1
ljahBVDaBNE_15103-15857,618,3,543.5,50.5,195.0,216.0,inside_visible,566.4582499999999,398.73425,1
ljahBVDaBNE_15103-15857,619,1,1512.0,3.0,240.0,224.625,inside_visible,840.2308333333333,476.9571666666667,0
ljahBVDaBNE_15103-15857,619,2,1078.0,8.555555555555555,154.0,179.0,inside_visible,1124.3459090909091,598.0059090909091,1
ljahBVDaBNE_15103-15857,619,3,541.6666666666666,51.0,195.0,216.0,inside_visible,565.8964583333333,398.846625,1
ljahBVDaBNE_15103-15857,620,1,1512.0,3.0,240.0,226.25,inside_visible,828.096,478.755,0
ljahBVDaBNE_15103-15857,620,2,1078.0,9.777777777777777,154.0,179.0,inside_visible,1124.8791363636362,598.2276363636364,1
ljahBVDaBNE_15103-15857,620,3,539.8333333333334,51.5,195.0,216.0,inside_visible,565.3346666666666,398.959,1
ljahBVDaBNE_15103-15857,621,1,1512.0,3.0,240.0,227.875,inside_visible,826.74775,491.564,0
ljahBVDaBNE_15103-15857,621,2,1078.0,11.0,154.0,179.0,inside_visible,1125.4123636363636,598.4493636363636,1
ljahBVDaBNE_15103-15857,621,3,538.0,52.0,195.0,216.0,inside_visible,564.772875,399.071375,1
ljahBVDaBNE_15103-15857,622,1,1512.0,3.0,240.0,229.5,inside_visible,825.3995,504.373,0
ljahBVDaBNE_15103-15857,622,2,1078.428571428571,12.857142857142858,154.0,179.0,inside_visible,1125.945590909091,598.6710909090909,1
ljahBVDaBNE_15103-15857,622,3,536.8571428571429,52.71428571428572,195.0,216.0,inside_visible,564.2110833333334,399.18375,1
ljahBVDaBNE_15103-15857,623,1,1512.0,3.0,240.0,231.125,inside_visible,824.05125,517.182,0
ljahBVDaBNE_15103-15857,623,2,1078.857142857143,14.714285714285714,154.0,179.0,inside_visible,1126.478818181818,598.8928181818181,1
ljahBVDaBNE_15103-15857,623,3,535.7142857142857,53.42857142857143,195.0,216.0,inside_visible,563.6492916666666,399.296125,1
ljahBVDaBNE_15103-15857,624,1,1512.0,3.0,240.0,232.75,inside_visible,822.703,529.991,0
ljahBVDaBNE_15103-15857,624,2,1079.2857142857142,16.57142857142857,154.0,179.0,inside_visible,1127.0120454545454,599.1145454545455,1
ljahBVDaBNE_15103-15857,624,3,534.5714285714286,54.142857142857146,195.0,216.00000000000003,inside_visible,563.0875,399.4085,1
ljahBVDaBNE_15103-15857,625,1,1512.0,3.0,240.0,234.375,inside_visible,820.3434374999999,530.496625,0
ljahBVDaBNE_15103-15857,625,2,1079.7142857142858,18.428571428571427,154.0,179.0,inside_visible,1127.5452727272727,599.3362727272727,1
ljahBVDaBNE_15103-15857,625,3,533.4285714285714,54.85714285714285,195.0,216.0,inside_visible,562.5257083333333,399.520875,1
ljahBVDaBNE_15103-15857,626,1,1512.0,3.0,240.0,236.0,inside_visible,817.983875,531.00225,0
ljahBVDaBNE_15103-15857,626,2,1080.142857142857,20.285714285714285,154.0,179.0,inside_visible,1128.0785,599.558,1
ljahBVDaBNE_15103-15857,626,3,532.2857142857143,55.57142857142857,195.0,216.0,inside_visible,561.9639166666666,399.63325,1
ljahBVDaBNE_15103-15857,627,1,1511.0,3.0,240.0,236.0,inside_visible,815.6243125,531.507875,0
ljahBVDaBNE_15103-15857,627,2,1080.571428571429,22.142857142857142,154.0,179.0,inside_visible,1128.6117272727272,599.7797272727273,1
ljahBVDaBNE_15103-15857,627,3,531.1428571428571,56.285714285714285,195.0,216.0,inside_visible,561.402125,399.745625,1
ljahBVDaBNE_15103-15857,628,1,1510.0,3.0,240.0,236.0,inside_visible,813.26475,532.0135,0
ljahBVDaBNE_15103-15857,628,2,1081.0,24.0,154.0,179.0,inside_visible,1129.1449545454543,600.0014545454545,1
ljahBVDaBNE_15103-15857,628,3,530.0,57.0,195.0,216.0,inside_visible,560.8403333333333,399.858,1
ljahBVDaBNE_15103-15857,629,1,1509.0,3.0,240.0,236.0,inside_visible,810.9051875,532.519125,0
ljahBVDaBNE_15103-15857,629,2,1083.75,34.0,154.0,179.0,inside_visible,1129.678181818182,600.2231818181818,1
ljahBVDaBNE_15103-15857,629,3,527.8888888888889,57.55555555555556,195.0,216.0,inside_visible,560.2785416666667,399.970375,1
ljahBVDaBNE_15103-15857,630,1,1508.0,3.0,240.0,236.0,inside_visible,808.545625,533.02475,0
ljahBVDaBNE_15103-15857,630,2,1086.5,44.0,154.0,179.0,inside_visible,1130.211409090909,600.444909090909,1
ljahBVDaBNE_15103-15857,630,3,525.7777777777778,58.11111111111112,195.0,216.0,inside_visible,559.71675,400.08275,1
ljahBVDaBNE_15103-15857,631,1,1507.0,3.0,240.0,236.0,inside_visible,806.1860625,533.530375,0
ljahBVDaBNE_15103-15857,631,2,1089.25,54.0,154.0,179.0,inside_visible,1130.7446363636363,600.6666363636364,1
ljahBVDaBNE_15103-15857,631,3,523.6666666666666,58.66666666666666,195.0,216.00000000000003,inside_visible,559.1549583333333,400.195125,1
ljahBVDaBNE_15103-15857,632,1,1506.0,3.0,240.0,236.0,inside_visible,803.8265,534.0360000000001,0
ljahBVDaBNE_15103-15857,632,2,1092.0,64.0,154.0,179.0,inside_visible,1131.2778636363637,600.8883636363636,1
ljahBVDaBNE_15103-15857,632,3,521.5555555555555,59.22222222222222,195.0,216.0,inside_visible,558.5931666666667,400.3075,1
ljahBVDaBNE_15103-15857,633,1,1505.0,3.0,240.0,236.0,inside_visible,801.4669375,534.541625,0
ljahBVDaBNE_15103-15857,633,2,1093.0,75.4,154.0,179.0,inside_visible,1131.8110909090908,601.1100909090909,1
ljahBVDaBNE_15103-15857,633,3,519.4444444444445,59.77777777777778,195.0,216.0,inside_visible,558.031375,400.419875,1
ljahBVDaBNE_15103-15857,634,1,1504.0,3.0,240.0,236.0,inside_visible,799.107375,535.04725,0
ljahBVDaBNE_15103-15857,634,2,1094.0,86.8,154.0,179.0,inside_visible,1132.3443181818182,601.3318181818181,1
ljahBVDaBNE_15103-15857,634,3,517.3333333333334,60.333333333333336,195.0,216.0,inside_visible,557.4695833333333,400.53225,1
ljahBVDaBNE_15103-15857,635,1,1503.0,3.0,240.0,236.0,inside_visible,796.7478125,535.552875,0
ljahBVDaBNE_15103-15857,635,2,1095.0,98.2,154.0,179.0,inside_visible,1132.8775454545455,601.5535454545454,1
ljahBVDaBNE_15103-15857,635,3,515.2222222222222,60.888888888888886,195.0,216.00000000000003,inside_visible,556.9077916666666,400.644625,1
ljahBVDaBNE_15103-15857,636,1,1502.0,3.0,240.0,236.0,inside_visible,794.38825,536.0585,0
ljahBVDaBNE_15103-15857,636,2,1096.0,109.6,154.0,179.00000000000003,inside_visible,1133.4107727272726,601.7752727272726,1
ljahBVDaBNE_15103-15857,636,3,513.1111111111111,61.44444444444444,195.0,216.0,inside_visible,556.346,400.757,1
ljahBVDaBNE_15103-15857,637,1,1501.0,3.0,240.0,236.0,inside_visible,792.0286875,536.564125,0
ljahBVDaBNE_15103-15857,637,2,1097.0,121.0,154.0,179.0,inside_visible,1133.944,601.997,1
ljahBVDaBNE_15103-15857,637,3,511.0,62.0,195.0,216.0,inside_visible,552.7505,401.2065,1
ljahBVDaBNE_15103-15857,638,1,1501.0,2.833333333333333,240.0,236.0,inside_visible,789.669125,537.06975,0
ljahBVDaBNE_15103-15857,638,2,1095.3333333333333,136.33333333333334,154.0,178.99999999999997,inside_visible,1190.861,720.625,1
ljahBVDaBNE_15103-15857,638,3,508.8181818181818,62.0,195.00000000000009,216.0,inside_visible,549.155,401.656,1
ljahBVDaBNE_15103-15857,639,1,1501.0,2.6666666666666665,240.0,236.0,inside_visible,787.3095625000001,537.575375,0
ljahBVDaBNE_15103-15857,639,2,1093.6666666666667,151.66666666666666,154.0,179.00000000000003,inside_visible,1125.543,598.677,1
ljahBVDaBNE_15103-15857,639,3,506.6363636363636,62.0,195.0,216.0,inside_visible,545.5595000000001,402.1055,1
ljahBVDaBNE_15103-15857,640,1,1501.0,2.5,240.0,236.0,inside_visible,784.95,538.081,0
ljahBVDaBNE_15103-15857,640,2,1092.0,167.0,154.0,179.0,inside_visible,1133.0335,598.078,1
ljahBVDaBNE_15103-15857,640,3,504.45454545454544,62.0,195.00000000000009,216.0,inside_visible,541.964,402.555,1
ljahBVDaBNE_15103-15857,641,1,1501.0,2.333333333333333,240.0,236.0,inside_visible,776.0897142857143,540.7775714285715,0
ljahBVDaBNE_15103-15857,641,2,1093.6666666666667,178.66666666666666,154.0,179.00000000000003,inside_visible,1140.524,597.479,1
ljahBVDaBNE_15103-15857,641,3,502.27272727272725,62.0,195.0,216.0,inside_visible,538.3685,403.0045,1
ljahBVDaBNE_15103-15857,642,1,1501.0,2.1666666666666665,240.0,236.0,inside_visible,767.2294285714286,543.4741428571429,0
ljahBVDaBNE_15103-15857,642,2,1095.3333333333333,190.33333333333331,154.0,178.99999999999997,inside_visible,1137.5276666666666,605.2693333333334,1
ljahBVDaBNE_15103-15857,642,3,500.09090909090907,62.0,195.00000000000009,216.0,inside_visible,534.773,403.454,1
ljahBVDaBNE_15103-15857,643,1,1501.0,2.0,240.0,236.0,inside_visible,758.3691428571428,546.1707142857143,0
ljahBVDaBNE_15103-15857,643,2,1097.0,202.0,154.0,179.0,inside_visible,1134.5313333333334,613.0596666666667,1
ljahBVDaBNE_15103-15857,643,3,497.9090909090909,62.0,194.99999999999997,216.0,inside_visible,532.4615714285715,404.995,1
ljahBVDaBNE_15103-15857,644,1,1501.0,1.8333333333333333,240.0,236.0,inside_visible,749.5088571428572,548.8672857142857,0
ljahBVDaBNE_15103-15857,644,2,1097.571428571429,202.92857142857144,154.0,179.00000000000003,inside_visible,1131.535,620.85,1
ljahBVDaBNE_15103-15857,644,3,495.7272727272728,62.0,195.0,216.0,inside_visible,530.1501428571429,406.536,1
ljahBVDaBNE_15103-15857,645,1,1501.0,1.6666666666666667,240.0,236.0,inside_visible,740.6485714285715,551.5638571428572,0
ljahBVDaBNE_15103-15857,645,2,1098.142857142857,203.8571428571429,154.0,178.99999999999997,inside_visible,1128.3164000000002,621.7928,1
ljahBVDaBNE_15103-15857,645,3,493.54545454545456,62.0,194.99999999999997,216.0,inside_visible,527.8387142857143,408.077,1
ljahBVDaBNE_15103-15857,646,1,1501.0,1.5,240.0,236.0,inside_visible,731.7882857142857,554.2604285714285,0
ljahBVDaBNE_15103-15857,646,2,1098.7142857142858,204.78571428571428,154.0,179.0,inside_visible,1125.0978,622.7356,1
ljahBVDaBNE_15103-15857,646,3,491.3636363636364,62.0,195.0,216.0,inside_visible,525.5272857142857,409.618,1
ljahBVDaBNE_15103-15857,647,1,1501.0,1.3333333333333333,240.0,236.0,inside_visible,722.928,556.957,0
ljahBVDaBNE_15103-15857,647,2,1099.2857142857142,205.7142857142857,154.0,179.0,inside_visible,1121.8792,623.6784,1
ljahBVDaBNE_15103-15857,647,3,489.1818181818182,62.0,194.99999999999997,216.0,inside_visible,523.2158571428571,411.159,1
ljahBVDaBNE_15103-15857,648,1,1501.0,1.1666666666666663,240.0,236.0,inside_visible,724.95045,556.957,0
ljahBVDaBNE_15103-15857,648,2,1099.857142857143,206.64285714285717,154.0,179.00000000000003,inside_visible,1118.6606,624.6211999999999,1
ljahBVDaBNE_15103-15857,648,3,487.0,62.0,195.0,216.0,inside_visible,520.9044285714285,412.7,1
ljahBVDaBNE_15103-15857,649,1,1501.0,1.0,240.0,236.0,inside_visible,726.9729,556.957,0
ljahBVDaBNE_15103-15857,649,2,1100.428571428571,207.57142857142856,154.0,178.99999999999997,inside_visible,1115.442,625.564,1
ljahBVDaBNE_15103-15857,649,3,487.0,62.0,195.0,216.3793103448276,inside_visible,518.593,414.241,1
ljahBVDaBNE_15103-15857,650,1,1501.0,0.8333333333333335,240.0,236.0,inside_visible,728.99535,556.957,0
ljahBVDaBNE_15103-15857,650,2,1101.0,208.5,154.0,179.0,inside_visible,1138.363,638.1479999999999,1
ljahBVDaBNE_15103-15857,650,3,487.0,62.0,195.0,216.7586206896552,inside_visible,516.7951666666667,408.3983333333333,1
ljahBVDaBNE_15103-15857,651,1,1501.0,0.6666666666666665,240.0,236.0,inside_visible,731.0178,556.957,0
ljahBVDaBNE_15103-15857,651,2,1101.571428571429,209.42857142857144,154.0,179.00000000000003,inside_visible,1161.284,650.732,1
ljahBVDaBNE_15103-15857,651,3,487.0,62.0,195.0,217.13793103448276,inside_visible,514.9973333333332,402.5556666666666,1
ljahBVDaBNE_15103-15857,652,1,1501.0,0.5,240.0,236.0,inside_visible,733.04025,556.957,0
ljahBVDaBNE_15103-15857,652,2,1102.142857142857,210.3571428571429,154.0,178.99999999999997,inside_visible,1161.284,652.53,1
ljahBVDaBNE_15103-15857,652,3,487.0,62.0,195.0,217.51724137931035,inside_visible,513.1995,396.713,1
ljahBVDaBNE_15103-15857,653,1,1501.0,0.3333333333333335,240.0,236.0,inside_visible,735.0627,556.957,0
ljahBVDaBNE_15103-15857,653,2,1102.7142857142858,211.28571428571428,154.0,179.0,inside_visible,1163.0818333333334,648.485,1
ljahBVDaBNE_15103-15857,653,3,487.0,62.0,195.0,217.8965517241379,inside_visible,511.4016666666666,390.87033333333335,1
ljahBVDaBNE_15103-15857,654,1,1501.0,0.1666666666666669,240.0,236.0,inside_visible,737.08515,556.957,0
ljahBVDaBNE_15103-15857,654,2,1103.2857142857142,212.2142857142857,154.0,179.0,inside_visible,1164.8796666666667,644.4399999999999,1
ljahBVDaBNE_15103-15857,654,3,487.0,62.0,195.0,218.27586206896552,inside_visible,509.6038333333333,385.0276666666667,1
ljahBVDaBNE_15103-15857,655,1,1501.0,0.0,240.0,236.0,inside_visible,739.1075999999999,556.957,0
ljahBVDaBNE_15103-15857,655,2,1103.857142857143,213.14285714285717,154.0,179.00000000000003,inside_visible,1166.6775,640.395,1
ljahBVDaBNE_15103-15857,655,3,487.0,62.0,195.0,218.65517241379308,inside_visible,507.806,379.185,1
ljahBVDaBNE_15103-15857,656,1,1499.6666666666667,0.0,240.0,236.0,inside_visible,741.13005,556.957,0
ljahBVDaBNE_15103-15857,656,2,1104.428571428571,214.07142857142856,154.0,178.99999999999997,inside_visible,1168.4753333333333,636.35,1
ljahBVDaBNE_15103-15857,656,3,487.0,62.0,195.0,219.0344827586207,inside_visible,504.43525,377.83675,1
ljahBVDaBNE_15103-15857,657,1,1498.3333333333333,0.0,240.0,236.0,inside_visible,743.1524999999999,556.957,0
ljahBVDaBNE_15103-15857,657,2,1105.0,215.0,154.0,179.0,inside_visible,1170.2731666666666,632.305,1
ljahBVDaBNE_15103-15857,657,3,487.0,62.0,195.0,219.41379310344823,inside_visible,501.0645,376.4885,1
ljahBVDaBNE_15103-15857,658,1,1497.0,0.0,240.0,236.0,inside_visible,745.17495,556.957,0
ljahBVDaBNE_15103-15857,658,2,1105.6,219.4,154.0,178.99999999999997,inside_visible,1172.071,628.26,1
ljahBVDaBNE_15103-15857,658,3,487.0,62.0,195.0,219.79310344827587,inside_visible,497.69375,375.14025,1
ljahBVDaBNE_15103-15857,659,1,1495.6666666666667,0.0,240.0,236.0,inside_visible,747.1974,556.957,0
ljahBVDaBNE_15103-15857,659,2,1106.2,223.8,154.0,179.0,inside_visible,1172.071,637.1202857142857,1
ljahBVDaBNE_15103-15857,659,3,487.0,62.0,195.0,220.17241379310343,inside_visible,494.323,373.792,1
ljahBVDaBNE_15103-15857,660,1,1494.3333333333333,0.0,240.0,236.0,inside_visible,749.21985,556.957,0
ljahBVDaBNE_15103-15857,660,2,1106.8,228.2,154.0,179.0,inside_visible,1172.071,645.9805714285715,1
ljahBVDaBNE_15103-15857,660,3,487.0,62.0,195.0,220.55172413793105,inside_visible,494.1490322580645,373.270064516129,1
ljahBVDaBNE_15103-15857,661,1,1493.0,0.0,240.0,236.0,inside_visible,751.2423,556.957,0
ljahBVDaBNE_15103-15857,661,2,1107.4,232.6,154.0,179.00000000000003,inside_visible,1172.071,654.8408571428572,1
ljahBVDaBNE_15103-15857,661,3,487.0,62.0,195.0,220.9310344827586,inside_visible,493.975064516129,372.748129032258,1
ljahBVDaBNE_15103-15857,662,1,1493.1315789473683,0.0,240.0,236.0,inside_visible,753.2647499999999,556.957,0
ljahBVDaBNE_15103-15857,662,2,1108.0,237.0,154.0,179.0,inside_visible,1172.071,663.7011428571428,1
ljahBVDaBNE_15103-15857,662,3,487.0,62.0,195.0,221.31034482758625,inside_visible,493.8010967741935,372.2261935483871,1
ljahBVDaBNE_15103-15857,663,1,1493.2631578947369,0.0,240.0,236.0,inside_visible,755.2872,556.957,0
ljahBVDaBNE_15103-15857,663,2,1111.142857142857,238.14285714285717,154.0,179.00000000000003,inside_visible,1172.071,672.5614285714286,1
ljahBVDaBNE_15103-15857,663,3,487.0,62.0,195.0,221.68965517241375,inside_visible,493.6271290322581,371.7042580645161,1
ljahBVDaBNE_15103-15857,664,1,1493.3947368421052,0.0,240.0,236.0,inside_visible,757.3096499999999,556.957,0
ljahBVDaBNE_15103-15857,664,2,1114.2857142857142,239.28571428571428,154.0,179.0,inside_visible,1172.071,681.4217142857143,1
ljahBVDaBNE_15103-15857,664,3,487.0,62.0,195.0,222.0689655172414,inside_visible,493.45316129032256,371.1823225806451,1
ljahBVDaBNE_15103-15857,665,1,1493.5263157894738,0.0,240.0,236.0,inside_visible,759.3321,556.957,0
ljahBVDaBNE_15103-15857,665,2,1117.428571428571,240.42857142857144,154.0,179.00000000000003,inside_visible,1172.071,690.282,1
ljahBVDaBNE_15103-15857,665,3,487.0,62.0,195.0,222.44827586206893,inside_visible,493.2791935483871,370.6603870967742,1
ljahBVDaBNE_15103-15857,666,1,1493.657894736842,0.0,240.0,236.0,inside_visible,761.3545499999999,556.957,0
ljahBVDaBNE_15103-15857,666,2,1120.571428571429,241.57142857142856,154.0,178.99999999999997,inside_visible,1172.420684210526,691.1176842105264,1
ljahBVDaBNE_15103-15857,666,3,487.0,62.0,195.0,222.82758620689657,inside_visible,493.1052258064516,370.1384516129032,1
ljahBVDaBNE_15103-15857,667,1,1493.7894736842106,0.0,240.0,236.0,inside_visible,763.377,556.957,0
ljahBVDaBNE_15103-15857,667,2,1123.7142857142858,242.7142857142857,154.0,179.0,inside_visible,1172.7703684210526,691.9533684210527,1
ljahBVDaBNE_15103-15857,667,3,487.0,62.0,195.0,223.20689655172413,inside_visible,492.9312580645161,369.6165161290322,1
ljahBVDaBNE_15103-15857,668,1,1493.921052631579,0.0,240.0,236.0,inside_visible,764.7729516129032,559.4941451612904,0
ljahBVDaBNE_15103-15857,668,2,1126.857142857143,243.8571428571429,154.0,178.99999999999997,inside_visible,1173.1200526315788,692.789052631579,1
ljahBVDaBNE_15103-15857,668,3,487.0,62.0,195.0,223.58620689655172,inside_visible,492.7572903225806,369.0945806451613,1
ljahBVDaBNE_15103-15857,669,1,1494.0526315789473,0.0,240.0,236.0,inside_visible,766.1689032258064,562.0312903225806,0
ljahBVDaBNE_15103-15857,669,2,1130.0,245.0,154.0,179.0,inside_visible,1173.4697368421052,693.6247368421053,1
ljahBVDaBNE_15103-15857,669,3,487.0,62.0,195.0,223.9655172413793,inside_visible,492.58332258064513,368.5726451612903,1
ljahBVDaBNE_15103-15857,670,1,1494.1842105263158,0.0,240.0,236.0,inside_visible,767.5648548387096,564.568435483871,0
ljahBVDaBNE_15103-15857,670,2,1130.0,250.5,154.0,179.0,inside_visible,1173.8194210526317,694.4604210526315,1
ljahBVDaBNE_15103-15857,670,3,487.0,62.0,195.0,224.3448275862069,inside_visible,492.4093548387097,368.0507096774193,1
ljahBVDaBNE_15103-15857,671,1,1494.3157894736842,0.0,240.0,236.0,inside_visible,768.9608064516128,567.1055806451612,0
ljahBVDaBNE_15103-15857,671,2,1130.0,256.0,154.0,179.0,inside_visible,1174.169105263158,695.2961052631579,1
ljahBVDaBNE_15103-15857,671,3,487.0,62.0,195.0,224.72413793103448,inside_visible,492.23538709677416,367.5287741935484,1
ljahBVDaBNE_15103-15857,672,1,1494.4473684210527,0.0,240.0,236.0,inside_visible,770.356758064516,569.6427258064516,0
ljahBVDaBNE_15103-15857,672,2,1131.142857142857,258.2857142857143,154.0,179.0,inside_visible,1174.518789473684,696.1317894736842,1
ljahBVDaBNE_15103-15857,672,3,487.0,62.0,195.0,225.1034482758621,inside_visible,492.0614193548387,367.0068387096774,1
ljahBVDaBNE_15103-15857,673,1,1494.578947368421,0.0,240.0,236.0,inside_visible,771.7527096774193,572.179870967742,0
ljahBVDaBNE_15103-15857,673,2,1132.2857142857142,260.57142857142856,154.0,179.0,inside_visible,1174.8684736842104,696.9674736842105,1
ljahBVDaBNE_15103-15857,673,3,487.0,62.0,195.0,225.48275862068965,inside_visible,491.8874516129032,366.4849032258064,1
ljahBVDaBNE_15103-15857,674,1,1494.7105263157894,0.0,240.0,236.0,inside_visible,773.1486612903226,574.7170161290322,0
ljahBVDaBNE_15103-15857,674,2,1133.428571428571,262.85714285714283,154.0,179.0,inside_visible,1175.2181578947368,697.8031578947368,1
ljahBVDaBNE_15103-15857,674,3,487.0,62.0,195.0,225.86206896551727,inside_visible,491.7134838709677,365.9629677419355,1
ljahBVDaBNE_15103-15857,675,1,1494.842105263158,0.0,240.0,236.0,inside_visible,774.5446129032258,577.2541612903226,0
ljahBVDaBNE_15103-15857,675,2,1134.571428571429,265.1428571428572,154.0,179.0,inside_visible,1175.567842105263,698.6388421052632,1
ljahBVDaBNE_15103-15857,675,3,487.0,62.0,195.0,226.24137931034485,inside_visible,491.5395161290323,365.4410322580645,1
ljahBVDaBNE_15103-15857,676,1,1494.9736842105262,0.0,240.0,236.0,inside_visible,775.940564516129,579.7913064516129,0
ljahBVDaBNE_15103-15857,676,2,1135.7142857142858,267.42857142857144,154.0,179.0,inside_visible,1175.9175263157897,699.4745263157895,1
ljahBVDaBNE_15103-15857,676,3,487.0,62.0,195.0,226.62068965517244,inside_visible,491.3655483870968,364.9190967741936,1
ljahBVDaBNE_15103-15857,677,1,1495.1052631578948,0.0,240.0,236.0,inside_visible,777.3365161290322,582.3284516129032,0
ljahBVDaBNE_15103-15857,677,2,1136.857142857143,269.7142857142857,154.0,179.0,inside_visible,1176.2672105263157,700.3102105263158,1
ljahBVDaBNE_15103-15857,677,3,487.0,62.0,195.0,227.0,inside_visible,491.1915806451613,364.3971612903226,1
ljahBVDaBNE_15103-15857,678,1,1495.2368421052631,0.0,240.0,236.0,inside_visible,778.7324677419355,584.8655967741936,0
ljahBVDaBNE_15103-15857,678,2,1138.0,272.0,154.0,179.0,inside_visible,1176.616894736842,701.1458947368421,1
ljahBVDaBNE_15103-15857,678,3,487.88,61.8,195.0,227.0,inside_visible,491.0176129032258,363.8752258064516,1
ljahBVDaBNE_15103-15857,679,1,1495.3684210526317,0.0,240.0,236.0,inside_visible,780.1284193548387,587.4027419354838,0
ljahBVDaBNE_15103-15857,679,2,1137.625,274.75,154.0,179.0,inside_visible,1176.9665789473684,701.9815789473685,1
ljahBVDaBNE_15103-15857,679,3,488.76,61.6,195.0,227.00000000000003,inside_visible,490.8436451612904,363.3532903225807,1
ljahBVDaBNE_15103-15857,680,1,1495.5,0.0,240.0,236.0,inside_visible,781.5243709677419,589.9398870967742,0
ljahBVDaBNE_15103-15857,680,2,1137.25,277.5,154.0,179.0,inside_visible,1177.3162631578946,702.8172631578947,1
ljahBVDaBNE_15103-15857,680,3,489.64,61.4,195.0,227.0,inside_visible,490.66967741935485,362.8313548387097,1
ljahBVDaBNE_15103-15857,681,1,1495.6315789473683,0.0,240.0,236.0,inside_visible,782.9203225806451,592.4770322580645,0
ljahBVDaBNE_15103-15857,681,2,1136.875,280.25,154.0,179.0,inside_visible,1177.665947368421,703.652947368421,1
ljahBVDaBNE_15103-15857,681,3,490.52,61.2,195.0,227.0,inside_visible,490.49570967741937,362.3094193548387,1
ljahBVDaBNE_15103-15857,682,1,1495.7631578947369,0.0,240.0,236.0,inside_visible,784.3162741935483,595.0141774193548,0
ljahBVDaBNE_15103-15857,682,2,1136.5,283.0,154.0,179.0,inside_visible,1178.0156315789473,704.4886315789473,1
ljahBVDaBNE_15103-15857,682,3,491.4,61.0,195.0,227.0,inside_visible,490.3217419354839,361.7874838709678,1
ljahBVDaBNE_15103-15857,683,1,1495.8947368421052,0.0,240.0,236.0,inside_visible,785.7122258064516,597.5513225806452,0
ljahBVDaBNE_15103-15857,683,2,1136.125,285.75,154.0,179.0,inside_visible,1178.3653157894737,705.3243157894736,1
ljahBVDaBNE_15103-15857,683,3,492.28,60.8,195.0,227.0,inside_visible,490.1477741935484,361.2655483870968,1
ljahBVDaBNE_15103-15857,684,1,1496.0263157894738,0.0,240.0,236.0,inside_visible,787.1081774193548,600.0884677419355,0
ljahBVDaBNE_15103-15857,684,2,1135.75,288.5,154.0,179.0,inside_visible,1178.715,706.16,1
ljahBVDaBNE_15103-15857,684,3,493.16,60.6,194.99999999999997,227.00000000000003,inside_visible,489.9738064516129,360.7436129032258,1
ljahBVDaBNE_15103-15857,685,1,1496.157894736842,0.0,240.0,236.0,inside_visible,788.504129032258,602.6256129032258,0
ljahBVDaBNE_15103-15857,685,2,1135.375,291.25,154.0,179.0,inside_visible,1179.5376666666666,702.8679999999999,1
ljahBVDaBNE_15103-15857,685,3,494.04,60.4,194.99999999999997,227.0,inside_visible,489.79983870967743,360.2216774193549,1
ljahBVDaBNE_15103-15857,686,1,1496.2894736842106,0.0,240.0,236.0,inside_visible,789.9000806451613,605.1627580645161,0
ljahBVDaBNE_15103-15857,686,2,1135.0,294.0,154.0,179.0,inside_visible,1180.3603333333333,699.576,1
ljahBVDaBNE_15103-15857,686,3,494.92,60.2,194.99999999999997,227.0,inside_visible,489.625870967742,359.69974193548387,1
ljahBVDaBNE_15103-15857,687,1,1496.421052631579,0.0,240.0,236.0,inside_visible,791.2960322580645,607.6999032258065,0
ljahBVDaBNE_15103-15857,687,2,1133.142857142857,294.7142857142857,154.0,179.0,inside_visible,1181.183,696.284,1
ljahBVDaBNE_15103-15857,687,3,495.8,60.0,194.99999999999997,227.0,inside_visible,489.45190322580646,359.1778064516129,1
ljahBVDaBNE_15103-15857,688,1,1496.5526315789473,0.0,240.0,236.0,inside_visible,792.6919838709678,610.2370483870968,0
ljahBVDaBNE_15103-15857,688,2,1131.2857142857142,295.42857142857144,154.0,179.0,inside_visible,1182.005666666667,692.992,1
ljahBVDaBNE_15103-15857,688,3,496.68,59.8,194.99999999999997,227.0,inside_visible,489.277935483871,358.655870967742,1
ljahBVDaBNE_15103-15857,689,1,1496.6842105263158,0.0,240.0,236.0,inside_visible,794.087935483871,612.7741935483871,0
ljahBVDaBNE_15103-15857,689,2,1129.428571428571,296.1428571428572,154.0,179.0,inside_visible,1182.8283333333334,689.7,1
ljahBVDaBNE_15103-15857,689,3,497.56,59.6,194.99999999999997,227.00000000000003,inside_visible,489.1039677419355,358.13393548387097,1
ljahBVDaBNE_15103-15857,690,1,1496.8157894736842,0.0,240.0,236.0,inside_visible,795.4838870967742,615.3113387096774,0
ljahBVDaBNE_15103-15857,690,2,1127.571428571429,296.85714285714283,154.0,179.0,inside_visible,1183.651,686.408,1
ljahBVDaBNE_15103-15857,690,3,498.44,59.4,195.00000000000009,227.0,inside_visible,488.93,357.612,1
ljahBVDaBNE_15103-15857,691,1,1496.9473684210527,0.0,240.0,236.0,inside_visible,796.8798387096774,617.8484838709677,0
ljahBVDaBNE_15103-15857,691,2,1125.7142857142858,297.57142857142856,154.0,179.0,inside_visible,1170.092,685.363,1
ljahBVDaBNE_15103-15857,691,3,499.32,59.2,195.00000000000009,227.0,inside_visible,490.503,358.2861666666667,1
ljahBVDaBNE_15103-15857,692,1,1497.078947368421,0.0,240.0,236.0,inside_visible,798.2757903225806,620.3856290322581,0
ljahBVDaBNE_15103-15857,692,2,1123.857142857143,298.2857142857143,154.0,179.0,inside_visible,1156.533,684.318,1
ljahBVDaBNE_15103-15857,692,3,500.2,59.0,195.00000000000009,227.0,inside_visible,492.076,358.9603333333333,1
ljahBVDaBNE_15103-15857,693,1,1497.2105263157894,0.0,240.0,236.0,inside_visible,799.6717419354839,622.9227741935483,0
ljahBVDaBNE_15103-15857,693,2,1122.0,299.0,154.0,179.0,inside_visible,1245.446,648.941,1
ljahBVDaBNE_15103-15857,693,3,501.08,58.8,195.00000000000009,227.0,inside_visible,493.649,359.6345,1
ljahBVDaBNE_15103-15857,694,1,1497.342105263158,0.0,240.0,236.0,inside_visible,801.0676935483871,625.4599193548387,0
ljahBVDaBNE_15103-15857,694,2,1121.5,293.1666666666667,154.0,179.0,inside_visible,1248.0663333333332,631.5416666666667,1
ljahBVDaBNE_15103-15857,694,3,501.96,58.6,195.00000000000009,227.00000000000003,inside_visible,495.222,360.3086666666667,1
ljahBVDaBNE_15103-15857,695,1,1497.4736842105262,0.0,240.0,236.0,inside_visible,802.4636451612903,627.9970645161291,0
ljahBVDaBNE_15103-15857,695,2,1121.0,287.3333333333333,154.0,179.0,inside_visible,1250.6866666666667,614.1423333333333,1
ljahBVDaBNE_15103-15857,695,3,502.84,58.4,195.00000000000009,227.0,inside_visible,496.795,360.98283333333336,1
ljahBVDaBNE_15103-15857,696,1,1497.6052631578948,0.0,240.0,236.0,inside_visible,803.8595967741935,630.5342096774193,0
ljahBVDaBNE_15103-15857,696,2,1120.5,281.5,154.0,179.0,inside_visible,1253.307,596.743,1
ljahBVDaBNE_15103-15857,696,3,503.72,58.2,195.0,227.0,inside_visible,498.368,361.657,1
ljahBVDaBNE_15103-15857,697,1,1497.7368421052631,0.0,240.0,236.0,inside_visible,805.2555483870967,633.0713548387097,0
ljahBVDaBNE_15103-15857,697,2,1120.0,275.6666666666667,154.0,179.0,inside_visible,1247.577,577.024,1
ljahBVDaBNE_15103-15857,697,3,504.6,58.0,195.0,227.0,inside_visible,499.941,362.33116666666666,1
ljahBVDaBNE_15103-15857,698,1,1497.8684210526317,0.0,240.0,236.0,inside_visible,806.6514999999999,635.6085,0
ljahBVDaBNE_15103-15857,698,2,1119.5,269.8333333333333,154.0,179.0,inside_visible,1242.147,560.2863333333333,1
ljahBVDaBNE_15103-15857,698,3,505.48,57.8,195.0,227.0,inside_visible,501.514,363.0053333333333,1
ljahBVDaBNE_15103-15857,699,1,1498.0,0.0,240.0,236.0,inside_visible,808.0474516129033,638.1456451612903,0
ljahBVDaBNE_15103-15857,699,2,1119.0,264.0,154.0,179.0,inside_visible,1236.717,543.5486666666667,1
ljahBVDaBNE_15103-15857,699,3,506.36,57.6,195.0,227.00000000000003,inside_visible,503.087,363.6795,1
ljahBVDaBNE_15103-15857,700,1,1498.64,0.0,239.3599999999999,235.04,inside_visible,809.4434032258065,640.6827903225807,0
ljahBVDaBNE_15103-15857,700,2,1110.0,242.33333333333331,154.0,178.99999999999997,inside_visible,1231.287,526.811,1
ljahBVDaBNE_15103-15857,700,3,507.24,57.4,195.0,227.0,inside_visible,504.66,364.3536666666666,1
ljahBVDaBNE_15103-15857,701,1,1499.28,0.0,238.72000000000003,234.08,inside_visible,810.8393548387097,643.2199354838709,0
ljahBVDaBNE_15103-15857,701,2,1101.0,220.66666666666669,154.0,179.0,inside_visible,1223.197,515.1256666666667,1
ljahBVDaBNE_15103-15857,701,3,508.12,57.2,195.0,227.0,inside_visible,506.233,365.0278333333333,1
ljahBVDaBNE_15103-15857,702,1,1499.92,0.0,238.07999999999996,233.12,inside_visible,812.2353064516129,645.7570806451613,0
ljahBVDaBNE_15103-15857,702,2,1092.0,199.0,154.0,179.0,inside_visible,1215.107,503.4403333333333,1
ljahBVDaBNE_15103-15857,702,3,509.0,57.0,195.0,227.0,inside_visible,507.806,365.702,1
ljahBVDaBNE_15103-15857,703,1,1500.56,0.0,237.44000000000003,232.16,inside_visible,813.6312580645161,648.2942258064515,0
ljahBVDaBNE_15103-15857,703,2,1092.0,182.0,154.0,179.0,inside_visible,1207.017,491.755,1
ljahBVDaBNE_15103-15857,703,3,509.2272727272728,56.5,195.0,227.0,inside_visible,518.593,372.444,1
ljahBVDaBNE_15103-15857,704,1,1501.2,0.0,236.79999999999995,231.2,inside_visible,815.0272096774194,650.8313709677419,0
ljahBVDaBNE_15103-15857,704,2,1092.0,165.0,154.0,179.0,inside_visible,1207.017,472.879,1
ljahBVDaBNE_15103-15857,704,3,509.45454545454544,56.0,195.00000000000009,227.0,inside_visible,313.649,411.545,1
ljahBVDaBNE_15103-15857,705,1,1501.84,0.0,236.16000000000008,230.24,inside_visible,816.4231612903226,653.3685161290323,0
ljahBVDaBNE_15103-15857,705,2,1092.0,148.0,154.0,179.0,inside_visible,1188.1405,444.5645,1
ljahBVDaBNE_15103-15857,705,3,509.6818181818182,55.5,194.99999999999997,227.0,inside_visible,315.35614285714286,413.475,1
ljahBVDaBNE_15103-15857,706,1,1502.48,0.0,235.52,229.28,inside_visible,817.8191129032258,655.9056612903225,0
ljahBVDaBNE_15103-15857,706,2,1088.75,133.25,154.0,179.0,inside_visible,1169.264,416.25,1
ljahBVDaBNE_15103-15857,706,3,509.9090909090909,55.0,194.99999999999997,227.0,inside_visible,317.0632857142857,415.405,1
ljahBVDaBNE_15103-15857,707,1,1503.12,0.0,234.8800000000001,228.32,inside_visible,819.215064516129,658.4428064516129,0
ljahBVDaBNE_15103-15857,707,2,1085.5,118.5,154.0,179.0,inside_visible,1157.129,397.3735,1
ljahBVDaBNE_15103-15857,707,3,510.1363636363636,54.5,195.0,227.0,inside_visible,318.77042857142857,417.335,1
ljahBVDaBNE_15103-15857,708,1,1503.76,0.0,234.24,227.36,inside_visible,820.6110161290322,660.9799516129032,0
ljahBVDaBNE_15103-15857,708,2,1082.25,103.75,154.0,179.0,inside_visible,1144.994,378.497,1
ljahBVDaBNE_15103-15857,708,3,510.3636363636364,54.0,195.0,227.0,inside_visible,320.4775714285714,419.265,1
ljahBVDaBNE_15103-15857,709,1,1504.4,0.0,233.5999999999999,226.4,inside_visible,822.0069677419355,663.5170967741935,0
ljahBVDaBNE_15103-15857,709,2,1079.0,89.0,154.0,179.0,inside_visible,1139.0613999999998,368.2498,1
ljahBVDaBNE_15103-15857,709,3,510.59090909090907,53.5,195.00000000000009,227.0,inside_visible,322.1847142857143,421.195,1
ljahBVDaBNE_15103-15857,710,1,1505.04,0.0,232.96000000000004,225.44,inside_visible,823.4029193548388,666.0542419354839,0
ljahBVDaBNE_15103-15857,710,2,1075.0,81.0,154.0,179.0,inside_visible,1133.1288,358.00260000000003,1
ljahBVDaBNE_15103-15857,710,3,510.8181818181818,53.0,195.00000000000009,227.0,inside_visible,323.89185714285713,423.125,1
ljahBVDaBNE_15103-15857,711,1,1505.68,0.0,232.31999999999996,224.48,inside_visible,824.798870967742,668.5913870967742,0
ljahBVDaBNE_15103-15857,711,2,1071.0,73.0,154.0,179.0,inside_visible,1127.1962,347.7554,1
ljahBVDaBNE_15103-15857,711,3,511.04545454545456,52.5,194.99999999999997,227.0,inside_visible,325.599,425.055,1
ljahBVDaBNE_15103-15857,712,1,1506.32,0.0,231.6800000000001,223.52,inside_visible,826.1948225806452,671.1285322580645,0
ljahBVDaBNE_15103-15857,712,2,1067.75,67.0,154.0,179.0,inside_visible,1121.2636,337.5082,1
ljahBVDaBNE_15103-15857,712,3,511.27272727272725,52.0,195.0,227.0,inside_visible,341.779,447.977,1
ljahBVDaBNE_15103-15857,713,1,1506.96,0.0,231.04,222.56,inside_visible,827.5907741935484,673.6656774193548,0
ljahBVDaBNE_15103-15857,713,2,1064.5,61.0,154.0,179.0,inside_visible,1115.331,327.261,1
ljahBVDaBNE_15103-15857,713,3,511.5,51.5,195.0,227.0,inside_visible,514.363,384.606,1
ljahBVDaBNE_15103-15857,714,1,1507.6,0.0,230.4000000000001,221.6,inside_visible,828.9867258064517,676.2028225806451,0
ljahBVDaBNE_15103-15857,714,2,1061.25,55.0,154.0,179.0,inside_visible,1110.612,318.497,1
ljahBVDaBNE_15103-15857,714,3,511.7272727272728,51.0,195.0,227.0,inside_visible,515.6864285714286,385.537,1
ljahBVDaBNE_15103-15857,715,1,1508.24,0.0,229.76,220.64,inside_visible,830.3826774193549,678.7399677419355,0
ljahBVDaBNE_15103-15857,715,2,1058.0,49.0,154.0,179.0,inside_visible,1105.893,309.733,1
ljahBVDaBNE_15103-15857,715,3,511.95454545454544,50.5,195.00000000000009,227.0,inside_visible,517.0098571428572,386.468,1
ljahBVDaBNE_15103-15857,716,1,1508.88,0.0,229.1199999999999,219.68,inside_visible,831.7786290322581,681.2771129032258,0
ljahBVDaBNE_15103-15857,716,2,1045.0,27.0,154.0,179.0,inside_visible,1101.174,300.969,1
ljahBVDaBNE_15103-15857,716,3,512.1818181818181,50.0,195.0,227.0,inside_visible,518.3332857142857,387.399,1
ljahBVDaBNE_15103-15857,717,1,1509.52,0.0,228.48,218.72,inside_visible,833.1745806451613,683.8142580645161,0
ljahBVDaBNE_15103-15857,717,2,1045.0,20.666666666666668,154.0,179.0,inside_visible,1096.455,292.205,1
ljahBVDaBNE_15103-15857,717,3,512.4090909090909,49.5,195.0,227.0,inside_visible,519.6567142857143,388.33,1
ljahBVDaBNE_15103-15857,718,1,1510.16,0.0,227.83999999999992,217.76,inside_visible,834.5705322580645,686.3514032258065,0
ljahBVDaBNE_15103-15857,718,2,1045.0,14.333333333333334,154.0,179.0,inside_visible,1095.3764,287.351,1
ljahBVDaBNE_15103-15857,718,3,512.6363636363636,49.0,195.0,227.0,inside_visible,520.9801428571428,389.261,1
ljahBVDaBNE_15103-15857,719,1,1510.8,0.0,227.20000000000005,216.8,inside_visible,835.9664838709677,688.8885483870968,0
ljahBVDaBNE_15103-15857,719,2,1045.0,8.0,154.0,179.0,inside_visible,1094.2977999999998,282.497,1
ljahBVDaBNE_15103-15857,719,3,512.8636363636364,48.5,195.0,227.0,inside_visible,522.3035714285714,390.192,1
ljahBVDaBNE_15103-15857,720,1,1511.44,0.0,226.55999999999997,215.84,outside_frame,837.362435483871,691.4256935483871,0
ljahBVDaBNE_15103-15857,720,2,1041.0,8.0,154.0,179.0,inside_visible,1093.2192,277.643,1
ljahBVDaBNE_15103-15857,720,3,513.0909090909091,48.0,195.0,227.0,inside_visible,523.627,391.123,1
ljahBVDaBNE_15103-15857,721,1,1512.08,0.0,225.92000000000007,214.88,outside_frame,838.7583870967742,693.9628387096774,0
ljahBVDaBNE_15103-15857,721,2,1037.0,8.0,154.0,179.0,inside_visible,1092.1406,272.789,1
ljahBVDaBNE_15103-15857,721,3,513.3181818181819,47.5,195.0,227.0,inside_visible,361.612,429.036,1
ljahBVDaBNE_15103-15857,722,1,1512.72,0.0,225.28,213.92,outside_frame,840.1543387096774,696.4999838709678,0
ljahBVDaBNE_15103-15857,722,2,1033.0,8.0,154.0,179.0,inside_visible,1091.062,267.935,1
ljahBVDaBNE_15103-15857,722,3,513.5454545454545,47.0,195.0,227.0,inside_visible,371.8440000000001,426.5,1
ljahBVDaBNE_15103-15857,723,1,1513.36,0.0,224.6400000000001,212.96,outside_frame,841.5502903225806,699.037129032258,0
ljahBVDaBNE_15103-15857,723,2,1029.0,8.0,154.0,179.0,inside_visible,1085.34775,266.45825,1
ljahBVDaBNE_15103-15857,723,3,513.7727272727273,46.5,195.0,227.0,inside_visible,382.076,423.964,1
ljahBVDaBNE_15103-15857,724,1,1514.0,0.0,224.0,212.0,outside_frame,842.946241935484,701.5742741935484,0
ljahBVDaBNE_15103-15857,724,2,1027.9,7.7,154.0,179.0,inside_visible,1079.6335,264.9815,1
ljahBVDaBNE_15103-15857,724,3,514.0,46.0,195.0,227.0,inside_visible,399.05,422.776,1
ljahBVDaBNE_15103-15857,725,1,1514.6875,0.0,224.0,212.0,outside_frame,844.3421935483872,704.1114193548387,0
ljahBVDaBNE_15103-15857,725,2,1026.8,7.4,154.0,179.0,inside_visible,1073.91925,263.50475,1
ljahBVDaBNE_15103-15857,725,3,514.0,43.333333333333336,195.0,227.0,inside_visible,399.3496666666667,420.379,1
ljahBVDaBNE_15103-15857,726,1,1515.375,0.0,224.0,212.0,outside_frame,845.7381451612904,706.648564516129,0
ljahBVDaBNE_15103-15857,726,2,1025.7,7.1,154.0,179.0,inside_visible,1068.205,262.028,1
ljahBVDaBNE_15103-15857,726,3,514.0,40.66666666666666,195.0,227.00000000000003,inside_visible,399.64933333333335,417.982,1
ljahBVDaBNE_15103-15857,727,1,1516.0625,0.0,224.0,212.0,outside_frame,847.1340967741936,709.1857096774194,0
ljahBVDaBNE_15103-15857,727,2,1024.6,6.8,154.0,179.0,inside_visible,1059.794,251.113,1
ljahBVDaBNE_15103-15857,727,3,514.0,38.0,195.0,227.0,inside_visible,399.949,415.585,1
ljahBVDaBNE_15103-15857,728,1,1516.75,0.0,224.0,212.0,outside_frame,848.5300483870968,711.7228548387097,0
ljahBVDaBNE_15103-15857,728,2,1023.5,6.5,154.0,179.0,inside_visible,959.698,445.142,1
ljahBVDaBNE_15103-15857,728,3,514.0,35.333333333333336,195.0,227.0,inside_visible,400.2486666666667,413.188,1
ljahBVDaBNE_15103-15857,729,1,1517.4375,0.0,224.0,212.0,outside_frame,849.926,714.26,0
ljahBVDaBNE_15103-15857,729,2,1022.4,6.2,154.0000000000001,179.0,inside_visible,953.534,443.216,1
ljahBVDaBNE_15103-15857,729,3,514.0,32.666666666666664,195.0,227.00000000000003,inside_visible,400.54833333333335,410.791,1
ljahBVDaBNE_15103-15857,730,1,1518.125,0.0,224.0,212.0,inside_visible,850.1594545454545,713.9739999999999,0
ljahBVDaBNE_15103-15857,730,2,1021.3,5.9,154.0,179.0,inside_visible,972.4525,449.3105,1
ljahBVDaBNE_15103-15857,730,3,514.0,30.0,195.0,227.0,inside_visible,400.848,408.394,1
ljahBVDaBNE_15103-15857,731,1,1518.8125,0.0,224.0,212.0,inside_visible,850.3929090909091,713.688,0
ljahBVDaBNE_15103-15857,731,2,1020.2,5.6,154.0,179.0,inside_visible,991.371,455.405,1
ljahBVDaBNE_15103-15857,731,3,511.25,29.25,195.0,227.0,inside_visible,401.1476666666667,405.997,1
ljahBVDaBNE_15103-15857,732,1,1519.5,0.0,224.0,212.0,inside_visible,850.6263636363636,713.402,0
ljahBVDaBNE_15103-15857,732,2,1019.1,5.3,153.9999999999999,179.0,inside_visible,972.4945,467.54,1
ljahBVDaBNE_15103-15857,732,3,508.5,28.5,195.0,227.0,inside_visible,401.44733333333335,403.6,1
ljahBVDaBNE_15103-15857,733,1,1520.1875,0.0,224.0,212.0,inside_visible,850.8598181818182,713.116,0
ljahBVDaBNE_15103-15857,733,2,1018.0,5.0,154.0,179.0,inside_visible,953.618,479.675,1
ljahBVDaBNE_15103-15857,733,3,505.75,27.75,195.0,227.0,inside_visible,401.747,401.203,1
ljahBVDaBNE_15103-15857,734,1,1520.875,0.0,224.0,212.0,inside_visible,851.0932727272727,712.8299999999999,0
ljahBVDaBNE_15103-15857,734,2,1010.0,0.0,154.0,166.0,inside_visible,953.618,473.7424,1
ljahBVDaBNE_15103-15857,734,3,503.0,27.0,195.0,227.0,inside_visible,379.94933333333336,404.574,1
ljahBVDaBNE_15103-15857,735,1,1521.5625,0.0,224.0,212.0,inside_visible,851.3267272727273,712.544,0
ljahBVDaBNE_15103-15857,735,2,1010.0,0.0,154.0,164.33333333333334,inside_visible,953.618,467.8098,1
ljahBVDaBNE_15103-15857,735,3,503.0,26.214285714285715,195.0,227.0,inside_visible,358.15166666666664,407.945,1
ljahBVDaBNE_15103-15857,736,1,1522.25,0.0,224.0,212.0,inside_visible,851.5601818181818,712.258,0
ljahBVDaBNE_15103-15857,736,2,1010.0,0.0,154.0,162.66666666666666,inside_visible,953.618,461.8772,1
ljahBVDaBNE_15103-15857,736,3,503.0,25.428571428571427,195.0,227.0,inside_visible,336.354,411.316,1
ljahBVDaBNE_15103-15857,737,1,1522.9375,0.0,224.0,212.0,inside_visible,851.7936363636364,711.972,0
ljahBVDaBNE_15103-15857,737,2,1010.0,0.0,154.0,161.0,inside_visible,953.618,455.9446,1
ljahBVDaBNE_15103-15857,737,3,503.0,24.642857142857142,195.0,227.0,inside_visible,328.938,403.9,1
ljahBVDaBNE_15103-15857,738,1,1523.625,0.0,224.0,212.0,inside_visible,852.0270909090909,711.6859999999999,0
ljahBVDaBNE_15103-15857,738,2,1010.0,0.0,154.0,159.33333333333334,inside_visible,953.618,450.012,1
ljahBVDaBNE_15103-15857,738,3,503.0,23.857142857142858,195.0,227.0,inside_visible,347.3276666666667,416.8963333333333,1
ljahBVDaBNE_15103-15857,739,1,1524.3125,0.0,224.0,212.0,inside_visible,852.2605454545455,711.4,0
ljahBVDaBNE_15103-15857,739,2,1010.0,0.0,154.0,157.66666666666666,inside_visible,952.809,444.8884,1
ljahBVDaBNE_15103-15857,739,3,503.0,23.07142857142857,195.0,227.0,inside_visible,365.7173333333333,429.8926666666667,1
ljahBVDaBNE_15103-15857,740,1,1525.0,0.0,224.0,212.0,inside_visible,852.494,711.114,0
ljahBVDaBNE_15103-15857,740,2,1010.0,0.0,154.0,156.0,inside_visible,952.0,439.7648,1
ljahBVDaBNE_15103-15857,740,3,503.0,22.285714285714285,195.0,227.0,inside_visible,384.107,442.889,1
ljahBVDaBNE_15103-15857,741,1,1525.0,0.0,224.0,207.625,inside_visible,852.7274545454545,710.828,0
ljahBVDaBNE_15103-15857,741,2,1010.0,0.0,154.0,154.33333333333334,inside_visible,951.191,434.6412,1
ljahBVDaBNE_15103-15857,741,3,503.0,21.5,195.0,227.0,inside_visible,386.8036666666667,449.181,1
ljahBVDaBNE_15103-15857,742,1,1525.0,0.0,224.0,203.25,inside_visible,852.9609090909091,710.5419999999999,0
ljahBVDaBNE_15103-15857,742,2,1010.0,0.0,154.0,152.66666666666666,inside_visible,950.382,429.5176,1
ljahBVDaBNE_15103-15857,742,3,503.0,20.714285714285715,195.0,227.0,inside_visible,389.5003333333333,455.473,1
ljahBVDaBNE_15103-15857,743,1,1525.0,0.0,224.0,198.875,inside_visible,853.1943636363636,710.256,0
ljahBVDaBNE_15103-15857,743,2,1010.0,0.0,154.0,151.0,inside_visible,949.573,424.394,1
ljahBVDaBNE_15103-15857,743,3,503.0,19.928571428571427,195.0,227.0,inside_visible,392.197,461.765,1
ljahBVDaBNE_15103-15857,744,1,1525.0,0.0,224.0,194.5,inside_visible,853.4278181818182,709.97,0
ljahBVDaBNE_15103-15857,744,2,1010.0,0.0,154.0,149.33333333333334,inside_visible,948.764,419.2704,1
ljahBVDaBNE_15103-15857,744,3,503.0,19.142857142857142,195.0,227.0,inside_visible,391.7475,458.619,1
ljahBVDaBNE_15103-15857,745,1,1525.0,0.0,224.0,190.125,inside_visible,853.6612727272727,709.684,0
ljahBVDaBNE_15103-15857,745,2,1010.0,0.0,154.0,147.66666666666666,inside_visible,947.955,414.1468,1
ljahBVDaBNE_15103-15857,745,3,503.0,18.357142857142858,195.0,227.0,inside_visible,391.298,455.473,1
ljahBVDaBNE_15103-15857,746,1,1525.0,0.0,224.0,185.75,inside_visible,853.8947272727273,709.3979999999999,0
ljahBVDaBNE_15103-15857,746,2,1010.0,0.0,154.0,146.0,inside_visible,947.146,409.0232,1
ljahBVDaBNE_15103-15857,746,3,503.0,17.57142857142857,195.0,227.0,inside_visible,390.8485,452.327,1
ljahBVDaBNE_15103-15857,747,1,1525.0,0.0,224.0,181.375,inside_visible,854.1281818181818,709.112,0
ljahBVDaBNE_15103-15857,747,2,1010.0,0.0,154.0,144.33333333333334,inside_visible,946.337,403.8996,1
ljahBVDaBNE_15103-15857,747,3,503.0,16.785714285714285,195.0,227.0,inside_visible,390.399,449.181,1
ljahBVDaBNE_15103-15857,748,1,1525.0,0.0,224.0,177.0,inside_visible,854.3616363636364,708.826,0
ljahBVDaBNE_15103-15857,748,2,1010.0,0.0,154.0,142.66666666666666,inside_visible,945.528,398.776,1
ljahBVDaBNE_15103-15857,748,3,503.0,16.0,195.0,227.0,inside_visible,389.9495,446.035,1
ljahBVDaBNE_15103-15857,749,1,1525.0,0.0,224.0,174.71428571428572,inside_visible,854.5950909090909,708.54,0
ljahBVDaBNE_15103-15857,749,2,1010.0,0.0,154.0,141.0,inside_visible,948.6098571428572,396.0794285714286,1
ljahBVDaBNE_15103-15857,749,3,503.0,13.333333333333334,195.0,227.0,inside_visible,389.5,442.889,1
ljahBVDaBNE_15103-15857,750,1,1525.0,0.0,224.0,172.42857142857142,inside_visible,854.8285454545455,708.2539999999999,0
ljahBVDaBNE_15103-15857,750,2,1010.0,0.0,154.0,139.33333333333334,inside_visible,951.6917142857144,393.3828571428571,1
ljahBVDaBNE_15103-15857,750,3,503.0,10.666666666666668,195.0,227.0,inside_visible,377.0656666666667,435.84783333333337,1
ljahBVDaBNE_15103-15857,751,1,1525.0,0.0,224.0,170.14285714285714,inside_visible,855.062,707.968,0
ljahBVDaBNE_15103-15857,751,2,1010.0,0.0,154.0,137.66666666666666,inside_visible,954.7735714285716,390.6862857142857,1
ljahBVDaBNE_15103-15857,751,3,503.0,8.0,195.0,227.0,inside_visible,364.6313333333333,428.8066666666667,1
ljahBVDaBNE_15103-15857,752,1,1525.0,0.0,224.0,167.85714285714286,inside_visible,853.778,709.5409999999999,0
ljahBVDaBNE_15103-15857,752,2,1010.0,0.0,154.0,136.0,inside_visible,957.8554285714284,387.9897142857143,1
ljahBVDaBNE_15103-15857,752,3,503.0,5.333333333333334,195.0,227.0,inside_visible,352.197,421.7655,1
ljahBVDaBNE_15103-15857,753,1,1525.0,0.0,224.0,165.57142857142858,inside_visible,852.494,711.114,0
ljahBVDaBNE_15103-15857,753,2,1007.3333333333334,0.0,153.9999999999999,141.33333333333334,inside_visible,960.9372857142856,385.29314285714287,1
ljahBVDaBNE_15103-15857,753,3,503.0,2.666666666666666,195.0,227.0,inside_visible,339.7626666666667,414.7243333333333,1
ljahBVDaBNE_15103-15857,754,1,1525.0,0.0,224.0,163.28571428571428,inside_visible,851.21,712.687,0
ljahBVDaBNE_15103-15857,754,2,1004.6666666666666,0.0,154.0000000000001,146.66666666666666,inside_visible,964.0191428571428,382.5965714285714,1
ljahBVDaBNE_15103-15857,754,3,503.0,0.0,195.0,227.0,inside_visible,327.3283333333333,407.6831666666667,1
ljahBVDaBNE_15103-15857,755,1,1525.0,0.0,224.0,161.0,inside_visible,849.926,714.26,0
ljahBVDaBNE_15103-15857,755,2,1002.0,0.0,154.0,152.0,inside_visible,967.101,379.9,1
ljahBVDaBNE_15103-15857,755,3,503.0,0.0,195.0,227.0,inside_visible,314.894,400.642,1
