clip,frame,person_id,bbox_x,bbox_y,bbox_width,bbox_height,gaze_class,gaze_x,gaze_y,is_child
pQyNKRHbjRA_1-1822,1,1,181.0,303.0,294.0,271.0,inside_visible,1324.077,163.396,1
pQyNKRHbjRA_1-1822,1,2,1270.0,59.0,301.0,326.0,inside_occluded,985.221,540.611,0
pQyNKRHbjRA_1-1822,2,1,179.5,302.5,294.0,271.0,inside_visible,1323.1280645161291,163.0881935483871,1
pQyNKRHbjRA_1-1822,2,2,1269.5,57.75,301.0,326.0,inside_occluded,1002.7765,561.4165,0
pQyNKRHbjRA_1-1822,3,1,178.0,302.0,294.0,271.0,inside_visible,1322.179129032258,162.78038709677418,1
pQyNKRHbjRA_1-1822,3,2,1269.0,56.5,301.0,326.0,inside_occluded,1020.332,582.222,0
pQyNKRHbjRA_1-1822,4,1,176.5,301.5,294.0,271.0,inside_visible,1321.2301935483872,162.4725806451613,1
pQyNKRHbjRA_1-1822,4,2,1268.5,55.25,301.0,326.0,inside_occluded,1037.8875,603.0274999999999,0
pQyNKRHbjRA_1-1822,5,1,175.0,301.0,294.0,271.0,inside_visible,1320.281258064516,162.16477419354837,1
pQyNKRHbjRA_1-1822,5,2,1268.0,54.0,301.0,326.0,inside_occluded,1055.443,623.833,0
pQyNKRHbjRA_1-1822,6,1,175.33333333333334,300.6666666666667,294.0,270.99999999999994,inside_visible,1319.3323225806453,161.85696774193548,1
pQyNKRHbjRA_1-1822,6,2,1268.0,55.6,301.0,326.0,inside_occluded,1072.9985,644.6385,0
pQyNKRHbjRA_1-1822,7,1,175.66666666666666,300.3333333333333,294.0,271.00000000000006,inside_visible,1318.3833870967742,161.54916129032256,1
pQyNKRHbjRA_1-1822,7,2,1268.0,57.2,301.0,326.0,inside_occluded,1090.554,665.444,0
pQyNKRHbjRA_1-1822,8,1,176.0,300.0,294.0,271.0,inside_visible,1317.434451612903,161.24135483870967,1
pQyNKRHbjRA_1-1822,8,2,1268.0,58.8,301.0,326.0,inside_occluded,1108.1095,686.2494999999999,0
pQyNKRHbjRA_1-1822,9,1,171.66666666666666,308.0,294.0,271.0,inside_visible,1316.4855161290322,160.93354838709678,1
pQyNKRHbjRA_1-1822,9,2,1268.0,60.4,301.0,326.0,inside_visible,1125.665,707.055,0
pQyNKRHbjRA_1-1822,10,1,167.33333333333334,316.0,294.0,271.0,inside_visible,1315.5365806451614,160.62574193548386,1
pQyNKRHbjRA_1-1822,10,2,1268.0,62.0,301.0,326.0,inside_visible,1143.221,734.611,0
pQyNKRHbjRA_1-1822,11,1,163.0,324.0,294.0,271.0,inside_visible,1314.5876451612903,160.31793548387097,1
pQyNKRHbjRA_1-1822,11,2,1263.0,78.0,301.0,326.0,inside_visible,1144.278,732.3292,0
pQyNKRHbjRA_1-1822,12,1,159.0,335.0,294.0,271.0,inside_visible,1313.6387096774197,160.01012903225805,1
pQyNKRHbjRA_1-1822,12,2,1257.5,80.5,301.0,326.0,inside_visible,1145.335,730.0474,0
pQyNKRHbjRA_1-1822,13,1,155.5,329.5,294.0,271.0,inside_visible,1312.6897741935484,159.70232258064516,1
pQyNKRHbjRA_1-1822,13,2,1252.0,83.0,301.0,326.0,inside_visible,1146.392,727.7656,0
pQyNKRHbjRA_1-1822,14,1,152.0,324.0,294.0,271.0,inside_visible,1311.7408387096775,159.39451612903227,1
pQyNKRHbjRA_1-1822,14,2,1254.6666666666667,77.66666666666667,301.0,326.0,gaze_shift,1147.449,725.4838,0
pQyNKRHbjRA_1-1822,15,1,161.0,316.0,294.0,271.0,inside_visible,1310.7919032258064,159.08670967741935,1
pQyNKRHbjRA_1-1822,15,2,1257.3333333333333,72.33333333333333,301.0,326.0,gaze_shift,1148.506,723.202,0
pQyNKRHbjRA_1-1822,16,1,161.66666666666666,310.6666666666667,294.0,270.99999999999994,inside_visible,1309.8429677419356,158.77890322580646,1
pQyNKRHbjRA_1-1822,16,2,1260.0,67.0,301.0,326.0,inside_visible,379.163,406.52,0
pQyNKRHbjRA_1-1822,17,1,162.33333333333334,305.3333333333333,294.0,271.00000000000006,inside_visible,1308.8940322580645,158.47109677419354,1
pQyNKRHbjRA_1-1822,17,2,1260.0,60.5,301.0,326.0,inside_visible,379.7197124183007,406.329339869281,0
pQyNKRHbjRA_1-1822,18,1,163.0,300.0,294.0,271.0,inside_visible,1307.9450967741936,158.16329032258065,1
pQyNKRHbjRA_1-1822,18,2,1260.0,54.0,301.0,326.0,inside_visible,380.2764248366013,406.1386797385621,0
pQyNKRHbjRA_1-1822,19,1,156.66666666666666,295.6666666666667,294.0,270.99999999999994,inside_visible,1306.9961612903226,157.85548387096773,1
pQyNKRHbjRA_1-1822,19,2,1260.0,46.0,301.0,326.0,inside_visible,380.833137254902,405.9480196078431,0
pQyNKRHbjRA_1-1822,20,1,150.33333333333334,291.3333333333333,294.0,271.00000000000006,inside_visible,1306.0472258064517,157.54767741935484,1
pQyNKRHbjRA_1-1822,20,2,1260.0,38.0,301.0,326.0,inside_visible,381.3898496732026,405.75735947712417,0
pQyNKRHbjRA_1-1822,21,1,144.0,287.0,294.0,271.0,inside_visible,1305.0982903225806,157.23987096774195,1
pQyNKRHbjRA_1-1822,21,2,1255.6666666666667,38.0,301.0,326.0,inside_visible,381.94656209150327,405.5666993464052,0
pQyNKRHbjRA_1-1822,22,1,152.0,281.0,294.0,271.0,inside_visible,1304.1493548387098,156.93206451612903,1
pQyNKRHbjRA_1-1822,22,2,1251.3333333333333,38.0,301.0,326.0,inside_visible,382.50327450980393,405.3760392156863,0
pQyNKRHbjRA_1-1822,23,1,153.0,280.0,294.0,271.0,inside_visible,1303.2004193548387,156.62425806451614,1
pQyNKRHbjRA_1-1822,23,2,1247.0,38.0,301.0,326.0,inside_visible,383.0599869281046,405.1853790849673,0
pQyNKRHbjRA_1-1822,24,1,154.66666666666666,280.6666666666667,294.0,270.99999999999994,inside_visible,1302.2514838709678,156.31645161290322,1
pQyNKRHbjRA_1-1822,24,2,1248.857142857143,38.42857142857143,301.0,326.0,inside_visible,383.61669934640526,404.9947189542484,0
pQyNKRHbjRA_1-1822,25,1,156.33333333333334,281.3333333333333,294.0,271.00000000000006,inside_visible,1301.3025483870967,156.00864516129033,1
pQyNKRHbjRA_1-1822,25,2,1250.7142857142858,38.85714285714285,301.0,326.0,inside_visible,384.1734117647059,404.8040588235294,0
pQyNKRHbjRA_1-1822,26,1,158.0,282.0,294.0,271.0,inside_visible,1300.353612903226,155.70083870967744,1
pQyNKRHbjRA_1-1822,26,2,1252.571428571429,39.285714285714285,301.0,326.0,inside_visible,384.7301241830065,404.6133986928105,0
pQyNKRHbjRA_1-1822,27,1,160.75,285.25,294.0,271.0,inside_visible,1299.4046774193548,155.39303225806452,1
pQyNKRHbjRA_1-1822,27,2,1254.428571428571,39.71428571428572,301.0,326.0,inside_visible,385.2868366013072,404.42273856209147,0
pQyNKRHbjRA_1-1822,28,1,163.5,288.5,294.0,271.0,inside_visible,1298.455741935484,155.08522580645163,1
pQyNKRHbjRA_1-1822,28,2,1256.2857142857142,40.142857142857146,301.0,326.0,inside_visible,385.8435490196079,404.2320784313725,0
pQyNKRHbjRA_1-1822,29,1,166.25,291.75,294.0,271.0,inside_visible,1297.5068064516129,154.7774193548387,1
pQyNKRHbjRA_1-1822,29,2,1258.142857142857,40.57142857142857,301.0,326.0,inside_visible,386.4002614379085,404.0414183006536,0
pQyNKRHbjRA_1-1822,30,1,169.0,295.0,294.0,271.0,inside_visible,1296.557870967742,154.46961290322582,1
pQyNKRHbjRA_1-1822,30,2,1260.0,41.0,301.0,326.0,inside_visible,386.9569738562092,403.8507581699346,0
pQyNKRHbjRA_1-1822,31,1,170.0,302.3333333333333,294.0,271.00000000000006,inside_visible,1295.608935483871,154.1618064516129,1
pQyNKRHbjRA_1-1822,31,2,1261.25,44.25,301.0,326.0,inside_visible,387.5136862745098,403.66009803921565,0
pQyNKRHbjRA_1-1822,32,1,171.0,309.6666666666667,294.0,270.99999999999994,inside_visible,1294.66,153.854,1
pQyNKRHbjRA_1-1822,32,2,1262.5,47.5,301.0,326.0,inside_visible,388.0703986928104,403.46943790849673,0
pQyNKRHbjRA_1-1822,33,1,172.0,317.0,294.0,271.0,inside_visible,900.077,511.3960000000001,1
pQyNKRHbjRA_1-1822,33,2,1263.75,50.75,301.0,326.0,inside_visible,388.6271111111111,403.27877777777775,0
pQyNKRHbjRA_1-1822,34,1,173.66666666666666,322.3333333333333,294.0,271.00000000000006,inside_visible,899.8976,516.2628,1
pQyNKRHbjRA_1-1822,34,2,1265.0,54.0,301.0,326.0,inside_visible,389.18382352941177,403.0881176470588,0
pQyNKRHbjRA_1-1822,35,1,175.33333333333334,327.6666666666667,294.0,270.99999999999994,inside_visible,899.7182,521.1296,1
pQyNKRHbjRA_1-1822,35,2,1265.0,56.6,301.0,326.0,inside_visible,389.7405359477124,402.89745751633984,0
pQyNKRHbjRA_1-1822,36,1,177.0,333.0,294.0,271.0,inside_visible,899.5388,525.9964,1
pQyNKRHbjRA_1-1822,36,2,1265.0,59.2,301.0,326.0,inside_visible,390.2972483660131,402.7067973856209,0
pQyNKRHbjRA_1-1822,37,1,177.0,336.25,294.0,271.0,inside_visible,899.3594,530.8632,1
pQyNKRHbjRA_1-1822,37,2,1265.0,61.8,301.0,326.0,inside_visible,390.85396078431376,402.51613725490193,0
pQyNKRHbjRA_1-1822,38,1,177.0,339.5,294.0,271.0,inside_visible,899.1800000000001,535.73,1
pQyNKRHbjRA_1-1822,38,2,1265.0,64.4,301.0,326.0,inside_visible,391.4106732026144,402.325477124183,0
pQyNKRHbjRA_1-1822,39,1,177.0,342.75,294.0,271.0,inside_visible,899.0006,540.5968,1
pQyNKRHbjRA_1-1822,39,2,1265.0,67.0,301.0,326.0,inside_visible,391.967385620915,402.134816993464,0
pQyNKRHbjRA_1-1822,40,1,177.0,346.0,294.0,271.0,inside_visible,898.8212,545.4635999999999,1
pQyNKRHbjRA_1-1822,40,2,1265.0,71.0,301.0,326.0,inside_visible,392.5240980392157,401.9441568627451,0
pQyNKRHbjRA_1-1822,41,1,176.2,344.9,294.0,271.0,inside_visible,898.6418,550.3303999999999,1
pQyNKRHbjRA_1-1822,41,2,1265.0,75.0,301.0,326.0,inside_visible,393.0808104575164,401.7534967320261,0
pQyNKRHbjRA_1-1822,42,1,175.4,343.8,294.0,270.99999999999994,inside_visible,898.4624,555.1972,1
pQyNKRHbjRA_1-1822,42,2,1265.0,79.0,301.0,326.0,inside_visible,393.637522875817,401.5628366013072,0
pQyNKRHbjRA_1-1822,43,1,174.6,342.7,294.0,271.00000000000006,inside_visible,898.283,560.064,1
pQyNKRHbjRA_1-1822,43,2,1265.0,83.0,301.0,326.0,inside_visible,394.1942352941177,401.3721764705882,0
pQyNKRHbjRA_1-1822,44,1,173.8,341.6,294.0,271.0,inside_visible,894.283,512.7305,1
pQyNKRHbjRA_1-1822,44,2,1265.3333333333333,81.22222222222223,301.0,326.0,inside_visible,394.7509477124183,401.1815163398693,0
pQyNKRHbjRA_1-1822,45,1,173.0,340.5,294.0,271.0,inside_visible,890.283,465.397,1
pQyNKRHbjRA_1-1822,45,2,1265.6666666666667,79.44444444444444,301.0,326.0,inside_visible,395.3076601307189,400.9908562091503,0
pQyNKRHbjRA_1-1822,46,1,172.2,339.4,294.0,271.0,inside_visible,883.172,470.7303333333333,1
pQyNKRHbjRA_1-1822,46,2,1266.0,77.66666666666667,301.0,326.0,inside_visible,395.8643725490196,400.8001960784314,0
pQyNKRHbjRA_1-1822,47,1,171.4,338.3,294.0,270.99999999999994,inside_visible,876.061,476.0636666666667,1
pQyNKRHbjRA_1-1822,47,2,1266.3333333333333,75.88888888888889,301.0,326.0,inside_visible,396.4210849673202,400.6095359477124,0
pQyNKRHbjRA_1-1822,48,1,170.6,337.2,294.0,271.00000000000006,inside_visible,868.95,481.397,1
pQyNKRHbjRA_1-1822,48,2,1266.6666666666667,74.11111111111111,301.0,326.0,inside_visible,396.9777973856209,400.4188758169934,0
pQyNKRHbjRA_1-1822,49,1,169.8,336.1,294.0,271.0,inside_visible,868.7278333333334,478.9525,1
pQyNKRHbjRA_1-1822,49,2,1267.0,72.33333333333333,301.0,326.0,inside_visible,397.5345098039216,400.2282156862745,0
pQyNKRHbjRA_1-1822,50,1,169.0,335.0,294.0,271.0,inside_visible,868.5056666666667,476.508,1
pQyNKRHbjRA_1-1822,50,2,1267.3333333333333,70.55555555555556,301.0,326.0,inside_visible,398.0912222222222,400.0375555555555,0
pQyNKRHbjRA_1-1822,51,1,170.85714285714286,335.0,294.0,271.0,inside_visible,868.2835,474.0635,1
pQyNKRHbjRA_1-1822,51,2,1267.6666666666667,68.77777777777777,301.0,326.0,inside_visible,398.64793464052286,399.8468954248366,0
pQyNKRHbjRA_1-1822,52,1,172.71428571428572,335.0,294.0,271.0,inside_visible,868.0613333333333,471.619,1
pQyNKRHbjRA_1-1822,52,2,1268.0,67.0,301.0,326.0,inside_visible,399.2046470588235,399.6562352941176,0
pQyNKRHbjRA_1-1822,53,1,174.57142857142858,335.0,294.0,271.0,inside_visible,867.8391666666666,469.1745,1
pQyNKRHbjRA_1-1822,53,2,1268.5,66.5,301.0,326.0,inside_visible,399.7613594771242,399.4655751633987,0
pQyNKRHbjRA_1-1822,54,1,176.42857142857142,335.0,294.0,271.0,inside_visible,867.617,466.73,1
pQyNKRHbjRA_1-1822,54,2,1269.0,66.0,301.0,326.0,inside_visible,400.3180718954249,399.2749150326797,0
pQyNKRHbjRA_1-1822,55,1,178.28571428571428,335.0,294.0,271.0,inside_visible,865.2837142857143,466.7777142857143,1
pQyNKRHbjRA_1-1822,55,2,1269.5,65.5,301.0,326.0,inside_visible,400.8747843137255,399.0842549019608,0
pQyNKRHbjRA_1-1822,56,1,180.14285714285714,335.0,294.0,271.0,inside_visible,862.9504285714286,466.8254285714286,1
pQyNKRHbjRA_1-1822,56,2,1270.0,65.0,301.0,326.0,inside_visible,401.4314967320262,398.8935947712418,0
pQyNKRHbjRA_1-1822,57,1,182.0,335.0,294.0,271.0,inside_visible,860.6171428571429,466.87314285714285,1
pQyNKRHbjRA_1-1822,57,2,1270.5,64.5,301.0,326.0,inside_visible,401.9882091503268,398.70293464052287,0
pQyNKRHbjRA_1-1822,58,1,185.0,324.0,294.0,271.0,inside_visible,858.2838571428571,466.9208571428572,1
pQyNKRHbjRA_1-1822,58,2,1271.0,64.0,301.0,326.0,inside_visible,402.5449215686274,398.5122745098039,0
pQyNKRHbjRA_1-1822,59,1,185.6153846153846,324.0,294.0,271.0,inside_visible,855.9505714285714,466.96857142857147,1
pQyNKRHbjRA_1-1822,59,2,1270.2857142857142,62.42857142857143,301.0,326.0,inside_visible,403.1016339869281,398.32161437908496,0
pQyNKRHbjRA_1-1822,60,1,186.23076923076923,324.0,294.0,271.0,inside_visible,853.6172857142857,467.01628571428574,1
pQyNKRHbjRA_1-1822,60,2,1269.571428571429,60.85714285714285,301.0,326.0,inside_visible,403.6583464052288,398.130954248366,0
pQyNKRHbjRA_1-1822,61,1,186.84615384615384,324.0,294.0,271.0,inside_visible,851.284,467.064,1
pQyNKRHbjRA_1-1822,61,2,1268.857142857143,59.285714285714285,301.0,326.0,inside_visible,404.21505882352943,397.9402941176471,0
pQyNKRHbjRA_1-1822,62,1,187.46153846153845,324.0,294.0,271.0,inside_visible,1115.617,693.397,1
pQyNKRHbjRA_1-1822,62,2,1268.142857142857,57.71428571428572,301.0,326.0,inside_visible,404.7717712418301,397.7496339869281,0
pQyNKRHbjRA_1-1822,63,1,188.07692307692307,324.0,294.0,271.0,inside_visible,1111.022333333333,682.1573333333333,1
pQyNKRHbjRA_1-1822,63,2,1267.428571428571,56.14285714285714,301.0,326.0,inside_visible,405.3284836601307,397.5589738562092,0
pQyNKRHbjRA_1-1822,64,1,188.69230769230768,324.0,294.0,271.0,inside_visible,1106.4276666666667,670.9176666666667,1
pQyNKRHbjRA_1-1822,64,2,1266.7142857142858,54.57142857142857,301.0,326.0,inside_visible,405.88519607843136,397.36831372549017,0
pQyNKRHbjRA_1-1822,65,1,189.30769230769232,324.0,294.0,271.0,inside_visible,1101.833,659.678,1
pQyNKRHbjRA_1-1822,65,2,1266.0,53.0,301.0,326.0,inside_visible,406.441908496732,397.1776535947712,0
pQyNKRHbjRA_1-1822,66,1,189.92307692307693,324.0,294.0,271.0,inside_visible,1100.5,641.011,1
pQyNKRHbjRA_1-1822,66,2,1268.2857142857142,52.57142857142857,301.0,326.0,inside_visible,406.9986209150327,396.98699346405226,0
pQyNKRHbjRA_1-1822,67,1,190.53846153846155,324.0,294.0,271.0,inside_visible,1330.278,198.789,1
pQyNKRHbjRA_1-1822,67,2,1270.571428571429,52.142857142857146,301.0,326.0,inside_visible,407.55533333333335,396.7963333333333,0
pQyNKRHbjRA_1-1822,68,1,191.15384615384616,324.0,294.0,271.0,inside_visible,1310.722,185.233,1
pQyNKRHbjRA_1-1822,68,2,1272.857142857143,51.71428571428572,301.0,326.0,inside_visible,408.112045751634,396.6056732026144,0
pQyNKRHbjRA_1-1822,69,1,191.7692307692308,324.0,294.0,271.0,inside_visible,1311.166,178.344,1
pQyNKRHbjRA_1-1822,69,2,1275.142857142857,51.285714285714285,301.0,326.0,inside_visible,408.6687581699346,396.4150130718954,0
pQyNKRHbjRA_1-1822,70,1,192.3846153846154,324.0,294.0,271.0,inside_visible,1311.7248235294117,178.3145882352941,1
pQyNKRHbjRA_1-1822,70,2,1277.428571428571,50.85714285714285,301.0,326.0,inside_visible,409.2254705882353,396.2243529411765,0
pQyNKRHbjRA_1-1822,71,1,193.0,324.0,294.0,271.0,inside_visible,1312.2836470588234,178.28517647058823,1
pQyNKRHbjRA_1-1822,71,2,1279.7142857142858,50.42857142857143,301.0,326.0,inside_visible,409.782183006536,396.0336928104575,0
pQyNKRHbjRA_1-1822,72,1,195.75,324.0,294.0,271.0,inside_visible,1312.8424705882353,178.25576470588234,1
pQyNKRHbjRA_1-1822,72,2,1282.0,50.0,301.0,326.0,inside_visible,410.3388954248366,395.84303267973854,0
pQyNKRHbjRA_1-1822,73,1,198.5,324.0,294.0,271.0,inside_visible,1313.401294117647,178.22635294117646,1
pQyNKRHbjRA_1-1822,73,2,1282.15,50.25,301.0,326.0,inside_visible,410.89560784313727,395.6523725490196,0
pQyNKRHbjRA_1-1822,74,1,201.25,324.0,294.0,271.0,inside_visible,1313.9601176470587,178.19694117647057,1
pQyNKRHbjRA_1-1822,74,2,1282.3,50.5,301.0,326.0,inside_visible,411.4523202614379,395.46171241830064,0
pQyNKRHbjRA_1-1822,75,1,204.0,324.0,294.0,271.0,inside_visible,1314.5189411764704,178.1675294117647,1
pQyNKRHbjRA_1-1822,75,2,1282.45,50.75,301.0,326.0,inside_visible,412.00903267973854,395.2710522875817,0
pQyNKRHbjRA_1-1822,76,1,204.0,322.85714285714283,294.0,271.00000000000006,inside_visible,1315.0777647058824,178.1381176470588,1
pQyNKRHbjRA_1-1822,76,2,1282.6,51.0,301.0,326.0,inside_visible,412.5657450980392,395.08039215686273,0
pQyNKRHbjRA_1-1822,77,1,204.0,321.7142857142857,294.0,270.99999999999994,inside_visible,1315.636588235294,178.10870588235292,1
pQyNKRHbjRA_1-1822,77,2,1282.75,51.25,301.0,326.0,inside_visible,413.1224575163399,394.88973202614375,0
pQyNKRHbjRA_1-1822,78,1,204.0,320.57142857142856,294.0,271.0,inside_visible,1316.1954117647058,178.07929411764707,1
pQyNKRHbjRA_1-1822,78,2,1282.9,51.5,301.0,326.0,inside_visible,413.6791699346405,394.6990718954248,0
pQyNKRHbjRA_1-1822,79,1,204.0,319.42857142857144,294.0,271.0,inside_visible,1316.7542352941175,178.04988235294118,1
pQyNKRHbjRA_1-1822,79,2,1283.05,51.75,301.0,326.0,inside_visible,414.2358823529412,394.5084117647058,0
pQyNKRHbjRA_1-1822,80,1,204.0,318.2857142857143,294.0,271.00000000000006,inside_visible,1317.3130588235294,178.0204705882353,1
pQyNKRHbjRA_1-1822,80,2,1283.2,52.0,301.0,326.0,inside_visible,414.79259477124185,394.3177516339869,0
pQyNKRHbjRA_1-1822,81,1,204.0,317.1428571428572,294.0,270.99999999999994,inside_visible,1317.8718823529412,177.9910588235294,1
pQyNKRHbjRA_1-1822,81,2,1283.35,52.25,301.0,326.0,inside_visible,415.34930718954246,394.12709150326793,0
pQyNKRHbjRA_1-1822,82,1,204.0,316.0,294.0,271.0,inside_visible,1318.4307058823529,177.96164705882353,1
pQyNKRHbjRA_1-1822,82,2,1283.5,52.5,301.0,326.0,inside_visible,415.9060196078431,393.936431372549,0
pQyNKRHbjRA_1-1822,83,1,202.0,313.0,294.0,271.0,inside_visible,1318.9895294117646,177.93223529411765,1
pQyNKRHbjRA_1-1822,83,2,1283.65,52.75,301.0,326.0,inside_visible,416.4627320261438,393.74577124183,0
pQyNKRHbjRA_1-1822,84,1,202.33333333333331,313.0,294.0,271.0,inside_visible,1319.5483529411763,177.90282352941176,1
pQyNKRHbjRA_1-1822,84,2,1283.8,53.0,301.0,326.0,inside_visible,417.0194444444445,393.5551111111111,0
pQyNKRHbjRA_1-1822,85,1,202.66666666666663,313.0,294.0,271.0,inside_visible,1320.1071764705882,177.87341176470588,1
pQyNKRHbjRA_1-1822,85,2,1283.95,53.25,301.0,326.0,inside_visible,417.5761568627451,393.3644509803921,0
pQyNKRHbjRA_1-1822,86,1,203.0,313.0,294.0,271.0,inside_visible,1320.666,177.844,1
pQyNKRHbjRA_1-1822,86,2,1284.1,53.5,301.0,326.0,inside_visible,418.1328692810457,393.1737908496732,0
pQyNKRHbjRA_1-1822,87,1,203.33333333333331,313.0,294.0,271.0,inside_visible,1321.2248235294117,177.8145882352941,1
pQyNKRHbjRA_1-1822,87,2,1284.25,53.75,301.0,326.0,inside_visible,418.6895816993464,392.9831307189542,0
pQyNKRHbjRA_1-1822,88,1,203.66666666666663,313.0,294.0,271.0,inside_visible,1321.7836470588234,177.78517647058823,1
pQyNKRHbjRA_1-1822,88,2,1284.4,54.0,301.0,326.0,inside_visible,419.24629411764704,392.7924705882353,0
pQyNKRHbjRA_1-1822,89,1,204.0,313.0,294.0,271.0,inside_visible,1322.3424705882353,177.75576470588234,1
pQyNKRHbjRA_1-1822,89,2,1284.55,54.25,301.0,326.0,inside_visible,419.8030065359477,392.6018104575163,0
pQyNKRHbjRA_1-1822,90,1,204.33333333333331,313.0,294.0,271.0,inside_visible,1322.901294117647,177.72635294117646,1
pQyNKRHbjRA_1-1822,90,2,1284.7,54.5,301.0,326.0,inside_visible,420.3597189542484,392.4111503267974,0
pQyNKRHbjRA_1-1822,91,1,204.66666666666663,313.0,294.0,271.0,inside_visible,1323.4601176470587,177.69694117647057,1
pQyNKRHbjRA_1-1822,91,2,1284.85,54.75,301.0,326.0,inside_visible,420.916431372549,392.2204901960784,0
pQyNKRHbjRA_1-1822,92,1,205.0,313.0,294.0,271.0,inside_visible,1324.0189411764704,177.6675294117647,1
pQyNKRHbjRA_1-1822,92,2,1285.0,55.0,301.0,326.0,inside_visible,421.4731437908497,392.0298300653595,0
pQyNKRHbjRA_1-1822,93,1,205.33333333333331,313.0,294.0,271.0,inside_visible,1324.5777647058824,177.6381176470588,1
pQyNKRHbjRA_1-1822,93,2,1284.6521739130435,54.78260869565217,301.0,326.0,inside_visible,422.0298562091503,391.8391699346405,0
pQyNKRHbjRA_1-1822,94,1,205.66666666666663,313.0,294.0,271.0,inside_visible,1325.136588235294,177.60870588235292,1
pQyNKRHbjRA_1-1822,94,2,1284.304347826087,54.56521739130435,301.0,326.0,inside_visible,422.58656862745096,391.6485098039216,0
pQyNKRHbjRA_1-1822,95,1,206.0,313.0,294.0,271.0,inside_visible,1325.6954117647058,177.57929411764707,1
pQyNKRHbjRA_1-1822,95,2,1283.9565217391305,54.34782608695652,301.0,326.0,inside_visible,423.1432810457516,391.4578496732026,0
pQyNKRHbjRA_1-1822,96,1,206.33333333333331,313.0,294.0,271.0,inside_visible,1326.2542352941175,177.54988235294118,1
pQyNKRHbjRA_1-1822,96,2,1283.608695652174,54.130434782608695,301.0,326.0,inside_visible,423.6999934640523,391.26718954248366,0
pQyNKRHbjRA_1-1822,97,1,206.66666666666663,313.0,294.0,271.0,inside_visible,1326.8130588235294,177.5204705882353,1
pQyNKRHbjRA_1-1822,97,2,1283.2608695652175,53.91304347826087,301.0,326.0,inside_visible,424.25670588235295,391.0765294117647,0
pQyNKRHbjRA_1-1822,98,1,207.0,313.0,294.0,271.0,inside_visible,1327.3718823529412,177.4910588235294,1
pQyNKRHbjRA_1-1822,98,2,1282.9130434782608,53.69565217391305,301.0,326.0,inside_visible,424.8134183006536,390.88586928104576,0
pQyNKRHbjRA_1-1822,99,1,207.33333333333331,313.0,294.0,271.0,inside_visible,1327.9307058823529,177.46164705882353,1
pQyNKRHbjRA_1-1822,99,2,1282.5652173913045,53.47826086956522,301.0,326.0,inside_visible,425.3701307189542,390.6952091503268,0
pQyNKRHbjRA_1-1822,100,1,207.66666666666663,313.0,294.0,271.0,inside_visible,1328.4895294117646,177.43223529411765,1
pQyNKRHbjRA_1-1822,100,2,1282.2173913043478,53.26086956521739,301.0,326.0,inside_visible,425.9268431372549,390.5045490196079,0
pQyNKRHbjRA_1-1822,101,1,208.0,313.0,294.0,271.0,inside_visible,1329.0483529411763,177.40282352941176,1
pQyNKRHbjRA_1-1822,101,2,1281.8695652173913,53.04347826086956,301.0,326.0,inside_visible,426.48355555555554,390.31388888888887,0
pQyNKRHbjRA_1-1822,102,1,208.33333333333331,313.0,294.0,271.0,inside_visible,1329.6071764705882,177.37341176470588,1
pQyNKRHbjRA_1-1822,102,2,1281.5217391304348,52.82608695652174,301.0,326.0,inside_visible,427.0402679738562,390.12322875816994,0
pQyNKRHbjRA_1-1822,103,1,208.66666666666663,313.0,294.0,271.0,inside_visible,1330.166,177.344,1
pQyNKRHbjRA_1-1822,103,2,1281.1739130434785,52.60869565217392,301.0,326.0,inside_visible,427.59698039215687,389.93256862745096,0
pQyNKRHbjRA_1-1822,104,1,209.0,313.0,294.0,271.0,inside_visible,1330.7248235294117,177.3145882352941,1
pQyNKRHbjRA_1-1822,104,2,1280.8260869565215,52.391304347826086,301.0,326.0,inside_visible,428.1536928104575,389.741908496732,0
pQyNKRHbjRA_1-1822,105,1,209.33333333333331,313.0,294.0,271.0,inside_visible,1331.2836470588234,177.28517647058823,1
pQyNKRHbjRA_1-1822,105,2,1280.4782608695652,52.17391304347826,301.0,326.0,inside_visible,428.7104052287582,389.55124836601306,0
pQyNKRHbjRA_1-1822,106,1,209.66666666666663,313.0,294.0,271.0,inside_visible,1331.8424705882353,177.25576470588234,1
pQyNKRHbjRA_1-1822,106,2,1280.1304347826087,51.95652173913044,301.0,326.0,inside_visible,429.2671176470588,389.3605882352941,0
pQyNKRHbjRA_1-1822,107,1,210.0,313.0,294.0,271.0,inside_visible,1332.401294117647,177.22635294117646,1
pQyNKRHbjRA_1-1822,107,2,1279.7826086956522,51.73913043478261,301.0,326.0,inside_visible,429.82383006535946,389.1699281045752,0
pQyNKRHbjRA_1-1822,108,1,210.12820512820517,312.5897435897436,294.0,270.99999999999994,inside_visible,1332.9601176470587,177.19694117647057,1
pQyNKRHbjRA_1-1822,108,2,1279.4347826086955,51.52173913043478,301.0,326.0,inside_visible,430.3805424836601,388.97926797385617,0
pQyNKRHbjRA_1-1822,109,1,210.25641025641025,312.1794871794872,294.0,271.0,inside_visible,1333.5189411764704,177.1675294117647,1
pQyNKRHbjRA_1-1822,109,2,1279.0869565217392,51.30434782608695,301.0,326.0,inside_visible,430.9372549019608,388.7886078431373,0
pQyNKRHbjRA_1-1822,110,1,210.3846153846154,311.7692307692308,294.0,270.99999999999994,inside_visible,1334.0777647058824,177.1381176470588,1
pQyNKRHbjRA_1-1822,110,2,1278.7391304347825,51.08695652173913,301.0,326.0,inside_visible,431.4939673202615,388.5979477124183,0
pQyNKRHbjRA_1-1822,111,1,210.51282051282053,311.3589743589744,294.0,271.0,inside_visible,1334.636588235294,177.10870588235292,1
pQyNKRHbjRA_1-1822,111,2,1278.391304347826,50.869565217391305,301.0,326.0,inside_visible,432.05067973856205,388.40728758169934,0
pQyNKRHbjRA_1-1822,112,1,210.64102564102564,310.948717948718,294.0,270.99999999999994,inside_visible,1335.1954117647058,177.07929411764707,1
pQyNKRHbjRA_1-1822,112,2,1278.0434782608695,50.65217391304348,301.0,326.0,inside_visible,432.6073921568627,388.2166274509804,0
pQyNKRHbjRA_1-1822,113,1,210.7692307692308,310.53846153846155,294.0,271.0,inside_visible,1335.7542352941175,177.04988235294118,1
pQyNKRHbjRA_1-1822,113,2,1277.695652173913,50.434782608695656,301.0,326.0,inside_visible,433.1641045751634,388.02596732026143,0
pQyNKRHbjRA_1-1822,114,1,210.89743589743588,310.12820512820514,294.0,270.99999999999994,inside_visible,1336.3130588235294,177.0204705882353,1
pQyNKRHbjRA_1-1822,114,2,1277.3478260869565,50.21739130434783,301.0,326.0,inside_visible,433.720816993464,387.8353071895425,0
pQyNKRHbjRA_1-1822,115,1,211.02564102564105,309.7179487179488,294.0,271.0,inside_visible,1336.8718823529412,176.9910588235294,1
pQyNKRHbjRA_1-1822,115,2,1277.0,50.0,301.0,326.0,inside_visible,434.2775294117647,387.6446470588235,0
pQyNKRHbjRA_1-1822,116,1,211.15384615384616,309.3076923076923,294.0,270.99999999999994,inside_visible,1337.4307058823529,176.96164705882353,1
pQyNKRHbjRA_1-1822,116,2,1277.421052631579,49.73684210526316,301.0,326.0,inside_visible,434.83424183006537,387.4539869281045,0
pQyNKRHbjRA_1-1822,117,1,211.28205128205127,308.8974358974359,294.0,271.0,inside_visible,1337.9895294117646,176.93223529411765,1
pQyNKRHbjRA_1-1822,117,2,1277.842105263158,49.47368421052632,301.0,326.0,inside_visible,435.390954248366,387.2633267973856,0
pQyNKRHbjRA_1-1822,118,1,211.4102564102564,308.4871794871795,294.0,270.99999999999994,inside_visible,1338.5483529411763,176.90282352941176,1
pQyNKRHbjRA_1-1822,118,2,1278.2631578947369,49.21052631578947,301.0,326.0,inside_visible,435.9476666666666,387.0726666666666,0
pQyNKRHbjRA_1-1822,119,1,211.53846153846155,308.0769230769231,294.0,271.0,inside_visible,1339.1071764705882,176.87341176470588,1
pQyNKRHbjRA_1-1822,119,2,1278.6842105263158,48.94736842105263,301.0,326.0,inside_visible,436.5043790849673,386.8820065359477,0
pQyNKRHbjRA_1-1822,120,1,211.66666666666663,307.6666666666667,294.0,270.99999999999994,inside_visible,1339.666,176.844,1
pQyNKRHbjRA_1-1822,120,2,1279.1052631578948,48.68421052631579,301.0,326.0,inside_visible,437.061091503268,386.6913464052287,0
pQyNKRHbjRA_1-1822,121,1,211.7948717948718,307.2564102564103,294.0,271.0,inside_visible,1340.2248235294117,176.8145882352941,1
pQyNKRHbjRA_1-1822,121,2,1279.5263157894738,48.42105263157895,301.0,326.0,inside_visible,437.6178039215686,386.5006862745098,0
pQyNKRHbjRA_1-1822,122,1,211.92307692307693,306.84615384615387,294.0,270.99999999999994,inside_visible,1340.7836470588234,176.78517647058823,1
pQyNKRHbjRA_1-1822,122,2,1279.9473684210527,48.1578947368421,301.0,326.0,inside_visible,438.1745163398693,386.3100261437908,0
pQyNKRHbjRA_1-1822,123,1,212.05128205128204,306.43589743589746,294.0,271.0,inside_visible,1341.3424705882353,176.75576470588234,1
pQyNKRHbjRA_1-1822,123,2,1280.3684210526317,47.89473684210526,301.0,326.0,inside_visible,438.7312287581699,386.1193660130719,0
pQyNKRHbjRA_1-1822,124,1,212.1794871794872,306.02564102564105,294.0,270.99999999999994,inside_visible,1341.901294117647,176.72635294117646,1
pQyNKRHbjRA_1-1822,124,2,1280.7894736842106,47.631578947368425,301.0,326.0,inside_visible,439.28794117647055,385.9287058823529,0
pQyNKRHbjRA_1-1822,125,1,212.30769230769232,305.61538461538464,294.0,271.0,inside_visible,1342.4601176470587,176.69694117647057,1
pQyNKRHbjRA_1-1822,125,2,1281.2105263157894,47.36842105263158,301.0,326.0,inside_visible,439.8446535947712,385.738045751634,0
pQyNKRHbjRA_1-1822,126,1,212.43589743589743,305.20512820512823,294.0,270.99999999999994,inside_visible,1343.0189411764704,176.6675294117647,1
pQyNKRHbjRA_1-1822,126,2,1281.6315789473683,47.10526315789474,301.0,326.0,inside_visible,440.4013660130719,385.547385620915,0
pQyNKRHbjRA_1-1822,127,1,212.56410256410257,304.7948717948718,294.0,271.0,inside_visible,1343.5777647058824,176.6381176470588,1
pQyNKRHbjRA_1-1822,127,2,1282.0526315789473,46.8421052631579,301.0,326.0,inside_visible,440.9580784313725,385.3567254901961,0
pQyNKRHbjRA_1-1822,128,1,212.69230769230768,304.38461538461536,294.0,271.0,inside_visible,1344.136588235294,176.60870588235292,1
pQyNKRHbjRA_1-1822,128,2,1282.4736842105262,46.578947368421055,301.0,326.0,inside_visible,441.5147908496732,385.1660653594771,0
pQyNKRHbjRA_1-1822,129,1,212.8205128205128,303.9743589743589,294.0,271.00000000000006,inside_visible,1344.6954117647058,176.57929411764707,1
pQyNKRHbjRA_1-1822,129,2,1282.8947368421052,46.31578947368421,301.0,326.0,inside_visible,442.07150326797387,384.9754052287582,0
pQyNKRHbjRA_1-1822,130,1,212.948717948718,303.56410256410254,294.0,271.0,inside_visible,1345.2542352941175,176.54988235294118,1
pQyNKRHbjRA_1-1822,130,2,1283.3157894736842,46.05263157894737,301.0,326.0,inside_visible,442.6282156862745,384.7847450980392,0
pQyNKRHbjRA_1-1822,131,1,213.07692307692307,303.15384615384613,294.0,271.00000000000006,inside_visible,1345.8130588235294,176.5204705882353,1
pQyNKRHbjRA_1-1822,131,2,1283.7368421052631,45.78947368421053,301.0,326.0,inside_visible,443.1849281045752,384.5940849673202,0
pQyNKRHbjRA_1-1822,132,1,213.2051282051282,302.7435897435897,294.0,271.0,inside_visible,1346.3718823529412,176.4910588235294,1
pQyNKRHbjRA_1-1822,132,2,1284.157894736842,45.526315789473685,301.0,326.0,inside_visible,443.7416405228758,384.4034248366013,0
pQyNKRHbjRA_1-1822,133,1,213.33333333333331,302.3333333333333,294.0,271.00000000000006,inside_visible,1346.9307058823529,176.46164705882353,1
pQyNKRHbjRA_1-1822,133,2,1284.578947368421,45.26315789473684,301.0,326.0,inside_visible,444.29835294117646,384.2127647058824,0
pQyNKRHbjRA_1-1822,134,1,213.46153846153845,301.9230769230769,294.0,271.0,inside_visible,1347.4895294117646,176.43223529411765,1
pQyNKRHbjRA_1-1822,134,2,1285.0,45.0,301.0,326.0,inside_visible,444.8550653594771,384.0221045751634,0
pQyNKRHbjRA_1-1822,135,1,213.5897435897436,301.5128205128205,294.0,271.00000000000006,inside_visible,1348.0483529411763,176.40282352941176,1
pQyNKRHbjRA_1-1822,135,2,1293.0,46.0,301.0,326.0,inside_visible,445.4117777777777,383.83144444444446,0
pQyNKRHbjRA_1-1822,136,1,213.71794871794876,301.1025641025641,294.0,271.0,inside_visible,1348.6071764705882,176.37341176470588,1
pQyNKRHbjRA_1-1822,136,2,1301.0,47.0,301.0,326.0,inside_visible,445.9684901960784,383.6407843137255,0
pQyNKRHbjRA_1-1822,137,1,213.84615384615384,300.6923076923077,294.0,271.00000000000006,inside_visible,1349.166,176.344,1
pQyNKRHbjRA_1-1822,137,2,1309.0,48.0,301.0,326.0,inside_visible,446.5252026143791,383.45012418300655,0
pQyNKRHbjRA_1-1822,138,1,213.97435897435895,300.28205128205127,294.0,271.0,inside_visible,1356.99725,176.9465,1
pQyNKRHbjRA_1-1822,138,2,1312.8,48.0,301.0,326.0,inside_visible,447.0819150326797,383.2594640522876,0
pQyNKRHbjRA_1-1822,139,1,214.1025641025641,299.87179487179486,294.0,271.00000000000006,inside_visible,1364.8285,177.54899999999998,1
pQyNKRHbjRA_1-1822,139,2,1316.6,48.0,301.0,326.0,inside_visible,447.6386274509804,383.0688039215686,0
pQyNKRHbjRA_1-1822,140,1,214.23076923076923,299.46153846153845,294.0,271.0,inside_visible,1372.65975,178.1515,1
pQyNKRHbjRA_1-1822,140,2,1320.4,48.0,301.0,326.0,inside_visible,448.195339869281,382.87814379084966,0
pQyNKRHbjRA_1-1822,141,1,214.3589743589744,299.05128205128204,294.0,271.00000000000006,inside_visible,1380.491,178.754,1
pQyNKRHbjRA_1-1822,141,2,1324.2,48.0,301.0,326.0,inside_visible,448.7520522875817,382.6874836601307,0
pQyNKRHbjRA_1-1822,142,1,214.48717948717947,298.64102564102564,294.0,271.0,inside_visible,867.238,465.501,1
pQyNKRHbjRA_1-1822,142,2,1328.0,48.0,301.0,326.0,inside_visible,449.3087647058823,382.49682352941176,0
pQyNKRHbjRA_1-1822,143,1,214.6153846153846,298.2307692307692,294.0,271.00000000000006,inside_visible,882.5435,461.8305,1
pQyNKRHbjRA_1-1822,143,2,1328.3125,47.3125,301.0,326.0,inside_visible,449.865477124183,382.3061633986928,0
pQyNKRHbjRA_1-1822,144,1,214.74358974358972,297.8205128205128,294.0,271.0,inside_visible,897.849,458.16,1
pQyNKRHbjRA_1-1822,144,2,1328.625,46.625,301.0,326.0,inside_visible,450.4221895424837,382.11550326797385,0
pQyNKRHbjRA_1-1822,145,1,214.8717948717949,297.4102564102564,294.0,271.00000000000006,inside_visible,911.849,445.56,1
pQyNKRHbjRA_1-1822,145,2,1328.9375,45.9375,301.0,326.0,inside_visible,450.9789019607843,381.92484313725487,0
pQyNKRHbjRA_1-1822,146,1,215.0,297.0,294.0,271.0,inside_visible,925.849,432.96,1
pQyNKRHbjRA_1-1822,146,2,1329.25,45.25,301.0,326.0,inside_visible,451.53561437908496,381.734183006536,0
pQyNKRHbjRA_1-1822,147,1,215.42105263157896,296.7368421052632,294.0,270.99999999999994,inside_visible,939.849,420.36,1
pQyNKRHbjRA_1-1822,147,2,1329.5625,44.5625,301.0,326.0,inside_visible,452.0923267973856,381.54352287581696,0
pQyNKRHbjRA_1-1822,148,1,215.8421052631579,296.4736842105263,294.0,271.00000000000006,inside_visible,953.849,407.76,1
pQyNKRHbjRA_1-1822,148,2,1329.875,43.875,301.0,326.0,inside_visible,452.64903921568623,381.3528627450981,0
pQyNKRHbjRA_1-1822,149,1,216.26315789473685,296.2105263157895,294.0,271.0,inside_visible,967.849,395.16,1
pQyNKRHbjRA_1-1822,149,2,1330.1875,43.1875,301.0,326.0,inside_visible,453.2057516339869,381.1622026143791,0
pQyNKRHbjRA_1-1822,150,1,216.68421052631575,295.94736842105266,294.0,270.99999999999994,inside_visible,991.6823333333334,393.9933333333333,1
pQyNKRHbjRA_1-1822,150,2,1330.5,42.5,301.0,326.0,inside_visible,453.7624640522876,380.9715424836601,0
pQyNKRHbjRA_1-1822,151,1,217.10526315789477,295.6842105263158,294.0,271.00000000000006,inside_visible,1015.5156666666668,392.8266666666667,1
pQyNKRHbjRA_1-1822,151,2,1330.8125,41.8125,301.0,326.0,inside_visible,454.3191764705882,380.7808823529412,0
pQyNKRHbjRA_1-1822,152,1,217.52631578947367,295.42105263157896,294.0,271.0,inside_visible,1039.349,391.66,1
pQyNKRHbjRA_1-1822,152,2,1331.125,41.125,301.0,326.0,inside_visible,454.8758888888889,380.5902222222222,0
pQyNKRHbjRA_1-1822,153,1,217.94736842105263,295.1578947368421,294.0,271.0,inside_visible,1063.1823333333332,390.4933333333333,1
pQyNKRHbjRA_1-1822,153,2,1331.4375,40.4375,301.0,326.0,inside_visible,455.4326013071896,380.3995620915032,0
pQyNKRHbjRA_1-1822,154,1,218.3684210526316,294.89473684210526,294.0,271.00000000000006,inside_visible,1087.015666666667,389.3266666666667,1
pQyNKRHbjRA_1-1822,154,2,1331.75,39.75,301.0,326.0,inside_visible,455.9893137254902,380.2089019607843,0
pQyNKRHbjRA_1-1822,155,1,218.7894736842105,294.63157894736844,294.0,271.0,inside_visible,1110.849,388.16,1
pQyNKRHbjRA_1-1822,155,2,1332.0625,39.0625,301.0,326.0,inside_visible,456.5460261437908,380.0182418300653,0
pQyNKRHbjRA_1-1822,156,1,219.21052631578948,294.3684210526316,294.0,271.0,inside_visible,1114.349,428.66,1
pQyNKRHbjRA_1-1822,156,2,1332.375,38.375,301.0,326.0,inside_visible,457.1027385620915,379.8275816993464,0
pQyNKRHbjRA_1-1822,157,1,219.6315789473684,294.10526315789474,294.0,270.99999999999994,inside_visible,1117.849,469.16,1
pQyNKRHbjRA_1-1822,157,2,1332.6875,37.6875,301.0,326.0,inside_visible,457.65945098039214,379.6369215686274,0
pQyNKRHbjRA_1-1822,158,1,220.05263157894737,293.8421052631579,294.0,271.0,inside_visible,1124.58225,486.89325,1
pQyNKRHbjRA_1-1822,158,2,1333.0,37.0,301.0,326.0,inside_visible,458.2161633986928,379.4462614379085,0
pQyNKRHbjRA_1-1822,159,1,220.47368421052636,293.57894736842104,294.0,271.0,inside_visible,1131.3155,504.6265,1
pQyNKRHbjRA_1-1822,159,2,1331.5555555555557,36.44444444444444,301.0,326.0,inside_visible,458.7728758169935,379.2556013071895,0
pQyNKRHbjRA_1-1822,160,1,220.8947368421053,293.3157894736842,294.00000000000006,270.99999999999994,inside_visible,1138.04875,522.35975,1
pQyNKRHbjRA_1-1822,160,2,1330.111111111111,35.888888888888886,301.0,326.0,inside_visible,459.32958823529407,379.0649411764706,0
pQyNKRHbjRA_1-1822,161,1,221.31578947368425,293.05263157894734,293.99999999999994,271.00000000000006,inside_visible,1144.782,540.093,1
pQyNKRHbjRA_1-1822,161,2,1328.6666666666667,35.333333333333336,301.0,326.0,inside_visible,459.88630065359473,378.8742810457516,0
pQyNKRHbjRA_1-1822,162,1,221.73684210526315,292.7894736842105,294.0,271.0,inside_visible,1429.849,181.16,1
pQyNKRHbjRA_1-1822,162,2,1327.2222222222222,34.77777777777778,301.0,326.0,inside_visible,460.4430130718954,378.6836209150327,0
pQyNKRHbjRA_1-1822,163,1,222.1578947368421,292.5263157894737,294.0,270.99999999999994,inside_visible,1420.2487142857142,177.94771428571428,1
pQyNKRHbjRA_1-1822,163,2,1325.7777777777778,34.22222222222222,301.0,326.0,inside_visible,460.99972549019606,378.4929607843137,0
pQyNKRHbjRA_1-1822,164,1,222.57894736842104,292.2631578947368,294.0,271.00000000000006,inside_visible,1410.6484285714284,174.73542857142857,1
pQyNKRHbjRA_1-1822,164,2,1324.3333333333333,33.666666666666664,301.0,326.0,inside_visible,461.5564379084967,378.3023006535948,0
pQyNKRHbjRA_1-1822,165,1,223.0,292.0,294.0,271.0,inside_visible,1401.0481428571427,171.52314285714286,1
pQyNKRHbjRA_1-1822,165,2,1322.888888888889,33.111111111111114,301.0,326.0,inside_visible,462.1131503267974,378.1116405228758,0
pQyNKRHbjRA_1-1822,166,1,222.58333333333331,291.0833333333333,294.0,271.00000000000006,inside_visible,1391.4478571428572,168.31085714285717,1
pQyNKRHbjRA_1-1822,166,2,1321.4444444444443,32.55555555555556,301.0,326.0,inside_visible,462.6698627450981,377.9209803921569,0
pQyNKRHbjRA_1-1822,167,1,222.16666666666663,290.1666666666667,294.0,270.99999999999994,inside_visible,1381.8475714285714,165.09857142857143,1
pQyNKRHbjRA_1-1822,167,2,1320.0,32.0,301.0,326.0,inside_visible,463.2265751633987,377.7303202614379,0
pQyNKRHbjRA_1-1822,168,1,221.75,289.25,294.0,271.0,inside_visible,1372.2472857142857,161.88628571428572,1
pQyNKRHbjRA_1-1822,168,2,1316.3333333333333,32.0,301.0,326.0,inside_visible,463.7832875816993,377.53966013071897,0
pQyNKRHbjRA_1-1822,169,1,221.33333333333331,288.3333333333333,294.0,271.00000000000006,inside_visible,1362.647,158.674,1
pQyNKRHbjRA_1-1822,169,2,1312.6666666666667,32.0,301.0,326.0,inside_visible,464.34,377.349,0
pQyNKRHbjRA_1-1822,170,1,220.91666666666663,287.4166666666667,294.0,270.99999999999994,inside_visible,1358.4988888888888,158.82211111111113,1
pQyNKRHbjRA_1-1822,170,2,1309.0,32.0,301.0,326.0,inside_visible,463.429025,378.091675,0
pQyNKRHbjRA_1-1822,171,1,220.5,286.5,294.0,271.0,inside_visible,1354.3507777777777,158.97022222222222,1
pQyNKRHbjRA_1-1822,171,2,1305.3333333333333,32.0,301.0,326.0,inside_visible,462.51805,378.83435,0
pQyNKRHbjRA_1-1822,172,1,220.08333333333331,285.5833333333333,294.0,271.00000000000006,inside_visible,1350.2026666666666,159.11833333333334,1
pQyNKRHbjRA_1-1822,172,2,1301.6666666666667,32.0,301.0,326.0,inside_visible,461.607075,379.577025,0
pQyNKRHbjRA_1-1822,173,1,219.66666666666663,284.6666666666667,294.0,270.99999999999994,inside_visible,1346.0545555555557,159.26644444444446,1
pQyNKRHbjRA_1-1822,173,2,1298.0,32.0,301.0,326.0,inside_visible,460.6961,380.3197,0
pQyNKRHbjRA_1-1822,174,1,219.25,283.75,294.0,271.0,inside_visible,1341.9064444444446,159.41455555555555,1
pQyNKRHbjRA_1-1822,174,2,1297.3157894736842,32.0,301.0,326.0,inside_visible,459.785125,381.062375,0
pQyNKRHbjRA_1-1822,175,1,218.83333333333331,282.8333333333333,294.0,271.00000000000006,inside_visible,1337.7583333333334,159.56266666666667,1
pQyNKRHbjRA_1-1822,175,2,1296.6315789473683,32.0,301.0,326.0,inside_visible,458.87415,381.80505,0
pQyNKRHbjRA_1-1822,176,1,218.41666666666663,281.9166666666667,294.0,270.99999999999994,inside_visible,1333.6102222222223,159.7107777777778,1
pQyNKRHbjRA_1-1822,176,2,1295.9473684210527,32.0,301.0,326.0,inside_visible,457.963175,382.547725,0
pQyNKRHbjRA_1-1822,177,1,218.0,281.0,294.0,271.0,inside_visible,1329.4621111111112,159.85888888888888,1
pQyNKRHbjRA_1-1822,177,2,1295.2631578947369,32.0,301.0,326.0,inside_visible,457.0522,383.2904,0
pQyNKRHbjRA_1-1822,178,1,218.03333333333333,280.8777777777778,294.0,270.99999999999994,inside_visible,1325.314,160.007,1
pQyNKRHbjRA_1-1822,178,2,1294.578947368421,32.0,301.0,326.0,inside_visible,456.141225,384.033075,0
pQyNKRHbjRA_1-1822,179,1,218.06666666666663,280.7555555555556,294.00000000000006,271.00000000000006,inside_visible,1325.6863611111112,160.71419444444444,1
pQyNKRHbjRA_1-1822,179,2,1293.8947368421052,32.0,301.0,326.0,inside_visible,455.23025,384.77575,0
pQyNKRHbjRA_1-1822,180,1,218.1,280.6333333333333,294.0,271.0,inside_visible,1326.0587222222225,161.42138888888888,1
pQyNKRHbjRA_1-1822,180,2,1293.2105263157894,32.0,301.0,326.0,inside_visible,454.319275,385.518425,0
pQyNKRHbjRA_1-1822,181,1,218.13333333333333,280.5111111111111,294.0,270.99999999999994,inside_visible,1326.4310833333334,162.12858333333332,1
pQyNKRHbjRA_1-1822,181,2,1292.5263157894738,32.0,301.0,326.0,inside_visible,453.4083,386.2611,0
pQyNKRHbjRA_1-1822,182,1,218.16666666666663,280.3888888888889,294.0,271.0,inside_visible,1326.8034444444445,162.8357777777778,1
pQyNKRHbjRA_1-1822,182,2,1291.842105263158,32.0,301.0,326.0,inside_visible,452.497325,387.003775,0
pQyNKRHbjRA_1-1822,183,1,218.2,280.26666666666665,294.00000000000006,271.0,inside_visible,1327.1758055555556,163.54297222222223,1
pQyNKRHbjRA_1-1822,183,2,1291.157894736842,32.0,301.0,326.0,inside_visible,451.58635,387.74645,0
pQyNKRHbjRA_1-1822,184,1,218.2333333333333,280.14444444444445,294.0,270.99999999999994,inside_visible,1327.5481666666667,164.25016666666667,1
pQyNKRHbjRA_1-1822,184,2,1290.4736842105262,32.0,301.0,326.0,inside_visible,450.675375,388.489125,0
pQyNKRHbjRA_1-1822,185,1,218.26666666666668,280.02222222222224,294.0,271.0,inside_visible,1327.9205277777778,164.9573611111111,1
pQyNKRHbjRA_1-1822,185,2,1289.7894736842106,32.0,301.0,326.0,inside_visible,449.7644,389.2318,0
pQyNKRHbjRA_1-1822,186,1,218.3,279.9,293.99999999999994,271.0,inside_visible,1328.292888888889,165.66455555555555,1
pQyNKRHbjRA_1-1822,186,2,1289.1052631578948,32.0,301.0,326.0,inside_visible,448.853425,389.974475,0
pQyNKRHbjRA_1-1822,187,1,218.33333333333331,279.77777777777777,294.0,271.00000000000006,inside_visible,1328.66525,166.37175000000002,1
pQyNKRHbjRA_1-1822,187,2,1288.421052631579,32.0,301.0,326.0,inside_visible,447.94245,390.71715,0
pQyNKRHbjRA_1-1822,188,1,218.36666666666667,279.6555555555556,294.0,271.0,inside_visible,1329.0376111111111,167.07894444444446,1
pQyNKRHbjRA_1-1822,188,2,1287.7368421052631,32.0,301.0,326.0,inside_visible,447.031475,391.459825,0
pQyNKRHbjRA_1-1822,189,1,218.4,279.53333333333336,294.0,270.99999999999994,inside_visible,1329.4099722222222,167.7861388888889,1
pQyNKRHbjRA_1-1822,189,2,1287.0526315789473,32.0,301.0,326.0,inside_visible,446.1205,392.2025,0
pQyNKRHbjRA_1-1822,190,1,218.4333333333333,279.4111111111111,293.99999999999994,271.00000000000006,inside_visible,1329.782333333333,168.49333333333334,1
pQyNKRHbjRA_1-1822,190,2,1286.3684210526317,32.0,301.0,326.0,inside_visible,445.209525,392.945175,0
pQyNKRHbjRA_1-1822,191,1,218.46666666666667,279.2888888888889,294.0,271.0,inside_visible,1330.1546944444444,169.20052777777778,1
pQyNKRHbjRA_1-1822,191,2,1285.6842105263158,32.0,301.0,326.0,inside_visible,444.29855,393.68785,0
pQyNKRHbjRA_1-1822,192,1,218.5,279.1666666666667,294.0,270.99999999999994,inside_visible,1330.5270555555555,169.90772222222222,1
pQyNKRHbjRA_1-1822,192,2,1285.0,32.0,301.0,326.0,inside_visible,443.387575,394.430525,0
pQyNKRHbjRA_1-1822,193,1,218.53333333333333,279.0444444444444,294.0,271.00000000000006,inside_visible,1330.8994166666666,170.61491666666666,1
pQyNKRHbjRA_1-1822,193,2,1285.0,32.0,301.0,326.55172413793105,inside_visible,442.4766,395.1732,0
pQyNKRHbjRA_1-1822,194,1,218.56666666666663,278.9222222222222,294.00000000000006,271.0,inside_visible,1331.2717777777775,171.32211111111113,1
pQyNKRHbjRA_1-1822,194,2,1285.0,32.0,301.0,327.1034482758621,inside_visible,441.565625,395.915875,0
pQyNKRHbjRA_1-1822,195,1,218.6,278.8,294.0,270.99999999999994,inside_visible,1331.6441388888888,172.02930555555557,1
pQyNKRHbjRA_1-1822,195,2,1285.0,32.0,301.0,327.6551724137931,inside_visible,440.65465,396.65855,0
pQyNKRHbjRA_1-1822,196,1,218.63333333333333,278.6777777777778,294.0,271.0,inside_visible,1332.0165000000002,172.7365,1
pQyNKRHbjRA_1-1822,196,2,1285.0,32.0,301.0,328.2068965517241,inside_visible,439.743675,397.401225,0
pQyNKRHbjRA_1-1822,197,1,218.66666666666663,278.55555555555554,294.0,271.0,inside_visible,1332.3888611111113,173.44369444444445,1
pQyNKRHbjRA_1-1822,197,2,1285.0,32.0,301.0,328.7586206896552,inside_visible,438.8327,398.1439,0
pQyNKRHbjRA_1-1822,198,1,218.7,278.43333333333334,294.00000000000006,270.99999999999994,inside_visible,1332.7612222222224,174.1508888888889,1
pQyNKRHbjRA_1-1822,198,2,1285.0,32.0,301.0,329.3103448275862,inside_visible,437.921725,398.886575,0
pQyNKRHbjRA_1-1822,199,1,218.7333333333333,278.3111111111112,294.0,271.0,inside_visible,1333.1335833333335,174.85808333333335,1
pQyNKRHbjRA_1-1822,199,2,1285.0,32.0,301.0,329.86206896551727,inside_visible,437.01075,399.62925,0
pQyNKRHbjRA_1-1822,200,1,218.76666666666668,278.18888888888887,294.0,271.0,inside_visible,1333.5059444444446,175.5652777777778,1
pQyNKRHbjRA_1-1822,200,2,1285.0,32.0,301.0,330.41379310344826,inside_visible,436.099775,400.371925,0
pQyNKRHbjRA_1-1822,201,1,218.8,278.06666666666666,293.99999999999994,271.00000000000006,inside_visible,1333.8783055555557,176.27247222222223,1
pQyNKRHbjRA_1-1822,201,2,1285.0,32.0,301.0,330.9655172413793,inside_visible,435.1888,401.1146,0
pQyNKRHbjRA_1-1822,202,1,218.83333333333331,277.94444444444446,294.0,271.0,inside_visible,1334.2506666666668,176.97966666666667,1
pQyNKRHbjRA_1-1822,202,2,1285.0,32.0,301.0,331.51724137931035,gaze_shift,434.277825,401.857275,0
pQyNKRHbjRA_1-1822,203,1,218.86666666666667,277.8222222222222,294.0,271.0,inside_visible,1334.623027777778,177.6868611111111,1
pQyNKRHbjRA_1-1822,203,2,1285.0,32.0,301.0,332.0689655172414,gaze_shift,433.36685,402.59995,0
pQyNKRHbjRA_1-1822,204,1,218.9,277.7,294.0,271.00000000000006,inside_visible,1334.995388888889,178.39405555555555,1
pQyNKRHbjRA_1-1822,204,2,1285.0,32.0,301.0,332.62068965517244,gaze_shift,432.455875,403.342625,0
pQyNKRHbjRA_1-1822,205,1,218.9333333333333,277.5777777777778,293.99999999999994,271.0,inside_visible,1335.36775,179.10125,1
pQyNKRHbjRA_1-1822,205,2,1285.0,32.0,301.0,333.17241379310343,gaze_shift,431.5449,404.0853,0
pQyNKRHbjRA_1-1822,206,1,218.96666666666667,277.4555555555556,294.0,270.99999999999994,inside_visible,1335.7401111111112,179.80844444444446,1
pQyNKRHbjRA_1-1822,206,2,1285.0,32.0,301.0,333.7241379310345,gaze_shift,430.633925,404.827975,0
pQyNKRHbjRA_1-1822,207,1,219.0,277.3333333333333,294.0,271.00000000000006,inside_visible,1336.1124722222223,180.5156388888889,1
pQyNKRHbjRA_1-1822,207,2,1285.0,32.0,301.0,334.2758620689655,gaze_shift,429.72295,405.57065,0
pQyNKRHbjRA_1-1822,208,1,219.03333333333333,277.2111111111111,294.0,271.0,inside_visible,1336.4848333333334,181.2228333333333,1
pQyNKRHbjRA_1-1822,208,2,1285.0,32.0,301.0,334.82758620689657,gaze_shift,428.811975,406.313325,0
pQyNKRHbjRA_1-1822,209,1,219.06666666666663,277.0888888888889,294.00000000000006,270.99999999999994,inside_visible,1336.8571944444443,181.93002777777775,1
pQyNKRHbjRA_1-1822,209,2,1285.0,32.0,301.0,335.3793103448276,gaze_shift,427.901,407.056,0
pQyNKRHbjRA_1-1822,210,1,219.1,276.96666666666664,294.0,271.00000000000006,gaze_shift,1337.2295555555556,182.63722222222225,1
pQyNKRHbjRA_1-1822,210,2,1285.0,32.0,301.0,335.9310344827586,inside_visible,1056.34,717.349,0
pQyNKRHbjRA_1-1822,211,1,219.13333333333333,276.84444444444443,294.0,271.0,gaze_shift,1337.6019166666667,183.3444166666667,1
pQyNKRHbjRA_1-1822,211,2,1285.0,32.0,301.0,336.48275862068965,inside_visible,1056.3668125,719.4065208333334,0
pQyNKRHbjRA_1-1822,212,1,219.16666666666663,276.72222222222223,294.0,270.99999999999994,gaze_shift,1337.9742777777778,184.05161111111116,1
pQyNKRHbjRA_1-1822,212,2,1285.0,32.0,301.0,337.0344827586207,inside_visible,1056.393625,721.4640416666667,0
pQyNKRHbjRA_1-1822,213,1,219.2,276.6,294.00000000000006,271.0,gaze_shift,1338.346638888889,184.7588055555556,1
pQyNKRHbjRA_1-1822,213,2,1285.0,32.0,301.0,337.58620689655174,inside_visible,1056.4204375,723.5215625000001,0
pQyNKRHbjRA_1-1822,214,1,219.2333333333333,276.47777777777776,294.0,271.0,gaze_shift,1338.719,185.466,1
pQyNKRHbjRA_1-1822,214,2,1285.0,32.0,301.0,338.13793103448273,inside_visible,1056.44725,725.5790833333334,0
pQyNKRHbjRA_1-1822,215,1,219.26666666666668,276.35555555555555,294.0,271.00000000000006,inside_visible,989.314,756.007,1
pQyNKRHbjRA_1-1822,215,2,1285.0,32.0,301.0,338.6896551724138,inside_visible,1056.4740625,727.6366041666668,0
pQyNKRHbjRA_1-1822,216,1,219.3,276.2333333333333,293.99999999999994,271.0,inside_visible,989.8511666666666,757.5796666666666,1
pQyNKRHbjRA_1-1822,216,2,1285.0,32.0,301.0,339.2413793103448,inside_visible,1056.500875,729.694125,0
pQyNKRHbjRA_1-1822,217,1,219.33333333333331,276.1111111111111,294.0,271.0,inside_visible,990.3883333333332,759.1523333333333,1
pQyNKRHbjRA_1-1822,217,2,1285.0,32.0,301.0,339.7931034482759,inside_visible,1056.5276875,731.7516458333333,0
pQyNKRHbjRA_1-1822,218,1,219.36666666666667,275.9888888888889,294.0,271.00000000000006,inside_visible,990.9255,760.7249999999999,1
pQyNKRHbjRA_1-1822,218,2,1285.0,32.0,301.0,340.3448275862069,inside_visible,1056.5545,733.8091666666667,0
pQyNKRHbjRA_1-1822,219,1,219.4,275.8666666666667,294.0,271.0,inside_visible,991.4626666666668,762.2976666666666,1
pQyNKRHbjRA_1-1822,219,2,1285.0,32.0,301.0,340.8965517241379,inside_visible,1056.5813125,735.8666875,0
pQyNKRHbjRA_1-1822,220,1,219.4333333333333,275.74444444444447,293.99999999999994,270.99999999999994,inside_visible,991.9998333333332,763.8703333333333,1
pQyNKRHbjRA_1-1822,220,2,1285.0,32.0,301.0,341.4482758620689,inside_visible,1056.608125,737.9242083333334,0
pQyNKRHbjRA_1-1822,221,1,219.46666666666667,275.6222222222222,294.0,271.00000000000006,inside_visible,992.537,765.443,1
pQyNKRHbjRA_1-1822,221,2,1285.0,32.0,301.0,342.0,inside_visible,1056.6349375,739.9817291666667,0
pQyNKRHbjRA_1-1822,222,1,219.5,275.5,294.0,271.0,inside_visible,992.5345714285714,765.4442857142857,1
pQyNKRHbjRA_1-1822,222,2,1285.3684210526317,31.473684210526315,300.7368421052631,342.4736842105264,inside_visible,1056.66175,742.03925,0
pQyNKRHbjRA_1-1822,223,1,219.53333333333333,275.3777777777778,294.0,270.99999999999994,inside_visible,992.5321428571428,765.4455714285714,1
pQyNKRHbjRA_1-1822,223,2,1285.7368421052631,30.94736842105263,300.47368421052624,342.9473684210526,inside_visible,1056.6885625,744.0967708333334,0
pQyNKRHbjRA_1-1822,224,1,219.56666666666663,275.2555555555556,294.00000000000006,271.00000000000006,inside_visible,992.5297142857142,765.4468571428571,1
pQyNKRHbjRA_1-1822,224,2,1286.1052631578948,30.42105263157895,300.21052631578937,343.42105263157896,inside_visible,1056.715375,746.1542916666667,0
pQyNKRHbjRA_1-1822,225,1,219.6,275.1333333333333,294.0,271.0,inside_visible,992.5272857142858,765.4481428571429,1
pQyNKRHbjRA_1-1822,225,2,1286.4736842105262,29.894736842105264,299.9473684210527,343.89473684210526,inside_visible,1056.7421875,748.2118125000001,0
pQyNKRHbjRA_1-1822,226,1,219.63333333333333,275.0111111111111,294.0,270.99999999999994,inside_visible,992.5248571428572,765.4494285714286,1
pQyNKRHbjRA_1-1822,226,2,1286.842105263158,29.36842105263158,299.68421052631584,344.3684210526316,inside_visible,1056.769,750.2693333333334,0
pQyNKRHbjRA_1-1822,227,1,219.66666666666663,274.8888888888889,294.0,271.0,inside_visible,992.5224285714286,765.4507142857143,1
pQyNKRHbjRA_1-1822,227,2,1287.2105263157894,28.84210526315789,299.42105263157896,344.84210526315786,inside_visible,1056.7958125,752.3268541666667,0
pQyNKRHbjRA_1-1822,228,1,219.7,274.76666666666665,294.00000000000006,271.0,inside_visible,992.52,765.452,1
pQyNKRHbjRA_1-1822,228,2,1287.578947368421,28.31578947368421,299.1578947368421,345.3157894736842,inside_visible,1056.822625,754.3843750000001,0
pQyNKRHbjRA_1-1822,229,1,219.7333333333333,274.64444444444445,294.0,270.99999999999994,inside_visible,989.946,750.025,1
pQyNKRHbjRA_1-1822,229,2,1287.9473684210527,27.789473684210527,298.8947368421052,345.7894736842105,inside_visible,1056.8494375,756.4418958333333,0
pQyNKRHbjRA_1-1822,230,1,219.76666666666668,274.52222222222224,294.0,271.0,inside_visible,987.372,734.598,1
pQyNKRHbjRA_1-1822,230,2,1288.3157894736842,27.26315789473684,298.6315789473685,346.2631578947369,inside_visible,1056.87625,758.4994166666667,0
pQyNKRHbjRA_1-1822,231,1,219.8,274.4,293.99999999999994,271.0,inside_visible,1000.176,702.904,1
pQyNKRHbjRA_1-1822,231,2,1288.6842105263158,26.73684210526316,298.36842105263145,346.7368421052631,inside_visible,1056.9030625,760.5569375,0
pQyNKRHbjRA_1-1822,232,1,219.83333333333331,274.27777777777777,294.0,271.00000000000006,inside_visible,994.171,729.9435,1
pQyNKRHbjRA_1-1822,232,2,1289.0526315789473,26.210526315789476,298.1052631578948,347.2105263157895,inside_visible,1056.929875,762.6144583333333,0
pQyNKRHbjRA_1-1822,233,1,219.86666666666667,274.1555555555556,294.0,271.0,inside_visible,988.166,756.983,1
pQyNKRHbjRA_1-1822,233,2,1289.421052631579,25.684210526315788,297.8421052631579,347.6842105263158,inside_visible,1056.9566875,764.6719791666667,0
pQyNKRHbjRA_1-1822,234,1,219.9,274.03333333333336,294.0,270.99999999999994,inside_visible,988.745695652174,757.2728695652173,1
pQyNKRHbjRA_1-1822,234,2,1289.7894736842106,25.157894736842103,297.57894736842104,348.15789473684214,inside_visible,1056.9834999999998,766.7295,0
pQyNKRHbjRA_1-1822,235,1,219.9333333333333,273.9111111111111,293.99999999999994,271.00000000000006,inside_visible,989.325391304348,757.5627391304347,1
pQyNKRHbjRA_1-1822,235,2,1290.157894736842,24.63157894736842,297.31578947368416,348.6315789473684,inside_visible,1057.0103124999998,768.7870208333334,0
pQyNKRHbjRA_1-1822,236,1,219.96666666666667,273.7888888888889,294.0,271.0,inside_visible,989.9050869565218,757.8526086956522,1
pQyNKRHbjRA_1-1822,236,2,1290.5263157894738,24.105263157894736,297.0526315789473,349.10526315789474,inside_visible,1057.0371249999998,770.8445416666667,0
pQyNKRHbjRA_1-1822,237,1,220.0,273.6666666666667,294.0,270.99999999999994,inside_visible,990.4847826086956,758.1424782608696,1
pQyNKRHbjRA_1-1822,237,2,1290.8947368421052,23.57894736842105,296.78947368421063,349.57894736842104,inside_visible,1057.0639374999998,772.9020625,0
pQyNKRHbjRA_1-1822,238,1,220.03333333333333,273.5444444444444,294.0,271.00000000000006,inside_visible,991.0644782608696,758.4323478260869,1
pQyNKRHbjRA_1-1822,238,2,1291.2631578947369,23.05263157894737,296.52631578947376,350.0526315789474,inside_visible,1057.0907499999998,774.9595833333334,0
pQyNKRHbjRA_1-1822,239,1,220.06666666666663,273.4222222222222,294.00000000000006,271.0,inside_visible,991.6441739130436,758.7222173913043,1
pQyNKRHbjRA_1-1822,239,2,1291.6315789473683,22.526315789473685,296.2631578947369,350.52631578947364,inside_visible,1057.1175624999998,777.0171041666667,0
pQyNKRHbjRA_1-1822,240,1,220.1,273.3,294.0,270.99999999999994,inside_visible,992.2238695652176,759.0120869565217,1
pQyNKRHbjRA_1-1822,240,2,1292.0,22.0,296.0,351.0,inside_visible,1057.144375,779.074625,0
pQyNKRHbjRA_1-1822,241,1,220.13333333333333,273.1777777777778,294.0,271.0,inside_visible,992.8035652173912,759.301956521739,1
pQyNKRHbjRA_1-1822,241,2,1292.3636363636365,21.454545454545453,295.72727272727275,349.90909090909093,inside_visible,1057.1711875,781.1321458333333,0
pQyNKRHbjRA_1-1822,242,1,220.16666666666663,273.05555555555554,294.0,271.0,inside_visible,993.3832608695652,759.5918260869565,1
pQyNKRHbjRA_1-1822,242,2,1292.7272727272727,20.90909090909091,295.4545454545455,348.8181818181818,inside_visible,1057.198,783.1896666666667,0
pQyNKRHbjRA_1-1822,243,1,220.2,272.93333333333334,294.00000000000006,270.99999999999994,inside_visible,993.9629565217392,759.8816956521739,1
pQyNKRHbjRA_1-1822,243,2,1293.090909090909,20.363636363636363,295.18181818181824,347.7272727272727,inside_visible,1057.2248125,785.2471875,0
pQyNKRHbjRA_1-1822,244,1,220.2333333333333,272.8111111111112,294.0,271.0,inside_visible,994.5426521739132,760.1715652173913,1
pQyNKRHbjRA_1-1822,244,2,1293.4545454545455,19.81818181818182,294.9090909090908,346.6363636363636,inside_visible,1057.251625,787.3047083333333,0
pQyNKRHbjRA_1-1822,245,1,220.26666666666668,272.68888888888887,294.0,271.0,inside_visible,995.122347826087,760.4614347826086,1
pQyNKRHbjRA_1-1822,245,2,1293.8181818181818,19.272727272727277,294.63636363636374,345.54545454545456,inside_visible,1057.2784375,789.3622291666667,0
pQyNKRHbjRA_1-1822,246,1,220.3,272.56666666666666,293.99999999999994,271.00000000000006,inside_visible,995.7020434782607,760.751304347826,1
pQyNKRHbjRA_1-1822,246,2,1294.1818181818182,18.727272727272727,294.36363636363626,344.45454545454544,inside_visible,1057.30525,791.41975,0
pQyNKRHbjRA_1-1822,247,1,220.33333333333331,272.44444444444446,294.0,271.0,inside_visible,996.2817391304347,761.0411739130434,1
pQyNKRHbjRA_1-1822,247,2,1294.5454545454545,18.18181818181818,294.09090909090924,343.3636363636364,inside_visible,1057.3320625,793.4772708333334,0
pQyNKRHbjRA_1-1822,248,1,220.36666666666667,272.3222222222222,294.0,271.0,inside_visible,996.8614347826089,761.3310434782609,1
pQyNKRHbjRA_1-1822,248,2,1294.909090909091,17.636363636363637,293.81818181818176,342.2727272727273,inside_visible,1057.358875,795.5347916666667,0
pQyNKRHbjRA_1-1822,249,1,220.4,272.2,294.0,271.00000000000006,inside_visible,997.4411304347826,761.6209130434783,1
pQyNKRHbjRA_1-1822,249,2,1295.2727272727273,17.09090909090909,293.5454545454545,341.1818181818182,inside_visible,1057.3856875,797.5923125,0
pQyNKRHbjRA_1-1822,250,1,220.4333333333333,272.0777777777778,293.99999999999994,271.0,inside_visible,998.0208260869564,761.9107826086956,1
pQyNKRHbjRA_1-1822,250,2,1295.6363636363635,16.545454545454547,293.27272727272725,340.09090909090907,inside_visible,1057.4125,799.6498333333334,0
pQyNKRHbjRA_1-1822,251,1,220.46666666666667,271.9555555555556,294.0,270.99999999999994,inside_visible,998.6005217391304,762.200652173913,1
pQyNKRHbjRA_1-1822,251,2,1296.0,16.0,293.0,339.0,inside_visible,1057.4393125,801.7073541666666,0
pQyNKRHbjRA_1-1822,252,1,220.5,271.8333333333333,294.0,271.00000000000006,inside_visible,999.1802173913044,762.4905217391304,1
pQyNKRHbjRA_1-1822,252,2,1296.888888888889,15.666666666666666,292.1111111111111,338.1111111111111,inside_visible,1057.466125,803.7648750000001,0
pQyNKRHbjRA_1-1822,253,1,220.53333333333333,271.7111111111111,294.0,271.0,inside_visible,999.7599130434784,762.7803913043477,1
pQyNKRHbjRA_1-1822,253,2,1297.7777777777778,15.333333333333334,291.2222222222222,337.22222222222223,inside_visible,1057.4929375,805.8223958333333,0
pQyNKRHbjRA_1-1822,254,1,220.56666666666663,271.5888888888889,294.00000000000006,270.99999999999994,inside_visible,1000.339608695652,763.0702608695652,1
pQyNKRHbjRA_1-1822,254,2,1298.6666666666667,15.0,290.33333333333326,336.3333333333333,inside_visible,1057.51975,807.8799166666666,0
pQyNKRHbjRA_1-1822,255,1,220.6,271.46666666666664,294.0,271.00000000000006,inside_visible,1000.919304347826,763.3601304347826,1
pQyNKRHbjRA_1-1822,255,2,1299.5555555555557,14.666666666666666,289.44444444444434,335.4444444444444,inside_visible,1057.5465625,809.9374375,0
pQyNKRHbjRA_1-1822,256,1,220.63333333333333,271.34444444444443,294.0,271.0,inside_visible,1001.499,763.65,1
pQyNKRHbjRA_1-1822,256,2,1300.4444444444443,14.333333333333334,288.55555555555566,334.5555555555556,inside_visible,1057.573375,811.9949583333333,0
pQyNKRHbjRA_1-1822,257,1,220.66666666666663,271.22222222222223,294.0,270.99999999999994,inside_visible,1025.499,754.316,1
pQyNKRHbjRA_1-1822,257,2,1301.3333333333333,14.0,287.66666666666674,333.6666666666667,inside_visible,1057.6001875,814.0524791666667,0
pQyNKRHbjRA_1-1822,258,1,220.7,271.1,294.00000000000006,271.0,inside_visible,1044.166,808.983,1
pQyNKRHbjRA_1-1822,258,2,1302.2222222222222,13.666666666666666,286.7777777777778,332.77777777777777,inside_visible,1057.627,816.11,0
pQyNKRHbjRA_1-1822,259,1,220.7333333333333,270.97777777777776,294.0,271.0,inside_visible,1044.86240625,808.57303125,1
pQyNKRHbjRA_1-1822,259,2,1303.111111111111,13.333333333333334,285.8888888888889,331.8888888888889,inside_visible,1057.9603333333332,815.8183333333334,0
pQyNKRHbjRA_1-1822,260,1,220.76666666666668,270.85555555555555,294.0,271.00000000000006,inside_visible,1045.5588125,808.1630624999999,1
pQyNKRHbjRA_1-1822,260,2,1304.0,13.0,285.0,331.0,inside_visible,1058.2936666666667,815.5266666666666,0
pQyNKRHbjRA_1-1822,261,1,220.8,270.7333333333333,293.99999999999994,271.0,inside_visible,1046.25521875,807.75309375,1
pQyNKRHbjRA_1-1822,261,2,1303.56,12.88,285.0,331.0,inside_visible,1058.627,815.235,0
pQyNKRHbjRA_1-1822,262,1,220.83333333333331,270.6111111111111,294.0,271.0,inside_visible,1046.951625,807.343125,1
pQyNKRHbjRA_1-1822,262,2,1303.12,12.76,285.0,331.0,inside_visible,1058.9603333333332,814.9433333333334,0
pQyNKRHbjRA_1-1822,263,1,220.86666666666667,270.4888888888889,294.0,271.00000000000006,inside_visible,1047.64803125,806.9331562499999,1
pQyNKRHbjRA_1-1822,263,2,1302.68,12.64,285.0,331.0,inside_visible,1059.2936666666667,814.6516666666666,0
pQyNKRHbjRA_1-1822,264,1,220.9,270.3666666666667,294.0,271.0,inside_visible,1048.3444375,806.5231875,1
pQyNKRHbjRA_1-1822,264,2,1302.24,12.52,285.0,331.0,inside_visible,1059.627,814.36,0
pQyNKRHbjRA_1-1822,265,1,220.9333333333333,270.24444444444447,293.99999999999994,270.99999999999994,inside_visible,1049.04084375,806.11321875,1
pQyNKRHbjRA_1-1822,265,2,1301.8,12.4,285.0,331.0,inside_visible,1059.9603333333332,814.0683333333334,0
pQyNKRHbjRA_1-1822,266,1,220.96666666666667,270.1222222222222,294.0,271.00000000000006,inside_visible,1049.73725,805.70325,1
pQyNKRHbjRA_1-1822,266,2,1301.36,12.28,285.0,331.0,inside_visible,1060.2936666666667,813.7766666666666,0
pQyNKRHbjRA_1-1822,267,1,221.0,270.0,294.0,271.0,inside_visible,1050.43365625,805.29328125,1
pQyNKRHbjRA_1-1822,267,2,1300.92,12.16,285.0,331.0,inside_visible,1060.627,813.485,0
pQyNKRHbjRA_1-1822,268,1,223.0,270.375,294.0,271.0,inside_visible,1051.1300625,804.8833125,1
pQyNKRHbjRA_1-1822,268,2,1300.48,12.04,285.0,331.0,inside_visible,1060.9603333333332,813.1933333333334,0
pQyNKRHbjRA_1-1822,269,1,225.0,270.75,294.0,271.0,inside_visible,1051.82646875,804.47334375,1
pQyNKRHbjRA_1-1822,269,2,1300.04,11.92,285.0,331.0,inside_visible,1061.2936666666667,812.9016666666666,0
pQyNKRHbjRA_1-1822,270,1,227.0,271.125,294.0,271.0,inside_visible,1052.522875,804.063375,1
pQyNKRHbjRA_1-1822,270,2,1299.6,11.8,285.0,331.0,inside_visible,1061.627,812.61,0
pQyNKRHbjRA_1-1822,271,1,229.0,271.5,294.0,271.0,inside_visible,1053.21928125,803.65340625,1
pQyNKRHbjRA_1-1822,271,2,1299.16,11.68,285.0,331.0,inside_visible,1061.9603333333332,812.3183333333334,0
pQyNKRHbjRA_1-1822,272,1,231.0,271.875,294.0,271.0,inside_visible,1053.9156875,803.2434375,1
pQyNKRHbjRA_1-1822,272,2,1298.72,11.56,285.0,331.0,inside_visible,1062.2936666666667,812.0266666666666,0
pQyNKRHbjRA_1-1822,273,1,233.0,272.25,294.0,271.0,inside_visible,1054.61209375,802.83346875,1
pQyNKRHbjRA_1-1822,273,2,1298.28,11.44,285.0,331.0,inside_visible,1062.627,811.735,0
pQyNKRHbjRA_1-1822,274,1,235.0,272.625,294.0,271.0,inside_visible,1055.3085,802.4235,1
pQyNKRHbjRA_1-1822,274,2,1297.84,11.32,285.0,331.0,inside_visible,1261.627,688.11,0
pQyNKRHbjRA_1-1822,275,1,237.0,273.0,294.0,271.0,inside_visible,1056.00490625,802.01353125,1
pQyNKRHbjRA_1-1822,275,2,1297.4,11.2,285.0,331.0,inside_visible,1263.2633636363637,687.5645454545455,0
pQyNKRHbjRA_1-1822,276,1,238.0,273.0,294.0,271.0,inside_visible,1056.7013125,801.6035625,1
pQyNKRHbjRA_1-1822,276,2,1296.96,11.08,285.0,331.0,inside_visible,1264.8997272727272,687.0190909090909,0
pQyNKRHbjRA_1-1822,277,1,239.0,273.0,294.0,271.0,inside_visible,1057.39771875,801.19359375,1
pQyNKRHbjRA_1-1822,277,2,1296.52,10.96,285.0,331.0,inside_visible,1266.536090909091,686.4736363636364,0
pQyNKRHbjRA_1-1822,278,1,240.0,273.0,294.0,271.0,inside_visible,1058.094125,800.783625,1
pQyNKRHbjRA_1-1822,278,2,1296.08,10.84,285.0,331.0,inside_visible,1268.1724545454545,685.9281818181819,0
pQyNKRHbjRA_1-1822,279,1,241.0,273.0,294.0,271.0,inside_visible,1058.79053125,800.37365625,1
pQyNKRHbjRA_1-1822,279,2,1295.64,10.72,285.0,331.0,inside_visible,1269.8088181818182,685.3827272727273,0
pQyNKRHbjRA_1-1822,280,1,242.0,273.0,294.0,271.0,inside_visible,1059.4869375,799.9636875,1
pQyNKRHbjRA_1-1822,280,2,1295.2,10.6,285.0,331.0,inside_visible,1271.4451818181817,684.8372727272728,0
pQyNKRHbjRA_1-1822,281,1,243.0,273.0,294.0,271.0,inside_visible,1060.18334375,799.55371875,1
pQyNKRHbjRA_1-1822,281,2,1294.76,10.48,285.0,331.0,inside_visible,1273.0815454545454,684.2918181818181,0
pQyNKRHbjRA_1-1822,282,1,244.0,273.0,294.0,271.0,inside_visible,1060.87975,799.14375,1
pQyNKRHbjRA_1-1822,282,2,1294.32,10.36,285.0,331.0,inside_visible,1274.717909090909,683.7463636363636,0
pQyNKRHbjRA_1-1822,283,1,245.0,273.0,294.0,271.0,inside_visible,1061.57615625,798.73378125,1
pQyNKRHbjRA_1-1822,283,2,1293.88,10.24,285.0,331.0,inside_visible,1276.3542727272727,683.2009090909091,0
pQyNKRHbjRA_1-1822,284,1,247.0,272.25,294.0,271.0,inside_visible,1062.2725625,798.3238125,1
pQyNKRHbjRA_1-1822,284,2,1293.44,10.12,285.0,331.0,inside_visible,1277.9906363636362,682.6554545454545,0
pQyNKRHbjRA_1-1822,285,1,249.0,271.5,294.0,271.0,inside_visible,1062.96896875,797.9138437500001,1
pQyNKRHbjRA_1-1822,285,2,1293.0,10.0,285.0,331.0,inside_visible,1279.627,682.11,0
pQyNKRHbjRA_1-1822,286,1,251.0,270.75,294.0,271.0,inside_visible,1063.665375,797.503875,1
pQyNKRHbjRA_1-1822,286,2,1293.0,10.0,285.0,333.1666666666667,inside_visible,1273.627,676.11,0
pQyNKRHbjRA_1-1822,287,1,253.0,270.0,294.0,271.0,inside_visible,1064.36178125,797.09390625,1
pQyNKRHbjRA_1-1822,287,2,1293.0,10.0,285.0,335.3333333333333,inside_visible,1267.627,670.11,0
pQyNKRHbjRA_1-1822,288,1,253.21052631578948,269.63157894736844,294.0,271.0,inside_visible,1065.0581875,796.6839375000001,1
pQyNKRHbjRA_1-1822,288,2,1293.0,10.0,285.0,337.5,inside_visible,1261.627,664.11,0
pQyNKRHbjRA_1-1822,289,1,253.42105263157896,269.2631578947368,294.0,271.00000000000006,inside_visible,1065.75459375,796.27396875,1
pQyNKRHbjRA_1-1822,289,2,1293.0,10.0,285.0,339.6666666666667,inside_visible,1255.627,658.11,0
pQyNKRHbjRA_1-1822,290,1,253.6315789473684,268.89473684210526,294.0,271.00000000000006,inside_visible,1066.451,795.864,1
pQyNKRHbjRA_1-1822,290,2,1293.0,10.0,285.0,341.8333333333333,inside_visible,1248.4936666666667,657.9766666666667,0
pQyNKRHbjRA_1-1822,291,1,253.8421052631579,268.5263157894737,294.0,270.99999999999994,inside_visible,1061.1176666666668,794.864,1
pQyNKRHbjRA_1-1822,291,2,1293.0,10.0,285.0,344.0,inside_visible,1241.3603333333333,657.8433333333334,0
pQyNKRHbjRA_1-1822,292,1,254.05263157894737,268.1578947368421,294.0,271.0,inside_visible,1055.7843333333333,793.864,1
pQyNKRHbjRA_1-1822,292,2,1289.3333333333333,11.0,285.0,345.0,inside_visible,1234.227,657.71,0
pQyNKRHbjRA_1-1822,293,1,254.26315789473685,267.7894736842105,294.0,271.0,inside_visible,1050.451,792.864,1
pQyNKRHbjRA_1-1822,293,2,1285.6666666666667,12.0,285.0,346.0,inside_visible,1225.094,662.577,0
pQyNKRHbjRA_1-1822,294,1,254.47368421052636,267.42105263157896,294.0,271.0,inside_visible,1045.1176666666668,791.864,1
pQyNKRHbjRA_1-1822,294,2,1282.0,13.0,285.0,347.0,inside_visible,1159.96,627.443,0
pQyNKRHbjRA_1-1822,295,1,254.68421052631575,267.05263157894734,294.00000000000006,271.00000000000006,inside_visible,1039.7843333333333,790.864,1
pQyNKRHbjRA_1-1822,295,2,1282.0,13.0,285.0,349.6666666666667,inside_visible,1193.627,614.11,0
pQyNKRHbjRA_1-1822,296,1,254.8947368421053,266.6842105263158,294.00000000000006,271.00000000000006,inside_visible,1034.451,789.864,1
pQyNKRHbjRA_1-1822,296,2,1282.0,13.0,285.0,352.3333333333333,inside_visible,1186.8476,614.1418,0
pQyNKRHbjRA_1-1822,297,1,255.10526315789477,266.3157894736842,293.99999999999994,270.99999999999994,inside_visible,1029.1176666666668,788.864,1
pQyNKRHbjRA_1-1822,297,2,1282.0,13.0,285.0,355.0,inside_visible,1180.0682,614.1736,0
pQyNKRHbjRA_1-1822,298,1,255.31578947368425,265.94736842105266,293.99999999999994,270.99999999999994,inside_visible,1023.7843333333334,787.864,1
pQyNKRHbjRA_1-1822,298,2,1282.0,13.0,285.0,355.0,inside_visible,1173.2888,614.2054,0
pQyNKRHbjRA_1-1822,299,1,255.52631578947367,265.57894736842104,294.0,271.0,inside_visible,1018.451,786.864,1
pQyNKRHbjRA_1-1822,299,2,1282.0,13.0,285.0,355.0,inside_visible,1166.5094,614.2372,0
pQyNKRHbjRA_1-1822,300,1,255.73684210526315,265.2105263157895,294.0,271.0,inside_visible,1013.1176666666668,785.864,1
pQyNKRHbjRA_1-1822,300,2,1282.0,13.0,285.0,355.0,inside_visible,1159.73,614.269,0
pQyNKRHbjRA_1-1822,301,1,255.94736842105263,264.8421052631579,294.0,271.0,inside_visible,1007.7843333333334,784.864,1
pQyNKRHbjRA_1-1822,301,2,1282.0,13.0,285.0,355.0,inside_visible,1160.146625,612.435625,0
pQyNKRHbjRA_1-1822,302,1,256.1578947368421,264.4736842105263,294.0,271.00000000000006,inside_visible,1002.451,783.864,1
pQyNKRHbjRA_1-1822,302,2,1282.0,13.0,285.0,355.0,inside_visible,1160.5632500000002,610.60225,0
pQyNKRHbjRA_1-1822,303,1,256.3684210526316,264.10526315789474,294.0,270.99999999999994,inside_visible,991.451,774.19725,1
pQyNKRHbjRA_1-1822,303,2,1282.0,13.0,285.0,355.0,inside_visible,1160.979875,608.768875,0
pQyNKRHbjRA_1-1822,304,1,256.57894736842104,263.7368421052632,294.0,270.99999999999994,inside_visible,980.451,764.5305000000001,1
pQyNKRHbjRA_1-1822,304,2,1282.0,13.0,285.0,355.0,inside_visible,1161.3965,606.9355,0
pQyNKRHbjRA_1-1822,305,1,256.7894736842105,263.3684210526316,294.0,271.0,inside_visible,969.451,754.86375,1
pQyNKRHbjRA_1-1822,305,2,1282.0,13.0,285.0,355.0,inside_visible,1161.813125,605.102125,0
pQyNKRHbjRA_1-1822,306,1,257.0,263.0,294.0,271.0,inside_visible,958.451,745.197,1
pQyNKRHbjRA_1-1822,306,2,1282.0,13.0,285.0,355.0,inside_visible,1162.22975,603.26875,0
pQyNKRHbjRA_1-1822,307,1,255.8,262.4,293.99999999999994,271.0,inside_visible,938.451,714.53,1
pQyNKRHbjRA_1-1822,307,2,1282.0,13.0,285.0,355.0,inside_visible,1162.646375,601.435375,0
pQyNKRHbjRA_1-1822,308,1,254.6,261.8,294.0,270.99999999999994,inside_visible,915.7845,697.1965,1
pQyNKRHbjRA_1-1822,308,2,1282.0,13.0,285.0,355.0,inside_visible,1163.063,599.602,0
pQyNKRHbjRA_1-1822,309,1,253.4,261.2,294.0,271.00000000000006,inside_visible,893.118,679.863,1
pQyNKRHbjRA_1-1822,309,2,1282.0,13.0,285.0,355.0,inside_visible,1237.23,662.269,0
pQyNKRHbjRA_1-1822,310,1,252.2,260.6,294.00000000000006,271.0,inside_visible,865.118,654.0853333333333,1
pQyNKRHbjRA_1-1822,310,2,1284.2,15.2,285.0,355.0,inside_visible,1242.0633333333333,660.9356666666666,0
pQyNKRHbjRA_1-1822,311,1,251.0,260.0,294.0,271.0,inside_visible,837.118,628.3076666666667,1
pQyNKRHbjRA_1-1822,311,2,1286.4,17.4,285.0,355.0,inside_visible,1246.8966666666668,659.6023333333334,0
pQyNKRHbjRA_1-1822,312,1,249.8,259.4,293.99999999999994,271.0,inside_visible,809.118,602.53,1
pQyNKRHbjRA_1-1822,312,2,1288.6,19.6,285.0,355.0,inside_visible,1251.73,658.269,0
pQyNKRHbjRA_1-1822,313,1,248.6,258.8,294.0,270.99999999999994,inside_visible,779.785,566.53,1
pQyNKRHbjRA_1-1822,313,2,1290.8,21.8,285.0,355.0,inside_visible,1249.2205,662.52175,0
pQyNKRHbjRA_1-1822,314,1,247.4,258.2,294.0,271.00000000000006,inside_visible,737.118,527.863,1
pQyNKRHbjRA_1-1822,314,2,1293.0,24.0,285.0,355.0,inside_visible,1246.711,666.7745,0
pQyNKRHbjRA_1-1822,315,1,246.2,257.6,294.00000000000006,271.0,inside_visible,711.785,499.863,1
pQyNKRHbjRA_1-1822,315,2,1292.5,25.83333333333333,285.0,355.0,inside_visible,1244.2015,671.02725,0
pQyNKRHbjRA_1-1822,316,1,245.0,257.0,294.0,271.0,inside_visible,645.119,487.863,1
pQyNKRHbjRA_1-1822,316,2,1292.0,27.666666666666668,285.0,355.0,inside_visible,1241.692,675.28,0
pQyNKRHbjRA_1-1822,317,1,245.4814814814815,257.4074074074074,294.0,271.0,inside_visible,641.7855,486.5295,1
pQyNKRHbjRA_1-1822,317,2,1291.5,29.5,285.0,355.0,inside_occluded,1253.692,676.0799999999999,0
pQyNKRHbjRA_1-1822,318,1,245.96296296296296,257.81481481481484,294.0,270.99999999999994,inside_visible,638.452,485.196,1
pQyNKRHbjRA_1-1822,318,2,1291.0,31.33333333333333,285.0,355.0,inside_occluded,1265.692,676.88,0
pQyNKRHbjRA_1-1822,319,1,246.44444444444449,258.22222222222223,294.0,270.99999999999994,inside_visible,621.119,482.529,1
pQyNKRHbjRA_1-1822,319,2,1290.5,33.16666666666667,285.0,355.0,inside_occluded,1277.692,677.68,0
pQyNKRHbjRA_1-1822,320,1,246.92592592592592,258.6296296296296,294.00000000000006,271.00000000000006,inside_visible,622.4523750000001,483.529,1
pQyNKRHbjRA_1-1822,320,2,1290.0,35.0,285.0,355.0,inside_occluded,1289.692,678.48,0
pQyNKRHbjRA_1-1822,321,1,247.40740740740745,259.037037037037,294.0,271.00000000000006,inside_visible,623.78575,484.529,1
pQyNKRHbjRA_1-1822,321,2,1289.375,36.0,285.0,355.0,inside_visible,1301.692,679.28,0
pQyNKRHbjRA_1-1822,322,1,247.88888888888889,259.44444444444446,294.0,271.0,inside_visible,625.1191249999999,485.529,1
pQyNKRHbjRA_1-1822,322,2,1288.75,37.0,285.0,355.0,inside_visible,1301.9378775510204,680.8536326530613,0
pQyNKRHbjRA_1-1822,323,1,248.3703703703704,259.85185185185185,293.99999999999994,271.0,inside_visible,626.4525,486.529,1
pQyNKRHbjRA_1-1822,323,2,1288.125,38.0,285.0,355.0,inside_visible,1302.1837551020408,682.4272653061224,0
pQyNKRHbjRA_1-1822,324,1,248.85185185185185,260.25925925925924,294.0,271.0,inside_visible,627.785875,487.529,1
pQyNKRHbjRA_1-1822,324,2,1287.5,39.0,285.0,355.0,inside_visible,1302.4296326530612,684.0008979591837,0
pQyNKRHbjRA_1-1822,325,1,249.33333333333331,260.6666666666667,294.0,270.99999999999994,inside_visible,629.11925,488.529,1
pQyNKRHbjRA_1-1822,325,2,1286.875,40.0,285.0,355.0,inside_visible,1302.6755102040815,685.5745306122449,0
pQyNKRHbjRA_1-1822,326,1,249.8148148148148,261.0740740740741,294.0,270.99999999999994,inside_visible,630.4526249999999,489.529,1
pQyNKRHbjRA_1-1822,326,2,1286.25,41.0,285.0,355.0,inside_occluded,1302.9213877551022,687.1481632653062,0
pQyNKRHbjRA_1-1822,327,1,250.2962962962963,261.48148148148147,294.0,271.00000000000006,inside_visible,631.786,490.529,1
pQyNKRHbjRA_1-1822,327,2,1285.625,42.0,285.0,355.0,inside_occluded,1303.1672653061223,688.7217959183673,0
pQyNKRHbjRA_1-1822,328,1,250.77777777777777,261.8888888888889,294.00000000000006,271.0,inside_visible,634.4527142857143,491.8622857142857,1
pQyNKRHbjRA_1-1822,328,2,1285.0,43.0,285.0,355.0,inside_occluded,1303.413142857143,690.2954285714286,0
pQyNKRHbjRA_1-1822,329,1,251.25925925925927,262.2962962962963,294.0,271.0,inside_visible,637.1194285714286,493.1955714285714,1
pQyNKRHbjRA_1-1822,329,2,1285.0,46.66666666666666,285.0,355.0,inside_occluded,1303.659020408163,691.8690612244898,0
pQyNKRHbjRA_1-1822,330,1,251.74074074074076,262.7037037037037,294.0,271.0,inside_visible,639.7861428571429,494.52885714285713,1
pQyNKRHbjRA_1-1822,330,2,1285.0,50.333333333333336,285.0,355.0,inside_occluded,1303.9048979591837,693.442693877551,0
pQyNKRHbjRA_1-1822,331,1,252.22222222222223,263.1111111111111,293.99999999999994,271.0,inside_visible,642.452857142857,495.8621428571429,1
pQyNKRHbjRA_1-1822,331,2,1285.0,54.0,285.0,355.0,inside_occluded,1304.150775510204,695.0163265306122,0
pQyNKRHbjRA_1-1822,332,1,252.7037037037037,263.51851851851853,294.0,270.99999999999994,inside_visible,645.1195714285714,497.1954285714286,1
pQyNKRHbjRA_1-1822,332,2,1282.8,56.6,285.0,355.0,inside_occluded,1304.3966530612245,696.5899591836735,0
pQyNKRHbjRA_1-1822,333,1,253.1851851851852,263.9259259259259,294.0,271.00000000000006,inside_visible,647.7862857142857,498.52871428571433,1
pQyNKRHbjRA_1-1822,333,2,1280.6,59.2,285.0,355.0,inside_occluded,1304.6425306122449,698.1635918367347,0
pQyNKRHbjRA_1-1822,334,1,253.66666666666663,264.3333333333333,294.0,271.00000000000006,inside_visible,650.453,499.862,1
pQyNKRHbjRA_1-1822,334,2,1278.4,61.8,285.0,355.0,inside_occluded,1304.8884081632652,699.737224489796,0
pQyNKRHbjRA_1-1822,335,1,254.14814814814812,264.7407407407408,294.0,271.0,inside_visible,654.0244285714285,500.4334285714286,1
pQyNKRHbjRA_1-1822,335,2,1276.2,64.4,285.0,355.0,inside_occluded,1305.1342857142856,701.3108571428571,0
pQyNKRHbjRA_1-1822,336,1,254.6296296296296,265.1481481481481,294.00000000000006,271.0,inside_visible,657.5958571428571,501.0048571428572,1
pQyNKRHbjRA_1-1822,336,2,1274.0,67.0,285.0,355.0,inside_occluded,1305.3801632653062,702.8844897959184,0
pQyNKRHbjRA_1-1822,337,1,255.11111111111111,265.55555555555554,294.0,271.0,inside_visible,661.1672857142856,501.57628571428575,1
pQyNKRHbjRA_1-1822,337,2,1274.0,70.66666666666667,285.0,355.0,inside_occluded,1305.6260408163266,704.4581224489796,0
pQyNKRHbjRA_1-1822,338,1,255.59259259259255,265.96296296296293,294.0,271.0,inside_visible,664.7387142857143,502.1477142857143,1
pQyNKRHbjRA_1-1822,338,2,1274.0,74.33333333333333,285.0,355.0,inside_occluded,1305.871918367347,706.0317551020408,0
pQyNKRHbjRA_1-1822,339,1,256.0740740740741,266.3703703703704,293.99999999999994,270.99999999999994,inside_visible,668.3101428571429,502.71914285714286,1
pQyNKRHbjRA_1-1822,339,2,1274.0,78.0,285.0,355.0,inside_occluded,1306.1177959183674,707.605387755102,0
pQyNKRHbjRA_1-1822,340,1,256.55555555555554,266.77777777777777,294.0,271.00000000000006,inside_visible,671.8815714285714,503.29057142857147,1
pQyNKRHbjRA_1-1822,340,2,1274.0,81.66666666666667,285.0,355.0,inside_occluded,1306.3636734693878,709.1790204081633,0
pQyNKRHbjRA_1-1822,341,1,257.037037037037,267.1851851851852,294.00000000000006,271.00000000000006,inside_visible,675.453,503.862,1
pQyNKRHbjRA_1-1822,341,2,1274.0,85.33333333333333,285.0,355.0,inside_occluded,1306.6095510204082,710.7526530612245,0
pQyNKRHbjRA_1-1822,342,1,257.51851851851853,267.5925925925926,293.99999999999994,271.0,inside_visible,677.7863333333333,508.1953333333333,1
pQyNKRHbjRA_1-1822,342,2,1274.0,89.0,285.0,355.0,inside_occluded,1306.8554285714283,712.3262857142857,0
pQyNKRHbjRA_1-1822,343,1,258.0,268.0,294.0,271.0,inside_visible,680.1196666666666,512.5286666666666,1
pQyNKRHbjRA_1-1822,343,2,1268.5,90.5,285.0,355.0,inside_occluded,1307.101306122449,713.8999183673469,0
pQyNKRHbjRA_1-1822,344,1,258.7142857142857,269.57142857142856,293.99999999999994,271.0,inside_visible,682.453,516.862,1
pQyNKRHbjRA_1-1822,344,2,1263.0,92.0,285.0,355.0,inside_occluded,1307.347183673469,715.4735510204082,0
pQyNKRHbjRA_1-1822,345,1,259.42857142857144,271.1428571428572,294.0,270.99999999999994,inside_visible,682.453,519.612,1
pQyNKRHbjRA_1-1822,345,2,1261.5,93.5,285.0,355.0,inside_occluded,1307.5930612244897,717.0471836734694,0
pQyNKRHbjRA_1-1822,346,1,260.1428571428572,272.7142857142857,293.99999999999994,270.99999999999994,inside_visible,682.453,522.362,1
pQyNKRHbjRA_1-1822,346,2,1260.0,95.0,285.0,355.0,inside_occluded,1307.8389387755103,718.6208163265306,0
pQyNKRHbjRA_1-1822,347,1,260.85714285714283,274.2857142857143,294.00000000000006,271.00000000000006,inside_visible,682.453,525.112,1
pQyNKRHbjRA_1-1822,347,2,1259.25,95.75,285.0,357.0,inside_occluded,1308.0848163265307,720.1944489795918,0
pQyNKRHbjRA_1-1822,348,1,261.57142857142856,275.85714285714283,294.0,271.00000000000006,inside_visible,682.453,527.862,1
pQyNKRHbjRA_1-1822,348,2,1258.5,96.5,285.0,359.0,inside_occluded,1308.330693877551,721.7680816326531,0
pQyNKRHbjRA_1-1822,349,1,262.2857142857143,277.42857142857144,294.00000000000006,271.0,inside_visible,679.2529999999999,528.862,1
pQyNKRHbjRA_1-1822,349,2,1257.75,97.25,285.0,361.0,inside_occluded,1308.5765714285717,723.3417142857143,0
pQyNKRHbjRA_1-1822,350,1,263.0,279.0,294.0,271.0,inside_visible,676.053,529.862,1
pQyNKRHbjRA_1-1822,350,2,1257.0,98.0,285.0,363.0,inside_occluded,1308.822448979592,724.9153469387755,0
pQyNKRHbjRA_1-1822,351,1,265.1666666666667,280.3333333333333,293.99999999999994,271.00000000000006,inside_visible,672.853,530.862,1
pQyNKRHbjRA_1-1822,351,2,1256.25,100.75,285.0,363.0,inside_occluded,1309.0683265306122,726.4889795918367,0
pQyNKRHbjRA_1-1822,352,1,267.3333333333333,281.6666666666667,294.00000000000006,270.99999999999994,inside_visible,669.653,531.862,1
pQyNKRHbjRA_1-1822,352,2,1255.5,103.5,285.0,363.0,inside_occluded,1309.3142040816326,728.062612244898,0
pQyNKRHbjRA_1-1822,353,1,269.5,283.0,294.0,271.0,inside_visible,666.453,532.862,1
pQyNKRHbjRA_1-1822,353,2,1254.75,106.25,285.0,363.0,inside_occluded,1309.560081632653,729.6362448979592,0
pQyNKRHbjRA_1-1822,354,1,271.6666666666667,284.3333333333333,293.99999999999994,271.00000000000006,inside_visible,656.453,527.862,1
pQyNKRHbjRA_1-1822,354,2,1254.0,109.0,285.0,363.0,inside_occluded,1309.8059591836734,731.2098775510204,0
pQyNKRHbjRA_1-1822,355,1,273.8333333333333,285.6666666666667,294.00000000000006,270.99999999999994,inside_visible,646.453,522.862,1
pQyNKRHbjRA_1-1822,355,2,1253.4,111.2,285.0,363.0,inside_occluded,1310.0518367346938,732.7835102040816,0
pQyNKRHbjRA_1-1822,356,1,276.0,287.0,294.0,271.0,inside_visible,602.786,500.862,1
pQyNKRHbjRA_1-1822,356,2,1252.8,113.4,285.0,363.0,inside_occluded,1310.2977142857144,734.3571428571429,0
pQyNKRHbjRA_1-1822,357,1,277.0,286.5,294.0,278.5,inside_visible,578.6195,504.362,1
pQyNKRHbjRA_1-1822,357,2,1252.2,115.6,285.0,363.0,inside_occluded,1310.5435918367348,735.9307755102041,0
pQyNKRHbjRA_1-1822,358,1,278.0,286.0,294.0,286.0,eyes_closed,554.453,507.862,1
pQyNKRHbjRA_1-1822,358,2,1251.6,117.8,285.0,363.0,inside_occluded,1310.7894693877552,737.5044081632653,0
pQyNKRHbjRA_1-1822,359,1,279.0,285.6666666666667,294.0,286.99999999999994,eyes_closed,553.280125,506.3915,1
pQyNKRHbjRA_1-1822,359,2,1251.0,120.0,285.0,363.0,inside_occluded,1311.0353469387755,739.0780408163265,0
pQyNKRHbjRA_1-1822,360,1,280.0,285.3333333333333,294.0,288.00000000000006,eyes_closed,552.10725,504.9210000000001,1
pQyNKRHbjRA_1-1822,360,2,1253.0,121.25,285.0,363.0,inside_occluded,1311.281224489796,740.6516734693878,0
pQyNKRHbjRA_1-1822,361,1,281.0,285.0,294.0,289.0,eyes_closed,550.9343749999999,503.4505,1
pQyNKRHbjRA_1-1822,361,2,1255.0,122.5,285.0,363.0,inside_occluded,1311.5271020408163,742.225306122449,0
pQyNKRHbjRA_1-1822,362,1,280.1666666666667,288.0,293.99999999999994,286.0,eyes_closed,549.7615,501.98,1
pQyNKRHbjRA_1-1822,362,2,1257.0,123.75,285.0,363.0,inside_occluded,1311.7729795918367,743.7989387755102,0
pQyNKRHbjRA_1-1822,363,1,279.3333333333333,291.0,294.00000000000006,283.0,eyes_closed,548.588625,500.5095,1
pQyNKRHbjRA_1-1822,363,2,1259.0,125.0,285.0,363.0,inside_occluded,1312.018857142857,745.3725714285714,0
pQyNKRHbjRA_1-1822,364,1,278.5,294.0,294.0,280.0,eyes_closed,547.41575,499.039,1
pQyNKRHbjRA_1-1822,364,2,1265.142857142857,125.0,285.0,363.0,inside_occluded,1312.2647346938777,746.9462040816327,0
pQyNKRHbjRA_1-1822,365,1,277.6666666666667,297.0,293.99999999999994,277.0,eyes_closed,546.242875,497.5685,1
pQyNKRHbjRA_1-1822,365,2,1271.2857142857142,125.0,285.0,363.0,inside_occluded,1312.510612244898,748.5198367346939,0
pQyNKRHbjRA_1-1822,366,1,276.8333333333333,300.0,294.00000000000006,274.0,eyes_closed,545.0699999999999,496.098,1
pQyNKRHbjRA_1-1822,366,2,1277.428571428571,125.0,285.0,363.0,inside_occluded,1312.7564897959185,750.0934693877551,0
pQyNKRHbjRA_1-1822,367,1,276.0,303.0,294.0,271.0,eyes_closed,543.897125,494.6275,1
pQyNKRHbjRA_1-1822,367,2,1283.571428571429,125.0,285.0,363.0,inside_occluded,1313.0023673469389,751.6671020408164,0
pQyNKRHbjRA_1-1822,368,1,278.25,309.5,294.0,271.0,eyes_closed,542.72425,493.157,1
pQyNKRHbjRA_1-1822,368,2,1289.7142857142858,125.0,285.0,363.0,inside_occluded,1313.2482448979592,753.2407346938776,0
pQyNKRHbjRA_1-1822,369,1,280.5,316.0,294.0,271.0,eyes_closed,541.551375,491.6865,1
pQyNKRHbjRA_1-1822,369,2,1295.857142857143,125.0,285.0,363.0,inside_occluded,1313.4941224489796,754.8143673469388,0
pQyNKRHbjRA_1-1822,370,1,282.75,322.5,294.0,271.0,eyes_closed,540.3785,490.216,1
pQyNKRHbjRA_1-1822,370,2,1302.0,125.0,285.0,363.0,inside_visible,1313.74,756.388,0
pQyNKRHbjRA_1-1822,371,1,285.0,329.0,294.0,271.0,inside_uncertain,539.205625,488.7455,1
pQyNKRHbjRA_1-1822,371,2,1316.3333333333333,125.0,285.0,363.0,inside_visible,1317.59525,765.06275,0
pQyNKRHbjRA_1-1822,372,1,289.3333333333333,334.0,294.00000000000006,271.0,inside_uncertain,538.03275,487.275,1
pQyNKRHbjRA_1-1822,372,2,1330.6666666666667,125.0,285.0,363.0,inside_visible,1321.4505,773.7375,0
pQyNKRHbjRA_1-1822,373,1,293.6666666666667,339.0,293.99999999999994,271.0,inside_uncertain,536.859875,485.8045,1
pQyNKRHbjRA_1-1822,373,2,1345.0,125.0,285.0,363.0,inside_visible,1325.30575,782.41225,0
pQyNKRHbjRA_1-1822,374,1,298.0,344.0,294.0,271.0,inside_uncertain,535.687,484.334,1
pQyNKRHbjRA_1-1822,374,2,1348.0,125.0,294.0,361.5,inside_visible,1329.161,791.087,0
pQyNKRHbjRA_1-1822,375,1,292.0,345.0,294.0,271.0,inside_visible,1177.681,657.114,1
pQyNKRHbjRA_1-1822,375,2,1351.0,125.0,303.0,360.0,inside_visible,1164.342,739.521,0
pQyNKRHbjRA_1-1822,376,1,295.0,352.5,294.0,271.0,inside_visible,1158.8374,674.328,1
pQyNKRHbjRA_1-1822,376,2,1360.5,127.5,303.0,360.0,inside_visible,1150.6005,731.72525,0
pQyNKRHbjRA_1-1822,377,1,298.0,360.0,294.0,271.0,inside_visible,1139.9938,691.542,1
pQyNKRHbjRA_1-1822,377,2,1370.0,130.0,303.0,360.0,inside_visible,1136.859,723.9295,0
pQyNKRHbjRA_1-1822,378,1,296.0,365.5,293.0,269.25,inside_visible,1121.1502,708.756,1
pQyNKRHbjRA_1-1822,378,2,1371.25,132.75,301.75,357.25,inside_visible,1123.1175,716.13375,0
pQyNKRHbjRA_1-1822,379,1,294.0,371.0,292.0,267.5,inside_visible,1102.3066,725.97,1
pQyNKRHbjRA_1-1822,379,2,1372.5,135.5,300.5,354.5,inside_visible,1109.376,708.338,0
pQyNKRHbjRA_1-1822,380,1,292.0,376.5,291.0,265.75,inside_visible,1083.463,743.184,1
pQyNKRHbjRA_1-1822,380,2,1373.75,138.25,299.25,351.75,inside_visible,1098.231375,705.627125,0
pQyNKRHbjRA_1-1822,381,1,290.0,382.0,290.0,264.0,inside_visible,1073.463,739.684,1
pQyNKRHbjRA_1-1822,381,2,1375.0,141.0,298.0,349.0,inside_visible,1087.08675,702.91625,0
pQyNKRHbjRA_1-1822,382,1,300.0,387.0,289.0,263.0,inside_visible,1063.463,736.184,1
pQyNKRHbjRA_1-1822,382,2,1372.8,139.4,298.0,349.0,inside_visible,1075.942125,700.205375,0
pQyNKRHbjRA_1-1822,383,1,296.75,387.0,287.0,263.0,inside_visible,1053.463,732.684,1
pQyNKRHbjRA_1-1822,383,2,1370.6,137.8,298.0,349.0,inside_visible,1064.7975,697.4945,0
pQyNKRHbjRA_1-1822,384,1,293.5,387.0,285.0,263.0,inside_visible,1043.463,729.184,1
pQyNKRHbjRA_1-1822,384,2,1368.4,136.2,298.0,349.0,inside_visible,1053.652875,694.7836249999999,0
pQyNKRHbjRA_1-1822,385,1,290.25,387.0,283.0,263.0,inside_visible,1033.463,725.684,1
pQyNKRHbjRA_1-1822,385,2,1366.2,134.6,298.0,349.0,inside_visible,1042.50825,692.0727499999999,0
pQyNKRHbjRA_1-1822,386,1,287.0,387.0,281.0,263.0,gaze_shift,1023.463,722.184,1
pQyNKRHbjRA_1-1822,386,2,1364.0,133.0,298.0,349.0,inside_visible,1031.363625,689.3618749999999,0
pQyNKRHbjRA_1-1822,387,1,282.6666666666667,387.6666666666667,280.99999999999994,270.3333333333333,gaze_shift,1013.463,718.684,1
pQyNKRHbjRA_1-1822,387,2,1360.3333333333333,134.66666666666666,298.0,349.0,inside_visible,1020.219,686.651,0
pQyNKRHbjRA_1-1822,388,1,278.3333333333333,388.3333333333333,281.00000000000006,277.6666666666667,gaze_shift,1003.463,715.184,1
pQyNKRHbjRA_1-1822,388,2,1356.6666666666667,136.33333333333334,298.0,349.0,inside_visible,1018.1535714285716,686.3067857142856,0
pQyNKRHbjRA_1-1822,389,1,274.0,389.0,281.0,285.0,inside_uncertain,1002.0344285714284,714.6125714285714,1
pQyNKRHbjRA_1-1822,389,2,1353.0,138.0,298.0,349.0,inside_visible,1016.0881428571428,685.9625714285714,0
pQyNKRHbjRA_1-1822,390,1,277.2,391.6,281.00000000000006,285.0,inside_uncertain,1000.6058571428572,714.0411428571429,1
pQyNKRHbjRA_1-1822,390,2,1350.2857142857142,136.85714285714286,298.0,349.0,inside_visible,1014.0227142857144,685.6183571428571,0
pQyNKRHbjRA_1-1822,391,1,280.4,394.2,281.0,285.00000000000006,inside_uncertain,999.1772857142856,713.4697142857143,1
pQyNKRHbjRA_1-1822,391,2,1347.571428571429,135.71428571428572,298.0,349.0,inside_visible,1011.9572857142856,685.2741428571428,0
pQyNKRHbjRA_1-1822,392,1,283.6,396.8,281.0,284.99999999999994,inside_uncertain,997.7487142857144,712.8982857142856,1
pQyNKRHbjRA_1-1822,392,2,1344.857142857143,134.57142857142858,298.0,349.0,inside_visible,1009.8918571428572,684.9299285714285,0
pQyNKRHbjRA_1-1822,393,1,286.8,399.4,280.99999999999994,285.0,inside_uncertain,996.3201428571429,712.3268571428571,1
pQyNKRHbjRA_1-1822,393,2,1342.142857142857,133.42857142857142,298.0,349.0,inside_visible,1007.8264285714286,684.5857142857143,0
pQyNKRHbjRA_1-1822,394,1,290.0,402.0,281.0,285.0,inside_uncertain,994.8915714285714,711.7554285714285,1
pQyNKRHbjRA_1-1822,394,2,1339.428571428571,132.28571428571428,298.0,349.0,inside_visible,1005.761,684.2415,0
pQyNKRHbjRA_1-1822,395,1,292.75,399.25,281.0,289.0,inside_uncertain,993.463,711.184,1
pQyNKRHbjRA_1-1822,395,2,1336.7142857142858,131.14285714285714,298.0,349.0,inside_visible,1003.6955714285716,683.8972857142857,0
pQyNKRHbjRA_1-1822,396,1,295.5,396.5,281.0,293.0,inside_uncertain,992.0344285714284,710.6125714285714,1
pQyNKRHbjRA_1-1822,396,2,1334.0,130.0,298.0,349.0,inside_visible,1001.6301428571428,683.5530714285715,0
pQyNKRHbjRA_1-1822,397,1,298.25,393.75,281.0,297.0,inside_uncertain,990.6058571428572,710.0411428571429,1
pQyNKRHbjRA_1-1822,397,2,1333.4,127.4,298.0,349.0,inside_visible,999.5647142857144,683.2088571428571,0
pQyNKRHbjRA_1-1822,398,1,301.0,391.0,281.0,301.0,inside_uncertain,989.1772857142856,709.4697142857143,1
pQyNKRHbjRA_1-1822,398,2,1332.8,124.8,298.0,349.0,inside_visible,997.4992857142856,682.8646428571428,0
pQyNKRHbjRA_1-1822,399,1,300.0,386.6,281.0,301.0,inside_uncertain,987.7487142857144,708.8982857142856,1
pQyNKRHbjRA_1-1822,399,2,1332.2,122.2,298.0,349.0,inside_visible,995.4338571428572,682.5204285714285,0
pQyNKRHbjRA_1-1822,400,1,299.0,382.2,281.0,301.00000000000006,inside_uncertain,986.3201428571429,708.3268571428571,1
pQyNKRHbjRA_1-1822,400,2,1331.6,119.6,298.0,349.0,inside_visible,993.3684285714286,682.1762142857143,0
pQyNKRHbjRA_1-1822,401,1,298.0,377.8,281.0,300.99999999999994,inside_uncertain,984.8915714285714,707.7554285714285,1
pQyNKRHbjRA_1-1822,401,2,1331.0,117.0,298.0,349.0,inside_visible,991.303,681.832,0
pQyNKRHbjRA_1-1822,402,1,297.0,373.4,281.0,301.0,inside_uncertain,983.463,707.184,1
pQyNKRHbjRA_1-1822,402,2,1330.25,115.0,298.0,349.0,inside_visible,986.4837777777776,678.0836666666667,0
pQyNKRHbjRA_1-1822,403,1,296.0,369.0,281.0,301.0,inside_uncertain,982.0344285714284,706.6125714285714,1
pQyNKRHbjRA_1-1822,403,2,1329.5,113.0,298.0,349.0,inside_visible,981.6645555555556,674.3353333333333,0
pQyNKRHbjRA_1-1822,404,1,292.3333333333333,364.6666666666667,281.00000000000006,300.99999999999994,inside_uncertain,980.6058571428572,706.0411428571429,1
pQyNKRHbjRA_1-1822,404,2,1328.75,111.0,298.0,349.0,inside_visible,976.8453333333332,670.587,0
pQyNKRHbjRA_1-1822,405,1,288.6666666666667,360.3333333333333,280.99999999999994,301.00000000000006,inside_uncertain,979.1772857142856,705.4697142857143,1
pQyNKRHbjRA_1-1822,405,2,1328.0,109.0,298.0,349.0,inside_visible,972.026111111111,666.8386666666667,0
pQyNKRHbjRA_1-1822,406,1,285.0,356.0,281.0,301.0,inside_uncertain,977.7487142857144,704.8982857142856,1
pQyNKRHbjRA_1-1822,406,2,1328.0,107.0,298.0,349.0,inside_visible,967.2068888888888,663.0903333333333,0
pQyNKRHbjRA_1-1822,407,1,283.0,356.0,281.0,301.0,inside_uncertain,976.3201428571429,704.3268571428571,1
pQyNKRHbjRA_1-1822,407,2,1328.0,105.0,298.0,349.0,inside_visible,962.3876666666666,659.342,0
pQyNKRHbjRA_1-1822,408,1,281.0,356.0,281.0,301.0,inside_uncertain,974.8915714285714,703.7554285714285,1
pQyNKRHbjRA_1-1822,408,2,1328.0,103.0,298.0,349.0,inside_visible,957.5684444444444,655.5936666666666,0
pQyNKRHbjRA_1-1822,409,1,279.0,356.0,281.0,301.0,inside_uncertain,973.463,703.184,1
pQyNKRHbjRA_1-1822,409,2,1328.0,101.0,298.0,349.0,inside_visible,952.7492222222222,651.8453333333333,0
pQyNKRHbjRA_1-1822,410,1,277.0,356.0,281.0,301.0,inside_uncertain,972.0344285714284,702.6125714285714,1
pQyNKRHbjRA_1-1822,410,2,1328.0,101.0,297.1111111111111,349.0,gaze_shift,947.93,648.097,0
pQyNKRHbjRA_1-1822,411,1,275.0,356.0,281.0,301.0,inside_uncertain,970.6058571428572,702.0411428571429,1
pQyNKRHbjRA_1-1822,411,2,1328.0,101.0,296.2222222222222,349.0,gaze_shift,948.3316666666666,651.31,0
pQyNKRHbjRA_1-1822,412,1,273.0,356.0,281.0,301.0,inside_uncertain,969.1772857142856,701.4697142857143,1
pQyNKRHbjRA_1-1822,412,2,1328.0,101.0,295.33333333333326,349.0,gaze_shift,948.7333333333332,654.523,0
pQyNKRHbjRA_1-1822,413,1,271.0,356.0,281.0,301.0,inside_uncertain,967.7487142857144,700.8982857142856,1
pQyNKRHbjRA_1-1822,413,2,1328.0,101.0,294.44444444444434,349.0,gaze_shift,949.135,657.736,0
pQyNKRHbjRA_1-1822,414,1,269.0,356.0,281.0,301.0,inside_uncertain,966.3201428571429,700.3268571428571,1
pQyNKRHbjRA_1-1822,414,2,1328.0,101.0,293.55555555555566,349.0,inside_visible,1396.123,908.338,0
pQyNKRHbjRA_1-1822,415,1,266.3333333333333,358.6666666666667,281.00000000000006,305.3333333333333,inside_uncertain,964.8915714285714,699.7554285714285,1
pQyNKRHbjRA_1-1822,415,2,1328.0,101.0,292.66666666666674,349.0,inside_visible,1395.868947368421,907.0820263157894,0
pQyNKRHbjRA_1-1822,416,1,263.6666666666667,361.3333333333333,280.99999999999994,309.6666666666667,inside_uncertain,963.463,699.184,1
pQyNKRHbjRA_1-1822,416,2,1328.0,101.0,291.7777777777778,349.0,inside_visible,1395.6148947368422,905.8260526315788,0
pQyNKRHbjRA_1-1822,417,1,261.0,364.0,281.0,314.0,inside_uncertain,961.208125,699.97325,1
pQyNKRHbjRA_1-1822,417,2,1328.0,101.0,290.8888888888889,349.0,inside_visible,1395.3608421052631,904.5700789473684,0
pQyNKRHbjRA_1-1822,418,1,260.44444444444446,365.22222222222223,281.0,312.77777777777777,inside_uncertain,958.95325,700.7624999999999,1
pQyNKRHbjRA_1-1822,418,2,1328.0,101.0,290.0,349.0,inside_visible,1395.1067894736843,903.314105263158,0
pQyNKRHbjRA_1-1822,419,1,259.8888888888889,366.44444444444446,281.0,311.55555555555554,inside_uncertain,956.698375,701.55175,1
pQyNKRHbjRA_1-1822,419,2,1330.6666666666667,101.83333333333331,287.33333333333326,348.1666666666667,inside_visible,1394.8527368421053,902.0581315789474,0
pQyNKRHbjRA_1-1822,420,1,259.3333333333333,367.6666666666667,281.00000000000006,310.3333333333333,inside_uncertain,954.4435,702.341,1
pQyNKRHbjRA_1-1822,420,2,1333.3333333333333,102.66666666666669,284.66666666666674,347.3333333333333,inside_visible,1394.5986842105265,900.8021578947368,0
pQyNKRHbjRA_1-1822,421,1,258.77777777777777,368.8888888888889,281.00000000000006,309.1111111111111,inside_uncertain,952.188625,703.1302499999999,1
pQyNKRHbjRA_1-1822,421,2,1336.0,103.5,282.0,346.5,inside_visible,1394.3446315789474,899.5461842105262,0
pQyNKRHbjRA_1-1822,422,1,258.22222222222223,370.1111111111111,280.99999999999994,307.8888888888889,inside_uncertain,949.93375,703.9195,1
pQyNKRHbjRA_1-1822,422,2,1338.6666666666667,104.33333333333331,279.33333333333326,345.6666666666667,inside_visible,1394.0905789473684,898.2902105263157,0
pQyNKRHbjRA_1-1822,423,1,257.6666666666667,371.3333333333333,280.99999999999994,306.6666666666667,inside_uncertain,947.678875,704.70875,1
pQyNKRHbjRA_1-1822,423,2,1341.3333333333333,105.16666666666669,276.66666666666674,344.8333333333333,inside_visible,1393.8365263157896,897.0342368421052,0
pQyNKRHbjRA_1-1822,424,1,257.1111111111111,372.55555555555554,281.0,305.44444444444446,inside_uncertain,945.424,705.498,1
pQyNKRHbjRA_1-1822,424,2,1344.0,106.0,274.0,344.0,inside_visible,1393.5824736842103,895.7782631578947,0
pQyNKRHbjRA_1-1822,425,1,256.55555555555554,373.77777777777777,281.0,304.22222222222223,inside_uncertain,943.169125,706.28725,1
pQyNKRHbjRA_1-1822,425,2,1344.0,106.0,274.0,346.0,inside_visible,1393.3284210526317,894.5222894736842,0
pQyNKRHbjRA_1-1822,426,1,256.0,375.0,281.0,303.0,gaze_shift,940.91425,707.0765,1
pQyNKRHbjRA_1-1822,426,2,1344.0,106.0,274.0,348.0,inside_visible,1393.074368421053,893.2663157894737,0
pQyNKRHbjRA_1-1822,427,1,256.125,375.375,281.0,302.5625,gaze_shift,938.659375,707.86575,1
pQyNKRHbjRA_1-1822,427,2,1344.0,106.0,274.0,350.0,inside_visible,1392.8203157894736,892.0103421052631,0
pQyNKRHbjRA_1-1822,428,1,256.25,375.75,281.0,302.125,gaze_shift,936.4045,708.655,1
pQyNKRHbjRA_1-1822,428,2,1344.0,106.0,274.0,352.0,inside_visible,1392.5662631578948,890.7543684210526,0
pQyNKRHbjRA_1-1822,429,1,256.375,376.125,281.0,301.6875,gaze_shift,934.149625,709.44425,1
pQyNKRHbjRA_1-1822,429,2,1347.6666666666667,105.0,274.0,352.0,inside_visible,1392.3122105263158,889.4983947368421,0
pQyNKRHbjRA_1-1822,430,1,256.5,376.5,281.0,301.25,gaze_shift,931.89475,710.2335,1
pQyNKRHbjRA_1-1822,430,2,1351.3333333333333,104.0,274.0,352.0,inside_visible,1392.058157894737,888.2424210526316,0
pQyNKRHbjRA_1-1822,431,1,256.625,376.875,281.0,300.8125,gaze_shift,929.639875,711.02275,1
pQyNKRHbjRA_1-1822,431,2,1355.0,103.0,274.0,352.0,inside_visible,1391.804105263158,886.9864473684211,0
pQyNKRHbjRA_1-1822,432,1,256.75,377.25,281.0,300.375,gaze_shift,927.385,711.812,1
pQyNKRHbjRA_1-1822,432,2,1355.0,104.6,274.0,352.0,inside_visible,1391.550052631579,885.7304736842106,0
pQyNKRHbjRA_1-1822,433,1,256.875,377.625,281.0,299.9375,inside_visible,1055.463,461.851,1
pQyNKRHbjRA_1-1822,433,2,1355.0,106.2,274.0,352.0,inside_visible,1391.296,884.4745,0
pQyNKRHbjRA_1-1822,434,1,257.0,378.0,281.0,299.5,inside_visible,1040.704,462.031,1
pQyNKRHbjRA_1-1822,434,2,1355.0,107.8,274.0,352.0,inside_visible,1391.041947368421,883.2185263157894,0
pQyNKRHbjRA_1-1822,435,1,257.125,378.375,281.0,299.0625,inside_visible,1025.945,462.211,1
pQyNKRHbjRA_1-1822,435,2,1355.0,109.4,274.0,352.0,inside_visible,1390.7878947368422,881.9625526315789,0
pQyNKRHbjRA_1-1822,436,1,257.25,378.75,281.0,298.625,inside_visible,1000.6116666666668,453.322,1
pQyNKRHbjRA_1-1822,436,2,1355.0,111.0,274.0,352.0,inside_visible,1390.5338421052631,880.7065789473684,0
pQyNKRHbjRA_1-1822,437,1,257.375,379.125,281.0,298.1875,inside_visible,975.2783333333332,444.433,1
pQyNKRHbjRA_1-1822,437,2,1357.5,116.5,274.0,352.0,inside_visible,1390.2797894736843,879.4506052631579,0
pQyNKRHbjRA_1-1822,438,1,257.5,379.5,281.0,297.75,inside_visible,949.945,435.544,1
pQyNKRHbjRA_1-1822,438,2,1360.0,122.0,274.0,352.0,inside_visible,1390.0257368421053,878.1946315789473,0
pQyNKRHbjRA_1-1822,439,1,257.625,379.875,281.0,297.3125,inside_visible,927.27825,449.2105,1
pQyNKRHbjRA_1-1822,439,2,1362.6,119.2,273.0,353.2,inside_visible,1389.7716842105265,876.9386578947368,0
pQyNKRHbjRA_1-1822,440,1,257.75,380.25,281.0,296.875,inside_visible,904.6115,462.877,1
pQyNKRHbjRA_1-1822,440,2,1365.2,116.4,272.0,354.4,inside_visible,1389.5176315789474,875.6826842105263,0
pQyNKRHbjRA_1-1822,441,1,257.875,380.625,281.0,296.4375,inside_visible,881.94475,476.5435,1
pQyNKRHbjRA_1-1822,441,2,1367.8,113.6,271.0,355.6,inside_visible,1389.2635789473684,874.4267105263158,0
pQyNKRHbjRA_1-1822,442,1,258.0,381.0,281.0,296.0,inside_visible,859.278,490.21,1
pQyNKRHbjRA_1-1822,442,2,1370.4,110.8,270.0,356.8,inside_visible,1389.0095263157896,873.1707368421053,0
pQyNKRHbjRA_1-1822,443,1,260.0833333333333,380.75,281.00000000000006,295.66666666666663,inside_visible,842.389,503.099,1
pQyNKRHbjRA_1-1822,443,2,1373.0,108.0,269.0,358.0,inside_visible,1388.7554736842103,871.9147631578948,0
pQyNKRHbjRA_1-1822,444,1,262.1666666666667,380.5,280.99999999999994,295.33333333333337,inside_visible,825.5,515.9879999999999,1
pQyNKRHbjRA_1-1822,444,2,1375.0,107.375,269.0,358.0,inside_visible,1388.5014210526317,870.6587894736842,0
pQyNKRHbjRA_1-1822,445,1,264.25,380.25,281.0,295.0,inside_visible,808.611,528.877,1
pQyNKRHbjRA_1-1822,445,2,1377.0,106.75,269.0,358.0,inside_visible,1388.247368421053,869.4028157894737,0
pQyNKRHbjRA_1-1822,446,1,266.3333333333333,380.0,281.00000000000006,294.66666666666663,inside_visible,805.9445000000001,545.5435,1
pQyNKRHbjRA_1-1822,446,2,1379.0,106.125,269.0,358.0,inside_visible,1387.9933157894736,868.1468421052632,0
pQyNKRHbjRA_1-1822,447,1,268.4166666666667,379.75,280.99999999999994,294.33333333333337,inside_visible,803.278,562.21,1
pQyNKRHbjRA_1-1822,447,2,1381.0,105.5,269.0,358.0,inside_visible,1387.7392631578948,866.8908684210526,0
pQyNKRHbjRA_1-1822,448,1,270.5,379.5,281.0,294.0,inside_visible,812.3446,570.4766000000001,1
pQyNKRHbjRA_1-1822,448,2,1383.0,104.875,269.0,358.0,inside_visible,1387.4852105263158,865.634894736842,0
pQyNKRHbjRA_1-1822,449,1,272.5833333333333,379.25,281.00000000000006,293.66666666666663,inside_visible,821.4112,578.7432,1
pQyNKRHbjRA_1-1822,449,2,1385.0,104.25,269.0,358.0,inside_visible,1387.231157894737,864.3789210526315,0
pQyNKRHbjRA_1-1822,450,1,274.6666666666667,379.0,280.99999999999994,293.33333333333337,inside_visible,830.4778,587.0098,1
pQyNKRHbjRA_1-1822,450,2,1387.0,103.625,269.0,358.0,inside_visible,1386.977105263158,863.122947368421,0
pQyNKRHbjRA_1-1822,451,1,276.75,378.75,281.0,293.0,inside_visible,839.5444,595.2764,1
pQyNKRHbjRA_1-1822,451,2,1389.0,103.0,269.0,358.0,inside_visible,1386.723052631579,861.8669736842105,0
pQyNKRHbjRA_1-1822,452,1,278.8333333333333,378.5,281.00000000000006,292.66666666666663,inside_visible,848.611,603.543,1
pQyNKRHbjRA_1-1822,452,2,1393.8,105.2,269.0,358.0,inside_visible,1386.469,860.611,0
pQyNKRHbjRA_1-1822,453,1,280.9166666666667,378.25,280.99999999999994,292.33333333333337,inside_visible,855.722,606.654,1
pQyNKRHbjRA_1-1822,453,2,1398.6,107.4,269.0,358.0,inside_visible,1386.6651428571429,859.2967619047619,0
pQyNKRHbjRA_1-1822,454,1,283.0,378.0,281.0,292.0,inside_visible,862.833,609.765,1
pQyNKRHbjRA_1-1822,454,2,1403.4,109.6,269.0,358.0,inside_visible,1386.8612857142855,857.9825238095239,0
pQyNKRHbjRA_1-1822,455,1,283.51612903225805,378.0,281.0,292.0,inside_visible,869.944,612.876,1
pQyNKRHbjRA_1-1822,455,2,1408.2,111.8,269.0,358.0,inside_visible,1387.0574285714283,856.6682857142857,0
pQyNKRHbjRA_1-1822,456,1,284.03225806451616,378.0,280.99999999999994,292.0,inside_visible,877.6107499999999,612.876,1
pQyNKRHbjRA_1-1822,456,2,1413.0,114.0,269.0,358.0,inside_visible,1387.2535714285714,855.3540476190476,0
pQyNKRHbjRA_1-1822,457,1,284.5483870967742,378.0,280.99999999999994,292.0,inside_visible,885.2774999999999,612.876,1
pQyNKRHbjRA_1-1822,457,2,1415.75,112.75,269.0,358.0,inside_visible,1387.4497142857144,854.0398095238095,0
pQyNKRHbjRA_1-1822,458,1,285.06451612903226,378.0,281.00000000000006,292.0,inside_visible,892.94425,612.876,1
pQyNKRHbjRA_1-1822,458,2,1418.5,111.5,269.0,358.0,inside_visible,1387.6458571428573,852.7255714285715,0
pQyNKRHbjRA_1-1822,459,1,285.5806451612903,378.0,281.00000000000006,292.0,inside_visible,900.611,612.876,1
pQyNKRHbjRA_1-1822,459,2,1421.25,110.25,269.0,358.0,inside_visible,1387.842,851.4113333333333,0
pQyNKRHbjRA_1-1822,460,1,286.0967741935484,378.0,281.0,292.0,inside_visible,901.7961666666666,612.4315555555555,1
pQyNKRHbjRA_1-1822,460,2,1424.0,109.0,269.0,358.0,inside_visible,1388.038142857143,850.0970952380952,0
pQyNKRHbjRA_1-1822,461,1,286.61290322580646,378.0,281.0,292.0,inside_visible,902.9813333333332,611.9871111111111,1
pQyNKRHbjRA_1-1822,461,2,1427.2,108.0,269.0,358.0,inside_visible,1388.2342857142858,848.7828571428571,0
pQyNKRHbjRA_1-1822,462,1,287.1290322580645,378.0,281.0,292.0,inside_visible,904.1665,611.5426666666666,1
pQyNKRHbjRA_1-1822,462,2,1430.4,107.0,269.0,358.0,inside_visible,1388.4304285714286,847.4686190476191,0
pQyNKRHbjRA_1-1822,463,1,287.64516129032256,378.0,281.0,292.0,inside_visible,905.3516666666668,611.0982222222221,1
pQyNKRHbjRA_1-1822,463,2,1433.6,106.0,269.0,358.0,inside_visible,1388.6265714285714,846.154380952381,0
pQyNKRHbjRA_1-1822,464,1,288.16129032258067,378.0,280.99999999999994,292.0,inside_visible,906.5368333333332,610.6537777777778,1
pQyNKRHbjRA_1-1822,464,2,1436.8,105.0,269.0,358.0,inside_visible,1388.8227142857145,844.8401428571428,0
pQyNKRHbjRA_1-1822,465,1,288.6774193548387,378.0,280.99999999999994,292.0,inside_visible,907.722,610.2093333333333,1
pQyNKRHbjRA_1-1822,465,2,1440.0,104.0,269.0,358.0,inside_visible,1389.018857142857,843.5259047619047,0
pQyNKRHbjRA_1-1822,466,1,289.1935483870968,378.0,281.00000000000006,292.0,inside_visible,908.9071666666666,609.7648888888889,1
pQyNKRHbjRA_1-1822,466,2,1439.2727272727273,104.0,269.0,358.0,inside_visible,1389.215,842.2116666666667,0
pQyNKRHbjRA_1-1822,467,1,289.7096774193548,378.0,281.00000000000006,292.0,inside_visible,910.0923333333332,609.3204444444444,1
pQyNKRHbjRA_1-1822,467,2,1438.5454545454545,104.0,269.0,358.0,inside_visible,1389.411142857143,840.8974285714286,0
pQyNKRHbjRA_1-1822,468,1,290.2258064516129,378.0,281.0,292.0,inside_visible,911.2775,608.876,1
pQyNKRHbjRA_1-1822,468,2,1437.8181818181818,104.0,269.0,358.0,inside_visible,1389.6072857142858,839.5831904761905,0
pQyNKRHbjRA_1-1822,469,1,290.741935483871,378.0,281.0,292.0,inside_visible,912.4626666666668,608.4315555555555,1
pQyNKRHbjRA_1-1822,469,2,1437.090909090909,104.0,269.0,358.0,inside_visible,1389.8034285714286,838.2689523809523,0
pQyNKRHbjRA_1-1822,470,1,291.258064516129,378.0,281.0,292.0,inside_visible,913.6478333333332,607.9871111111111,1
pQyNKRHbjRA_1-1822,470,2,1436.3636363636365,104.0,269.0,358.0,inside_visible,1389.9995714285717,836.9547142857143,0
pQyNKRHbjRA_1-1822,471,1,291.7741935483871,378.0,281.0,292.0,inside_visible,914.833,607.5426666666666,1
pQyNKRHbjRA_1-1822,471,2,1435.6363636363635,104.0,269.0,358.0,inside_visible,1390.1957142857143,835.6404761904762,0
pQyNKRHbjRA_1-1822,472,1,292.2903225806452,378.0,280.99999999999994,292.0,inside_visible,916.0181666666666,607.0982222222221,1
pQyNKRHbjRA_1-1822,472,2,1434.909090909091,104.0,269.0,358.0,inside_visible,1390.3918571428571,834.3262380952381,0
pQyNKRHbjRA_1-1822,473,1,292.80645161290323,378.0,280.99999999999994,292.0,inside_visible,917.2033333333331,606.6537777777778,1
pQyNKRHbjRA_1-1822,473,2,1434.1818181818182,104.0,269.0,358.0,inside_visible,1390.5880000000002,833.012,0
pQyNKRHbjRA_1-1822,474,1,293.3225806451613,378.0,281.00000000000006,292.0,inside_visible,918.3885,606.2093333333333,1
pQyNKRHbjRA_1-1822,474,2,1433.4545454545455,104.0,269.0,358.0,inside_visible,1390.784142857143,831.6977619047619,0
pQyNKRHbjRA_1-1822,475,1,293.83870967741933,378.0,281.00000000000006,292.0,inside_visible,919.5736666666668,605.7648888888889,1
pQyNKRHbjRA_1-1822,475,2,1432.7272727272727,104.0,269.0,358.0,inside_visible,1390.980285714286,830.3835238095238,0
pQyNKRHbjRA_1-1822,476,1,294.35483870967744,378.0,281.0,292.0,inside_visible,920.7588333333332,605.3204444444444,1
pQyNKRHbjRA_1-1822,476,2,1432.0,104.0,269.0,358.0,inside_visible,1391.1764285714287,829.0692857142857,0
pQyNKRHbjRA_1-1822,477,1,294.8709677419355,378.0,281.0,292.0,inside_visible,921.944,604.876,1
pQyNKRHbjRA_1-1822,477,2,1430.1666666666667,104.83333333333331,269.0,358.0,inside_visible,1391.3725714285715,827.7550476190477,0
pQyNKRHbjRA_1-1822,478,1,295.38709677419354,378.0,281.0,292.0,inside_visible,922.5773529411764,605.8564117647059,1
pQyNKRHbjRA_1-1822,478,2,1428.3333333333333,105.66666666666669,269.0,358.0,inside_visible,1391.5687142857143,826.4408095238095,0
pQyNKRHbjRA_1-1822,479,1,295.9032258064516,378.0,281.0,292.0,inside_visible,923.210705882353,606.8368235294117,1
pQyNKRHbjRA_1-1822,479,2,1426.5,106.5,269.0,358.0,inside_visible,1391.7648571428572,825.1265714285714,0
pQyNKRHbjRA_1-1822,480,1,296.4193548387097,378.0,280.99999999999994,292.0,inside_visible,923.8440588235294,607.8172352941176,1
pQyNKRHbjRA_1-1822,480,2,1424.6666666666667,107.33333333333331,269.0,358.0,inside_visible,1391.961,823.8123333333333,0
pQyNKRHbjRA_1-1822,481,1,296.93548387096774,378.0,280.99999999999994,292.0,inside_visible,924.4774117647058,608.7976470588235,1
pQyNKRHbjRA_1-1822,481,2,1422.8333333333333,108.16666666666669,269.0,358.0,inside_visible,1392.1571428571428,822.4980952380953,0
pQyNKRHbjRA_1-1822,482,1,297.4516129032258,378.0,281.00000000000006,292.0,inside_visible,925.1107647058824,609.7780588235294,1
pQyNKRHbjRA_1-1822,482,2,1421.0,109.0,269.0,358.0,inside_visible,1392.353285714286,821.1838571428572,0
pQyNKRHbjRA_1-1822,483,1,297.96774193548384,378.0,281.00000000000006,292.0,inside_visible,925.7441176470588,610.7584705882352,1
pQyNKRHbjRA_1-1822,483,2,1419.5333333333333,109.0,269.0,358.0,inside_visible,1392.5494285714287,819.869619047619,0
pQyNKRHbjRA_1-1822,484,1,298.48387096774195,378.0,281.0,292.0,inside_visible,926.3774705882352,611.7388823529411,1
pQyNKRHbjRA_1-1822,484,2,1418.0666666666666,109.0,269.0,358.0,inside_visible,1392.7455714285716,818.5553809523809,0
pQyNKRHbjRA_1-1822,485,1,299.0,378.0,281.0,292.0,inside_visible,927.0108235294116,612.719294117647,1
pQyNKRHbjRA_1-1822,485,2,1416.6,109.0,269.0,358.0,inside_visible,1392.9417142857144,817.2411428571429,0
pQyNKRHbjRA_1-1822,486,1,299.61538461538464,378.2307692307692,281.0,292.00000000000006,inside_visible,927.6441764705884,613.699705882353,1
pQyNKRHbjRA_1-1822,486,2,1415.1333333333334,109.0,269.0,358.0,inside_visible,1393.1378571428572,815.9269047619048,0
pQyNKRHbjRA_1-1822,487,1,300.2307692307692,378.46153846153845,281.00000000000006,292.0,inside_visible,928.2775294117648,614.6801176470589,1
pQyNKRHbjRA_1-1822,487,2,1413.6666666666667,109.0,269.0,358.0,inside_visible,1393.334,814.6126666666667,0
pQyNKRHbjRA_1-1822,488,1,300.84615384615387,378.6923076923077,280.99999999999994,292.00000000000006,inside_visible,928.9108823529411,615.6605294117647,1
pQyNKRHbjRA_1-1822,488,2,1412.2,109.0,269.0,358.0,gaze_shift,1393.530142857143,813.2984285714285,0
pQyNKRHbjRA_1-1822,489,1,301.46153846153845,378.9230769230769,281.0,292.0,inside_visible,929.5442352941176,616.6409411764706,1
pQyNKRHbjRA_1-1822,489,2,1410.7333333333331,109.0,269.0,358.0,gaze_shift,1393.7262857142855,811.9841904761905,0
pQyNKRHbjRA_1-1822,490,1,302.0769230769231,379.1538461538461,281.0,292.00000000000006,inside_visible,930.177588235294,617.6213529411765,1
pQyNKRHbjRA_1-1822,490,2,1409.2666666666669,109.0,269.0,358.0,gaze_shift,1393.9224285714288,810.6699523809524,0
pQyNKRHbjRA_1-1822,491,1,302.6923076923077,379.38461538461536,281.00000000000006,292.0,inside_visible,930.8109411764706,618.6017647058824,1
pQyNKRHbjRA_1-1822,491,2,1407.8,109.0,269.0,358.0,gaze_shift,1394.1185714285716,809.3557142857143,0
pQyNKRHbjRA_1-1822,492,1,303.3076923076923,379.61538461538464,280.99999999999994,292.0,inside_visible,931.444294117647,619.5821764705883,1
pQyNKRHbjRA_1-1822,492,2,1406.3333333333333,109.0,269.0,358.0,gaze_shift,1394.3147142857144,808.0414761904763,0
pQyNKRHbjRA_1-1822,493,1,303.9230769230769,379.84615384615387,281.0,291.99999999999994,inside_visible,932.0776470588236,620.5625882352941,1
pQyNKRHbjRA_1-1822,493,2,1404.8666666666666,109.0,269.0,358.0,gaze_shift,1394.5108571428573,806.7272380952381,0
pQyNKRHbjRA_1-1822,494,1,304.53846153846155,380.0769230769231,281.0,292.0,inside_visible,932.711,621.543,1
pQyNKRHbjRA_1-1822,494,2,1403.4,109.0,269.0,358.0,gaze_shift,1394.707,805.413,0
pQyNKRHbjRA_1-1822,495,1,305.15384615384613,380.3076923076923,281.00000000000006,291.99999999999994,inside_visible,933.030588235294,623.3554117647059,1
pQyNKRHbjRA_1-1822,495,2,1401.9333333333334,109.0,269.0,358.0,inside_visible,514.18,540.129,0
pQyNKRHbjRA_1-1822,496,1,305.7692307692308,380.5384615384616,280.99999999999994,292.0,inside_visible,933.3501764705884,625.1678235294117,1
pQyNKRHbjRA_1-1822,496,2,1400.4666666666667,109.0,269.0,358.0,inside_visible,515.4788,536.5612,0
pQyNKRHbjRA_1-1822,497,1,306.38461538461536,380.7692307692308,281.0,291.99999999999994,inside_visible,933.6697647058824,626.9802352941176,1
pQyNKRHbjRA_1-1822,497,2,1399.0,109.0,269.0,358.0,inside_visible,516.7776,532.9934000000001,0
pQyNKRHbjRA_1-1822,498,1,307.0,381.0,281.0,292.0,inside_visible,933.9893529411764,628.7926470588235,1
pQyNKRHbjRA_1-1822,498,2,1397.1666666666667,109.0,270.33333333333326,355.8333333333333,inside_visible,518.0763999999999,529.4256,0
pQyNKRHbjRA_1-1822,499,1,307.0,381.0,281.0,290.5,inside_visible,934.3089411764706,630.6050588235295,1
pQyNKRHbjRA_1-1822,499,2,1395.3333333333333,109.0,271.66666666666674,353.6666666666667,inside_visible,519.3752,525.8578,0
pQyNKRHbjRA_1-1822,500,1,307.0,381.0,281.0,289.0,inside_visible,934.6285294117648,632.4174705882353,1
pQyNKRHbjRA_1-1822,500,2,1393.5,109.0,273.0,351.5,inside_visible,520.674,522.29,0
pQyNKRHbjRA_1-1822,501,1,307.3421052631579,380.8684210526316,281.0,289.0,inside_visible,934.9481176470588,634.2298823529412,1
pQyNKRHbjRA_1-1822,501,2,1391.6666666666667,109.0,274.33333333333326,349.3333333333333,inside_visible,521.9728,518.7222,0
pQyNKRHbjRA_1-1822,502,1,307.6842105263158,380.7368421052632,281.00000000000006,288.99999999999994,inside_visible,935.267705882353,636.0422941176471,1
pQyNKRHbjRA_1-1822,502,2,1389.8333333333333,109.0,275.66666666666674,347.1666666666667,inside_visible,523.2716,515.1544,0
pQyNKRHbjRA_1-1822,503,1,308.0263157894737,380.60526315789474,280.99999999999994,288.99999999999994,inside_visible,935.587294117647,637.854705882353,1
pQyNKRHbjRA_1-1822,503,2,1388.0,109.0,277.0,345.0,gaze_shift,524.5704,511.5866,0
pQyNKRHbjRA_1-1822,504,1,308.3684210526316,380.4736842105263,281.0,289.00000000000006,inside_visible,935.9068823529412,639.6671176470588,1
pQyNKRHbjRA_1-1822,504,2,1383.6666666666667,108.0,277.0,345.0,gaze_shift,525.8692,508.0188,0
pQyNKRHbjRA_1-1822,505,1,308.7105263157895,380.3421052631579,281.0,289.0,inside_visible,936.2264705882352,641.4795294117647,1
pQyNKRHbjRA_1-1822,505,2,1379.3333333333333,107.0,277.0,345.0,gaze_shift,527.168,504.451,0
pQyNKRHbjRA_1-1822,506,1,309.05263157894734,380.2105263157895,281.00000000000006,289.0,inside_visible,936.5460588235294,643.2919411764706,1
pQyNKRHbjRA_1-1822,506,2,1375.0,106.0,277.0,345.0,inside_visible,1034.732,665.22,0
pQyNKRHbjRA_1-1822,507,1,309.39473684210526,380.078947368421,281.00000000000006,289.0,inside_visible,936.8656470588236,645.1043529411766,1
pQyNKRHbjRA_1-1822,507,2,1373.428571428571,106.0,277.0,345.0,inside_visible,1042.57925,670.9211666666667,0
pQyNKRHbjRA_1-1822,508,1,309.7368421052632,379.9473684210527,280.99999999999994,288.99999999999994,inside_visible,937.1852352941175,646.9167647058824,1
pQyNKRHbjRA_1-1822,508,2,1371.857142857143,106.0,277.0,345.0,inside_visible,1050.4265,676.6223333333334,0
pQyNKRHbjRA_1-1822,509,1,310.07894736842104,379.8157894736842,281.0,288.99999999999994,inside_visible,937.5048235294116,648.7291764705883,1
pQyNKRHbjRA_1-1822,509,2,1370.2857142857142,106.0,277.0,345.0,inside_visible,1058.2737499999998,682.3235,0
pQyNKRHbjRA_1-1822,510,1,310.42105263157896,379.6842105263158,281.0,289.00000000000006,inside_visible,937.824411764706,650.5415882352942,1
pQyNKRHbjRA_1-1822,510,2,1368.7142857142858,106.0,277.0,345.0,inside_visible,1066.121,688.0246666666667,0
pQyNKRHbjRA_1-1822,511,1,310.7631578947368,379.55263157894734,281.00000000000006,289.00000000000006,inside_visible,938.144,652.354,1
pQyNKRHbjRA_1-1822,511,2,1367.142857142857,106.0,277.0,345.0,inside_visible,1073.96825,693.7258333333334,0
pQyNKRHbjRA_1-1822,512,1,311.10526315789474,379.42105263157896,280.99999999999994,289.0,inside_visible,939.6661666666666,657.7743333333334,1
pQyNKRHbjRA_1-1822,512,2,1365.571428571429,106.0,277.0,345.0,inside_visible,1081.8155,699.427,0
pQyNKRHbjRA_1-1822,513,1,311.44736842105266,379.2894736842105,280.99999999999994,289.0,inside_visible,941.1883333333334,663.1946666666666,1
pQyNKRHbjRA_1-1822,513,2,1364.0,106.0,277.0,345.0,inside_visible,1089.66275,705.1281666666666,0
pQyNKRHbjRA_1-1822,514,1,311.7894736842105,379.1578947368421,281.0,289.0,inside_visible,942.7105,668.615,1
pQyNKRHbjRA_1-1822,514,2,1361.8333333333333,106.0,277.0,345.0,inside_visible,1097.51,710.8293333333334,0
pQyNKRHbjRA_1-1822,515,1,312.13157894736844,379.0263157894737,281.0,288.99999999999994,inside_visible,944.2326666666668,674.0353333333334,1
pQyNKRHbjRA_1-1822,515,2,1359.6666666666667,106.0,277.0,345.0,inside_visible,1105.35725,716.5305000000001,0
pQyNKRHbjRA_1-1822,516,1,312.4736842105263,378.89473684210526,281.00000000000006,289.00000000000006,inside_visible,945.7548333333334,679.4556666666666,1
pQyNKRHbjRA_1-1822,516,2,1357.5,106.0,277.0,345.0,inside_visible,1113.2044999999998,722.2316666666667,0
pQyNKRHbjRA_1-1822,517,1,312.8157894736842,378.7631578947368,280.99999999999994,289.00000000000006,inside_visible,947.277,684.876,1
pQyNKRHbjRA_1-1822,517,2,1355.3333333333333,106.0,277.0,345.0,inside_visible,1121.05175,727.9328333333333,0
pQyNKRHbjRA_1-1822,518,1,313.1578947368421,378.6315789473685,281.0,289.0,inside_visible,957.277,706.876,1
pQyNKRHbjRA_1-1822,518,2,1353.1666666666667,106.0,277.0,345.0,inside_visible,1128.899,733.634,0
pQyNKRHbjRA_1-1822,519,1,313.5,378.5,281.0,289.0,inside_visible,967.277,728.876,1
pQyNKRHbjRA_1-1822,519,2,1351.0,106.0,277.0,345.0,inside_visible,1134.9229999999998,737.7305,0
pQyNKRHbjRA_1-1822,520,1,313.8421052631579,378.3684210526316,281.0,289.0,inside_visible,968.277,733.54275,1
pQyNKRHbjRA_1-1822,520,2,1345.5,106.0,280.25,345.0,inside_visible,1140.947,741.827,0
pQyNKRHbjRA_1-1822,521,1,314.1842105263158,378.2368421052632,281.00000000000006,288.99999999999994,inside_visible,969.277,738.2094999999999,1
pQyNKRHbjRA_1-1822,521,2,1340.0,106.0,283.5,345.0,gaze_shift,1146.971,745.9235,0
pQyNKRHbjRA_1-1822,522,1,314.5263157894737,378.10526315789474,280.99999999999994,288.99999999999994,inside_visible,970.277,742.87625,1
pQyNKRHbjRA_1-1822,522,2,1334.5,106.0,286.75,345.0,gaze_shift,1152.995,750.02,0
pQyNKRHbjRA_1-1822,523,1,314.8684210526316,377.9736842105263,281.0,289.00000000000006,inside_visible,971.277,747.543,1
pQyNKRHbjRA_1-1822,523,2,1329.0,106.0,290.0,345.0,inside_visible,526.489,495.08,0
pQyNKRHbjRA_1-1822,524,1,315.2105263157895,377.8421052631579,281.0,289.0,inside_visible,974.105,763.554,1
pQyNKRHbjRA_1-1822,524,2,1324.0,106.0,293.0,345.0,inside_visible,526.4622,494.7308,0
pQyNKRHbjRA_1-1822,525,1,315.5526315789474,377.7105263157895,281.0,289.0,inside_visible,973.377,763.5656666666666,1
pQyNKRHbjRA_1-1822,525,2,1322.1666666666667,105.16666666666669,293.0,345.0,inside_visible,526.4354000000001,494.3816,0
pQyNKRHbjRA_1-1822,526,1,315.89473684210526,377.578947368421,281.00000000000006,289.0,inside_visible,972.649,763.5773333333334,1
pQyNKRHbjRA_1-1822,526,2,1320.3333333333333,104.33333333333331,293.0,345.0,inside_visible,526.4086,494.0324,0
pQyNKRHbjRA_1-1822,527,1,316.2368421052632,377.4473684210527,280.99999999999994,288.99999999999994,inside_visible,971.921,763.589,1
pQyNKRHbjRA_1-1822,527,2,1318.5,103.5,293.0,345.0,inside_visible,526.3818,493.6832,0
pQyNKRHbjRA_1-1822,528,1,316.57894736842104,377.3157894736842,281.0,288.99999999999994,inside_visible,972.8552727272728,762.6926363636364,1
pQyNKRHbjRA_1-1822,528,2,1316.6666666666667,102.66666666666669,293.0,345.0,inside_visible,526.355,493.334,0
pQyNKRHbjRA_1-1822,529,1,316.92105263157896,377.1842105263158,281.0,289.00000000000006,inside_visible,973.7895454545456,761.7962727272728,1
pQyNKRHbjRA_1-1822,529,2,1314.8333333333333,101.83333333333331,293.0,345.0,inside_visible,526.3282,492.9848,0
pQyNKRHbjRA_1-1822,530,1,317.2631578947368,377.05263157894734,281.00000000000006,289.00000000000006,inside_visible,974.7238181818182,760.8999090909091,1
pQyNKRHbjRA_1-1822,530,2,1313.0,101.0,293.0,345.0,inside_visible,526.3014000000001,492.6356,0
pQyNKRHbjRA_1-1822,531,1,317.60526315789474,376.92105263157896,280.99999999999994,289.0,inside_visible,975.6580909090908,760.0035454545455,1
pQyNKRHbjRA_1-1822,531,2,1310.25,100.25,293.0,345.0,inside_visible,526.2746,492.2864,0
pQyNKRHbjRA_1-1822,532,1,317.9473684210526,376.7894736842105,281.0,289.0,inside_visible,976.5923636363636,759.1071818181819,1
pQyNKRHbjRA_1-1822,532,2,1307.5,99.5,293.0,345.0,inside_visible,526.2478,491.9372,0
pQyNKRHbjRA_1-1822,533,1,318.2894736842105,376.6578947368421,281.0,289.0,inside_visible,977.5266363636364,758.2108181818182,1
pQyNKRHbjRA_1-1822,533,2,1304.75,98.75,293.0,345.0,inside_visible,526.221,491.588,0
pQyNKRHbjRA_1-1822,534,1,318.63157894736844,376.5263157894737,281.0,288.99999999999994,inside_visible,978.4609090909092,757.3144545454546,1
pQyNKRHbjRA_1-1822,534,2,1302.0,98.0,293.0,345.0,inside_visible,1027.794,491.239,0
pQyNKRHbjRA_1-1822,535,1,318.9736842105263,376.39473684210526,281.00000000000006,289.00000000000006,inside_visible,979.395181818182,756.418090909091,1
pQyNKRHbjRA_1-1822,535,2,1302.0,98.0,293.75,341.75,inside_visible,1026.738,500.5726666666666,0
pQyNKRHbjRA_1-1822,536,1,319.3157894736842,376.2631578947368,280.99999999999994,289.00000000000006,inside_visible,980.3294545454544,755.5217272727273,1
pQyNKRHbjRA_1-1822,536,2,1302.0,98.0,294.5,338.5,inside_visible,1025.682,509.90633333333335,0
pQyNKRHbjRA_1-1822,537,1,319.6578947368421,376.1315789473685,281.0,289.0,inside_visible,981.2637272727272,754.6253636363637,1
pQyNKRHbjRA_1-1822,537,2,1302.0,98.0,295.25,335.25,inside_visible,1024.626,519.24,0
pQyNKRHbjRA_1-1822,538,1,320.0,376.0,281.0,289.0,inside_visible,982.198,753.729,1
pQyNKRHbjRA_1-1822,538,2,1302.0,98.0,296.0,332.0,inside_visible,756.626,727.24,0
pQyNKRHbjRA_1-1822,539,1,321.625,376.625,281.375,288.625,inside_visible,986.13225,756.8585,1
pQyNKRHbjRA_1-1822,539,2,1297.25,98.0,296.0,332.0,inside_visible,758.5497857142857,727.2305,0
pQyNKRHbjRA_1-1822,540,1,323.25,377.25,281.75,288.25,inside_visible,990.0665,759.988,1
pQyNKRHbjRA_1-1822,540,2,1292.5,98.0,296.0,332.0,inside_visible,760.4735714285714,727.221,0
pQyNKRHbjRA_1-1822,541,1,324.875,377.875,282.125,287.875,inside_visible,994.00075,763.1175,1
pQyNKRHbjRA_1-1822,541,2,1287.75,98.0,296.0,332.0,inside_visible,762.3973571428571,727.2115,0
pQyNKRHbjRA_1-1822,542,1,326.5,378.5,282.5,287.5,inside_visible,997.935,766.247,1
pQyNKRHbjRA_1-1822,542,2,1283.0,98.0,296.0,332.0,inside_visible,764.3211428571428,727.202,0
pQyNKRHbjRA_1-1822,543,1,328.125,379.125,282.875,287.125,inside_visible,999.6691666666666,765.7099999999999,1
pQyNKRHbjRA_1-1822,543,2,1280.3333333333333,98.0,296.0,332.0,inside_visible,766.2449285714285,727.1925,0
pQyNKRHbjRA_1-1822,544,1,329.75,379.75,283.25,286.75,inside_visible,1001.4033333333332,765.173,1
pQyNKRHbjRA_1-1822,544,2,1277.6666666666667,98.0,296.0,332.0,inside_visible,768.1687142857143,727.183,0
pQyNKRHbjRA_1-1822,545,1,331.375,380.375,283.625,286.375,inside_visible,1003.1375,764.636,1
pQyNKRHbjRA_1-1822,545,2,1275.0,98.0,296.0,332.0,inside_visible,770.0925,727.1735,0
pQyNKRHbjRA_1-1822,546,1,333.0,381.0,284.0,286.0,inside_visible,1004.8716666666668,764.0989999999999,1
pQyNKRHbjRA_1-1822,546,2,1272.3333333333333,98.0,296.0,332.0,inside_visible,772.0162857142857,727.164,0
pQyNKRHbjRA_1-1822,547,1,333.7916666666667,380.875,283.99999999999994,286.0,inside_visible,1006.6058333333332,763.562,1
pQyNKRHbjRA_1-1822,547,2,1269.6666666666667,98.0,296.0,332.0,inside_visible,773.9400714285714,727.1545,0
pQyNKRHbjRA_1-1822,548,1,334.5833333333333,380.75,284.00000000000006,286.0,inside_visible,1008.34,763.025,1
pQyNKRHbjRA_1-1822,548,2,1267.0,98.0,296.0,332.0,inside_visible,775.8638571428571,727.145,0
pQyNKRHbjRA_1-1822,549,1,335.375,380.625,284.0,286.0,inside_visible,1005.741,761.4879999999999,1
pQyNKRHbjRA_1-1822,549,2,1268.8333333333333,97.5,296.0,332.0,inside_visible,777.7876428571428,727.1355,0
pQyNKRHbjRA_1-1822,550,1,336.1666666666667,380.5,283.99999999999994,286.0,inside_visible,1003.142,759.951,1
pQyNKRHbjRA_1-1822,550,2,1270.6666666666667,97.0,296.0,332.0,gaze_shift,779.7114285714285,727.126,0
pQyNKRHbjRA_1-1822,551,1,336.9583333333333,380.375,284.00000000000006,286.0,inside_visible,1000.543,758.414,1
pQyNKRHbjRA_1-1822,551,2,1272.5,96.5,296.0,332.0,gaze_shift,781.6352142857143,727.1165,0
pQyNKRHbjRA_1-1822,552,1,337.75,380.25,284.0,286.0,inside_visible,1005.277,763.543,1
pQyNKRHbjRA_1-1822,552,2,1274.3333333333333,96.0,296.0,332.0,gaze_shift,783.559,727.107,0
pQyNKRHbjRA_1-1822,553,1,338.5416666666667,380.125,283.99999999999994,286.0,inside_visible,1001.054,758.948,1
pQyNKRHbjRA_1-1822,553,2,1276.1666666666667,95.5,296.0,332.0,inside_visible,562.626,519.24,0
pQyNKRHbjRA_1-1822,554,1,339.3333333333333,380.0,284.00000000000006,286.0,inside_visible,1006.83,762.352,1
pQyNKRHbjRA_1-1822,554,2,1278.0,95.0,296.0,332.0,inside_visible,565.0223333333333,515.4037777777778,0
pQyNKRHbjRA_1-1822,555,1,340.125,379.875,284.0,286.0,inside_visible,1007.30275,762.167,1
pQyNKRHbjRA_1-1822,555,2,1278.8125,95.0,296.0,332.0,inside_visible,567.4186666666667,511.56755555555554,0
pQyNKRHbjRA_1-1822,556,1,340.9166666666667,379.75,283.99999999999994,286.0,inside_visible,1007.7755,761.982,1
pQyNKRHbjRA_1-1822,556,2,1279.625,95.0,296.0,332.0,inside_visible,569.8149999999999,507.7313333333333,0
pQyNKRHbjRA_1-1822,557,1,341.7083333333333,379.625,284.00000000000006,286.0,inside_visible,1008.24825,761.797,1
pQyNKRHbjRA_1-1822,557,2,1280.4375,95.0,296.0,332.0,inside_visible,572.2113333333333,503.89511111111113,0
pQyNKRHbjRA_1-1822,558,1,342.5,379.5,284.0,286.0,inside_visible,1008.721,761.612,1
pQyNKRHbjRA_1-1822,558,2,1281.25,95.0,296.0,332.0,inside_visible,574.6076666666667,500.0588888888889,0
pQyNKRHbjRA_1-1822,559,1,343.2916666666667,379.375,283.99999999999994,286.0,inside_visible,1009.19375,761.427,1
pQyNKRHbjRA_1-1822,559,2,1282.0625,95.0,296.0,332.0,inside_visible,577.004,496.2226666666666,0
pQyNKRHbjRA_1-1822,560,1,344.0833333333333,379.25,284.00000000000006,286.0,inside_visible,1009.6665,761.242,1
pQyNKRHbjRA_1-1822,560,2,1282.875,95.0,296.0,332.0,inside_visible,579.4003333333333,492.38644444444446,0
pQyNKRHbjRA_1-1822,561,1,344.875,379.125,284.0,286.0,inside_visible,1010.13925,761.057,1
pQyNKRHbjRA_1-1822,561,2,1283.6875,95.0,296.0,332.0,inside_visible,581.7966666666666,488.5502222222222,0
pQyNKRHbjRA_1-1822,562,1,345.6666666666667,379.0,283.99999999999994,286.0,inside_visible,1010.612,760.8720000000001,1
pQyNKRHbjRA_1-1822,562,2,1284.5,95.0,296.0,332.0,inside_visible,584.193,484.714,0
pQyNKRHbjRA_1-1822,563,1,346.4583333333333,378.875,284.00000000000006,286.0,inside_visible,1011.08475,760.687,1
pQyNKRHbjRA_1-1822,563,2,1285.3125,95.0,296.0,332.0,inside_visible,583.3468461538462,482.56015384615387,0
pQyNKRHbjRA_1-1822,564,1,347.25,378.75,284.0,286.0,inside_visible,1011.5575,760.5020000000001,1
pQyNKRHbjRA_1-1822,564,2,1286.125,95.0,296.0,332.0,inside_visible,582.5006923076922,480.4063076923077,0
pQyNKRHbjRA_1-1822,565,1,348.0416666666667,378.625,283.99999999999994,286.0,inside_visible,1012.03025,760.317,1
pQyNKRHbjRA_1-1822,565,2,1286.9375,95.0,296.0,332.0,inside_visible,581.6545384615384,478.2524615384616,0
pQyNKRHbjRA_1-1822,566,1,348.8333333333333,378.5,284.00000000000006,286.0,inside_visible,1012.503,760.1320000000001,1
pQyNKRHbjRA_1-1822,566,2,1287.75,95.0,296.0,332.0,inside_visible,580.8083846153846,476.09861538461536,0
pQyNKRHbjRA_1-1822,567,1,349.625,378.375,284.0,286.0,inside_visible,1012.97575,759.947,1
pQyNKRHbjRA_1-1822,567,2,1288.5625,95.0,296.0,332.0,inside_visible,579.9622307692307,473.9447692307692,0
pQyNKRHbjRA_1-1822,568,1,350.4166666666667,378.25,283.99999999999994,286.0,inside_visible,1013.4485,759.7620000000001,1
pQyNKRHbjRA_1-1822,568,2,1289.375,95.0,296.0,332.0,inside_visible,579.1160769230769,471.7909230769231,0
pQyNKRHbjRA_1-1822,569,1,351.2083333333333,378.125,284.00000000000006,286.0,inside_visible,1013.92125,759.577,1
pQyNKRHbjRA_1-1822,569,2,1290.1875,95.0,296.0,332.0,inside_visible,578.2699230769231,469.6370769230769,0
pQyNKRHbjRA_1-1822,570,1,352.0,378.0,284.0,286.0,inside_visible,1014.394,759.392,1
pQyNKRHbjRA_1-1822,570,2,1291.0,95.0,296.0,332.0,inside_visible,577.4237692307693,467.4832307692308,0
pQyNKRHbjRA_1-1822,571,1,352.0,378.0,284.0,284.4,inside_visible,1012.24175,757.7486666666667,1
pQyNKRHbjRA_1-1822,571,2,1294.2,93.4,296.0,332.0,inside_visible,576.5776153846153,465.32938461538464,0
pQyNKRHbjRA_1-1822,572,1,352.0,378.0,284.0,282.79999999999995,inside_visible,1010.0895,756.1053333333334,1
pQyNKRHbjRA_1-1822,572,2,1297.4,91.8,296.0,332.0,inside_visible,575.7314615384615,463.1755384615385,0
pQyNKRHbjRA_1-1822,573,1,352.0,378.0,284.0,281.20000000000005,gaze_shift,1007.93725,754.462,1
pQyNKRHbjRA_1-1822,573,2,1300.6,90.2,296.0,332.0,inside_visible,574.8853076923077,461.0216923076923,0
pQyNKRHbjRA_1-1822,574,1,352.0,378.0,284.0,279.6,gaze_shift,1005.785,752.8186666666667,1
pQyNKRHbjRA_1-1822,574,2,1303.8,88.6,296.0,332.0,inside_visible,574.0391538461538,458.8678461538461,0
pQyNKRHbjRA_1-1822,575,1,352.0,378.0,284.0,278.0,gaze_shift,1003.63275,751.1753333333334,1
pQyNKRHbjRA_1-1822,575,2,1307.0,87.0,296.0,332.0,inside_visible,573.193,456.714,0
pQyNKRHbjRA_1-1822,576,1,349.0,372.625,285.0,278.0,gaze_shift,1001.4805,749.532,1
pQyNKRHbjRA_1-1822,576,2,1308.7777777777778,85.55555555555556,296.0,332.0,inside_visible,572.3468461538462,454.56015384615387,0
pQyNKRHbjRA_1-1822,577,1,346.0,367.25,286.0,278.0,gaze_shift,999.32825,747.8886666666667,1
pQyNKRHbjRA_1-1822,577,2,1310.5555555555557,84.11111111111111,296.0,332.0,inside_visible,571.5006923076922,452.4063076923077,0
pQyNKRHbjRA_1-1822,578,1,343.0,361.875,287.0,278.0,gaze_shift,997.176,746.2453333333334,1
pQyNKRHbjRA_1-1822,578,2,1312.3333333333333,82.66666666666667,296.0,332.0,inside_visible,570.6545384615384,450.2524615384616,0
pQyNKRHbjRA_1-1822,579,1,340.0,356.5,288.0,278.0,gaze_shift,995.02375,744.6020000000001,1
pQyNKRHbjRA_1-1822,579,2,1314.111111111111,81.22222222222223,296.0,332.0,inside_visible,569.8083846153846,448.0986153846154,0
pQyNKRHbjRA_1-1822,580,1,337.0,351.125,289.0,278.0,gaze_shift,992.8715,742.9586666666667,1
pQyNKRHbjRA_1-1822,580,2,1315.888888888889,79.77777777777777,296.0,332.0,inside_visible,568.9622307692307,445.9447692307692,0
pQyNKRHbjRA_1-1822,581,1,334.0,345.75,290.0,278.0,gaze_shift,990.71925,741.3153333333333,1
pQyNKRHbjRA_1-1822,581,2,1317.6666666666667,78.33333333333333,296.0,332.0,inside_visible,568.1160769230769,443.7909230769231,0
pQyNKRHbjRA_1-1822,582,1,331.0,340.375,291.0,278.0,gaze_shift,988.567,739.672,1
pQyNKRHbjRA_1-1822,582,2,1319.4444444444443,76.88888888888889,296.0,332.0,inside_visible,567.2699230769231,441.6370769230769,0
pQyNKRHbjRA_1-1822,583,1,328.0,335.0,292.0,278.0,inside_visible,1045.277,531.543,1
pQyNKRHbjRA_1-1822,583,2,1321.2222222222222,75.44444444444444,296.0,332.0,inside_visible,566.4237692307693,439.4832307692308,0
pQyNKRHbjRA_1-1822,584,1,320.0,330.0,300.0,278.0,inside_visible,1044.367909090909,527.543,1
pQyNKRHbjRA_1-1822,584,2,1323.0,74.0,296.0,332.0,inside_visible,565.5776153846153,437.3293846153846,0
pQyNKRHbjRA_1-1822,585,1,317.0,324.0,300.0,278.0,inside_visible,1043.4588181818183,523.543,1
pQyNKRHbjRA_1-1822,585,2,1329.5,72.5,296.0,332.0,inside_visible,564.7314615384615,435.1755384615385,0
pQyNKRHbjRA_1-1822,586,1,314.3333333333333,326.0,300.00000000000006,278.0,inside_visible,1042.5497272727273,519.543,1
pQyNKRHbjRA_1-1822,586,2,1336.0,71.0,296.0,332.0,inside_visible,563.8853076923077,433.0216923076923,0
pQyNKRHbjRA_1-1822,587,1,311.6666666666667,328.0,299.99999999999994,278.0,inside_visible,1041.6406363636363,515.543,1
pQyNKRHbjRA_1-1822,587,2,1339.2,68.4,296.0,332.0,inside_visible,563.0391538461538,430.8678461538461,0
pQyNKRHbjRA_1-1822,588,1,309.0,330.0,300.0,278.0,inside_visible,1040.7315454545455,511.543,1
pQyNKRHbjRA_1-1822,588,2,1342.4,65.8,296.0,332.0,inside_visible,562.193,428.714,0
pQyNKRHbjRA_1-1822,589,1,308.0,328.6666666666667,300.0,277.99999999999994,inside_visible,1039.8224545454543,507.543,1
pQyNKRHbjRA_1-1822,589,2,1345.6,63.2,296.0,332.0,inside_visible,557.693,420.714,0
pQyNKRHbjRA_1-1822,590,1,307.0,327.3333333333333,300.0,278.00000000000006,inside_visible,1038.9133636363638,503.543,1
pQyNKRHbjRA_1-1822,590,2,1348.8,60.6,296.0,332.0,inside_visible,553.193,412.714,0
pQyNKRHbjRA_1-1822,591,1,306.0,326.0,300.0,278.0,inside_visible,1038.0042727272728,499.543,1
pQyNKRHbjRA_1-1822,591,2,1352.0,58.0,296.0,332.0,inside_visible,548.693,404.714,0
pQyNKRHbjRA_1-1822,592,1,307.5,323.75,300.0,278.0,inside_visible,1037.0951818181818,495.543,1
pQyNKRHbjRA_1-1822,592,2,1354.6666666666667,56.66666666666666,296.0,332.0,inside_visible,544.193,396.714,0
pQyNKRHbjRA_1-1822,593,1,309.0,321.5,300.0,278.0,inside_visible,1036.186090909091,491.543,1
pQyNKRHbjRA_1-1822,593,2,1357.3333333333333,55.333333333333336,296.0,332.0,inside_visible,544.1284838709677,396.1333548387097,0
pQyNKRHbjRA_1-1822,594,1,310.5,319.25,300.0,278.0,inside_visible,1035.277,487.543,1
pQyNKRHbjRA_1-1822,594,2,1360.0,54.0,296.0,332.0,inside_visible,544.0639677419355,395.5527096774193,0
pQyNKRHbjRA_1-1822,595,1,312.0,317.0,300.0,278.0,inside_visible,1026.277,477.043,1
pQyNKRHbjRA_1-1822,595,2,1362.6666666666667,52.66666666666666,296.0,332.0,inside_visible,543.9994516129032,394.972064516129,0
pQyNKRHbjRA_1-1822,596,1,312.0,317.0,299.44444444444446,277.1111111111111,inside_visible,1017.277,466.543,1
pQyNKRHbjRA_1-1822,596,2,1365.3333333333333,51.333333333333336,296.0,332.0,inside_visible,543.934935483871,394.3914193548387,0
pQyNKRHbjRA_1-1822,597,1,312.0,317.0,298.8888888888889,276.2222222222222,inside_visible,1008.277,456.043,1
pQyNKRHbjRA_1-1822,597,2,1368.0,50.0,296.0,332.0,inside_visible,543.8704193548386,393.8107741935484,0
pQyNKRHbjRA_1-1822,598,1,312.0,317.0,298.33333333333337,275.33333333333337,inside_visible,999.277,445.543,1
pQyNKRHbjRA_1-1822,598,2,1369.4615384615386,49.61538461538461,296.0,332.0,inside_visible,543.8059032258064,393.2301290322581,0
pQyNKRHbjRA_1-1822,599,1,312.0,317.0,297.7777777777778,274.44444444444446,inside_visible,1000.5283,445.80823333333336,1
pQyNKRHbjRA_1-1822,599,2,1370.923076923077,49.23076923076923,296.0,332.0,inside_visible,543.7413870967741,392.6494838709677,0
pQyNKRHbjRA_1-1822,600,1,312.0,317.0,297.2222222222222,273.55555555555554,inside_visible,1001.7796,446.07346666666666,1
pQyNKRHbjRA_1-1822,600,2,1372.3846153846157,48.84615384615385,296.0,332.0,inside_visible,543.6768709677419,392.06883870967744,0
pQyNKRHbjRA_1-1822,601,1,312.0,317.0,296.66666666666663,272.66666666666663,inside_visible,1003.0309,446.3387,1
pQyNKRHbjRA_1-1822,601,2,1373.8461538461538,48.46153846153846,296.0,332.0,inside_visible,543.6123548387096,391.4881935483871,0
pQyNKRHbjRA_1-1822,602,1,312.0,317.0,296.1111111111111,271.7777777777778,inside_visible,1004.2822,446.6039333333333,1
pQyNKRHbjRA_1-1822,602,2,1375.3076923076924,48.07692307692308,296.0,332.0,inside_visible,543.5478387096774,390.9075483870968,0
pQyNKRHbjRA_1-1822,603,1,312.0,317.0,295.55555555555554,270.8888888888889,inside_visible,1005.5335,446.8691666666667,1
pQyNKRHbjRA_1-1822,603,2,1376.7692307692307,47.69230769230769,296.0,332.0,inside_visible,543.4833225806451,390.32690322580646,0
pQyNKRHbjRA_1-1822,604,1,312.0,317.0,295.0,270.0,inside_visible,1006.7848,447.1344,1
pQyNKRHbjRA_1-1822,604,2,1378.2307692307693,47.30769230769231,296.0,332.0,inside_visible,543.4188064516129,389.74625806451616,0
pQyNKRHbjRA_1-1822,605,1,312.0,317.0,294.16666666666663,267.33333333333337,inside_visible,1008.0361,447.3996333333333,1
pQyNKRHbjRA_1-1822,605,2,1379.6923076923076,46.92307692307692,296.0,332.0,inside_visible,543.3542903225806,389.1656129032258,0
pQyNKRHbjRA_1-1822,606,1,312.0,317.0,293.33333333333337,264.66666666666663,inside_visible,1009.2874,447.6648666666667,1
pQyNKRHbjRA_1-1822,606,2,1381.1538461538462,46.53846153846154,296.0,332.0,inside_visible,543.2897741935484,388.5849677419355,0
pQyNKRHbjRA_1-1822,607,1,312.0,317.0,292.5,262.0,inside_visible,1010.5387,447.9301,1
pQyNKRHbjRA_1-1822,607,2,1382.6153846153843,46.15384615384615,296.0,332.0,inside_visible,543.2252580645161,388.0043225806452,0
pQyNKRHbjRA_1-1822,608,1,312.0,317.0,291.66666666666663,259.33333333333337,inside_visible,1011.79,448.1953333333333,1
pQyNKRHbjRA_1-1822,608,2,1384.076923076923,45.76923076923077,296.0,332.0,inside_visible,543.1607419354839,387.4236774193548,0
pQyNKRHbjRA_1-1822,609,1,312.0,317.0,290.83333333333337,256.66666666666663,inside_visible,1013.0413,448.4605666666667,1
pQyNKRHbjRA_1-1822,609,2,1385.5384615384614,45.38461538461539,296.0,332.0,inside_visible,543.0962258064516,386.8430322580645,0
pQyNKRHbjRA_1-1822,610,1,312.0,317.0,290.0,254.0,inside_visible,1014.2926,448.7258,1
pQyNKRHbjRA_1-1822,610,2,1387.0,45.0,296.0,332.0,inside_visible,543.0317096774194,386.2623870967742,0
pQyNKRHbjRA_1-1822,611,1,313.3333333333333,314.3333333333333,290.00000000000006,254.00000000000009,inside_visible,1015.5439,448.99103333333335,1
pQyNKRHbjRA_1-1822,611,2,1387.0,45.0,296.75,330.75,inside_visible,542.9671935483871,385.68174193548384,0
pQyNKRHbjRA_1-1822,612,1,314.6666666666667,311.6666666666667,289.99999999999994,253.99999999999997,inside_visible,1016.7952,449.25626666666665,1
pQyNKRHbjRA_1-1822,612,2,1387.0,45.0,297.5,329.5,inside_visible,542.9026774193549,385.1010967741936,0
pQyNKRHbjRA_1-1822,613,1,316.0,309.0,290.0,254.0,inside_visible,1018.0465,449.5215,1
pQyNKRHbjRA_1-1822,613,2,1387.0,45.0,298.25,328.25,inside_visible,542.8381612903225,384.5204516129032,0
pQyNKRHbjRA_1-1822,614,1,317.3333333333333,306.3333333333333,290.00000000000006,254.00000000000009,inside_visible,1019.2978,449.78673333333336,1
pQyNKRHbjRA_1-1822,614,2,1387.0,45.0,299.0,327.0,inside_visible,542.7736451612903,383.9398064516129,0
pQyNKRHbjRA_1-1822,615,1,318.6666666666667,303.6666666666667,289.99999999999994,253.99999999999997,inside_visible,1020.5491,450.05196666666666,1
pQyNKRHbjRA_1-1822,615,2,1387.695652173913,45.0,299.0,327.0,inside_visible,542.709129032258,383.35916129032256,0
pQyNKRHbjRA_1-1822,616,1,320.0,301.0,290.0,254.0,inside_visible,1021.8004,450.3172,1
pQyNKRHbjRA_1-1822,616,2,1388.391304347826,45.0,299.0,327.0,inside_visible,542.6446129032258,382.77851612903225,0
pQyNKRHbjRA_1-1822,617,1,320.8888888888889,299.77777777777777,290.0,254.00000000000009,inside_visible,1023.0517,450.5824333333333,1
pQyNKRHbjRA_1-1822,617,2,1389.0869565217392,45.0,299.0,327.0,inside_visible,542.5800967741935,382.197870967742,0
pQyNKRHbjRA_1-1822,618,1,321.77777777777777,298.55555555555554,290.00000000000006,254.0,inside_visible,1024.303,450.8476666666666,1
pQyNKRHbjRA_1-1822,618,2,1389.7826086956522,45.0,299.0,327.0,inside_visible,542.5155806451613,381.6172258064516,0
pQyNKRHbjRA_1-1822,619,1,322.6666666666667,297.3333333333333,289.99999999999994,254.00000000000009,inside_visible,1025.5543,451.1129,1
pQyNKRHbjRA_1-1822,619,2,1390.4782608695652,45.0,299.0,327.0,inside_visible,542.451064516129,381.0365806451613,0
pQyNKRHbjRA_1-1822,620,1,323.55555555555554,296.1111111111111,290.0,254.0,inside_visible,1026.8056,451.3781333333333,1
pQyNKRHbjRA_1-1822,620,2,1391.1739130434785,45.0,299.0,327.0,inside_visible,542.3865483870968,380.455935483871,0
pQyNKRHbjRA_1-1822,621,1,324.44444444444446,294.8888888888889,290.0,254.0,inside_visible,1028.0569,451.6433666666667,1
pQyNKRHbjRA_1-1822,621,2,1391.8695652173913,45.0,299.0,327.0,inside_visible,542.3220322580645,379.8752903225807,0
pQyNKRHbjRA_1-1822,622,1,325.3333333333333,293.6666666666667,290.00000000000006,253.99999999999997,inside_visible,1029.3082,451.9086,1
pQyNKRHbjRA_1-1822,622,2,1392.5652173913045,45.0,299.0,327.0,inside_visible,542.2575161290323,379.2946451612903,0
pQyNKRHbjRA_1-1822,623,1,326.22222222222223,292.44444444444446,289.99999999999994,254.0,inside_visible,1030.5595,452.1738333333333,1
pQyNKRHbjRA_1-1822,623,2,1393.2608695652175,45.0,299.0,327.0,inside_visible,542.193,378.714,0
pQyNKRHbjRA_1-1822,624,1,327.1111111111111,291.22222222222223,290.0,253.99999999999997,inside_visible,1031.8108,452.4390666666667,1
pQyNKRHbjRA_1-1822,624,2,1393.9565217391305,45.0,299.0,327.0,inside_visible,543.9657272727272,377.3958181818182,0
pQyNKRHbjRA_1-1822,625,1,328.0,290.0,290.0,254.0,inside_visible,1033.0621,452.7043,1
pQyNKRHbjRA_1-1822,625,2,1394.6521739130435,45.0,299.0,327.0,inside_visible,545.7384545454545,376.0776363636364,0
pQyNKRHbjRA_1-1822,626,1,326.6666666666667,289.5,289.99999999999994,254.0,gaze_shift,1034.3134,452.96953333333335,1
pQyNKRHbjRA_1-1822,626,2,1395.3478260869565,45.0,299.0,327.0,inside_visible,547.5111818181819,374.75945454545456,0
pQyNKRHbjRA_1-1822,627,1,325.3333333333333,289.0,290.00000000000006,254.0,gaze_shift,1035.5647,453.2347666666666,1
pQyNKRHbjRA_1-1822,627,2,1396.0434782608695,45.0,299.0,327.0,inside_visible,549.2839090909091,373.4412727272728,0
pQyNKRHbjRA_1-1822,628,1,324.0,288.5,290.0,254.0,gaze_shift,1036.816,453.5,1
pQyNKRHbjRA_1-1822,628,2,1396.7391304347825,45.0,299.0,327.0,inside_visible,551.0566363636364,372.1230909090909,0
pQyNKRHbjRA_1-1822,629,1,322.6666666666667,288.0,289.99999999999994,254.0,gaze_shift,998.801,412.432,1
pQyNKRHbjRA_1-1822,629,2,1397.4347826086955,45.0,299.0,327.0,inside_visible,552.8293636363636,370.80490909090906,0
pQyNKRHbjRA_1-1822,630,1,321.3333333333333,287.5,290.00000000000006,254.0,gaze_shift,999.6805,413.7905,1
pQyNKRHbjRA_1-1822,630,2,1398.1304347826087,45.0,299.0,327.0,inside_visible,554.6020909090909,369.4867272727273,0
pQyNKRHbjRA_1-1822,631,1,320.0,287.0,290.0,254.0,gaze_shift,1000.56,415.149,1
pQyNKRHbjRA_1-1822,631,2,1398.8260869565215,45.0,299.0,327.0,inside_visible,556.3748181818181,368.16854545454544,0
pQyNKRHbjRA_1-1822,632,1,318.55555555555554,287.0,290.0,254.0,gaze_shift,1001.4395,416.5075,1
pQyNKRHbjRA_1-1822,632,2,1399.5217391304348,45.0,299.0,327.0,inside_visible,558.1475454545455,366.8503636363636,0
pQyNKRHbjRA_1-1822,633,1,317.1111111111111,287.0,290.0,254.0,gaze_shift,1002.319,417.866,1
pQyNKRHbjRA_1-1822,633,2,1400.2173913043478,45.0,299.0,327.0,inside_visible,559.9202727272727,365.5321818181818,0
pQyNKRHbjRA_1-1822,634,1,315.6666666666667,287.0,289.99999999999994,254.0,inside_visible,1168.199,544.225,1
pQyNKRHbjRA_1-1822,634,2,1400.9130434782608,45.0,299.0,327.0,inside_visible,561.693,364.214,0
pQyNKRHbjRA_1-1822,635,1,314.22222222222223,287.0,289.99999999999994,254.0,inside_visible,1178.879,553.25,1
pQyNKRHbjRA_1-1822,635,2,1401.608695652174,45.0,299.0,327.0,inside_visible,1124.193,456.714,0
pQyNKRHbjRA_1-1822,636,1,312.77777777777777,287.0,290.00000000000006,254.0,inside_visible,1172.892,542.942,1
pQyNKRHbjRA_1-1822,636,2,1402.304347826087,45.0,299.0,327.0,inside_visible,1175.719,602.636,0
pQyNKRHbjRA_1-1822,637,1,311.3333333333333,287.0,290.00000000000006,254.0,inside_visible,1176.238,539.3,1
pQyNKRHbjRA_1-1822,637,2,1403.0,45.0,299.0,327.0,inside_visible,1175.719,604.90275,0
pQyNKRHbjRA_1-1822,638,1,309.8888888888889,287.0,290.0,254.0,inside_visible,1178.5845,545.1585,1
pQyNKRHbjRA_1-1822,638,2,1403.5238095238096,45.0,299.0,327.3809523809524,inside_visible,1175.719,607.1695,0
pQyNKRHbjRA_1-1822,639,1,308.44444444444446,287.0,290.0,254.0,inside_visible,1180.931,551.017,1
pQyNKRHbjRA_1-1822,639,2,1404.047619047619,45.0,299.0,327.7619047619048,inside_visible,1175.719,609.43625,0
pQyNKRHbjRA_1-1822,640,1,307.0,287.0,290.0,254.0,inside_visible,1179.277,538.876,1
pQyNKRHbjRA_1-1822,640,2,1404.571428571429,45.0,299.0,328.1428571428572,inside_visible,1175.719,611.703,0
pQyNKRHbjRA_1-1822,641,1,296.0,287.0,290.0,254.0,inside_visible,1176.229,542.876,1
pQyNKRHbjRA_1-1822,641,2,1405.095238095238,45.0,299.0,328.5238095238095,inside_visible,1275.719,677.303,0
pQyNKRHbjRA_1-1822,642,1,297.6,285.7,290.0,254.00000000000009,inside_visible,1174.515,542.876,1
pQyNKRHbjRA_1-1822,642,2,1405.6190476190477,45.0,299.0,328.9047619047619,inside_visible,1275.2139545454545,675.6742272727273,0
pQyNKRHbjRA_1-1822,643,1,299.2,284.4,290.00000000000006,254.0,inside_visible,1184.001,544.076,1
pQyNKRHbjRA_1-1822,643,2,1406.142857142857,45.0,299.0,329.2857142857143,inside_visible,1274.7089090909092,674.0454545454545,0
pQyNKRHbjRA_1-1822,644,1,300.8,283.1,289.99999999999994,254.0,inside_visible,1168.487,539.776,1
pQyNKRHbjRA_1-1822,644,2,1406.6666666666667,45.0,299.0,329.6666666666667,inside_visible,1274.2038636363636,672.4166818181818,0
pQyNKRHbjRA_1-1822,645,1,302.4,281.8,290.0,253.99999999999997,inside_visible,1183.639,542.809,1
pQyNKRHbjRA_1-1822,645,2,1407.190476190476,45.0,299.0,330.04761904761904,inside_visible,1273.6988181818183,670.7879090909091,0
pQyNKRHbjRA_1-1822,646,1,304.0,280.5,290.0,254.0,gaze_shift,1174.791,550.843,1
pQyNKRHbjRA_1-1822,646,2,1407.7142857142858,45.0,299.0,330.42857142857144,inside_visible,1273.1937727272727,669.1591363636363,0
pQyNKRHbjRA_1-1822,647,1,305.6,279.2,290.0,254.00000000000009,gaze_shift,961.944,398.876,1
pQyNKRHbjRA_1-1822,647,2,1408.2380952380952,45.0,299.0,330.8095238095238,inside_visible,1272.6887272727272,667.5303636363636,0
pQyNKRHbjRA_1-1822,648,1,307.2,277.9,290.00000000000006,254.0,inside_visible,959.9838285714284,398.28905714285713,1
pQyNKRHbjRA_1-1822,648,2,1408.7619047619048,45.0,299.0,331.1904761904762,inside_visible,1272.183681818182,665.9015909090909,0
pQyNKRHbjRA_1-1822,649,1,308.8,276.6,289.99999999999994,254.0,inside_visible,958.0236571428572,397.7021142857143,1
pQyNKRHbjRA_1-1822,649,2,1409.2857142857142,45.0,299.0,331.57142857142856,inside_visible,1271.6786363636363,664.2728181818181,0
pQyNKRHbjRA_1-1822,650,1,310.4,275.3,290.0,253.99999999999997,inside_visible,956.0634857142855,397.1151714285714,1
pQyNKRHbjRA_1-1822,650,2,1409.809523809524,45.0,299.0,331.95238095238096,inside_visible,1271.173590909091,662.6440454545454,0
pQyNKRHbjRA_1-1822,651,1,312.0,274.0,290.0,254.0,inside_visible,954.1033142857142,396.5282285714285,1
pQyNKRHbjRA_1-1822,651,2,1410.3333333333333,45.0,299.0,332.3333333333333,inside_visible,1270.6685454545454,661.0152727272728,0
pQyNKRHbjRA_1-1822,652,1,314.75,274.0,290.0,254.0,inside_visible,952.1431428571428,395.9412857142857,1
pQyNKRHbjRA_1-1822,652,2,1410.857142857143,45.0,299.0,332.7142857142857,inside_visible,1270.1635,659.3865000000001,0
pQyNKRHbjRA_1-1822,653,1,317.5,274.0,290.0,254.0,inside_visible,950.1829714285714,395.35434285714285,1
pQyNKRHbjRA_1-1822,653,2,1411.3809523809523,45.0,299.0,333.0952380952381,inside_visible,1269.6584545454546,657.7577272727273,0
pQyNKRHbjRA_1-1822,654,1,320.25,274.0,290.0,254.0,inside_visible,948.2228,394.7674,1
pQyNKRHbjRA_1-1822,654,2,1411.904761904762,45.0,299.0,333.4761904761905,inside_visible,1269.153409090909,656.1289545454546,0
pQyNKRHbjRA_1-1822,655,1,323.0,274.0,290.0,254.0,inside_visible,946.2626285714284,394.1804571428571,1
pQyNKRHbjRA_1-1822,655,2,1412.428571428571,45.0,299.0,333.85714285714283,inside_visible,1268.6483636363637,654.5001818181819,0
pQyNKRHbjRA_1-1822,656,1,327.75,275.25,290.0,254.0,inside_visible,944.3024571428572,393.5935142857143,1
pQyNKRHbjRA_1-1822,656,2,1412.952380952381,45.0,299.0,334.23809523809524,inside_visible,1268.143318181818,652.8714090909091,0
pQyNKRHbjRA_1-1822,657,1,332.5,276.5,290.0,254.0,inside_visible,942.3422857142856,393.0065714285714,1
pQyNKRHbjRA_1-1822,657,2,1413.4761904761904,45.0,299.0,334.6190476190476,inside_visible,1267.6382727272728,651.2426363636364,0
pQyNKRHbjRA_1-1822,658,1,337.25,277.75,290.0,254.0,inside_visible,940.3821142857142,392.4196285714286,1
pQyNKRHbjRA_1-1822,658,2,1414.0,45.0,299.0,335.0,inside_visible,1267.1332272727273,649.6138636363637,0
pQyNKRHbjRA_1-1822,659,1,342.0,279.0,290.0,254.0,inside_visible,938.4219428571428,391.8326857142857,1
pQyNKRHbjRA_1-1822,659,2,1415.571428571429,44.285714285714285,299.0,335.0,inside_visible,1266.6281818181817,647.9850909090909,0
pQyNKRHbjRA_1-1822,660,1,342.0,281.6666666666667,290.0,253.99999999999997,inside_visible,936.4617714285714,391.2457428571428,1
pQyNKRHbjRA_1-1822,660,2,1417.142857142857,43.57142857142857,299.0,335.0,inside_visible,1266.1231363636364,646.3563181818182,0
pQyNKRHbjRA_1-1822,661,1,342.0,284.3333333333333,290.0,254.00000000000009,inside_visible,934.5016,390.6588,1
pQyNKRHbjRA_1-1822,661,2,1418.7142857142858,42.85714285714285,299.0,335.0,inside_visible,1265.6180909090908,644.7275454545455,0
pQyNKRHbjRA_1-1822,662,1,342.0,287.0,290.0,254.0,inside_visible,932.5414285714286,390.07185714285714,1
pQyNKRHbjRA_1-1822,662,2,1420.2857142857142,42.142857142857146,299.0,335.0,inside_visible,1265.1130454545455,643.0987727272727,0
pQyNKRHbjRA_1-1822,663,1,339.625,286.375,290.0,254.0,inside_visible,930.5812571428572,389.4849142857143,1
pQyNKRHbjRA_1-1822,663,2,1421.857142857143,41.42857142857143,299.0,335.0,inside_visible,1264.608,641.47,0
pQyNKRHbjRA_1-1822,664,1,337.25,285.75,290.0,254.0,inside_visible,928.6210857142856,388.89797142857145,1
pQyNKRHbjRA_1-1822,664,2,1423.428571428571,40.71428571428572,299.0,335.0,inside_visible,1264.608,640.137,0
pQyNKRHbjRA_1-1822,665,1,334.875,285.125,290.0,254.0,inside_visible,926.6609142857144,388.31102857142855,1
pQyNKRHbjRA_1-1822,665,2,1425.0,40.0,299.0,335.0,inside_visible,1269.1794285714286,640.9952857142856,0
pQyNKRHbjRA_1-1822,666,1,332.5,284.5,290.0,254.0,inside_visible,924.7007428571428,387.7240857142857,1
pQyNKRHbjRA_1-1822,666,2,1426.6,40.8,299.0,335.0,inside_visible,1273.750857142857,641.8535714285714,0
pQyNKRHbjRA_1-1822,667,1,330.125,283.875,290.0,254.0,inside_visible,922.7405714285712,387.13714285714286,1
pQyNKRHbjRA_1-1822,667,2,1428.2,41.6,299.0,335.0,inside_visible,1278.3222857142855,642.7118571428571,0
pQyNKRHbjRA_1-1822,668,1,327.75,283.25,290.0,254.0,inside_visible,920.7804,386.5502,1
pQyNKRHbjRA_1-1822,668,2,1429.8,42.4,299.0,335.0,inside_visible,1282.8937142857142,643.5701428571429,0
pQyNKRHbjRA_1-1822,669,1,325.375,282.625,290.0,254.0,inside_visible,918.8202285714284,385.9632571428572,1
pQyNKRHbjRA_1-1822,669,2,1431.4,43.2,299.0,335.0,inside_visible,1287.4651428571428,644.4284285714285,0
pQyNKRHbjRA_1-1822,670,1,323.0,282.0,290.0,254.0,gaze_shift,916.8600571428572,385.3763142857143,1
pQyNKRHbjRA_1-1822,670,2,1433.0,44.0,299.0,335.0,inside_visible,1292.0365714285713,645.2867142857143,0
pQyNKRHbjRA_1-1822,671,1,320.25,282.0,290.0,254.0,gaze_shift,914.8998857142856,384.7893714285714,1
pQyNKRHbjRA_1-1822,671,2,1434.6,44.8,299.0,335.0,inside_visible,1296.608,646.145,0
pQyNKRHbjRA_1-1822,672,1,317.5,282.0,290.0,254.0,gaze_shift,912.9397142857142,384.2024285714286,1
pQyNKRHbjRA_1-1822,672,2,1436.2,45.6,299.0,335.0,inside_visible,1298.1794285714286,645.0021428571429,0
pQyNKRHbjRA_1-1822,673,1,314.75,282.0,290.0,254.0,gaze_shift,910.9795428571427,383.61548571428574,1
pQyNKRHbjRA_1-1822,673,2,1437.8,46.4,299.0,335.0,inside_visible,1299.750857142857,643.8592857142856,0
pQyNKRHbjRA_1-1822,674,1,312.0,282.0,290.0,254.0,gaze_shift,909.0193714285714,383.0285428571429,1
pQyNKRHbjRA_1-1822,674,2,1439.4,47.2,299.0,335.0,inside_visible,1301.3222857142855,642.7164285714285,0
pQyNKRHbjRA_1-1822,675,1,314.6666666666667,282.0,289.99999999999994,254.0,gaze_shift,907.0592,382.4416,1
pQyNKRHbjRA_1-1822,675,2,1441.0,48.0,299.0,335.0,inside_visible,1302.8937142857142,641.5735714285714,0
pQyNKRHbjRA_1-1822,676,1,317.3333333333333,282.0,290.00000000000006,254.0,inside_uncertain,905.0990285714286,381.8546571428572,1
pQyNKRHbjRA_1-1822,676,2,1441.0,48.0,299.0,339.0,inside_visible,1304.4651428571428,640.4307142857143,0
pQyNKRHbjRA_1-1822,677,1,320.0,282.0,290.0,254.0,inside_uncertain,903.1388571428572,381.2677142857143,1
pQyNKRHbjRA_1-1822,677,2,1441.0,48.0,299.0,343.0,inside_visible,1306.0365714285713,639.2878571428571,0
pQyNKRHbjRA_1-1822,678,1,322.6666666666667,282.0,289.99999999999994,254.0,inside_uncertain,901.1786857142856,380.68077142857146,1
pQyNKRHbjRA_1-1822,678,2,1441.0,48.0,299.0,347.0,inside_visible,1307.608,638.145,0
pQyNKRHbjRA_1-1822,679,1,325.3333333333333,282.0,290.00000000000006,254.0,gaze_shift,899.2185142857143,380.0938285714286,1
pQyNKRHbjRA_1-1822,679,2,1441.0,48.0,299.0,351.0,inside_visible,1309.1794285714286,637.0021428571429,0
pQyNKRHbjRA_1-1822,680,1,328.0,282.0,290.0,254.0,gaze_shift,897.2583428571428,379.5068857142857,1
pQyNKRHbjRA_1-1822,680,2,1443.75,46.75,299.0,351.0,inside_visible,1310.750857142857,635.8592857142856,0
pQyNKRHbjRA_1-1822,681,1,330.6666666666667,282.0,289.99999999999994,254.0,gaze_shift,895.2981714285714,378.91994285714287,1
pQyNKRHbjRA_1-1822,681,2,1446.5,45.5,299.0,351.0,inside_visible,1312.3222857142855,634.7164285714285,0
pQyNKRHbjRA_1-1822,682,1,333.3333333333333,282.0,290.00000000000006,254.0,gaze_shift,893.338,378.333,1
pQyNKRHbjRA_1-1822,682,2,1449.25,44.25,299.0,351.0,inside_visible,1313.8937142857142,633.5735714285714,0
pQyNKRHbjRA_1-1822,683,1,336.0,282.0,290.0,254.0,inside_visible,1210.235,536.146,1
pQyNKRHbjRA_1-1822,683,2,1452.0,43.0,299.0,351.0,inside_visible,1315.4651428571428,632.4307142857143,0
pQyNKRHbjRA_1-1822,684,1,337.5,282.0,290.0,254.0,inside_visible,1214.1066666666666,537.7873333333333,1
pQyNKRHbjRA_1-1822,684,2,1448.3333333333333,43.0,299.0,351.0,inside_visible,1317.0365714285713,631.2878571428571,0
pQyNKRHbjRA_1-1822,685,1,339.0,282.0,290.0,254.0,inside_visible,1217.9783333333332,539.4286666666667,1
pQyNKRHbjRA_1-1822,685,2,1444.6666666666667,43.0,299.0,351.0,inside_uncertain,1318.608,630.145,0
pQyNKRHbjRA_1-1822,686,1,340.5,282.0,290.0,254.0,inside_visible,1221.85,541.07,1
pQyNKRHbjRA_1-1822,686,2,1441.0,43.0,299.0,351.0,inside_uncertain,1321.008,633.9449999999999,0
pQyNKRHbjRA_1-1822,687,1,342.0,282.0,290.0,254.0,inside_visible,1215.6516666666666,539.3430000000001,1
pQyNKRHbjRA_1-1822,687,2,1437.3333333333333,43.0,299.0,351.0,inside_uncertain,1323.408,637.745,0
pQyNKRHbjRA_1-1822,688,1,343.6,282.0,290.0,254.0,inside_visible,1209.4533333333334,537.616,1
pQyNKRHbjRA_1-1822,688,2,1433.6666666666667,43.0,299.0,351.0,inside_uncertain,1325.808,641.545,0
pQyNKRHbjRA_1-1822,689,1,345.2,282.0,290.00000000000006,254.0,inside_visible,1203.255,535.889,1
pQyNKRHbjRA_1-1822,689,2,1430.0,43.0,299.0,351.0,inside_uncertain,1328.208,645.345,0
pQyNKRHbjRA_1-1822,690,1,346.8,282.0,289.99999999999994,254.0,gaze_shift,1108.6815,481.74525,1
pQyNKRHbjRA_1-1822,690,2,1422.6666666666667,52.0,297.33333333333326,341.3333333333333,gaze_shift,1330.608,649.145,0
pQyNKRHbjRA_1-1822,691,1,348.4,282.0,290.0,254.0,gaze_shift,1014.108,427.6015,1
pQyNKRHbjRA_1-1822,691,2,1415.3333333333333,61.0,295.66666666666674,331.6666666666667,gaze_shift,1333.008,652.9449999999999,0
pQyNKRHbjRA_1-1822,692,1,350.0,282.0,290.0,254.0,gaze_shift,919.5345,373.45775,1
pQyNKRHbjRA_1-1822,692,2,1408.0,70.0,294.0,322.0,gaze_shift,1335.408,656.745,0
pQyNKRHbjRA_1-1822,693,1,350.5,280.6666666666667,290.0,253.99999999999997,inside_visible,824.961,319.314,1
pQyNKRHbjRA_1-1822,693,2,1405.3333333333333,72.66666666666667,294.0,322.0,gaze_shift,1337.808,660.545,0
pQyNKRHbjRA_1-1822,694,1,351.0,279.3333333333333,290.0,254.00000000000009,inside_visible,818.3876666666666,323.17033333333336,1
pQyNKRHbjRA_1-1822,694,2,1402.6666666666667,75.33333333333333,294.0,322.0,gaze_shift,1340.208,664.345,0
pQyNKRHbjRA_1-1822,695,1,351.5,278.0,290.0,254.0,inside_visible,811.8143333333334,327.02666666666664,1
pQyNKRHbjRA_1-1822,695,2,1400.0,78.0,294.0,322.0,gaze_shift,1342.608,668.145,0
pQyNKRHbjRA_1-1822,696,1,352.0,276.6666666666667,290.0,253.99999999999997,inside_visible,805.241,330.883,1
pQyNKRHbjRA_1-1822,696,2,1394.5,78.75,294.0,322.0,gaze_shift,1304.911,654.2056666666666,0
pQyNKRHbjRA_1-1822,697,1,352.5,275.3333333333333,290.0,254.00000000000009,inside_visible,834.5058888888889,345.2711111111111,1
pQyNKRHbjRA_1-1822,697,2,1389.0,79.5,294.0,322.0,gaze_shift,1267.214,640.2663333333334,0
pQyNKRHbjRA_1-1822,698,1,353.0,274.0,290.0,254.0,gaze_shift,863.7707777777778,359.6592222222222,1
pQyNKRHbjRA_1-1822,698,2,1383.5,80.25,294.0,322.0,inside_visible,1229.517,626.327,0
pQyNKRHbjRA_1-1822,699,1,353.5,276.1666666666667,290.0,253.99999999999997,gaze_shift,893.0356666666667,374.0473333333333,1
pQyNKRHbjRA_1-1822,699,2,1378.0,81.0,294.0,322.0,inside_visible,1221.153375,624.30425,0
pQyNKRHbjRA_1-1822,700,1,354.0,278.3333333333333,290.0,254.00000000000009,gaze_shift,922.3005555555555,388.4354444444445,1
pQyNKRHbjRA_1-1822,700,2,1376.75,79.0,294.0,322.0,inside_visible,1212.78975,622.2815,0
pQyNKRHbjRA_1-1822,701,1,354.5,280.5,290.0,254.0,gaze_shift,951.5654444444444,402.8235555555556,1
pQyNKRHbjRA_1-1822,701,2,1375.5,77.0,294.0,322.0,inside_visible,1204.426125,620.25875,0
pQyNKRHbjRA_1-1822,702,1,355.0,282.6666666666667,290.0,253.99999999999997,gaze_shift,980.8303333333332,417.2116666666666,1
pQyNKRHbjRA_1-1822,702,2,1374.25,75.0,294.0,322.0,inside_visible,1196.0625,618.236,0
pQyNKRHbjRA_1-1822,703,1,355.5,284.8333333333333,290.0,254.00000000000009,gaze_shift,1010.0952222222222,431.5997777777778,1
pQyNKRHbjRA_1-1822,703,2,1373.0,73.0,294.0,322.0,inside_visible,1187.698875,616.21325,0
pQyNKRHbjRA_1-1822,704,1,356.0,287.0,290.0,254.0,gaze_shift,1039.360111111111,445.9878888888889,1
pQyNKRHbjRA_1-1822,704,2,1371.0,73.0,294.0,322.0,inside_visible,1179.33525,614.1904999999999,0
pQyNKRHbjRA_1-1822,705,1,347.0,289.6666666666667,290.0,256.6666666666667,gaze_shift,1068.625,460.376,1
pQyNKRHbjRA_1-1822,705,2,1369.0,73.0,294.0,322.0,inside_visible,1170.971625,612.16775,0
pQyNKRHbjRA_1-1822,706,1,338.0,292.3333333333333,290.0,259.3333333333333,inside_visible,1393.156,180.937,1
pQyNKRHbjRA_1-1822,706,2,1367.0,73.0,294.0,322.0,inside_visible,1162.608,610.145,0
pQyNKRHbjRA_1-1822,707,1,329.0,295.0,290.0,262.0,inside_visible,1387.055,192.8336666666667,1
pQyNKRHbjRA_1-1822,707,2,1365.0,73.0,294.0,322.0,inside_visible,1152.168,610.1595,0
pQyNKRHbjRA_1-1822,708,1,319.0,297.6666666666667,290.0,261.99999999999994,inside_visible,1380.954,204.73033333333333,1
pQyNKRHbjRA_1-1822,708,2,1349.0,68.0,294.0,322.0,inside_visible,1141.728,610.174,0
pQyNKRHbjRA_1-1822,709,1,309.0,300.3333333333333,290.0,262.00000000000006,inside_visible,1374.853,216.627,1
pQyNKRHbjRA_1-1822,709,2,1340.0,69.66666666666667,294.0,322.0,inside_visible,1131.288,610.1885,0
pQyNKRHbjRA_1-1822,710,1,299.0,303.0,290.0,262.0,inside_visible,1367.54,210.54366666666667,1
pQyNKRHbjRA_1-1822,710,2,1331.0,71.33333333333333,294.0,322.0,inside_visible,1120.848,610.203,0
pQyNKRHbjRA_1-1822,711,1,289.5,307.0,290.0,262.0,inside_visible,1360.227,204.46033333333332,1
pQyNKRHbjRA_1-1822,711,2,1322.0,73.0,294.0,322.0,inside_visible,1099.848,610.203,0
pQyNKRHbjRA_1-1822,712,1,280.0,311.0,290.0,262.0,inside_visible,1352.914,198.377,1
pQyNKRHbjRA_1-1822,712,2,1314.0,73.0,294.0,322.0,gaze_shift,1078.848,610.203,0
pQyNKRHbjRA_1-1822,713,1,270.5,315.0,290.0,262.0,inside_visible,1334.9945,209.9705,1
pQyNKRHbjRA_1-1822,713,2,1306.0,73.0,294.0,322.0,gaze_shift,1064.848,613.203,0
pQyNKRHbjRA_1-1822,714,1,261.0,319.0,290.0,262.0,inside_visible,1317.075,221.564,1
pQyNKRHbjRA_1-1822,714,2,1298.0,73.0,294.0,322.0,inside_visible,494.848,408.203,0
pQyNKRHbjRA_1-1822,715,1,250.2,320.0,290.00000000000006,262.0,inside_visible,1317.697,217.60914285714284,1
pQyNKRHbjRA_1-1822,715,2,1290.0,73.0,294.0,322.0,inside_visible,486.61,409.3571666666666,0
pQyNKRHbjRA_1-1822,716,1,239.4,321.0,290.0,262.0,inside_visible,1318.319,213.6542857142857,1
pQyNKRHbjRA_1-1822,716,2,1287.0,73.625,294.0,322.0,inside_visible,478.372,410.5113333333333,0
pQyNKRHbjRA_1-1822,717,1,228.6,322.0,290.0,262.0,inside_visible,1318.941,209.69942857142857,1
pQyNKRHbjRA_1-1822,717,2,1284.0,74.25,294.0,322.0,inside_visible,470.134,411.6655,0
pQyNKRHbjRA_1-1822,718,1,217.8,323.0,290.0,262.0,gaze_shift,1319.563,205.74457142857145,1
pQyNKRHbjRA_1-1822,718,2,1281.0,74.875,294.0,322.0,inside_visible,461.896,412.81966666666665,0
pQyNKRHbjRA_1-1822,719,1,207.0,324.0,290.0,262.0,gaze_shift,1320.1850000000002,201.78971428571427,1
pQyNKRHbjRA_1-1822,719,2,1278.0,75.5,294.0,322.0,inside_visible,453.658,413.97383333333335,0
pQyNKRHbjRA_1-1822,720,1,194.33333333333331,325.6666666666667,290.0,261.99999999999994,gaze_shift,1320.807,197.83485714285715,1
pQyNKRHbjRA_1-1822,720,2,1275.0,76.125,294.0,322.0,inside_visible,445.42,415.128,0
pQyNKRHbjRA_1-1822,721,1,181.66666666666663,327.3333333333333,290.0,262.00000000000006,gaze_shift,1321.429,193.88,1
pQyNKRHbjRA_1-1822,721,2,1272.0,76.75,294.0,322.0,inside_visible,434.5033333333333,416.8661666666667,0
pQyNKRHbjRA_1-1822,722,1,169.0,329.0,290.0,262.0,gaze_shift,1301.282090909091,199.3185909090909,1
pQyNKRHbjRA_1-1822,722,2,1269.0,77.375,294.0,322.0,inside_visible,423.5866666666667,418.6043333333333,0
pQyNKRHbjRA_1-1822,723,1,166.83333333333334,329.5,290.0,262.0,inside_uncertain,1281.135181818182,204.7571818181818,1
pQyNKRHbjRA_1-1822,723,2,1266.0,78.0,294.0,322.0,inside_visible,412.67,420.3425,0
pQyNKRHbjRA_1-1822,724,1,164.66666666666666,330.0,290.0,262.0,inside_uncertain,1260.9882727272727,210.19577272727275,1
pQyNKRHbjRA_1-1822,724,2,1262.75,79.0,294.0,322.0,inside_visible,401.7533333333333,422.0806666666667,0
pQyNKRHbjRA_1-1822,725,1,162.5,330.5,290.0,262.0,inside_uncertain,1240.8413636363637,215.63436363636364,1
pQyNKRHbjRA_1-1822,725,2,1259.5,80.0,294.0,322.0,inside_visible,390.8366666666667,423.8188333333334,0
pQyNKRHbjRA_1-1822,726,1,160.33333333333334,331.0,290.0,262.0,inside_uncertain,1220.6944545454546,221.0729545454545,1
pQyNKRHbjRA_1-1822,726,2,1256.25,81.0,294.0,322.0,inside_visible,379.92,425.557,0
pQyNKRHbjRA_1-1822,727,1,158.16666666666666,331.5,290.0,262.0,inside_uncertain,1200.5475454545456,226.51154545454543,1
pQyNKRHbjRA_1-1822,727,2,1253.0,82.0,294.0,322.0,inside_visible,562.67,835.628,0
pQyNKRHbjRA_1-1822,728,1,156.0,332.0,290.0,262.0,inside_uncertain,1180.4006363636363,231.9501363636364,1
pQyNKRHbjRA_1-1822,728,2,1253.4,83.2,294.0,322.0,gaze_shift,403.42,411.128,0
pQyNKRHbjRA_1-1822,729,1,160.5,333.25,288.75,264.0,inside_uncertain,1160.2537272727272,237.38872727272727,1
pQyNKRHbjRA_1-1822,729,2,1253.8,84.4,294.0,322.0,gaze_shift,431.232,550.9746666666666,0
pQyNKRHbjRA_1-1822,730,1,165.0,334.5,287.5,266.0,inside_uncertain,1140.1068181818182,242.82731818181816,1
pQyNKRHbjRA_1-1822,730,2,1254.2,85.6,294.0,322.0,gaze_shift,459.044,690.8213333333333,0
pQyNKRHbjRA_1-1822,731,1,169.5,335.75,286.25,268.0,inside_uncertain,1119.9599090909092,248.26590909090908,1
pQyNKRHbjRA_1-1822,731,2,1254.6,86.8,294.0,322.0,gaze_shift,486.856,830.668,0
pQyNKRHbjRA_1-1822,732,1,174.0,337.0,285.0,270.0,inside_uncertain,1099.813,253.7045,1
pQyNKRHbjRA_1-1822,732,2,1255.0,88.0,294.0,322.0,inside_visible,1001.334,613.181,0
pQyNKRHbjRA_1-1822,733,1,177.2,338.0,285.0,270.0,inside_uncertain,1079.666090909091,259.1430909090909,1
pQyNKRHbjRA_1-1822,733,2,1257.111111111111,87.77777777777777,294.0,322.0,inside_visible,1002.258,613.959,0
pQyNKRHbjRA_1-1822,734,1,180.4,339.0,285.0,270.0,inside_uncertain,1059.5191818181818,264.58168181818183,1
pQyNKRHbjRA_1-1822,734,2,1259.2222222222222,87.55555555555556,294.0,322.0,inside_visible,999.183,610.736,0
pQyNKRHbjRA_1-1822,735,1,183.6,340.0,285.0,270.0,inside_uncertain,1039.3722727272727,270.02027272727275,1
pQyNKRHbjRA_1-1822,735,2,1261.3333333333333,87.33333333333333,294.0,322.0,inside_visible,1001.1073333333334,612.5136666666666,0
pQyNKRHbjRA_1-1822,736,1,186.8,341.0,285.0,270.0,inside_uncertain,1019.2253636363636,275.4588636363636,1
pQyNKRHbjRA_1-1822,736,2,1263.4444444444443,87.11111111111111,294.0,322.0,inside_visible,1003.0316666666666,614.2913333333333,0
pQyNKRHbjRA_1-1822,737,1,190.0,342.0,285.0,270.0,inside_uncertain,999.0784545454546,280.89745454545454,1
pQyNKRHbjRA_1-1822,737,2,1265.5555555555557,86.88888888888889,294.0,322.0,inside_visible,1004.956,616.069,0
pQyNKRHbjRA_1-1822,738,1,191.6,341.0,285.0,270.0,inside_uncertain,978.9315454545456,286.33604545454546,1
pQyNKRHbjRA_1-1822,738,2,1267.6666666666667,86.66666666666667,294.0,322.0,inside_visible,1008.702625,616.066375,0
pQyNKRHbjRA_1-1822,739,1,193.2,340.0,285.0,270.0,inside_uncertain,958.7846363636364,291.7746363636364,1
pQyNKRHbjRA_1-1822,739,2,1269.7777777777778,86.44444444444444,294.0,322.0,inside_visible,1012.44925,616.06375,0
pQyNKRHbjRA_1-1822,740,1,194.8,339.0,285.0,270.0,inside_uncertain,938.6377272727271,297.2132272727273,1
pQyNKRHbjRA_1-1822,740,2,1271.888888888889,86.22222222222223,294.0,322.0,inside_visible,1016.195875,616.061125,0
pQyNKRHbjRA_1-1822,741,1,196.4,338.0,285.0,270.0,inside_uncertain,918.4908181818182,302.65181818181816,1
pQyNKRHbjRA_1-1822,741,2,1274.0,86.0,294.0,322.0,inside_visible,1019.9425,616.0585,0
pQyNKRHbjRA_1-1822,742,1,198.0,337.0,285.0,270.0,inside_uncertain,898.3439090909092,308.0904090909091,1
pQyNKRHbjRA_1-1822,742,2,1275.7777777777778,85.11111111111111,294.0,322.0,inside_visible,1023.689125,616.055875,0
pQyNKRHbjRA_1-1822,743,1,199.0,336.72727272727275,285.0,270.0,inside_visible,878.197,313.529,1
pQyNKRHbjRA_1-1822,743,2,1277.5555555555557,84.22222222222223,294.0,322.0,inside_visible,1027.43575,616.0532499999999,0
pQyNKRHbjRA_1-1822,744,1,200.0,336.45454545454544,285.0,270.00000000000006,inside_visible,879.2145,315.5355,1
pQyNKRHbjRA_1-1822,744,2,1279.3333333333333,83.33333333333333,294.0,322.0,gaze_shift,1031.182375,616.050625,0
pQyNKRHbjRA_1-1822,745,1,201.0,336.1818181818182,285.0,269.99999999999994,inside_visible,880.232,317.542,1
pQyNKRHbjRA_1-1822,745,2,1281.111111111111,82.44444444444444,294.0,322.0,gaze_shift,1034.929,616.048,0
pQyNKRHbjRA_1-1822,746,1,202.0,335.90909090909093,285.0,269.99999999999994,inside_visible,881.2495,319.5485,1
pQyNKRHbjRA_1-1822,746,2,1282.888888888889,81.55555555555556,294.0,322.0,gaze_shift,1050.263,630.715,0
pQyNKRHbjRA_1-1822,747,1,203.0,335.6363636363636,285.0,270.0,inside_visible,882.267,321.555,1
pQyNKRHbjRA_1-1822,747,2,1284.6666666666667,80.66666666666667,294.0,322.0,inside_visible,393.596,413.381,0
pQyNKRHbjRA_1-1822,748,1,204.0,335.3636363636364,285.0,270.0,inside_visible,883.2845,323.5615,1
pQyNKRHbjRA_1-1822,748,2,1286.4444444444443,79.77777777777777,294.0,322.0,inside_visible,393.4293333333333,416.04766666666666,0
pQyNKRHbjRA_1-1822,749,1,205.0,335.09090909090907,285.0,270.00000000000006,inside_visible,884.302,325.568,1
pQyNKRHbjRA_1-1822,749,2,1288.2222222222222,78.88888888888889,294.0,322.0,inside_visible,393.2626666666667,418.7143333333333,0
pQyNKRHbjRA_1-1822,750,1,206.0,334.8181818181818,285.0,270.00000000000006,inside_visible,886.9923333333334,320.784,1
pQyNKRHbjRA_1-1822,750,2,1290.0,78.0,294.0,322.0,inside_visible,393.096,421.381,0
pQyNKRHbjRA_1-1822,751,1,207.0,334.54545454545456,285.0,269.99999999999994,inside_visible,889.6826666666667,316.0,1
pQyNKRHbjRA_1-1822,751,2,1293.0,77.11111111111111,294.0,322.0,inside_visible,412.929,434.048,0
pQyNKRHbjRA_1-1822,752,1,208.0,334.27272727272725,285.0,270.0,inside_visible,892.373,311.216,1
pQyNKRHbjRA_1-1822,752,2,1296.0,76.22222222222223,294.0,322.0,inside_visible,413.9766666666666,430.5241666666666,0
pQyNKRHbjRA_1-1822,753,1,209.0,334.0,285.0,270.0,inside_visible,878.8833333333333,311.82533333333333,1
pQyNKRHbjRA_1-1822,753,2,1299.0,75.33333333333333,294.0,322.0,inside_visible,415.0243333333333,427.0003333333333,0
pQyNKRHbjRA_1-1822,754,1,210.6,333.0,285.0,270.0,inside_visible,865.3936666666667,312.43466666666666,1
pQyNKRHbjRA_1-1822,754,2,1302.0,74.44444444444444,294.0,322.0,inside_visible,416.072,423.4765,0
pQyNKRHbjRA_1-1822,755,1,212.2,332.0,285.0,270.0,inside_visible,851.904,313.044,1
pQyNKRHbjRA_1-1822,755,2,1305.0,73.55555555555556,294.0,322.0,inside_visible,417.11966666666666,419.9526666666666,0
pQyNKRHbjRA_1-1822,756,1,213.8,331.0,285.0,270.0,inside_visible,900.847,296.177,1
pQyNKRHbjRA_1-1822,756,2,1308.0,72.66666666666667,294.0,322.0,inside_visible,418.1673333333333,416.4288333333333,0
pQyNKRHbjRA_1-1822,757,1,215.4,330.0,285.0,270.0,inside_visible,893.1605,299.5345,1
pQyNKRHbjRA_1-1822,757,2,1311.0,71.77777777777777,294.0,322.0,inside_visible,419.215,412.905,0
pQyNKRHbjRA_1-1822,758,1,217.0,329.0,285.0,270.0,inside_visible,885.474,302.892,1
pQyNKRHbjRA_1-1822,758,2,1314.0,70.88888888888889,294.0,322.0,inside_visible,1054.929,624.048,0
pQyNKRHbjRA_1-1822,759,1,220.2,326.8,285.0,269.99999999999994,inside_visible,867.997,293.508,1
pQyNKRHbjRA_1-1822,759,2,1317.0,70.0,294.0,322.0,inside_visible,1056.8648666666668,621.7162,0
pQyNKRHbjRA_1-1822,760,1,223.4,324.6,285.0,270.0,inside_visible,908.527,300.111,1
pQyNKRHbjRA_1-1822,760,2,1316.7333333333331,70.0,294.0,322.0,inside_visible,1058.8007333333337,619.3844,0
pQyNKRHbjRA_1-1822,761,1,226.6,322.4,285.0,270.0,inside_visible,908.6800952380952,301.24514285714287,1
pQyNKRHbjRA_1-1822,761,2,1316.4666666666667,70.0,294.0,322.0,inside_visible,1060.7366000000002,617.0526,0
pQyNKRHbjRA_1-1822,762,1,229.8,320.2,284.99999999999994,270.00000000000006,inside_visible,908.8331904761906,302.3792857142857,1
pQyNKRHbjRA_1-1822,762,2,1316.2,70.0,294.0,322.0,inside_visible,1062.6724666666669,614.7208,0
pQyNKRHbjRA_1-1822,763,1,233.0,318.0,285.0,270.0,inside_visible,908.9862857142856,303.51342857142856,1
pQyNKRHbjRA_1-1822,763,2,1315.9333333333334,70.0,294.0,322.0,inside_visible,1064.6083333333331,612.389,0
pQyNKRHbjRA_1-1822,764,1,234.83333333333331,317.1666666666667,285.0,270.8333333333333,inside_visible,909.139380952381,304.64757142857144,1
pQyNKRHbjRA_1-1822,764,2,1315.6666666666667,70.0,294.0,322.0,inside_visible,1066.5442,610.0572,0
pQyNKRHbjRA_1-1822,765,1,236.66666666666663,316.3333333333333,285.0,271.6666666666667,inside_visible,909.2924761904762,305.78171428571426,1
pQyNKRHbjRA_1-1822,765,2,1315.4,70.0,294.0,322.0,inside_visible,1068.4800666666667,607.7254,0
pQyNKRHbjRA_1-1822,766,1,238.5,315.5,285.0,272.5,inside_visible,909.4455714285716,306.91585714285713,1
pQyNKRHbjRA_1-1822,766,2,1315.1333333333334,70.0,294.0,322.0,inside_visible,1070.4159333333334,605.3936,0
pQyNKRHbjRA_1-1822,767,1,240.33333333333331,314.6666666666667,285.0,273.3333333333333,inside_visible,909.5986666666666,308.05,1
pQyNKRHbjRA_1-1822,767,2,1314.8666666666666,70.0,294.0,322.0,inside_visible,1072.3518,603.0618000000001,0
pQyNKRHbjRA_1-1822,768,1,242.16666666666663,313.8333333333333,285.0,274.1666666666667,inside_visible,909.751761904762,309.18414285714283,1
pQyNKRHbjRA_1-1822,768,2,1314.6,70.0,294.0,322.0,inside_visible,1074.2876666666668,600.73,0
pQyNKRHbjRA_1-1822,769,1,244.0,313.0,285.0,275.0,inside_visible,909.9048571428572,310.3182857142857,1
pQyNKRHbjRA_1-1822,769,2,1314.3333333333333,70.0,294.0,322.0,inside_visible,1076.2235333333335,598.3982,0
pQyNKRHbjRA_1-1822,770,1,241.5,311.5,288.0,275.0,inside_visible,910.0579523809524,311.4524285714286,1
pQyNKRHbjRA_1-1822,770,2,1314.0666666666666,70.0,294.0,322.0,inside_visible,1078.1594,596.0664,0
pQyNKRHbjRA_1-1822,771,1,239.0,310.0,291.0,275.0,inside_visible,910.2110476190476,312.5865714285714,1
pQyNKRHbjRA_1-1822,771,2,1313.8,70.0,294.0,322.0,inside_visible,1080.0952666666667,593.7346,0
pQyNKRHbjRA_1-1822,772,1,236.2,308.4,289.8,275.0,inside_visible,910.3641428571428,313.7207142857143,1
pQyNKRHbjRA_1-1822,772,2,1313.5333333333333,70.0,294.0,322.0,inside_visible,1082.0311333333334,591.4028000000001,0
pQyNKRHbjRA_1-1822,773,1,233.4,306.8,288.6,274.99999999999994,inside_visible,910.517238095238,314.8548571428572,1
pQyNKRHbjRA_1-1822,773,2,1313.2666666666669,70.0,294.0,322.0,inside_visible,1083.967,589.071,0
pQyNKRHbjRA_1-1822,774,1,230.6,305.2,287.4,275.00000000000006,inside_visible,910.6703333333334,315.989,1
pQyNKRHbjRA_1-1822,774,2,1313.0,70.0,294.0,322.0,inside_visible,1098.6336666666668,601.7376666666667,0
pQyNKRHbjRA_1-1822,775,1,227.8,303.6,286.2,275.0,inside_visible,910.8234285714284,317.12314285714285,1
pQyNKRHbjRA_1-1822,775,2,1312.7333333333331,70.0,294.0,322.0,inside_visible,1113.3003333333334,614.4043333333334,0
pQyNKRHbjRA_1-1822,776,1,225.0,302.0,285.0,275.0,inside_visible,910.9765238095238,318.25728571428573,1
pQyNKRHbjRA_1-1822,776,2,1312.4666666666667,70.0,294.0,322.0,inside_visible,1127.967,627.071,0
pQyNKRHbjRA_1-1822,777,1,220.7142857142857,302.0,285.0,275.0,inside_visible,911.129619047619,319.39142857142855,1
pQyNKRHbjRA_1-1822,777,2,1312.2,70.0,294.0,322.0,inside_visible,1125.167,625.471,0
pQyNKRHbjRA_1-1822,778,1,216.42857142857144,302.0,285.0,275.0,inside_visible,911.2827142857144,320.5255714285714,1
pQyNKRHbjRA_1-1822,778,2,1311.9333333333334,70.0,294.0,322.0,inside_visible,1122.3670000000002,623.871,0
pQyNKRHbjRA_1-1822,779,1,212.14285714285717,302.0,285.0,275.0,inside_visible,911.4358095238094,321.6597142857143,1
pQyNKRHbjRA_1-1822,779,2,1311.6666666666667,70.0,294.0,322.0,inside_visible,1119.567,622.2710000000001,0
pQyNKRHbjRA_1-1822,780,1,207.8571428571429,302.0,285.0,275.0,inside_visible,911.5889047619048,322.7938571428571,1
pQyNKRHbjRA_1-1822,780,2,1311.4,70.0,294.0,322.0,inside_visible,1116.767,620.671,0
pQyNKRHbjRA_1-1822,781,1,203.57142857142856,302.0,285.0,275.0,gaze_shift,911.742,323.928,1
pQyNKRHbjRA_1-1822,781,2,1311.1333333333334,70.0,294.0,322.0,inside_visible,1113.967,619.071,0
pQyNKRHbjRA_1-1822,782,1,199.28571428571428,302.0,285.0,275.0,inside_visible,1074.954,558.958,1
pQyNKRHbjRA_1-1822,782,2,1310.8666666666666,70.0,294.0,322.0,inside_visible,395.967,423.071,0
pQyNKRHbjRA_1-1822,783,1,195.0,302.0,285.0,275.0,inside_visible,1075.686,559.6208888888889,1
pQyNKRHbjRA_1-1822,783,2,1310.6,70.0,294.0,322.0,inside_visible,395.4574,420.2595,0
pQyNKRHbjRA_1-1822,784,1,190.625,301.0,285.0,275.0,inside_visible,1076.418,560.2837777777778,1
pQyNKRHbjRA_1-1822,784,2,1310.3333333333333,70.0,294.0,322.0,inside_visible,394.9478,417.448,0
pQyNKRHbjRA_1-1822,785,1,186.25,300.0,285.0,275.0,inside_visible,1077.15,560.9466666666666,1
pQyNKRHbjRA_1-1822,785,2,1310.0666666666666,70.0,294.0,322.0,inside_visible,394.4382,414.6365,0
pQyNKRHbjRA_1-1822,786,1,181.875,299.0,285.0,275.0,inside_visible,1077.8819999999998,561.6095555555555,1
pQyNKRHbjRA_1-1822,786,2,1309.8,70.0,294.0,322.0,inside_visible,393.9286,411.8250000000001,0
pQyNKRHbjRA_1-1822,787,1,177.5,298.0,285.0,275.0,inside_visible,1078.614,562.2724444444444,1
pQyNKRHbjRA_1-1822,787,2,1309.5333333333333,70.0,294.0,322.0,inside_visible,393.419,409.0135,0
pQyNKRHbjRA_1-1822,788,1,173.125,297.0,285.0,275.0,inside_visible,1079.346,562.9353333333333,1
pQyNKRHbjRA_1-1822,788,2,1309.2666666666669,70.0,294.0,322.0,inside_visible,392.9094,406.202,0
pQyNKRHbjRA_1-1822,789,1,168.75,296.0,285.0,275.0,inside_visible,1080.078,563.5982222222221,1
pQyNKRHbjRA_1-1822,789,2,1309.0,70.0,294.0,322.0,inside_visible,392.3998,403.3905,0
pQyNKRHbjRA_1-1822,790,1,164.375,295.0,285.0,275.0,inside_visible,1080.81,564.2611111111111,1
pQyNKRHbjRA_1-1822,790,2,1309.8125,70.0,294.0,322.0,inside_visible,391.8902,400.579,0
pQyNKRHbjRA_1-1822,791,1,160.0,294.0,285.0,275.0,inside_visible,1081.542,564.924,1
pQyNKRHbjRA_1-1822,791,2,1310.625,70.0,294.0,322.0,inside_visible,391.3806,397.7675,0
pQyNKRHbjRA_1-1822,792,1,156.75,294.0,285.0,275.0,gaze_shift,1109.163,579.818,1
pQyNKRHbjRA_1-1822,792,2,1311.4375,70.0,294.0,322.0,inside_visible,390.871,394.956,0
pQyNKRHbjRA_1-1822,793,1,153.5,294.0,285.0,275.0,gaze_shift,1103.784,558.712,1
pQyNKRHbjRA_1-1822,793,2,1312.25,70.0,294.0,322.0,inside_visible,389.05281818181817,394.956,0
pQyNKRHbjRA_1-1822,794,1,150.25,294.0,285.0,275.0,gaze_shift,1090.405,553.606,1
pQyNKRHbjRA_1-1822,794,2,1313.0625,70.0,294.0,322.0,inside_visible,387.2346363636364,394.956,0
pQyNKRHbjRA_1-1822,795,1,147.0,294.0,285.0,275.0,inside_visible,1097.36,582.476,1
pQyNKRHbjRA_1-1822,795,2,1313.875,70.0,294.0,322.0,inside_visible,385.41645454545454,394.956,0
pQyNKRHbjRA_1-1822,796,1,145.66666666666666,294.0,285.0,275.0,inside_visible,1089.315,584.846,1
pQyNKRHbjRA_1-1822,796,2,1314.6875,70.0,294.0,322.0,inside_visible,383.59827272727273,394.956,0
pQyNKRHbjRA_1-1822,797,1,144.33333333333334,294.0,285.0,275.0,inside_visible,1089.269,578.549,1
pQyNKRHbjRA_1-1822,797,2,1315.5,70.0,294.0,322.0,inside_visible,381.7800909090909,394.956,0
pQyNKRHbjRA_1-1822,798,1,143.0,294.0,285.0,275.0,inside_visible,1088.557,586.585,1
pQyNKRHbjRA_1-1822,798,2,1316.3125,70.0,294.0,322.0,inside_visible,379.96190909090905,394.956,0
pQyNKRHbjRA_1-1822,799,1,141.66666666666666,294.0,285.0,275.0,gaze_shift,1087.602,570.984,1
pQyNKRHbjRA_1-1822,799,2,1317.125,70.0,294.0,322.0,inside_visible,378.1437272727272,394.956,0
pQyNKRHbjRA_1-1822,800,1,140.33333333333334,294.0,285.0,275.0,gaze_shift,1088.1716363636365,571.5586363636364,1
pQyNKRHbjRA_1-1822,800,2,1317.9375,70.0,294.0,322.0,inside_visible,376.3255454545454,394.956,0
pQyNKRHbjRA_1-1822,801,1,139.0,294.0,285.0,275.0,inside_visible,1088.7412727272729,572.1332727272727,1
pQyNKRHbjRA_1-1822,801,2,1318.75,70.0,294.0,322.0,inside_visible,374.5073636363636,394.956,0
pQyNKRHbjRA_1-1822,802,1,140.625,294.625,285.0,275.0,inside_visible,1089.310909090909,572.7079090909091,1
pQyNKRHbjRA_1-1822,802,2,1319.5625,70.0,294.0,322.0,inside_visible,372.6891818181818,394.956,0
pQyNKRHbjRA_1-1822,803,1,142.25,295.25,285.0,275.0,inside_visible,1089.8805454545454,573.2825454545455,1
pQyNKRHbjRA_1-1822,803,2,1320.375,70.0,294.0,322.0,inside_visible,370.871,394.956,0
pQyNKRHbjRA_1-1822,804,1,143.875,295.875,285.0,275.0,inside_visible,1090.4501818181818,573.8571818181819,1
pQyNKRHbjRA_1-1822,804,2,1321.1875,70.0,294.0,322.0,inside_visible,381.5375,408.956,0
pQyNKRHbjRA_1-1822,805,1,145.5,296.5,285.0,275.0,inside_visible,1091.0198181818182,574.4318181818181,1
pQyNKRHbjRA_1-1822,805,2,1322.0,70.0,294.0,322.0,inside_visible,392.204,422.956,0
pQyNKRHbjRA_1-1822,806,1,147.125,297.125,285.0,275.0,inside_visible,1091.5894545454546,575.0064545454545,1
pQyNKRHbjRA_1-1822,806,2,1322.0,70.0,294.0,323.3333333333333,inside_visible,1110.871,682.956,0
pQyNKRHbjRA_1-1822,807,1,148.75,297.75,285.0,275.0,inside_visible,1092.159090909091,575.5810909090909,1
pQyNKRHbjRA_1-1822,807,2,1322.0,70.0,294.0,324.6666666666667,inside_visible,1111.274777777778,685.589,0
pQyNKRHbjRA_1-1822,808,1,150.375,298.375,285.0,275.0,inside_visible,1092.7287272727272,576.1557272727273,1
pQyNKRHbjRA_1-1822,808,2,1322.0,70.0,294.0,326.0,inside_visible,1111.6785555555557,688.222,0
pQyNKRHbjRA_1-1822,809,1,152.0,299.0,285.0,275.0,inside_visible,1093.2983636363635,576.7303636363636,1
pQyNKRHbjRA_1-1822,809,2,1322.0,70.0,294.0,327.3333333333333,inside_visible,1112.0823333333335,690.855,0
pQyNKRHbjRA_1-1822,810,1,162.0,300.0,285.0,275.0,inside_visible,1093.868,577.305,1
pQyNKRHbjRA_1-1822,810,2,1322.0,70.0,294.0,328.6666666666667,inside_visible,1112.4861111111113,693.488,0
pQyNKRHbjRA_1-1822,811,1,172.0,301.0,285.0,275.0,inside_visible,1098.074,576.91,1
pQyNKRHbjRA_1-1822,811,2,1322.0,70.0,294.0,330.0,inside_visible,1112.889888888889,696.121,0
pQyNKRHbjRA_1-1822,812,1,182.0,302.0,285.0,275.0,inside_visible,1068.947,567.182,1
pQyNKRHbjRA_1-1822,812,2,1324.75,69.25,294.0,330.0,inside_visible,1113.2936666666667,698.754,0
pQyNKRHbjRA_1-1822,813,1,191.5,303.0,285.0,275.0,inside_visible,1079.801,575.187,1
pQyNKRHbjRA_1-1822,813,2,1327.5,68.5,294.0,330.0,inside_visible,1113.6974444444445,701.3870000000001,0
pQyNKRHbjRA_1-1822,814,1,201.0,304.0,285.0,275.0,inside_visible,1094.655,575.191,1
pQyNKRHbjRA_1-1822,814,2,1330.25,67.75,294.0,330.0,inside_visible,1114.1012222222223,704.02,0
pQyNKRHbjRA_1-1822,815,1,209.0,306.6666666666667,285.0,274.99999999999994,inside_visible,1093.2234285714285,576.6242857142857,1
pQyNKRHbjRA_1-1822,815,2,1333.0,67.0,294.0,330.0,inside_visible,1114.505,706.653,0
pQyNKRHbjRA_1-1822,816,1,217.0,309.3333333333333,285.0,275.00000000000006,inside_visible,1091.7918571428572,578.0575714285715,1
pQyNKRHbjRA_1-1822,816,2,1333.0,67.0,291.5,330.0,inside_visible,1116.0777,702.1737,0
pQyNKRHbjRA_1-1822,817,1,225.0,312.0,285.0,275.0,inside_visible,1090.3602857142855,579.4908571428572,1
pQyNKRHbjRA_1-1822,817,2,1333.0,67.0,289.0,330.0,inside_visible,1117.6504,697.6944,0
pQyNKRHbjRA_1-1822,818,1,236.0,314.0,285.0,275.0,inside_visible,1088.9287142857142,580.9241428571429,1
pQyNKRHbjRA_1-1822,818,2,1333.0,71.0,289.0,331.5,inside_visible,1119.2231000000002,693.2151,0
pQyNKRHbjRA_1-1822,819,1,247.0,316.0,285.0,275.0,inside_visible,1087.4971428571428,582.3574285714286,1
pQyNKRHbjRA_1-1822,819,2,1333.0,75.0,289.0,333.0,inside_visible,1120.7958,688.7358,0
pQyNKRHbjRA_1-1822,820,1,258.0,318.0,285.0,275.0,inside_visible,1086.0655714285715,583.7907142857143,1
pQyNKRHbjRA_1-1822,820,2,1333.0,73.0,289.0,334.25,inside_visible,1122.3685,684.2565,0
pQyNKRHbjRA_1-1822,821,1,257.5,321.5,285.0,275.0,inside_visible,1084.634,585.224,1
pQyNKRHbjRA_1-1822,821,2,1333.0,71.0,289.0,335.5,gaze_shift,1123.9412,679.7772,0
pQyNKRHbjRA_1-1822,822,1,257.0,325.0,285.0,275.0,inside_visible,1046.377,562.34,1
pQyNKRHbjRA_1-1822,822,2,1333.0,69.0,289.0,336.75,gaze_shift,1125.5139,675.2979,0
pQyNKRHbjRA_1-1822,823,1,269.0,326.5,285.0,275.0,inside_visible,1054.12,565.4558000000001,1
pQyNKRHbjRA_1-1822,823,2,1333.0,67.0,289.0,338.0,gaze_shift,1127.0866,670.8186000000001,0
pQyNKRHbjRA_1-1822,824,1,281.0,328.0,285.0,275.0,inside_visible,1061.863,568.5716,1
pQyNKRHbjRA_1-1822,824,2,1335.1666666666667,69.16666666666667,289.0,336.66666666666663,gaze_shift,1128.6593,666.3393,0
pQyNKRHbjRA_1-1822,825,1,287.75,332.0,283.0,274.25,inside_visible,1069.606,571.6874,1
pQyNKRHbjRA_1-1822,825,2,1337.3333333333333,71.33333333333333,289.0,335.33333333333337,gaze_shift,1130.232,661.86,0
pQyNKRHbjRA_1-1822,826,1,294.5,336.0,281.0,273.5,inside_visible,1077.3490000000002,574.8032,1
pQyNKRHbjRA_1-1822,826,2,1339.5,73.5,289.0,334.0,inside_visible,996.35,508.895,0
pQyNKRHbjRA_1-1822,827,1,301.25,340.0,279.0,272.75,inside_visible,1085.092,577.919,1
pQyNKRHbjRA_1-1822,827,2,1341.6666666666667,75.66666666666667,289.0,332.66666666666663,gaze_shift,1120.73,679.204,0
pQyNKRHbjRA_1-1822,828,1,308.0,344.0,277.0,272.0,inside_visible,1085.835,578.7015,1
pQyNKRHbjRA_1-1822,828,2,1343.8333333333333,77.83333333333333,289.0,331.33333333333337,gaze_shift,814.1095,562.624,0
pQyNKRHbjRA_1-1822,829,1,306.85714285714283,342.85714285714283,277.00000000000006,272.00000000000006,inside_visible,1086.578,579.484,1
pQyNKRHbjRA_1-1822,829,2,1346.0,80.0,289.0,330.0,gaze_shift,507.489,446.044,0
pQyNKRHbjRA_1-1822,830,1,305.7142857142857,341.7142857142857,276.99999999999994,271.99999999999994,inside_visible,1087.321,580.2665,1
pQyNKRHbjRA_1-1822,830,2,1348.0,79.625,289.0,330.0,inside_visible,506.7578333333333,438.8938333333333,0
pQyNKRHbjRA_1-1822,831,1,304.57142857142856,340.57142857142856,277.0,272.0,inside_visible,1088.064,581.049,1
pQyNKRHbjRA_1-1822,831,2,1350.0,79.25,289.0,330.0,inside_visible,506.0266666666666,431.7436666666666,0
pQyNKRHbjRA_1-1822,832,1,303.42857142857144,339.42857142857144,277.0,272.0,inside_visible,1088.807,581.8315,1
pQyNKRHbjRA_1-1822,832,2,1352.0,78.875,289.0,330.0,inside_visible,505.2955,424.5935,0
pQyNKRHbjRA_1-1822,833,1,302.2857142857143,338.2857142857143,277.00000000000006,272.00000000000006,inside_visible,1089.55,582.614,1
pQyNKRHbjRA_1-1822,833,2,1354.0,78.5,289.0,330.0,inside_visible,504.5643333333333,417.4433333333333,0
pQyNKRHbjRA_1-1822,834,1,301.1428571428572,337.1428571428572,276.99999999999994,271.99999999999994,inside_visible,1090.3405714285714,582.0155714285714,1
pQyNKRHbjRA_1-1822,834,2,1356.0,78.125,289.0,330.0,inside_visible,503.8331666666666,410.29316666666665,0
pQyNKRHbjRA_1-1822,835,1,300.0,336.0,277.0,272.0,inside_visible,1091.1311428571428,581.4171428571428,1
pQyNKRHbjRA_1-1822,835,2,1358.0,77.75,289.0,330.0,inside_visible,503.102,403.143,0
pQyNKRHbjRA_1-1822,836,1,293.25,333.25,277.0,272.0,inside_visible,1091.9217142857142,580.8187142857142,1
pQyNKRHbjRA_1-1822,836,2,1360.0,77.375,289.0,330.0,inside_visible,980.147,511.983,0
pQyNKRHbjRA_1-1822,837,1,286.5,330.5,277.0,272.0,inside_visible,1092.7122857142858,580.2202857142858,1
pQyNKRHbjRA_1-1822,837,2,1362.0,77.0,289.0,330.0,inside_visible,887.5128333333333,491.91266666666667,0
pQyNKRHbjRA_1-1822,838,1,279.75,327.75,277.0,272.0,inside_visible,1093.5028571428572,579.6218571428572,1
pQyNKRHbjRA_1-1822,838,2,1361.0,77.0,287.33333333333326,330.0,inside_visible,794.8786666666667,471.8423333333333,0
pQyNKRHbjRA_1-1822,839,1,273.0,325.0,277.0,272.0,inside_visible,1094.2934285714286,579.0234285714286,1
pQyNKRHbjRA_1-1822,839,2,1360.0,77.0,285.66666666666674,330.0,inside_visible,702.2445,451.772,0
pQyNKRHbjRA_1-1822,840,1,264.25,323.75,277.0,272.0,inside_visible,1095.084,578.425,1
pQyNKRHbjRA_1-1822,840,2,1359.0,77.0,284.0,330.0,inside_visible,609.6103333333333,431.70166666666665,0
pQyNKRHbjRA_1-1822,841,1,255.5,322.5,277.0,272.0,inside_visible,1096.7604,577.7552,1
pQyNKRHbjRA_1-1822,841,2,1358.0,77.0,282.33333333333326,330.0,inside_visible,516.9761666666666,411.6313333333333,0
pQyNKRHbjRA_1-1822,842,1,246.75,321.25,277.0,272.0,inside_visible,1098.4368,577.0853999999999,1
pQyNKRHbjRA_1-1822,842,2,1357.0,77.0,280.66666666666674,330.0,inside_visible,424.342,391.561,0
pQyNKRHbjRA_1-1822,843,1,238.0,320.0,277.0,272.0,inside_visible,1100.1132,576.4156,1
pQyNKRHbjRA_1-1822,843,2,1356.0,77.0,279.0,330.0,inside_visible,456.041,397.213,0
pQyNKRHbjRA_1-1822,844,1,228.0,316.0,277.0,272.0,inside_visible,1101.7895999999998,575.7458,1
pQyNKRHbjRA_1-1822,844,2,1355.3333333333333,77.0,277.0,330.0,inside_visible,435.74,408.865,0
pQyNKRHbjRA_1-1822,845,1,218.0,312.0,277.0,272.0,inside_visible,1103.466,575.076,1
pQyNKRHbjRA_1-1822,845,2,1354.6666666666667,77.0,275.0,330.0,inside_visible,371.439,401.517,0
pQyNKRHbjRA_1-1822,846,1,208.0,308.0,277.0,272.0,inside_visible,1102.693857142857,573.6355714285714,1
pQyNKRHbjRA_1-1822,846,2,1354.0,77.0,273.0,330.0,inside_visible,416.472,406.835,0
pQyNKRHbjRA_1-1822,847,1,198.0,304.0,277.0,272.0,inside_visible,1101.9217142857142,572.1951428571429,1
pQyNKRHbjRA_1-1822,847,2,1356.1666666666667,74.33333333333333,273.0,330.5,inside_visible,386.505,414.653,0
pQyNKRHbjRA_1-1822,848,1,190.0,303.0,277.0,272.0,inside_visible,1101.149571428571,570.7547142857143,1
pQyNKRHbjRA_1-1822,848,2,1358.3333333333333,71.66666666666667,273.0,331.0,inside_visible,1102.505,662.653,0
pQyNKRHbjRA_1-1822,849,1,182.0,302.0,277.0,272.0,inside_visible,1100.3774285714285,569.3142857142858,1
pQyNKRHbjRA_1-1822,849,2,1360.5,69.0,273.0,331.5,inside_visible,1102.3716000000002,663.7864000000001,0
pQyNKRHbjRA_1-1822,850,1,174.0,301.0,277.0,272.0,inside_visible,1099.6052857142856,567.8738571428572,1
pQyNKRHbjRA_1-1822,850,2,1362.6666666666667,66.33333333333333,273.0,332.0,gaze_shift,1102.2382,664.9198,0
pQyNKRHbjRA_1-1822,851,1,171.4,300.0,279.6,273.0,inside_visible,1098.8331428571428,566.4334285714286,1
pQyNKRHbjRA_1-1822,851,2,1364.8333333333333,63.66666666666666,273.0,332.5,gaze_shift,1102.1048,666.0532000000001,0
pQyNKRHbjRA_1-1822,852,1,168.8,299.0,282.2,274.0,inside_visible,1098.061,564.993,1
pQyNKRHbjRA_1-1822,852,2,1367.0,61.0,273.0,333.0,gaze_shift,1101.9714,667.1866,0
pQyNKRHbjRA_1-1822,853,1,166.2,298.0,284.8,275.0,inside_visible,1099.0612727272726,565.1012727272728,1
pQyNKRHbjRA_1-1822,853,2,1365.5,61.0,276.0,333.0,gaze_shift,1101.838,668.32,0
pQyNKRHbjRA_1-1822,854,1,163.6,297.0,287.4,276.0,inside_visible,1100.0615454545457,565.2095454545455,1
pQyNKRHbjRA_1-1822,854,2,1364.0,61.0,279.0,333.0,inside_visible,338.505,388.653,0
pQyNKRHbjRA_1-1822,855,1,161.0,296.0,290.0,277.0,inside_visible,1101.061818181818,565.3178181818182,1
pQyNKRHbjRA_1-1822,855,2,1365.8333333333333,61.0,278.5,333.0,inside_visible,341.3648235294117,388.336705882353,0
pQyNKRHbjRA_1-1822,856,1,164.8,296.6,290.0,277.0,inside_visible,1102.0620909090908,565.4260909090909,1
pQyNKRHbjRA_1-1822,856,2,1367.6666666666667,61.0,278.0,333.0,inside_visible,344.2246470588235,388.0204117647059,0
pQyNKRHbjRA_1-1822,857,1,168.6,297.2,290.0,277.00000000000006,inside_visible,1103.0623636363637,565.5343636363637,1
pQyNKRHbjRA_1-1822,857,2,1369.5,61.0,277.5,333.0,inside_visible,347.0844705882353,387.70411764705887,0
pQyNKRHbjRA_1-1822,858,1,172.4,297.8,290.0,276.99999999999994,inside_visible,1104.0626363636363,565.6426363636364,1
pQyNKRHbjRA_1-1822,858,2,1371.3333333333333,61.0,277.0,333.0,inside_visible,349.9442941176471,387.3878235294118,0
pQyNKRHbjRA_1-1822,859,1,176.2,298.4,290.0,277.0,inside_visible,1105.0629090909092,565.7509090909091,1
pQyNKRHbjRA_1-1822,859,2,1373.1666666666667,61.0,276.5,333.0,inside_visible,352.80411764705883,387.0715294117648,0
pQyNKRHbjRA_1-1822,860,1,180.0,299.0,290.0,277.0,gaze_shift,1106.063181818182,565.8591818181818,1
pQyNKRHbjRA_1-1822,860,2,1375.0,61.0,276.0,333.0,inside_visible,355.6639411764706,386.75523529411765,0
pQyNKRHbjRA_1-1822,861,1,184.33333333333331,298.3333333333333,290.0,277.00000000000006,gaze_shift,1107.0634545454543,565.9674545454545,1
pQyNKRHbjRA_1-1822,861,2,1376.8333333333333,61.0,275.5,333.0,inside_visible,358.52376470588234,386.4389411764706,0
pQyNKRHbjRA_1-1822,862,1,188.66666666666663,297.6666666666667,290.0,276.99999999999994,gaze_shift,1108.0637272727274,566.0757272727272,1
pQyNKRHbjRA_1-1822,862,2,1378.6666666666667,61.0,275.0,333.0,inside_visible,361.3835882352941,386.12264705882353,0
pQyNKRHbjRA_1-1822,863,1,193.0,297.0,290.0,277.0,gaze_shift,1109.064,566.184,1
pQyNKRHbjRA_1-1822,863,2,1380.5,61.0,274.5,333.0,inside_visible,364.2434117647059,385.8063529411765,0
pQyNKRHbjRA_1-1822,864,1,190.11111111111111,296.3333333333333,290.0,277.00000000000006,inside_visible,985.701,527.02,1
pQyNKRHbjRA_1-1822,864,2,1382.3333333333333,61.0,274.0,333.0,inside_visible,367.10323529411767,385.4900588235294,0
pQyNKRHbjRA_1-1822,865,1,187.22222222222223,295.6666666666667,290.0,276.99999999999994,inside_visible,984.603807017544,525.539,1
pQyNKRHbjRA_1-1822,865,2,1384.1666666666667,61.0,273.5,333.0,inside_visible,369.9630588235294,385.1737647058824,0
pQyNKRHbjRA_1-1822,866,1,184.33333333333331,295.0,290.0,277.0,inside_visible,983.5066140350878,524.058,1
pQyNKRHbjRA_1-1822,866,2,1386.0,61.0,273.0,333.0,inside_visible,372.8228823529412,384.8574705882353,0
pQyNKRHbjRA_1-1822,867,1,181.44444444444449,294.3333333333333,290.0,277.00000000000006,inside_visible,982.4094210526316,522.577,1
pQyNKRHbjRA_1-1822,867,2,1386.625,60.375,273.0,333.0,inside_visible,375.6827058823529,384.54117647058825,0
pQyNKRHbjRA_1-1822,868,1,178.55555555555554,293.6666666666667,290.0,276.99999999999994,inside_visible,981.3122280701756,521.096,1
pQyNKRHbjRA_1-1822,868,2,1387.25,59.75,273.0,333.0,inside_visible,378.5425294117647,384.2248823529412,0
pQyNKRHbjRA_1-1822,869,1,175.66666666666666,293.0,290.0,277.0,inside_visible,980.2150350877192,519.615,1
pQyNKRHbjRA_1-1822,869,2,1387.875,59.125,273.0,333.0,inside_visible,381.4023529411765,383.9085882352941,0
pQyNKRHbjRA_1-1822,870,1,172.77777777777777,292.3333333333333,290.0,277.00000000000006,inside_visible,979.1178421052632,518.134,1
pQyNKRHbjRA_1-1822,870,2,1388.5,58.5,273.0,333.0,inside_visible,384.26217647058826,383.59229411764704,0
pQyNKRHbjRA_1-1822,871,1,169.88888888888889,291.6666666666667,290.0,276.99999999999994,inside_visible,978.0206491228072,516.653,1
pQyNKRHbjRA_1-1822,871,2,1389.125,57.875,273.0,333.0,inside_visible,387.122,383.276,0
pQyNKRHbjRA_1-1822,872,1,167.0,291.0,290.0,277.0,inside_visible,976.9234561403508,515.172,1
pQyNKRHbjRA_1-1822,872,2,1389.75,57.25,273.0,333.0,inside_visible,388.6775555555556,383.49822222222224,0
pQyNKRHbjRA_1-1822,873,1,166.4,289.4,290.0,277.0,inside_visible,975.8262631578948,513.691,1
pQyNKRHbjRA_1-1822,873,2,1390.375,56.625,273.0,333.0,inside_visible,390.2331111111111,383.72044444444447,0
pQyNKRHbjRA_1-1822,874,1,165.8,287.8,290.0,276.99999999999994,inside_visible,974.7290701754386,512.21,1
pQyNKRHbjRA_1-1822,874,2,1391.0,56.0,273.0,333.0,inside_visible,391.7886666666667,383.9426666666667,0
pQyNKRHbjRA_1-1822,875,1,165.2,286.2,290.0,277.00000000000006,inside_visible,973.6318771929824,510.729,1
pQyNKRHbjRA_1-1822,875,2,1391.0,53.4,273.0,335.6,inside_visible,393.34422222222224,384.1648888888889,0
pQyNKRHbjRA_1-1822,876,1,164.6,284.6,290.0,277.0,inside_visible,972.5346842105264,509.248,1
pQyNKRHbjRA_1-1822,876,2,1391.0,50.8,273.0,338.2,inside_visible,394.8997777777778,384.3871111111111,0
pQyNKRHbjRA_1-1822,877,1,164.0,283.0,290.0,277.0,inside_visible,971.43749122807,507.767,1
pQyNKRHbjRA_1-1822,877,2,1391.0,48.2,273.0,340.8,inside_visible,396.4553333333333,384.6093333333333,0
pQyNKRHbjRA_1-1822,878,1,166.2,284.0,290.0,277.0,inside_visible,970.340298245614,506.286,1
pQyNKRHbjRA_1-1822,878,2,1391.0,45.6,273.0,343.4,inside_visible,398.0108888888889,384.8315555555556,0
pQyNKRHbjRA_1-1822,879,1,168.4,285.0,290.0,277.0,inside_visible,969.243105263158,504.805,1
pQyNKRHbjRA_1-1822,879,2,1391.0,43.0,273.0,346.0,inside_visible,399.56644444444447,385.0537777777778,0
pQyNKRHbjRA_1-1822,880,1,170.6,286.0,290.0,277.0,inside_visible,968.1459122807016,503.324,1
pQyNKRHbjRA_1-1822,880,2,1391.375,41.625,273.0,346.0,inside_visible,401.122,385.276,0
pQyNKRHbjRA_1-1822,881,1,172.8,287.0,290.0,277.0,inside_visible,967.0487192982456,501.843,1
pQyNKRHbjRA_1-1822,881,2,1391.75,40.25,273.0,346.0,inside_visible,402.65325,385.2135,0
pQyNKRHbjRA_1-1822,882,1,175.0,288.0,290.0,277.0,inside_visible,965.9515263157896,500.362,1
pQyNKRHbjRA_1-1822,882,2,1392.125,38.875,273.0,346.0,inside_visible,404.1845,385.151,0
pQyNKRHbjRA_1-1822,883,1,176.33333333333334,287.5,290.0,277.0,inside_visible,964.8543333333332,498.881,1
pQyNKRHbjRA_1-1822,883,2,1392.5,37.5,273.0,346.0,inside_visible,405.71575,385.0885,0
pQyNKRHbjRA_1-1822,884,1,177.66666666666666,287.0,290.0,277.0,inside_visible,963.7571403508772,497.4,1
pQyNKRHbjRA_1-1822,884,2,1392.875,36.125,273.0,346.0,inside_visible,407.247,385.026,0
pQyNKRHbjRA_1-1822,885,1,179.0,286.5,290.0,277.0,inside_visible,962.6599473684212,495.919,1
pQyNKRHbjRA_1-1822,885,2,1393.25,34.75,273.0,346.0,inside_visible,408.77825,384.9635,0
pQyNKRHbjRA_1-1822,886,1,180.33333333333331,286.0,290.0,277.0,inside_visible,961.5627543859648,494.438,1
pQyNKRHbjRA_1-1822,886,2,1393.625,33.375,273.0,346.0,inside_visible,410.3095,384.901,0
pQyNKRHbjRA_1-1822,887,1,181.66666666666663,285.5,290.0,277.0,inside_visible,960.4655614035088,492.957,1
pQyNKRHbjRA_1-1822,887,2,1394.0,32.0,273.0,346.0,inside_visible,411.84075,384.8385,0
pQyNKRHbjRA_1-1822,888,1,183.0,285.0,290.0,277.0,inside_visible,959.3683684210528,491.476,1
pQyNKRHbjRA_1-1822,888,2,1394.0,33.142857142857146,272.57142857142867,344.85714285714283,inside_visible,413.372,384.776,0
pQyNKRHbjRA_1-1822,889,1,181.77777777777777,285.3333333333333,290.0,277.00000000000006,inside_visible,958.2711754385964,489.995,1
pQyNKRHbjRA_1-1822,889,2,1394.0,34.285714285714285,272.1428571428571,343.7142857142857,inside_visible,414.90325,384.7135,0
pQyNKRHbjRA_1-1822,890,1,180.55555555555557,285.6666666666667,290.0,276.99999999999994,inside_visible,957.1739824561404,488.514,1
pQyNKRHbjRA_1-1822,890,2,1394.0,35.42857142857143,271.7142857142858,342.57142857142856,inside_visible,416.4345,384.651,0
pQyNKRHbjRA_1-1822,891,1,179.33333333333334,286.0,290.0,277.0,inside_visible,956.0767894736842,487.033,1
pQyNKRHbjRA_1-1822,891,2,1394.0,36.57142857142857,271.2857142857142,341.42857142857144,inside_visible,417.96575,384.5885,0
pQyNKRHbjRA_1-1822,892,1,178.11111111111111,286.3333333333333,290.0,277.00000000000006,inside_visible,954.979596491228,485.552,1
pQyNKRHbjRA_1-1822,892,2,1394.0,37.71428571428572,270.8571428571429,340.2857142857143,inside_visible,419.497,384.526,0
pQyNKRHbjRA_1-1822,893,1,176.88888888888889,286.6666666666667,290.0,276.99999999999994,inside_visible,953.882403508772,484.071,1
pQyNKRHbjRA_1-1822,893,2,1394.0,38.85714285714285,270.42857142857133,339.1428571428572,inside_visible,421.02825,384.4635,0
pQyNKRHbjRA_1-1822,894,1,175.66666666666666,287.0,290.0,277.0,inside_visible,952.7852105263156,482.59,1
pQyNKRHbjRA_1-1822,894,2,1394.0,40.0,270.0,338.0,inside_visible,422.5595,384.401,0
pQyNKRHbjRA_1-1822,895,1,174.44444444444446,287.3333333333333,290.0,277.00000000000006,inside_visible,951.6880175438596,481.109,1
pQyNKRHbjRA_1-1822,895,2,1393.642857142857,39.785714285714285,270.0,338.0,inside_visible,424.09075,384.3385,0
pQyNKRHbjRA_1-1822,896,1,173.22222222222223,287.6666666666667,290.0,276.99999999999994,inside_visible,950.5908245614036,479.628,1
pQyNKRHbjRA_1-1822,896,2,1393.2857142857142,39.57142857142857,270.0,338.0,inside_visible,425.622,384.276,0
pQyNKRHbjRA_1-1822,897,1,172.0,288.0,290.0,277.0,inside_visible,949.4936315789472,478.147,1
pQyNKRHbjRA_1-1822,897,2,1392.928571428571,39.35714285714285,270.0,338.0,inside_visible,427.15325,384.2135,0
pQyNKRHbjRA_1-1822,898,1,169.83333333333334,287.1666666666667,290.0,276.99999999999994,inside_visible,948.3964385964912,476.666,1
pQyNKRHbjRA_1-1822,898,2,1392.571428571429,39.142857142857146,270.0,338.0,inside_visible,428.6845,384.151,0
pQyNKRHbjRA_1-1822,899,1,167.66666666666666,286.3333333333333,290.0,277.00000000000006,inside_visible,947.299245614035,475.185,1
pQyNKRHbjRA_1-1822,899,2,1392.2142857142858,38.92857142857143,270.0,338.0,inside_visible,430.21575,384.0885,0
pQyNKRHbjRA_1-1822,900,1,165.5,285.5,290.0,277.0,inside_visible,946.2020526315788,473.704,1
pQyNKRHbjRA_1-1822,900,2,1391.857142857143,38.71428571428572,270.0,338.0,inside_visible,431.747,384.026,0
pQyNKRHbjRA_1-1822,901,1,163.33333333333334,284.6666666666667,290.0,276.99999999999994,inside_visible,945.1048596491228,472.223,1
pQyNKRHbjRA_1-1822,901,2,1391.5,38.5,270.0,338.0,inside_visible,433.27825,383.9635,0
pQyNKRHbjRA_1-1822,902,1,161.16666666666666,283.8333333333333,290.0,277.00000000000006,inside_visible,944.0076666666666,470.742,1
pQyNKRHbjRA_1-1822,902,2,1391.142857142857,38.285714285714285,270.0,338.0,inside_visible,434.8095,383.901,0
pQyNKRHbjRA_1-1822,903,1,159.0,283.0,290.0,277.0,gaze_shift,942.9104736842104,469.261,1
pQyNKRHbjRA_1-1822,903,2,1390.7857142857142,38.07142857142857,270.0,338.0,inside_visible,436.34075,383.8385,0
pQyNKRHbjRA_1-1822,904,1,159.0,283.42857142857144,290.0,278.57142857142856,gaze_shift,941.8132807017544,467.78,1
pQyNKRHbjRA_1-1822,904,2,1390.428571428571,37.85714285714285,270.0,338.0,inside_visible,437.872,383.776,0
pQyNKRHbjRA_1-1822,905,1,159.0,283.85714285714283,290.0,280.1428571428572,gaze_shift,940.7160877192982,466.299,1
pQyNKRHbjRA_1-1822,905,2,1390.071428571429,37.642857142857146,270.0,338.0,inside_visible,439.40325,383.7135,0
pQyNKRHbjRA_1-1822,906,1,159.0,284.2857142857143,290.0,281.7142857142857,gaze_shift,939.618894736842,464.818,1
pQyNKRHbjRA_1-1822,906,2,1389.7142857142858,37.42857142857143,270.0,338.0,inside_visible,440.9345,383.651,0
pQyNKRHbjRA_1-1822,907,1,159.0,284.7142857142857,290.0,283.2857142857143,gaze_shift,938.521701754386,463.337,1
pQyNKRHbjRA_1-1822,907,2,1389.357142857143,37.21428571428572,270.0,338.0,inside_visible,442.46575,383.5885,0
pQyNKRHbjRA_1-1822,908,1,159.0,285.1428571428572,290.0,284.85714285714283,gaze_shift,937.4245087719298,461.856,1
pQyNKRHbjRA_1-1822,908,2,1389.0,37.0,270.0,338.0,inside_visible,443.997,383.526,0
pQyNKRHbjRA_1-1822,909,1,159.0,285.57142857142856,290.0,286.42857142857144,gaze_shift,936.3273157894736,460.375,1
pQyNKRHbjRA_1-1822,909,2,1389.0,37.0,270.91666666666674,338.0,inside_visible,445.52825,383.4635,0
pQyNKRHbjRA_1-1822,910,1,159.0,286.0,290.0,288.0,gaze_shift,935.2301228070176,458.894,1
pQyNKRHbjRA_1-1822,910,2,1389.0,37.0,271.83333333333326,338.0,inside_visible,447.0595,383.401,0
pQyNKRHbjRA_1-1822,911,1,159.5,286.0,290.0,288.0,gaze_shift,934.1329298245614,457.413,1
pQyNKRHbjRA_1-1822,911,2,1389.0,37.0,272.75,338.0,inside_visible,448.59075,383.3385,0
pQyNKRHbjRA_1-1822,912,1,160.0,286.0,290.0,288.0,gaze_shift,933.0357368421052,455.932,1
pQyNKRHbjRA_1-1822,912,2,1389.0,37.0,273.66666666666674,338.0,inside_visible,450.122,383.276,0
pQyNKRHbjRA_1-1822,913,1,160.5,286.0,290.0,288.0,gaze_shift,931.938543859649,454.451,1
pQyNKRHbjRA_1-1822,913,2,1389.0,37.0,274.58333333333326,338.0,inside_visible,451.65325,383.2135,0
pQyNKRHbjRA_1-1822,914,1,161.0,286.0,290.0,288.0,gaze_shift,930.8413508771928,452.97,1
pQyNKRHbjRA_1-1822,914,2,1389.0,37.0,275.5,338.0,inside_visible,453.1845,383.151,0
pQyNKRHbjRA_1-1822,915,1,161.5,286.0,290.0,288.0,gaze_shift,929.7441578947368,451.489,1
pQyNKRHbjRA_1-1822,915,2,1389.0,37.0,276.41666666666674,338.0,inside_visible,454.71575,383.0885,0
pQyNKRHbjRA_1-1822,916,1,162.0,286.0,290.0,288.0,gaze_shift,928.6469649122806,450.008,1
pQyNKRHbjRA_1-1822,916,2,1389.0,37.0,277.33333333333326,338.0,inside_visible,456.247,383.026,0
pQyNKRHbjRA_1-1822,917,1,162.5,286.0,290.0,288.0,gaze_shift,927.5497719298244,448.527,1
pQyNKRHbjRA_1-1822,917,2,1389.0,37.0,278.25,338.0,inside_visible,457.77825,382.9635,0
pQyNKRHbjRA_1-1822,918,1,163.0,286.0,290.0,288.0,gaze_shift,926.4525789473684,447.046,1
pQyNKRHbjRA_1-1822,918,2,1389.0,37.0,279.16666666666674,338.0,inside_visible,459.3095,382.901,0
pQyNKRHbjRA_1-1822,919,1,163.5,286.0,290.0,288.0,gaze_shift,925.3553859649122,445.565,1
pQyNKRHbjRA_1-1822,919,2,1389.0,37.0,280.08333333333326,338.0,inside_visible,460.84075,382.8385,0
pQyNKRHbjRA_1-1822,920,1,164.0,286.0,290.0,288.0,gaze_shift,924.258192982456,444.084,1
pQyNKRHbjRA_1-1822,920,2,1389.0,37.0,281.0,338.0,inside_visible,462.372,382.776,0
pQyNKRHbjRA_1-1822,921,1,164.0,284.4,290.0,288.0,gaze_shift,923.161,442.603,1
pQyNKRHbjRA_1-1822,921,2,1394.3333333333333,33.333333333333336,281.0,338.0,inside_visible,463.90325,382.7135,0
pQyNKRHbjRA_1-1822,922,1,164.0,282.8,290.0,287.99999999999994,inside_visible,926.2278181818182,439.0980909090909,1
pQyNKRHbjRA_1-1822,922,2,1399.6666666666667,29.666666666666668,281.0,338.0,inside_visible,465.4345,382.651,0
pQyNKRHbjRA_1-1822,923,1,164.0,281.2,290.0,288.00000000000006,inside_visible,929.2946363636364,435.59318181818185,1
pQyNKRHbjRA_1-1822,923,2,1405.0,26.0,281.0,338.0,inside_visible,466.96575,382.5885,0
pQyNKRHbjRA_1-1822,924,1,164.0,279.6,290.0,288.0,inside_visible,932.3614545454544,432.0882727272728,1
pQyNKRHbjRA_1-1822,924,2,1405.5,25.6875,281.0,338.0,inside_visible,468.497,382.526,0
pQyNKRHbjRA_1-1822,925,1,164.0,278.0,290.0,288.0,inside_visible,935.4282727272728,428.5833636363636,1
pQyNKRHbjRA_1-1822,925,2,1406.0,25.375,281.0,338.0,inside_visible,470.02825,382.4635,0
pQyNKRHbjRA_1-1822,926,1,165.625,277.625,290.0,288.0,inside_visible,938.4950909090908,425.0784545454545,1
pQyNKRHbjRA_1-1822,926,2,1406.5,25.0625,281.0,338.0,inside_visible,471.5595,382.401,0
pQyNKRHbjRA_1-1822,927,1,167.25,277.25,290.0,288.0,inside_visible,941.561909090909,421.5735454545455,1
pQyNKRHbjRA_1-1822,927,2,1407.0,24.75,281.0,338.0,inside_visible,473.09075,382.3385,0
pQyNKRHbjRA_1-1822,928,1,168.875,276.875,290.0,288.0,inside_visible,944.6287272727272,418.0686363636364,1
pQyNKRHbjRA_1-1822,928,2,1407.5,24.4375,281.0,338.0,inside_visible,474.622,382.276,0
pQyNKRHbjRA_1-1822,929,1,170.5,276.5,290.0,288.0,inside_visible,947.6955454545454,414.5637272727273,1
pQyNKRHbjRA_1-1822,929,2,1408.0,24.125,281.0,338.0,inside_visible,476.15325,382.2135,0
pQyNKRHbjRA_1-1822,930,1,172.125,276.125,290.0,288.0,inside_visible,950.7623636363636,411.0588181818181,1
pQyNKRHbjRA_1-1822,930,2,1408.5,23.8125,281.0,338.0,inside_visible,477.6845,382.151,0
pQyNKRHbjRA_1-1822,931,1,173.75,275.75,290.0,288.0,inside_visible,953.8291818181816,407.5539090909091,1
pQyNKRHbjRA_1-1822,931,2,1409.0,23.5,281.0,338.0,inside_visible,479.21575,382.0885,0
pQyNKRHbjRA_1-1822,932,1,175.375,275.375,290.0,288.0,inside_visible,956.896,404.049,1
pQyNKRHbjRA_1-1822,932,2,1409.5,23.1875,281.0,338.0,inside_visible,480.747,382.026,0
pQyNKRHbjRA_1-1822,933,1,177.0,275.0,290.0,288.0,inside_visible,957.5337619047618,404.04766666666666,1
pQyNKRHbjRA_1-1822,933,2,1410.0,22.875,281.0,338.0,inside_visible,482.27825,381.9635,0
pQyNKRHbjRA_1-1822,934,1,185.0,275.0,290.0,288.0,inside_visible,958.1715238095238,404.0463333333333,1
pQyNKRHbjRA_1-1822,934,2,1410.5,22.5625,281.0,338.0,inside_visible,483.8095,381.901,0
pQyNKRHbjRA_1-1822,935,1,193.0,275.0,290.0,288.0,inside_visible,958.8092857142856,404.045,1
pQyNKRHbjRA_1-1822,935,2,1411.0,22.25,281.0,338.0,inside_visible,485.34075,381.8385,0
pQyNKRHbjRA_1-1822,936,1,202.0,276.0,290.0,288.0,inside_visible,959.4470476190476,404.0436666666666,1
pQyNKRHbjRA_1-1822,936,2,1411.5,21.9375,281.0,338.0,inside_visible,486.872,381.776,0
pQyNKRHbjRA_1-1822,937,1,211.0,277.0,290.0,288.0,inside_visible,960.0848095238094,404.0423333333333,1
pQyNKRHbjRA_1-1822,937,2,1412.0,21.625,281.0,338.0,inside_visible,488.40325,381.7135,0
pQyNKRHbjRA_1-1822,938,1,220.0,278.0,290.0,288.0,inside_visible,960.7225714285714,404.041,1
pQyNKRHbjRA_1-1822,938,2,1412.5,21.3125,281.0,338.0,inside_visible,489.9345,381.651,0
pQyNKRHbjRA_1-1822,939,1,230.0,277.25,290.0,288.0,inside_visible,961.3603333333332,404.0396666666667,1
pQyNKRHbjRA_1-1822,939,2,1413.0,21.0,281.0,338.0,inside_visible,491.46575,381.5885,0
pQyNKRHbjRA_1-1822,940,1,240.0,276.5,290.0,288.0,inside_visible,961.9980952380952,404.0383333333333,1
pQyNKRHbjRA_1-1822,940,2,1412.6,21.25,281.0,338.0,inside_visible,492.997,381.526,0
pQyNKRHbjRA_1-1822,941,1,250.0,275.75,290.0,288.0,inside_visible,962.6358571428572,404.037,1
pQyNKRHbjRA_1-1822,941,2,1412.2,21.5,281.0,338.0,inside_visible,494.52825,381.4635,0
pQyNKRHbjRA_1-1822,942,1,260.0,275.0,290.0,288.0,inside_visible,963.273619047619,404.03566666666666,1
pQyNKRHbjRA_1-1822,942,2,1411.8,21.75,281.0,338.0,inside_visible,496.0595,381.401,0
pQyNKRHbjRA_1-1822,943,1,272.6666666666667,274.0,289.99999999999994,288.0,inside_visible,963.9113809523808,404.0343333333333,1
pQyNKRHbjRA_1-1822,943,2,1411.4,22.0,281.0,338.0,inside_visible,497.59075,381.3385,0
pQyNKRHbjRA_1-1822,944,1,285.3333333333333,273.0,290.00000000000006,288.0,inside_visible,964.5491428571428,404.033,1
pQyNKRHbjRA_1-1822,944,2,1411.0,22.25,281.0,338.0,inside_visible,499.122,381.276,0
pQyNKRHbjRA_1-1822,945,1,298.0,272.0,290.0,288.0,inside_visible,965.1869047619048,404.0316666666666,1
pQyNKRHbjRA_1-1822,945,2,1410.6,22.5,281.0,338.0,inside_visible,506.6775555555556,381.9426666666667,0
pQyNKRHbjRA_1-1822,946,1,302.75,272.75,290.0,288.0,inside_visible,965.8246666666666,404.0303333333333,1
pQyNKRHbjRA_1-1822,946,2,1410.2,22.75,281.0,338.0,inside_visible,514.2331111111112,382.6093333333333,0
pQyNKRHbjRA_1-1822,947,1,307.5,273.5,290.0,288.0,inside_visible,966.4624285714284,404.029,1
pQyNKRHbjRA_1-1822,947,2,1409.8,23.0,281.0,338.0,inside_visible,521.7886666666667,383.276,0
pQyNKRHbjRA_1-1822,948,1,312.25,274.25,290.0,288.0,inside_visible,967.1001904761904,404.0276666666667,1
pQyNKRHbjRA_1-1822,948,2,1409.4,23.25,281.0,338.0,inside_visible,529.3442222222222,383.9426666666667,0
pQyNKRHbjRA_1-1822,949,1,317.0,275.0,290.0,288.0,inside_visible,967.7379523809524,404.0263333333333,1
pQyNKRHbjRA_1-1822,949,2,1409.0,23.5,281.0,338.0,inside_visible,536.8997777777778,384.6093333333333,0
pQyNKRHbjRA_1-1822,950,1,314.8181818181818,274.54545454545456,290.00000000000006,287.99999999999994,inside_visible,968.3757142857144,404.025,1
pQyNKRHbjRA_1-1822,950,2,1408.6,23.75,281.0,338.0,inside_visible,544.4553333333333,385.276,0
pQyNKRHbjRA_1-1822,951,1,312.6363636363636,274.09090909090907,290.0,288.00000000000006,inside_visible,969.013476190476,404.02366666666666,1
pQyNKRHbjRA_1-1822,951,2,1408.2,24.0,281.0,338.0,inside_visible,552.0108888888889,385.9426666666667,0
pQyNKRHbjRA_1-1822,952,1,310.45454545454544,273.6363636363636,290.00000000000006,288.0,inside_visible,969.651238095238,404.0223333333333,1
pQyNKRHbjRA_1-1822,952,2,1407.8,24.25,281.0,338.0,inside_visible,559.5664444444444,386.6093333333333,0
pQyNKRHbjRA_1-1822,953,1,308.27272727272725,273.1818181818182,290.0,287.99999999999994,inside_visible,970.289,404.021,1
pQyNKRHbjRA_1-1822,953,2,1407.4,24.5,281.0,338.0,inside_visible,567.122,387.276,0
pQyNKRHbjRA_1-1822,954,1,306.09090909090907,272.72727272727275,290.00000000000006,288.0,inside_visible,970.926761904762,404.0196666666666,1
pQyNKRHbjRA_1-1822,954,2,1407.0,24.75,281.0,338.0,inside_visible,559.622,384.526,0
pQyNKRHbjRA_1-1822,955,1,303.90909090909093,272.27272727272725,289.99999999999994,288.0,inside_visible,971.5645238095238,404.0183333333333,1
pQyNKRHbjRA_1-1822,955,2,1406.6,25.0,281.0,338.0,inside_visible,552.122,381.776,0
pQyNKRHbjRA_1-1822,956,1,301.72727272727275,271.8181818181818,290.0,288.00000000000006,inside_visible,972.2022857142856,404.017,1
pQyNKRHbjRA_1-1822,956,2,1406.2,25.25,281.0,338.0,inside_visible,544.622,379.026,0
pQyNKRHbjRA_1-1822,957,1,299.54545454545456,271.3636363636364,289.99999999999994,288.0,inside_visible,972.8400476190476,404.0156666666667,1
pQyNKRHbjRA_1-1822,957,2,1405.8,25.5,281.0,338.0,inside_visible,537.122,376.276,0
pQyNKRHbjRA_1-1822,958,1,297.3636363636364,270.90909090909093,290.0,287.99999999999994,inside_visible,973.4778095238096,404.0143333333333,1
pQyNKRHbjRA_1-1822,958,2,1405.4,25.75,281.0,338.0,inside_visible,529.622,373.526,0
pQyNKRHbjRA_1-1822,959,1,295.1818181818182,270.45454545454544,289.99999999999994,288.00000000000006,inside_visible,974.1155714285716,404.013,1
pQyNKRHbjRA_1-1822,959,2,1405.0,26.0,281.0,338.0,inside_visible,522.122,370.776,0
pQyNKRHbjRA_1-1822,960,1,293.0,270.0,290.0,288.0,inside_visible,974.7533333333332,404.01166666666666,1
pQyNKRHbjRA_1-1822,960,2,1405.888888888889,25.444444444444443,281.0,338.0,inside_visible,514.622,368.026,0
pQyNKRHbjRA_1-1822,961,1,286.6666666666667,269.0,289.99999999999994,288.0,inside_visible,975.3910952380952,404.0103333333333,1
pQyNKRHbjRA_1-1822,961,2,1406.7777777777778,24.88888888888889,281.0,338.0,inside_visible,507.122,365.276,0
pQyNKRHbjRA_1-1822,962,1,280.3333333333333,268.0,290.00000000000006,288.0,inside_visible,976.0288571428572,404.009,1
pQyNKRHbjRA_1-1822,962,2,1407.6666666666667,24.33333333333333,281.0,338.0,inside_visible,506.6863564356436,365.4938217821782,0
pQyNKRHbjRA_1-1822,963,1,274.0,267.0,290.0,288.0,inside_visible,976.6666190476192,404.0076666666666,1
pQyNKRHbjRA_1-1822,963,2,1408.5555555555557,23.77777777777778,281.0,338.0,inside_visible,506.25071287128713,365.7116435643565,0
pQyNKRHbjRA_1-1822,964,1,271.8,267.0,289.99999999999994,288.0,inside_visible,977.3043809523808,404.0063333333333,1
pQyNKRHbjRA_1-1822,964,2,1409.4444444444443,23.22222222222222,281.0,338.0,inside_visible,505.8150693069307,365.9294653465346,0
pQyNKRHbjRA_1-1822,965,1,269.6,267.0,290.0,288.0,inside_visible,977.9421428571428,404.005,1
pQyNKRHbjRA_1-1822,965,2,1410.3333333333333,22.666666666666668,281.0,338.0,inside_visible,505.3794257425743,366.1472871287129,0
pQyNKRHbjRA_1-1822,966,1,267.4,267.0,290.0,288.0,inside_visible,978.5799047619048,404.0036666666667,1
pQyNKRHbjRA_1-1822,966,2,1411.2222222222222,22.11111111111111,281.0,338.0,inside_visible,504.9437821782178,366.3651089108911,0
pQyNKRHbjRA_1-1822,967,1,265.2,267.0,290.00000000000006,288.0,inside_visible,979.2176666666668,404.00233333333335,1
pQyNKRHbjRA_1-1822,967,2,1412.111111111111,21.55555555555556,281.0,338.0,inside_visible,504.5081386138614,366.5829306930693,0
pQyNKRHbjRA_1-1822,968,1,263.0,267.0,290.0,288.0,inside_visible,979.8554285714284,404.001,1
pQyNKRHbjRA_1-1822,968,2,1413.0,21.0,281.0,338.0,inside_visible,504.07249504950494,366.8007524752475,0
pQyNKRHbjRA_1-1822,969,1,259.3333333333333,267.0,290.00000000000006,288.0,inside_visible,980.4931904761904,403.99966666666666,1
pQyNKRHbjRA_1-1822,969,2,1414.2222222222222,20.444444444444443,281.0,338.0,inside_visible,503.63685148514855,367.01857425742577,0
pQyNKRHbjRA_1-1822,970,1,255.66666666666663,267.0,290.0,288.0,inside_visible,981.1309523809524,403.9983333333333,1
pQyNKRHbjRA_1-1822,970,2,1415.4444444444443,19.88888888888889,281.0,338.0,inside_visible,503.2012079207921,367.236396039604,0
pQyNKRHbjRA_1-1822,971,1,252.0,267.0,290.0,288.0,inside_visible,981.7687142857144,403.997,1
pQyNKRHbjRA_1-1822,971,2,1416.6666666666667,19.33333333333333,281.0,338.0,inside_visible,502.7655643564357,367.4542178217822,0
pQyNKRHbjRA_1-1822,972,1,253.08333333333331,267.0,290.0,288.0,inside_visible,982.4064761904762,403.9956666666666,1
pQyNKRHbjRA_1-1822,972,2,1417.888888888889,18.77777777777778,281.0,338.0,inside_visible,502.3299207920792,367.6720396039604,0
pQyNKRHbjRA_1-1822,973,1,254.16666666666663,267.0,290.0,288.0,inside_visible,983.044238095238,403.9943333333333,1
pQyNKRHbjRA_1-1822,973,2,1419.111111111111,18.22222222222222,281.0,338.0,inside_visible,501.8942772277228,367.88986138613865,0
pQyNKRHbjRA_1-1822,974,1,255.25,267.0,290.0,288.0,inside_visible,983.682,403.993,1
pQyNKRHbjRA_1-1822,974,2,1420.3333333333333,17.666666666666668,281.0,338.0,inside_visible,501.4586336633664,368.1076831683168,0
pQyNKRHbjRA_1-1822,975,1,256.3333333333333,267.0,290.00000000000006,288.0,inside_visible,1048.462,510.073,1
pQyNKRHbjRA_1-1822,975,2,1421.5555555555557,17.11111111111111,281.0,338.0,inside_visible,501.0229900990099,368.3255049504951,0
pQyNKRHbjRA_1-1822,976,1,257.4166666666667,267.0,289.99999999999994,288.0,inside_visible,1047.5421445783134,510.0200481927711,1
pQyNKRHbjRA_1-1822,976,2,1422.7777777777778,16.555555555555557,281.0,338.0,inside_visible,500.5873465346535,368.5433267326733,0
pQyNKRHbjRA_1-1822,977,1,258.5,267.0,290.0,288.0,inside_visible,1046.6222891566265,509.96709638554216,1
pQyNKRHbjRA_1-1822,977,2,1424.0,16.0,281.0,338.0,inside_visible,500.151702970297,368.7611485148514,0
pQyNKRHbjRA_1-1822,978,1,259.5833333333333,267.0,290.00000000000006,288.0,inside_visible,1045.70243373494,509.91414457831326,1
pQyNKRHbjRA_1-1822,978,2,1424.625,16.25,281.0,338.0,inside_visible,499.7160594059406,368.9789702970297,0
pQyNKRHbjRA_1-1822,979,1,260.6666666666667,267.0,289.99999999999994,288.0,inside_visible,1044.782578313253,509.8611927710843,1
pQyNKRHbjRA_1-1822,979,2,1425.25,16.5,281.0,338.0,inside_visible,499.28041584158416,369.1967920792079,0
pQyNKRHbjRA_1-1822,980,1,261.75,267.0,290.0,288.0,inside_visible,1043.8627228915664,509.8082409638554,1
pQyNKRHbjRA_1-1822,980,2,1425.875,16.75,281.0,338.0,inside_visible,498.8447722772277,369.41461386138616,0
pQyNKRHbjRA_1-1822,981,1,262.8333333333333,267.0,290.00000000000006,288.0,inside_visible,1042.9428674698795,509.7552891566265,1
pQyNKRHbjRA_1-1822,981,2,1426.5,17.0,281.0,338.0,inside_visible,498.4091287128713,369.6324356435644,0
pQyNKRHbjRA_1-1822,982,1,263.9166666666667,267.0,289.99999999999994,288.0,inside_visible,1042.0230120481929,509.7023373493976,1
pQyNKRHbjRA_1-1822,982,2,1427.125,17.25,281.0,338.0,inside_visible,497.9734851485149,369.8502574257426,0
pQyNKRHbjRA_1-1822,983,1,265.0,267.0,290.0,288.0,inside_visible,1041.103156626506,509.6493855421687,1
pQyNKRHbjRA_1-1822,983,2,1427.75,17.5,281.0,338.0,inside_visible,497.53784158415846,370.0680792079208,0
pQyNKRHbjRA_1-1822,984,1,268.25,267.0,290.0,288.0,inside_visible,1040.1833012048194,509.59643373493975,1
pQyNKRHbjRA_1-1822,984,2,1428.375,17.75,281.0,338.0,inside_visible,497.102198019802,370.28590099009904,0
pQyNKRHbjRA_1-1822,985,1,271.5,267.0,290.0,288.0,inside_visible,1039.2634457831325,509.5434819277109,1
pQyNKRHbjRA_1-1822,985,2,1429.0,18.0,281.0,338.0,inside_visible,496.6665544554456,370.5037227722772,0
pQyNKRHbjRA_1-1822,986,1,274.75,267.0,290.0,288.0,inside_visible,1038.343590361446,509.49053012048194,1
pQyNKRHbjRA_1-1822,986,2,1430.0,20.0,281.0,338.0,inside_visible,496.23091089108914,370.7215445544555,0
pQyNKRHbjRA_1-1822,987,1,278.0,267.0,290.0,288.0,inside_visible,1037.423734939759,509.43757831325297,1
pQyNKRHbjRA_1-1822,987,2,1431.0,22.0,281.0,338.0,inside_visible,495.7952673267327,370.93936633663367,0
pQyNKRHbjRA_1-1822,988,1,278.3809523809524,267.0,290.0,288.0,inside_visible,1036.5038795180724,509.38462650602406,1
pQyNKRHbjRA_1-1822,988,2,1432.0,24.0,281.0,338.0,inside_visible,495.35962376237626,371.1571881188119,0
pQyNKRHbjRA_1-1822,989,1,278.7619047619048,267.0,290.00000000000006,288.0,inside_visible,1035.5840240963855,509.3316746987952,1
pQyNKRHbjRA_1-1822,989,2,1433.0833333333333,24.0,281.0,338.0,inside_visible,494.9239801980198,371.3750099009901,0
pQyNKRHbjRA_1-1822,990,1,279.1428571428572,267.0,289.99999999999994,288.0,inside_visible,1034.6641686746989,509.2787228915663,1
pQyNKRHbjRA_1-1822,990,2,1434.1666666666667,24.0,281.0,338.0,inside_visible,494.4883366336634,371.5928316831683,0
pQyNKRHbjRA_1-1822,991,1,279.5238095238095,267.0,290.0,288.0,inside_visible,1033.744313253012,509.2257710843373,1
pQyNKRHbjRA_1-1822,991,2,1435.25,24.0,281.0,338.0,inside_visible,494.0526930693069,371.81065346534655,0
pQyNKRHbjRA_1-1822,992,1,279.9047619047619,267.0,290.0,288.0,inside_visible,1032.8244578313254,509.1728192771084,1
pQyNKRHbjRA_1-1822,992,2,1436.3333333333333,24.0,281.0,338.0,inside_visible,493.6170495049505,372.0284752475248,0
pQyNKRHbjRA_1-1822,993,1,280.2857142857143,267.0,290.00000000000006,288.0,inside_visible,1031.9046024096383,509.1198674698795,1
pQyNKRHbjRA_1-1822,993,2,1437.4166666666667,24.0,281.0,338.0,inside_visible,493.18140594059406,372.246297029703,0
pQyNKRHbjRA_1-1822,994,1,280.6666666666667,267.0,289.99999999999994,288.0,inside_visible,1030.984746987952,509.06691566265056,1
pQyNKRHbjRA_1-1822,994,2,1438.5,24.0,281.0,338.0,inside_visible,492.7457623762376,372.4641188118812,0
pQyNKRHbjRA_1-1822,995,1,281.04761904761904,267.0,290.0,288.0,inside_visible,1030.064891566265,509.0139638554217,1
pQyNKRHbjRA_1-1822,995,2,1439.5833333333333,24.0,281.0,338.0,inside_visible,492.3101188118812,372.6819405940594,0
pQyNKRHbjRA_1-1822,996,1,281.42857142857144,267.0,290.0,288.0,inside_visible,1029.1450361445784,508.9610120481928,1
pQyNKRHbjRA_1-1822,996,2,1440.6666666666667,24.0,281.0,338.0,inside_visible,491.8744752475248,372.8997623762376,0
pQyNKRHbjRA_1-1822,997,1,281.8095238095238,267.0,290.00000000000006,288.0,inside_visible,1028.2251807228915,508.90806024096383,1
pQyNKRHbjRA_1-1822,997,2,1441.75,24.0,281.0,338.0,inside_visible,491.4388316831684,373.1175841584159,0
pQyNKRHbjRA_1-1822,998,1,282.1904761904762,267.0,289.99999999999994,288.0,inside_visible,1027.305325301205,508.8551084337349,1
pQyNKRHbjRA_1-1822,998,2,1442.8333333333333,24.0,281.0,338.0,inside_visible,491.0031881188119,373.33540594059406,0
pQyNKRHbjRA_1-1822,999,1,282.57142857142856,267.0,290.0,288.0,inside_visible,1026.385469879518,508.802156626506,1
pQyNKRHbjRA_1-1822,999,2,1443.9166666666667,24.0,281.0,338.0,inside_visible,490.5675445544555,373.5532277227723,0
pQyNKRHbjRA_1-1822,1000,1,282.95238095238096,267.0,290.0,288.0,inside_visible,1025.4656144578314,508.7492048192771,1
pQyNKRHbjRA_1-1822,1000,2,1445.0,24.0,281.0,338.0,inside_visible,490.13190099009904,373.7710495049505,0
pQyNKRHbjRA_1-1822,1001,1,283.3333333333333,267.0,290.00000000000006,288.0,inside_visible,1024.5457590361443,508.6962530120482,1
pQyNKRHbjRA_1-1822,1001,2,1445.3333333333333,24.0,281.0,338.0,inside_visible,489.6962574257426,373.9888712871288,0
pQyNKRHbjRA_1-1822,1002,1,283.7142857142857,267.0,289.99999999999994,288.0,inside_visible,1023.6259036144578,508.6433012048192,1
pQyNKRHbjRA_1-1822,1002,2,1445.6666666666667,24.0,281.0,338.0,inside_visible,489.26061386138616,374.2066930693069,0
pQyNKRHbjRA_1-1822,1003,1,284.0952380952381,267.0,290.0,288.0,inside_visible,1022.706048192771,508.59034939759033,1
pQyNKRHbjRA_1-1822,1003,2,1446.0,24.0,281.0,338.0,inside_visible,488.8249702970297,374.4245148514852,0
pQyNKRHbjRA_1-1822,1004,1,284.4761904761905,267.0,290.0,288.0,inside_visible,1021.7861927710844,508.5373975903614,1
pQyNKRHbjRA_1-1822,1004,2,1446.3333333333333,24.0,281.0,338.0,inside_visible,488.3893267326733,374.6423366336634,0
pQyNKRHbjRA_1-1822,1005,1,284.85714285714283,267.0,290.00000000000006,288.0,inside_visible,1020.8663373493976,508.4844457831325,1
pQyNKRHbjRA_1-1822,1005,2,1446.6666666666667,24.0,281.0,338.0,inside_visible,487.9536831683168,374.8601584158416,0
pQyNKRHbjRA_1-1822,1006,1,285.23809523809524,267.0,289.99999999999994,288.0,inside_visible,1019.9464819277108,508.4314939759036,1
pQyNKRHbjRA_1-1822,1006,2,1447.0,24.0,281.0,338.0,inside_visible,487.5180396039604,375.0779801980198,0
pQyNKRHbjRA_1-1822,1007,1,285.6190476190476,267.0,290.0,288.0,inside_visible,1019.026626506024,508.3785421686747,1
pQyNKRHbjRA_1-1822,1007,2,1447.3333333333333,24.0,281.0,338.0,inside_visible,487.082396039604,375.295801980198,0
pQyNKRHbjRA_1-1822,1008,1,286.0,267.0,290.0,288.0,inside_visible,1018.1067710843372,508.3255903614458,1
pQyNKRHbjRA_1-1822,1008,2,1447.6666666666667,24.0,281.0,338.0,inside_visible,486.6467524752475,375.51362376237626,0
pQyNKRHbjRA_1-1822,1009,1,286.8181818181818,267.0,290.00000000000006,288.0,inside_visible,1017.1869156626506,508.2726385542168,1
pQyNKRHbjRA_1-1822,1009,2,1448.0,24.0,281.0,338.0,inside_visible,486.2111089108911,375.7314455445545,0
pQyNKRHbjRA_1-1822,1010,1,287.6363636363636,267.0,290.0,288.0,inside_visible,1016.2670602409638,508.2196867469879,1
pQyNKRHbjRA_1-1822,1010,2,1447.5,23.863636363636363,281.0,338.0,inside_visible,485.77546534653465,375.9492673267327,0
pQyNKRHbjRA_1-1822,1011,1,288.45454545454544,267.0,290.00000000000006,288.0,inside_visible,1015.3472048192772,508.166734939759,1
pQyNKRHbjRA_1-1822,1011,2,1447.0,23.727272727272727,281.0,338.0,inside_visible,485.3398217821782,376.1670891089109,0
pQyNKRHbjRA_1-1822,1012,1,289.27272727272725,267.0,290.0,288.0,inside_visible,1014.4273493975904,508.1137831325301,1
pQyNKRHbjRA_1-1822,1012,2,1446.5,23.59090909090909,281.0,338.0,inside_visible,484.9041782178218,376.38491089108913,0
pQyNKRHbjRA_1-1822,1013,1,290.09090909090907,267.0,290.00000000000006,288.0,inside_visible,1013.5074939759036,508.0608313253012,1
pQyNKRHbjRA_1-1822,1013,2,1446.0,23.454545454545453,281.0,338.0,inside_visible,484.4685346534654,376.6027326732673,0
pQyNKRHbjRA_1-1822,1014,1,290.90909090909093,267.0,289.99999999999994,288.0,inside_visible,1012.5876385542168,508.0078795180723,1
pQyNKRHbjRA_1-1822,1014,2,1445.5,23.318181818181817,281.0,338.0,inside_visible,484.03289108910894,376.8205544554456,0
pQyNKRHbjRA_1-1822,1015,1,291.72727272727275,267.0,290.0,288.0,inside_visible,1011.66778313253,507.9549277108434,1
pQyNKRHbjRA_1-1822,1015,2,1445.0,23.181818181818183,281.0,338.0,inside_visible,483.5972475247525,377.03837623762377,0
pQyNKRHbjRA_1-1822,1016,1,292.54545454545456,267.0,289.99999999999994,288.0,inside_visible,1010.7479277108434,507.90197590361447,1
pQyNKRHbjRA_1-1822,1016,2,1444.5,23.045454545454547,281.0,338.0,inside_visible,483.16160396039606,377.256198019802,0
pQyNKRHbjRA_1-1822,1017,1,293.3636363636364,267.0,290.0,288.0,inside_visible,1009.8280722891566,507.8490240963855,1
pQyNKRHbjRA_1-1822,1017,2,1444.0,22.90909090909091,281.0,338.0,inside_visible,482.7259603960396,377.4740198019802,0
pQyNKRHbjRA_1-1822,1018,1,294.1818181818182,267.0,289.99999999999994,288.0,inside_visible,1008.90821686747,507.7960722891566,1
pQyNKRHbjRA_1-1822,1018,2,1443.5,22.772727272727277,281.0,338.0,inside_visible,482.2903168316832,377.6918415841584,0
pQyNKRHbjRA_1-1822,1019,1,295.0,267.0,290.0,288.0,inside_visible,1007.9883614457832,507.7431204819277,1
pQyNKRHbjRA_1-1822,1019,2,1443.0,22.63636363636364,281.0,338.0,inside_visible,481.8546732673268,377.90966336633664,0
pQyNKRHbjRA_1-1822,1020,1,295.8181818181818,267.0,290.00000000000006,288.0,inside_visible,1007.0685060240965,507.6901686746988,1
pQyNKRHbjRA_1-1822,1020,2,1442.5,22.5,281.0,338.0,inside_visible,481.4190297029703,378.1274851485149,0
pQyNKRHbjRA_1-1822,1021,1,296.6363636363636,267.0,290.0,288.0,inside_visible,1006.1486506024096,507.6372168674699,1
pQyNKRHbjRA_1-1822,1021,2,1442.0,22.363636363636363,281.0,338.0,inside_visible,480.98338613861387,378.3453069306931,0
pQyNKRHbjRA_1-1822,1022,1,297.45454545454544,267.0,290.00000000000006,288.0,inside_visible,1005.228795180723,507.58426506024097,1
pQyNKRHbjRA_1-1822,1022,2,1441.5,22.227272727272727,281.0,338.0,inside_visible,480.5477425742574,378.5631287128713,0
pQyNKRHbjRA_1-1822,1023,1,298.27272727272725,267.0,290.0,288.0,inside_visible,1004.3089397590362,507.53131325301206,1
pQyNKRHbjRA_1-1822,1023,2,1441.0,22.09090909090909,281.0,338.0,inside_visible,480.112099009901,378.7809504950495,0
pQyNKRHbjRA_1-1822,1024,1,299.09090909090907,267.0,290.00000000000006,288.0,inside_visible,1003.3890843373496,507.4783614457832,1
pQyNKRHbjRA_1-1822,1024,2,1440.5,21.954545454545453,281.0,338.0,inside_visible,479.67645544554455,378.9987722772277,0
pQyNKRHbjRA_1-1822,1025,1,299.90909090909093,267.0,289.99999999999994,288.0,inside_visible,1002.4692289156628,507.4254096385542,1
pQyNKRHbjRA_1-1822,1025,2,1440.0,21.81818181818182,281.0,338.0,inside_visible,479.2408118811881,379.216594059406,0
pQyNKRHbjRA_1-1822,1026,1,300.72727272727275,267.0,290.0,288.0,inside_visible,1001.549373493976,507.3724578313253,1
pQyNKRHbjRA_1-1822,1026,2,1439.5,21.68181818181818,281.0,338.0,inside_visible,478.80516831683167,379.43441584158415,0
pQyNKRHbjRA_1-1822,1027,1,301.54545454545456,267.0,289.99999999999994,288.0,inside_visible,1000.6295180722892,507.3195060240964,1
pQyNKRHbjRA_1-1822,1027,2,1439.0,21.545454545454547,281.0,338.0,inside_visible,478.3695247524753,379.6522376237624,0
pQyNKRHbjRA_1-1822,1028,1,302.3636363636364,267.0,290.0,288.0,inside_visible,999.7096626506024,507.26655421686746,1
pQyNKRHbjRA_1-1822,1028,2,1438.5,21.40909090909091,281.0,338.0,inside_visible,477.9338811881189,379.8700594059406,0
pQyNKRHbjRA_1-1822,1029,1,303.1818181818182,267.0,289.99999999999994,288.0,inside_visible,998.7898072289156,507.21360240963855,1
pQyNKRHbjRA_1-1822,1029,2,1438.0,21.272727272727277,281.0,338.0,inside_visible,477.4982376237624,380.0878811881189,0
pQyNKRHbjRA_1-1822,1030,1,304.0,267.0,290.0,288.0,inside_visible,997.869951807229,507.1606506024097,1
pQyNKRHbjRA_1-1822,1030,2,1437.5,21.13636363636364,281.0,338.0,inside_visible,477.062594059406,380.305702970297,0
pQyNKRHbjRA_1-1822,1031,1,304.8181818181818,267.0,290.00000000000006,288.0,inside_visible,996.9500963855422,507.1076987951808,1
pQyNKRHbjRA_1-1822,1031,2,1437.0,21.0,281.0,338.0,inside_visible,476.6269504950495,380.5235247524753,0
pQyNKRHbjRA_1-1822,1032,1,305.6363636363636,267.0,290.0,288.0,inside_visible,996.0302409638556,507.0547469879518,1
pQyNKRHbjRA_1-1822,1032,2,1436.0588235294117,21.0,281.0,338.0,inside_visible,476.1913069306931,380.7413465346535,0
pQyNKRHbjRA_1-1822,1033,1,306.45454545454544,267.0,290.00000000000006,288.0,inside_visible,995.1103855421688,507.00179518072287,1
pQyNKRHbjRA_1-1822,1033,2,1435.1176470588234,21.0,281.0,338.0,inside_visible,475.7556633663367,380.95916831683166,0
pQyNKRHbjRA_1-1822,1034,1,307.27272727272725,267.0,290.0,288.0,inside_visible,994.190530120482,506.948843373494,1
pQyNKRHbjRA_1-1822,1034,2,1434.1764705882354,21.0,281.0,338.0,inside_visible,475.3200198019802,381.1769900990099,0
pQyNKRHbjRA_1-1822,1035,1,308.0909090909091,267.0,290.0,288.0,inside_visible,993.2706746987952,506.89589156626505,1
pQyNKRHbjRA_1-1822,1035,2,1433.235294117647,21.0,281.0,338.0,inside_visible,474.88437623762377,381.3948118811881,0
pQyNKRHbjRA_1-1822,1036,1,308.90909090909093,267.0,289.99999999999994,288.0,inside_visible,992.3508192771084,506.84293975903614,1
pQyNKRHbjRA_1-1822,1036,2,1432.2941176470588,21.0,281.0,338.0,inside_visible,474.4487326732673,381.6126336633664,0
pQyNKRHbjRA_1-1822,1037,1,309.72727272727275,267.0,290.0,288.0,inside_visible,991.4309638554216,506.7899879518072,1
pQyNKRHbjRA_1-1822,1037,2,1431.3529411764705,21.0,281.0,338.0,inside_visible,474.0130891089109,381.8304554455445,0
pQyNKRHbjRA_1-1822,1038,1,310.54545454545456,267.0,289.99999999999994,288.0,inside_visible,990.511108433735,506.7370361445783,1
pQyNKRHbjRA_1-1822,1038,2,1430.4117647058824,21.0,281.0,338.0,inside_visible,473.5774455445545,382.0482772277228,0
pQyNKRHbjRA_1-1822,1039,1,311.3636363636364,267.0,290.0,288.0,inside_visible,989.5912530120482,506.6840843373494,1
pQyNKRHbjRA_1-1822,1039,2,1429.470588235294,21.0,281.0,338.0,inside_visible,473.141801980198,382.266099009901,0
pQyNKRHbjRA_1-1822,1040,1,312.1818181818182,267.0,289.99999999999994,288.0,inside_visible,988.6713975903616,506.63113253012045,1
pQyNKRHbjRA_1-1822,1040,2,1428.529411764706,21.0,281.0,338.0,inside_visible,472.7061584158416,382.4839207920792,0
pQyNKRHbjRA_1-1822,1041,1,313.0,267.0,290.0,288.0,inside_visible,987.7515421686747,506.5781807228916,1
pQyNKRHbjRA_1-1822,1041,2,1427.5882352941176,21.0,281.0,338.0,inside_visible,472.27051485148513,382.7017425742574,0
pQyNKRHbjRA_1-1822,1042,1,310.3076923076923,267.84615384615387,289.99999999999994,287.99999999999994,inside_visible,986.831686746988,506.5252289156626,1
pQyNKRHbjRA_1-1822,1042,2,1426.6470588235295,21.0,281.0,338.0,inside_visible,471.8348712871288,382.91956435643567,0
pQyNKRHbjRA_1-1822,1043,1,307.61538461538464,268.6923076923077,290.0,288.00000000000006,inside_visible,985.9118313253013,506.4722771084337,1
pQyNKRHbjRA_1-1822,1043,2,1425.7058823529412,21.0,281.0,338.0,inside_visible,471.3992277227723,383.13738613861386,0
pQyNKRHbjRA_1-1822,1044,1,304.9230769230769,269.53846153846155,290.0,288.0,inside_visible,984.9919759036144,506.4193253012048,1
pQyNKRHbjRA_1-1822,1044,2,1424.764705882353,21.0,281.0,338.0,inside_visible,470.9635841584159,383.3552079207921,0
pQyNKRHbjRA_1-1822,1045,1,302.2307692307692,270.38461538461536,290.00000000000006,288.0,inside_visible,984.0721204819278,506.3663734939759,1
pQyNKRHbjRA_1-1822,1045,2,1423.8235294117646,21.0,281.0,338.0,inside_visible,470.5279405940594,383.5730297029703,0
pQyNKRHbjRA_1-1822,1046,1,299.53846153846155,271.2307692307692,290.0,288.00000000000006,inside_visible,983.152265060241,506.313421686747,1
pQyNKRHbjRA_1-1822,1046,2,1422.8823529411766,21.0,281.0,338.0,inside_visible,470.092297029703,383.79085148514855,0
pQyNKRHbjRA_1-1822,1047,1,296.84615384615387,272.0769230769231,289.99999999999994,288.0,inside_visible,982.2324096385544,506.2604698795181,1
pQyNKRHbjRA_1-1822,1047,2,1421.9411764705883,21.0,281.0,338.0,inside_visible,469.65665346534655,384.00867326732674,0
pQyNKRHbjRA_1-1822,1048,1,294.15384615384613,272.9230769230769,290.00000000000006,288.0,inside_visible,981.3125542168676,506.20751807228913,1
pQyNKRHbjRA_1-1822,1048,2,1421.0,21.0,281.0,338.0,inside_visible,469.2210099009901,384.2264950495049,0
pQyNKRHbjRA_1-1822,1049,1,291.46153846153845,273.7692307692308,290.0,287.99999999999994,inside_visible,980.3926987951808,506.1545662650602,1
pQyNKRHbjRA_1-1822,1049,2,1418.625,21.625,281.0,338.0,inside_visible,468.7853663366337,384.4443168316832,0
pQyNKRHbjRA_1-1822,1050,1,288.7692307692308,274.61538461538464,289.99999999999994,288.0,inside_visible,979.472843373494,506.1016144578313,1
pQyNKRHbjRA_1-1822,1050,2,1416.25,22.25,281.0,338.0,inside_visible,468.3497227722772,384.6621386138614,0
pQyNKRHbjRA_1-1822,1051,1,286.0769230769231,275.46153846153845,290.0,288.0,inside_visible,978.5529879518072,506.0486626506024,1
pQyNKRHbjRA_1-1822,1051,2,1413.875,22.875,281.0,338.0,inside_visible,467.9140792079208,384.8799603960396,0
pQyNKRHbjRA_1-1822,1052,1,283.38461538461536,276.3076923076923,290.0,287.99999999999994,inside_visible,977.6331325301204,505.9957108433735,1
pQyNKRHbjRA_1-1822,1052,2,1411.5,23.5,281.0,338.0,inside_visible,467.4784356435644,385.0977821782178,0
pQyNKRHbjRA_1-1822,1053,1,280.6923076923077,277.15384615384613,290.00000000000006,288.00000000000006,inside_visible,976.7132771084338,505.9427590361446,1
pQyNKRHbjRA_1-1822,1053,2,1409.125,24.125,281.0,338.0,inside_visible,467.0427920792079,385.31560396039606,0
pQyNKRHbjRA_1-1822,1054,1,278.0,278.0,290.0,288.0,inside_visible,975.793421686747,505.8898072289157,1
pQyNKRHbjRA_1-1822,1054,2,1406.75,24.75,281.0,338.0,inside_visible,466.6071485148515,385.5334257425743,0
pQyNKRHbjRA_1-1822,1055,1,273.0,278.8333333333333,290.0,288.00000000000006,inside_visible,974.8735662650604,505.8368554216867,1
pQyNKRHbjRA_1-1822,1055,2,1404.375,25.375,281.0,338.0,inside_visible,466.1715049504951,385.7512475247525,0
pQyNKRHbjRA_1-1822,1056,1,268.0,279.6666666666667,290.0,287.99999999999994,inside_visible,973.9537108433736,505.7839036144578,1
pQyNKRHbjRA_1-1822,1056,2,1402.0,26.0,281.0,338.0,inside_visible,465.73586138613865,385.9690693069307,0
pQyNKRHbjRA_1-1822,1057,1,263.0,280.5,290.0,288.0,inside_visible,973.0338554216868,505.7309518072289,1
pQyNKRHbjRA_1-1822,1057,2,1395.3333333333333,29.666666666666668,281.0,338.0,inside_visible,465.3002178217822,386.18689108910894,0
pQyNKRHbjRA_1-1822,1058,1,258.0,281.3333333333333,290.0,288.00000000000006,inside_visible,972.114,505.678,1
pQyNKRHbjRA_1-1822,1058,2,1388.6666666666667,33.333333333333336,281.0,338.0,inside_visible,464.8645742574258,386.40471287128713,0
pQyNKRHbjRA_1-1822,1059,1,253.0,282.1666666666667,290.0,287.99999999999994,inside_visible,967.002888888889,506.3446666666667,1
pQyNKRHbjRA_1-1822,1059,2,1382.0,37.0,281.0,338.0,inside_visible,464.4289306930693,386.6225346534654,0
pQyNKRHbjRA_1-1822,1060,1,248.0,283.0,290.0,288.0,inside_visible,961.891777777778,507.0113333333333,1
pQyNKRHbjRA_1-1822,1060,2,1375.3333333333333,40.66666666666666,281.0,338.0,inside_visible,463.9932871287129,386.8403564356436,0
pQyNKRHbjRA_1-1822,1061,1,244.0,285.75,290.0,288.0,inside_visible,956.7806666666668,507.678,1
pQyNKRHbjRA_1-1822,1061,2,1368.6666666666667,44.333333333333336,281.0,338.0,inside_visible,463.55764356435645,387.0581782178218,0
pQyNKRHbjRA_1-1822,1062,1,240.0,288.5,290.0,288.0,inside_visible,951.6695555555556,508.3446666666667,1
pQyNKRHbjRA_1-1822,1062,2,1362.0,48.0,281.0,338.0,inside_visible,463.122,387.276,0
pQyNKRHbjRA_1-1822,1063,1,236.0,291.25,290.0,288.0,inside_visible,946.5584444444444,509.0113333333333,1
pQyNKRHbjRA_1-1822,1063,2,1358.3333333333333,50.16666666666666,281.0,338.0,inside_visible,460.7690588235294,387.04070588235294,0
pQyNKRHbjRA_1-1822,1064,1,232.0,294.0,290.0,288.0,inside_visible,941.4473333333334,509.678,1
pQyNKRHbjRA_1-1822,1064,2,1354.6666666666667,52.333333333333336,281.0,338.0,inside_visible,458.41611764705885,386.80541176470587,0
pQyNKRHbjRA_1-1822,1065,1,229.25,295.25,290.0,288.0,inside_visible,936.3362222222222,510.3446666666667,1
pQyNKRHbjRA_1-1822,1065,2,1351.0,54.5,281.0,338.0,inside_visible,456.06317647058825,386.5701176470589,0
pQyNKRHbjRA_1-1822,1066,1,226.5,296.5,290.0,288.0,inside_visible,931.2251111111112,511.0113333333333,1
pQyNKRHbjRA_1-1822,1066,2,1347.3333333333333,56.66666666666666,281.0,338.0,inside_visible,453.7102352941176,386.3348235294118,0
pQyNKRHbjRA_1-1822,1067,1,223.75,297.75,290.0,288.0,inside_visible,926.114,511.678,1
pQyNKRHbjRA_1-1822,1067,2,1343.6666666666667,58.833333333333336,281.0,338.0,inside_visible,451.3572941176471,386.0995294117647,0
pQyNKRHbjRA_1-1822,1068,1,221.0,299.0,290.0,288.0,inside_visible,925.2756904761906,511.82197619047616,1
pQyNKRHbjRA_1-1822,1068,2,1340.0,61.0,281.0,338.0,inside_visible,449.0043529411765,385.8642352941176,0
pQyNKRHbjRA_1-1822,1069,1,218.25,298.625,290.0,288.0,inside_visible,924.437380952381,511.9659523809524,1
pQyNKRHbjRA_1-1822,1069,2,1336.0,61.0,281.0,338.0,inside_visible,446.6514117647059,385.6289411764706,0
pQyNKRHbjRA_1-1822,1070,1,215.5,298.25,290.0,288.0,inside_visible,923.5990714285716,512.1099285714286,1
pQyNKRHbjRA_1-1822,1070,2,1332.0,61.0,281.0,338.0,inside_visible,444.2984705882353,385.3936470588236,0
pQyNKRHbjRA_1-1822,1071,1,212.75,297.875,290.0,288.0,inside_visible,922.760761904762,512.2539047619048,1
pQyNKRHbjRA_1-1822,1071,2,1328.0,61.0,281.0,338.0,inside_visible,441.9455294117647,385.1583529411765,0
pQyNKRHbjRA_1-1822,1072,1,210.0,297.5,290.0,288.0,inside_visible,921.9224523809524,512.397880952381,1
pQyNKRHbjRA_1-1822,1072,2,1324.0,61.0,281.0,338.0,inside_visible,439.5925882352941,384.9230588235294,0
pQyNKRHbjRA_1-1822,1073,1,207.25,297.125,290.0,288.0,inside_visible,921.0841428571428,512.5418571428571,1
pQyNKRHbjRA_1-1822,1073,2,1321.4,60.0,281.0,338.0,inside_visible,437.2396470588236,384.6877647058824,0
pQyNKRHbjRA_1-1822,1074,1,204.5,296.75,290.0,288.0,inside_visible,920.2458333333334,512.6858333333333,1
pQyNKRHbjRA_1-1822,1074,2,1318.8,59.0,281.0,338.0,inside_visible,434.88670588235294,384.4524705882353,0
pQyNKRHbjRA_1-1822,1075,1,201.75,296.375,290.0,288.0,inside_visible,919.4075238095238,512.8298095238096,1
pQyNKRHbjRA_1-1822,1075,2,1316.2,58.0,281.0,338.0,inside_visible,432.5337647058824,384.2171764705882,0
pQyNKRHbjRA_1-1822,1076,1,199.0,296.0,290.0,288.0,inside_visible,918.5692142857145,512.9737857142857,1
pQyNKRHbjRA_1-1822,1076,2,1313.6,57.0,281.0,338.0,inside_visible,430.1808235294118,383.9818823529412,0
pQyNKRHbjRA_1-1822,1077,1,197.0,294.375,290.0,288.0,inside_visible,917.7309047619048,513.1177619047619,1
pQyNKRHbjRA_1-1822,1077,2,1311.0,56.0,281.0,338.0,inside_visible,427.8278823529412,383.74658823529415,0
pQyNKRHbjRA_1-1822,1078,1,195.0,292.75,290.0,288.0,inside_visible,916.8925952380952,513.2617380952381,1
pQyNKRHbjRA_1-1822,1078,2,1303.0,57.25,281.0,338.0,inside_visible,425.4749411764706,383.5112941176471,0
pQyNKRHbjRA_1-1822,1079,1,193.0,291.125,290.0,288.0,inside_visible,916.0542857142856,513.4057142857143,1
pQyNKRHbjRA_1-1822,1079,2,1295.0,58.5,281.0,338.0,inside_visible,423.122,383.276,0
pQyNKRHbjRA_1-1822,1080,1,191.0,289.5,290.0,288.0,inside_visible,915.2159761904762,513.5496904761904,1
pQyNKRHbjRA_1-1822,1080,2,1287.0,59.75,281.0,338.0,inside_visible,420.522,383.20933333333335,0
pQyNKRHbjRA_1-1822,1081,1,189.0,287.875,290.0,288.0,inside_visible,914.3776666666666,513.6936666666667,1
pQyNKRHbjRA_1-1822,1081,2,1279.0,61.0,281.0,338.0,inside_visible,417.922,383.1426666666667,0
pQyNKRHbjRA_1-1822,1082,1,187.0,286.25,290.0,288.0,inside_visible,913.5393571428572,513.8376428571429,1
pQyNKRHbjRA_1-1822,1082,2,1269.5,63.0,281.0,338.0,inside_visible,415.322,383.076,0
pQyNKRHbjRA_1-1822,1083,1,185.0,284.625,290.0,288.0,inside_visible,912.7010476190476,513.981619047619,1
pQyNKRHbjRA_1-1822,1083,2,1260.0,65.0,281.0,338.0,inside_visible,412.722,383.00933333333336,0
pQyNKRHbjRA_1-1822,1084,1,183.0,283.0,290.0,288.0,inside_visible,911.862738095238,514.1255952380952,1
pQyNKRHbjRA_1-1822,1084,2,1250.5,67.0,281.0,338.0,inside_visible,410.122,382.9426666666667,0
pQyNKRHbjRA_1-1822,1085,1,182.54545454545453,281.54545454545456,290.0,287.99999999999994,inside_visible,911.0244285714284,514.2695714285715,1
pQyNKRHbjRA_1-1822,1085,2,1241.0,69.0,281.0,338.0,inside_visible,407.522,382.876,0
pQyNKRHbjRA_1-1822,1086,1,182.0909090909091,280.09090909090907,290.0,288.00000000000006,inside_visible,910.1861190476192,514.4135476190477,1
pQyNKRHbjRA_1-1822,1086,2,1237.0,70.25,281.0,338.0,inside_visible,404.922,382.80933333333337,0
pQyNKRHbjRA_1-1822,1087,1,181.63636363636363,278.6363636363636,290.0,288.0,inside_visible,909.3478095238096,514.5575238095238,1
pQyNKRHbjRA_1-1822,1087,2,1233.0,71.5,281.0,338.0,inside_visible,402.322,382.74266666666665,0
pQyNKRHbjRA_1-1822,1088,1,181.1818181818182,277.1818181818182,290.0,287.99999999999994,inside_visible,908.5095,514.7015,1
pQyNKRHbjRA_1-1822,1088,2,1229.0,72.75,281.0,338.0,inside_visible,399.722,382.676,0
pQyNKRHbjRA_1-1822,1089,1,180.72727272727272,275.72727272727275,290.0,288.0,inside_visible,907.6711904761904,514.8454761904762,1
pQyNKRHbjRA_1-1822,1089,2,1225.0,74.0,281.0,338.0,inside_visible,397.122,382.6093333333333,0
pQyNKRHbjRA_1-1822,1090,1,180.27272727272728,274.27272727272725,290.0,288.0,inside_visible,906.832880952381,514.9894523809523,1
pQyNKRHbjRA_1-1822,1090,2,1220.6666666666667,74.0,281.0,338.0,inside_visible,394.522,382.54266666666666,0
pQyNKRHbjRA_1-1822,1091,1,179.8181818181818,272.8181818181818,290.0,288.00000000000006,inside_visible,905.9945714285716,515.1334285714286,1
pQyNKRHbjRA_1-1822,1091,2,1216.3333333333333,74.0,281.0,338.0,inside_visible,391.922,382.476,0
pQyNKRHbjRA_1-1822,1092,1,179.36363636363637,271.3636363636364,290.0,288.0,inside_visible,905.156261904762,515.2774047619048,1
pQyNKRHbjRA_1-1822,1092,2,1212.0,74.0,281.0,338.0,inside_visible,389.322,382.4093333333333,0
pQyNKRHbjRA_1-1822,1093,1,178.9090909090909,269.90909090909093,290.0,287.99999999999994,inside_visible,904.3179523809524,515.421380952381,1
pQyNKRHbjRA_1-1822,1093,2,1210.9,76.4,281.0,338.0,inside_visible,386.722,382.3426666666667,0
pQyNKRHbjRA_1-1822,1094,1,178.45454545454547,268.45454545454544,290.0,288.00000000000006,inside_visible,903.4796428571428,515.5653571428571,1
pQyNKRHbjRA_1-1822,1094,2,1209.8,78.8,281.0,338.0,inside_visible,384.122,382.276,0
pQyNKRHbjRA_1-1822,1095,1,178.0,267.0,290.0,288.0,inside_visible,902.6413333333334,515.7093333333333,1
pQyNKRHbjRA_1-1822,1095,2,1208.7,81.2,281.0,338.0,inside_visible,381.522,382.20933333333335,0
pQyNKRHbjRA_1-1822,1096,1,174.0,267.0,292.75,288.0,inside_visible,901.8030238095238,515.8533095238096,1
pQyNKRHbjRA_1-1822,1096,2,1207.6,83.6,281.0,338.0,inside_visible,378.922,382.1426666666667,0
pQyNKRHbjRA_1-1822,1097,1,170.0,267.0,295.5,288.0,inside_visible,900.9647142857144,515.9972857142857,1
pQyNKRHbjRA_1-1822,1097,2,1206.5,86.0,281.0,338.0,inside_visible,376.322,382.076,0
pQyNKRHbjRA_1-1822,1098,1,166.0,267.0,298.25,288.0,inside_visible,900.1264047619047,516.1412619047619,1
pQyNKRHbjRA_1-1822,1098,2,1205.4,88.4,281.0,338.0,inside_visible,373.722,382.00933333333336,0
pQyNKRHbjRA_1-1822,1099,1,162.0,267.0,301.0,288.0,inside_visible,899.2880952380953,516.2852380952381,1
pQyNKRHbjRA_1-1822,1099,2,1204.3,90.8,281.0,338.0,inside_visible,371.122,381.9426666666667,0
pQyNKRHbjRA_1-1822,1100,1,158.0,273.75,301.0,288.0,inside_visible,898.4497857142857,516.4292142857144,1
pQyNKRHbjRA_1-1822,1100,2,1203.2,93.2,281.0,338.0,inside_visible,368.5220000000001,381.876,0
pQyNKRHbjRA_1-1822,1101,1,154.0,280.5,301.0,288.0,inside_visible,897.6114761904762,516.5731904761905,1
pQyNKRHbjRA_1-1822,1101,2,1202.1,95.6,281.0,338.0,inside_visible,365.922,381.80933333333337,0
pQyNKRHbjRA_1-1822,1102,1,150.0,287.25,301.0,288.0,inside_visible,896.7731666666666,516.7171666666667,1
pQyNKRHbjRA_1-1822,1102,2,1201.0,98.0,281.0,338.0,inside_visible,363.322,381.74266666666665,0
pQyNKRHbjRA_1-1822,1103,1,146.0,294.0,301.0,288.0,inside_visible,895.9348571428571,516.8611428571429,1
pQyNKRHbjRA_1-1822,1103,2,1195.5,100.5,281.0,338.0,inside_visible,360.722,381.676,0
pQyNKRHbjRA_1-1822,1104,1,136.5,299.5,301.0,288.0,gaze_shift,895.0965476190476,517.005119047619,1
pQyNKRHbjRA_1-1822,1104,2,1190.0,103.0,281.0,338.0,inside_visible,358.122,381.6093333333333,0
pQyNKRHbjRA_1-1822,1105,1,127.0,305.0,301.0,288.0,gaze_shift,894.2582380952381,517.1490952380952,1
pQyNKRHbjRA_1-1822,1105,2,1182.0,108.0,281.0,338.0,inside_visible,355.522,381.54266666666666,0
pQyNKRHbjRA_1-1822,1106,1,116.75,306.25,305.75,288.0,gaze_shift,893.4199285714285,517.2930714285715,1
pQyNKRHbjRA_1-1822,1106,2,1179.3333333333333,110.66666666666669,281.0,338.0,inside_visible,352.922,381.476,0
pQyNKRHbjRA_1-1822,1107,1,106.5,307.5,310.5,288.0,gaze_shift,892.581619047619,517.4370476190477,1
pQyNKRHbjRA_1-1822,1107,2,1176.6666666666667,113.33333333333331,281.0,338.0,inside_visible,350.322,381.4093333333333,0
pQyNKRHbjRA_1-1822,1108,1,96.25,308.75,315.25,288.0,gaze_shift,891.7433095238096,517.5810238095238,1
pQyNKRHbjRA_1-1822,1108,2,1174.0,116.0,281.0,338.0,inside_visible,347.722,381.3426666666667,0
pQyNKRHbjRA_1-1822,1109,1,86.0,310.0,320.0,288.0,gaze_shift,890.905,517.725,1
pQyNKRHbjRA_1-1822,1109,2,1168.5,117.5,281.0,338.0,inside_visible,345.122,381.276,0
pQyNKRHbjRA_1-1822,1110,1,87.6,307.8,320.0,287.99999999999994,inside_visible,1236.114,251.678,1
pQyNKRHbjRA_1-1822,1110,2,1163.0,119.0,281.0,338.0,inside_visible,346.2984705882353,378.9230588235294,0
pQyNKRHbjRA_1-1822,1111,1,89.2,305.6,320.0,288.0,inside_visible,1238.7434285714287,249.0992857142857,1
pQyNKRHbjRA_1-1822,1111,2,1165.75,113.5,281.0,338.0,inside_visible,347.4749411764706,376.5701176470589,0
pQyNKRHbjRA_1-1822,1112,1,90.8,303.4,320.0,288.0,inside_visible,1241.3728571428571,246.52057142857143,1
pQyNKRHbjRA_1-1822,1112,2,1168.5,108.0,281.0,338.0,inside_visible,348.65141176470587,374.2171764705882,0
pQyNKRHbjRA_1-1822,1113,1,92.4,301.2,320.0,288.00000000000006,inside_visible,1244.0022857142858,243.94185714285717,1
pQyNKRHbjRA_1-1822,1113,2,1171.25,102.5,281.0,338.0,inside_visible,349.8278823529412,371.8642352941176,0
pQyNKRHbjRA_1-1822,1114,1,94.0,299.0,320.0,288.0,inside_visible,1246.6317142857142,241.3631428571429,1
pQyNKRHbjRA_1-1822,1114,2,1174.0,97.0,281.0,338.0,inside_visible,351.0043529411765,369.5112941176471,0
pQyNKRHbjRA_1-1822,1115,1,94.6,295.8,320.0,287.99999999999994,inside_visible,1249.2611428571429,238.78442857142855,1
pQyNKRHbjRA_1-1822,1115,2,1177.6666666666667,90.66666666666669,281.0,338.0,inside_visible,352.1808235294118,367.1583529411765,0
pQyNKRHbjRA_1-1822,1116,1,95.2,292.6,320.0,288.0,inside_visible,1251.890571428571,236.2057142857143,1
pQyNKRHbjRA_1-1822,1116,2,1181.3333333333333,84.33333333333333,281.0,338.0,inside_visible,353.3572941176471,364.8054117647059,0
pQyNKRHbjRA_1-1822,1117,1,95.8,289.4,320.0,288.0,inside_visible,1254.52,233.627,1
pQyNKRHbjRA_1-1822,1117,2,1185.0,78.0,281.0,338.0,inside_visible,354.5337647058824,362.4524705882353,0
pQyNKRHbjRA_1-1822,1118,1,96.4,286.2,320.0,288.00000000000006,inside_visible,1257.1494285714286,231.04828571428573,1
pQyNKRHbjRA_1-1822,1118,2,1196.0,73.0,281.0,341.0,inside_visible,355.71023529411764,360.0995294117647,0
pQyNKRHbjRA_1-1822,1119,1,97.0,283.0,320.0,288.0,inside_visible,1259.778857142857,228.4695714285714,1
pQyNKRHbjRA_1-1822,1119,2,1196.0,69.75,281.0,342.25,inside_visible,356.88670588235294,357.7465882352941,0
pQyNKRHbjRA_1-1822,1120,1,96.4,279.2,320.0,288.00000000000006,inside_visible,1262.4082857142855,225.89085714285716,1
pQyNKRHbjRA_1-1822,1120,2,1196.0,66.5,281.0,343.5,inside_visible,358.06317647058825,355.39364705882355,0
pQyNKRHbjRA_1-1822,1121,1,95.8,275.4,320.0,288.0,inside_visible,1265.0377142857142,223.31214285714285,1
pQyNKRHbjRA_1-1822,1121,2,1196.0,63.25,281.0,344.75,inside_visible,359.23964705882355,353.04070588235294,0
pQyNKRHbjRA_1-1822,1122,1,95.2,271.6,320.0,288.0,gaze_shift,1267.6671428571428,220.73342857142856,1
pQyNKRHbjRA_1-1822,1122,2,1196.0,60.0,281.0,346.0,inside_visible,360.41611764705885,350.6877647058824,0
pQyNKRHbjRA_1-1822,1123,1,94.6,267.8,320.0,287.99999999999994,gaze_shift,1270.2965714285713,218.15471428571428,1
pQyNKRHbjRA_1-1822,1123,2,1196.0,57.333333333333336,281.0,347.6666666666667,inside_visible,361.5925882352941,348.3348235294118,0
pQyNKRHbjRA_1-1822,1124,1,94.0,264.0,320.0,288.0,gaze_shift,1272.926,215.576,1
pQyNKRHbjRA_1-1822,1124,2,1196.0,54.66666666666666,281.0,349.3333333333333,inside_visible,362.7690588235294,345.9818823529412,0
pQyNKRHbjRA_1-1822,1125,1,95.14285714285714,263.57142857142856,320.0,288.0,inside_visible,904.841,487.283,1
pQyNKRHbjRA_1-1822,1125,2,1196.0,52.0,281.0,351.0,inside_visible,363.9455294117647,343.6289411764706,0
pQyNKRHbjRA_1-1822,1126,1,96.28571428571428,263.1428571428572,320.0,287.99999999999994,inside_visible,905.8833714285714,486.89317142857146,1
pQyNKRHbjRA_1-1822,1126,2,1202.5,54.5,281.0,351.0,inside_visible,365.122,341.276,0
pQyNKRHbjRA_1-1822,1127,1,97.42857142857144,262.7142857142857,320.0,287.99999999999994,inside_visible,906.9257428571428,486.50334285714285,1
pQyNKRHbjRA_1-1822,1127,2,1209.0,57.0,281.0,351.0,gaze_shift,365.8554,347.7426,0
pQyNKRHbjRA_1-1822,1128,1,98.57142857142856,262.2857142857143,320.0,288.00000000000006,inside_visible,907.9681142857144,486.1135142857143,1
pQyNKRHbjRA_1-1822,1128,2,1215.5,54.5,281.0,351.0,gaze_shift,366.5888,354.2092,0
pQyNKRHbjRA_1-1822,1129,1,99.71428571428572,261.85714285714283,320.0,288.00000000000006,inside_visible,909.0104857142856,485.72368571428575,1
pQyNKRHbjRA_1-1822,1129,2,1222.0,52.0,281.0,351.0,gaze_shift,367.3222,360.6758,0
pQyNKRHbjRA_1-1822,1130,1,100.85714285714286,261.42857142857144,320.0,288.0,inside_visible,910.0528571428572,485.33385714285714,1
pQyNKRHbjRA_1-1822,1130,2,1233.0,42.0,281.0,354.6666666666667,gaze_shift,368.0556,367.1424,0
pQyNKRHbjRA_1-1822,1131,1,102.0,261.0,320.0,288.0,inside_visible,911.0952285714286,484.9440285714286,1
pQyNKRHbjRA_1-1822,1131,2,1244.0,32.0,281.0,358.3333333333333,gaze_shift,368.789,373.609,0
pQyNKRHbjRA_1-1822,1132,1,104.66666666666669,261.0,320.0,288.0,inside_visible,912.1376,484.5542,1
pQyNKRHbjRA_1-1822,1132,2,1255.0,22.0,281.0,362.0,inside_visible,1075.122,639.276,0
pQyNKRHbjRA_1-1822,1133,1,107.33333333333331,261.0,320.0,288.0,inside_visible,913.1799714285714,484.1643714285714,1
pQyNKRHbjRA_1-1822,1133,2,1267.6666666666667,16.666666666666668,281.0,362.0,inside_visible,1078.384,639.7481428571429,0
pQyNKRHbjRA_1-1822,1134,1,110.0,261.0,320.0,288.0,inside_visible,914.2223428571428,483.7745428571429,1
pQyNKRHbjRA_1-1822,1134,2,1280.3333333333333,11.333333333333334,281.0,362.0,inside_visible,1081.646,640.2202857142856,0
pQyNKRHbjRA_1-1822,1135,1,112.66666666666669,261.0,320.0,288.0,inside_visible,915.2647142857144,483.3847142857143,1
pQyNKRHbjRA_1-1822,1135,2,1293.0,6.0,281.0,362.0,inside_visible,1084.908,640.6924285714285,0
pQyNKRHbjRA_1-1822,1136,1,115.33333333333331,261.0,320.0,288.0,inside_visible,916.3070857142856,482.9948857142857,1
pQyNKRHbjRA_1-1822,1136,2,1302.0,4.333333333333334,281.0,357.6666666666667,inside_visible,1088.17,641.1645714285714,0
pQyNKRHbjRA_1-1822,1137,1,118.0,261.0,320.0,288.0,inside_visible,917.3494571428572,482.6050571428572,1
pQyNKRHbjRA_1-1822,1137,2,1311.0,2.666666666666667,281.0,353.3333333333333,inside_visible,1091.432,641.6367142857143,0
pQyNKRHbjRA_1-1822,1138,1,120.16666666666669,259.6666666666667,320.0,287.99999999999994,inside_visible,918.3918285714284,482.2152285714286,1
pQyNKRHbjRA_1-1822,1138,2,1320.0,1.0,281.0,349.0,inside_visible,1094.694,642.1088571428571,0
pQyNKRHbjRA_1-1822,1139,1,122.33333333333331,258.3333333333333,320.0,288.00000000000006,inside_visible,919.4342,481.8254,1
pQyNKRHbjRA_1-1822,1139,2,1331.0,0.5,281.0,349.0,inside_visible,1097.956,642.581,0
pQyNKRHbjRA_1-1822,1140,1,124.5,257.0,320.0,288.0,inside_visible,920.4765714285714,481.43557142857145,1
pQyNKRHbjRA_1-1822,1140,2,1342.0,0.0,281.0,349.0,inside_visible,1095.6225,638.9145000000001,0
pQyNKRHbjRA_1-1822,1141,1,126.66666666666669,255.66666666666663,320.0,288.0,inside_visible,921.5189428571427,481.0457428571429,1
pQyNKRHbjRA_1-1822,1141,2,1350.0,0.0,281.0,349.0,inside_visible,1093.289,635.248,0
pQyNKRHbjRA_1-1822,1142,1,128.83333333333334,254.33333333333331,320.0,288.0,inside_visible,922.5613142857144,480.6559142857143,1
pQyNKRHbjRA_1-1822,1142,2,1358.0,0.0,281.0,349.0,inside_visible,1031.956,560.581,0
pQyNKRHbjRA_1-1822,1143,1,131.0,253.0,320.0,288.0,inside_visible,923.6036857142856,480.26608571428574,1
pQyNKRHbjRA_1-1822,1143,2,1359.5,0.0,281.0,343.5,inside_visible,1032.2287272727272,561.4900909090909,0
pQyNKRHbjRA_1-1822,1144,1,134.66666666666666,253.0,320.0,288.0,inside_visible,924.6460571428572,479.8762571428572,1
pQyNKRHbjRA_1-1822,1144,2,1361.0,0.0,281.0,338.0,inside_visible,1032.5014545454544,562.3991818181819,0
pQyNKRHbjRA_1-1822,1145,1,138.33333333333334,253.0,320.0,288.0,inside_visible,925.6884285714284,479.4864285714286,1
pQyNKRHbjRA_1-1822,1145,2,1363.6666666666667,0.0,281.0,338.0,inside_visible,1032.7741818181817,563.3082727272728,0
pQyNKRHbjRA_1-1822,1146,1,142.0,253.0,320.0,288.0,inside_visible,926.7308,479.0966,1
pQyNKRHbjRA_1-1822,1146,2,1366.3333333333333,0.0,281.0,338.0,inside_visible,1033.046909090909,564.2173636363636,0
pQyNKRHbjRA_1-1822,1147,1,145.66666666666666,254.66666666666663,320.0,288.0,inside_visible,927.7731714285716,478.7067714285714,1
pQyNKRHbjRA_1-1822,1147,2,1369.0,0.0,281.0,338.0,inside_visible,1033.3196363636362,565.1264545454545,0
pQyNKRHbjRA_1-1822,1148,1,149.33333333333334,256.3333333333333,320.0,288.00000000000006,inside_visible,928.8155428571428,478.31694285714286,1
pQyNKRHbjRA_1-1822,1148,2,1371.6666666666667,0.0,281.0,338.0,inside_visible,1033.5923636363636,566.0355454545455,0
pQyNKRHbjRA_1-1822,1149,1,153.0,258.0,320.0,288.0,inside_visible,929.8579142857144,477.9271142857143,1
pQyNKRHbjRA_1-1822,1149,2,1374.3333333333333,0.0,281.0,338.0,inside_visible,1033.865090909091,566.9446363636364,0
pQyNKRHbjRA_1-1822,1150,1,154.77777777777777,257.44444444444446,318.55555555555554,288.55555555555554,inside_visible,930.9002857142856,477.5372857142857,1
pQyNKRHbjRA_1-1822,1150,2,1377.0,0.0,281.0,338.0,inside_visible,1034.137818181818,567.8537272727273,0
pQyNKRHbjRA_1-1822,1151,1,156.55555555555554,256.8888888888889,317.11111111111114,289.1111111111111,inside_visible,931.9426571428572,477.1474571428572,1
pQyNKRHbjRA_1-1822,1151,2,1378.375,0.0,281.0,338.0,inside_visible,1034.4105454545454,568.7628181818181,0
pQyNKRHbjRA_1-1822,1152,1,158.33333333333334,256.3333333333333,315.66666666666663,289.6666666666667,inside_visible,932.9850285714284,476.7576285714286,1
pQyNKRHbjRA_1-1822,1152,2,1379.75,0.0,281.0,338.0,inside_visible,1034.6832727272729,569.6719090909091,0
pQyNKRHbjRA_1-1822,1153,1,160.11111111111111,255.77777777777777,314.2222222222222,290.22222222222223,inside_visible,934.0274,476.3678,1
pQyNKRHbjRA_1-1822,1153,2,1381.125,0.0,281.0,338.0,inside_visible,1034.956,570.581,0
pQyNKRHbjRA_1-1822,1154,1,161.88888888888889,255.22222222222223,312.7777777777778,290.77777777777777,inside_visible,935.0697714285714,475.9779714285714,1
pQyNKRHbjRA_1-1822,1154,2,1382.5,0.0,281.0,338.0,inside_visible,1035.2287272727272,571.4900909090909,0
pQyNKRHbjRA_1-1822,1155,1,163.66666666666666,254.66666666666663,311.33333333333337,291.33333333333337,inside_visible,936.1121428571428,475.5881428571429,1
pQyNKRHbjRA_1-1822,1155,2,1383.875,0.0,281.0,338.0,inside_visible,1035.5014545454544,572.3991818181819,0
pQyNKRHbjRA_1-1822,1156,1,165.44444444444446,254.11111111111111,309.88888888888886,291.8888888888889,inside_visible,937.1545142857142,475.1983142857143,1
pQyNKRHbjRA_1-1822,1156,2,1385.25,0.0,281.0,338.0,inside_visible,1035.7741818181817,573.3082727272728,0
pQyNKRHbjRA_1-1822,1157,1,167.22222222222223,253.55555555555557,308.44444444444446,292.44444444444446,inside_visible,938.1968857142856,474.8084857142857,1
pQyNKRHbjRA_1-1822,1157,2,1386.625,0.0,281.0,338.0,inside_visible,1036.046909090909,574.2173636363636,0
pQyNKRHbjRA_1-1822,1158,1,169.0,253.0,307.0,293.0,inside_visible,939.2392571428572,474.4186571428572,1
pQyNKRHbjRA_1-1822,1158,2,1388.0,0.0,281.0,338.0,inside_visible,1036.3196363636362,575.1264545454545,0
pQyNKRHbjRA_1-1822,1159,1,172.66666666666666,254.0,307.0,293.0,inside_visible,940.2816285714284,474.02882857142856,1
pQyNKRHbjRA_1-1822,1159,2,1388.0,0.0,281.0,340.6,inside_visible,1036.5923636363636,576.0355454545455,0
pQyNKRHbjRA_1-1822,1160,1,176.33333333333334,255.0,307.0,293.0,inside_visible,941.324,473.639,1
pQyNKRHbjRA_1-1822,1160,2,1388.0,0.0,281.0,343.2,inside_visible,1036.865090909091,576.9446363636364,0
pQyNKRHbjRA_1-1822,1161,1,180.0,256.0,307.0,293.0,inside_visible,943.7684444444444,474.9723333333333,1
pQyNKRHbjRA_1-1822,1161,2,1388.0,0.0,281.0,345.8,inside_visible,1037.137818181818,577.8537272727273,0
pQyNKRHbjRA_1-1822,1162,1,183.25,258.75,307.0,293.0,inside_visible,946.2128888888888,476.3056666666667,1
pQyNKRHbjRA_1-1822,1162,2,1388.0,0.0,281.0,348.4,inside_visible,1037.4105454545454,578.7628181818181,0
pQyNKRHbjRA_1-1822,1163,1,186.5,261.5,307.0,293.0,inside_visible,948.6573333333332,477.639,1
pQyNKRHbjRA_1-1822,1163,2,1388.0,0.0,281.0,351.0,inside_visible,1037.6832727272729,579.6719090909091,0
pQyNKRHbjRA_1-1822,1164,1,189.75,264.25,307.0,293.0,inside_visible,951.1017777777778,478.9723333333333,1
pQyNKRHbjRA_1-1822,1164,2,1388.5333333333333,0.0,281.0,351.0,inside_visible,1037.956,580.581,0
pQyNKRHbjRA_1-1822,1165,1,193.0,267.0,307.0,293.0,inside_visible,953.546222222222,480.3056666666667,1
pQyNKRHbjRA_1-1822,1165,2,1389.0666666666666,0.0,281.0,351.0,inside_visible,1037.5559999999998,575.7810000000001,0
pQyNKRHbjRA_1-1822,1166,1,193.7142857142857,266.57142857142856,307.0,293.0,inside_visible,955.9906666666666,481.639,1
pQyNKRHbjRA_1-1822,1166,2,1389.6,0.0,281.0,351.0,inside_visible,1037.156,570.981,0
pQyNKRHbjRA_1-1822,1167,1,194.42857142857144,266.1428571428572,307.0,292.99999999999994,inside_visible,958.435111111111,482.9723333333333,1
pQyNKRHbjRA_1-1822,1167,2,1390.1333333333334,0.0,281.0,351.0,inside_visible,1036.756,566.181,0
pQyNKRHbjRA_1-1822,1168,1,195.14285714285717,265.7142857142857,307.0,292.99999999999994,inside_visible,960.8795555555556,484.3056666666667,1
pQyNKRHbjRA_1-1822,1168,2,1390.6666666666667,0.0,281.0,351.0,inside_visible,1036.356,561.381,0
pQyNKRHbjRA_1-1822,1169,1,195.8571428571429,265.2857142857143,307.0,293.00000000000006,inside_visible,963.324,485.639,1
pQyNKRHbjRA_1-1822,1169,2,1391.2,0.0,281.0,351.0,inside_visible,1035.956,556.581,0
pQyNKRHbjRA_1-1822,1170,1,196.57142857142856,264.85714285714283,307.0,293.00000000000006,inside_visible,963.9906,485.839,1
pQyNKRHbjRA_1-1822,1170,2,1391.7333333333331,0.0,281.0,351.0,gaze_shift,1039.956,562.081,0
pQyNKRHbjRA_1-1822,1171,1,197.28571428571428,264.42857142857144,307.0,293.0,inside_visible,964.6572,486.039,1
pQyNKRHbjRA_1-1822,1171,2,1392.2666666666669,0.0,281.0,351.0,gaze_shift,1043.956,567.581,0
pQyNKRHbjRA_1-1822,1172,1,198.0,264.0,307.0,293.0,inside_visible,965.3238,486.239,1
pQyNKRHbjRA_1-1822,1172,2,1392.8,0.0,281.0,351.0,gaze_shift,1047.956,573.081,0
pQyNKRHbjRA_1-1822,1173,1,201.0,275.0,307.0,293.0,inside_visible,965.9904,486.439,1
pQyNKRHbjRA_1-1822,1173,2,1393.3333333333333,0.0,281.0,351.0,inside_visible,419.956,378.581,0
pQyNKRHbjRA_1-1822,1174,1,199.66666666666663,272.0,307.0,293.0,inside_visible,966.657,486.639,1
pQyNKRHbjRA_1-1822,1174,2,1393.8666666666666,0.0,281.0,351.0,inside_visible,424.295,375.6998,0
pQyNKRHbjRA_1-1822,1175,1,198.33333333333331,269.0,307.0,293.0,inside_visible,943.324,455.639,1
pQyNKRHbjRA_1-1822,1175,2,1394.4,0.0,281.0,351.0,inside_visible,428.634,372.8186,0
pQyNKRHbjRA_1-1822,1176,1,197.0,266.0,307.0,293.0,inside_visible,942.5236909090908,455.2869090909091,1
pQyNKRHbjRA_1-1822,1176,2,1394.9333333333334,0.0,281.0,351.0,inside_visible,432.973,369.9374,0
pQyNKRHbjRA_1-1822,1177,1,196.4,266.04,307.0,292.99999999999994,inside_visible,941.7233818181818,454.9348181818182,1
pQyNKRHbjRA_1-1822,1177,2,1395.4666666666667,0.0,281.0,351.0,inside_visible,437.312,367.0562,0
pQyNKRHbjRA_1-1822,1178,1,195.8,266.08,307.0,293.00000000000006,inside_visible,940.9230727272728,454.58272727272725,1
pQyNKRHbjRA_1-1822,1178,2,1396.0,0.0,281.0,351.0,inside_visible,441.651,364.175,0
pQyNKRHbjRA_1-1822,1179,1,195.2,266.12,307.0,293.0,inside_visible,940.1227636363636,454.2306363636364,1
pQyNKRHbjRA_1-1822,1179,2,1396.0,0.0,281.0,351.0,inside_visible,1149.19,678.094,0
pQyNKRHbjRA_1-1822,1180,1,194.6,266.16,307.0,292.99999999999994,inside_visible,939.3224545454544,453.8785454545455,1
pQyNKRHbjRA_1-1822,1180,2,1396.0,0.0,281.0,351.0,inside_visible,1142.729,674.679,0
pQyNKRHbjRA_1-1822,1181,1,194.0,266.2,307.0,293.00000000000006,inside_visible,938.5221454545456,453.52645454545456,1
pQyNKRHbjRA_1-1822,1181,2,1396.0,0.0,281.0,351.0,inside_visible,1126.729,664.679,0
pQyNKRHbjRA_1-1822,1182,1,193.4,266.24,307.0,293.0,inside_visible,937.7218363636364,453.1743636363637,1
pQyNKRHbjRA_1-1822,1182,2,1396.0,0.0,281.0,351.0,inside_visible,1130.3956666666668,667.6313333333333,0
pQyNKRHbjRA_1-1822,1183,1,192.8,266.28,307.0,293.0,inside_visible,936.9215272727272,452.8222727272727,1
pQyNKRHbjRA_1-1822,1183,2,1396.0,0.0,281.0,351.0,inside_visible,1134.0623333333333,670.5836666666667,0
pQyNKRHbjRA_1-1822,1184,1,192.2,266.32,307.0,293.00000000000006,inside_visible,936.121218181818,452.4701818181818,1
pQyNKRHbjRA_1-1822,1184,2,1396.0,0.0,281.0,351.0,inside_visible,1137.729,673.5360000000001,0
pQyNKRHbjRA_1-1822,1185,1,191.6,266.36,307.0,293.0,inside_visible,935.320909090909,452.1180909090909,1
pQyNKRHbjRA_1-1822,1185,2,1396.0,0.0,281.0,351.0,inside_visible,1141.3956666666668,676.4883333333333,0
pQyNKRHbjRA_1-1822,1186,1,191.0,266.4,307.0,293.0,inside_visible,934.5206,451.766,1
pQyNKRHbjRA_1-1822,1186,2,1396.0,0.0,281.0,351.0,gaze_shift,1145.0623333333333,679.4406666666666,0
pQyNKRHbjRA_1-1822,1187,1,190.4,266.44,307.0,293.00000000000006,inside_visible,933.7202909090907,451.4139090909091,1
pQyNKRHbjRA_1-1822,1187,2,1395.5217391304348,0.1304347826086956,281.0,351.0,gaze_shift,1148.729,682.393,0
pQyNKRHbjRA_1-1822,1188,1,189.8,266.48,307.0,293.0,inside_visible,932.9199818181818,451.0618181818182,1
pQyNKRHbjRA_1-1822,1188,2,1395.0434782608695,0.2608695652173913,281.0,351.0,inside_visible,398.729,358.679,0
pQyNKRHbjRA_1-1822,1189,1,189.2,266.52,307.0,293.0,inside_visible,932.1196727272728,450.70972727272726,1
pQyNKRHbjRA_1-1822,1189,2,1394.5652173913045,0.3913043478260869,281.0,351.0,inside_visible,397.8453333333333,357.9895555555555,0
pQyNKRHbjRA_1-1822,1190,1,188.6,266.56,307.0,292.99999999999994,inside_visible,931.3193636363636,450.3576363636364,1
pQyNKRHbjRA_1-1822,1190,2,1394.0869565217392,0.5217391304347826,281.0,351.0,inside_visible,396.9616666666666,357.3001111111111,0
pQyNKRHbjRA_1-1822,1191,1,188.0,266.6,307.0,293.0,inside_visible,930.5190545454544,450.0055454545455,1
pQyNKRHbjRA_1-1822,1191,2,1393.608695652174,0.6521739130434783,281.0,351.0,inside_visible,396.078,356.61066666666665,0
pQyNKRHbjRA_1-1822,1192,1,187.4,266.64,307.0,293.0,inside_visible,929.7187454545456,449.65345454545457,1
pQyNKRHbjRA_1-1822,1192,2,1393.1304347826087,0.7826086956521738,281.0,351.0,inside_visible,395.1943333333333,355.9212222222222,0
pQyNKRHbjRA_1-1822,1193,1,186.8,266.68,307.0,292.99999999999994,inside_visible,928.9184363636364,449.3013636363637,1
pQyNKRHbjRA_1-1822,1193,2,1392.6521739130435,0.9130434782608696,281.0,351.0,inside_visible,394.3106666666667,355.2317777777778,0
pQyNKRHbjRA_1-1822,1194,1,186.2,266.72,307.0,293.0,inside_visible,928.1181272727272,448.9492727272727,1
pQyNKRHbjRA_1-1822,1194,2,1392.1739130434785,1.0434782608695652,281.0,351.0,inside_visible,393.427,354.5423333333333,0
pQyNKRHbjRA_1-1822,1195,1,185.6,266.76,307.0,293.0,inside_visible,927.3178181818182,448.5971818181818,1
pQyNKRHbjRA_1-1822,1195,2,1391.695652173913,1.173913043478261,281.0,351.0,inside_visible,392.54333333333335,353.85288888888886,0
pQyNKRHbjRA_1-1822,1196,1,185.0,266.8,307.0,292.99999999999994,inside_visible,926.517509090909,448.2450909090909,1
pQyNKRHbjRA_1-1822,1196,2,1391.2173913043478,1.3043478260869563,281.0,351.0,inside_visible,391.6596666666667,353.16344444444445,0
pQyNKRHbjRA_1-1822,1197,1,184.4,266.84,307.0,293.00000000000006,inside_visible,925.7172,447.893,1
pQyNKRHbjRA_1-1822,1197,2,1390.7391304347825,1.4347826086956523,281.0,351.0,inside_visible,390.776,352.474,0
pQyNKRHbjRA_1-1822,1198,1,183.8,266.88,307.0,293.0,inside_visible,924.9168909090909,447.5409090909091,1
pQyNKRHbjRA_1-1822,1198,2,1390.2608695652175,1.5652173913043477,281.0,351.0,inside_visible,1076.559,611.785,0
pQyNKRHbjRA_1-1822,1199,1,183.2,266.92,307.0,292.99999999999994,inside_visible,924.1165818181818,447.1888181818182,1
pQyNKRHbjRA_1-1822,1199,2,1389.7826086956522,1.6956521739130437,281.0,351.0,inside_visible,1053.9264642857142,602.3914285714285,0
pQyNKRHbjRA_1-1822,1200,1,182.6,266.96,307.0,293.00000000000006,inside_visible,923.3162727272728,446.8367272727273,1
pQyNKRHbjRA_1-1822,1200,2,1389.304347826087,1.8260869565217392,281.0,351.0,inside_visible,1031.2939285714283,592.9978571428571,0
pQyNKRHbjRA_1-1822,1201,1,182.0,267.0,307.0,293.0,inside_visible,922.5159636363636,446.4846363636364,1
pQyNKRHbjRA_1-1822,1201,2,1388.8260869565215,1.9565217391304348,281.0,351.0,inside_visible,1008.6613928571428,583.6042857142857,0
pQyNKRHbjRA_1-1822,1202,1,181.3846153846154,267.2307692307692,307.0,293.00000000000006,inside_visible,921.7156545454544,446.13254545454544,1
pQyNKRHbjRA_1-1822,1202,2,1388.3478260869565,2.0869565217391304,281.0,351.0,inside_visible,986.0288571428572,574.2107142857143,0
pQyNKRHbjRA_1-1822,1203,1,180.7692307692308,267.46153846153845,307.0,293.0,inside_visible,920.9153454545454,445.7804545454546,1
pQyNKRHbjRA_1-1822,1203,2,1387.8695652173913,2.217391304347826,281.0,351.0,inside_visible,963.3963214285714,564.8171428571428,0
pQyNKRHbjRA_1-1822,1204,1,180.15384615384616,267.6923076923077,307.0,293.00000000000006,inside_visible,920.1150363636364,445.42836363636366,1
pQyNKRHbjRA_1-1822,1204,2,1387.391304347826,2.347826086956522,281.0,351.0,inside_visible,940.7637857142856,555.4235714285714,0
pQyNKRHbjRA_1-1822,1205,1,179.53846153846155,267.9230769230769,307.0,293.0,gaze_shift,919.3147272727272,445.0762727272728,1
pQyNKRHbjRA_1-1822,1205,2,1386.9130434782608,2.4782608695652173,281.0,351.0,inside_visible,918.13125,546.03,0
pQyNKRHbjRA_1-1822,1206,1,178.92307692307693,268.15384615384613,307.0,293.00000000000006,gaze_shift,918.5144181818182,444.7241818181818,1
pQyNKRHbjRA_1-1822,1206,2,1386.4347826086955,2.608695652173913,281.0,351.0,inside_visible,895.4987142857143,536.6364285714285,0
pQyNKRHbjRA_1-1822,1207,1,178.30769230769232,268.38461538461536,307.0,293.0,gaze_shift,917.7141090909092,444.3720909090909,1
pQyNKRHbjRA_1-1822,1207,2,1385.9565217391305,2.7391304347826084,281.0,351.0,inside_visible,872.8661785714285,527.2428571428571,0
pQyNKRHbjRA_1-1822,1208,1,177.69230769230768,268.61538461538464,307.0,293.0,gaze_shift,916.9138,444.02,1
pQyNKRHbjRA_1-1822,1208,2,1385.4782608695652,2.8695652173913047,281.0,351.0,inside_visible,850.2336428571429,517.8492857142857,0
pQyNKRHbjRA_1-1822,1209,1,177.07692307692307,268.84615384615387,307.0,292.99999999999994,gaze_shift,916.113490909091,443.6679090909091,1
pQyNKRHbjRA_1-1822,1209,2,1385.0,3.0,281.0,351.0,inside_visible,827.6011071428571,508.4557142857143,0
pQyNKRHbjRA_1-1822,1210,1,176.46153846153845,269.0769230769231,307.0,293.0,gaze_shift,915.3131818181818,443.3158181818182,1
pQyNKRHbjRA_1-1822,1210,2,1384.5416666666667,2.875,281.0,351.0,inside_visible,804.9685714285714,499.0621428571428,0
pQyNKRHbjRA_1-1822,1211,1,175.84615384615384,269.3076923076923,307.0,292.99999999999994,gaze_shift,914.5128727272728,442.9637272727273,1
pQyNKRHbjRA_1-1822,1211,2,1384.0833333333333,2.75,281.0,351.0,inside_visible,782.3360357142857,489.6685714285714,0
pQyNKRHbjRA_1-1822,1212,1,175.23076923076923,269.53846153846155,307.0,293.0,gaze_shift,913.7125636363636,442.6116363636364,1
pQyNKRHbjRA_1-1822,1212,2,1383.625,2.625,281.0,351.0,inside_visible,759.7035,480.275,0
pQyNKRHbjRA_1-1822,1213,1,174.6153846153846,269.7692307692308,307.0,292.99999999999994,gaze_shift,912.9122545454544,442.2595454545455,1
pQyNKRHbjRA_1-1822,1213,2,1383.1666666666667,2.5,281.0,351.0,inside_visible,737.0709642857142,470.88142857142856,0
pQyNKRHbjRA_1-1822,1214,1,174.0,270.0,307.0,293.0,gaze_shift,912.1119454545454,441.9074545454545,1
pQyNKRHbjRA_1-1822,1214,2,1382.7083333333333,2.375,281.0,351.0,inside_visible,714.4384285714286,461.48785714285714,0
pQyNKRHbjRA_1-1822,1215,1,174.78571428571428,270.0,307.0,293.0,gaze_shift,911.3116363636364,441.55536363636367,1
pQyNKRHbjRA_1-1822,1215,2,1382.25,2.25,281.0,351.0,inside_visible,691.8058928571429,452.0942857142857,0
pQyNKRHbjRA_1-1822,1216,1,175.57142857142858,270.0,307.0,293.0,gaze_shift,910.5113272727272,441.2032727272728,1
pQyNKRHbjRA_1-1822,1216,2,1381.7916666666667,2.125,281.0,351.0,inside_visible,669.1733571428571,442.70071428571424,0
pQyNKRHbjRA_1-1822,1217,1,176.35714285714286,270.0,307.0,293.0,gaze_shift,909.7110181818182,440.8511818181818,1
pQyNKRHbjRA_1-1822,1217,2,1381.3333333333333,2.0,281.0,351.0,inside_visible,646.5408214285713,433.3071428571428,0
pQyNKRHbjRA_1-1822,1218,1,177.14285714285714,270.0,307.0,293.0,inside_visible,908.9107090909092,440.4990909090909,1
pQyNKRHbjRA_1-1822,1218,2,1380.875,1.875,281.0,351.0,inside_visible,623.9082857142857,423.9135714285714,0
pQyNKRHbjRA_1-1822,1219,1,177.92857142857142,270.0,307.0,293.0,inside_visible,908.1104,440.147,1
pQyNKRHbjRA_1-1822,1219,2,1380.4166666666667,1.75,281.0,351.0,inside_visible,601.27575,414.52,0
pQyNKRHbjRA_1-1822,1220,1,178.71428571428572,270.0,307.0,293.0,inside_visible,907.310090909091,439.7949090909091,1
pQyNKRHbjRA_1-1822,1220,2,1379.9583333333333,1.625,281.0,351.0,inside_visible,578.6432142857143,405.12642857142856,0
pQyNKRHbjRA_1-1822,1221,1,179.5,270.0,307.0,293.0,inside_visible,906.509781818182,439.4428181818182,1
pQyNKRHbjRA_1-1822,1221,2,1379.5,1.5,281.0,351.0,inside_visible,556.0106785714286,395.73285714285714,0
pQyNKRHbjRA_1-1822,1222,1,180.28571428571428,270.0,307.0,293.0,inside_visible,905.7094727272728,439.0907272727273,1
pQyNKRHbjRA_1-1822,1222,2,1379.0416666666667,1.375,281.0,351.0,inside_visible,533.3781428571428,386.3392857142857,0
pQyNKRHbjRA_1-1822,1223,1,181.07142857142856,270.0,307.0,293.0,inside_visible,904.9091636363636,438.7386363636364,1
pQyNKRHbjRA_1-1822,1223,2,1378.5833333333333,1.25,281.0,351.0,inside_visible,510.7456071428571,376.9457142857143,0
pQyNKRHbjRA_1-1822,1224,1,181.8571428571429,270.0,307.0,293.0,inside_visible,904.1088545454544,438.3865454545455,1
pQyNKRHbjRA_1-1822,1224,2,1378.125,1.125,281.0,351.0,gaze_shift,488.1130714285714,367.5521428571428,0
pQyNKRHbjRA_1-1822,1225,1,182.64285714285717,270.0,307.0,293.0,inside_visible,903.3085454545454,438.03445454545454,1
pQyNKRHbjRA_1-1822,1225,2,1377.6666666666667,1.0,281.0,351.0,gaze_shift,465.4805357142857,358.1585714285714,0
pQyNKRHbjRA_1-1822,1226,1,183.42857142857144,270.0,307.0,293.0,inside_visible,902.5082363636365,437.6823636363636,1
pQyNKRHbjRA_1-1822,1226,2,1377.2083333333333,0.875,281.0,351.0,gaze_shift,442.848,348.765,0
pQyNKRHbjRA_1-1822,1227,1,184.2142857142857,270.0,307.0,293.0,inside_visible,901.7079272727271,437.3302727272727,1
pQyNKRHbjRA_1-1822,1227,2,1376.75,0.75,281.0,351.0,inside_visible,465.787,355.943,0
pQyNKRHbjRA_1-1822,1228,1,185.0,270.0,307.0,293.0,inside_visible,900.9076181818182,436.9781818181818,1
pQyNKRHbjRA_1-1822,1228,2,1376.2916666666667,0.625,281.0,351.0,inside_visible,457.787,356.943,0
pQyNKRHbjRA_1-1822,1229,1,185.15,269.2,307.0,293.00000000000006,inside_visible,900.1073090909091,436.6260909090909,1
pQyNKRHbjRA_1-1822,1229,2,1375.8333333333333,0.5,281.0,351.0,inside_visible,461.787,358.60966666666667,0
pQyNKRHbjRA_1-1822,1230,1,185.3,268.4,307.0,293.0,inside_visible,899.307,436.274,1
pQyNKRHbjRA_1-1822,1230,2,1375.375,0.375,281.0,351.0,inside_visible,465.787,360.2763333333333,0
pQyNKRHbjRA_1-1822,1231,1,185.45,267.6,307.0,293.0,inside_visible,903.8524545454544,439.0012727272728,1
pQyNKRHbjRA_1-1822,1231,2,1374.9166666666667,0.25,281.0,351.0,inside_visible,469.787,361.943,0
pQyNKRHbjRA_1-1822,1232,1,185.6,266.8,307.0,292.99999999999994,inside_visible,908.3979090909093,441.72854545454544,1
pQyNKRHbjRA_1-1822,1232,2,1374.4583333333333,0.125,281.0,351.0,inside_visible,469.76478504672895,361.6844672897196,0
pQyNKRHbjRA_1-1822,1233,1,185.75,266.0,307.0,293.0,gaze_shift,912.9433636363636,444.4558181818182,1
pQyNKRHbjRA_1-1822,1233,2,1374.0,0.0,281.0,351.0,inside_visible,469.7425700934579,361.4259345794392,0
pQyNKRHbjRA_1-1822,1234,1,185.9,265.2,307.0,293.00000000000006,gaze_shift,917.488818181818,447.1830909090909,1
pQyNKRHbjRA_1-1822,1234,2,1374.0,0.0,281.0,350.2352941176471,inside_visible,469.7203551401869,361.1674018691589,0
pQyNKRHbjRA_1-1822,1235,1,186.05,264.4,307.0,293.0,gaze_shift,922.0342727272728,449.9103636363636,1
pQyNKRHbjRA_1-1822,1235,2,1374.0,0.0,281.0,349.47058823529414,inside_visible,469.6981401869159,360.9088691588785,0
pQyNKRHbjRA_1-1822,1236,1,186.2,263.6,307.0,293.0,gaze_shift,926.5797272727272,452.6376363636364,1
pQyNKRHbjRA_1-1822,1236,2,1374.0,0.0,281.0,348.7058823529412,inside_visible,469.6759252336448,360.6503364485981,0
pQyNKRHbjRA_1-1822,1237,1,186.35,262.8,307.0,292.99999999999994,gaze_shift,931.125181818182,455.36490909090907,1
pQyNKRHbjRA_1-1822,1237,2,1374.0,0.0,281.0,347.94117647058823,inside_visible,469.6537102803738,360.3918037383177,0
pQyNKRHbjRA_1-1822,1238,1,186.5,262.0,307.0,293.0,gaze_shift,935.6706363636364,458.0921818181818,1
pQyNKRHbjRA_1-1822,1238,2,1374.0,0.0,281.0,347.1764705882353,inside_visible,469.6314953271028,360.13327102803737,0
pQyNKRHbjRA_1-1822,1239,1,186.65,261.2,307.0,293.00000000000006,gaze_shift,940.2160909090908,460.81945454545456,1
pQyNKRHbjRA_1-1822,1239,2,1374.0,0.0,281.0,346.4117647058824,inside_visible,469.6092803738318,359.87473831775696,0
pQyNKRHbjRA_1-1822,1240,1,186.8,260.4,307.0,293.0,gaze_shift,944.7615454545456,463.54672727272725,1
pQyNKRHbjRA_1-1822,1240,2,1374.0,0.0,281.0,345.6470588235294,inside_visible,469.5870654205608,359.6162056074766,0
pQyNKRHbjRA_1-1822,1241,1,186.95,259.6,307.0,293.0,gaze_shift,949.307,466.274,1
pQyNKRHbjRA_1-1822,1241,2,1374.0,0.0,281.0,344.88235294117646,inside_visible,469.5648504672897,359.35767289719627,0
pQyNKRHbjRA_1-1822,1242,1,187.1,258.8,307.0,292.99999999999994,inside_visible,949.307,447.274,1
pQyNKRHbjRA_1-1822,1242,2,1374.0,0.0,281.0,344.11764705882354,inside_visible,469.5426355140187,359.09914018691586,0
pQyNKRHbjRA_1-1822,1243,1,187.25,258.0,307.0,293.0,inside_visible,949.307,428.274,1
pQyNKRHbjRA_1-1822,1243,2,1374.0,0.0,281.0,343.3529411764706,inside_visible,469.52042056074765,358.8406074766355,0
pQyNKRHbjRA_1-1822,1244,1,187.4,257.2,307.0,293.00000000000006,inside_visible,949.307,409.274,1
pQyNKRHbjRA_1-1822,1244,2,1374.0,0.0,281.0,342.5882352941176,inside_visible,469.4982056074766,358.5820747663551,0
pQyNKRHbjRA_1-1822,1245,1,187.55,256.4,307.0,293.0,inside_visible,949.307,390.274,1
pQyNKRHbjRA_1-1822,1245,2,1374.0,0.0,281.0,341.8235294117647,inside_visible,469.4759906542056,358.3235420560748,0
pQyNKRHbjRA_1-1822,1246,1,187.7,255.6,307.0,293.0,inside_visible,924.307,390.274,1
pQyNKRHbjRA_1-1822,1246,2,1374.0,0.0,281.0,341.05882352941177,inside_visible,469.45377570093456,358.06500934579435,0
pQyNKRHbjRA_1-1822,1247,1,187.85,254.8,307.0,292.99999999999994,inside_visible,899.307,390.274,1
pQyNKRHbjRA_1-1822,1247,2,1374.0,0.0,281.0,340.29411764705884,inside_visible,469.4315607476635,357.806476635514,0
pQyNKRHbjRA_1-1822,1248,1,188.0,254.0,307.0,293.0,inside_visible,956.307,498.274,1
pQyNKRHbjRA_1-1822,1248,2,1374.0,0.0,281.0,339.52941176470586,inside_visible,469.4093457943925,357.54794392523365,0
pQyNKRHbjRA_1-1822,1249,1,189.0,254.0,307.0,293.0,inside_visible,1013.307,606.274,1
pQyNKRHbjRA_1-1822,1249,2,1374.0,0.0,281.0,338.7647058823529,inside_visible,469.3871308411215,357.28941121495325,0
pQyNKRHbjRA_1-1822,1250,1,190.0,254.0,307.0,293.0,inside_visible,1016.307,597.274,1
pQyNKRHbjRA_1-1822,1250,2,1374.0,0.0,281.0,338.0,inside_visible,469.3649158878504,357.0308785046729,0
pQyNKRHbjRA_1-1822,1251,1,191.0,254.0,307.0,293.0,inside_visible,1019.307,588.274,1
pQyNKRHbjRA_1-1822,1251,2,1378.4,0.0,281.5999999999999,336.4,inside_visible,469.3427009345794,356.7723457943925,0
pQyNKRHbjRA_1-1822,1252,1,192.0,254.0,307.0,293.0,inside_visible,1021.265,606.775,1
pQyNKRHbjRA_1-1822,1252,2,1382.8,0.0,282.20000000000005,334.8,inside_visible,469.3204859813084,356.51381308411214,0
pQyNKRHbjRA_1-1822,1253,1,193.0,254.0,307.0,293.0,inside_visible,1022.2933142857142,605.9568285714286,1
pQyNKRHbjRA_1-1822,1253,2,1387.2,0.0,282.79999999999995,333.2,inside_visible,469.2982710280374,356.25528037383174,0
pQyNKRHbjRA_1-1822,1254,1,194.0,254.0,307.0,293.0,inside_visible,1023.3216285714286,605.1386571428571,1
pQyNKRHbjRA_1-1822,1254,2,1391.6,0.0,283.4000000000001,331.6,inside_visible,469.2760560747664,355.9967476635514,0
pQyNKRHbjRA_1-1822,1255,1,195.0,254.0,307.0,293.0,inside_visible,1024.3499428571429,604.3204857142857,1
pQyNKRHbjRA_1-1822,1255,2,1396.0,0.0,284.0,330.0,inside_visible,469.2538411214953,355.738214953271,0
pQyNKRHbjRA_1-1822,1256,1,196.0,254.0,307.0,293.0,inside_visible,1025.3782571428571,603.5023142857143,1
pQyNKRHbjRA_1-1822,1256,2,1396.6,0.0,284.0,330.0,inside_visible,469.2316261682243,355.47968224299063,0
pQyNKRHbjRA_1-1822,1257,1,196.44444444444449,253.72222222222223,307.0,292.99999999999994,inside_visible,1026.4065714285714,602.6841428571429,1
pQyNKRHbjRA_1-1822,1257,2,1397.2,0.0,284.0,330.0,inside_visible,469.20941121495326,355.2211495327103,0
pQyNKRHbjRA_1-1822,1258,1,196.88888888888889,253.44444444444449,307.0,293.0,inside_visible,1027.4348857142857,601.8659714285714,1
pQyNKRHbjRA_1-1822,1258,2,1397.8,0.0,284.0,330.0,inside_visible,469.18719626168223,354.9626168224299,0
pQyNKRHbjRA_1-1822,1259,1,197.33333333333331,253.16666666666663,307.0,293.0,inside_visible,1028.4632,601.0477999999999,1
pQyNKRHbjRA_1-1822,1259,2,1398.4,0.0,284.0,330.0,inside_visible,469.1649813084112,354.7040841121496,0
pQyNKRHbjRA_1-1822,1260,1,197.77777777777777,252.88888888888889,307.0,293.0,inside_visible,1029.4915142857144,600.2296285714285,1
pQyNKRHbjRA_1-1822,1260,2,1399.0,0.0,284.0,330.0,inside_visible,469.14276635514017,354.4455514018691,0
pQyNKRHbjRA_1-1822,1261,1,198.22222222222223,252.61111111111111,307.0,293.0,inside_visible,1030.519828571429,599.4114571428571,1
pQyNKRHbjRA_1-1822,1261,2,1398.2727272727273,0.0,284.0,330.0,inside_visible,469.12055140186914,354.1870186915888,0
pQyNKRHbjRA_1-1822,1262,1,198.66666666666663,252.33333333333331,307.0,293.0,inside_visible,1031.548142857143,598.5932857142857,1
pQyNKRHbjRA_1-1822,1262,2,1397.5454545454545,0.0,284.0,330.0,inside_visible,469.0983364485981,353.9284859813084,0
pQyNKRHbjRA_1-1822,1263,1,199.11111111111111,252.05555555555557,307.0,293.0,inside_visible,1032.5764571428572,597.7751142857143,1
pQyNKRHbjRA_1-1822,1263,2,1396.8181818181818,0.0,284.0,330.0,inside_visible,469.0761214953271,353.669953271028,0
pQyNKRHbjRA_1-1822,1264,1,199.55555555555557,251.77777777777777,307.0,293.00000000000006,inside_visible,1033.6047714285714,596.9569428571428,1
pQyNKRHbjRA_1-1822,1264,2,1396.090909090909,0.0,284.0,330.0,inside_visible,469.053906542056,353.4114205607476,0
pQyNKRHbjRA_1-1822,1265,1,200.0,251.5,307.0,293.0,inside_visible,1034.6330857142857,596.1387714285714,1
pQyNKRHbjRA_1-1822,1265,2,1395.3636363636365,0.0,284.0,330.0,inside_visible,469.03169158878507,353.15288785046727,0
pQyNKRHbjRA_1-1822,1266,1,200.44444444444449,251.22222222222223,307.0,292.99999999999994,inside_visible,1035.6614,595.3206,1
pQyNKRHbjRA_1-1822,1266,2,1394.6363636363635,0.0,284.0,330.0,inside_visible,469.009476635514,352.8943551401869,0
pQyNKRHbjRA_1-1822,1267,1,200.88888888888889,250.94444444444449,307.0,293.0,inside_visible,1036.6897142857142,594.5024285714286,1
pQyNKRHbjRA_1-1822,1267,2,1393.909090909091,0.0,284.0,330.0,inside_visible,468.987261682243,352.6358224299065,0
pQyNKRHbjRA_1-1822,1268,1,201.33333333333331,250.66666666666663,307.0,293.0,inside_visible,1037.7180285714287,593.6842571428572,1
pQyNKRHbjRA_1-1822,1268,2,1393.1818181818182,0.0,284.0,330.0,inside_visible,468.965046728972,352.37728971962616,0
pQyNKRHbjRA_1-1822,1269,1,201.77777777777777,250.38888888888889,307.0,293.0,inside_visible,1038.746342857143,592.8660857142858,1
pQyNKRHbjRA_1-1822,1269,2,1392.4545454545455,0.0,284.0,330.0,inside_visible,468.94283177570094,352.11875700934576,0
pQyNKRHbjRA_1-1822,1270,1,202.22222222222223,250.11111111111111,307.0,293.0,inside_visible,1039.7746571428572,592.0479142857142,1
pQyNKRHbjRA_1-1822,1270,2,1391.7272727272727,0.0,284.0,330.0,inside_visible,468.9206168224299,351.8602242990654,0
pQyNKRHbjRA_1-1822,1271,1,202.66666666666663,249.83333333333331,307.0,293.0,inside_visible,1040.8029714285717,591.2297428571428,1
pQyNKRHbjRA_1-1822,1271,2,1391.0,0.0,284.0,330.0,inside_visible,468.8984018691589,351.601691588785,0
pQyNKRHbjRA_1-1822,1272,1,203.11111111111111,249.55555555555557,307.0,293.0,inside_visible,1041.8312857142855,590.4115714285714,1
pQyNKRHbjRA_1-1822,1272,2,1391.0,0.0,284.29999999999995,328.7,inside_visible,468.87618691588784,351.34315887850465,0
pQyNKRHbjRA_1-1822,1273,1,203.55555555555557,249.27777777777777,307.0,293.00000000000006,inside_visible,1042.8596,589.5934,1
pQyNKRHbjRA_1-1822,1273,2,1391.0,0.0,284.5999999999999,327.4,inside_visible,468.8539719626168,351.0846261682243,0
pQyNKRHbjRA_1-1822,1274,1,204.0,249.0,307.0,293.0,inside_visible,1043.8879142857145,588.7752285714286,1
pQyNKRHbjRA_1-1822,1274,2,1391.0,0.0,284.9000000000001,326.1,inside_visible,468.8317570093458,350.8260934579439,0
pQyNKRHbjRA_1-1822,1275,1,206.66666666666663,248.0,307.0,293.0,inside_visible,1044.9162285714283,587.9570571428571,1
pQyNKRHbjRA_1-1822,1275,2,1391.0,0.0,285.20000000000005,324.8,inside_visible,468.8095420560748,350.56756074766355,0
pQyNKRHbjRA_1-1822,1276,1,209.33333333333331,247.0,307.0,293.0,inside_visible,1045.944542857143,587.1388857142857,1
pQyNKRHbjRA_1-1822,1276,2,1391.0,0.0,285.5,323.5,inside_visible,468.7873271028037,350.30902803738314,0
pQyNKRHbjRA_1-1822,1277,1,212.0,246.0,307.0,293.0,inside_visible,1046.9728571428573,586.3207142857143,1
pQyNKRHbjRA_1-1822,1277,2,1391.0,0.0,285.79999999999995,322.2,inside_visible,468.7651121495327,350.0504953271028,0
pQyNKRHbjRA_1-1822,1278,1,213.0,245.0,307.0,293.0,inside_visible,1048.0011714285715,585.5025428571429,1
pQyNKRHbjRA_1-1822,1278,2,1391.0,0.0,286.0999999999999,320.9,inside_visible,468.7428971962617,349.7919626168224,0
pQyNKRHbjRA_1-1822,1279,1,214.0,244.0,307.0,293.0,inside_visible,1049.0294857142858,584.6843714285715,1
pQyNKRHbjRA_1-1822,1279,2,1391.0,0.0,286.4000000000001,319.6,inside_visible,468.7206822429907,349.53342990654204,0
pQyNKRHbjRA_1-1822,1280,1,215.0,243.0,307.0,293.0,inside_visible,1050.0578,583.8662,1
pQyNKRHbjRA_1-1822,1280,2,1391.0,0.0,286.70000000000005,318.3,inside_visible,468.6984672897197,349.27489719626163,0
pQyNKRHbjRA_1-1822,1281,1,216.0,242.0,307.0,293.0,inside_visible,1051.0861142857143,583.0480285714286,1
pQyNKRHbjRA_1-1822,1281,2,1391.0,0.0,287.0,317.0,inside_visible,468.6762523364486,349.0163644859813,0
pQyNKRHbjRA_1-1822,1282,1,217.0,241.0,307.0,293.0,inside_visible,1052.1144285714286,582.2298571428571,1
pQyNKRHbjRA_1-1822,1282,2,1392.0,0.0,287.0,317.0,inside_visible,468.6540373831776,348.75783177570094,0
pQyNKRHbjRA_1-1822,1283,1,218.0,240.0,307.0,293.0,inside_visible,1053.1427428571428,581.4116857142857,1
pQyNKRHbjRA_1-1822,1283,2,1393.0,0.0,287.0,317.0,inside_visible,468.63182242990655,348.49929906542053,0
pQyNKRHbjRA_1-1822,1284,1,219.0,239.0,307.0,293.0,inside_visible,1054.1710571428573,580.5935142857143,1
pQyNKRHbjRA_1-1822,1284,2,1394.0,0.0,287.0,317.0,inside_visible,468.6096074766355,348.2407663551402,0
pQyNKRHbjRA_1-1822,1285,1,220.0,238.0,307.0,293.0,inside_visible,1055.1993714285716,579.7753428571428,1
pQyNKRHbjRA_1-1822,1285,2,1395.0,0.0,287.0,317.0,inside_visible,468.5873925233645,347.9822336448598,0
pQyNKRHbjRA_1-1822,1286,1,219.63636363636363,237.5,307.0,293.0,inside_visible,1056.2276857142858,578.9571714285714,1
pQyNKRHbjRA_1-1822,1286,2,1396.0,0.0,287.0,317.0,inside_visible,468.5651775700935,347.7237009345794,0
pQyNKRHbjRA_1-1822,1287,1,219.27272727272728,237.0,307.0,293.0,inside_visible,1057.256,578.139,1
pQyNKRHbjRA_1-1822,1287,2,1397.0,0.0,287.0,317.0,inside_visible,468.5429626168224,347.465168224299,0
pQyNKRHbjRA_1-1822,1288,1,218.9090909090909,236.5,307.0,293.0,inside_visible,1051.141,577.607,1
pQyNKRHbjRA_1-1822,1288,2,1398.0,0.0,287.0,317.0,inside_visible,468.5207476635514,347.20663551401867,0
pQyNKRHbjRA_1-1822,1289,1,218.54545454545453,236.0,307.0,293.0,inside_visible,1051.5228000000002,577.7706,1
pQyNKRHbjRA_1-1822,1289,2,1399.0,0.0,287.0,317.0,inside_visible,468.4985327102804,346.9481028037383,0
pQyNKRHbjRA_1-1822,1290,1,218.1818181818182,235.5,306.99999999999994,293.0,inside_visible,1051.9046,577.9342,1
pQyNKRHbjRA_1-1822,1290,2,1399.3,0.0,285.9000000000001,315.9,inside_visible,468.4763177570093,346.6895700934579,0
pQyNKRHbjRA_1-1822,1291,1,217.8181818181818,235.0,307.00000000000006,293.0,inside_visible,1052.2864,578.0978,1
pQyNKRHbjRA_1-1822,1291,2,1399.6,0.0,284.8000000000002,314.8,inside_visible,468.4541028037383,346.4310373831776,0
pQyNKRHbjRA_1-1822,1292,1,217.45454545454547,234.5,307.0,293.0,inside_visible,1052.6682,578.2614,1
pQyNKRHbjRA_1-1822,1292,2,1399.9,0.0,283.6999999999998,313.7,inside_visible,468.4318878504673,346.1725046728972,0
pQyNKRHbjRA_1-1822,1293,1,217.0909090909091,234.0,307.0,293.0,inside_visible,1053.0500000000002,578.425,1
pQyNKRHbjRA_1-1822,1293,2,1400.2,0.0,282.5999999999999,312.6,inside_visible,468.4096728971963,345.9139719626168,0
pQyNKRHbjRA_1-1822,1294,1,216.72727272727272,233.5,307.0,293.0,inside_visible,1053.4318,578.5886,1
pQyNKRHbjRA_1-1822,1294,2,1400.5,0.0,281.5,311.5,inside_visible,468.38745794392526,345.6554392523364,0
pQyNKRHbjRA_1-1822,1295,1,216.3636363636364,233.0,307.0,293.0,inside_visible,1053.8136,578.7522,1
pQyNKRHbjRA_1-1822,1295,2,1400.8,0.0,280.4000000000001,310.4,inside_visible,468.3652429906542,345.39690654205606,0
pQyNKRHbjRA_1-1822,1296,1,216.0,232.5,307.0,293.0,inside_visible,1054.1954,578.9158,1
pQyNKRHbjRA_1-1822,1296,2,1401.1,0.0,279.3000000000002,309.3,inside_visible,468.3430280373832,345.13837383177565,0
pQyNKRHbjRA_1-1822,1297,1,215.63636363636363,232.0,307.0,293.0,gaze_shift,1054.5772000000002,579.0794000000001,1
pQyNKRHbjRA_1-1822,1297,2,1401.4,0.0,278.1999999999998,308.2,inside_visible,468.32081308411216,344.8798411214953,0
pQyNKRHbjRA_1-1822,1298,1,215.27272727272728,231.5,307.0,293.0,gaze_shift,1054.959,579.243,1
pQyNKRHbjRA_1-1822,1298,2,1401.7,0.0,277.0999999999999,307.1,inside_visible,468.2985981308411,344.6213084112149,0
pQyNKRHbjRA_1-1822,1299,1,214.9090909090909,231.0,307.0,293.0,inside_visible,1449.141,163.60699999999997,1
pQyNKRHbjRA_1-1822,1299,2,1402.0,0.0,276.0,306.0,inside_visible,468.2763831775701,344.3627757009345,0
pQyNKRHbjRA_1-1822,1300,1,214.54545454545453,230.5,307.0,293.0,inside_visible,1448.411980769231,163.5250769230769,1
pQyNKRHbjRA_1-1822,1300,2,1400.8181818181818,0.0,276.0,306.0,inside_visible,468.2541682242991,344.1042429906542,0
pQyNKRHbjRA_1-1822,1301,1,214.1818181818182,230.0,306.99999999999994,293.0,inside_visible,1447.6829615384615,163.44315384615385,1
pQyNKRHbjRA_1-1822,1301,2,1399.6363636363635,0.0,276.0,306.0,inside_visible,468.231953271028,343.8457102803738,0
pQyNKRHbjRA_1-1822,1302,1,213.8181818181818,229.5,307.00000000000006,293.0,inside_visible,1446.9539423076924,163.36123076923076,1
pQyNKRHbjRA_1-1822,1302,2,1398.4545454545455,0.0,276.0,306.0,inside_visible,468.209738317757,343.58717757009344,0
pQyNKRHbjRA_1-1822,1303,1,213.45454545454547,229.0,307.0,293.0,inside_visible,1446.2249230769232,163.2793076923077,1
pQyNKRHbjRA_1-1822,1303,2,1397.2727272727273,0.0,276.0,306.0,inside_visible,468.187523364486,343.32864485981304,0
pQyNKRHbjRA_1-1822,1304,1,213.0909090909091,228.5,307.0,293.0,inside_visible,1445.495903846154,163.1973846153846,1
pQyNKRHbjRA_1-1822,1304,2,1396.090909090909,0.0,276.0,306.0,inside_visible,468.1653084112149,343.0701121495327,0
pQyNKRHbjRA_1-1822,1305,1,212.72727272727272,228.0,307.0,293.0,inside_visible,1444.7668846153847,163.11546153846157,1
pQyNKRHbjRA_1-1822,1305,2,1394.909090909091,0.0,276.0,306.0,inside_visible,468.143093457944,342.81157943925234,0
pQyNKRHbjRA_1-1822,1306,1,212.3636363636364,227.5,307.0,293.0,inside_visible,1444.0378653846155,163.03353846153846,1
pQyNKRHbjRA_1-1822,1306,2,1393.7272727272727,0.0,276.0,306.0,inside_visible,468.1208785046729,342.55304672897194,0
pQyNKRHbjRA_1-1822,1307,1,212.0,227.0,307.0,293.0,inside_visible,1443.3088461538462,162.9516153846154,1
pQyNKRHbjRA_1-1822,1307,2,1392.5454545454545,0.0,276.0,306.0,inside_visible,468.0986635514019,342.2945140186916,0
pQyNKRHbjRA_1-1822,1308,1,212.3125,226.6875,307.0,293.0,inside_visible,1442.579826923077,162.8696923076923,1
pQyNKRHbjRA_1-1822,1308,2,1391.3636363636365,0.0,276.0,306.0,inside_visible,468.07644859813087,342.0359813084112,0
pQyNKRHbjRA_1-1822,1309,1,212.625,226.375,307.0,293.0,inside_visible,1441.850807692308,162.78776923076924,1
pQyNKRHbjRA_1-1822,1309,2,1390.1818181818182,0.0,276.0,306.0,inside_visible,468.05423364485983,341.77744859813083,0
pQyNKRHbjRA_1-1822,1310,1,212.9375,226.0625,307.0,293.0,inside_visible,1441.1217884615385,162.70584615384615,1
pQyNKRHbjRA_1-1822,1310,2,1389.0,0.0,276.0,306.0,inside_visible,468.0320186915888,341.5189158878504,0
pQyNKRHbjRA_1-1822,1311,1,213.25,225.75,307.0,293.0,inside_visible,1440.392769230769,162.6239230769231,1
pQyNKRHbjRA_1-1822,1311,2,1386.8,0.0,276.0,306.0,inside_visible,468.00980373831777,341.2603831775701,0
pQyNKRHbjRA_1-1822,1312,1,213.5625,225.4375,307.0,293.0,inside_visible,1439.6637500000002,162.542,1
pQyNKRHbjRA_1-1822,1312,2,1384.6,0.0,276.0,306.0,inside_visible,467.98758878504674,341.00185046728967,0
pQyNKRHbjRA_1-1822,1313,1,213.875,225.125,307.0,293.0,inside_visible,1438.9347307692308,162.4600769230769,1
pQyNKRHbjRA_1-1822,1313,2,1382.4,0.0,276.0,306.0,inside_visible,467.9653738317757,340.7433177570093,0
pQyNKRHbjRA_1-1822,1314,1,214.1875,224.8125,307.0,293.0,inside_visible,1438.2057115384616,162.37815384615385,1
pQyNKRHbjRA_1-1822,1314,2,1380.2,0.0,276.0,306.0,inside_visible,467.9431588785047,340.484785046729,0
pQyNKRHbjRA_1-1822,1315,1,214.5,224.5,307.0,293.0,inside_visible,1437.4766923076922,162.29623076923076,1
pQyNKRHbjRA_1-1822,1315,2,1378.0,0.0,276.0,306.0,inside_visible,467.9209439252336,340.22625233644857,0
pQyNKRHbjRA_1-1822,1316,1,214.8125,224.1875,307.0,293.0,inside_visible,1436.747673076923,162.2143076923077,1
pQyNKRHbjRA_1-1822,1316,2,1377.3846153846157,0.0,276.0,306.0,inside_visible,467.8987289719626,339.9677196261682,0
pQyNKRHbjRA_1-1822,1317,1,215.125,223.875,307.0,293.0,inside_visible,1436.018653846154,162.1323846153846,1
pQyNKRHbjRA_1-1822,1317,2,1376.7692307692307,0.0,276.0,306.0,inside_visible,467.8765140186916,339.7091869158878,0
pQyNKRHbjRA_1-1822,1318,1,215.4375,223.5625,307.0,293.0,inside_visible,1435.2896346153846,162.05046153846155,1
pQyNKRHbjRA_1-1822,1318,2,1376.1538461538462,0.0,276.0,306.0,inside_visible,467.8542990654206,339.45065420560746,0
pQyNKRHbjRA_1-1822,1319,1,215.75,223.25,307.0,293.0,inside_visible,1434.5606153846154,161.96853846153846,1
pQyNKRHbjRA_1-1822,1319,2,1375.5384615384614,0.0,276.0,306.0,inside_visible,467.8320841121496,339.19212149532706,0
pQyNKRHbjRA_1-1822,1320,1,216.0625,222.9375,307.0,293.0,inside_visible,1433.8315961538462,161.8866153846154,1
pQyNKRHbjRA_1-1822,1320,2,1374.923076923077,0.0,276.0,306.0,inside_visible,467.80986915887854,338.9335887850467,0
pQyNKRHbjRA_1-1822,1321,1,216.375,222.625,307.0,293.0,inside_visible,1433.1025769230769,161.8046923076923,1
pQyNKRHbjRA_1-1822,1321,2,1374.3076923076924,0.0,276.0,306.0,inside_visible,467.7876542056075,338.6750560747663,0
pQyNKRHbjRA_1-1822,1322,1,216.6875,222.3125,307.0,293.0,inside_visible,1432.3735576923077,161.72276923076925,1
pQyNKRHbjRA_1-1822,1322,2,1373.6923076923076,0.0,276.0,306.0,inside_visible,467.7654392523365,338.41652336448595,0
pQyNKRHbjRA_1-1822,1323,1,217.0,222.0,307.0,293.0,inside_visible,1431.6445384615386,161.64084615384616,1
pQyNKRHbjRA_1-1822,1323,2,1373.076923076923,0.0,276.0,306.0,inside_visible,467.7432242990655,338.1579906542056,0
pQyNKRHbjRA_1-1822,1324,1,216.8846153846154,221.69230769230768,307.0,293.00000000000006,inside_visible,1430.9155192307692,161.5589230769231,1
pQyNKRHbjRA_1-1822,1324,2,1372.4615384615386,0.0,276.0,306.0,inside_visible,467.7210093457944,337.8994579439252,0
pQyNKRHbjRA_1-1822,1325,1,216.7692307692308,221.3846153846154,306.99999999999994,293.0,inside_visible,1430.1865,161.477,1
pQyNKRHbjRA_1-1822,1325,2,1371.8461538461538,0.0,276.0,306.0,inside_visible,467.6987943925234,337.64092523364485,0
pQyNKRHbjRA_1-1822,1326,1,216.65384615384616,221.07692307692307,307.0,293.0,inside_visible,1429.4574807692309,161.3950769230769,1
pQyNKRHbjRA_1-1822,1326,2,1371.2307692307693,0.0,276.0,306.0,inside_visible,467.6765794392524,337.38239252336444,0
pQyNKRHbjRA_1-1822,1327,1,216.53846153846155,220.7692307692308,307.0,292.99999999999994,inside_visible,1428.7284615384615,161.31315384615385,1
pQyNKRHbjRA_1-1822,1327,2,1370.6153846153843,0.0,276.0,306.0,inside_visible,467.6543644859813,337.1238598130841,0
pQyNKRHbjRA_1-1822,1328,1,216.42307692307693,220.46153846153845,307.0,293.0,inside_visible,1427.9994423076923,161.23123076923076,1
pQyNKRHbjRA_1-1822,1328,2,1370.0,0.0,276.0,306.0,inside_visible,467.6321495327103,336.8653271028037,0
pQyNKRHbjRA_1-1822,1329,1,216.30769230769232,220.15384615384616,306.99999999999994,293.0,inside_visible,1427.2704230769232,161.1493076923077,1
pQyNKRHbjRA_1-1822,1329,2,1369.6190476190477,0.0,276.0,306.0,inside_visible,467.60993457943925,336.60679439252334,0
pQyNKRHbjRA_1-1822,1330,1,216.19230769230768,219.84615384615384,307.00000000000006,293.0,inside_visible,1426.5414038461538,161.0673846153846,1
pQyNKRHbjRA_1-1822,1330,2,1369.2380952380952,0.0,276.0,306.0,inside_visible,467.5877196261682,336.348261682243,0
pQyNKRHbjRA_1-1822,1331,1,216.07692307692307,219.53846153846155,307.0,293.0,inside_visible,1425.8123846153846,160.98546153846155,1
pQyNKRHbjRA_1-1822,1331,2,1368.857142857143,0.0,276.0,306.0,inside_visible,467.5655046728972,336.0897289719626,0
pQyNKRHbjRA_1-1822,1332,1,215.96153846153845,219.23076923076923,307.0,293.00000000000006,inside_visible,1425.0833653846155,160.90353846153846,1
pQyNKRHbjRA_1-1822,1332,2,1368.4761904761904,0.0,276.0,306.0,inside_visible,467.5432897196262,335.83119626168224,0
pQyNKRHbjRA_1-1822,1333,1,215.84615384615384,218.92307692307693,307.0,293.0,inside_visible,1424.354346153846,160.8216153846154,1
pQyNKRHbjRA_1-1822,1333,2,1368.095238095238,0.0,276.0,306.0,inside_visible,467.5210747663552,335.57266355140183,0
pQyNKRHbjRA_1-1822,1334,1,215.73076923076923,218.6153846153846,307.00000000000006,293.0,inside_visible,1423.625326923077,160.7396923076923,1
pQyNKRHbjRA_1-1822,1334,2,1367.7142857142858,0.0,276.0,306.0,inside_visible,467.49885981308415,335.3141308411215,0
pQyNKRHbjRA_1-1822,1335,1,215.6153846153846,218.30769230769232,307.0,293.0,inside_visible,1422.8963076923078,160.65776923076925,1
pQyNKRHbjRA_1-1822,1335,2,1367.3333333333333,0.0,276.0,306.0,inside_visible,467.4766448598131,335.0555981308411,0
pQyNKRHbjRA_1-1822,1336,1,215.5,218.0,307.0,293.0,inside_visible,1422.1672884615384,160.57584615384616,1
pQyNKRHbjRA_1-1822,1336,2,1366.952380952381,0.0,276.0,306.0,gaze_shift,467.4544299065421,334.7970654205607,0
pQyNKRHbjRA_1-1822,1337,1,215.3846153846154,217.69230769230768,307.0,293.0,inside_visible,1421.4382692307693,160.4939230769231,1
pQyNKRHbjRA_1-1822,1337,2,1366.571428571429,0.0,276.0,306.0,gaze_shift,467.4322149532711,334.5385327102803,0
pQyNKRHbjRA_1-1822,1338,1,215.2692307692308,217.3846153846154,306.99999999999994,293.0,inside_visible,1420.70925,160.412,1
pQyNKRHbjRA_1-1822,1338,2,1366.190476190476,0.0,276.0,306.0,gaze_shift,467.41,334.28,0
pQyNKRHbjRA_1-1822,1339,1,215.15384615384616,217.07692307692307,307.0,293.0,inside_visible,1419.9802307692307,160.33007692307692,1
pQyNKRHbjRA_1-1822,1339,2,1365.809523809524,0.0,276.0,306.0,inside_visible,1058.864,497.535,0
pQyNKRHbjRA_1-1822,1340,1,215.03846153846155,216.7692307692308,307.0,293.0,inside_visible,1419.2512115384616,160.24815384615383,1
pQyNKRHbjRA_1-1822,1340,2,1365.428571428571,0.0,276.0,306.0,inside_visible,1058.6651025641029,497.197,0
pQyNKRHbjRA_1-1822,1341,1,214.92307692307693,216.46153846153845,307.0,293.0,inside_visible,1418.5221923076922,160.16623076923076,1
pQyNKRHbjRA_1-1822,1341,2,1365.047619047619,0.0,276.0,306.0,inside_visible,1058.466205128205,496.859,0
pQyNKRHbjRA_1-1822,1342,1,214.80769230769232,216.15384615384616,306.99999999999994,293.0,inside_visible,1417.793173076923,160.0843076923077,1
pQyNKRHbjRA_1-1822,1342,2,1364.6666666666667,0.0,276.0,306.0,inside_visible,1058.2673076923077,496.521,0
pQyNKRHbjRA_1-1822,1343,1,214.69230769230768,215.84615384615384,307.00000000000006,293.0,inside_visible,1417.064153846154,160.0023846153846,1
pQyNKRHbjRA_1-1822,1343,2,1364.2857142857142,0.0,276.0,306.0,inside_visible,1058.0684102564103,496.1830000000001,0
pQyNKRHbjRA_1-1822,1344,1,214.57692307692307,215.53846153846155,307.0,293.0,inside_visible,1416.3351346153845,159.92046153846155,1
pQyNKRHbjRA_1-1822,1344,2,1363.904761904762,0.0,276.0,306.0,inside_visible,1057.869512820513,495.845,0
pQyNKRHbjRA_1-1822,1345,1,214.46153846153845,215.23076923076923,307.0,293.0,inside_visible,1415.6061153846154,159.83853846153846,1
pQyNKRHbjRA_1-1822,1345,2,1363.5238095238096,0.0,276.0,306.0,inside_visible,1057.6706153846153,495.507,0
pQyNKRHbjRA_1-1822,1346,1,214.34615384615384,214.92307692307693,307.0,293.0,inside_visible,1414.8770961538462,159.7566153846154,1
pQyNKRHbjRA_1-1822,1346,2,1363.142857142857,0.0,276.0,306.0,inside_visible,1057.471717948718,495.169,0
pQyNKRHbjRA_1-1822,1347,1,214.23076923076923,214.6153846153846,307.00000000000006,293.0,gaze_shift,1414.1480769230768,159.6746923076923,1
pQyNKRHbjRA_1-1822,1347,2,1362.7619047619048,0.0,276.0,306.0,inside_visible,1057.2728205128203,494.831,0
pQyNKRHbjRA_1-1822,1348,1,214.1153846153846,214.30769230769232,307.0,293.0,gaze_shift,1413.4190576923077,159.59276923076925,1
pQyNKRHbjRA_1-1822,1348,2,1362.3809523809523,0.0,276.0,306.0,inside_visible,1057.0739230769232,494.493,0
pQyNKRHbjRA_1-1822,1349,1,214.0,214.0,307.0,293.0,gaze_shift,1412.6900384615385,159.51084615384616,1
pQyNKRHbjRA_1-1822,1349,2,1362.0,0.0,276.0,306.0,inside_visible,1056.8750256410256,494.155,0
pQyNKRHbjRA_1-1822,1350,1,212.0,214.0,307.0,293.0,gaze_shift,1411.9610192307691,159.4289230769231,1
pQyNKRHbjRA_1-1822,1350,2,1362.2380952380952,0.0,276.0,306.0,inside_visible,1056.6761282051282,493.817,0
pQyNKRHbjRA_1-1822,1351,1,210.0,214.0,307.0,293.0,gaze_shift,1411.232,159.347,1
pQyNKRHbjRA_1-1822,1351,2,1362.4761904761904,0.0,276.0,306.0,inside_visible,1056.4772307692308,493.479,0
pQyNKRHbjRA_1-1822,1352,1,208.0,214.0,307.0,293.0,inside_visible,1023.195,501.727,1
pQyNKRHbjRA_1-1822,1352,2,1362.7142857142858,0.0,276.0,306.0,inside_visible,1056.2783333333334,493.141,0
pQyNKRHbjRA_1-1822,1353,1,206.0,214.0,307.0,293.0,inside_visible,1023.85771875,501.32240625,1
pQyNKRHbjRA_1-1822,1353,2,1362.952380952381,0.0,276.0,306.0,inside_visible,1056.0794358974358,492.803,0
pQyNKRHbjRA_1-1822,1354,1,209.25,214.0,307.0,293.0,inside_visible,1024.5204375,500.9178125,1
pQyNKRHbjRA_1-1822,1354,2,1363.190476190476,0.0,276.0,306.0,inside_visible,1055.8805384615384,492.465,0
pQyNKRHbjRA_1-1822,1355,1,212.5,214.0,307.0,293.0,inside_visible,1025.18315625,500.51321875,1
pQyNKRHbjRA_1-1822,1355,2,1363.428571428571,0.0,276.0,306.0,inside_visible,1055.681641025641,492.127,0
pQyNKRHbjRA_1-1822,1356,1,215.75,214.0,307.0,293.0,inside_visible,1025.845875,500.108625,1
pQyNKRHbjRA_1-1822,1356,2,1363.6666666666667,0.0,276.0,306.0,inside_visible,1055.4827435897437,491.789,0
pQyNKRHbjRA_1-1822,1357,1,219.0,214.0,307.0,293.0,inside_visible,1026.50859375,499.70403125,1
pQyNKRHbjRA_1-1822,1357,2,1363.904761904762,0.0,276.0,306.0,inside_visible,1055.283846153846,491.451,0
pQyNKRHbjRA_1-1822,1358,1,225.33333333333331,215.66666666666663,307.0,293.0,inside_visible,1027.1713125,499.2994375,1
pQyNKRHbjRA_1-1822,1358,2,1364.142857142857,0.0,276.0,306.0,inside_visible,1055.0849487179487,491.113,0
pQyNKRHbjRA_1-1822,1359,1,231.66666666666663,217.33333333333331,307.0,293.0,inside_visible,1027.83403125,498.89484375,1
pQyNKRHbjRA_1-1822,1359,2,1364.3809523809523,0.0,276.0,306.0,inside_visible,1054.8860512820513,490.775,0
pQyNKRHbjRA_1-1822,1360,1,238.0,219.0,307.0,293.0,inside_visible,1028.49675,498.49025,1
pQyNKRHbjRA_1-1822,1360,2,1364.6190476190477,0.0,276.0,306.0,inside_visible,1054.687153846154,490.437,0
pQyNKRHbjRA_1-1822,1361,1,242.33333333333331,220.66666666666663,307.0,293.0,inside_visible,1029.15946875,498.08565625,1
pQyNKRHbjRA_1-1822,1361,2,1364.857142857143,0.0,276.0,306.0,inside_visible,1054.4882564102563,490.099,0
pQyNKRHbjRA_1-1822,1362,1,246.66666666666663,222.33333333333331,307.0,293.0,inside_visible,1029.8221875000002,497.6810625,1
pQyNKRHbjRA_1-1822,1362,2,1365.095238095238,0.0,276.0,306.0,inside_visible,1054.289358974359,489.761,0
pQyNKRHbjRA_1-1822,1363,1,251.0,224.0,307.0,293.0,inside_visible,1030.48490625,497.27646875,1
pQyNKRHbjRA_1-1822,1363,2,1365.3333333333333,0.0,276.0,306.0,inside_visible,1054.0904615384616,489.423,0
pQyNKRHbjRA_1-1822,1364,1,253.2,224.0,307.00000000000006,293.0,inside_visible,1031.147625,496.871875,1
pQyNKRHbjRA_1-1822,1364,2,1365.571428571429,0.0,276.0,306.0,inside_visible,1053.8915641025642,489.085,0
pQyNKRHbjRA_1-1822,1365,1,255.4,224.0,307.0,293.0,inside_visible,1031.81034375,496.46728125,1
pQyNKRHbjRA_1-1822,1365,2,1365.809523809524,0.0,276.0,306.0,inside_visible,1053.6926666666666,488.747,0
pQyNKRHbjRA_1-1822,1366,1,257.6,224.0,307.0,293.0,inside_visible,1032.4730625,496.0626875,1
pQyNKRHbjRA_1-1822,1366,2,1366.047619047619,0.0,276.0,306.0,inside_visible,1053.4937692307692,488.409,0
pQyNKRHbjRA_1-1822,1367,1,259.8,224.0,306.99999999999994,293.0,inside_visible,1033.13578125,495.65809375,1
pQyNKRHbjRA_1-1822,1367,2,1366.2857142857142,0.0,276.0,306.0,inside_visible,1053.2948717948718,488.071,0
pQyNKRHbjRA_1-1822,1368,1,262.0,224.0,307.0,293.0,inside_visible,1033.7985,495.2535,1
pQyNKRHbjRA_1-1822,1368,2,1366.5238095238096,0.0,276.0,306.0,inside_visible,1053.0959743589744,487.733,0
pQyNKRHbjRA_1-1822,1369,1,264.75,224.0,307.0,293.0,inside_visible,1034.46121875,494.84890625,1
pQyNKRHbjRA_1-1822,1369,2,1366.7619047619048,0.0,276.0,306.0,inside_visible,1052.8970769230768,487.395,0
pQyNKRHbjRA_1-1822,1370,1,267.5,224.0,307.0,293.0,inside_visible,1035.1239375,494.4443125,1
pQyNKRHbjRA_1-1822,1370,2,1367.0,0.0,276.0,306.0,inside_visible,1052.6981794871797,487.057,0
pQyNKRHbjRA_1-1822,1371,1,270.25,224.0,307.0,293.0,inside_visible,1035.78665625,494.03971875,1
pQyNKRHbjRA_1-1822,1371,2,1369.2,0.0,276.0,306.0,inside_visible,1052.499282051282,486.719,0
pQyNKRHbjRA_1-1822,1372,1,273.0,224.0,307.0,293.0,inside_visible,1036.449375,493.635125,1
pQyNKRHbjRA_1-1822,1372,2,1371.4,0.0,276.0,306.0,inside_visible,1052.3003846153847,486.381,0
pQyNKRHbjRA_1-1822,1373,1,275.2,224.0,307.00000000000006,293.0,inside_visible,1037.11209375,493.23053125,1
pQyNKRHbjRA_1-1822,1373,2,1373.6,0.0,276.0,306.0,inside_visible,1052.101487179487,486.043,0
pQyNKRHbjRA_1-1822,1374,1,277.4,224.0,307.0,293.0,inside_visible,1037.7748125,492.8259375,1
pQyNKRHbjRA_1-1822,1374,2,1375.8,0.0,276.0,306.0,inside_visible,1051.9025897435895,485.705,0
pQyNKRHbjRA_1-1822,1375,1,279.6,224.0,307.0,293.0,inside_visible,1038.43753125,492.42134375,1
pQyNKRHbjRA_1-1822,1375,2,1378.0,0.0,276.0,306.0,inside_visible,1051.7036923076923,485.367,0
pQyNKRHbjRA_1-1822,1376,1,281.8,224.0,306.99999999999994,293.0,inside_visible,1039.10025,492.01675,1
pQyNKRHbjRA_1-1822,1376,2,1381.6666666666667,0.0,276.0,306.0,inside_visible,1051.504794871795,485.029,0
pQyNKRHbjRA_1-1822,1377,1,284.0,224.0,307.0,293.0,inside_visible,1039.76296875,491.61215625,1
pQyNKRHbjRA_1-1822,1377,2,1385.3333333333333,0.0,276.0,306.0,inside_visible,1051.3058974358974,484.691,0
pQyNKRHbjRA_1-1822,1378,1,284.72222222222223,224.44444444444449,306.99999999999994,293.0,inside_visible,1040.4256875,491.2075625,1
pQyNKRHbjRA_1-1822,1378,2,1389.0,0.0,276.0,306.0,inside_visible,1051.107,484.353,0
pQyNKRHbjRA_1-1822,1379,1,285.44444444444446,224.88888888888889,307.0,293.0,inside_visible,1041.08840625,490.80296875,1
pQyNKRHbjRA_1-1822,1379,2,1391.6,0.0,276.0,306.0,inside_visible,1057.857,476.603,0
pQyNKRHbjRA_1-1822,1380,1,286.1666666666667,225.33333333333331,306.99999999999994,293.0,inside_visible,1041.751125,490.398375,1
pQyNKRHbjRA_1-1822,1380,2,1394.2,0.0,276.0,306.0,inside_visible,1064.607,468.853,0
pQyNKRHbjRA_1-1822,1381,1,286.8888888888889,225.77777777777777,307.0,293.00000000000006,inside_visible,1042.41384375,489.99378125,1
pQyNKRHbjRA_1-1822,1381,2,1396.8,0.0,276.0,306.0,inside_visible,1071.357,461.103,0
pQyNKRHbjRA_1-1822,1382,1,287.6111111111111,226.22222222222223,307.0,292.99999999999994,inside_visible,1043.0765625,489.5891875,1
pQyNKRHbjRA_1-1822,1382,2,1399.4,0.0,276.0,306.0,inside_visible,1078.107,453.353,0
pQyNKRHbjRA_1-1822,1383,1,288.3333333333333,226.66666666666663,307.00000000000006,293.0,inside_visible,1043.73928125,489.18459375,1
pQyNKRHbjRA_1-1822,1383,2,1402.0,0.0,276.0,306.0,inside_visible,1084.857,445.603,0
pQyNKRHbjRA_1-1822,1384,1,289.05555555555554,227.11111111111111,307.0,293.0,inside_visible,1044.402,488.78,1
pQyNKRHbjRA_1-1822,1384,2,1400.857142857143,0.0,276.0,306.0,inside_visible,1091.607,437.853,0
pQyNKRHbjRA_1-1822,1385,1,289.77777777777777,227.55555555555557,307.00000000000006,293.0,inside_visible,1024.44,597.688,1
pQyNKRHbjRA_1-1822,1385,2,1399.7142857142858,0.0,276.0,306.0,inside_visible,1098.357,430.103,0
pQyNKRHbjRA_1-1822,1386,1,290.5,228.0,307.0,293.0,inside_visible,1023.44384,597.44876,1
pQyNKRHbjRA_1-1822,1386,2,1398.571428571429,0.0,276.0,306.0,inside_visible,1105.107,422.353,0
pQyNKRHbjRA_1-1822,1387,1,291.22222222222223,228.44444444444449,306.99999999999994,293.0,inside_visible,1022.44768,597.20952,1
pQyNKRHbjRA_1-1822,1387,2,1397.428571428571,0.0,276.0,306.0,inside_visible,1025.107,592.353,0
pQyNKRHbjRA_1-1822,1388,1,291.94444444444446,228.88888888888889,307.0,293.0,inside_visible,1021.45152,596.97028,1
pQyNKRHbjRA_1-1822,1388,2,1396.2857142857142,0.0,276.0,306.0,inside_visible,1039.107,594.448238095238,0
pQyNKRHbjRA_1-1822,1389,1,292.6666666666667,229.33333333333331,306.99999999999994,293.0,inside_visible,1020.45536,596.73104,1
pQyNKRHbjRA_1-1822,1389,2,1395.142857142857,0.0,276.0,306.0,inside_visible,1053.107,596.5434761904761,0
pQyNKRHbjRA_1-1822,1390,1,293.3888888888889,229.77777777777777,307.0,293.00000000000006,inside_visible,1019.4592,596.4918,1
pQyNKRHbjRA_1-1822,1390,2,1394.0,0.0,276.0,306.0,inside_visible,1067.107,598.6387142857143,0
pQyNKRHbjRA_1-1822,1391,1,294.1111111111111,230.22222222222223,307.0,292.99999999999994,inside_visible,1018.46304,596.25256,1
pQyNKRHbjRA_1-1822,1391,2,1392.857142857143,0.0,276.0,306.0,inside_visible,1081.107,600.7339523809524,0
pQyNKRHbjRA_1-1822,1392,1,294.8333333333333,230.66666666666663,307.00000000000006,293.0,inside_visible,1017.46688,596.01332,1
pQyNKRHbjRA_1-1822,1392,2,1391.7142857142858,0.0,276.0,306.0,inside_visible,1095.107,602.8291904761904,0
pQyNKRHbjRA_1-1822,1393,1,295.55555555555554,231.11111111111111,307.0,293.0,inside_visible,1016.47072,595.77408,1
pQyNKRHbjRA_1-1822,1393,2,1390.571428571429,0.0,276.0,306.0,inside_visible,1109.107,604.9244285714285,0
pQyNKRHbjRA_1-1822,1394,1,296.27777777777777,231.55555555555557,307.00000000000006,293.0,inside_visible,1015.47456,595.53484,1
pQyNKRHbjRA_1-1822,1394,2,1389.428571428571,0.0,276.0,306.0,inside_visible,1123.107,607.0196666666666,0
pQyNKRHbjRA_1-1822,1395,1,297.0,232.0,307.0,293.0,inside_visible,1014.4784,595.2956,1
pQyNKRHbjRA_1-1822,1395,2,1388.2857142857142,0.0,276.0,306.0,inside_visible,1137.107,609.1149047619047,0
pQyNKRHbjRA_1-1822,1396,1,299.6666666666667,232.0,306.99999999999994,293.0,inside_visible,1013.48224,595.05636,1
pQyNKRHbjRA_1-1822,1396,2,1387.142857142857,0.0,276.0,306.0,inside_visible,1151.107,611.2101428571428,0
pQyNKRHbjRA_1-1822,1397,1,302.3333333333333,232.0,307.00000000000006,293.0,inside_visible,1012.48608,594.81712,1
pQyNKRHbjRA_1-1822,1397,2,1386.0,0.0,276.0,306.0,inside_visible,1165.107,613.3053809523809,0
pQyNKRHbjRA_1-1822,1398,1,305.0,232.0,307.0,293.0,inside_visible,1011.48992,594.5778799999999,1
pQyNKRHbjRA_1-1822,1398,2,1384.9,0.0,276.0,306.0,inside_visible,1179.107,615.400619047619,0
pQyNKRHbjRA_1-1822,1399,1,307.6666666666667,232.0,306.99999999999994,293.0,inside_visible,1010.49376,594.3386399999999,1
pQyNKRHbjRA_1-1822,1399,2,1383.8,0.0,276.0,306.0,inside_visible,1193.107,617.4958571428571,0
pQyNKRHbjRA_1-1822,1400,1,310.3333333333333,232.0,307.00000000000006,293.0,inside_visible,1009.4976,594.0994,1
pQyNKRHbjRA_1-1822,1400,2,1382.7,0.0,276.0,306.0,inside_visible,1207.107,619.5910952380952,0
pQyNKRHbjRA_1-1822,1401,1,313.0,232.0,307.0,293.0,inside_visible,1008.50144,593.86016,1
pQyNKRHbjRA_1-1822,1401,2,1381.6,0.0,276.0,306.0,inside_visible,1221.107,621.6863333333333,0
pQyNKRHbjRA_1-1822,1402,1,311.6666666666667,232.0,306.99999999999994,293.0,inside_visible,1007.50528,593.62092,1
pQyNKRHbjRA_1-1822,1402,2,1380.5,0.0,276.0,306.0,inside_visible,1235.107,623.7815714285714,0
pQyNKRHbjRA_1-1822,1403,1,310.3333333333333,232.0,307.00000000000006,293.0,inside_visible,1006.50912,593.38168,1
pQyNKRHbjRA_1-1822,1403,2,1379.4,0.0,276.0,306.0,inside_visible,1249.107,625.8768095238095,0
pQyNKRHbjRA_1-1822,1404,1,309.0,232.0,307.0,293.0,inside_visible,1005.51296,593.14244,1
pQyNKRHbjRA_1-1822,1404,2,1378.3,0.0,276.0,306.0,inside_visible,1263.107,627.9720476190475,0
pQyNKRHbjRA_1-1822,1405,1,307.6666666666667,232.0,306.99999999999994,293.0,inside_visible,1004.5168,592.9032,1
pQyNKRHbjRA_1-1822,1405,2,1377.2,0.0,276.0,306.0,gaze_shift,1277.107,630.0672857142856,0
pQyNKRHbjRA_1-1822,1406,1,306.3333333333333,232.0,307.00000000000006,293.0,inside_visible,1003.52064,592.66396,1
pQyNKRHbjRA_1-1822,1406,2,1376.1,0.0,276.0,306.0,gaze_shift,1291.107,632.1625238095238,0
pQyNKRHbjRA_1-1822,1407,1,305.0,232.0,307.0,293.0,inside_visible,1002.52448,592.42472,1
pQyNKRHbjRA_1-1822,1407,2,1375.0,0.0,276.0,306.0,inside_visible,1305.107,634.2577619047619,0
pQyNKRHbjRA_1-1822,1408,1,303.6666666666667,232.0,306.99999999999994,293.0,inside_visible,1001.52832,592.18548,1
pQyNKRHbjRA_1-1822,1408,2,1372.8,0.0,276.0,306.0,inside_visible,1319.107,636.353,0
pQyNKRHbjRA_1-1822,1409,1,302.3333333333333,232.0,307.00000000000006,293.0,inside_visible,1000.53216,591.94624,1
pQyNKRHbjRA_1-1822,1409,2,1370.6,0.0,276.0,306.0,inside_visible,1329.107,637.0196666666666,0
pQyNKRHbjRA_1-1822,1410,1,301.0,232.0,307.0,293.0,inside_visible,999.536,591.707,1
pQyNKRHbjRA_1-1822,1410,2,1368.4,0.0,276.0,306.0,inside_visible,1339.107,637.6863333333333,0
pQyNKRHbjRA_1-1822,1411,1,299.6666666666667,232.0,306.99999999999994,293.0,inside_visible,992.536,585.207,1
pQyNKRHbjRA_1-1822,1411,2,1366.2,0.0,276.0,306.0,inside_visible,1349.107,638.353,0
pQyNKRHbjRA_1-1822,1412,1,298.3333333333333,232.0,307.00000000000006,293.0,inside_visible,985.536,578.707,1
pQyNKRHbjRA_1-1822,1412,2,1364.0,0.0,276.0,306.0,inside_visible,1359.107,639.0196666666666,0
pQyNKRHbjRA_1-1822,1413,1,297.0,232.0,307.0,293.0,inside_visible,949.536,570.207,1
pQyNKRHbjRA_1-1822,1413,2,1364.0,0.0,276.0,308.5,inside_visible,1369.107,639.6863333333333,0
pQyNKRHbjRA_1-1822,1414,1,290.5,232.0,307.0,293.0,inside_visible,1137.536,477.707,1
pQyNKRHbjRA_1-1822,1414,2,1364.0,0.0,276.0,311.0,inside_visible,1379.107,640.353,0
pQyNKRHbjRA_1-1822,1415,1,284.0,232.0,307.0,293.0,inside_visible,1131.727,481.798,1
pQyNKRHbjRA_1-1822,1415,2,1359.6666666666667,0.0,276.0,315.3333333333333,inside_visible,1373.9403333333332,638.353,0
pQyNKRHbjRA_1-1822,1416,1,278.6,232.6,307.0,293.0,inside_visible,1133.727,479.798,1
pQyNKRHbjRA_1-1822,1416,2,1355.3333333333333,0.0,276.0,319.6666666666667,inside_visible,1368.7736666666667,636.353,0
pQyNKRHbjRA_1-1822,1417,1,273.2,233.2,307.00000000000006,293.00000000000006,inside_visible,1129.727,483.798,1
pQyNKRHbjRA_1-1822,1417,2,1351.0,0.0,276.0,324.0,inside_visible,1363.607,634.353,0
pQyNKRHbjRA_1-1822,1418,1,267.8,233.8,306.99999999999994,292.99999999999994,inside_visible,1127.727,483.798,1
pQyNKRHbjRA_1-1822,1418,2,1351.0,2.0,276.0,324.0,inside_visible,1358.4403333333332,632.353,0
pQyNKRHbjRA_1-1822,1419,1,262.4,234.4,307.0,293.0,inside_visible,1118.111,484.749,1
pQyNKRHbjRA_1-1822,1419,2,1351.0,4.0,276.0,324.0,inside_visible,1353.2736666666667,630.353,0
pQyNKRHbjRA_1-1822,1420,1,257.0,235.0,307.0,293.0,inside_visible,1124.494,483.7,1
pQyNKRHbjRA_1-1822,1420,2,1351.0,6.0,276.0,324.0,inside_visible,1348.107,628.353,0
pQyNKRHbjRA_1-1822,1421,1,252.5,235.5,307.0,293.0,inside_visible,1118.877,486.651,1
pQyNKRHbjRA_1-1822,1421,2,1351.0,8.0,276.0,324.0,inside_visible,1342.9403333333332,626.353,0
pQyNKRHbjRA_1-1822,1422,1,248.0,236.0,307.0,293.0,inside_visible,1122.593,488.269,1
pQyNKRHbjRA_1-1822,1422,2,1351.0,7.0,276.0,329.3333333333333,inside_visible,1337.7736666666667,624.353,0
pQyNKRHbjRA_1-1822,1423,1,243.5,236.5,307.0,293.0,inside_visible,1125.809,487.387,1
pQyNKRHbjRA_1-1822,1423,2,1351.0,6.0,276.0,334.6666666666667,inside_visible,1332.607,622.353,0
pQyNKRHbjRA_1-1822,1424,1,239.0,237.0,307.0,293.0,inside_visible,1125.8238235294118,488.6671176470588,1
pQyNKRHbjRA_1-1822,1424,2,1351.0,5.0,276.0,340.0,inside_visible,1327.4403333333332,620.353,0
pQyNKRHbjRA_1-1822,1425,1,234.5,237.5,307.0,293.0,inside_visible,1125.8386470588234,489.94723529411766,1
pQyNKRHbjRA_1-1822,1425,2,1350.5,4.166666666666667,276.0,342.66666666666663,inside_visible,1322.2736666666667,618.353,0
pQyNKRHbjRA_1-1822,1426,1,230.0,238.0,307.0,293.0,inside_visible,1125.8534705882353,491.2273529411765,1
pQyNKRHbjRA_1-1822,1426,2,1350.0,3.333333333333333,276.0,345.33333333333337,inside_visible,1317.107,616.353,0
pQyNKRHbjRA_1-1822,1427,1,227.28571428571428,238.0,307.00000000000006,293.0,inside_visible,1125.868294117647,492.5074705882353,1
pQyNKRHbjRA_1-1822,1427,2,1349.5,2.5,276.0,348.0,inside_visible,1323.107,666.353,0
pQyNKRHbjRA_1-1822,1428,1,224.57142857142856,238.0,307.0,293.0,inside_visible,1125.8831176470587,493.7875882352941,1
pQyNKRHbjRA_1-1822,1428,2,1349.0,1.666666666666667,276.0,350.66666666666663,inside_visible,1322.9001034482758,667.456448275862,0
pQyNKRHbjRA_1-1822,1429,1,221.8571428571429,238.0,307.0,293.0,inside_visible,1125.8979411764706,495.0677058823529,1
pQyNKRHbjRA_1-1822,1429,2,1348.5,0.833333333333333,276.0,353.33333333333337,inside_visible,1322.6932068965516,668.5598965517241,0
pQyNKRHbjRA_1-1822,1430,1,219.14285714285717,238.0,307.0,293.0,inside_visible,1125.9127647058824,496.34782352941176,1
pQyNKRHbjRA_1-1822,1430,2,1348.0,0.0,276.0,356.0,inside_visible,1322.4863103448276,669.6633448275861,0
pQyNKRHbjRA_1-1822,1431,1,216.42857142857144,238.0,307.0,293.0,inside_visible,1125.927588235294,497.6279411764706,1
pQyNKRHbjRA_1-1822,1431,2,1346.0,0.0,276.0,362.0,inside_visible,1322.2794137931037,670.7667931034482,0
pQyNKRHbjRA_1-1822,1432,1,213.7142857142857,238.0,306.99999999999994,293.0,inside_visible,1125.942411764706,498.9080588235294,1
pQyNKRHbjRA_1-1822,1432,2,1344.0,0.0,276.0,368.0,inside_visible,1322.0725172413793,671.8702413793103,0
pQyNKRHbjRA_1-1822,1433,1,211.0,238.0,307.0,293.0,inside_visible,1125.9572352941177,500.18817647058825,1
pQyNKRHbjRA_1-1822,1433,2,1342.0,0.0,276.0,374.0,inside_visible,1321.865620689655,672.9736896551724,0
pQyNKRHbjRA_1-1822,1434,1,204.25,236.0,307.0,293.0,inside_visible,1125.972058823529,501.4682941176471,1
pQyNKRHbjRA_1-1822,1434,2,1340.0,0.0,276.0,380.0,inside_visible,1321.658724137931,674.0771379310345,0
pQyNKRHbjRA_1-1822,1435,1,197.5,234.0,307.0,293.0,inside_visible,1125.9868823529412,502.7484117647059,1
pQyNKRHbjRA_1-1822,1435,2,1338.5,4.0,284.0,380.0,inside_visible,1321.451827586207,675.1805862068965,0
pQyNKRHbjRA_1-1822,1436,1,190.75,232.0,307.0,293.0,inside_visible,1126.0017058823528,504.0285294117647,1
pQyNKRHbjRA_1-1822,1436,2,1337.0,8.0,292.0,380.0,inside_visible,1321.2449310344828,676.2840344827586,0
pQyNKRHbjRA_1-1822,1437,1,184.0,230.0,307.0,293.0,inside_visible,1126.0165294117646,505.3086470588235,1
pQyNKRHbjRA_1-1822,1437,2,1333.0,6.5,296.0,380.0,inside_visible,1321.0380344827586,677.3874827586206,0
pQyNKRHbjRA_1-1822,1438,1,176.5,228.75,307.0,293.0,inside_visible,1126.0313529411765,506.5887647058824,1
pQyNKRHbjRA_1-1822,1438,2,1329.0,5.0,300.0,380.0,inside_visible,1320.8311379310344,678.4909310344827,0
pQyNKRHbjRA_1-1822,1439,1,169.0,227.5,307.0,293.0,inside_visible,1126.046176470588,507.8688823529412,1
pQyNKRHbjRA_1-1822,1439,2,1330.5,13.0,300.0,380.0,inside_visible,1320.6242413793102,679.5943793103448,0
pQyNKRHbjRA_1-1822,1440,1,161.5,226.25,307.0,293.0,gaze_shift,1126.061,509.149,1
pQyNKRHbjRA_1-1822,1440,2,1332.0,21.0,300.0,380.0,inside_visible,1320.4173448275862,680.6978275862068,0
pQyNKRHbjRA_1-1822,1441,1,154.0,225.0,307.0,293.0,gaze_shift,1132.061,515.149,1
pQyNKRHbjRA_1-1822,1441,2,1326.5,19.5,300.0,380.0,inside_visible,1320.210448275862,681.8012758620689,0
pQyNKRHbjRA_1-1822,1442,1,149.0,225.83333333333331,307.0,293.0,inside_visible,470.0609999999999,445.149,1
pQyNKRHbjRA_1-1822,1442,2,1321.0,18.0,300.0,380.0,inside_visible,1320.003551724138,682.904724137931,0
pQyNKRHbjRA_1-1822,1443,1,144.0,226.66666666666663,307.0,293.0,inside_visible,473.303,446.83325,1
pQyNKRHbjRA_1-1822,1443,2,1318.25,23.5,300.0,380.0,inside_visible,1319.7966551724137,684.0081724137931,0
pQyNKRHbjRA_1-1822,1444,1,139.0,227.5,307.0,293.0,inside_visible,476.545,448.5175,1
pQyNKRHbjRA_1-1822,1444,2,1315.5,29.0,300.0,380.0,inside_visible,1319.5897586206895,685.1116206896551,0
pQyNKRHbjRA_1-1822,1445,1,134.0,228.33333333333331,307.0,293.0,inside_visible,479.787,450.20175,1
pQyNKRHbjRA_1-1822,1445,2,1312.75,34.5,300.0,380.0,inside_visible,1319.3828620689656,686.2150689655172,0
pQyNKRHbjRA_1-1822,1446,1,129.0,229.16666666666663,307.0,293.0,inside_visible,483.029,451.886,1
pQyNKRHbjRA_1-1822,1446,2,1310.0,40.0,300.0,380.0,inside_visible,1319.1759655172414,687.3185172413793,0
pQyNKRHbjRA_1-1822,1447,1,124.0,230.0,307.0,293.0,inside_visible,485.029,454.2193333333333,1
pQyNKRHbjRA_1-1822,1447,2,1304.5,41.5,300.0,380.0,inside_visible,1318.9690689655172,688.4219655172413,0
pQyNKRHbjRA_1-1822,1448,1,125.625,229.375,307.0,293.0,inside_visible,487.029,456.5526666666667,1
pQyNKRHbjRA_1-1822,1448,2,1299.0,43.0,300.0,380.0,inside_visible,1318.762172413793,689.5254137931034,0
pQyNKRHbjRA_1-1822,1449,1,127.25,228.75,307.0,293.0,inside_visible,489.029,458.886,1
pQyNKRHbjRA_1-1822,1449,2,1300.0,45.66666666666666,300.0,380.0,inside_visible,1318.555275862069,690.6288620689654,0
pQyNKRHbjRA_1-1822,1450,1,128.875,228.125,307.0,293.0,gaze_shift,491.029,461.2193333333333,1
pQyNKRHbjRA_1-1822,1450,2,1301.0,48.333333333333336,300.0,380.0,inside_visible,1318.3483793103449,691.7323103448275,0
pQyNKRHbjRA_1-1822,1451,1,130.5,227.5,307.0,293.0,gaze_shift,493.029,463.5526666666667,1
pQyNKRHbjRA_1-1822,1451,2,1302.0,51.0,300.0,380.0,inside_visible,1318.141482758621,692.8357586206896,0
pQyNKRHbjRA_1-1822,1452,1,132.125,226.875,307.0,293.0,gaze_shift,495.029,465.886,1
pQyNKRHbjRA_1-1822,1452,2,1299.8,52.6,300.0,380.0,inside_visible,1317.9345862068965,693.9392068965517,0
pQyNKRHbjRA_1-1822,1453,1,133.75,226.25,307.0,293.0,inside_visible,1305.029,669.886,1
pQyNKRHbjRA_1-1822,1453,2,1297.6,54.2,300.0,380.0,inside_visible,1317.7276896551723,695.0426551724138,0
pQyNKRHbjRA_1-1822,1454,1,135.375,225.625,307.0,293.0,inside_visible,1178.195,501.988,1
pQyNKRHbjRA_1-1822,1454,2,1295.4,55.8,300.0,380.0,inside_visible,1317.5207931034483,696.1461034482758,0
pQyNKRHbjRA_1-1822,1455,1,137.0,225.0,307.0,293.0,inside_visible,1177.9978,501.9372,1
pQyNKRHbjRA_1-1822,1455,2,1293.2,57.4,300.0,380.0,inside_visible,1317.3138965517242,697.2495517241379,0
pQyNKRHbjRA_1-1822,1456,1,140.2,222.8,307.0,292.99999999999994,inside_visible,1177.8006,501.8864,1
pQyNKRHbjRA_1-1822,1456,2,1291.0,59.0,300.0,380.0,inside_visible,1317.107,698.353,0
pQyNKRHbjRA_1-1822,1457,1,143.4,220.6,307.0,293.0,inside_visible,1177.6034,501.8356,1
pQyNKRHbjRA_1-1822,1457,2,1288.3333333333333,60.66666666666666,300.0,380.0,inside_visible,1317.4940967741936,698.8046129032258,0
pQyNKRHbjRA_1-1822,1458,1,146.6,218.4,307.0,293.0,inside_visible,1177.4062,501.7848,1
pQyNKRHbjRA_1-1822,1458,2,1285.6666666666667,62.333333333333336,300.0,380.0,inside_visible,1317.881193548387,699.2562258064515,0
pQyNKRHbjRA_1-1822,1459,1,149.8,216.2,307.0,293.0,inside_visible,1177.2089999999998,501.734,1
pQyNKRHbjRA_1-1822,1459,2,1283.0,64.0,300.0,380.0,inside_visible,1318.2682903225807,699.7078387096774,0
pQyNKRHbjRA_1-1822,1460,1,153.0,214.0,307.0,293.0,inside_visible,1177.0118,501.6832,1
pQyNKRHbjRA_1-1822,1460,2,1283.888888888889,63.44444444444444,300.0,380.0,inside_visible,1318.655387096774,700.1594516129031,0
pQyNKRHbjRA_1-1822,1461,1,157.5,213.5,307.0,293.0,inside_visible,1176.8146,501.6324,1
pQyNKRHbjRA_1-1822,1461,2,1284.7777777777778,62.888888888888886,300.0,380.0,inside_visible,1319.0424838709678,700.611064516129,0
pQyNKRHbjRA_1-1822,1462,1,162.0,213.0,307.0,293.0,inside_visible,1176.6174,501.5816,1
pQyNKRHbjRA_1-1822,1462,2,1285.6666666666667,62.333333333333336,300.0,380.0,inside_visible,1319.4295806451612,701.0626774193548,0
pQyNKRHbjRA_1-1822,1463,1,166.5,212.5,307.0,293.0,gaze_shift,1176.4202,501.5308,1
pQyNKRHbjRA_1-1822,1463,2,1286.5555555555557,61.77777777777778,300.0,380.0,inside_visible,1319.8166774193548,701.5142903225806,0
pQyNKRHbjRA_1-1822,1464,1,171.0,212.0,307.0,293.0,gaze_shift,1176.223,501.48,1
pQyNKRHbjRA_1-1822,1464,2,1287.4444444444443,61.22222222222222,300.0,380.0,inside_visible,1320.2037741935485,701.9659032258064,0
pQyNKRHbjRA_1-1822,1465,1,175.5,211.5,307.0,293.0,inside_visible,1321.374,664.575,1
pQyNKRHbjRA_1-1822,1465,2,1288.3333333333333,60.66666666666666,300.0,380.0,inside_visible,1320.590870967742,702.4175161290323,0
pQyNKRHbjRA_1-1822,1466,1,180.0,211.0,307.0,293.0,inside_visible,1319.722166666667,666.4853333333334,1
pQyNKRHbjRA_1-1822,1466,2,1289.2222222222222,60.11111111111112,300.0,380.0,inside_visible,1320.9779677419351,702.869129032258,0
pQyNKRHbjRA_1-1822,1467,1,180.57142857142856,210.8571428571429,307.0,293.0,inside_visible,1318.070333333333,668.3956666666667,1
pQyNKRHbjRA_1-1822,1467,2,1290.111111111111,59.55555555555556,300.0,380.0,inside_visible,1321.365064516129,703.3207419354839,0
pQyNKRHbjRA_1-1822,1468,1,181.14285714285717,210.7142857142857,307.0,293.0,inside_visible,1316.4185,670.306,1
pQyNKRHbjRA_1-1822,1468,2,1291.0,59.0,300.0,380.0,inside_visible,1321.7521612903226,703.7723548387096,0
pQyNKRHbjRA_1-1822,1469,1,181.7142857142857,210.57142857142856,307.0,293.0,inside_visible,1314.7666666666669,672.2163333333334,1
pQyNKRHbjRA_1-1822,1469,2,1291.888888888889,58.44444444444444,300.0,380.0,inside_visible,1322.139258064516,704.2239677419354,0
pQyNKRHbjRA_1-1822,1470,1,182.28571428571428,210.42857142857144,307.0,293.0,inside_visible,1313.1148333333333,674.1266666666667,1
pQyNKRHbjRA_1-1822,1470,2,1292.7777777777778,57.888888888888886,300.0,380.0,inside_visible,1322.5263548387095,704.6755806451613,0
pQyNKRHbjRA_1-1822,1471,1,182.8571428571429,210.28571428571428,307.0,293.0,inside_visible,1311.463,676.037,1
pQyNKRHbjRA_1-1822,1471,2,1293.6666666666667,57.333333333333336,300.0,380.0,inside_visible,1322.9134516129031,705.127193548387,0
pQyNKRHbjRA_1-1822,1472,1,183.42857142857144,210.14285714285717,307.0,293.0,gaze_shift,1267.8503333333333,621.847,1
pQyNKRHbjRA_1-1822,1472,2,1294.5555555555557,56.77777777777778,300.0,380.0,inside_visible,1323.3005483870968,705.5788064516129,0
pQyNKRHbjRA_1-1822,1473,1,184.0,210.0,307.0,293.0,gaze_shift,1224.2376666666669,567.657,1
pQyNKRHbjRA_1-1822,1473,2,1295.4444444444443,56.22222222222222,300.0,380.0,inside_visible,1323.6876451612902,706.0304193548386,0
pQyNKRHbjRA_1-1822,1474,1,182.84615384615384,210.30769230769232,307.0,293.0,gaze_shift,1180.625,513.467,1
pQyNKRHbjRA_1-1822,1474,2,1296.3333333333333,55.66666666666666,300.0,380.0,inside_visible,1324.074741935484,706.4820322580645,0
pQyNKRHbjRA_1-1822,1475,1,181.69230769230768,210.6153846153846,307.0,293.0,gaze_shift,1151.394,506.019,1
pQyNKRHbjRA_1-1822,1475,2,1297.2222222222222,55.11111111111112,300.0,380.0,inside_visible,1324.4618387096773,706.9336451612903,0
pQyNKRHbjRA_1-1822,1476,1,180.53846153846155,210.92307692307693,307.0,293.0,gaze_shift,1151.765,508.8665,1
pQyNKRHbjRA_1-1822,1476,2,1298.111111111111,54.55555555555556,300.0,380.0,inside_visible,1324.848935483871,707.385258064516,0
pQyNKRHbjRA_1-1822,1477,1,179.3846153846154,211.23076923076923,307.0,293.0,gaze_shift,1152.136,511.714,1
pQyNKRHbjRA_1-1822,1477,2,1299.0,54.0,300.0,380.0,inside_visible,1325.2360322580646,707.8368709677419,0
pQyNKRHbjRA_1-1822,1478,1,178.23076923076923,211.53846153846155,307.0,293.0,inside_visible,1176.78,500.113,1
pQyNKRHbjRA_1-1822,1478,2,1302.0,48.0,300.0,380.0,inside_visible,1325.623129032258,708.2884838709676,0
pQyNKRHbjRA_1-1822,1479,1,177.07692307692307,211.84615384615384,307.0,293.0,inside_visible,1162.148,507.254,1
pQyNKRHbjRA_1-1822,1479,2,1305.0,42.0,300.0,380.0,inside_visible,1326.0102258064517,708.7400967741935,0
pQyNKRHbjRA_1-1822,1480,1,175.92307692307693,212.15384615384616,307.0,293.0,inside_visible,1161.0,519.788,1
pQyNKRHbjRA_1-1822,1480,2,1309.0,38.0,300.0,380.0,gaze_shift,1326.397322580645,709.1917096774193,0
pQyNKRHbjRA_1-1822,1481,1,174.76923076923077,212.46153846153845,307.0,293.0,inside_visible,1158.343,507.363,1
pQyNKRHbjRA_1-1822,1481,2,1313.0,34.0,300.0,380.0,gaze_shift,1326.7844193548387,709.6433225806451,0
pQyNKRHbjRA_1-1822,1482,1,173.6153846153846,212.7692307692308,307.0,293.0,inside_visible,1159.731,523.253,1
pQyNKRHbjRA_1-1822,1482,2,1317.0,30.0,300.0,380.0,gaze_shift,1327.1715161290322,710.0949354838709,0
pQyNKRHbjRA_1-1822,1483,1,172.46153846153845,213.07692307692307,307.0,293.0,inside_visible,1171.906,531.054,1
pQyNKRHbjRA_1-1822,1483,2,1321.0,26.0,300.0,380.0,gaze_shift,1327.5586129032258,710.5465483870968,0
pQyNKRHbjRA_1-1822,1484,1,171.30769230769232,213.3846153846154,307.0,293.0,inside_visible,1164.88,512.302,1
pQyNKRHbjRA_1-1822,1484,2,1325.0,22.0,300.0,380.0,gaze_shift,1327.9457096774192,710.9981612903225,0
pQyNKRHbjRA_1-1822,1485,1,170.15384615384616,213.69230769230768,307.0,293.0,inside_visible,1172.685,506.583,1
pQyNKRHbjRA_1-1822,1485,2,1329.0,18.0,300.0,380.0,gaze_shift,1328.332806451613,711.4497741935484,0
pQyNKRHbjRA_1-1822,1486,1,169.0,214.0,307.0,293.0,inside_visible,1164.3815,505.39525,1
pQyNKRHbjRA_1-1822,1486,2,1334.3333333333333,12.666666666666668,300.0,380.0,gaze_shift,1328.7199032258063,711.9013870967741,0
pQyNKRHbjRA_1-1822,1487,1,170.26666666666668,214.0,307.0,293.0,inside_visible,1156.078,504.2075,1
pQyNKRHbjRA_1-1822,1487,2,1339.6666666666667,7.333333333333334,300.0,380.0,gaze_shift,1329.107,712.353,0
pQyNKRHbjRA_1-1822,1488,1,171.53333333333333,214.0,307.0,293.0,inside_visible,1147.7745,503.01975,1
pQyNKRHbjRA_1-1822,1488,2,1345.0,2.0,300.0,380.0,inside_visible,1213.107,630.353,0
pQyNKRHbjRA_1-1822,1489,1,172.8,214.0,307.0,293.0,inside_visible,1139.471,501.832,1
pQyNKRHbjRA_1-1822,1489,2,1350.3333333333333,1.3333333333333337,300.0,376.33333333333337,inside_visible,1211.495875,628.964125,0
pQyNKRHbjRA_1-1822,1490,1,174.06666666666666,214.0,307.0,293.0,inside_visible,1292.61,494.17,1
pQyNKRHbjRA_1-1822,1490,2,1355.6666666666667,0.6666666666666667,300.0,372.6666666666666,inside_visible,1209.88475,627.57525,0
pQyNKRHbjRA_1-1822,1491,1,175.33333333333334,214.0,307.0,293.0,inside_visible,1128.116,526.53,1
pQyNKRHbjRA_1-1822,1491,2,1361.0,0.0,300.0,369.0,inside_visible,1208.273625,626.186375,0
pQyNKRHbjRA_1-1822,1492,1,176.6,214.0,307.0,293.0,inside_visible,1189.324,431.703,1
pQyNKRHbjRA_1-1822,1492,2,1364.25,0.0,300.75,366.25,inside_visible,1206.6625,624.7974999999999,0
pQyNKRHbjRA_1-1822,1493,1,177.86666666666667,214.0,307.0,293.0,inside_visible,1169.6335,462.27,1
pQyNKRHbjRA_1-1822,1493,2,1367.5,0.0,301.5,363.5,inside_visible,1205.051375,623.4086249999999,0
pQyNKRHbjRA_1-1822,1494,1,179.13333333333333,214.0,307.0,293.0,inside_visible,1149.943,492.837,1
pQyNKRHbjRA_1-1822,1494,2,1370.75,0.0,302.25,360.75,inside_visible,1203.44025,622.0197499999999,0
pQyNKRHbjRA_1-1822,1495,1,180.4,214.0,307.0,293.0,inside_visible,1107.2765,494.837,1
pQyNKRHbjRA_1-1822,1495,2,1374.0,0.0,303.0,358.0,inside_visible,1201.829125,620.630875,0
pQyNKRHbjRA_1-1822,1496,1,181.66666666666663,214.0,307.0,293.0,inside_visible,1064.61,496.837,1
pQyNKRHbjRA_1-1822,1496,2,1378.3333333333333,0.0,303.0,358.0,inside_visible,1200.218,619.242,0
pQyNKRHbjRA_1-1822,1497,1,182.9333333333333,214.0,307.0,293.0,inside_visible,1053.0543333333333,513.726,1
pQyNKRHbjRA_1-1822,1497,2,1382.6666666666667,0.0,303.0,358.0,inside_visible,1113.107,586.353,0
pQyNKRHbjRA_1-1822,1498,1,184.2,214.0,307.0,293.0,inside_visible,1041.4986666666666,530.615,1
pQyNKRHbjRA_1-1822,1498,2,1387.0,0.0,303.0,358.0,inside_visible,1112.51352,585.7311199999999,0
pQyNKRHbjRA_1-1822,1499,1,185.46666666666667,214.0,307.0,293.0,inside_visible,1029.943,547.504,1
pQyNKRHbjRA_1-1822,1499,2,1387.0,0.0,303.5999999999999,356.4,inside_visible,1111.92004,585.10924,0
pQyNKRHbjRA_1-1822,1500,1,186.73333333333332,214.0,307.0,293.0,inside_visible,1025.943,556.0374,1
pQyNKRHbjRA_1-1822,1500,2,1387.0,0.0,304.20000000000005,354.8,inside_visible,1111.32656,584.48736,0
pQyNKRHbjRA_1-1822,1501,1,188.0,214.0,307.0,293.0,inside_visible,1021.943,564.5708000000001,1
pQyNKRHbjRA_1-1822,1501,2,1387.0,0.0,304.79999999999995,353.2,inside_visible,1110.73308,583.8654799999999,0
pQyNKRHbjRA_1-1822,1502,1,188.0,217.66666666666663,307.0,293.0,inside_visible,1017.943,573.1042,1
pQyNKRHbjRA_1-1822,1502,2,1387.0,0.0,305.4000000000001,351.6,inside_visible,1110.1396,583.2436,0
pQyNKRHbjRA_1-1822,1503,1,188.0,221.33333333333331,307.0,293.0,inside_visible,1013.943,581.6376,1
pQyNKRHbjRA_1-1822,1503,2,1387.0,0.0,306.0,350.0,inside_visible,1109.54612,582.62172,0
pQyNKRHbjRA_1-1822,1504,1,188.0,225.0,307.0,293.0,inside_visible,1009.943,590.171,1
pQyNKRHbjRA_1-1822,1504,2,1389.6666666666667,0.0,306.0,350.0,inside_visible,1108.95264,581.99984,0
pQyNKRHbjRA_1-1822,1505,1,194.5,225.0,307.0,293.0,inside_visible,1016.776375,590.004375,1
pQyNKRHbjRA_1-1822,1505,2,1392.3333333333333,0.0,306.0,350.0,inside_visible,1108.35916,581.37796,0
pQyNKRHbjRA_1-1822,1506,1,201.0,225.0,307.0,293.0,gaze_shift,1023.60975,589.83775,1
pQyNKRHbjRA_1-1822,1506,2,1395.0,0.0,306.0,350.0,inside_visible,1107.76568,580.75608,0
pQyNKRHbjRA_1-1822,1507,1,203.75,226.25,307.0,293.0,gaze_shift,1030.443125,589.6711250000001,1
pQyNKRHbjRA_1-1822,1507,2,1397.6666666666667,0.0,306.0,350.0,inside_visible,1107.1722,580.1342,0
pQyNKRHbjRA_1-1822,1508,1,206.5,227.5,307.0,293.0,gaze_shift,1037.2765,589.5045,1
pQyNKRHbjRA_1-1822,1508,2,1400.3333333333333,0.0,306.0,350.0,inside_visible,1106.57872,579.51232,0
pQyNKRHbjRA_1-1822,1509,1,209.25,228.75,307.0,293.0,gaze_shift,1044.109875,589.3378749999999,1
pQyNKRHbjRA_1-1822,1509,2,1403.0,0.0,306.0,350.0,inside_visible,1105.98524,578.89044,0
pQyNKRHbjRA_1-1822,1510,1,212.0,230.0,307.0,293.0,gaze_shift,1050.9432499999998,589.17125,1
pQyNKRHbjRA_1-1822,1510,2,1403.0,0.0,304.5,346.0,inside_visible,1105.39176,578.26856,0
pQyNKRHbjRA_1-1822,1511,1,214.6,230.0,307.0,293.0,inside_visible,1057.776625,589.004625,1
pQyNKRHbjRA_1-1822,1511,2,1403.0,0.0,303.0,342.0,inside_visible,1104.79828,577.64668,0
pQyNKRHbjRA_1-1822,1512,1,217.2,230.0,307.00000000000006,293.0,inside_visible,1064.61,588.838,1
pQyNKRHbjRA_1-1822,1512,2,1402.1538461538462,0.0,303.0,342.0,inside_visible,1104.2048,577.0248,0
pQyNKRHbjRA_1-1822,1513,1,219.8,230.0,306.99999999999994,293.0,inside_visible,1065.0114999999998,588.65240625,1
pQyNKRHbjRA_1-1822,1513,2,1401.3076923076924,0.0,303.0,342.0,inside_visible,1103.61132,576.40292,0
pQyNKRHbjRA_1-1822,1514,1,222.4,230.0,307.0,293.0,inside_visible,1065.413,588.4668125,1
pQyNKRHbjRA_1-1822,1514,2,1400.4615384615386,0.0,303.0,342.0,inside_visible,1103.01784,575.78104,0
pQyNKRHbjRA_1-1822,1515,1,225.0,230.0,307.0,293.0,inside_visible,1065.8145,588.28121875,1
pQyNKRHbjRA_1-1822,1515,2,1399.6153846153843,0.0,303.0,342.0,inside_visible,1102.42436,575.15916,0
pQyNKRHbjRA_1-1822,1516,1,223.75,229.25,305.0,293.0,inside_visible,1066.216,588.0956249999999,1
pQyNKRHbjRA_1-1822,1516,2,1398.7692307692307,0.0,303.0,342.0,inside_visible,1101.83088,574.53728,0
pQyNKRHbjRA_1-1822,1517,1,222.5,228.5,303.0,293.0,inside_visible,1066.6174999999998,587.91003125,1
pQyNKRHbjRA_1-1822,1517,2,1397.923076923077,0.0,303.0,342.0,inside_visible,1101.2374,573.9154,0
pQyNKRHbjRA_1-1822,1518,1,221.25,227.75,301.0,293.0,inside_visible,1067.019,587.7244375,1
pQyNKRHbjRA_1-1822,1518,2,1397.076923076923,0.0,303.0,342.0,inside_visible,1100.64392,573.2935200000001,0
pQyNKRHbjRA_1-1822,1519,1,220.0,227.0,299.0,293.0,inside_visible,1067.4205,587.53884375,1
pQyNKRHbjRA_1-1822,1519,2,1396.2307692307693,0.0,303.0,342.0,inside_visible,1100.05044,572.67164,0
pQyNKRHbjRA_1-1822,1520,1,214.66666666666663,228.66666666666663,299.0,293.0,inside_visible,1067.822,587.35325,1
pQyNKRHbjRA_1-1822,1520,2,1395.3846153846157,0.0,303.0,342.0,inside_visible,1099.45696,572.04976,0
pQyNKRHbjRA_1-1822,1521,1,209.33333333333331,230.33333333333331,299.0,293.0,inside_visible,1068.2235,587.1676562499999,1
pQyNKRHbjRA_1-1822,1521,2,1394.5384615384614,0.0,303.0,342.0,inside_visible,1098.86348,571.4278800000001,0
pQyNKRHbjRA_1-1822,1522,1,204.0,232.0,299.0,293.0,inside_visible,1068.625,586.9820625,1
pQyNKRHbjRA_1-1822,1522,2,1393.6923076923076,0.0,303.0,342.0,inside_visible,1098.27,570.806,0
pQyNKRHbjRA_1-1822,1523,1,204.8421052631579,231.8421052631579,299.0,293.0,inside_visible,1069.0265,586.79646875,1
pQyNKRHbjRA_1-1822,1523,2,1392.8461538461538,0.0,303.0,342.0,inside_visible,1212.076,642.984,0
pQyNKRHbjRA_1-1822,1524,1,205.68421052631575,231.68421052631575,299.0,293.00000000000006,gaze_shift,1069.428,586.610875,1
pQyNKRHbjRA_1-1822,1524,2,1392.0,0.0,303.0,342.0,inside_visible,1212.9075454545457,642.4243636363636,0
pQyNKRHbjRA_1-1822,1525,1,206.52631578947367,231.52631578947367,299.0,293.0,gaze_shift,1069.8295,586.42528125,1
pQyNKRHbjRA_1-1822,1525,2,1390.6666666666667,1.3333333333333333,303.0,343.83333333333337,inside_visible,1213.739090909091,641.8647272727274,0
pQyNKRHbjRA_1-1822,1526,1,207.3684210526316,231.3684210526316,299.0,293.0,gaze_shift,1070.231,586.2396875,1
pQyNKRHbjRA_1-1822,1526,2,1389.3333333333333,2.6666666666666665,303.0,345.66666666666663,inside_visible,1214.5706363636364,641.305090909091,0
pQyNKRHbjRA_1-1822,1527,1,208.21052631578948,231.21052631578948,299.0,293.0,gaze_shift,1070.6325,586.05409375,1
pQyNKRHbjRA_1-1822,1527,2,1388.0,4.0,303.0,347.5,inside_visible,1215.4021818181818,640.7454545454545,0
pQyNKRHbjRA_1-1822,1528,1,209.05263157894737,231.05263157894737,299.0,293.0,gaze_shift,1071.034,585.8685,1
pQyNKRHbjRA_1-1822,1528,2,1386.6666666666667,5.333333333333333,303.0,349.33333333333337,inside_visible,1216.2337272727273,640.1858181818181,0
pQyNKRHbjRA_1-1822,1529,1,209.8947368421053,230.8947368421053,299.0,293.00000000000006,gaze_shift,1071.4355,585.68290625,1
pQyNKRHbjRA_1-1822,1529,2,1385.3333333333333,6.666666666666667,303.0,351.16666666666663,gaze_shift,1217.0652727272727,639.6261818181819,0
pQyNKRHbjRA_1-1822,1530,1,210.73684210526315,230.73684210526315,299.0,293.0,gaze_shift,1071.837,585.4973125,1
pQyNKRHbjRA_1-1822,1530,2,1384.0,8.0,303.0,353.0,gaze_shift,1217.8968181818182,639.0665454545455,0
pQyNKRHbjRA_1-1822,1531,1,211.57894736842104,230.57894736842104,299.0,293.0,gaze_shift,1072.2385,585.31171875,1
pQyNKRHbjRA_1-1822,1531,2,1388.4,7.4,303.0,353.0,gaze_shift,1218.7283636363636,638.5069090909091,0
pQyNKRHbjRA_1-1822,1532,1,212.42105263157896,230.42105263157896,299.0,293.0,gaze_shift,1072.64,585.126125,1
pQyNKRHbjRA_1-1822,1532,2,1392.8,6.8,303.0,353.0,gaze_shift,1219.559909090909,637.9472727272727,0
pQyNKRHbjRA_1-1822,1533,1,213.26315789473685,230.26315789473685,299.0,293.0,gaze_shift,1073.0415,584.9405312499999,1
pQyNKRHbjRA_1-1822,1533,2,1397.2,6.2,303.0,353.0,gaze_shift,1220.3914545454545,637.3876363636364,0
pQyNKRHbjRA_1-1822,1534,1,214.10526315789477,230.10526315789477,298.99999999999994,292.99999999999994,gaze_shift,1073.443,584.7549375,1
pQyNKRHbjRA_1-1822,1534,2,1401.6,5.6,303.0,353.0,gaze_shift,1221.223,636.828,0
pQyNKRHbjRA_1-1822,1535,1,214.94736842105263,229.94736842105263,299.0,293.0,gaze_shift,1073.8445,584.56934375,1
pQyNKRHbjRA_1-1822,1535,2,1406.0,5.0,303.0,353.0,inside_visible,1503.509,802.087,0
pQyNKRHbjRA_1-1822,1536,1,215.7894736842105,229.7894736842105,299.0,293.0,gaze_shift,1074.246,584.38375,1
pQyNKRHbjRA_1-1822,1536,2,1410.8,6.6,303.0,353.0,inside_visible,1499.9004375,795.2611875,0
pQyNKRHbjRA_1-1822,1537,1,216.6315789473684,229.6315789473684,299.0,293.0,gaze_shift,1074.6475,584.19815625,1
pQyNKRHbjRA_1-1822,1537,2,1415.6,8.2,303.0,353.0,inside_visible,1496.291875,788.435375,0
pQyNKRHbjRA_1-1822,1538,1,217.4736842105263,229.47368421052636,299.00000000000006,293.0,gaze_shift,1075.049,584.0125625,1
pQyNKRHbjRA_1-1822,1538,2,1420.4,9.8,303.0,353.0,inside_visible,1492.6833125,781.6095625,0
pQyNKRHbjRA_1-1822,1539,1,218.31578947368425,229.31578947368425,298.99999999999994,292.99999999999994,gaze_shift,1075.4505,583.82696875,1
pQyNKRHbjRA_1-1822,1539,2,1425.2,11.4,303.0,353.0,inside_visible,1489.07475,774.78375,0
pQyNKRHbjRA_1-1822,1540,1,219.1578947368421,229.1578947368421,299.0,293.0,gaze_shift,1075.852,583.641375,1
pQyNKRHbjRA_1-1822,1540,2,1430.0,13.0,303.0,353.0,inside_visible,1485.4661875,767.9579375,0
pQyNKRHbjRA_1-1822,1541,1,220.0,229.0,299.0,293.0,gaze_shift,1076.2535,583.45578125,1
pQyNKRHbjRA_1-1822,1541,2,1436.75,10.25,303.0,353.0,inside_visible,1481.857625,761.132125,0
pQyNKRHbjRA_1-1822,1542,1,222.0,229.375,299.0,293.0,gaze_shift,1076.655,583.2701875,1
pQyNKRHbjRA_1-1822,1542,2,1443.5,7.5,303.0,353.0,inside_visible,1478.2490625,754.3063125,0
pQyNKRHbjRA_1-1822,1543,1,224.0,229.75,299.0,293.0,gaze_shift,1077.0565,583.08459375,1
pQyNKRHbjRA_1-1822,1543,2,1450.25,4.75,303.0,353.0,inside_visible,1474.6405,747.4805,0
pQyNKRHbjRA_1-1822,1544,1,226.0,230.125,299.0,293.0,gaze_shift,1077.458,582.899,1
pQyNKRHbjRA_1-1822,1544,2,1457.0,2.0,303.0,353.0,inside_visible,1471.0319375,740.6546875,0
pQyNKRHbjRA_1-1822,1545,1,228.0,230.5,299.0,293.0,inside_visible,1168.61,520.838,1
pQyNKRHbjRA_1-1822,1545,2,1457.0,2.0,303.0,361.0,inside_visible,1467.423375,733.828875,0
pQyNKRHbjRA_1-1822,1546,1,230.0,230.875,299.0,293.0,inside_visible,1168.5391034482757,520.6246896551723,1
pQyNKRHbjRA_1-1822,1546,2,1460.2,2.0,299.79999999999995,360.4,inside_visible,1463.8148125,727.0030625,0
pQyNKRHbjRA_1-1822,1547,1,232.0,231.25,299.0,293.0,inside_visible,1168.4682068965517,520.4113793103448,1
pQyNKRHbjRA_1-1822,1547,2,1463.4,2.0,296.5999999999999,359.8,inside_visible,1460.20625,720.17725,0
pQyNKRHbjRA_1-1822,1548,1,234.0,231.625,299.0,293.0,inside_visible,1168.3973103448277,520.1980689655172,1
pQyNKRHbjRA_1-1822,1548,2,1466.6,2.0,293.4000000000001,359.2,inside_visible,1456.5976875,713.3514375,0
pQyNKRHbjRA_1-1822,1549,1,236.0,232.0,299.0,293.0,inside_visible,1168.3264137931037,519.9847586206896,1
pQyNKRHbjRA_1-1822,1549,2,1469.8,2.0,290.20000000000005,358.6,inside_visible,1452.989125,706.525625,0
pQyNKRHbjRA_1-1822,1550,1,240.5,230.16666666666663,299.0,293.0,inside_visible,1168.2555172413793,519.7714482758621,1
pQyNKRHbjRA_1-1822,1550,2,1473.0,2.0,287.0,358.0,inside_visible,1449.3805625,699.6998125,0
pQyNKRHbjRA_1-1822,1551,1,245.0,228.33333333333331,299.0,293.0,inside_visible,1168.184620689655,519.5581379310345,1
pQyNKRHbjRA_1-1822,1551,2,1475.6666666666667,2.0,287.0,358.0,inside_visible,1445.772,692.874,0
pQyNKRHbjRA_1-1822,1552,1,249.5,226.5,299.0,293.0,inside_visible,1168.113724137931,519.3448275862069,1
pQyNKRHbjRA_1-1822,1552,2,1478.3333333333333,2.0,287.0,358.0,inside_visible,1444.843425,692.1502,0
pQyNKRHbjRA_1-1822,1553,1,254.0,224.66666666666663,299.0,293.0,inside_visible,1168.0428275862068,519.1315172413792,1
pQyNKRHbjRA_1-1822,1553,2,1481.0,2.0,287.0,358.0,inside_visible,1443.91485,691.4264000000001,0
pQyNKRHbjRA_1-1822,1554,1,258.5,222.83333333333331,299.0,293.0,inside_visible,1167.9719310344826,518.9182068965517,1
pQyNKRHbjRA_1-1822,1554,2,1483.6666666666667,2.0,287.0,358.0,inside_visible,1442.986275,690.7026000000001,0
pQyNKRHbjRA_1-1822,1555,1,263.0,221.0,299.0,293.0,inside_visible,1167.9010344827586,518.7048965517241,1
pQyNKRHbjRA_1-1822,1555,2,1486.3333333333333,2.0,287.0,358.0,inside_visible,1442.0576999999998,689.9788,0
pQyNKRHbjRA_1-1822,1556,1,267.0,223.75,299.0,293.0,inside_visible,1167.8301379310344,518.4915862068965,1
pQyNKRHbjRA_1-1822,1556,2,1489.0,2.0,287.0,358.0,inside_visible,1441.129125,689.255,0
pQyNKRHbjRA_1-1822,1557,1,271.0,226.5,299.0,293.0,inside_visible,1167.7592413793104,518.278275862069,1
pQyNKRHbjRA_1-1822,1557,2,1493.4,2.0,282.5999999999999,359.0,inside_visible,1440.20055,688.5312,0
pQyNKRHbjRA_1-1822,1558,1,275.0,229.25,299.0,293.0,inside_visible,1167.6883448275862,518.0649655172414,1
pQyNKRHbjRA_1-1822,1558,2,1497.8,2.0,278.20000000000005,360.0,inside_visible,1439.271975,687.8074,0
pQyNKRHbjRA_1-1822,1559,1,279.0,232.0,299.0,293.0,gaze_shift,1167.617448275862,517.8516551724138,1
pQyNKRHbjRA_1-1822,1559,2,1502.2,2.0,273.79999999999995,361.0,inside_visible,1438.3434,687.0836,0
pQyNKRHbjRA_1-1822,1560,1,278.5,231.16666666666663,299.0,293.0,gaze_shift,1167.546551724138,517.6383448275863,1
pQyNKRHbjRA_1-1822,1560,2,1506.6,2.0,269.4000000000001,362.0,inside_visible,1437.4148249999998,686.3598000000001,0
pQyNKRHbjRA_1-1822,1561,1,278.0,230.33333333333331,299.0,293.0,gaze_shift,1167.4756551724138,517.4250344827586,1
pQyNKRHbjRA_1-1822,1561,2,1511.0,2.0,265.0,363.0,inside_visible,1436.48625,685.636,0
pQyNKRHbjRA_1-1822,1562,1,277.5,229.5,299.0,293.0,gaze_shift,1167.4047586206896,517.211724137931,1
pQyNKRHbjRA_1-1822,1562,2,1510.388888888889,2.0,265.6111111111111,363.0,inside_visible,1435.557675,684.9122,0
pQyNKRHbjRA_1-1822,1563,1,277.0,228.66666666666663,299.0,293.0,gaze_shift,1167.3338620689656,516.9984137931035,1
pQyNKRHbjRA_1-1822,1563,2,1509.7777777777778,2.0,266.2222222222222,363.0,inside_visible,1434.6291,684.1884,0
pQyNKRHbjRA_1-1822,1564,1,276.5,227.83333333333331,299.0,293.0,gaze_shift,1167.2629655172414,516.7851034482759,1
pQyNKRHbjRA_1-1822,1564,2,1509.1666666666667,2.0,266.83333333333326,363.0,inside_visible,1433.700525,683.4646,0
pQyNKRHbjRA_1-1822,1565,1,276.0,227.0,299.0,293.0,gaze_shift,1167.1920689655174,516.5717931034483,1
pQyNKRHbjRA_1-1822,1565,2,1508.5555555555557,2.0,267.44444444444434,363.0,inside_visible,1432.7719499999998,682.7408,0
pQyNKRHbjRA_1-1822,1566,1,263.6666666666667,226.0,298.99999999999994,293.0,gaze_shift,1167.1211724137931,516.3584827586208,1
pQyNKRHbjRA_1-1822,1566,2,1507.9444444444443,2.0,268.05555555555566,363.0,inside_visible,1431.843375,682.017,0
pQyNKRHbjRA_1-1822,1567,1,251.33333333333331,225.0,299.0,293.0,gaze_shift,1167.050275862069,516.1451724137931,1
pQyNKRHbjRA_1-1822,1567,2,1507.3333333333333,2.0,268.66666666666674,363.0,inside_visible,1430.9148,681.2932000000001,0
pQyNKRHbjRA_1-1822,1568,1,239.0,224.0,299.0,293.0,gaze_shift,1166.979379310345,515.9318620689655,1
pQyNKRHbjRA_1-1822,1568,2,1506.7222222222222,2.0,269.2777777777778,363.0,inside_visible,1429.986225,680.5694,0
pQyNKRHbjRA_1-1822,1569,1,230.25,226.0,299.0,293.0,gaze_shift,1166.9084827586207,515.7185517241379,1
pQyNKRHbjRA_1-1822,1569,2,1506.111111111111,2.0,269.8888888888889,363.0,inside_visible,1429.05765,679.8456,0
pQyNKRHbjRA_1-1822,1570,1,221.5,228.0,299.0,293.0,gaze_shift,1166.8375862068965,515.5052413793104,1
pQyNKRHbjRA_1-1822,1570,2,1505.5,2.0,270.5,363.0,inside_visible,1428.1290749999998,679.1218,0
pQyNKRHbjRA_1-1822,1571,1,212.75,230.0,299.0,293.0,gaze_shift,1166.7666896551725,515.2919310344828,1
pQyNKRHbjRA_1-1822,1571,2,1504.888888888889,2.0,271.1111111111111,363.0,inside_visible,1427.2005,678.398,0
pQyNKRHbjRA_1-1822,1572,1,204.0,232.0,299.0,293.0,gaze_shift,1166.6957931034483,515.0786206896552,1
pQyNKRHbjRA_1-1822,1572,2,1504.2777777777778,2.0,271.7222222222222,363.0,inside_visible,1426.271925,677.6742,0
pQyNKRHbjRA_1-1822,1573,1,197.66666666666663,226.66666666666663,299.0,293.0,gaze_shift,1166.6248965517243,514.8653103448277,1
pQyNKRHbjRA_1-1822,1573,2,1503.6666666666667,2.0,272.33333333333326,363.0,inside_visible,1425.34335,676.9504000000001,0
pQyNKRHbjRA_1-1822,1574,1,191.33333333333331,221.33333333333331,299.0,293.0,gaze_shift,1166.554,514.652,1
pQyNKRHbjRA_1-1822,1574,2,1503.0555555555557,2.0,272.94444444444434,363.0,inside_visible,1424.414775,676.2266000000001,0
pQyNKRHbjRA_1-1822,1575,1,185.0,216.0,299.0,293.0,inside_visible,1054.898,578.6,1
pQyNKRHbjRA_1-1822,1575,2,1502.4444444444443,2.0,273.55555555555566,363.0,inside_visible,1423.4861999999998,675.5028,0
pQyNKRHbjRA_1-1822,1576,1,185.0,218.28571428571428,299.0,293.0,inside_visible,1054.842736842105,579.6093157894737,1
pQyNKRHbjRA_1-1822,1576,2,1501.8333333333333,2.0,274.16666666666674,363.0,inside_visible,1422.557625,674.779,0
pQyNKRHbjRA_1-1822,1577,1,185.0,220.57142857142856,299.0,293.0,inside_visible,1054.7874736842105,580.6186315789474,1
pQyNKRHbjRA_1-1822,1577,2,1501.2222222222222,2.0,274.7777777777778,363.0,inside_visible,1421.62905,674.0552,0
pQyNKRHbjRA_1-1822,1578,1,185.0,222.8571428571429,299.0,293.0,inside_visible,1054.7322105263156,581.6279473684211,1
pQyNKRHbjRA_1-1822,1578,2,1500.611111111111,2.0,275.3888888888889,363.0,inside_visible,1420.700475,673.3314,0
pQyNKRHbjRA_1-1822,1579,1,185.0,225.14285714285717,299.0,293.0,inside_visible,1054.676947368421,582.6372631578947,1
pQyNKRHbjRA_1-1822,1579,2,1500.0,2.0,276.0,363.0,inside_visible,1419.7719,672.6076,0
pQyNKRHbjRA_1-1822,1580,1,185.0,227.42857142857144,299.0,293.0,inside_visible,1054.6216842105262,583.6465789473684,1
pQyNKRHbjRA_1-1822,1580,2,1498.1666666666667,2.0,277.83333333333326,363.0,inside_visible,1418.8433249999998,671.8838000000001,0
pQyNKRHbjRA_1-1822,1581,1,185.0,229.7142857142857,299.0,292.99999999999994,inside_visible,1054.5664210526315,584.6558947368421,1
pQyNKRHbjRA_1-1822,1581,2,1496.3333333333333,2.0,279.66666666666674,363.0,inside_visible,1417.91475,671.1600000000001,0
pQyNKRHbjRA_1-1822,1582,1,185.0,232.0,299.0,293.0,inside_visible,1054.5111578947367,585.6652105263158,1
pQyNKRHbjRA_1-1822,1582,2,1494.5,2.0,281.5,363.0,inside_visible,1416.986175,670.4362,0
pQyNKRHbjRA_1-1822,1583,1,188.07692307692307,233.23076923076923,299.0,293.00000000000006,inside_visible,1054.455894736842,586.6745263157895,1
pQyNKRHbjRA_1-1822,1583,2,1492.6666666666667,2.0,283.33333333333326,363.0,inside_visible,1416.0576,669.7124,0
pQyNKRHbjRA_1-1822,1584,1,191.15384615384616,234.46153846153845,299.0,293.0,inside_visible,1054.4006315789472,587.6838421052632,1
pQyNKRHbjRA_1-1822,1584,2,1490.8333333333333,2.0,285.16666666666674,363.0,inside_visible,1415.129025,668.9886,0
pQyNKRHbjRA_1-1822,1585,1,194.23076923076923,235.69230769230768,299.0,293.00000000000006,inside_visible,1054.3453684210526,588.6931578947368,1
pQyNKRHbjRA_1-1822,1585,2,1489.0,2.0,287.0,363.0,inside_visible,1414.2004499999998,668.2648,0
pQyNKRHbjRA_1-1822,1586,1,197.30769230769232,236.92307692307693,299.0,293.0,inside_visible,1054.2901052631578,589.7024736842105,1
pQyNKRHbjRA_1-1822,1586,2,1489.0,2.0,287.0,366.25,inside_visible,1413.271875,667.541,0
pQyNKRHbjRA_1-1822,1587,1,200.3846153846154,238.15384615384616,299.0,293.0,inside_visible,1054.2348421052632,590.7117894736842,1
pQyNKRHbjRA_1-1822,1587,2,1489.0,2.0,287.0,369.5,inside_visible,1412.3433,666.8172000000001,0
pQyNKRHbjRA_1-1822,1588,1,203.46153846153845,239.3846153846154,299.0,293.0,inside_visible,1054.1795789473683,591.7211052631579,1
pQyNKRHbjRA_1-1822,1588,2,1489.0,2.0,287.0,372.75,inside_visible,1411.414725,666.0934,0
pQyNKRHbjRA_1-1822,1589,1,206.53846153846155,240.6153846153846,299.0,293.0,inside_visible,1054.1243157894737,592.7304210526316,1
pQyNKRHbjRA_1-1822,1589,2,1489.0,2.0,287.0,376.0,inside_visible,1410.48615,665.3696,0
pQyNKRHbjRA_1-1822,1590,1,209.6153846153846,241.84615384615384,299.0,293.0,inside_visible,1054.0690526315789,593.7397368421053,1
pQyNKRHbjRA_1-1822,1590,2,1488.3333333333333,6.333333333333333,287.0,376.0,inside_visible,1409.5575749999998,664.6458,0
pQyNKRHbjRA_1-1822,1591,1,212.69230769230768,243.07692307692307,299.0,293.0,inside_visible,1054.0137894736845,594.7490526315789,1
pQyNKRHbjRA_1-1822,1591,2,1487.6666666666667,10.666666666666666,287.0,376.0,inside_visible,1408.629,663.922,0
pQyNKRHbjRA_1-1822,1592,1,215.7692307692308,244.30769230769232,298.99999999999994,292.99999999999994,inside_visible,1053.9585263157894,595.7583684210526,1
pQyNKRHbjRA_1-1822,1592,2,1487.0,15.0,287.0,376.0,inside_visible,1389.2005,662.398,0
pQyNKRHbjRA_1-1822,1593,1,218.84615384615384,245.53846153846155,299.0,293.0,inside_visible,1053.9032631578948,596.7676842105263,1
pQyNKRHbjRA_1-1822,1593,2,1483.75,15.0,290.25,376.0,inside_visible,1369.772,660.874,0
pQyNKRHbjRA_1-1822,1594,1,221.92307692307693,246.7692307692308,299.0,292.99999999999994,inside_visible,1053.848,597.777,1
pQyNKRHbjRA_1-1822,1594,2,1480.5,15.0,293.5,376.0,inside_visible,1354.438666666667,652.874,0
pQyNKRHbjRA_1-1822,1595,1,225.0,248.0,299.0,293.0,inside_visible,1053.0843636363636,598.2497272727273,1
pQyNKRHbjRA_1-1822,1595,2,1477.25,15.0,296.75,376.0,inside_visible,1339.1053333333332,644.874,0
pQyNKRHbjRA_1-1822,1596,1,218.14285714285717,248.7142857142857,299.0,292.99999999999994,inside_visible,1052.3207272727273,598.7224545454546,1
pQyNKRHbjRA_1-1822,1596,2,1474.0,15.0,300.0,376.0,inside_visible,1323.772,636.874,0
pQyNKRHbjRA_1-1822,1597,1,211.28571428571428,249.42857142857144,299.0,293.0,inside_visible,1051.557090909091,599.1951818181818,1
pQyNKRHbjRA_1-1822,1597,2,1464.5,19.0,300.0,376.0,inside_visible,1302.772,636.874,0
pQyNKRHbjRA_1-1822,1598,1,204.42857142857144,250.14285714285717,299.0,293.0,inside_visible,1050.7934545454546,599.6679090909091,1
pQyNKRHbjRA_1-1822,1598,2,1455.0,23.0,300.0,376.0,inside_visible,1281.772,636.874,0
pQyNKRHbjRA_1-1822,1599,1,197.57142857142856,250.8571428571429,299.0,293.0,inside_visible,1050.0298181818182,600.1406363636364,1
pQyNKRHbjRA_1-1822,1599,2,1450.6666666666667,23.0,300.0,376.0,inside_visible,1267.272,638.874,0
pQyNKRHbjRA_1-1822,1600,1,190.7142857142857,251.57142857142856,299.0,293.0,inside_visible,1049.2661818181818,600.6133636363637,1
pQyNKRHbjRA_1-1822,1600,2,1446.3333333333333,23.0,300.0,376.0,inside_visible,1252.772,640.874,0
pQyNKRHbjRA_1-1822,1601,1,183.8571428571429,252.28571428571428,299.0,293.00000000000006,inside_visible,1048.5025454545455,601.0860909090909,1
pQyNKRHbjRA_1-1822,1601,2,1442.0,23.0,300.0,376.0,inside_visible,1238.272,642.874,0
pQyNKRHbjRA_1-1822,1602,1,177.0,253.0,299.0,293.0,inside_visible,1047.7389090909091,601.5588181818182,1
pQyNKRHbjRA_1-1822,1602,2,1438.8,23.6,300.0,376.0,inside_visible,1223.772,644.874,0
pQyNKRHbjRA_1-1822,1603,1,179.16666666666666,253.5,299.0,293.0,inside_visible,1046.9752727272728,602.0315454545455,1
pQyNKRHbjRA_1-1822,1603,2,1435.6,24.2,300.0,376.0,inside_visible,1216.772,649.874,0
pQyNKRHbjRA_1-1822,1604,1,181.33333333333331,254.0,299.0,293.0,inside_visible,1046.2116363636362,602.5042727272728,1
pQyNKRHbjRA_1-1822,1604,2,1432.4,24.8,300.0,376.0,inside_visible,1209.772,654.874,0
pQyNKRHbjRA_1-1822,1605,1,183.5,254.5,299.0,293.0,inside_visible,1045.448,602.9770000000001,1
pQyNKRHbjRA_1-1822,1605,2,1429.2,25.4,300.0,376.0,inside_visible,1202.438666666667,654.874,0
pQyNKRHbjRA_1-1822,1606,1,185.66666666666663,255.0,299.0,293.0,inside_visible,1044.6843636363635,603.4497272727273,1
pQyNKRHbjRA_1-1822,1606,2,1426.0,26.0,300.0,376.0,inside_visible,1195.1053333333332,654.874,0
pQyNKRHbjRA_1-1822,1607,1,187.83333333333331,255.5,299.0,293.0,inside_visible,1043.9207272727272,603.9224545454546,1
pQyNKRHbjRA_1-1822,1607,2,1420.5,26.0,300.0,376.0,inside_visible,1187.772,654.874,0
pQyNKRHbjRA_1-1822,1608,1,190.0,256.0,299.0,293.0,inside_visible,1043.1570909090908,604.3951818181819,1
pQyNKRHbjRA_1-1822,1608,2,1415.0,26.0,300.0,376.0,inside_visible,1194.772,653.374,0
pQyNKRHbjRA_1-1822,1609,1,195.33333333333331,260.3333333333333,299.0,293.00000000000006,inside_visible,1042.3934545454545,604.8679090909092,1
pQyNKRHbjRA_1-1822,1609,2,1412.25,26.0,300.0,376.0,inside_visible,1201.772,651.874,0
pQyNKRHbjRA_1-1822,1610,1,200.66666666666663,264.6666666666667,299.0,292.99999999999994,inside_visible,1041.629818181818,605.3406363636365,1
pQyNKRHbjRA_1-1822,1610,2,1409.5,26.0,300.0,376.0,inside_visible,1208.772,650.374,0
pQyNKRHbjRA_1-1822,1611,1,206.0,269.0,299.0,293.0,inside_visible,1040.8661818181818,605.8133636363636,1
pQyNKRHbjRA_1-1822,1611,2,1406.75,26.0,300.0,376.0,inside_visible,1215.772,648.874,0
pQyNKRHbjRA_1-1822,1612,1,210.0,269.0,299.0,293.0,inside_visible,1040.1025454545454,606.286090909091,1
pQyNKRHbjRA_1-1822,1612,2,1404.0,26.0,300.0,376.0,inside_visible,1222.772,647.374,0
pQyNKRHbjRA_1-1822,1613,1,214.0,269.0,299.0,293.0,inside_visible,1039.338909090909,606.7588181818182,1
pQyNKRHbjRA_1-1822,1613,2,1400.0,26.0,300.0,376.0,inside_visible,1229.772,645.874,0
pQyNKRHbjRA_1-1822,1614,1,218.0,269.0,299.0,293.0,inside_visible,1038.5752727272727,607.2315454545455,1
pQyNKRHbjRA_1-1822,1614,2,1396.0,26.0,300.0,376.0,inside_visible,1236.772,644.374,0
pQyNKRHbjRA_1-1822,1615,1,222.0,269.0,299.0,293.0,inside_visible,1037.8116363636364,607.7042727272727,1
pQyNKRHbjRA_1-1822,1615,2,1394.0,26.0,300.0,376.0,inside_visible,1243.772,642.874,0
pQyNKRHbjRA_1-1822,1616,1,215.5,270.5,299.0,293.0,inside_visible,1037.048,608.177,1
pQyNKRHbjRA_1-1822,1616,2,1392.0,26.0,300.0,376.0,inside_visible,1268.439,639.541,0
pQyNKRHbjRA_1-1822,1617,1,209.0,272.0,299.0,293.0,inside_visible,1036.2843636363637,608.6497272727273,1
pQyNKRHbjRA_1-1822,1617,2,1390.0,26.0,300.0,376.0,inside_visible,1309.105,724.207,0
pQyNKRHbjRA_1-1822,1618,1,205.33333333333331,270.3333333333333,299.0,293.00000000000006,inside_visible,1035.5207272727273,609.1224545454546,1
pQyNKRHbjRA_1-1822,1618,2,1388.0,26.0,300.0,376.0,inside_visible,1299.772,722.874,0
pQyNKRHbjRA_1-1822,1619,1,201.66666666666663,268.6666666666667,299.0,292.99999999999994,inside_visible,1034.757090909091,609.5951818181819,1
pQyNKRHbjRA_1-1822,1619,2,1385.3333333333333,25.0,300.0,376.0,inside_visible,1305.2185,721.1655000000001,0
pQyNKRHbjRA_1-1822,1620,1,198.0,267.0,299.0,293.0,inside_visible,1033.9934545454546,610.0679090909091,1
pQyNKRHbjRA_1-1822,1620,2,1382.6666666666667,24.0,300.0,376.0,gaze_shift,1310.665,719.457,0
pQyNKRHbjRA_1-1822,1621,1,203.5,265.75,299.0,293.0,inside_visible,1033.2298181818182,610.5406363636364,1
pQyNKRHbjRA_1-1822,1621,2,1380.0,23.0,300.0,376.0,gaze_shift,1316.1115,717.7484999999999,0
pQyNKRHbjRA_1-1822,1622,1,209.0,264.5,299.0,293.0,inside_visible,1032.4661818181817,611.0133636363637,1
pQyNKRHbjRA_1-1822,1622,2,1384.3333333333333,22.0,300.0,376.0,gaze_shift,1321.558,716.04,0
pQyNKRHbjRA_1-1822,1623,1,214.5,263.25,299.0,293.0,inside_visible,1031.702545454545,611.486090909091,1
pQyNKRHbjRA_1-1822,1623,2,1388.6666666666667,21.0,300.0,376.0,inside_visible,447.004,356.832,0
pQyNKRHbjRA_1-1822,1624,1,220.0,262.0,299.0,293.0,inside_visible,1030.938909090909,611.9588181818182,1
pQyNKRHbjRA_1-1822,1624,2,1393.0,20.0,300.0,376.0,inside_visible,449.9320666666667,357.83706666666666,0
pQyNKRHbjRA_1-1822,1625,1,223.66666666666663,263.0,299.0,293.0,inside_visible,1030.1752727272726,612.4315454545455,1
pQyNKRHbjRA_1-1822,1625,2,1393.0,20.0,303.0,365.0,inside_visible,452.86013333333335,358.8421333333333,0
pQyNKRHbjRA_1-1822,1626,1,227.33333333333331,264.0,299.0,293.0,inside_visible,1029.4116363636365,612.9042727272728,1
pQyNKRHbjRA_1-1822,1626,2,1392.4444444444443,18.77777777777778,303.0,365.0,inside_visible,455.7882,359.8472,0
pQyNKRHbjRA_1-1822,1627,1,231.0,265.0,299.0,293.0,inside_visible,1028.648,613.3770000000001,1
pQyNKRHbjRA_1-1822,1627,2,1391.888888888889,17.555555555555557,303.0,365.0,inside_visible,458.7162666666667,360.85226666666665,0
pQyNKRHbjRA_1-1822,1628,1,227.33333333333331,265.0,299.0,293.0,inside_visible,1027.8843636363636,613.8497272727274,1
pQyNKRHbjRA_1-1822,1628,2,1391.3333333333333,16.333333333333332,303.0,365.0,inside_visible,461.64433333333335,361.8573333333333,0
pQyNKRHbjRA_1-1822,1629,1,223.66666666666663,265.0,299.0,293.0,inside_visible,1027.1207272727272,614.3224545454545,1
pQyNKRHbjRA_1-1822,1629,2,1390.7777777777778,15.11111111111111,303.0,365.0,inside_visible,464.5724,362.8624,0
pQyNKRHbjRA_1-1822,1630,1,220.0,265.0,299.0,293.0,inside_visible,1026.3570909090909,614.7951818181818,1
pQyNKRHbjRA_1-1822,1630,2,1390.2222222222222,13.88888888888889,303.0,365.0,inside_visible,467.5004666666667,363.8674666666666,0
pQyNKRHbjRA_1-1822,1631,1,216.33333333333331,265.0,299.0,293.0,inside_visible,1025.5934545454545,615.2679090909091,1
pQyNKRHbjRA_1-1822,1631,2,1389.6666666666667,12.666666666666668,303.0,365.0,inside_visible,470.42853333333335,364.87253333333337,0
pQyNKRHbjRA_1-1822,1632,1,212.66666666666663,265.0,299.0,293.0,inside_visible,1024.8298181818182,615.7406363636364,1
pQyNKRHbjRA_1-1822,1632,2,1389.111111111111,11.444444444444445,303.0,365.0,inside_visible,473.3566,365.8776,0
pQyNKRHbjRA_1-1822,1633,1,209.0,265.0,299.0,293.0,inside_visible,1024.0661818181818,616.2133636363637,1
pQyNKRHbjRA_1-1822,1633,2,1388.5555555555557,10.222222222222223,303.0,365.0,inside_visible,476.2846666666667,366.8826666666667,0
pQyNKRHbjRA_1-1822,1634,1,213.0,265.75,299.0,293.0,inside_visible,1023.3025454545456,616.6860909090909,1
pQyNKRHbjRA_1-1822,1634,2,1388.0,9.0,303.0,365.0,inside_visible,479.21273333333335,367.88773333333336,0
pQyNKRHbjRA_1-1822,1635,1,217.0,266.5,299.0,293.0,inside_visible,1022.5389090909092,617.1588181818182,1
pQyNKRHbjRA_1-1822,1635,2,1388.2162162162165,9.513513513513514,303.135135135135,364.4864864864865,inside_visible,482.1408,368.8928,0
pQyNKRHbjRA_1-1822,1636,1,221.0,267.25,299.0,293.0,inside_visible,1021.7752727272726,617.6315454545455,1
pQyNKRHbjRA_1-1822,1636,2,1388.4324324324325,10.027027027027028,303.2702702702702,363.97297297297297,inside_visible,485.0688666666667,369.8978666666667,0
pQyNKRHbjRA_1-1822,1637,1,225.0,268.0,299.0,293.0,inside_visible,1021.0116363636364,618.1042727272728,1
pQyNKRHbjRA_1-1822,1637,2,1388.6486486486488,10.54054054054054,303.4054054054052,363.4594594594595,inside_visible,487.99693333333335,370.90293333333335,0
pQyNKRHbjRA_1-1822,1638,1,223.625,267.625,299.0,293.0,inside_visible,1020.248,618.577,1
pQyNKRHbjRA_1-1822,1638,2,1388.8648648648648,11.054054054054054,303.54054054054063,362.94594594594594,inside_visible,490.925,371.908,0
pQyNKRHbjRA_1-1822,1639,1,222.25,267.25,299.0,293.0,inside_visible,1019.4843636363636,619.0497272727273,1
pQyNKRHbjRA_1-1822,1639,2,1389.081081081081,11.567567567567568,303.6756756756756,362.4324324324325,inside_visible,490.4688596491228,372.0834385964913,0
pQyNKRHbjRA_1-1822,1640,1,220.875,266.875,299.0,293.0,inside_visible,1018.7207272727272,619.5224545454546,1
pQyNKRHbjRA_1-1822,1640,2,1389.2972972972973,12.08108108108108,303.81081081081084,361.9189189189189,inside_visible,490.0127192982456,372.2588771929825,0
pQyNKRHbjRA_1-1822,1641,1,219.5,266.5,299.0,293.0,inside_visible,1017.9570909090908,619.9951818181819,1
pQyNKRHbjRA_1-1822,1641,2,1389.5135135135135,12.594594594594597,303.9459459459458,361.4054054054054,inside_visible,489.5565789473685,372.4343157894737,0
pQyNKRHbjRA_1-1822,1642,1,218.125,266.125,299.0,293.0,inside_visible,1017.1934545454544,620.4679090909092,1
pQyNKRHbjRA_1-1822,1642,2,1389.7297297297298,13.108108108108109,304.08108108108104,360.8918918918919,inside_visible,489.1004385964912,372.60975438596495,0
pQyNKRHbjRA_1-1822,1643,1,216.75,265.75,299.0,293.0,inside_visible,1016.4298181818182,620.9406363636364,1
pQyNKRHbjRA_1-1822,1643,2,1389.945945945946,13.62162162162162,304.216216216216,360.3783783783784,inside_visible,488.6442982456141,372.7851929824562,0
pQyNKRHbjRA_1-1822,1644,1,215.375,265.375,299.0,293.0,inside_visible,1015.6661818181818,621.4133636363637,1
pQyNKRHbjRA_1-1822,1644,2,1390.162162162162,14.135135135135137,304.35135135135147,359.86486486486484,inside_visible,488.1881578947368,372.96063157894736,0
pQyNKRHbjRA_1-1822,1645,1,214.0,265.0,299.0,293.0,inside_visible,1014.9025454545454,621.886090909091,1
pQyNKRHbjRA_1-1822,1645,2,1390.3783783783783,14.64864864864865,304.48648648648646,359.3513513513513,inside_visible,487.7320175438597,373.1360701754386,0
pQyNKRHbjRA_1-1822,1646,1,215.8571428571429,266.1428571428572,299.0,292.99999999999994,inside_visible,1014.138909090909,622.3588181818183,1
pQyNKRHbjRA_1-1822,1646,2,1390.5945945945946,15.16216216216216,304.62162162162167,358.8378378378378,inside_visible,487.2758771929825,373.3115087719298,0
pQyNKRHbjRA_1-1822,1647,1,217.7142857142857,267.2857142857143,298.99999999999994,293.00000000000006,inside_visible,1013.3752727272728,622.8315454545454,1
pQyNKRHbjRA_1-1822,1647,2,1390.8108108108108,15.675675675675675,304.75675675675666,358.3243243243243,inside_visible,486.81973684210527,373.48694736842106,0
pQyNKRHbjRA_1-1822,1648,1,219.57142857142856,268.42857142857144,299.0,293.0,inside_visible,1012.6116363636364,623.3042727272727,1
pQyNKRHbjRA_1-1822,1648,2,1391.027027027027,16.18918918918919,304.8918918918919,357.81081081081084,inside_visible,486.36359649122807,373.6623859649123,0
pQyNKRHbjRA_1-1822,1649,1,221.42857142857144,269.57142857142856,299.0,293.0,inside_visible,1011.848,623.777,1
pQyNKRHbjRA_1-1822,1649,2,1391.2432432432431,16.7027027027027,305.02702702702686,357.2972972972973,inside_visible,485.9074561403509,373.8378245614035,0
pQyNKRHbjRA_1-1822,1650,1,223.28571428571428,270.7142857142857,299.00000000000006,292.99999999999994,inside_visible,1007.848,657.777,1
pQyNKRHbjRA_1-1822,1650,2,1391.4594594594594,17.216216216216218,305.1621621621623,356.7837837837838,inside_visible,485.4513157894737,374.0132631578948,0
pQyNKRHbjRA_1-1822,1651,1,225.14285714285717,271.85714285714283,299.0,293.00000000000006,inside_visible,1007.71101369863,658.8728904109589,1
pQyNKRHbjRA_1-1822,1651,2,1391.6756756756756,17.72972972972973,305.2972972972973,356.27027027027026,inside_visible,484.9951754385965,374.188701754386,0
pQyNKRHbjRA_1-1822,1652,1,227.0,273.0,299.0,293.0,inside_visible,1007.5740273972602,659.9687808219179,1
pQyNKRHbjRA_1-1822,1652,2,1391.891891891892,18.24324324324324,305.4324324324325,355.7567567567568,inside_visible,484.5390350877193,374.3641403508772,0
pQyNKRHbjRA_1-1822,1653,1,226.8636363636364,273.3636363636364,299.0,293.0,inside_visible,1007.4370410958904,661.0646712328768,1
pQyNKRHbjRA_1-1822,1653,2,1392.108108108108,18.75675675675676,305.5675675675675,355.2432432432432,inside_visible,484.0828947368421,374.53957894736845,0
pQyNKRHbjRA_1-1822,1654,1,226.72727272727272,273.72727272727275,299.0,293.0,inside_visible,1007.3000547945204,662.1605616438356,1
pQyNKRHbjRA_1-1822,1654,2,1392.3243243243244,19.27027027027027,305.7027027027027,354.72972972972974,inside_visible,483.62675438596494,374.7150175438597,0
pQyNKRHbjRA_1-1822,1655,1,226.5909090909091,274.09090909090907,299.0,293.00000000000006,inside_visible,1007.1630684931506,663.2564520547945,1
pQyNKRHbjRA_1-1822,1655,2,1392.5405405405406,19.783783783783782,305.8378378378377,354.2162162162162,inside_visible,483.1706140350877,374.8904561403509,0
pQyNKRHbjRA_1-1822,1656,1,226.45454545454547,274.45454545454544,299.0,293.00000000000006,inside_visible,1007.0260821917808,664.3523424657535,1
pQyNKRHbjRA_1-1822,1656,2,1392.7567567567569,20.2972972972973,305.97297297297314,353.7027027027027,inside_visible,482.7144736842105,375.0658947368421,0
pQyNKRHbjRA_1-1822,1657,1,226.3181818181818,274.8181818181818,299.00000000000006,293.00000000000006,inside_visible,1006.8890958904108,665.4482328767124,1
pQyNKRHbjRA_1-1822,1657,2,1392.972972972973,20.81081081081081,306.1081081081081,353.1891891891892,inside_visible,482.2583333333333,375.2413333333333,0
pQyNKRHbjRA_1-1822,1658,1,226.1818181818182,275.1818181818182,298.99999999999994,292.99999999999994,inside_visible,1006.7521095890412,666.5441232876713,1
pQyNKRHbjRA_1-1822,1658,2,1393.1891891891892,21.324324324324323,306.24324324324334,352.6756756756757,inside_visible,481.8021929824562,375.41677192982456,0
pQyNKRHbjRA_1-1822,1659,1,226.04545454545453,275.54545454545456,299.0,292.99999999999994,inside_visible,1006.6151232876712,667.6400136986301,1
pQyNKRHbjRA_1-1822,1659,2,1393.4054054054054,21.83783783783784,306.3783783783784,352.1621621621622,inside_visible,481.34605263157897,375.5922105263158,0
pQyNKRHbjRA_1-1822,1660,1,225.9090909090909,275.90909090909093,299.0,292.99999999999994,inside_visible,1006.4781369863014,668.7359041095891,1
pQyNKRHbjRA_1-1822,1660,2,1393.6216216216217,22.351351351351354,306.51351351351354,351.64864864864865,inside_visible,480.88991228070176,375.76764912280703,0
pQyNKRHbjRA_1-1822,1661,1,225.77272727272728,276.27272727272725,299.0,293.0,inside_visible,1006.3411506849314,669.831794520548,1
pQyNKRHbjRA_1-1822,1661,2,1393.837837837838,22.864864864864863,306.64864864864853,351.1351351351352,inside_visible,480.43377192982456,375.9430877192983,0
pQyNKRHbjRA_1-1822,1662,1,225.63636363636363,276.6363636363636,299.0,293.0,inside_visible,1006.2041643835616,670.9276849315069,1
pQyNKRHbjRA_1-1822,1662,2,1394.054054054054,23.37837837837838,306.783783783784,350.6216216216216,inside_visible,479.97763157894735,376.1185263157895,0
pQyNKRHbjRA_1-1822,1663,1,225.5,277.0,299.0,293.0,inside_visible,1006.0671780821916,672.0235753424658,1
pQyNKRHbjRA_1-1822,1663,2,1394.2702702702702,23.89189189189189,306.91891891891896,350.1081081081081,inside_visible,479.5214912280702,376.2939649122807,0
pQyNKRHbjRA_1-1822,1664,1,225.3636363636364,277.3636363636364,299.0,293.0,inside_visible,1005.930191780822,673.1194657534247,1
pQyNKRHbjRA_1-1822,1664,2,1394.4864864864865,24.405405405405407,307.0540540540542,349.5945945945946,inside_visible,479.065350877193,376.469403508772,0
pQyNKRHbjRA_1-1822,1665,1,225.22727272727272,277.72727272727275,299.0,293.0,inside_visible,1005.793205479452,674.2153561643836,1
pQyNKRHbjRA_1-1822,1665,2,1394.7027027027027,24.91891891891892,307.1891891891892,349.0810810810811,inside_visible,478.6092105263158,376.6448421052632,0
pQyNKRHbjRA_1-1822,1666,1,225.0909090909091,278.09090909090907,299.0,293.00000000000006,inside_visible,1005.656219178082,675.3112465753425,1
pQyNKRHbjRA_1-1822,1666,2,1394.918918918919,25.432432432432435,307.3243243243244,348.56756756756755,inside_visible,478.1530701754386,376.8202807017544,0
pQyNKRHbjRA_1-1822,1667,1,224.95454545454547,278.45454545454544,299.0,293.00000000000006,inside_visible,1005.5192328767124,676.4071369863015,1
pQyNKRHbjRA_1-1822,1667,2,1395.1351351351352,25.945945945945947,307.45945945945937,348.05405405405406,inside_visible,477.69692982456144,376.9957192982456,0
pQyNKRHbjRA_1-1822,1668,1,224.8181818181818,278.8181818181818,299.00000000000006,293.00000000000006,inside_visible,1005.3822465753424,677.5030273972603,1
pQyNKRHbjRA_1-1822,1668,2,1395.3513513513512,26.45945945945946,307.5945945945948,347.5405405405405,inside_visible,477.2407894736842,377.1711578947368,0
pQyNKRHbjRA_1-1822,1669,1,224.6818181818182,279.1818181818182,298.99999999999994,292.99999999999994,inside_visible,1005.2452602739726,678.5989178082192,1
pQyNKRHbjRA_1-1822,1669,2,1395.5675675675675,26.97297297297297,307.7297297297298,347.02702702702703,inside_visible,476.784649122807,377.34659649122807,0
pQyNKRHbjRA_1-1822,1670,1,224.54545454545453,279.54545454545456,299.0,292.99999999999994,inside_visible,1005.1082739726028,679.6948082191781,1
pQyNKRHbjRA_1-1822,1670,2,1395.7837837837835,27.486486486486488,307.864864864865,346.5135135135135,inside_visible,476.3285087719298,377.5220350877193,0
pQyNKRHbjRA_1-1822,1671,1,224.4090909090909,279.90909090909093,299.0,292.99999999999994,inside_visible,1004.9712876712327,680.7906986301371,1
pQyNKRHbjRA_1-1822,1671,2,1396.0,28.0,308.0,346.0,inside_visible,475.8723684210527,377.69747368421054,0
pQyNKRHbjRA_1-1822,1672,1,224.27272727272728,280.27272727272725,299.0,293.0,inside_visible,1004.8343013698628,681.8865890410959,1
pQyNKRHbjRA_1-1822,1672,2,1394.7,28.5,308.0,346.0,inside_visible,475.41622807017546,377.87291228070177,0
pQyNKRHbjRA_1-1822,1673,1,224.13636363636363,280.6363636363636,299.0,293.0,inside_visible,1004.6973150684933,682.9824794520548,1
pQyNKRHbjRA_1-1822,1673,2,1393.4,29.0,308.0,346.0,inside_visible,474.9600877192983,378.048350877193,0
pQyNKRHbjRA_1-1822,1674,1,224.0,281.0,299.0,293.0,inside_visible,1004.5603287671232,684.0783698630138,1
pQyNKRHbjRA_1-1822,1674,2,1392.1,29.5,308.0,346.0,inside_visible,474.50394736842105,378.2237894736842,0
pQyNKRHbjRA_1-1822,1675,1,224.0,281.0,299.0,296.16666666666663,inside_visible,1004.4233424657534,685.1742602739727,1
pQyNKRHbjRA_1-1822,1675,2,1390.8,30.0,308.0,346.0,inside_visible,474.0478070175439,378.39922807017547,0
pQyNKRHbjRA_1-1822,1676,1,224.0,281.0,299.0,299.33333333333337,inside_visible,1004.2863561643836,686.2701506849315,1
pQyNKRHbjRA_1-1822,1676,2,1389.5,30.5,308.0,346.0,inside_visible,473.5916666666667,378.5746666666667,0
pQyNKRHbjRA_1-1822,1677,1,224.0,281.0,299.0,302.5,inside_visible,1004.1493698630136,687.3660410958904,1
pQyNKRHbjRA_1-1822,1677,2,1388.2,31.0,308.0,346.0,inside_visible,473.1355263157895,378.75010526315793,0
pQyNKRHbjRA_1-1822,1678,1,224.0,281.0,299.0,305.66666666666663,inside_visible,1004.0123835616438,688.4619315068494,1
pQyNKRHbjRA_1-1822,1678,2,1386.9,31.5,308.0,346.0,inside_visible,472.6793859649123,378.9255438596491,0
pQyNKRHbjRA_1-1822,1679,1,224.0,281.0,299.0,308.83333333333337,inside_visible,1003.875397260274,689.5578219178083,1
pQyNKRHbjRA_1-1822,1679,2,1385.6,32.0,308.0,346.0,inside_visible,472.2232456140351,379.10098245614034,0
pQyNKRHbjRA_1-1822,1680,1,224.0,281.0,299.0,312.0,inside_visible,1003.738410958904,690.6537123287671,1
pQyNKRHbjRA_1-1822,1680,2,1384.3,32.5,308.0,346.0,inside_visible,471.76710526315793,379.2764210526316,0
pQyNKRHbjRA_1-1822,1681,1,222.94444444444449,280.72222222222223,299.0,311.99999999999994,inside_visible,1003.6014246575342,691.749602739726,1
pQyNKRHbjRA_1-1822,1681,2,1383.0,33.0,308.0,346.0,inside_visible,471.3109649122807,379.4518596491228,0
pQyNKRHbjRA_1-1822,1682,1,221.88888888888889,280.44444444444446,299.0,312.0,inside_visible,1003.4644383561644,692.845493150685,1
pQyNKRHbjRA_1-1822,1682,2,1388.5,33.75,308.0,346.0,inside_visible,470.8548245614035,379.6272982456141,0
pQyNKRHbjRA_1-1822,1683,1,220.83333333333331,280.1666666666667,299.0,311.99999999999994,inside_visible,1003.3274520547944,693.9413835616439,1
pQyNKRHbjRA_1-1822,1683,2,1394.0,34.5,308.0,346.0,inside_visible,470.3986842105263,379.8027368421053,0
pQyNKRHbjRA_1-1822,1684,1,219.77777777777777,279.8888888888889,299.00000000000006,312.0,inside_visible,1003.1904657534246,695.0372739726027,1
pQyNKRHbjRA_1-1822,1684,2,1399.5,35.25,308.0,346.0,inside_visible,469.9425438596492,379.9781754385965,0
pQyNKRHbjRA_1-1822,1685,1,218.72222222222223,279.6111111111111,298.99999999999994,312.0,inside_visible,1003.0534794520548,696.1331643835617,1
pQyNKRHbjRA_1-1822,1685,2,1405.0,36.0,308.0,346.0,inside_visible,469.486403508772,380.1536140350877,0
pQyNKRHbjRA_1-1822,1686,1,217.66666666666663,279.3333333333333,299.0,312.00000000000006,inside_visible,1002.9164931506848,697.2290547945206,1
pQyNKRHbjRA_1-1822,1686,2,1406.3333333333333,36.0,308.0,346.0,inside_visible,469.0302631578948,380.329052631579,0
pQyNKRHbjRA_1-1822,1687,1,216.61111111111111,279.05555555555554,299.0,312.0,inside_visible,1002.779506849315,698.3249452054795,1
pQyNKRHbjRA_1-1822,1687,2,1407.6666666666667,36.0,308.0,346.0,inside_visible,468.5741228070176,380.5044912280702,0
pQyNKRHbjRA_1-1822,1688,1,215.55555555555557,278.77777777777777,299.0,312.00000000000006,inside_visible,1002.6425205479452,699.4208356164384,1
pQyNKRHbjRA_1-1822,1688,2,1409.0,36.0,308.0,346.0,inside_visible,468.11798245614034,380.67992982456144,0
pQyNKRHbjRA_1-1822,1689,1,214.5,278.5,299.0,312.0,inside_visible,1002.5055342465752,700.5167260273973,1
pQyNKRHbjRA_1-1822,1689,2,1410.3333333333333,36.0,308.0,346.0,inside_visible,467.6618421052632,380.8553684210527,0
pQyNKRHbjRA_1-1822,1690,1,213.44444444444449,278.22222222222223,299.0,311.99999999999994,inside_visible,1002.3685479452056,701.6126164383562,1
pQyNKRHbjRA_1-1822,1690,2,1411.6666666666667,36.0,308.0,346.0,inside_visible,467.205701754386,381.0308070175439,0
pQyNKRHbjRA_1-1822,1691,1,212.38888888888889,277.94444444444446,299.0,312.0,inside_visible,1002.2315616438356,702.7085068493151,1
pQyNKRHbjRA_1-1822,1691,2,1413.0,36.0,308.0,346.0,inside_visible,466.7495614035088,381.2062456140351,0
pQyNKRHbjRA_1-1822,1692,1,211.33333333333331,277.6666666666667,299.0,311.99999999999994,inside_visible,1002.0945753424658,703.8043972602741,1
pQyNKRHbjRA_1-1822,1692,2,1413.8,35.2,308.0,346.0,inside_visible,466.2934210526316,381.3816842105263,0
pQyNKRHbjRA_1-1822,1693,1,210.27777777777777,277.3888888888889,299.0,312.0,inside_visible,1001.9575890410958,704.900287671233,1
pQyNKRHbjRA_1-1822,1693,2,1414.6,34.4,308.0,346.0,inside_visible,465.8372807017544,381.5571228070176,0
pQyNKRHbjRA_1-1822,1694,1,209.22222222222223,277.1111111111111,299.0,312.0,inside_visible,1001.820602739726,705.9961780821918,1
pQyNKRHbjRA_1-1822,1694,2,1415.4,33.6,308.0,346.0,inside_visible,465.3811403508772,381.7325614035088,0
pQyNKRHbjRA_1-1822,1695,1,208.16666666666663,276.8333333333333,299.0,312.00000000000006,inside_visible,1001.683616438356,707.0920684931507,1
pQyNKRHbjRA_1-1822,1695,2,1416.2,32.8,308.0,346.0,inside_visible,464.925,381.908,0
pQyNKRHbjRA_1-1822,1696,1,207.11111111111111,276.55555555555554,299.0,312.0,inside_visible,1001.5466301369862,708.1879589041097,1
pQyNKRHbjRA_1-1822,1696,2,1417.0,32.0,308.0,346.0,inside_visible,464.8618421052632,380.49747368421055,0
pQyNKRHbjRA_1-1822,1697,1,206.05555555555557,276.27777777777777,299.0,312.00000000000006,inside_visible,1001.4096438356164,709.2838493150686,1
pQyNKRHbjRA_1-1822,1697,2,1417.8,31.2,308.0,346.0,inside_visible,464.7986842105264,379.0869473684211,0
pQyNKRHbjRA_1-1822,1698,1,205.0,276.0,299.0,312.0,inside_visible,1001.2726575342464,710.3797397260274,1
pQyNKRHbjRA_1-1822,1698,2,1418.6,30.4,308.0,346.0,inside_visible,464.7355263157895,377.6764210526316,0
pQyNKRHbjRA_1-1822,1699,1,206.04761904761904,276.0,299.0,312.0,inside_visible,1001.1356712328768,711.4756301369863,1
pQyNKRHbjRA_1-1822,1699,2,1419.4,29.6,308.0,346.0,inside_visible,464.6723684210526,376.2658947368421,0
pQyNKRHbjRA_1-1822,1700,1,207.0952380952381,276.0,299.0,312.0,inside_visible,1000.9986849315068,712.5715205479453,1
pQyNKRHbjRA_1-1822,1700,2,1420.2,28.8,308.0,346.0,inside_visible,464.6092105263158,374.8553684210526,0
pQyNKRHbjRA_1-1822,1701,1,208.14285714285717,276.0,299.0,312.0,inside_visible,1000.861698630137,713.6674109589042,1
pQyNKRHbjRA_1-1822,1701,2,1421.0,28.0,308.0,346.0,inside_visible,464.54605263157896,373.4448421052632,0
pQyNKRHbjRA_1-1822,1702,1,209.1904761904762,276.0,299.0,312.0,inside_visible,1000.724712328767,714.763301369863,1
pQyNKRHbjRA_1-1822,1702,2,1421.0,27.761904761904763,308.0,346.23809523809524,inside_visible,464.4828947368421,372.0343157894737,0
pQyNKRHbjRA_1-1822,1703,1,210.23809523809524,276.0,299.0,312.0,inside_visible,1000.5877260273973,715.8591917808219,1
pQyNKRHbjRA_1-1822,1703,2,1421.0,27.52380952380953,308.0,346.4761904761905,inside_visible,464.4197368421053,370.6237894736842,0
pQyNKRHbjRA_1-1822,1704,1,211.28571428571428,276.0,299.0,312.0,inside_visible,1000.4507397260272,716.9550821917809,1
pQyNKRHbjRA_1-1822,1704,2,1421.0,27.285714285714285,308.0,346.7142857142857,inside_visible,464.35657894736846,369.21326315789474,0
pQyNKRHbjRA_1-1822,1705,1,212.33333333333331,276.0,299.0,312.0,inside_visible,1000.3137534246576,718.0509726027398,1
pQyNKRHbjRA_1-1822,1705,2,1421.0,27.047619047619047,308.0,346.95238095238096,inside_visible,464.2934210526316,367.8027368421053,0
pQyNKRHbjRA_1-1822,1706,1,213.3809523809524,276.0,299.0,312.0,inside_visible,1000.1767671232876,719.1468630136986,1
pQyNKRHbjRA_1-1822,1706,2,1421.0,26.80952380952381,308.0,347.1904761904762,inside_visible,464.23026315789474,366.3922105263158,0
pQyNKRHbjRA_1-1822,1707,1,214.42857142857144,276.0,299.0,312.0,inside_visible,1000.0397808219178,720.2427534246576,1
pQyNKRHbjRA_1-1822,1707,2,1421.0,26.571428571428573,308.0,347.42857142857144,inside_visible,464.1671052631579,364.9816842105264,0
pQyNKRHbjRA_1-1822,1708,1,215.47619047619048,276.0,299.0,312.0,inside_visible,999.902794520548,721.3386438356165,1
pQyNKRHbjRA_1-1822,1708,2,1421.0,26.33333333333333,308.0,347.6666666666667,inside_visible,464.1039473684211,363.57115789473687,0
pQyNKRHbjRA_1-1822,1709,1,216.52380952380952,276.0,299.0,312.0,inside_visible,999.765808219178,722.4345342465754,1
pQyNKRHbjRA_1-1822,1709,2,1421.0,26.09523809523809,308.0,347.9047619047619,inside_visible,464.0407894736842,362.1606315789474,0
pQyNKRHbjRA_1-1822,1710,1,217.57142857142856,276.0,299.0,312.0,inside_visible,999.6288219178082,723.5304246575342,1
pQyNKRHbjRA_1-1822,1710,2,1421.0,25.857142857142858,308.0,348.1428571428572,inside_visible,463.9776315789474,360.7501052631579,0
pQyNKRHbjRA_1-1822,1711,1,218.6190476190476,276.0,299.0,312.0,inside_visible,999.4918356164384,724.6263150684932,1
pQyNKRHbjRA_1-1822,1711,2,1421.0,25.61904761904762,308.0,348.3809523809524,inside_visible,463.9144736842105,359.3395789473684,0
pQyNKRHbjRA_1-1822,1712,1,219.66666666666663,276.0,299.0,312.0,inside_visible,999.3548493150683,725.7222054794521,1
pQyNKRHbjRA_1-1822,1712,2,1421.0,25.38095238095238,308.0,348.6190476190476,inside_visible,463.8513157894737,357.92905263157894,0
pQyNKRHbjRA_1-1822,1713,1,220.7142857142857,276.0,298.99999999999994,312.0,inside_visible,999.2178630136984,726.818095890411,1
pQyNKRHbjRA_1-1822,1713,2,1421.0,25.142857142857142,308.0,348.85714285714283,inside_visible,463.78815789473686,356.5185263157895,0
pQyNKRHbjRA_1-1822,1714,1,221.7619047619048,276.0,299.00000000000006,312.0,inside_visible,999.0808767123287,727.91398630137,1
pQyNKRHbjRA_1-1822,1714,2,1421.0,24.904761904761905,308.0,349.0952380952381,inside_visible,463.725,355.108,0
pQyNKRHbjRA_1-1822,1715,1,222.8095238095238,276.0,299.00000000000006,312.0,inside_visible,998.9438904109588,729.0098767123288,1
pQyNKRHbjRA_1-1822,1715,2,1421.0,24.666666666666668,308.0,349.3333333333333,inside_visible,1208.925,757.908,0
pQyNKRHbjRA_1-1822,1716,1,223.8571428571429,276.0,299.0,312.0,inside_visible,998.806904109589,730.1057671232877,1
pQyNKRHbjRA_1-1822,1716,2,1421.0,24.428571428571427,308.0,349.57142857142856,inside_visible,1210.532,757.5721428571429,0
pQyNKRHbjRA_1-1822,1717,1,224.9047619047619,276.0,299.0,312.0,inside_visible,998.6699178082192,731.2016575342466,1
pQyNKRHbjRA_1-1822,1717,2,1421.0,24.19047619047619,308.0,349.8095238095238,inside_visible,1212.139,757.2362857142857,0
pQyNKRHbjRA_1-1822,1718,1,225.95238095238096,276.0,299.0,312.0,inside_visible,998.5329315068492,732.2975479452056,1
pQyNKRHbjRA_1-1822,1718,2,1421.0,23.952380952380956,308.0,350.04761904761904,inside_visible,1213.746,756.9004285714286,0
pQyNKRHbjRA_1-1822,1719,1,227.0,276.0,299.0,312.0,inside_visible,998.3959452054794,733.3934383561644,1
pQyNKRHbjRA_1-1822,1719,2,1421.0,23.714285714285715,308.0,350.2857142857143,inside_visible,1215.353,756.5645714285714,0
pQyNKRHbjRA_1-1822,1720,1,231.33333333333331,276.0,299.0,312.0,inside_visible,998.2589589041096,734.4893287671233,1
pQyNKRHbjRA_1-1822,1720,2,1421.0,23.476190476190474,308.0,350.5238095238095,inside_visible,1216.96,756.2287142857143,0
pQyNKRHbjRA_1-1822,1721,1,235.66666666666663,276.0,299.0,312.0,inside_visible,998.1219726027396,735.5852191780823,1
pQyNKRHbjRA_1-1822,1721,2,1421.0,23.23809523809524,308.0,350.7619047619048,inside_visible,1218.567,755.8928571428571,0
pQyNKRHbjRA_1-1822,1722,1,240.0,276.0,299.0,312.0,inside_visible,997.98498630137,736.6811095890412,1
pQyNKRHbjRA_1-1822,1722,2,1421.0,23.0,308.0,351.0,inside_visible,1220.174,755.557,0
pQyNKRHbjRA_1-1822,1723,1,246.33333333333331,277.0,298.0,313.0,inside_visible,997.848,737.777,1
pQyNKRHbjRA_1-1822,1723,2,1418.3333333333333,23.0,308.0,351.0,inside_visible,1217.9518333333333,752.557,0
pQyNKRHbjRA_1-1822,1724,1,252.66666666666663,278.0,297.0,314.0,inside_visible,996.848,740.9770000000001,1
pQyNKRHbjRA_1-1822,1724,2,1415.6666666666667,23.0,308.0,351.0,inside_visible,1215.7296666666666,749.557,0
pQyNKRHbjRA_1-1822,1725,1,259.0,279.0,296.0,315.0,inside_visible,995.848,744.177,1
pQyNKRHbjRA_1-1822,1725,2,1413.0,23.0,308.0,351.0,inside_visible,1213.5075,746.557,0
pQyNKRHbjRA_1-1822,1726,1,256.54545454545456,280.0,295.99999999999994,314.5454545454545,inside_visible,994.848,747.3770000000001,1
pQyNKRHbjRA_1-1822,1726,2,1410.3333333333333,23.0,308.0,351.0,inside_visible,1211.2853333333333,743.557,0
pQyNKRHbjRA_1-1822,1727,1,254.0909090909091,281.0,296.0,314.0909090909091,inside_visible,993.848,750.577,1
pQyNKRHbjRA_1-1822,1727,2,1407.6666666666667,23.0,308.0,351.0,inside_visible,1209.0631666666666,740.557,0
pQyNKRHbjRA_1-1822,1728,1,251.63636363636363,282.0,296.0,313.6363636363636,inside_visible,992.848,753.777,1
pQyNKRHbjRA_1-1822,1728,2,1405.0,23.0,308.0,351.0,inside_visible,1206.841,737.557,0
pQyNKRHbjRA_1-1822,1729,1,249.1818181818182,283.0,295.99999999999994,313.18181818181813,inside_visible,991.848,756.9770000000001,1
pQyNKRHbjRA_1-1822,1729,2,1402.3333333333333,23.0,308.0,351.0,inside_visible,1188.6186666666665,705.557,0
pQyNKRHbjRA_1-1822,1730,1,246.72727272727272,284.0,296.0,312.72727272727275,inside_visible,990.848,760.177,1
pQyNKRHbjRA_1-1822,1730,2,1399.6666666666667,23.0,308.0,351.0,inside_visible,1170.3963333333334,673.557,0
pQyNKRHbjRA_1-1822,1731,1,244.27272727272728,285.0,296.0,312.27272727272725,inside_visible,989.848,763.3770000000001,1
pQyNKRHbjRA_1-1822,1731,2,1397.0,23.0,308.0,351.0,inside_visible,1152.174,641.557,0
pQyNKRHbjRA_1-1822,1732,1,241.8181818181818,286.0,296.00000000000006,311.81818181818187,inside_visible,988.848,766.577,1
pQyNKRHbjRA_1-1822,1732,2,1387.4,24.0,308.0,349.4,inside_visible,1146.775,608.612,0
pQyNKRHbjRA_1-1822,1733,1,239.3636363636364,287.0,296.0,311.3636363636364,inside_visible,987.848,769.777,1
pQyNKRHbjRA_1-1822,1733,2,1377.8,25.0,308.0,347.8,inside_visible,904.775,698.612,0
pQyNKRHbjRA_1-1822,1734,1,236.9090909090909,288.0,296.0,310.9090909090909,inside_visible,984.2693125,769.277,1
pQyNKRHbjRA_1-1822,1734,2,1368.2,26.0,308.0,346.2,inside_visible,900.0477272727272,698.4301818181818,0
pQyNKRHbjRA_1-1822,1735,1,234.45454545454547,289.0,296.0,310.4545454545455,inside_visible,980.690625,768.777,1
pQyNKRHbjRA_1-1822,1735,2,1358.6,27.0,308.0,344.6,inside_visible,895.3204545454545,698.2483636363636,0
pQyNKRHbjRA_1-1822,1736,1,232.0,290.0,296.0,310.0,inside_visible,977.1119375,768.277,1
pQyNKRHbjRA_1-1822,1736,2,1349.0,28.0,308.0,343.0,inside_visible,890.5931818181818,698.0665454545455,0
pQyNKRHbjRA_1-1822,1737,1,225.5,290.0,294.5,302.0,inside_visible,973.53325,767.777,1
pQyNKRHbjRA_1-1822,1737,2,1344.5,29.33333333333333,308.0,343.0,inside_visible,885.8659090909091,697.8847272727272,0
pQyNKRHbjRA_1-1822,1738,1,219.0,290.0,293.0,294.0,inside_visible,969.9545625,767.277,1
pQyNKRHbjRA_1-1822,1738,2,1340.0,30.666666666666668,308.0,343.0,inside_visible,881.1386363636364,697.7029090909091,0
pQyNKRHbjRA_1-1822,1739,1,217.9,290.5,293.0,294.0,inside_visible,966.375875,766.777,1
pQyNKRHbjRA_1-1822,1739,2,1335.5,32.0,308.0,343.0,inside_visible,876.4113636363636,697.5210909090908,0
pQyNKRHbjRA_1-1822,1740,1,216.8,291.0,293.0,294.0,inside_visible,962.7971875,766.277,1
pQyNKRHbjRA_1-1822,1740,2,1331.0,33.333333333333336,308.0,343.0,inside_visible,871.6840909090909,697.3392727272727,0
pQyNKRHbjRA_1-1822,1741,1,215.7,291.5,293.0,294.0,inside_visible,959.2185,765.777,1
pQyNKRHbjRA_1-1822,1741,2,1326.5,34.666666666666664,308.0,343.0,inside_visible,866.9568181818181,697.1574545454545,0
pQyNKRHbjRA_1-1822,1742,1,214.6,292.0,293.0,294.0,inside_visible,955.6398125,765.277,1
pQyNKRHbjRA_1-1822,1742,2,1322.0,36.0,308.0,343.0,inside_visible,862.2295454545455,696.9756363636363,0
pQyNKRHbjRA_1-1822,1743,1,213.5,292.5,293.0,294.0,inside_visible,952.061125,764.777,1
pQyNKRHbjRA_1-1822,1743,2,1316.6666666666667,39.66666666666666,308.0,343.0,inside_visible,857.5022727272727,696.7938181818181,0
pQyNKRHbjRA_1-1822,1744,1,212.4,293.0,293.0,294.0,inside_visible,948.4824375,764.277,1
pQyNKRHbjRA_1-1822,1744,2,1311.3333333333333,43.333333333333336,308.0,343.0,inside_visible,852.775,696.612,0
pQyNKRHbjRA_1-1822,1745,1,211.3,293.5,293.0,294.0,inside_visible,944.90375,763.777,1
pQyNKRHbjRA_1-1822,1745,2,1306.0,47.0,308.0,343.0,inside_visible,851.475,703.612,0
pQyNKRHbjRA_1-1822,1746,1,210.2,294.0,293.0,294.0,inside_visible,941.3250625,763.277,1
pQyNKRHbjRA_1-1822,1746,2,1303.25,47.0,308.0,343.0,inside_visible,850.175,710.612,0
pQyNKRHbjRA_1-1822,1747,1,209.1,294.5,293.0,294.0,inside_visible,937.746375,762.777,1
pQyNKRHbjRA_1-1822,1747,2,1300.5,47.0,308.0,343.0,gaze_shift,848.875,717.612,0
pQyNKRHbjRA_1-1822,1748,1,208.0,295.0,293.0,294.0,inside_visible,934.1676875,762.277,1
pQyNKRHbjRA_1-1822,1748,2,1297.75,47.0,308.0,343.0,gaze_shift,847.575,724.612,0
pQyNKRHbjRA_1-1822,1749,1,204.5,295.0,293.0,294.0,inside_visible,930.589,761.777,1
pQyNKRHbjRA_1-1822,1749,2,1295.0,47.0,308.0,343.0,gaze_shift,388.775,406.612,0
pQyNKRHbjRA_1-1822,1750,1,201.0,295.0,293.0,294.0,inside_visible,943.613,737.595,1
pQyNKRHbjRA_1-1822,1750,2,1291.0,48.25,308.0,343.0,inside_visible,392.4885714285714,404.3967142857143,0
pQyNKRHbjRA_1-1822,1751,1,197.5,295.0,293.0,294.0,inside_visible,942.6865,738.1632500000001,1
pQyNKRHbjRA_1-1822,1751,2,1287.0,49.5,308.0,343.0,inside_visible,396.20214285714286,402.18142857142857,0
pQyNKRHbjRA_1-1822,1752,1,194.0,295.0,293.0,294.0,inside_visible,941.76,738.7315,1
pQyNKRHbjRA_1-1822,1752,2,1283.0,50.75,308.0,343.0,inside_visible,399.9157142857143,399.96614285714287,0
pQyNKRHbjRA_1-1822,1753,1,190.2,293.4,293.0,294.0,inside_visible,940.8335,739.29975,1
pQyNKRHbjRA_1-1822,1753,2,1279.0,52.0,308.0,343.0,inside_visible,403.6292857142857,397.7508571428572,0
pQyNKRHbjRA_1-1822,1754,1,186.4,291.8,293.0,293.99999999999994,inside_visible,939.907,739.8679999999999,1
pQyNKRHbjRA_1-1822,1754,2,1277.5,48.0,308.0,343.0,inside_visible,407.3428571428571,395.5355714285715,0
pQyNKRHbjRA_1-1822,1755,1,182.6,290.2,293.0,294.00000000000006,inside_visible,938.9805,740.43625,1
pQyNKRHbjRA_1-1822,1755,2,1276.0,44.0,308.0,343.0,inside_visible,411.05642857142857,393.3202857142857,0
pQyNKRHbjRA_1-1822,1756,1,178.8,288.6,293.0,294.0,inside_visible,938.054,741.0045,1
pQyNKRHbjRA_1-1822,1756,2,1275.388888888889,44.0,308.0,343.0,inside_visible,414.77,391.105,0
pQyNKRHbjRA_1-1822,1757,1,175.0,287.0,293.0,294.0,inside_visible,937.1275,741.5727499999999,1
pQyNKRHbjRA_1-1822,1757,2,1274.7777777777778,44.0,308.0,343.0,inside_visible,414.2836041666666,390.71214583333335,0
pQyNKRHbjRA_1-1822,1758,1,173.0,287.0,293.0,294.0,inside_visible,936.201,742.141,1
pQyNKRHbjRA_1-1822,1758,2,1274.1666666666667,44.0,308.0,343.0,inside_visible,413.7972083333333,390.3192916666667,0
pQyNKRHbjRA_1-1822,1759,1,171.0,287.0,293.0,294.0,inside_visible,939.0245,728.9590000000001,1
pQyNKRHbjRA_1-1822,1759,2,1273.5555555555557,44.0,308.0,343.0,inside_visible,413.3108125,389.9264375,0
pQyNKRHbjRA_1-1822,1760,1,169.0,287.0,293.0,294.0,inside_visible,941.848,715.777,1
pQyNKRHbjRA_1-1822,1760,2,1272.9444444444443,44.0,308.0,343.0,inside_visible,412.82441666666665,389.53358333333335,0
pQyNKRHbjRA_1-1822,1761,1,167.0,287.0,293.0,294.0,inside_visible,917.28,703.596,1
pQyNKRHbjRA_1-1822,1761,2,1272.3333333333333,44.0,308.0,343.0,inside_visible,412.3380208333333,389.1407291666667,0
pQyNKRHbjRA_1-1822,1762,1,168.14285714285714,287.0,293.0,294.0,inside_visible,892.712,691.415,1
pQyNKRHbjRA_1-1822,1762,2,1271.7222222222222,44.0,308.0,343.0,inside_visible,411.851625,388.747875,0
pQyNKRHbjRA_1-1822,1763,1,169.28571428571428,287.0,293.0,294.0,inside_visible,886.1435,699.2339999999999,1
pQyNKRHbjRA_1-1822,1763,2,1271.111111111111,44.0,308.0,343.0,inside_visible,411.36522916666667,388.35502083333336,0
pQyNKRHbjRA_1-1822,1764,1,170.42857142857142,287.0,293.0,294.0,inside_visible,879.575,707.053,1
pQyNKRHbjRA_1-1822,1764,2,1270.5,44.0,308.0,343.0,inside_visible,410.8788333333333,387.9621666666667,0
pQyNKRHbjRA_1-1822,1765,1,171.57142857142858,287.0,293.0,294.0,inside_visible,863.575,717.053,1
pQyNKRHbjRA_1-1822,1765,2,1269.888888888889,44.0,308.0,343.0,inside_visible,410.3924375,387.5693125,0
pQyNKRHbjRA_1-1822,1766,1,172.71428571428572,287.0,293.0,294.0,inside_visible,852.753,685.9366666666666,1
pQyNKRHbjRA_1-1822,1766,2,1269.2777777777778,44.0,308.0,343.0,inside_visible,409.9060416666666,387.17645833333336,0
pQyNKRHbjRA_1-1822,1767,1,173.85714285714286,287.0,293.0,294.0,inside_visible,841.931,654.8203333333333,1
pQyNKRHbjRA_1-1822,1767,2,1268.6666666666667,44.0,308.0,343.0,inside_visible,409.4196458333333,386.7836041666667,0
pQyNKRHbjRA_1-1822,1768,1,175.0,287.0,293.0,294.0,inside_visible,831.109,623.704,1
pQyNKRHbjRA_1-1822,1768,2,1268.0555555555557,44.0,308.0,343.0,inside_visible,408.93325,386.39075,0
pQyNKRHbjRA_1-1822,1769,1,178.8,287.0,293.0,294.0,inside_visible,830.0018571428571,638.1682857142856,1
pQyNKRHbjRA_1-1822,1769,2,1267.4444444444443,44.0,308.0,343.0,inside_visible,408.4468541666666,385.99789583333336,0
pQyNKRHbjRA_1-1822,1770,1,182.6,287.0,293.0,294.0,inside_visible,828.8947142857144,652.6325714285714,1
pQyNKRHbjRA_1-1822,1770,2,1266.8333333333333,44.0,308.0,343.0,inside_visible,407.96045833333335,385.6050416666667,0
pQyNKRHbjRA_1-1822,1771,1,186.4,287.0,293.0,294.0,inside_visible,827.7875714285715,667.0968571428571,1
pQyNKRHbjRA_1-1822,1771,2,1266.2222222222222,44.0,308.0,343.0,inside_visible,407.4740625,385.2121875,0
pQyNKRHbjRA_1-1822,1772,1,190.2,287.0,293.0,294.0,inside_visible,826.6804285714286,681.5611428571428,1
pQyNKRHbjRA_1-1822,1772,2,1265.611111111111,44.0,308.0,343.0,inside_visible,406.98766666666666,384.81933333333336,0
pQyNKRHbjRA_1-1822,1773,1,194.0,287.0,293.0,294.0,inside_visible,825.5732857142857,696.0254285714285,1
pQyNKRHbjRA_1-1822,1773,2,1265.0,44.0,308.0,343.0,inside_visible,406.5012708333333,384.4264791666667,0
pQyNKRHbjRA_1-1822,1774,1,193.0,286.38461538461536,293.0,294.0,inside_visible,824.4661428571429,710.4897142857142,1
pQyNKRHbjRA_1-1822,1774,2,1265.4642857142858,43.5,308.0,343.0,inside_visible,406.014875,384.033625,0
pQyNKRHbjRA_1-1822,1775,1,192.0,285.7692307692308,293.0,293.99999999999994,inside_visible,823.359,724.954,1
pQyNKRHbjRA_1-1822,1775,2,1265.928571428571,43.0,308.0,343.0,inside_visible,405.5284791666666,383.64077083333336,0
pQyNKRHbjRA_1-1822,1776,1,191.0,285.15384615384613,293.0,294.00000000000006,gaze_shift,861.109,613.704,1
pQyNKRHbjRA_1-1822,1776,2,1266.392857142857,42.5,308.0,343.0,inside_visible,405.0420833333333,383.2479166666667,0
pQyNKRHbjRA_1-1822,1777,1,190.0,284.53846153846155,293.0,294.0,gaze_shift,855.2885,579.1225,1
pQyNKRHbjRA_1-1822,1777,2,1266.857142857143,42.0,308.0,343.0,inside_visible,404.5556875,382.8550625,0
pQyNKRHbjRA_1-1822,1778,1,189.0,283.9230769230769,293.0,294.0,gaze_shift,849.468,544.541,1
pQyNKRHbjRA_1-1822,1778,2,1267.321428571429,41.5,308.0,343.0,inside_visible,404.0692916666667,382.46220833333336,0
pQyNKRHbjRA_1-1822,1779,1,188.0,283.3076923076923,293.0,293.99999999999994,inside_visible,1083.468,388.541,1
pQyNKRHbjRA_1-1822,1779,2,1267.7857142857142,41.0,308.0,343.0,inside_visible,403.5828958333333,382.0693541666667,0
pQyNKRHbjRA_1-1822,1780,1,187.0,282.6923076923077,293.0,294.00000000000006,inside_visible,1086.268,382.941,1
pQyNKRHbjRA_1-1822,1780,2,1268.25,40.5,308.0,343.0,inside_visible,403.0965,381.6765,0
pQyNKRHbjRA_1-1822,1781,1,186.0,282.0769230769231,293.0,294.0,inside_visible,1089.068,377.341,1
pQyNKRHbjRA_1-1822,1781,2,1268.7142857142858,40.0,308.0,343.0,inside_visible,402.6101041666666,381.2836458333333,0
pQyNKRHbjRA_1-1822,1782,1,185.0,281.46153846153845,293.0,294.0,inside_visible,1091.8680000000002,371.741,1
pQyNKRHbjRA_1-1822,1782,2,1269.178571428571,39.5,308.0,343.0,inside_visible,402.1237083333333,380.8907916666666,0
pQyNKRHbjRA_1-1822,1783,1,184.0,280.84615384615387,293.0,293.99999999999994,inside_visible,1094.668,366.141,1
pQyNKRHbjRA_1-1822,1783,2,1269.642857142857,39.0,308.0,343.0,inside_visible,401.6373125,380.4979375,0
pQyNKRHbjRA_1-1822,1784,1,183.0,280.2307692307692,293.0,294.00000000000006,inside_visible,1097.468,360.541,1
pQyNKRHbjRA_1-1822,1784,2,1270.107142857143,38.5,308.0,343.0,inside_visible,401.15091666666666,380.1050833333333,0
pQyNKRHbjRA_1-1822,1785,1,182.0,279.61538461538464,293.0,294.0,inside_visible,1100.268,354.941,1
pQyNKRHbjRA_1-1822,1785,2,1270.571428571429,38.0,308.0,343.0,inside_visible,400.6645208333333,379.71222916666665,0
pQyNKRHbjRA_1-1822,1786,1,181.0,279.0,293.0,294.0,inside_visible,1103.068,349.341,1
pQyNKRHbjRA_1-1822,1786,2,1271.0357142857142,37.5,308.0,343.0,inside_visible,400.178125,379.319375,0
pQyNKRHbjRA_1-1822,1787,1,179.41176470588235,279.0,293.9411764705883,294.0,inside_visible,1105.8680000000002,343.741,1
pQyNKRHbjRA_1-1822,1787,2,1271.5,37.0,308.0,343.0,inside_visible,399.6917291666667,378.9265208333333,0
pQyNKRHbjRA_1-1822,1788,1,177.8235294117647,279.0,294.88235294117646,294.0,inside_visible,1108.668,338.141,1
pQyNKRHbjRA_1-1822,1788,2,1271.9642857142858,36.5,308.0,343.0,inside_visible,399.2053333333333,378.53366666666665,0
pQyNKRHbjRA_1-1822,1789,1,176.23529411764707,279.0,295.8235294117647,294.0,inside_visible,1111.468,332.541,1
pQyNKRHbjRA_1-1822,1789,2,1272.428571428571,36.0,308.0,343.0,inside_visible,398.7189375,378.1408125,0
pQyNKRHbjRA_1-1822,1790,1,174.64705882352942,279.0,296.7647058823529,294.0,inside_visible,1114.668,334.541,1
pQyNKRHbjRA_1-1822,1790,2,1272.892857142857,35.5,308.0,343.0,inside_visible,398.2325416666666,377.7479583333333,0
pQyNKRHbjRA_1-1822,1791,1,173.05882352941177,279.0,297.7058823529412,294.0,inside_visible,1117.8680000000002,336.541,1
pQyNKRHbjRA_1-1822,1791,2,1273.357142857143,35.0,308.0,343.0,inside_visible,397.7461458333333,377.35510416666665,0
pQyNKRHbjRA_1-1822,1792,1,171.47058823529412,279.0,298.6470588235294,294.0,inside_visible,1121.068,338.541,1
pQyNKRHbjRA_1-1822,1792,2,1273.821428571429,34.5,308.0,343.0,inside_visible,397.25975,376.96225,0
pQyNKRHbjRA_1-1822,1793,1,169.88235294117646,279.0,299.5882352941177,294.0,inside_visible,1124.268,340.541,1
pQyNKRHbjRA_1-1822,1793,2,1274.2857142857142,34.0,308.0,343.0,inside_visible,396.77335416666665,376.5693958333333,0
pQyNKRHbjRA_1-1822,1794,1,168.2941176470588,279.0,300.52941176470586,294.0,inside_visible,1127.468,342.541,1
pQyNKRHbjRA_1-1822,1794,2,1274.75,33.5,308.0,343.0,inside_visible,396.28695833333336,376.17654166666665,0
pQyNKRHbjRA_1-1822,1795,1,166.7058823529412,279.0,301.47058823529414,294.0,inside_visible,1128.218,345.4576666666667,1
pQyNKRHbjRA_1-1822,1795,2,1275.2142857142858,33.0,308.0,343.0,inside_visible,395.8005625,375.7836875,0
pQyNKRHbjRA_1-1822,1796,1,165.11764705882354,279.0,302.4117647058823,294.0,inside_visible,1128.968,348.3743333333333,1
pQyNKRHbjRA_1-1822,1796,2,1275.678571428571,32.5,308.0,343.0,inside_visible,395.31416666666667,375.3908333333333,0
pQyNKRHbjRA_1-1822,1797,1,163.52941176470588,279.0,303.3529411764706,294.0,inside_visible,1129.718,351.291,1
pQyNKRHbjRA_1-1822,1797,2,1276.142857142857,32.0,308.0,343.0,inside_visible,394.8277708333333,374.99797916666665,0
pQyNKRHbjRA_1-1822,1798,1,161.94117647058823,279.0,304.29411764705884,294.0,inside_visible,1130.468,354.2076666666667,1
pQyNKRHbjRA_1-1822,1798,2,1276.607142857143,31.5,308.0,343.0,inside_visible,394.341375,374.605125,0
pQyNKRHbjRA_1-1822,1799,1,160.35294117647058,279.0,305.2352941176471,294.0,inside_visible,1131.218,357.1243333333333,1
pQyNKRHbjRA_1-1822,1799,2,1277.071428571429,31.0,308.0,343.0,inside_visible,393.8549791666667,374.2122708333333,0
pQyNKRHbjRA_1-1822,1800,1,158.76470588235293,279.0,306.1764705882353,294.0,inside_visible,1131.968,360.041,1
pQyNKRHbjRA_1-1822,1800,2,1277.5357142857142,30.5,308.0,343.0,inside_visible,393.3685833333333,373.81941666666665,0
pQyNKRHbjRA_1-1822,1801,1,157.1764705882353,279.0,307.11764705882354,294.0,inside_visible,1228.343,281.333,1
pQyNKRHbjRA_1-1822,1801,2,1278.0,30.0,308.0,343.0,inside_visible,392.8821875,373.4265625,0
pQyNKRHbjRA_1-1822,1802,1,155.58823529411765,279.0,308.0588235294117,294.0,inside_visible,1324.718,202.625,1
pQyNKRHbjRA_1-1822,1802,2,1279.0,30.0,308.0,343.0,gaze_shift,392.3957916666667,373.0337083333333,0
pQyNKRHbjRA_1-1822,1803,1,154.0,279.0,309.0,294.0,inside_visible,1323.468,198.541,1
pQyNKRHbjRA_1-1822,1803,2,1280.0,30.0,308.0,343.0,gaze_shift,391.90939583333335,372.64085416666666,0
pQyNKRHbjRA_1-1822,1804,1,155.68421052631578,279.42105263157896,309.0,294.0,inside_visible,1319.1090000000002,191.413,1
pQyNKRHbjRA_1-1822,1804,2,1281.0,30.0,308.0,343.0,gaze_shift,391.423,372.248,0
pQyNKRHbjRA_1-1822,1805,1,157.3684210526316,279.8421052631579,309.0,294.0,inside_visible,1314.75,184.285,1
pQyNKRHbjRA_1-1822,1805,2,1282.0,30.0,308.0,343.0,inside_visible,1068.77,629.105,0
pQyNKRHbjRA_1-1822,1806,1,159.05263157894737,280.2631578947368,309.0,294.00000000000006,inside_visible,1310.391,177.157,1
pQyNKRHbjRA_1-1822,1806,2,1283.0,30.0,308.0,343.0,inside_visible,1155.926,559.796,0
pQyNKRHbjRA_1-1822,1807,1,160.73684210526315,280.6842105263158,309.0,294.00000000000006,inside_visible,1314.032,180.695,1
pQyNKRHbjRA_1-1822,1807,2,1284.0,30.0,308.0,343.0,inside_visible,1171.082,610.487,0
pQyNKRHbjRA_1-1822,1808,1,162.42105263157896,281.10526315789474,309.0,293.99999999999994,gaze_shift,1263.673,220.2335,1
pQyNKRHbjRA_1-1822,1808,2,1285.0,30.0,308.0,343.0,inside_visible,1177.238,649.511,0
pQyNKRHbjRA_1-1822,1809,1,164.10526315789474,281.5263157894737,309.0,293.99999999999994,gaze_shift,1213.314,259.772,1
pQyNKRHbjRA_1-1822,1809,2,1286.0,30.0,308.0,343.0,inside_visible,1183.394,688.535,0
pQyNKRHbjRA_1-1822,1810,1,165.78947368421052,281.94736842105266,309.0,293.99999999999994,gaze_shift,1162.955,299.3105,1
pQyNKRHbjRA_1-1822,1810,2,1287.0,30.0,308.0,343.0,inside_visible,1189.55,727.559,0
pQyNKRHbjRA_1-1822,1811,1,167.4736842105263,282.3684210526316,309.0,294.0,gaze_shift,1112.596,338.849,1
pQyNKRHbjRA_1-1822,1811,2,1288.0,30.0,308.0,343.0,inside_visible,1174.748,711.579,0
pQyNKRHbjRA_1-1822,1812,1,169.1578947368421,282.7894736842105,309.0,294.0,gaze_shift,1062.237,378.3875,1
pQyNKRHbjRA_1-1822,1812,2,1289.0,30.0,308.0,343.0,inside_visible,1168.548,712.5124,0
pQyNKRHbjRA_1-1822,1813,1,170.8421052631579,283.2105263157895,309.0,294.0,gaze_shift,1011.878,417.926,1
pQyNKRHbjRA_1-1822,1813,2,1290.0,30.0,308.0,343.0,inside_visible,1162.348,713.4458,0
pQyNKRHbjRA_1-1822,1814,1,172.5263157894737,283.63157894736844,309.0,294.0,gaze_shift,961.519,457.4645,1
pQyNKRHbjRA_1-1822,1814,2,1291.0,30.0,308.0,343.0,gaze_shift,1156.148,714.3792,0
pQyNKRHbjRA_1-1822,1815,1,174.21052631578948,284.05263157894734,309.0,294.00000000000006,inside_visible,911.16,497.003,1
pQyNKRHbjRA_1-1822,1815,2,1292.0,30.0,308.0,343.0,gaze_shift,1149.948,715.3126,0
pQyNKRHbjRA_1-1822,1816,1,175.89473684210526,284.4736842105263,309.0,294.00000000000006,inside_visible,911.468,504.541,1
pQyNKRHbjRA_1-1822,1816,2,1293.0,30.0,308.0,343.0,gaze_shift,1143.748,716.246,0
pQyNKRHbjRA_1-1822,1817,1,177.57894736842104,284.89473684210526,309.0,294.00000000000006,inside_visible,909.25,499.118,1
pQyNKRHbjRA_1-1822,1817,2,1294.0,30.0,308.0,343.0,inside_visible,412.7480000000001,371.579,0
pQyNKRHbjRA_1-1822,1818,1,179.26315789473685,285.3157894736842,309.0,293.99999999999994,inside_visible,907.032,493.695,1
pQyNKRHbjRA_1-1822,1818,2,1295.0,30.0,308.0,343.0,inside_visible,418.448,381.5125,0
pQyNKRHbjRA_1-1822,1819,1,180.94736842105263,285.7368421052632,309.0,293.99999999999994,inside_visible,904.814,488.272,1
pQyNKRHbjRA_1-1822,1819,2,1296.0,30.0,308.0,343.0,inside_visible,424.148,391.446,0
pQyNKRHbjRA_1-1822,1820,1,182.6315789473684,286.1578947368421,309.0,294.0,inside_visible,902.596,482.849,1
pQyNKRHbjRA_1-1822,1820,2,1297.0,30.0,308.0,343.0,inside_visible,429.848,401.3795,0
pQyNKRHbjRA_1-1822,1821,1,184.31578947368425,286.57894736842104,309.0,294.0,inside_visible,914.314,487.772,1
pQyNKRHbjRA_1-1822,1821,2,1297.0,35.5,308.0,343.0,inside_visible,435.548,411.313,0
pQyNKRHbjRA_1-1822,1822,1,186.0,287.0,309.0,294.0,inside_visible,914.314,487.772,1
pQyNKRHbjRA_1-1822,1822,2,1297.0,41.0,308.0,343.0,inside_visible,435.548,411.313,0
