clip,frame,person_id,bbox_x,bbox_y,bbox_width,bbox_height,gaze_class,gaze_x,gaze_y,is_child
smwfiZd8HLc_7508-8408-downsampled,1,1,1142.0,127.0,300.0,314.0,inside_visible,799.317,601.151,1
smwfiZd8HLc_7508-8408-downsampled,1,2,165.0,0.0,272.0,221.0,inside_visible,1189.983,273.986,0
smwfiZd8HLc_7508-8408-downsampled,2,1,1141.6666666666667,127.33333333333331,300.0,314.0,inside_visible,798.9394117647059,601.2641470588235,1
smwfiZd8HLc_7508-8408-downsampled,2,2,163.0,0.0,276.0,221.0,inside_visible,1190.04975,267.85275,0
smwfiZd8HLc_7508-8408-downsampled,3,1,1141.3333333333333,127.66666666666669,300.0,314.0,inside_visible,798.5618235294118,601.377294117647,1
smwfiZd8HLc_7508-8408-downsampled,3,2,164.0,0.0,277.0,221.0,gaze_shift,1190.1165,261.7195,0
smwfiZd8HLc_7508-8408-downsampled,4,1,1141.0,128.0,300.0,314.0,inside_visible,798.1842352941177,601.4904411764705,1
smwfiZd8HLc_7508-8408-downsampled,4,2,164.0,0.0,279.0,221.0,gaze_shift,1190.18325,255.58625,0
smwfiZd8HLc_7508-8408-downsampled,5,1,1140.6666666666667,128.33333333333334,300.0,314.0,inside_visible,797.8066470588235,601.6035882352941,1
smwfiZd8HLc_7508-8408-downsampled,5,2,167.0,0.0,278.0,221.0,gaze_shift,1190.25,249.453,0
smwfiZd8HLc_7508-8408-downsampled,6,1,1140.3333333333333,128.66666666666666,300.0,314.0,inside_visible,797.4290588235294,601.7167352941176,1
smwfiZd8HLc_7508-8408-downsampled,6,2,165.0,0.0,283.0,221.0,inside_visible,421.975,616.657,0
smwfiZd8HLc_7508-8408-downsampled,7,1,1140.0,129.0,300.0,314.0,inside_visible,797.0514705882354,601.8298823529411,1
smwfiZd8HLc_7508-8408-downsampled,7,2,168.0,0.0,282.0,221.0,inside_visible,422.6668571428572,617.3314285714287,0
smwfiZd8HLc_7508-8408-downsampled,8,1,1139.6666666666667,129.33333333333334,300.0,314.0,inside_visible,796.6738823529412,601.9430294117647,1
smwfiZd8HLc_7508-8408-downsampled,8,2,176.0,0.0,280.0,221.0,inside_visible,423.3587142857143,618.0058571428572,0
smwfiZd8HLc_7508-8408-downsampled,9,1,1139.3333333333333,129.66666666666666,300.0,314.0,inside_visible,796.2962941176471,602.0561764705882,1
smwfiZd8HLc_7508-8408-downsampled,9,2,188.0,0.0,277.0,221.0,inside_visible,424.05057142857146,618.6802857142858,0
smwfiZd8HLc_7508-8408-downsampled,10,1,1139.0,130.0,300.0,314.0,inside_visible,795.9187058823529,602.1693235294117,1
smwfiZd8HLc_7508-8408-downsampled,10,2,199.66666666666663,0.0,271.0,221.0,inside_visible,424.7424285714286,619.3547142857143,0
smwfiZd8HLc_7508-8408-downsampled,11,1,1138.6666666666667,130.33333333333334,300.0,314.0,inside_visible,795.5411176470589,602.2824705882352,1
smwfiZd8HLc_7508-8408-downsampled,11,2,211.33333333333331,0.0,265.0,221.0,inside_visible,425.43428571428575,620.0291428571429,0
smwfiZd8HLc_7508-8408-downsampled,12,1,1138.3333333333333,130.66666666666666,300.0,314.0,inside_visible,795.1635294117647,602.3956176470588,1
smwfiZd8HLc_7508-8408-downsampled,12,2,223.0,0.0,259.0,221.0,inside_visible,426.1261428571429,620.7035714285714,0
smwfiZd8HLc_7508-8408-downsampled,13,1,1138.0,131.0,300.0,314.0,inside_visible,794.7859411764706,602.5087647058823,1
smwfiZd8HLc_7508-8408-downsampled,13,2,226.0,0.0,267.0,221.0,inside_visible,426.818,621.378,0
smwfiZd8HLc_7508-8408-downsampled,14,1,1138.325,130.975,300.0,314.0,inside_visible,794.4083529411765,602.6219117647058,1
smwfiZd8HLc_7508-8408-downsampled,14,2,230.0,0.0,267.0,221.0,inside_visible,427.5098571428572,622.0524285714287,0
smwfiZd8HLc_7508-8408-downsampled,15,1,1138.65,130.95,300.0,314.0,inside_visible,794.0307647058823,602.7350588235294,1
smwfiZd8HLc_7508-8408-downsampled,15,2,237.0,0.0,267.0,221.0,inside_visible,428.20171428571433,622.7268571428572,0
smwfiZd8HLc_7508-8408-downsampled,16,1,1138.975,130.925,300.0,314.0,inside_visible,793.6531764705883,602.8482058823529,1
smwfiZd8HLc_7508-8408-downsampled,16,2,239.5,0.0,271.0,216.5,inside_visible,428.8935714285715,623.4012857142858,0
smwfiZd8HLc_7508-8408-downsampled,17,1,1139.3,130.9,300.0,314.0,inside_visible,793.2755882352941,602.9613529411764,1
smwfiZd8HLc_7508-8408-downsampled,17,2,242.0,0.0,275.0,212.0,inside_visible,429.58542857142857,624.0757142857143,0
smwfiZd8HLc_7508-8408-downsampled,18,1,1139.625,130.875,300.0,314.0,inside_visible,792.898,603.0745,1
smwfiZd8HLc_7508-8408-downsampled,18,2,244.0,0.0,278.0,202.0,inside_visible,430.2772857142857,624.7501428571429,0
smwfiZd8HLc_7508-8408-downsampled,19,1,1139.95,130.85,300.0,314.0,inside_visible,792.520411764706,603.1876470588236,1
smwfiZd8HLc_7508-8408-downsampled,19,2,246.0,0.0,282.0,209.0,inside_visible,430.96914285714286,625.4245714285714,0
smwfiZd8HLc_7508-8408-downsampled,20,1,1140.275,130.825,300.0,314.0,inside_visible,792.1428235294118,603.3007941176471,1
smwfiZd8HLc_7508-8408-downsampled,20,2,249.0,0.0,282.0,209.0,inside_visible,431.661,626.099,0
smwfiZd8HLc_7508-8408-downsampled,21,1,1140.6,130.8,300.0,314.0,inside_visible,791.7652352941177,603.4139411764706,1
smwfiZd8HLc_7508-8408-downsampled,21,2,252.0,0.0,282.0,209.0,inside_visible,432.3528571428572,626.7734285714287,0
smwfiZd8HLc_7508-8408-downsampled,22,1,1140.925,130.775,300.0,314.0,inside_visible,791.3876470588235,603.5270882352942,1
smwfiZd8HLc_7508-8408-downsampled,22,2,255.0,0.0,282.0,209.0,inside_visible,433.0447142857143,627.4478571428572,0
smwfiZd8HLc_7508-8408-downsampled,23,1,1141.25,130.75,300.0,314.0,inside_visible,791.0100588235294,603.6402352941177,1
smwfiZd8HLc_7508-8408-downsampled,23,2,258.5,0.5,282.0,209.0,inside_visible,433.7365714285714,628.1222857142858,0
smwfiZd8HLc_7508-8408-downsampled,24,1,1141.575,130.725,300.0,314.0,inside_visible,790.6324705882354,603.7533823529412,1
smwfiZd8HLc_7508-8408-downsampled,24,2,262.0,1.0,282.0,209.0,inside_visible,434.4284285714286,628.7967142857143,0
smwfiZd8HLc_7508-8408-downsampled,25,1,1141.9,130.7,300.0,314.0,inside_visible,790.2548823529412,603.8665294117648,1
smwfiZd8HLc_7508-8408-downsampled,25,2,263.6666666666667,0.6666666666666667,281.99999999999994,204.66666666666669,inside_visible,435.1202857142857,629.4711428571429,0
smwfiZd8HLc_7508-8408-downsampled,26,1,1142.225,130.675,300.0,314.0,inside_visible,789.8772941176471,603.9796764705883,1
smwfiZd8HLc_7508-8408-downsampled,26,2,265.3333333333333,0.3333333333333333,282.00000000000006,200.3333333333333,inside_visible,435.8121428571429,630.1455714285714,0
smwfiZd8HLc_7508-8408-downsampled,27,1,1142.55,130.65,300.0,314.0,inside_visible,789.4997058823529,604.0928235294118,1
smwfiZd8HLc_7508-8408-downsampled,27,2,267.0,0.0,282.0,196.0,gaze_shift,436.504,630.82,0
smwfiZd8HLc_7508-8408-downsampled,28,1,1142.875,130.625,300.0,314.0,inside_visible,789.1221176470589,604.2059705882353,1
smwfiZd8HLc_7508-8408-downsampled,28,2,274.0,0.0,287.0,196.0,gaze_shift,431.8818,627.4866000000001,0
smwfiZd8HLc_7508-8408-downsampled,29,1,1143.2,130.6,300.0,314.0,inside_visible,788.7445294117647,604.3191176470589,1
smwfiZd8HLc_7508-8408-downsampled,29,2,280.0,0.0,287.0,196.0,gaze_shift,427.2596,624.1532000000001,0
smwfiZd8HLc_7508-8408-downsampled,30,1,1143.525,130.575,300.0,314.0,inside_visible,788.3669411764706,604.4322647058824,1
smwfiZd8HLc_7508-8408-downsampled,30,2,286.0,0.0,287.0,196.0,gaze_shift,422.6374,620.8198,0
smwfiZd8HLc_7508-8408-downsampled,31,1,1143.85,130.55,300.0,314.0,inside_visible,787.9893529411765,604.5454117647059,1
smwfiZd8HLc_7508-8408-downsampled,31,2,293.0,0.0,287.0,196.0,gaze_shift,418.0152,617.4864,0
smwfiZd8HLc_7508-8408-downsampled,32,1,1144.175,130.525,300.0,314.0,inside_visible,787.6117647058824,604.6585588235295,1
smwfiZd8HLc_7508-8408-downsampled,32,2,297.0,0.0,287.0,196.0,gaze_shift,413.393,614.153,0
smwfiZd8HLc_7508-8408-downsampled,33,1,1144.5,130.5,300.0,314.0,inside_visible,787.2341764705883,604.771705882353,1
smwfiZd8HLc_7508-8408-downsampled,33,2,301.0,0.0,287.0,196.0,inside_visible,1215.179,210.815,0
smwfiZd8HLc_7508-8408-downsampled,34,1,1144.825,130.475,300.0,314.0,inside_visible,786.8565882352941,604.8848529411765,1
smwfiZd8HLc_7508-8408-downsampled,34,2,303.3333333333333,0.0,287.00000000000006,196.0,inside_visible,1215.2608571428573,211.16085714285717,0
smwfiZd8HLc_7508-8408-downsampled,35,1,1145.15,130.45,300.0,314.0,inside_visible,786.479,604.998,1
smwfiZd8HLc_7508-8408-downsampled,35,2,305.6666666666667,0.0,286.99999999999994,196.0,inside_visible,1215.3427142857145,211.50671428571428,0
smwfiZd8HLc_7508-8408-downsampled,36,1,1145.475,130.425,300.0,314.0,inside_visible,548.648,653.152,1
smwfiZd8HLc_7508-8408-downsampled,36,2,308.0,0.0,287.0,196.0,inside_visible,1215.4245714285714,211.85257142857145,0
smwfiZd8HLc_7508-8408-downsampled,37,1,1145.8,130.4,300.0,314.0,inside_visible,541.6655000000001,652.5915,1
smwfiZd8HLc_7508-8408-downsampled,37,2,306.0,0.0,287.0,196.0,inside_visible,1215.5064285714286,212.19842857142856,0
smwfiZd8HLc_7508-8408-downsampled,38,1,1146.125,130.375,300.0,314.0,inside_visible,534.683,652.0310000000001,1
smwfiZd8HLc_7508-8408-downsampled,38,2,304.0,0.0,287.0,196.0,inside_visible,1215.5882857142858,212.5442857142857,0
smwfiZd8HLc_7508-8408-downsampled,39,1,1146.45,130.35,300.0,314.0,inside_visible,527.7005,651.4705,1
smwfiZd8HLc_7508-8408-downsampled,39,2,302.0,0.0,287.0,196.0,inside_visible,1215.670142857143,212.89014285714285,0
smwfiZd8HLc_7508-8408-downsampled,40,1,1146.775,130.325,300.0,314.0,inside_visible,520.718,650.91,1
smwfiZd8HLc_7508-8408-downsampled,40,2,300.0,0.0,287.0,196.0,inside_visible,1215.752,213.236,0
smwfiZd8HLc_7508-8408-downsampled,41,1,1147.1,130.3,300.0,314.0,inside_visible,513.7355,650.3495,1
smwfiZd8HLc_7508-8408-downsampled,41,2,298.0,0.0,287.0,196.0,inside_visible,1215.8338571428571,213.58185714285716,0
smwfiZd8HLc_7508-8408-downsampled,42,1,1147.425,130.275,300.0,314.0,inside_visible,506.753,649.789,1
smwfiZd8HLc_7508-8408-downsampled,42,2,296.0,0.0,287.0,196.0,inside_visible,1215.9157142857143,213.92771428571427,0
smwfiZd8HLc_7508-8408-downsampled,43,1,1147.75,130.25,300.0,314.0,inside_visible,511.89592857142856,650.3604285714285,1
smwfiZd8HLc_7508-8408-downsampled,43,2,291.5,0.0,287.0,196.0,inside_visible,1215.9975714285715,214.27357142857144,0
smwfiZd8HLc_7508-8408-downsampled,44,1,1148.075,130.225,300.0,314.0,inside_visible,517.0388571428572,650.9318571428571,1
smwfiZd8HLc_7508-8408-downsampled,44,2,287.0,0.0,287.0,196.0,inside_visible,1216.0794285714287,214.61942857142856,0
smwfiZd8HLc_7508-8408-downsampled,45,1,1148.4,130.2,300.0,314.0,inside_visible,522.1817857142858,651.5032857142857,1
smwfiZd8HLc_7508-8408-downsampled,45,2,286.0,0.0,287.0,196.0,inside_visible,1216.1612857142857,214.9652857142857,0
smwfiZd8HLc_7508-8408-downsampled,46,1,1148.725,130.175,300.0,314.0,inside_visible,527.3247142857143,652.0747142857143,1
smwfiZd8HLc_7508-8408-downsampled,46,2,285.0,0.0,287.0,196.0,inside_visible,1216.2431428571429,215.31114285714284,0
smwfiZd8HLc_7508-8408-downsampled,47,1,1149.05,130.15,300.0,314.0,inside_visible,532.4676428571429,652.6461428571429,1
smwfiZd8HLc_7508-8408-downsampled,47,2,284.0,0.0,287.0,196.0,inside_visible,1216.325,215.657,0
smwfiZd8HLc_7508-8408-downsampled,48,1,1149.375,130.125,300.0,314.0,inside_visible,537.6105714285715,653.2175714285714,1
smwfiZd8HLc_7508-8408-downsampled,48,2,283.0,0.0,287.0,196.0,inside_visible,1216.4068571428572,216.00285714285715,0
smwfiZd8HLc_7508-8408-downsampled,49,1,1149.7,130.1,300.0,314.0,inside_visible,542.7535,653.789,1
smwfiZd8HLc_7508-8408-downsampled,49,2,282.0,0.0,287.0,196.0,inside_visible,1216.4887142857144,216.3487142857143,0
smwfiZd8HLc_7508-8408-downsampled,50,1,1150.025,130.075,300.0,314.0,inside_visible,547.8964285714286,654.3604285714285,1
smwfiZd8HLc_7508-8408-downsampled,50,2,281.0,0.0,287.0,196.0,inside_visible,1216.5705714285714,216.69457142857144,0
smwfiZd8HLc_7508-8408-downsampled,51,1,1150.35,130.05,300.0,314.0,inside_visible,553.0393571428572,654.9318571428571,1
smwfiZd8HLc_7508-8408-downsampled,51,2,280.0,0.0,287.0,196.0,inside_visible,1216.6524285714286,217.04042857142855,0
smwfiZd8HLc_7508-8408-downsampled,52,1,1150.675,130.025,300.0,314.0,inside_visible,558.1822857142857,655.5032857142857,1
smwfiZd8HLc_7508-8408-downsampled,52,2,279.0,0.0,287.0,196.0,inside_visible,1216.7342857142858,217.3862857142857,0
smwfiZd8HLc_7508-8408-downsampled,53,1,1151.0,130.0,300.0,314.0,inside_visible,563.3252142857143,656.0747142857143,1
smwfiZd8HLc_7508-8408-downsampled,53,2,278.0,0.0,287.0,196.0,inside_visible,1216.816142857143,217.7321428571429,0
smwfiZd8HLc_7508-8408-downsampled,54,1,1151.0,130.0,297.625,311.375,inside_visible,568.4681428571429,656.6461428571429,1
smwfiZd8HLc_7508-8408-downsampled,54,2,276.75,0.0,287.0,196.0,inside_visible,1216.898,218.078,0
smwfiZd8HLc_7508-8408-downsampled,55,1,1151.0,130.0,295.25,308.75,inside_visible,573.6110714285714,657.2175714285714,1
smwfiZd8HLc_7508-8408-downsampled,55,2,275.5,0.0,287.0,196.0,inside_visible,1216.979857142857,218.42385714285717,0
smwfiZd8HLc_7508-8408-downsampled,56,1,1151.0,130.0,292.875,306.125,inside_visible,578.754,657.789,1
smwfiZd8HLc_7508-8408-downsampled,56,2,274.25,0.0,287.0,196.0,inside_visible,1217.0617142857143,218.7697142857143,0
smwfiZd8HLc_7508-8408-downsampled,57,1,1151.0,130.0,290.5,303.5,inside_visible,580.0824375,656.6075625,1
smwfiZd8HLc_7508-8408-downsampled,57,2,273.0,0.0,287.0,196.0,inside_visible,1217.1435714285717,219.11557142857143,0
smwfiZd8HLc_7508-8408-downsampled,58,1,1151.0,130.0,288.125,300.875,inside_visible,581.410875,655.426125,1
smwfiZd8HLc_7508-8408-downsampled,58,2,271.2857142857143,0.0,287.00000000000006,196.0,inside_visible,1217.225428571429,219.46142857142857,0
smwfiZd8HLc_7508-8408-downsampled,59,1,1151.0,130.0,285.75,298.25,eyes_closed,582.7393125,654.2446874999999,1
smwfiZd8HLc_7508-8408-downsampled,59,2,269.57142857142856,0.0,287.0,196.0,inside_visible,1217.3072857142856,219.8072857142857,0
smwfiZd8HLc_7508-8408-downsampled,60,1,1151.0,130.0,283.375,295.625,eyes_closed,584.06775,653.0632499999999,1
smwfiZd8HLc_7508-8408-downsampled,60,2,267.85714285714283,0.0,287.00000000000006,196.0,inside_visible,1217.3891428571428,220.15314285714285,0
smwfiZd8HLc_7508-8408-downsampled,61,1,1151.0,130.0,281.0,293.0,eyes_closed,585.3961875,651.8818125,1
smwfiZd8HLc_7508-8408-downsampled,61,2,266.1428571428572,0.0,286.99999999999994,196.0,inside_visible,1217.471,220.499,0
smwfiZd8HLc_7508-8408-downsampled,62,1,1149.857142857143,130.14285714285714,281.0,293.0,eyes_closed,586.7246250000001,650.700375,1
smwfiZd8HLc_7508-8408-downsampled,62,2,264.42857142857144,0.0,287.0,196.0,inside_visible,1221.40425,217.499,0
smwfiZd8HLc_7508-8408-downsampled,63,1,1148.7142857142858,130.28571428571428,281.0,293.0,eyes_closed,588.0530625,649.5189375,1
smwfiZd8HLc_7508-8408-downsampled,63,2,262.7142857142857,0.0,286.99999999999994,196.0,inside_visible,1225.3375,214.499,0
smwfiZd8HLc_7508-8408-downsampled,64,1,1147.571428571429,130.42857142857142,281.0,293.0,eyes_closed,589.3815,648.3375,1
smwfiZd8HLc_7508-8408-downsampled,64,2,261.0,0.0,287.0,196.0,inside_visible,1229.27075,211.499,0
smwfiZd8HLc_7508-8408-downsampled,65,1,1146.428571428571,130.57142857142858,281.0,293.0,eyes_closed,590.7099375,647.1560625,1
smwfiZd8HLc_7508-8408-downsampled,65,2,261.0,0.0,287.0,197.0,inside_visible,1233.204,208.499,0
smwfiZd8HLc_7508-8408-downsampled,66,1,1145.2857142857142,130.71428571428572,281.0,293.0,eyes_closed,592.038375,645.974625,1
smwfiZd8HLc_7508-8408-downsampled,66,2,261.0,0.0,287.0,198.0,inside_visible,765.466,587.17,0
smwfiZd8HLc_7508-8408-downsampled,67,1,1144.142857142857,130.85714285714286,281.0,293.0,eyes_closed,593.3668125,644.7931874999999,1
smwfiZd8HLc_7508-8408-downsampled,67,2,261.0,0.0,287.0,199.0,inside_visible,766.4904285714285,587.7992142857142,0
smwfiZd8HLc_7508-8408-downsampled,68,1,1143.0,131.0,281.0,293.0,eyes_closed,594.69525,643.61175,1
smwfiZd8HLc_7508-8408-downsampled,68,2,254.0,0.0,287.0,199.0,inside_visible,767.5148571428572,588.4284285714285,0
smwfiZd8HLc_7508-8408-downsampled,69,1,1142.5,137.5,281.0,293.0,eyes_closed,596.0236875,642.4303125,1
smwfiZd8HLc_7508-8408-downsampled,69,2,247.0,0.0,287.0,199.0,inside_visible,768.5392857142857,589.0576428571428,0
smwfiZd8HLc_7508-8408-downsampled,70,1,1142.0,144.0,281.0,293.0,eyes_closed,597.352125,641.248875,1
smwfiZd8HLc_7508-8408-downsampled,70,2,240.0,0.0,287.0,199.0,inside_visible,769.5637142857142,589.6868571428571,0
smwfiZd8HLc_7508-8408-downsampled,71,1,1145.3333333333333,143.5,281.0,295.0,eyes_closed,598.6805625000001,640.0674375,1
smwfiZd8HLc_7508-8408-downsampled,71,2,236.0,0.0,287.0,199.0,inside_visible,770.5881428571429,590.3160714285714,0
smwfiZd8HLc_7508-8408-downsampled,72,1,1148.6666666666667,143.0,281.0,297.0,eyes_closed,600.009,638.886,1
smwfiZd8HLc_7508-8408-downsampled,72,2,232.0,0.0,287.0,199.0,inside_visible,771.6125714285714,590.9452857142857,0
smwfiZd8HLc_7508-8408-downsampled,73,1,1152.0,142.5,281.0,299.0,inside_visible,602.754,344.448,1
smwfiZd8HLc_7508-8408-downsampled,73,2,228.0,0.0,287.0,199.0,inside_visible,772.637,591.5745,0
smwfiZd8HLc_7508-8408-downsampled,74,1,1155.3333333333333,142.0,281.0,301.0,inside_visible,601.9346,352.8029,1
smwfiZd8HLc_7508-8408-downsampled,74,2,224.0,0.0,287.0,199.0,inside_visible,773.6614285714286,592.2037142857143,0
smwfiZd8HLc_7508-8408-downsampled,75,1,1158.6666666666667,141.5,281.0,303.0,inside_visible,601.1152,361.1578,1
smwfiZd8HLc_7508-8408-downsampled,75,2,220.0,0.0,287.0,199.0,inside_visible,774.6858571428571,592.8329285714286,0
smwfiZd8HLc_7508-8408-downsampled,76,1,1162.0,141.0,281.0,305.0,inside_visible,600.2958,369.5127,1
smwfiZd8HLc_7508-8408-downsampled,76,2,216.0,0.0,287.0,199.0,inside_visible,775.7102857142858,593.4621428571429,0
smwfiZd8HLc_7508-8408-downsampled,77,1,1164.1666666666667,139.66666666666666,281.0,306.5,inside_visible,599.4764,377.8676,1
smwfiZd8HLc_7508-8408-downsampled,77,2,212.0,0.0,287.0,199.0,inside_visible,776.7347142857143,594.0913571428572,0
smwfiZd8HLc_7508-8408-downsampled,78,1,1166.3333333333333,138.33333333333334,281.0,308.0,inside_visible,598.6569999999999,386.2225,1
smwfiZd8HLc_7508-8408-downsampled,78,2,208.0,0.0,287.0,199.0,inside_visible,777.7591428571428,594.7205714285715,0
smwfiZd8HLc_7508-8408-downsampled,79,1,1168.5,137.0,281.0,309.5,inside_visible,597.8376,394.5774,1
smwfiZd8HLc_7508-8408-downsampled,79,2,208.0,0.0,286.8,193.2,inside_visible,778.7835714285715,595.3497857142858,0
smwfiZd8HLc_7508-8408-downsampled,80,1,1170.6666666666667,135.66666666666666,281.0,311.0,inside_visible,597.0182,402.9323,1
smwfiZd8HLc_7508-8408-downsampled,80,2,208.0,0.0,286.6,187.4,inside_visible,779.808,595.979,0
smwfiZd8HLc_7508-8408-downsampled,81,1,1172.8333333333333,134.33333333333334,281.0,312.5,inside_visible,596.1988,411.2872,1
smwfiZd8HLc_7508-8408-downsampled,81,2,208.0,0.0,286.4,181.6,inside_visible,583.687,213.746,0
smwfiZd8HLc_7508-8408-downsampled,82,1,1175.0,133.0,281.0,314.0,inside_visible,595.3793999999999,419.6421,1
smwfiZd8HLc_7508-8408-downsampled,82,2,208.0,0.0,286.2,175.8,inside_visible,589.650875,212.316625,0
smwfiZd8HLc_7508-8408-downsampled,83,1,1176.25,132.0,281.0,314.0,inside_visible,594.56,427.997,1
smwfiZd8HLc_7508-8408-downsampled,83,2,208.0,0.0,286.0,170.0,inside_visible,595.61475,210.88725,0
smwfiZd8HLc_7508-8408-downsampled,84,1,1177.5,131.0,281.0,314.0,inside_visible,736.009,370.35,1
smwfiZd8HLc_7508-8408-downsampled,84,2,208.0,0.0,286.0,162.5,inside_visible,601.578625,209.457875,0
smwfiZd8HLc_7508-8408-downsampled,85,1,1178.75,130.0,281.0,314.0,inside_visible,728.395,223.516,1
smwfiZd8HLc_7508-8408-downsampled,85,2,208.0,0.0,286.0,155.0,inside_visible,607.5425,208.0285,0
smwfiZd8HLc_7508-8408-downsampled,86,1,1180.0,129.0,281.0,314.0,inside_visible,733.4821111111111,222.71277777777777,1
smwfiZd8HLc_7508-8408-downsampled,86,2,208.0,0.0,287.3333333333333,148.0,inside_visible,613.506375,206.599125,0
smwfiZd8HLc_7508-8408-downsampled,87,1,1178.5833333333333,128.33333333333334,281.0,314.0,inside_visible,738.5692222222222,221.9095555555556,1
smwfiZd8HLc_7508-8408-downsampled,87,2,208.0,0.0,288.6666666666667,141.0,inside_visible,619.4702500000001,205.16975,0
smwfiZd8HLc_7508-8408-downsampled,88,1,1177.1666666666667,127.66666666666669,281.0,314.0,inside_visible,743.6563333333334,221.1063333333333,1
smwfiZd8HLc_7508-8408-downsampled,88,2,208.0,0.0,290.0,134.0,inside_visible,625.434125,203.740375,0
smwfiZd8HLc_7508-8408-downsampled,89,1,1175.75,127.0,281.0,314.0,inside_visible,748.7434444444444,220.30311111111112,1
smwfiZd8HLc_7508-8408-downsampled,89,2,210.42857142857144,0.0,287.57142857142856,135.28571428571428,inside_visible,631.398,202.311,0
smwfiZd8HLc_7508-8408-downsampled,90,1,1174.3333333333333,126.33333333333331,281.0,314.0,inside_visible,753.8305555555555,219.49988888888888,1
smwfiZd8HLc_7508-8408-downsampled,90,2,212.8571428571429,0.0,285.1428571428571,136.57142857142858,inside_visible,628.7315000000001,202.9775,0
smwfiZd8HLc_7508-8408-downsampled,91,1,1172.9166666666667,125.66666666666669,281.0,314.0,inside_visible,758.9176666666666,218.69666666666663,1
smwfiZd8HLc_7508-8408-downsampled,91,2,215.28571428571428,0.0,282.7142857142857,137.85714285714286,inside_visible,626.065,203.644,0
smwfiZd8HLc_7508-8408-downsampled,92,1,1171.5,125.0,281.0,314.0,inside_visible,764.0047777777778,217.89344444444444,1
smwfiZd8HLc_7508-8408-downsampled,92,2,217.7142857142857,0.0,280.2857142857143,139.14285714285714,inside_visible,634.3983333333334,205.0883333333333,0
smwfiZd8HLc_7508-8408-downsampled,93,1,1170.0833333333333,124.33333333333331,281.0,314.0,inside_visible,769.0918888888889,217.09022222222225,1
smwfiZd8HLc_7508-8408-downsampled,93,2,220.14285714285717,0.0,277.8571428571429,140.42857142857142,inside_visible,642.7316666666667,206.53266666666667,0
smwfiZd8HLc_7508-8408-downsampled,94,1,1168.6666666666667,123.66666666666669,281.0,314.0,inside_visible,774.179,216.287,1
smwfiZd8HLc_7508-8408-downsampled,94,2,222.57142857142856,0.0,275.42857142857144,141.71428571428572,inside_visible,651.065,207.977,0
smwfiZd8HLc_7508-8408-downsampled,95,1,1167.25,123.0,281.0,314.0,inside_visible,457.437,20.28200000000001,1
smwfiZd8HLc_7508-8408-downsampled,95,2,225.0,0.0,273.0,143.0,inside_visible,1278.072,212.977,0
smwfiZd8HLc_7508-8408-downsampled,96,1,1165.8333333333333,122.33333333333331,281.0,314.0,inside_visible,456.031,19.615,1
smwfiZd8HLc_7508-8408-downsampled,96,2,227.0,0.0,271.0,155.0,inside_visible,1276.9559032258064,212.98512903225807,0
smwfiZd8HLc_7508-8408-downsampled,97,1,1164.4166666666667,121.66666666666669,281.0,314.0,inside_visible,431.959,49.616,1
smwfiZd8HLc_7508-8408-downsampled,97,2,235.5,0.0,271.0,159.0,inside_visible,1275.8398064516127,212.9932580645161,0
smwfiZd8HLc_7508-8408-downsampled,98,1,1163.0,121.0,281.0,314.0,inside_visible,485.461,37.206,1
smwfiZd8HLc_7508-8408-downsampled,98,2,244.0,0.0,271.0,163.0,inside_visible,1274.7237096774193,213.0013870967742,0
smwfiZd8HLc_7508-8408-downsampled,99,1,1162.7777777777778,121.0,281.0,314.0,inside_visible,454.963,38.131,1
smwfiZd8HLc_7508-8408-downsampled,99,2,244.0,0.0,271.0,172.0,inside_visible,1273.6076129032258,213.00951612903225,0
smwfiZd8HLc_7508-8408-downsampled,100,1,1162.5555555555557,121.0,281.0,314.0,inside_visible,473.106,44.079,1
smwfiZd8HLc_7508-8408-downsampled,100,2,260.0,0.0,271.0,172.0,inside_visible,1272.491516129032,213.01764516129032,0
smwfiZd8HLc_7508-8408-downsampled,101,1,1162.3333333333333,121.0,281.0,314.0,inside_visible,491.249,50.027,1
smwfiZd8HLc_7508-8408-downsampled,101,2,266.3333333333333,0.0,271.00000000000006,172.0,inside_visible,1271.3754193548386,213.0257741935484,0
smwfiZd8HLc_7508-8408-downsampled,102,1,1162.111111111111,121.0,281.0,314.0,inside_visible,490.3200000000001,46.5565,1
smwfiZd8HLc_7508-8408-downsampled,102,2,272.6666666666667,0.0,270.99999999999994,172.0,inside_visible,1270.2593225806452,213.03390322580643,0
smwfiZd8HLc_7508-8408-downsampled,103,1,1161.888888888889,121.0,281.0,314.0,inside_visible,489.391,43.086,1
smwfiZd8HLc_7508-8408-downsampled,103,2,279.0,0.0,271.0,172.0,inside_visible,1269.1432258064517,213.04203225806447,0
smwfiZd8HLc_7508-8408-downsampled,104,1,1161.6666666666667,121.0,281.0,314.0,inside_visible,499.7360000000001,42.63166666666667,1
smwfiZd8HLc_7508-8408-downsampled,104,2,283.5,0.0,271.0,172.0,inside_visible,1268.027129032258,213.0501612903226,0
smwfiZd8HLc_7508-8408-downsampled,105,1,1161.4444444444443,121.0,281.0,314.0,inside_visible,510.081,42.17733333333333,1
smwfiZd8HLc_7508-8408-downsampled,105,2,288.0,0.0,271.0,172.0,inside_visible,1266.9110322580643,213.05829032258063,0
smwfiZd8HLc_7508-8408-downsampled,106,1,1161.2222222222222,121.0,281.0,314.0,inside_visible,520.426,41.723,1
smwfiZd8HLc_7508-8408-downsampled,106,2,310.0,0.0,271.0,172.0,inside_visible,1265.7949354838709,213.06641935483876,0
smwfiZd8HLc_7508-8408-downsampled,107,1,1161.0,121.0,281.0,314.0,inside_visible,505.438,59.046,1
smwfiZd8HLc_7508-8408-downsampled,107,2,321.0,0.0,271.0,172.0,inside_visible,1264.6788387096774,213.0745483870968,0
smwfiZd8HLc_7508-8408-downsampled,108,1,1160.7777777777778,121.0,281.0,314.0,inside_visible,514.462,21.135,1
smwfiZd8HLc_7508-8408-downsampled,108,2,329.0,0.0,271.0,173.5,inside_visible,1263.5627419354837,213.08267741935484,0
smwfiZd8HLc_7508-8408-downsampled,109,1,1160.5555555555557,121.0,281.0,314.0,inside_visible,535.486,60.55800000000001,1
smwfiZd8HLc_7508-8408-downsampled,109,2,337.0,0.0,271.0,175.0,inside_visible,1262.4466451612902,213.0908064516129,0
smwfiZd8HLc_7508-8408-downsampled,110,1,1160.3333333333333,121.0,281.0,314.0,inside_visible,536.7412222222222,64.406,1
smwfiZd8HLc_7508-8408-downsampled,110,2,337.0,0.0,271.0,186.0,inside_visible,1261.3305483870968,213.09893548387095,0
smwfiZd8HLc_7508-8408-downsampled,111,1,1160.111111111111,121.0,281.0,314.0,inside_visible,537.9964444444445,68.254,1
smwfiZd8HLc_7508-8408-downsampled,111,2,345.0,0.0,270.0,193.0,inside_visible,1260.214451612903,213.10706451612904,0
smwfiZd8HLc_7508-8408-downsampled,112,1,1159.888888888889,121.0,281.0,314.0,inside_visible,539.2516666666667,72.102,1
smwfiZd8HLc_7508-8408-downsampled,112,2,350.0,0.0,270.0,201.0,inside_visible,1259.0983548387096,213.1151935483871,0
smwfiZd8HLc_7508-8408-downsampled,113,1,1159.6666666666667,121.0,281.0,314.0,inside_visible,540.5068888888889,75.95,1
smwfiZd8HLc_7508-8408-downsampled,113,2,357.0,0.0,270.0,209.0,inside_visible,1257.982258064516,213.1233225806452,0
smwfiZd8HLc_7508-8408-downsampled,114,1,1159.4444444444443,121.0,281.0,314.0,inside_visible,541.7621111111112,79.798,1
smwfiZd8HLc_7508-8408-downsampled,114,2,355.3333333333333,0.0,270.00000000000006,213.33333333333331,inside_visible,1256.8661612903225,213.13145161290325,0
smwfiZd8HLc_7508-8408-downsampled,115,1,1159.2222222222222,121.0,281.0,314.0,inside_visible,543.0173333333333,83.646,1
smwfiZd8HLc_7508-8408-downsampled,115,2,353.6666666666667,0.0,269.99999999999994,217.66666666666663,inside_visible,1255.750064516129,213.1395806451613,0
smwfiZd8HLc_7508-8408-downsampled,116,1,1159.0,121.0,281.0,314.0,inside_visible,544.2725555555555,87.494,1
smwfiZd8HLc_7508-8408-downsampled,116,2,352.0,0.0,270.0,222.0,inside_visible,1254.6339677419355,213.14770967741936,0
smwfiZd8HLc_7508-8408-downsampled,117,1,1158.7777777777778,121.0,281.0,314.0,inside_visible,545.5277777777778,91.342,1
smwfiZd8HLc_7508-8408-downsampled,117,2,350.0,4.0,270.0,222.0,inside_visible,1253.5178709677418,213.15583870967745,0
smwfiZd8HLc_7508-8408-downsampled,118,1,1158.5555555555557,121.0,281.0,314.0,inside_visible,546.783,95.19,1
smwfiZd8HLc_7508-8408-downsampled,118,2,350.0,2.0,270.0,222.0,inside_visible,1252.4017741935484,213.1639677419355,0
smwfiZd8HLc_7508-8408-downsampled,119,1,1158.3333333333333,121.0,281.0,314.0,inside_visible,548.2204444444444,95.94577777777778,1
smwfiZd8HLc_7508-8408-downsampled,119,2,350.0,0.0,270.0,222.0,inside_visible,1251.285677419355,213.1720967741936,0
smwfiZd8HLc_7508-8408-downsampled,120,1,1158.111111111111,121.0,281.0,314.0,inside_visible,549.6578888888889,96.70155555555556,1
smwfiZd8HLc_7508-8408-downsampled,120,2,348.6666666666667,0.0,269.99999999999994,222.0,inside_visible,1250.1695806451612,213.18022580645163,0
smwfiZd8HLc_7508-8408-downsampled,121,1,1157.888888888889,121.0,281.0,314.0,inside_visible,551.0953333333333,97.45733333333334,1
smwfiZd8HLc_7508-8408-downsampled,121,2,347.3333333333333,0.0,270.00000000000006,222.0,inside_visible,1249.0534838709675,213.1883548387097,0
smwfiZd8HLc_7508-8408-downsampled,122,1,1157.6666666666667,121.0,281.0,314.0,inside_visible,552.5327777777778,98.2131111111111,1
smwfiZd8HLc_7508-8408-downsampled,122,2,346.0,0.0,270.0,222.0,inside_visible,1247.937387096774,213.19648387096777,0
smwfiZd8HLc_7508-8408-downsampled,123,1,1157.4444444444443,121.0,281.0,314.0,inside_visible,553.9702222222222,98.96888888888888,1
smwfiZd8HLc_7508-8408-downsampled,123,2,347.8,0.0,269.99999999999994,224.4,inside_visible,1246.8212903225806,213.2046129032258,0
smwfiZd8HLc_7508-8408-downsampled,124,1,1157.2222222222222,121.0,281.0,314.0,inside_visible,555.4076666666667,99.72466666666666,1
smwfiZd8HLc_7508-8408-downsampled,124,2,349.6,0.0,270.0,226.8,inside_visible,1245.7051935483871,213.21274193548388,0
smwfiZd8HLc_7508-8408-downsampled,125,1,1157.0,121.0,281.0,314.0,inside_visible,556.8451111111111,100.48044444444444,1
smwfiZd8HLc_7508-8408-downsampled,125,2,351.4,0.0,270.0,229.2,inside_visible,1244.5890967741934,213.22087096774197,0
smwfiZd8HLc_7508-8408-downsampled,126,1,1156.7777777777778,121.0,281.0,314.0,inside_visible,558.2825555555555,101.23622222222222,1
smwfiZd8HLc_7508-8408-downsampled,126,2,353.2,0.0,270.00000000000006,231.6,inside_visible,1243.473,213.229,0
smwfiZd8HLc_7508-8408-downsampled,127,1,1156.5555555555557,121.0,281.0,314.0,inside_visible,559.72,101.992,1
smwfiZd8HLc_7508-8408-downsampled,127,2,355.0,0.0,270.0,234.0,inside_visible,1237.045,203.538,0
smwfiZd8HLc_7508-8408-downsampled,128,1,1156.3333333333333,121.0,281.0,314.0,inside_visible,561.1574444444444,102.74777777777776,1
smwfiZd8HLc_7508-8408-downsampled,128,2,357.0,0.0,270.0,238.0,inside_visible,779.946,575.185,0
smwfiZd8HLc_7508-8408-downsampled,129,1,1156.111111111111,121.0,281.0,314.0,inside_visible,562.5948888888889,103.50355555555556,1
smwfiZd8HLc_7508-8408-downsampled,129,2,356.0,0.0,272.20000000000005,238.0,inside_visible,781.2399090909091,576.0949999999999,0
smwfiZd8HLc_7508-8408-downsampled,130,1,1155.888888888889,121.0,281.0,314.0,inside_visible,564.0323333333333,104.25933333333332,1
smwfiZd8HLc_7508-8408-downsampled,130,2,355.0,0.0,274.4,238.0,inside_visible,782.5338181818182,577.005,0
smwfiZd8HLc_7508-8408-downsampled,131,1,1155.6666666666667,121.0,281.0,314.0,inside_visible,565.4697777777777,105.01511111111112,1
smwfiZd8HLc_7508-8408-downsampled,131,2,354.0,0.0,276.6,238.0,inside_visible,783.8277272727273,577.915,0
smwfiZd8HLc_7508-8408-downsampled,132,1,1155.4444444444443,121.0,281.0,314.0,inside_visible,566.9072222222222,105.77088888888888,1
smwfiZd8HLc_7508-8408-downsampled,132,2,353.0,0.0,278.79999999999995,238.0,inside_visible,785.1216363636364,578.8249999999999,0
smwfiZd8HLc_7508-8408-downsampled,133,1,1155.2222222222222,121.0,281.0,314.0,inside_visible,568.3446666666666,106.52666666666669,1
smwfiZd8HLc_7508-8408-downsampled,133,2,352.0,0.0,281.0,238.0,inside_visible,786.4155454545455,579.735,0
smwfiZd8HLc_7508-8408-downsampled,134,1,1155.0,121.0,281.0,314.0,inside_visible,569.7821111111111,107.28244444444444,1
smwfiZd8HLc_7508-8408-downsampled,134,2,355.6666666666667,0.0,280.99999999999994,238.0,inside_visible,787.7094545454545,580.645,0
smwfiZd8HLc_7508-8408-downsampled,135,1,1154.45,121.4,280.79999999999995,313.65,inside_visible,571.2195555555555,108.03822222222222,1
smwfiZd8HLc_7508-8408-downsampled,135,2,359.3333333333333,0.0,281.00000000000006,238.0,inside_visible,789.0033636363636,581.5550000000001,0
smwfiZd8HLc_7508-8408-downsampled,136,1,1153.9,121.8,280.5999999999999,313.3,inside_visible,572.6569999999999,108.794,1
smwfiZd8HLc_7508-8408-downsampled,136,2,363.0,0.0,281.0,238.0,inside_visible,790.2972727272727,582.465,0
smwfiZd8HLc_7508-8408-downsampled,137,1,1153.35,122.2,280.4000000000001,312.95,inside_visible,574.0944444444444,109.54977777777778,1
smwfiZd8HLc_7508-8408-downsampled,137,2,361.3333333333333,0.0,282.6666666666667,240.66666666666663,inside_visible,791.5911818181818,583.375,0
smwfiZd8HLc_7508-8408-downsampled,138,1,1152.8,122.6,280.20000000000005,312.6,inside_visible,575.5318888888888,110.30555555555556,1
smwfiZd8HLc_7508-8408-downsampled,138,2,359.6666666666667,0.0,284.3333333333333,243.33333333333331,inside_visible,792.8850909090909,584.2850000000001,0
smwfiZd8HLc_7508-8408-downsampled,139,1,1152.25,123.0,280.0,312.25,inside_visible,576.9693333333333,111.06133333333334,1
smwfiZd8HLc_7508-8408-downsampled,139,2,358.0,0.0,286.0,246.0,inside_visible,794.179,585.195,0
smwfiZd8HLc_7508-8408-downsampled,140,1,1151.7,123.4,279.79999999999995,311.9,inside_visible,578.4067777777777,111.8171111111111,1
smwfiZd8HLc_7508-8408-downsampled,140,2,359.0,0.0,287.0,246.0,inside_visible,793.8248666666666,585.5133000000001,0
smwfiZd8HLc_7508-8408-downsampled,141,1,1151.15,123.8,279.5999999999999,311.55,inside_visible,579.8442222222222,112.57288888888888,1
smwfiZd8HLc_7508-8408-downsampled,141,2,360.0,0.0,288.0,246.0,inside_visible,793.4707333333333,585.8316000000001,0
smwfiZd8HLc_7508-8408-downsampled,142,1,1150.6,124.2,279.4000000000001,311.2,inside_visible,581.2816666666666,113.32866666666666,1
smwfiZd8HLc_7508-8408-downsampled,142,2,361.0,0.0,289.0,246.0,inside_visible,793.1166,586.1499,0
smwfiZd8HLc_7508-8408-downsampled,143,1,1150.05,124.6,279.20000000000005,310.85,inside_visible,582.719111111111,114.08444444444444,1
smwfiZd8HLc_7508-8408-downsampled,143,2,365.0,0.0,289.0,246.0,inside_visible,792.7624666666667,586.4682,0
smwfiZd8HLc_7508-8408-downsampled,144,1,1149.5,125.0,279.0,310.5,inside_visible,584.1565555555555,114.84022222222222,1
smwfiZd8HLc_7508-8408-downsampled,144,2,369.0,0.0,289.0,246.0,inside_visible,792.4083333333333,586.7865,0
smwfiZd8HLc_7508-8408-downsampled,145,1,1148.95,125.4,278.79999999999995,310.15,inside_visible,585.5939999999999,115.596,1
smwfiZd8HLc_7508-8408-downsampled,145,2,370.0,0.0,290.25,247.25,inside_visible,792.0541999999999,587.1048000000001,0
smwfiZd8HLc_7508-8408-downsampled,146,1,1148.4,125.8,278.5999999999999,309.8,inside_visible,587.0314444444444,116.35177777777776,1
smwfiZd8HLc_7508-8408-downsampled,146,2,371.0,0.0,291.5,248.5,inside_visible,791.7000666666667,587.4231000000001,0
smwfiZd8HLc_7508-8408-downsampled,147,1,1147.85,126.2,278.4000000000001,309.45,inside_visible,588.4688888888888,117.10755555555556,1
smwfiZd8HLc_7508-8408-downsampled,147,2,372.0,0.0,292.75,249.75,inside_visible,791.3459333333333,587.7414,0
smwfiZd8HLc_7508-8408-downsampled,148,1,1147.3,126.6,278.20000000000005,309.1,inside_visible,589.9063333333334,117.86333333333332,1
smwfiZd8HLc_7508-8408-downsampled,148,2,373.0,0.0,294.0,251.0,inside_visible,790.9918,588.0597,0
smwfiZd8HLc_7508-8408-downsampled,149,1,1146.75,127.0,278.0,308.75,inside_visible,591.3437777777777,118.61911111111112,1
smwfiZd8HLc_7508-8408-downsampled,149,2,379.0,0.0,294.0,251.0,inside_visible,790.6376666666666,588.378,0
smwfiZd8HLc_7508-8408-downsampled,150,1,1146.2,127.4,277.79999999999995,308.4,inside_visible,592.7812222222221,119.37488888888888,1
smwfiZd8HLc_7508-8408-downsampled,150,2,385.0,0.0,294.0,251.0,inside_visible,790.2835333333333,588.6963000000001,0
smwfiZd8HLc_7508-8408-downsampled,151,1,1145.65,127.8,277.5999999999999,308.05,inside_visible,594.2186666666666,120.13066666666666,1
smwfiZd8HLc_7508-8408-downsampled,151,2,389.0,0.75,294.0,252.75,inside_visible,789.9294,589.0146000000001,0
smwfiZd8HLc_7508-8408-downsampled,152,1,1145.1,128.2,277.4000000000001,307.7,inside_visible,595.656111111111,120.88644444444444,1
smwfiZd8HLc_7508-8408-downsampled,152,2,393.0,1.5,294.0,254.5,inside_visible,789.5752666666666,589.3329,0
smwfiZd8HLc_7508-8408-downsampled,153,1,1144.55,128.6,277.20000000000005,307.35,gaze_shift,597.0935555555556,121.64222222222222,1
smwfiZd8HLc_7508-8408-downsampled,153,2,397.0,2.25,294.0,256.25,inside_visible,789.2211333333333,589.6512,0
smwfiZd8HLc_7508-8408-downsampled,154,1,1144.0,129.0,277.0,307.0,gaze_shift,598.531,122.398,1
smwfiZd8HLc_7508-8408-downsampled,154,2,401.0,3.0,294.0,258.0,inside_visible,788.867,589.9695,0
smwfiZd8HLc_7508-8408-downsampled,155,1,1143.5625,129.0625,277.0,307.5,inside_visible,753.452,519.2,1
smwfiZd8HLc_7508-8408-downsampled,155,2,402.3333333333333,3.0,294.00000000000006,259.0,inside_visible,788.5128666666666,590.2878000000001,0
smwfiZd8HLc_7508-8408-downsampled,156,1,1143.125,129.125,277.0,308.0,inside_visible,756.3285,524.793,1
smwfiZd8HLc_7508-8408-downsampled,156,2,403.6666666666667,3.0,293.99999999999994,260.0,inside_visible,788.1587333333333,590.6061000000001,0
smwfiZd8HLc_7508-8408-downsampled,157,1,1142.6875,129.1875,277.0,308.5,inside_visible,759.2049999999999,530.386,1
smwfiZd8HLc_7508-8408-downsampled,157,2,405.0,3.0,294.0,261.0,inside_visible,787.8045999999999,590.9244,0
smwfiZd8HLc_7508-8408-downsampled,158,1,1142.25,129.25,277.0,309.0,inside_visible,762.0815,535.979,1
smwfiZd8HLc_7508-8408-downsampled,158,2,407.6666666666667,2.0,293.99999999999994,261.0,inside_visible,787.4504666666667,591.2427,0
smwfiZd8HLc_7508-8408-downsampled,159,1,1141.8125,129.3125,277.0,309.5,inside_visible,764.958,541.572,1
smwfiZd8HLc_7508-8408-downsampled,159,2,410.3333333333333,1.0,294.00000000000006,261.0,inside_visible,787.0963333333333,591.561,0
smwfiZd8HLc_7508-8408-downsampled,160,1,1141.375,129.375,277.0,310.0,inside_visible,782.835,607.166,1
smwfiZd8HLc_7508-8408-downsampled,160,2,413.0,0.0,294.0,261.0,inside_visible,786.7421999999999,591.8793000000001,0
smwfiZd8HLc_7508-8408-downsampled,161,1,1140.9375,129.4375,277.0,310.5,inside_visible,782.9268666666667,607.1145111111111,1
smwfiZd8HLc_7508-8408-downsampled,161,2,412.6666666666667,0.0,293.99999999999994,262.0,inside_visible,786.3880666666666,592.1976000000001,0
smwfiZd8HLc_7508-8408-downsampled,162,1,1140.5,129.5,277.0,311.0,inside_visible,783.0187333333333,607.0630222222222,1
smwfiZd8HLc_7508-8408-downsampled,162,2,412.3333333333333,0.0,294.00000000000006,263.0,inside_visible,786.0339333333333,592.5159,0
smwfiZd8HLc_7508-8408-downsampled,163,1,1140.0625,129.5625,277.0,311.5,inside_visible,783.1106000000001,607.0115333333334,1
smwfiZd8HLc_7508-8408-downsampled,163,2,412.0,0.0,294.0,264.0,inside_visible,785.6798,592.8342,0
smwfiZd8HLc_7508-8408-downsampled,164,1,1139.625,129.625,277.0,312.0,inside_visible,783.2024666666667,606.9600444444445,1
smwfiZd8HLc_7508-8408-downsampled,164,2,410.5,0.0,294.0,264.0,inside_visible,785.3256666666666,593.1525,0
smwfiZd8HLc_7508-8408-downsampled,165,1,1139.1875,129.6875,277.0,312.5,inside_visible,783.2943333333334,606.9085555555556,1
smwfiZd8HLc_7508-8408-downsampled,165,2,409.0,0.0,294.0,264.0,inside_visible,784.9715333333332,593.4708,0
smwfiZd8HLc_7508-8408-downsampled,166,1,1138.75,129.75,277.0,313.0,inside_visible,783.3862,606.8570666666667,1
smwfiZd8HLc_7508-8408-downsampled,166,2,407.5,0.0,294.0,264.0,inside_visible,784.6174,593.7891000000001,0
smwfiZd8HLc_7508-8408-downsampled,167,1,1138.3125,129.8125,277.0,313.5,inside_visible,783.4780666666667,606.8055777777778,1
smwfiZd8HLc_7508-8408-downsampled,167,2,406.0,0.0,294.0,264.0,inside_visible,784.2632666666666,594.1074,0
smwfiZd8HLc_7508-8408-downsampled,168,1,1137.875,129.875,277.0,314.0,inside_visible,783.5699333333333,606.754088888889,1
smwfiZd8HLc_7508-8408-downsampled,168,2,404.5,0.0,294.0,264.0,gaze_shift,783.9091333333333,594.4257,0
smwfiZd8HLc_7508-8408-downsampled,169,1,1137.4375,129.9375,277.0,314.5,inside_visible,783.6618000000001,606.7026000000001,1
smwfiZd8HLc_7508-8408-downsampled,169,2,403.0,0.0,294.0,264.0,gaze_shift,783.555,594.744,0
smwfiZd8HLc_7508-8408-downsampled,170,1,1137.0,130.0,277.0,315.0,inside_visible,783.7536666666667,606.6511111111112,1
smwfiZd8HLc_7508-8408-downsampled,170,2,401.3333333333333,0.0,294.00000000000006,264.0,inside_visible,1206.183,206.524,0
smwfiZd8HLc_7508-8408-downsampled,171,1,1136.5882352941176,129.8235294117647,277.0,315.0,inside_visible,783.8455333333334,606.5996222222223,1
smwfiZd8HLc_7508-8408-downsampled,171,2,399.6666666666667,0.0,293.99999999999994,264.0,inside_visible,1204.796769230769,207.5219230769231,0
smwfiZd8HLc_7508-8408-downsampled,172,1,1136.1764705882354,129.64705882352942,277.0,315.0,inside_visible,783.9374,606.5481333333333,1
smwfiZd8HLc_7508-8408-downsampled,172,2,398.0,0.0,294.0,264.0,inside_visible,1203.4105384615384,208.51984615384612,0
smwfiZd8HLc_7508-8408-downsampled,173,1,1135.764705882353,129.47058823529412,277.0,315.0,inside_visible,784.0292666666667,606.4966444444445,1
smwfiZd8HLc_7508-8408-downsampled,173,2,400.3333333333333,0.0,289.00000000000006,262.6666666666667,inside_visible,1202.0243076923075,209.51776923076923,0
smwfiZd8HLc_7508-8408-downsampled,174,1,1135.3529411764705,129.2941176470588,277.0,315.0,inside_visible,784.1211333333333,606.4451555555556,1
smwfiZd8HLc_7508-8408-downsampled,174,2,402.6666666666667,0.0,283.99999999999994,261.3333333333333,inside_visible,1200.6380769230768,210.51569230769232,0
smwfiZd8HLc_7508-8408-downsampled,175,1,1134.9411764705883,129.11764705882354,277.0,315.0,inside_visible,784.2130000000001,606.3936666666667,1
smwfiZd8HLc_7508-8408-downsampled,175,2,405.0,0.0,279.0,260.0,inside_visible,1199.251846153846,211.51361538461535,0
smwfiZd8HLc_7508-8408-downsampled,176,1,1134.529411764706,128.94117647058823,277.0,315.0,inside_visible,784.3048666666667,606.3421777777778,1
smwfiZd8HLc_7508-8408-downsampled,176,2,406.0,0.0,278.0,251.0,inside_visible,1197.8656153846157,212.5115384615385,0
smwfiZd8HLc_7508-8408-downsampled,177,1,1134.1176470588234,128.76470588235293,277.0,315.0,inside_visible,784.3967333333334,606.2906888888889,1
smwfiZd8HLc_7508-8408-downsampled,177,2,401.8,0.0,277.99999999999994,251.0,inside_visible,1196.4793846153846,213.50946153846155,0
smwfiZd8HLc_7508-8408-downsampled,178,1,1133.7058823529412,128.58823529411765,277.0,315.0,inside_visible,784.4886,606.2392000000001,1
smwfiZd8HLc_7508-8408-downsampled,178,2,397.6,0.0,278.0,251.0,inside_visible,1195.093153846154,214.5073846153846,0
smwfiZd8HLc_7508-8408-downsampled,179,1,1133.2941176470588,128.41176470588235,277.0,315.0,inside_visible,784.5804666666667,606.1877111111112,1
smwfiZd8HLc_7508-8408-downsampled,179,2,393.4,0.0,278.0,251.0,inside_visible,1193.7069230769232,215.5053076923077,0
smwfiZd8HLc_7508-8408-downsampled,180,1,1132.8823529411766,128.23529411764707,277.0,315.0,inside_visible,784.6723333333334,606.1362222222223,1
smwfiZd8HLc_7508-8408-downsampled,180,2,389.2,0.0,278.00000000000006,251.0,inside_visible,1192.3206923076923,216.5032307692308,0
smwfiZd8HLc_7508-8408-downsampled,181,1,1132.470588235294,128.05882352941177,277.0,315.0,inside_visible,784.7642000000001,606.0847333333334,1
smwfiZd8HLc_7508-8408-downsampled,181,2,385.0,0.0,278.0,251.0,inside_visible,1190.9344615384616,217.50115384615384,0
smwfiZd8HLc_7508-8408-downsampled,182,1,1132.0588235294117,127.88235294117646,277.0,315.0,inside_visible,784.8560666666667,606.0332444444444,1
smwfiZd8HLc_7508-8408-downsampled,182,2,384.6666666666667,0.0,277.99999999999994,251.0,inside_visible,1189.5482307692307,218.49907692307693,0
smwfiZd8HLc_7508-8408-downsampled,183,1,1131.6470588235295,127.70588235294116,277.0,315.0,inside_visible,784.9479333333334,605.9817555555557,1
smwfiZd8HLc_7508-8408-downsampled,183,2,384.3333333333333,0.0,278.00000000000006,251.0,inside_visible,1188.162,219.497,0
smwfiZd8HLc_7508-8408-downsampled,184,1,1131.235294117647,127.52941176470588,277.0,315.0,inside_visible,785.0398,605.9302666666667,1
smwfiZd8HLc_7508-8408-downsampled,184,2,384.0,0.0,278.0,251.0,inside_visible,1186.7757692307694,220.49492307692307,0
smwfiZd8HLc_7508-8408-downsampled,185,1,1130.8235294117646,127.3529411764706,277.0,315.0,inside_visible,785.1316666666667,605.8787777777778,1
smwfiZd8HLc_7508-8408-downsampled,185,2,382.7142857142857,0.0,277.99999999999994,251.0,inside_visible,1185.3895384615385,221.49284615384616,0
smwfiZd8HLc_7508-8408-downsampled,186,1,1130.4117647058824,127.17647058823528,277.0,315.0,inside_visible,785.2235333333334,605.8272888888889,1
smwfiZd8HLc_7508-8408-downsampled,186,2,381.4285714285714,0.0,278.0,251.0,inside_visible,1184.0033076923078,222.4907692307692,0
smwfiZd8HLc_7508-8408-downsampled,187,1,1130.0,127.0,277.0,315.0,inside_visible,785.3154000000001,605.7758,1
smwfiZd8HLc_7508-8408-downsampled,187,2,380.1428571428572,0.0,277.99999999999994,251.0,inside_visible,1182.6170769230769,223.4886923076923,0
smwfiZd8HLc_7508-8408-downsampled,188,1,1130.1346153846157,126.98076923076924,277.0,315.0,inside_visible,785.4072666666667,605.7243111111112,1
smwfiZd8HLc_7508-8408-downsampled,188,2,378.8571428571428,0.0,278.00000000000006,251.0,inside_visible,1181.2308461538462,224.4866153846154,0
smwfiZd8HLc_7508-8408-downsampled,189,1,1130.2692307692307,126.96153846153848,277.0,315.0,inside_visible,785.4991333333334,605.6728222222223,1
smwfiZd8HLc_7508-8408-downsampled,189,2,377.57142857142856,0.0,278.0,251.0,inside_visible,1179.8446153846155,225.48453846153845,0
smwfiZd8HLc_7508-8408-downsampled,190,1,1130.4038461538462,126.9423076923077,277.0,315.0,inside_visible,785.591,605.6213333333334,1
smwfiZd8HLc_7508-8408-downsampled,190,2,376.2857142857143,0.0,278.00000000000006,251.0,inside_visible,1178.4583846153846,226.48246153846156,0
smwfiZd8HLc_7508-8408-downsampled,191,1,1130.5384615384614,126.92307692307692,277.0,315.0,inside_visible,785.6828666666668,605.5698444444445,1
smwfiZd8HLc_7508-8408-downsampled,191,2,375.0,0.0,278.0,251.0,inside_visible,1177.072153846154,227.48038461538465,0
smwfiZd8HLc_7508-8408-downsampled,192,1,1130.673076923077,126.90384615384616,277.0,315.0,inside_visible,785.7747333333334,605.5183555555556,1
smwfiZd8HLc_7508-8408-downsampled,192,2,373.6,0.0,278.0,251.0,inside_visible,1175.6859230769232,228.47830769230768,0
smwfiZd8HLc_7508-8408-downsampled,193,1,1130.8076923076924,126.8846153846154,277.0,315.0,inside_visible,785.8666000000001,605.4668666666668,1
smwfiZd8HLc_7508-8408-downsampled,193,2,372.2,0.0,278.00000000000006,251.0,inside_visible,1174.2996923076923,229.4762307692308,0
smwfiZd8HLc_7508-8408-downsampled,194,1,1130.9423076923076,126.8653846153846,277.0,315.0,inside_visible,785.9584666666667,605.4153777777778,1
smwfiZd8HLc_7508-8408-downsampled,194,2,370.8,0.0,277.99999999999994,251.0,inside_visible,1172.9134615384617,230.47415384615385,0
smwfiZd8HLc_7508-8408-downsampled,195,1,1131.076923076923,126.84615384615384,277.0,315.0,inside_visible,786.0503333333334,605.3638888888889,1
smwfiZd8HLc_7508-8408-downsampled,195,2,369.4,0.0,278.0,251.0,inside_visible,1171.5272307692308,231.4720769230769,0
smwfiZd8HLc_7508-8408-downsampled,196,1,1131.2115384615386,126.82692307692308,277.0,315.0,inside_visible,786.1422,605.3124,1
smwfiZd8HLc_7508-8408-downsampled,196,2,368.0,0.0,278.0,251.0,inside_visible,1170.141,232.47,0
smwfiZd8HLc_7508-8408-downsampled,197,1,1131.3461538461538,126.8076923076923,277.0,315.0,inside_visible,786.2340666666668,605.2609111111111,1
smwfiZd8HLc_7508-8408-downsampled,197,2,365.25,0.0,278.0,251.0,inside_visible,758.904,585.164,0
smwfiZd8HLc_7508-8408-downsampled,198,1,1131.4807692307693,126.78846153846152,277.0,315.0,inside_visible,786.3259333333334,605.2094222222223,1
smwfiZd8HLc_7508-8408-downsampled,198,2,362.5,0.0,278.0,251.0,inside_visible,759.91035,585.14685,0
smwfiZd8HLc_7508-8408-downsampled,199,1,1131.6153846153843,126.76923076923076,277.0,315.0,inside_visible,786.4178,605.1579333333334,1
smwfiZd8HLc_7508-8408-downsampled,199,2,359.75,0.0,278.0,251.0,inside_visible,760.9167,585.1297,0
smwfiZd8HLc_7508-8408-downsampled,200,1,1131.75,126.75,277.0,315.0,inside_visible,786.5096666666667,605.1064444444445,1
smwfiZd8HLc_7508-8408-downsampled,200,2,357.0,0.0,278.0,251.0,inside_visible,761.92305,585.1125499999999,0
smwfiZd8HLc_7508-8408-downsampled,201,1,1131.8846153846157,126.73076923076924,277.0,315.0,inside_visible,786.6015333333334,605.0549555555556,1
smwfiZd8HLc_7508-8408-downsampled,201,2,356.5,0.0,278.0,251.0,inside_visible,762.9294,585.0954,0
smwfiZd8HLc_7508-8408-downsampled,202,1,1132.0192307692307,126.71153846153848,277.0,315.0,inside_visible,786.6934,605.0034666666667,1
smwfiZd8HLc_7508-8408-downsampled,202,2,356.0,0.0,278.0,251.0,inside_visible,763.93575,585.07825,0
smwfiZd8HLc_7508-8408-downsampled,203,1,1132.1538461538462,126.6923076923077,277.0,315.0,inside_visible,786.7852666666668,604.9519777777779,1
smwfiZd8HLc_7508-8408-downsampled,203,2,355.5,0.0,278.0,251.0,inside_visible,764.9421,585.0611,0
smwfiZd8HLc_7508-8408-downsampled,204,1,1132.2884615384614,126.67307692307692,277.0,315.0,inside_visible,786.8771333333334,604.900488888889,1
smwfiZd8HLc_7508-8408-downsampled,204,2,355.0,0.0,278.0,251.0,inside_visible,765.94845,585.04395,0
smwfiZd8HLc_7508-8408-downsampled,205,1,1132.423076923077,126.65384615384616,277.0,315.0,inside_visible,786.969,604.849,1
smwfiZd8HLc_7508-8408-downsampled,205,2,354.5,0.0,278.0,251.0,inside_visible,766.9548,585.0268,0
smwfiZd8HLc_7508-8408-downsampled,206,1,1132.5576923076924,126.6346153846154,277.0,315.0,inside_visible,708.008,359.458,1
smwfiZd8HLc_7508-8408-downsampled,206,2,354.0,0.0,278.0,251.0,inside_visible,767.96115,585.00965,0
smwfiZd8HLc_7508-8408-downsampled,207,1,1132.6923076923076,126.6153846153846,277.0,315.0,inside_visible,705.6635555555556,359.27433333333335,1
smwfiZd8HLc_7508-8408-downsampled,207,2,353.5,0.0,278.0,251.0,inside_visible,768.9675,584.9925000000001,0
smwfiZd8HLc_7508-8408-downsampled,208,1,1132.826923076923,126.59615384615384,277.0,315.0,inside_visible,703.3191111111112,359.09066666666666,1
smwfiZd8HLc_7508-8408-downsampled,208,2,353.0,0.0,278.0,251.0,inside_visible,769.97385,584.97535,0
smwfiZd8HLc_7508-8408-downsampled,209,1,1132.9615384615386,126.57692307692308,277.0,315.0,inside_visible,700.9746666666667,358.90700000000004,1
smwfiZd8HLc_7508-8408-downsampled,209,2,346.5,0.0,284.5,251.0,inside_visible,770.9802,584.9582,0
smwfiZd8HLc_7508-8408-downsampled,210,1,1133.0961538461538,126.5576923076923,277.0,315.0,inside_visible,698.6302222222223,358.72333333333336,1
smwfiZd8HLc_7508-8408-downsampled,210,2,340.0,0.0,291.0,251.0,inside_visible,771.98655,584.94105,0
smwfiZd8HLc_7508-8408-downsampled,211,1,1133.2307692307693,126.53846153846152,277.0,315.0,inside_visible,696.2857777777778,358.5396666666667,1
smwfiZd8HLc_7508-8408-downsampled,211,2,336.0,0.0,291.0,251.0,inside_visible,772.9929,584.9239,0
smwfiZd8HLc_7508-8408-downsampled,212,1,1133.3653846153843,126.51923076923076,277.0,315.0,inside_visible,693.9413333333333,358.356,1
smwfiZd8HLc_7508-8408-downsampled,212,2,332.0,0.0,291.0,251.0,inside_visible,773.99925,584.90675,0
smwfiZd8HLc_7508-8408-downsampled,213,1,1133.5,126.5,277.0,315.0,inside_visible,691.5968888888889,358.17233333333337,1
smwfiZd8HLc_7508-8408-downsampled,213,2,328.5,0.0,291.0,251.0,inside_visible,775.0056,584.8896,0
smwfiZd8HLc_7508-8408-downsampled,214,1,1133.6346153846157,126.48076923076924,277.0,315.0,inside_visible,689.2524444444444,357.9886666666667,1
smwfiZd8HLc_7508-8408-downsampled,214,2,325.0,0.0,291.0,251.0,inside_visible,776.01195,584.8724500000001,0
smwfiZd8HLc_7508-8408-downsampled,215,1,1133.7692307692307,126.46153846153848,277.0,315.0,inside_visible,686.908,357.805,1
smwfiZd8HLc_7508-8408-downsampled,215,2,327.4,0.0,291.0,251.0,inside_visible,777.0183,584.8553,0
smwfiZd8HLc_7508-8408-downsampled,216,1,1133.9038461538462,126.4423076923077,277.0,315.0,inside_visible,681.5745,368.472,1
smwfiZd8HLc_7508-8408-downsampled,216,2,329.8,0.0,290.99999999999994,251.0,gaze_shift,778.02465,584.83815,0
smwfiZd8HLc_7508-8408-downsampled,217,1,1134.0384615384614,126.42307692307692,277.0,315.0,inside_visible,676.241,379.139,1
smwfiZd8HLc_7508-8408-downsampled,217,2,332.2,0.0,291.00000000000006,251.0,gaze_shift,779.031,584.821,0
smwfiZd8HLc_7508-8408-downsampled,218,1,1134.173076923077,126.40384615384616,277.0,315.0,inside_visible,670.9075,389.806,1
smwfiZd8HLc_7508-8408-downsampled,218,2,334.6,0.0,291.0,251.0,inside_visible,1190.242,232.0,0
smwfiZd8HLc_7508-8408-downsampled,219,1,1134.3076923076924,126.3846153846154,277.0,315.0,inside_visible,665.574,400.473,1
smwfiZd8HLc_7508-8408-downsampled,219,2,337.0,0.0,291.0,251.0,inside_visible,1189.529789473684,232.6019473684211,0
smwfiZd8HLc_7508-8408-downsampled,220,1,1134.4423076923076,126.3653846153846,277.0,315.0,inside_visible,652.9069999999999,417.8065,1
smwfiZd8HLc_7508-8408-downsampled,220,2,345.6666666666667,0.0,287.3333333333333,250.66666666666663,inside_visible,1188.8175789473685,233.2038947368421,0
smwfiZd8HLc_7508-8408-downsampled,221,1,1134.576923076923,126.34615384615384,277.0,315.0,inside_visible,640.24,435.14,1
smwfiZd8HLc_7508-8408-downsampled,221,2,354.3333333333333,0.0,283.6666666666667,250.33333333333331,inside_visible,1188.1053684210526,233.8058421052632,0
smwfiZd8HLc_7508-8408-downsampled,222,1,1134.7115384615386,126.32692307692308,277.0,315.0,inside_visible,614.9065,453.1405,1
smwfiZd8HLc_7508-8408-downsampled,222,2,363.0,0.0,280.0,250.0,inside_visible,1187.3931578947368,234.4077894736842,0
smwfiZd8HLc_7508-8408-downsampled,223,1,1134.8461538461538,126.3076923076923,277.0,315.0,inside_visible,589.573,471.141,1
smwfiZd8HLc_7508-8408-downsampled,223,2,366.75,0.0,280.0,252.75,inside_visible,1186.6809473684211,235.00973684210527,0
smwfiZd8HLc_7508-8408-downsampled,224,1,1134.9807692307693,126.28846153846152,277.0,315.0,inside_visible,584.573,472.47425,1
smwfiZd8HLc_7508-8408-downsampled,224,2,370.5,0.0,280.0,255.5,inside_visible,1185.9687368421053,235.6116842105263,0
smwfiZd8HLc_7508-8408-downsampled,225,1,1135.1153846153843,126.26923076923076,277.0,315.0,inside_visible,579.573,473.8075,1
smwfiZd8HLc_7508-8408-downsampled,225,2,374.25,0.0,280.0,258.25,inside_visible,1185.2565263157894,236.21363157894737,0
smwfiZd8HLc_7508-8408-downsampled,226,1,1135.25,126.25,277.0,315.0,inside_visible,574.573,475.14075,1
smwfiZd8HLc_7508-8408-downsampled,226,2,378.0,0.0,280.0,261.0,inside_visible,1184.5443157894738,236.81557894736844,0
smwfiZd8HLc_7508-8408-downsampled,227,1,1135.3846153846157,126.23076923076924,277.0,315.0,inside_visible,569.573,476.474,1
smwfiZd8HLc_7508-8408-downsampled,227,2,382.0,0.0,280.0,261.0,inside_visible,1183.832105263158,237.41752631578947,0
smwfiZd8HLc_7508-8408-downsampled,228,1,1135.5192307692307,126.21153846153848,277.0,315.0,inside_visible,593.573,139.13299999999998,1
smwfiZd8HLc_7508-8408-downsampled,228,2,380.0,0.0,280.0,261.0,inside_visible,1183.119894736842,238.0194736842105,0
smwfiZd8HLc_7508-8408-downsampled,229,1,1135.6538461538462,126.1923076923077,277.0,315.0,inside_visible,601.573,151.133,1
smwfiZd8HLc_7508-8408-downsampled,229,2,386.0,0.0,280.0,261.0,inside_visible,1182.4076842105262,238.6214210526316,0
smwfiZd8HLc_7508-8408-downsampled,230,1,1135.7884615384614,126.17307692307692,277.0,315.0,inside_visible,600.7756964285715,150.46085714285715,1
smwfiZd8HLc_7508-8408-downsampled,230,2,392.0,0.0,280.0,261.0,inside_visible,1181.6954736842106,239.22336842105264,0
smwfiZd8HLc_7508-8408-downsampled,231,1,1135.923076923077,126.15384615384616,277.0,315.0,inside_visible,599.9783928571428,149.7887142857143,1
smwfiZd8HLc_7508-8408-downsampled,231,2,397.5,0.0,280.0,261.0,inside_visible,1180.9832631578947,239.8253157894737,0
smwfiZd8HLc_7508-8408-downsampled,232,1,1136.0576923076924,126.1346153846154,277.0,315.0,inside_visible,599.1810892857143,149.11657142857143,1
smwfiZd8HLc_7508-8408-downsampled,232,2,403.0,0.0,280.0,261.0,inside_visible,1180.2710526315789,240.42726315789477,0
smwfiZd8HLc_7508-8408-downsampled,233,1,1136.1923076923076,126.1153846153846,277.0,315.0,inside_visible,598.3837857142858,148.44442857142857,1
smwfiZd8HLc_7508-8408-downsampled,233,2,404.22222222222223,0.0,279.99999999999994,261.0,inside_visible,1179.5588421052632,241.0292105263158,0
smwfiZd8HLc_7508-8408-downsampled,234,1,1136.326923076923,126.09615384615384,277.0,315.0,inside_visible,597.5864821428571,147.77228571428572,1
smwfiZd8HLc_7508-8408-downsampled,234,2,405.44444444444446,0.0,280.0,261.0,inside_visible,1178.8466315789474,241.63115789473684,0
smwfiZd8HLc_7508-8408-downsampled,235,1,1136.4615384615386,126.07692307692308,277.0,315.0,inside_visible,596.7891785714286,147.10014285714286,1
smwfiZd8HLc_7508-8408-downsampled,235,2,406.6666666666667,0.0,279.99999999999994,261.0,inside_visible,1178.1344210526315,242.2331052631579,0
smwfiZd8HLc_7508-8408-downsampled,236,1,1136.5961538461538,126.0576923076923,277.0,315.0,inside_visible,595.9918749999999,146.428,1
smwfiZd8HLc_7508-8408-downsampled,236,2,407.8888888888889,0.0,280.0,261.0,inside_visible,1177.422210526316,242.83505263157892,0
smwfiZd8HLc_7508-8408-downsampled,237,1,1136.7307692307693,126.03846153846152,277.0,315.0,inside_visible,595.1945714285714,145.75585714285714,1
smwfiZd8HLc_7508-8408-downsampled,237,2,409.1111111111111,0.0,280.0,261.0,inside_visible,1176.71,243.437,0
smwfiZd8HLc_7508-8408-downsampled,238,1,1136.8653846153843,126.01923076923076,277.0,315.0,inside_visible,594.3972678571429,145.08371428571428,1
smwfiZd8HLc_7508-8408-downsampled,238,2,410.3333333333333,0.0,280.00000000000006,261.0,inside_visible,1178.221925,243.56795,0
smwfiZd8HLc_7508-8408-downsampled,239,1,1137.0,126.0,277.0,315.0,inside_visible,593.5999642857142,144.41157142857145,1
smwfiZd8HLc_7508-8408-downsampled,239,2,411.55555555555554,0.0,280.0,261.0,inside_visible,1179.73385,243.6989,0
smwfiZd8HLc_7508-8408-downsampled,240,1,1137.6923076923076,126.0,277.0,315.0,inside_visible,592.8026607142857,143.7394285714286,1
smwfiZd8HLc_7508-8408-downsampled,240,2,412.77777777777777,0.0,280.00000000000006,261.0,inside_visible,1181.245775,243.82985,0
smwfiZd8HLc_7508-8408-downsampled,241,1,1138.3846153846157,126.0,277.0,315.0,inside_visible,592.0053571428571,143.06728571428573,1
smwfiZd8HLc_7508-8408-downsampled,241,2,414.0,0.0,280.0,261.0,inside_visible,1182.7577,243.9608,0
smwfiZd8HLc_7508-8408-downsampled,242,1,1139.076923076923,126.0,277.0,315.0,inside_visible,591.2080535714285,142.39514285714287,1
smwfiZd8HLc_7508-8408-downsampled,242,2,413.5,0.0,280.0,261.0,inside_visible,1184.269625,244.09175,0
smwfiZd8HLc_7508-8408-downsampled,243,1,1139.7692307692307,126.0,277.0,315.0,inside_visible,590.41075,141.723,1
smwfiZd8HLc_7508-8408-downsampled,243,2,413.0,0.0,280.0,261.0,inside_visible,1185.78155,244.2227,0
smwfiZd8HLc_7508-8408-downsampled,244,1,1140.4615384615386,126.0,277.0,315.0,inside_visible,589.6134464285714,141.05085714285715,1
smwfiZd8HLc_7508-8408-downsampled,244,2,412.5,0.0,280.0,261.0,inside_visible,1187.293475,244.35365,0
smwfiZd8HLc_7508-8408-downsampled,245,1,1141.1538461538462,126.0,277.0,315.0,inside_visible,588.8161428571428,140.3787142857143,1
smwfiZd8HLc_7508-8408-downsampled,245,2,412.0,0.0,280.0,261.0,inside_visible,1188.8054,244.4846,0
smwfiZd8HLc_7508-8408-downsampled,246,1,1141.8461538461538,126.0,277.0,315.0,inside_visible,588.0188392857143,139.70657142857144,1
smwfiZd8HLc_7508-8408-downsampled,246,2,411.5,0.0,280.0,261.0,inside_visible,1190.317325,244.61555,0
smwfiZd8HLc_7508-8408-downsampled,247,1,1142.5384615384614,126.0,277.0,315.0,inside_visible,587.2215357142857,139.03442857142858,1
smwfiZd8HLc_7508-8408-downsampled,247,2,411.0,0.0,280.0,261.0,inside_visible,1191.82925,244.74650000000003,0
smwfiZd8HLc_7508-8408-downsampled,248,1,1143.2307692307693,126.0,277.0,315.0,inside_visible,586.4242321428571,138.36228571428572,1
smwfiZd8HLc_7508-8408-downsampled,248,2,411.2307692307692,0.2307692307692307,280.00000000000006,261.0,inside_visible,1193.341175,244.87745,0
smwfiZd8HLc_7508-8408-downsampled,249,1,1143.923076923077,126.0,277.0,315.0,inside_visible,585.6269285714286,137.69014285714286,1
smwfiZd8HLc_7508-8408-downsampled,249,2,411.46153846153845,0.4615384615384615,280.0,261.0,inside_visible,1194.8531,245.0084,0
smwfiZd8HLc_7508-8408-downsampled,250,1,1144.6153846153843,126.0,277.0,315.0,inside_visible,584.829625,137.018,1
smwfiZd8HLc_7508-8408-downsampled,250,2,411.6923076923077,0.6923076923076923,280.00000000000006,261.0,inside_visible,1196.365025,245.13935,0
smwfiZd8HLc_7508-8408-downsampled,251,1,1145.3076923076924,126.0,277.0,315.0,inside_visible,584.0323214285714,136.34585714285714,1
smwfiZd8HLc_7508-8408-downsampled,251,2,411.9230769230769,0.9230769230769232,280.0,261.0,inside_visible,1197.87695,245.2703,0
smwfiZd8HLc_7508-8408-downsampled,252,1,1146.0,126.0,277.0,315.0,inside_visible,583.2350178571428,135.67371428571428,1
smwfiZd8HLc_7508-8408-downsampled,252,2,412.1538461538461,1.153846153846154,280.00000000000006,261.0,inside_visible,1199.388875,245.40125,0
smwfiZd8HLc_7508-8408-downsampled,253,1,1146.7777777777778,126.0,277.0,315.0,inside_visible,582.4377142857143,135.00157142857142,1
smwfiZd8HLc_7508-8408-downsampled,253,2,412.38461538461536,1.3846153846153846,280.0,261.0,inside_visible,1200.9008,245.5322,0
smwfiZd8HLc_7508-8408-downsampled,254,1,1147.5555555555557,126.0,277.0,315.0,inside_visible,581.6404107142857,134.32942857142856,1
smwfiZd8HLc_7508-8408-downsampled,254,2,412.61538461538464,1.6153846153846154,280.0,261.0,inside_visible,1202.412725,245.66315,0
smwfiZd8HLc_7508-8408-downsampled,255,1,1148.3333333333333,126.0,277.0,315.0,inside_visible,580.8431071428571,133.6572857142857,1
smwfiZd8HLc_7508-8408-downsampled,255,2,412.84615384615387,1.8461538461538465,279.99999999999994,261.0,inside_visible,1203.92465,245.7941,0
smwfiZd8HLc_7508-8408-downsampled,256,1,1149.111111111111,126.0,277.0,315.0,inside_visible,580.0458035714286,132.98514285714285,1
smwfiZd8HLc_7508-8408-downsampled,256,2,413.0769230769231,2.0769230769230766,280.0,261.0,inside_visible,1205.436575,245.92505,0
smwfiZd8HLc_7508-8408-downsampled,257,1,1149.888888888889,126.0,277.0,315.0,inside_visible,579.2484999999999,132.313,1
smwfiZd8HLc_7508-8408-downsampled,257,2,413.3076923076923,2.307692307692308,279.99999999999994,261.0,inside_visible,1206.9485,246.056,0
smwfiZd8HLc_7508-8408-downsampled,258,1,1150.6666666666667,126.0,277.0,315.0,inside_visible,578.4511964285714,131.64085714285716,1
smwfiZd8HLc_7508-8408-downsampled,258,2,413.5384615384616,2.5384615384615383,280.0,261.0,inside_visible,1208.460425,246.18695,0
smwfiZd8HLc_7508-8408-downsampled,259,1,1151.4444444444443,126.0,277.0,315.0,inside_visible,577.6538928571429,130.9687142857143,1
smwfiZd8HLc_7508-8408-downsampled,259,2,413.7692307692308,2.769230769230769,279.99999999999994,261.0,inside_visible,1209.97235,246.3179,0
smwfiZd8HLc_7508-8408-downsampled,260,1,1152.2222222222222,126.0,277.0,315.0,inside_visible,576.8565892857142,130.29657142857144,1
smwfiZd8HLc_7508-8408-downsampled,260,2,414.0,3.0,280.0,261.0,inside_visible,1211.484275,246.44885,0
smwfiZd8HLc_7508-8408-downsampled,261,1,1153.0,126.0,277.0,315.0,inside_visible,576.0592857142857,129.62442857142858,1
smwfiZd8HLc_7508-8408-downsampled,261,2,420.0,1.5,280.0,264.5,inside_visible,1212.9962,246.5798,0
smwfiZd8HLc_7508-8408-downsampled,262,1,1154.142857142857,126.57142857142856,277.0,315.0,inside_visible,575.2619821428572,128.95228571428572,1
smwfiZd8HLc_7508-8408-downsampled,262,2,426.0,0.0,280.0,268.0,inside_visible,1214.5081249999998,246.71075,0
smwfiZd8HLc_7508-8408-downsampled,263,1,1155.2857142857142,127.14285714285714,277.0,315.0,inside_visible,574.4646785714285,128.28014285714286,1
smwfiZd8HLc_7508-8408-downsampled,263,2,425.2,0.0,280.00000000000006,268.0,inside_visible,1216.02005,246.8417,0
smwfiZd8HLc_7508-8408-downsampled,264,1,1156.428571428571,127.71428571428572,277.0,315.0,inside_visible,573.667375,127.608,1
smwfiZd8HLc_7508-8408-downsampled,264,2,424.4,0.0,280.0,268.0,inside_visible,1217.531975,246.97265,0
smwfiZd8HLc_7508-8408-downsampled,265,1,1157.571428571429,128.28571428571428,277.0,315.0,inside_visible,572.8700714285714,126.93585714285716,1
smwfiZd8HLc_7508-8408-downsampled,265,2,423.6,0.0,280.0,268.0,inside_visible,1219.0439,247.1036,0
smwfiZd8HLc_7508-8408-downsampled,266,1,1158.7142857142858,128.85714285714286,277.0,315.0,inside_visible,572.0727678571428,126.26371428571429,1
smwfiZd8HLc_7508-8408-downsampled,266,2,422.8,0.0,279.99999999999994,268.0,inside_visible,1220.555825,247.23455,0
smwfiZd8HLc_7508-8408-downsampled,267,1,1159.857142857143,129.42857142857142,277.0,315.0,inside_visible,571.2754642857143,125.59157142857144,1
smwfiZd8HLc_7508-8408-downsampled,267,2,422.0,0.0,280.0,268.0,inside_visible,1222.06775,247.3655,0
smwfiZd8HLc_7508-8408-downsampled,268,1,1161.0,130.0,277.0,315.0,inside_visible,570.4781607142857,124.91942857142855,1
smwfiZd8HLc_7508-8408-downsampled,268,2,421.2,0.0,280.00000000000006,268.0,inside_visible,1223.579675,247.49645,0
smwfiZd8HLc_7508-8408-downsampled,269,1,1163.3333333333333,131.33333333333334,277.0,315.0,inside_visible,569.6808571428571,124.24728571428572,1
smwfiZd8HLc_7508-8408-downsampled,269,2,420.4,0.0,280.0,268.0,inside_visible,1225.0916,247.6274,0
smwfiZd8HLc_7508-8408-downsampled,270,1,1165.6666666666667,132.66666666666666,277.0,315.0,inside_visible,568.8835535714286,123.57514285714284,1
smwfiZd8HLc_7508-8408-downsampled,270,2,419.6,0.0,280.0,268.0,inside_visible,1226.603525,247.75835,0
smwfiZd8HLc_7508-8408-downsampled,271,1,1168.0,134.0,277.0,315.0,inside_visible,568.08625,122.903,1
smwfiZd8HLc_7508-8408-downsampled,271,2,418.8,0.0,279.99999999999994,268.0,inside_visible,1228.11545,247.8893,0
smwfiZd8HLc_7508-8408-downsampled,272,1,1169.6666666666667,134.0,277.0,315.0,inside_visible,567.2889464285714,122.23085714285712,1
smwfiZd8HLc_7508-8408-downsampled,272,2,418.0,0.0,280.0,268.0,inside_visible,1229.627375,248.02025,0
smwfiZd8HLc_7508-8408-downsampled,273,1,1171.3333333333333,134.0,277.0,315.0,inside_visible,566.4916428571428,121.55871428571427,1
smwfiZd8HLc_7508-8408-downsampled,273,2,418.5,0.0,280.0,264.5,inside_visible,1231.1392999999998,248.1512,0
smwfiZd8HLc_7508-8408-downsampled,274,1,1173.0,134.0,277.0,315.0,inside_visible,565.6943392857142,120.88657142857144,1
smwfiZd8HLc_7508-8408-downsampled,274,2,419.0,0.0,280.0,261.0,inside_visible,1232.6512249999998,248.28215,0
smwfiZd8HLc_7508-8408-downsampled,275,1,1173.0,135.5,277.0,315.0,inside_visible,564.8970357142857,120.21442857142856,1
smwfiZd8HLc_7508-8408-downsampled,275,2,412.5,0.0,280.0,261.0,inside_visible,1234.16315,248.4131,0
smwfiZd8HLc_7508-8408-downsampled,276,1,1173.0,137.0,277.0,315.0,inside_visible,564.0997321428571,119.54228571428573,1
smwfiZd8HLc_7508-8408-downsampled,276,2,406.0,0.0,280.0,261.0,inside_visible,1235.675075,248.54405,0
smwfiZd8HLc_7508-8408-downsampled,277,1,1173.0,138.5,277.0,315.0,inside_visible,563.3024285714285,118.87014285714288,1
smwfiZd8HLc_7508-8408-downsampled,277,2,402.0,0.0,280.0,256.5,inside_visible,1237.187,248.675,0
smwfiZd8HLc_7508-8408-downsampled,278,1,1173.0,140.0,277.0,315.0,inside_visible,562.505125,118.198,1
smwfiZd8HLc_7508-8408-downsampled,278,2,398.0,0.0,280.0,252.0,inside_visible,660.443,324.557,0
smwfiZd8HLc_7508-8408-downsampled,279,1,1173.0,141.5,277.0,315.0,inside_visible,561.7078214285714,117.52585714285712,1
smwfiZd8HLc_7508-8408-downsampled,279,2,385.0,0.0,280.0,252.0,inside_visible,683.705,322.438,0
smwfiZd8HLc_7508-8408-downsampled,280,1,1173.0,143.0,277.0,315.0,inside_visible,560.9105178571428,116.85371428571428,1
smwfiZd8HLc_7508-8408-downsampled,280,2,376.0,0.0,280.0,252.0,inside_visible,669.2363333333334,323.78366666666665,0
smwfiZd8HLc_7508-8408-downsampled,281,1,1173.0,150.5,277.0,315.0,inside_visible,560.1132142857143,116.18157142857144,1
smwfiZd8HLc_7508-8408-downsampled,281,2,363.0,0.0,289.0,252.0,inside_visible,654.7676666666666,325.12933333333336,0
smwfiZd8HLc_7508-8408-downsampled,282,1,1173.0,158.0,277.0,315.0,inside_visible,559.3159107142857,115.50942857142856,1
smwfiZd8HLc_7508-8408-downsampled,282,2,344.0,0.0,290.0,240.0,inside_visible,640.299,326.475,0
smwfiZd8HLc_7508-8408-downsampled,283,1,1171.5,162.0,281.5,313.5,inside_visible,558.5186071428571,114.83728571428573,1
smwfiZd8HLc_7508-8408-downsampled,283,2,333.0,0.0,290.0,240.0,inside_visible,688.5496666666667,415.226,0
smwfiZd8HLc_7508-8408-downsampled,284,1,1170.0,166.0,286.0,312.0,inside_visible,557.7213035714285,114.16514285714284,1
smwfiZd8HLc_7508-8408-downsampled,284,2,325.0,0.0,290.0,240.0,inside_visible,736.8003333333334,503.977,0
smwfiZd8HLc_7508-8408-downsampled,285,1,1169.1666666666667,165.83333333333334,286.0,312.0,inside_visible,556.924,113.493,1
smwfiZd8HLc_7508-8408-downsampled,285,2,320.0,0.0,290.0,240.0,inside_visible,785.051,592.728,0
smwfiZd8HLc_7508-8408-downsampled,286,1,1168.3333333333333,165.66666666666666,286.0,312.0,inside_visible,535.5905,104.1595,1
smwfiZd8HLc_7508-8408-downsampled,286,2,308.0,0.0,294.0,235.0,inside_visible,625.299,305.475,0
smwfiZd8HLc_7508-8408-downsampled,287,1,1167.5,165.5,286.0,312.0,inside_visible,514.257,94.826,1
smwfiZd8HLc_7508-8408-downsampled,287,2,297.0,0.0,298.0,230.0,inside_visible,781.301,607.479,0
smwfiZd8HLc_7508-8408-downsampled,288,1,1166.6666666666667,165.33333333333334,286.0,312.0,inside_visible,509.9492307692307,94.92853846153844,1
smwfiZd8HLc_7508-8408-downsampled,288,2,290.0,0.0,298.0,230.0,inside_visible,781.4828095238096,607.5107619047619,0
smwfiZd8HLc_7508-8408-downsampled,289,1,1165.8333333333333,165.16666666666666,286.0,312.0,inside_visible,505.6414615384615,95.03107692307692,1
smwfiZd8HLc_7508-8408-downsampled,289,2,282.0,0.0,298.0,230.0,inside_visible,781.6646190476191,607.5425238095238,0
smwfiZd8HLc_7508-8408-downsampled,290,1,1165.0,165.0,286.0,312.0,inside_visible,501.3336923076923,95.13361538461538,1
smwfiZd8HLc_7508-8408-downsampled,290,2,277.0,0.0,298.0,230.0,inside_visible,781.8464285714286,607.5742857142858,0
smwfiZd8HLc_7508-8408-downsampled,291,1,1162.5,166.5,286.0,312.0,inside_visible,497.0259230769231,95.23615384615384,1
smwfiZd8HLc_7508-8408-downsampled,291,2,275.0,0.0,299.5,227.5,inside_visible,782.0282380952382,607.6060476190477,0
smwfiZd8HLc_7508-8408-downsampled,292,1,1160.0,168.0,286.0,312.0,inside_visible,492.7181538461538,95.33869230769233,1
smwfiZd8HLc_7508-8408-downsampled,292,2,273.0,0.0,301.0,225.0,inside_visible,782.2100476190477,607.6378095238096,0
smwfiZd8HLc_7508-8408-downsampled,293,1,1159.5,166.0,286.0,312.0,inside_visible,488.4103846153846,95.44123076923076,1
smwfiZd8HLc_7508-8408-downsampled,293,2,269.0,0.0,301.0,225.0,inside_visible,782.3918571428571,607.6695714285714,0
smwfiZd8HLc_7508-8408-downsampled,294,1,1159.0,164.0,286.0,312.0,inside_visible,484.1026153846153,95.54376923076924,1
smwfiZd8HLc_7508-8408-downsampled,294,2,265.0,0.0,301.0,223.66666666666663,inside_visible,782.5736666666667,607.7013333333333,0
smwfiZd8HLc_7508-8408-downsampled,295,1,1158.5,162.0,286.0,312.0,inside_visible,479.7948461538461,95.64630769230769,1
smwfiZd8HLc_7508-8408-downsampled,295,2,261.0,0.0,301.0,222.33333333333331,inside_visible,782.7554761904762,607.7330952380953,0
smwfiZd8HLc_7508-8408-downsampled,296,1,1158.0,160.0,286.0,312.0,inside_visible,475.48707692307687,95.74884615384616,1
smwfiZd8HLc_7508-8408-downsampled,296,2,257.0,0.0,301.0,221.0,inside_visible,782.9372857142857,607.7648571428572,0
smwfiZd8HLc_7508-8408-downsampled,297,1,1157.5,158.0,286.0,312.0,inside_visible,471.1793076923077,95.85138461538462,1
smwfiZd8HLc_7508-8408-downsampled,297,2,255.0,0.0,301.0,221.0,inside_visible,783.1190952380953,607.7966190476191,0
smwfiZd8HLc_7508-8408-downsampled,298,1,1157.0,156.0,286.0,312.0,inside_visible,466.8715384615384,95.95392307692308,1
smwfiZd8HLc_7508-8408-downsampled,298,2,253.0,0.0,301.0,221.0,inside_visible,783.3009047619048,607.8283809523809,0
smwfiZd8HLc_7508-8408-downsampled,299,1,1156.5,154.0,286.0,312.0,inside_visible,462.5637692307692,96.05646153846156,1
smwfiZd8HLc_7508-8408-downsampled,299,2,250.75,0.0,301.0,221.0,inside_visible,783.4827142857143,607.8601428571428,0
smwfiZd8HLc_7508-8408-downsampled,300,1,1156.0,152.0,286.0,312.0,inside_visible,458.256,96.159,1
smwfiZd8HLc_7508-8408-downsampled,300,2,248.5,0.0,301.0,221.0,inside_visible,783.6645238095239,607.8919047619047,0
smwfiZd8HLc_7508-8408-downsampled,301,1,1156.0,149.33333333333334,286.0,312.0,inside_visible,494.923,84.826,1
smwfiZd8HLc_7508-8408-downsampled,301,2,246.25,0.0,301.0,221.0,inside_visible,783.8463333333334,607.9236666666667,0
smwfiZd8HLc_7508-8408-downsampled,302,1,1156.0,146.66666666666666,286.0,312.0,inside_visible,974.262,310.831,1
smwfiZd8HLc_7508-8408-downsampled,302,2,244.0,0.0,301.0,221.0,inside_visible,784.0281428571429,607.9554285714286,0
smwfiZd8HLc_7508-8408-downsampled,303,1,1156.0,144.0,286.0,312.0,inside_visible,986.3785,308.98075,1
smwfiZd8HLc_7508-8408-downsampled,303,2,242.0,0.0,301.0,221.0,inside_visible,784.2099523809524,607.9871904761904,0
smwfiZd8HLc_7508-8408-downsampled,304,1,1157.0,143.75,286.0,312.0,inside_visible,998.495,307.1305,1
smwfiZd8HLc_7508-8408-downsampled,304,2,240.0,0.0,301.0,221.0,inside_visible,784.3917619047619,608.0189523809523,0
smwfiZd8HLc_7508-8408-downsampled,305,1,1158.0,143.5,286.0,312.0,inside_visible,1010.6115,305.28025,1
smwfiZd8HLc_7508-8408-downsampled,305,2,238.0,0.0,301.0,221.0,inside_visible,784.5735714285714,608.0507142857142,0
smwfiZd8HLc_7508-8408-downsampled,306,1,1159.0,143.25,286.0,312.0,inside_visible,1022.728,303.43,1
smwfiZd8HLc_7508-8408-downsampled,306,2,236.0,0.0,301.0,221.0,inside_visible,784.755380952381,608.0824761904762,0
smwfiZd8HLc_7508-8408-downsampled,307,1,1160.0,143.0,286.0,312.0,inside_visible,1034.39475,306.09675,1
smwfiZd8HLc_7508-8408-downsampled,307,2,237.66666666666663,0.0,301.0,221.0,gaze_shift,784.9371904761905,608.1142380952381,0
smwfiZd8HLc_7508-8408-downsampled,308,1,1161.6666666666667,140.33333333333334,286.0,312.0,inside_visible,1046.0615,308.7635,1
smwfiZd8HLc_7508-8408-downsampled,308,2,239.33333333333331,0.0,301.0,221.0,gaze_shift,785.119,608.146,0
smwfiZd8HLc_7508-8408-downsampled,309,1,1163.3333333333333,137.66666666666666,286.0,312.0,inside_visible,1057.72825,311.43025,1
smwfiZd8HLc_7508-8408-downsampled,309,2,241.0,0.0,301.0,221.0,inside_visible,1225.306,240.808,0
smwfiZd8HLc_7508-8408-downsampled,310,1,1165.0,135.0,286.0,312.0,inside_visible,1069.395,314.097,1
smwfiZd8HLc_7508-8408-downsampled,310,2,243.33333333333331,0.0,301.0,221.0,inside_visible,1223.1685833333331,242.23154166666663,0
smwfiZd8HLc_7508-8408-downsampled,311,1,1163.2857142857142,135.07142857142858,286.0,312.0,inside_visible,1065.617166666667,317.20816666666667,1
smwfiZd8HLc_7508-8408-downsampled,311,2,245.66666666666663,0.0,301.0,221.0,inside_visible,1221.0311666666666,243.65508333333327,0
smwfiZd8HLc_7508-8408-downsampled,312,1,1161.571428571429,135.14285714285714,286.0,312.0,inside_visible,1061.8393333333331,320.3193333333333,1
smwfiZd8HLc_7508-8408-downsampled,312,2,248.0,0.0,301.0,221.0,inside_visible,1218.89375,245.078625,0
smwfiZd8HLc_7508-8408-downsampled,313,1,1159.857142857143,135.21428571428572,286.0,312.0,inside_visible,1058.0615,323.4305,1
smwfiZd8HLc_7508-8408-downsampled,313,2,264.0,1.0,301.0,221.0,inside_visible,1216.7563333333333,246.50216666666665,0
smwfiZd8HLc_7508-8408-downsampled,314,1,1158.142857142857,135.28571428571428,286.0,312.0,inside_visible,1054.2836666666667,326.5416666666667,1
smwfiZd8HLc_7508-8408-downsampled,314,2,268.3333333333333,2.0,301.00000000000006,221.0,inside_visible,1214.6189166666668,247.9257083333333,0
smwfiZd8HLc_7508-8408-downsampled,315,1,1156.428571428571,135.35714285714286,286.0,312.0,inside_visible,1050.5058333333334,329.6528333333333,1
smwfiZd8HLc_7508-8408-downsampled,315,2,272.6666666666667,3.0,300.99999999999994,221.0,inside_visible,1212.4815,249.34925,0
smwfiZd8HLc_7508-8408-downsampled,316,1,1154.7142857142858,135.42857142857142,286.0,312.0,inside_visible,1046.728,332.764,1
smwfiZd8HLc_7508-8408-downsampled,316,2,277.0,4.0,301.0,221.0,inside_visible,1210.3440833333334,250.77279166666668,0
smwfiZd8HLc_7508-8408-downsampled,317,1,1153.0,135.5,286.0,312.0,inside_visible,1035.6166666666668,349.209,1
smwfiZd8HLc_7508-8408-downsampled,317,2,281.3333333333333,2.666666666666667,301.00000000000006,221.0,inside_visible,1208.2066666666667,252.1963333333333,0
smwfiZd8HLc_7508-8408-downsampled,318,1,1151.2857142857142,135.57142857142858,286.0,312.0,inside_visible,1024.5053333333333,365.654,1
smwfiZd8HLc_7508-8408-downsampled,318,2,285.6666666666667,1.3333333333333337,300.99999999999994,221.0,inside_visible,1206.06925,253.619875,0
smwfiZd8HLc_7508-8408-downsampled,319,1,1149.571428571429,135.64285714285714,286.0,312.0,inside_visible,1013.394,382.099,1
smwfiZd8HLc_7508-8408-downsampled,319,2,290.0,0.0,301.0,221.0,inside_visible,1203.931833333333,255.04341666666667,0
smwfiZd8HLc_7508-8408-downsampled,320,1,1147.857142857143,135.71428571428572,286.0,312.0,inside_visible,1007.394,392.766,1
smwfiZd8HLc_7508-8408-downsampled,320,2,292.0,0.0,301.0,221.0,inside_visible,1201.7944166666666,256.4669583333333,0
smwfiZd8HLc_7508-8408-downsampled,321,1,1146.142857142857,135.78571428571428,286.0,312.0,inside_visible,1001.394,403.433,1
smwfiZd8HLc_7508-8408-downsampled,321,2,294.0,0.0,301.0,221.0,inside_visible,1199.6570000000002,257.8905,0
smwfiZd8HLc_7508-8408-downsampled,322,1,1144.428571428571,135.85714285714286,286.0,312.0,inside_visible,1015.394,428.1005,1
smwfiZd8HLc_7508-8408-downsampled,322,2,296.0,0.0,301.0,221.0,inside_visible,1197.5195833333337,259.31404166666664,0
smwfiZd8HLc_7508-8408-downsampled,323,1,1142.7142857142858,135.92857142857142,286.0,312.0,inside_visible,1029.394,452.768,1
smwfiZd8HLc_7508-8408-downsampled,323,2,298.0,0.0,301.0,221.0,inside_visible,1195.3821666666668,260.73758333333336,0
smwfiZd8HLc_7508-8408-downsampled,324,1,1141.0,136.0,286.0,312.0,inside_visible,1018.727,464.7685,1
smwfiZd8HLc_7508-8408-downsampled,324,2,300.0,0.0,301.0,221.0,inside_visible,1193.24475,262.161125,0
smwfiZd8HLc_7508-8408-downsampled,325,1,1136.6666666666667,134.33333333333334,286.0,312.0,inside_visible,1008.06,476.769,1
smwfiZd8HLc_7508-8408-downsampled,325,2,302.0,0.0,301.0,221.0,inside_visible,1191.1073333333334,263.5846666666667,0
smwfiZd8HLc_7508-8408-downsampled,326,1,1132.3333333333333,132.66666666666666,286.0,312.0,inside_visible,991.393,491.436,1
smwfiZd8HLc_7508-8408-downsampled,326,2,301.5,0.0,301.0,223.5,inside_visible,1188.969916666667,265.00820833333336,0
smwfiZd8HLc_7508-8408-downsampled,327,1,1128.0,131.0,286.0,312.0,inside_visible,974.726,506.103,1
smwfiZd8HLc_7508-8408-downsampled,327,2,301.0,0.0,301.0,226.0,inside_visible,1186.8325,266.43175,0
smwfiZd8HLc_7508-8408-downsampled,328,1,1128.357142857143,131.07142857142858,286.0,312.0,inside_visible,969.3926666666666,514.1033333333334,1
smwfiZd8HLc_7508-8408-downsampled,328,2,304.0,0.0,301.0,226.0,inside_visible,1184.6950833333333,267.8552916666667,0
smwfiZd8HLc_7508-8408-downsampled,329,1,1128.7142857142858,131.14285714285714,286.0,312.0,inside_visible,964.0593333333334,522.1036666666666,1
smwfiZd8HLc_7508-8408-downsampled,329,2,307.0,0.0,301.0,226.0,inside_visible,1182.5576666666666,269.2788333333333,0
smwfiZd8HLc_7508-8408-downsampled,330,1,1129.071428571429,131.21428571428572,286.0,312.0,inside_visible,958.726,530.104,1
smwfiZd8HLc_7508-8408-downsampled,330,2,310.0,0.0,301.0,226.0,inside_visible,1180.42025,270.702375,0
smwfiZd8HLc_7508-8408-downsampled,331,1,1129.428571428571,131.28571428571428,286.0,312.0,inside_visible,951.05925,537.4375,1
smwfiZd8HLc_7508-8408-downsampled,331,2,309.75,0.25,301.0,227.75,inside_visible,1178.2828333333334,272.1259166666667,0
smwfiZd8HLc_7508-8408-downsampled,332,1,1129.7857142857142,131.35714285714286,286.0,312.0,inside_visible,943.3925,544.771,1
smwfiZd8HLc_7508-8408-downsampled,332,2,309.5,0.5,301.0,229.5,inside_visible,1176.1454166666667,273.54945833333335,0
smwfiZd8HLc_7508-8408-downsampled,333,1,1130.142857142857,131.42857142857142,286.0,312.0,inside_visible,935.72575,552.1045,1
smwfiZd8HLc_7508-8408-downsampled,333,2,309.25,0.75,301.0,231.25,inside_visible,1174.008,274.973,0
smwfiZd8HLc_7508-8408-downsampled,334,1,1130.5,131.5,286.0,312.0,inside_visible,928.059,559.438,1
smwfiZd8HLc_7508-8408-downsampled,334,2,309.0,1.0,301.0,233.0,inside_visible,1174.2866119402986,274.57498507462685,0
smwfiZd8HLc_7508-8408-downsampled,335,1,1130.857142857143,131.57142857142858,286.0,312.0,inside_visible,928.059,557.6198181818181,1
smwfiZd8HLc_7508-8408-downsampled,335,2,311.0,0.0,299.0,234.0,inside_visible,1174.5652238805972,274.17697014925375,0
smwfiZd8HLc_7508-8408-downsampled,336,1,1131.2142857142858,131.64285714285714,286.0,312.0,inside_visible,928.059,555.8016363636364,1
smwfiZd8HLc_7508-8408-downsampled,336,2,312.5,0.5,297.5,233.5,inside_visible,1174.8438358208955,273.7789552238806,0
smwfiZd8HLc_7508-8408-downsampled,337,1,1131.571428571429,131.71428571428572,286.0,312.0,inside_visible,928.059,553.9834545454545,1
smwfiZd8HLc_7508-8408-downsampled,337,2,314.0,1.0,296.0,233.0,inside_visible,1175.122447761194,273.3809402985075,0
smwfiZd8HLc_7508-8408-downsampled,338,1,1131.928571428571,131.78571428571428,286.0,312.0,inside_visible,928.059,552.1652727272727,1
smwfiZd8HLc_7508-8408-downsampled,338,2,314.2972972972973,1.0,296.0,233.0,inside_visible,1175.4010597014926,272.9829253731343,0
smwfiZd8HLc_7508-8408-downsampled,339,1,1132.2857142857142,131.85714285714286,286.0,312.0,inside_visible,928.059,550.3470909090909,1
smwfiZd8HLc_7508-8408-downsampled,339,2,314.5945945945946,1.0,296.0,233.0,inside_visible,1175.6796716417912,272.5849104477612,0
smwfiZd8HLc_7508-8408-downsampled,340,1,1132.642857142857,131.92857142857142,286.0,312.0,inside_visible,928.059,548.5289090909091,1
smwfiZd8HLc_7508-8408-downsampled,340,2,314.8918918918919,1.0,296.0,233.0,inside_visible,1175.9582835820895,272.18689552238806,0
smwfiZd8HLc_7508-8408-downsampled,341,1,1133.0,132.0,286.0,312.0,inside_visible,928.059,546.7107272727272,1
smwfiZd8HLc_7508-8408-downsampled,341,2,315.1891891891892,1.0,296.0,233.0,inside_visible,1176.236895522388,271.7888805970149,0
smwfiZd8HLc_7508-8408-downsampled,342,1,1134.4,132.0,286.0,312.0,inside_visible,928.059,544.8925454545455,1
smwfiZd8HLc_7508-8408-downsampled,342,2,315.4864864864865,1.0,295.99999999999994,233.0,inside_visible,1176.5155074626866,271.3908656716418,0
smwfiZd8HLc_7508-8408-downsampled,343,1,1135.8,132.0,286.0,312.0,inside_visible,928.059,543.0743636363636,1
smwfiZd8HLc_7508-8408-downsampled,343,2,315.7837837837838,1.0,295.99999999999994,233.0,inside_visible,1176.7941194029852,270.9928507462687,0
smwfiZd8HLc_7508-8408-downsampled,344,1,1137.2,132.0,286.0,312.0,inside_visible,928.059,541.2561818181819,1
smwfiZd8HLc_7508-8408-downsampled,344,2,316.0810810810811,1.0,295.99999999999994,233.0,inside_visible,1177.0727313432835,270.5948358208955,0
smwfiZd8HLc_7508-8408-downsampled,345,1,1138.6,132.0,286.0,312.0,inside_visible,928.059,539.438,1
smwfiZd8HLc_7508-8408-downsampled,345,2,316.3783783783784,1.0,295.99999999999994,233.0,inside_visible,1177.351343283582,270.1968208955224,0
smwfiZd8HLc_7508-8408-downsampled,346,1,1140.0,132.0,286.0,312.0,inside_visible,926.1195454545456,542.7108181818181,1
smwfiZd8HLc_7508-8408-downsampled,346,2,316.6756756756757,1.0,295.99999999999994,233.0,inside_visible,1177.6299552238806,269.79880597014926,0
smwfiZd8HLc_7508-8408-downsampled,347,1,1140.7142857142858,132.14285714285714,286.0,312.0,inside_visible,924.1800909090908,545.9836363636364,1
smwfiZd8HLc_7508-8408-downsampled,347,2,316.97297297297297,1.0,296.00000000000006,233.0,inside_visible,1177.9085671641792,269.40079104477616,0
smwfiZd8HLc_7508-8408-downsampled,348,1,1141.428571428571,132.28571428571428,286.0,312.0,inside_visible,922.2406363636364,549.2564545454545,1
smwfiZd8HLc_7508-8408-downsampled,348,2,317.27027027027026,1.0,296.00000000000006,233.0,inside_visible,1178.1871791044775,269.002776119403,0
smwfiZd8HLc_7508-8408-downsampled,349,1,1142.142857142857,132.42857142857142,286.0,312.0,inside_visible,920.3011818181818,552.5292727272727,1
smwfiZd8HLc_7508-8408-downsampled,349,2,317.56756756756755,1.0,296.00000000000006,233.0,inside_visible,1178.465791044776,268.6047611940299,0
smwfiZd8HLc_7508-8408-downsampled,350,1,1142.857142857143,132.57142857142858,286.0,312.0,inside_visible,918.3617272727272,555.8020909090909,1
smwfiZd8HLc_7508-8408-downsampled,350,2,317.86486486486484,1.0,296.00000000000006,233.0,inside_visible,1178.7444029850749,268.2067462686568,0
smwfiZd8HLc_7508-8408-downsampled,351,1,1143.571428571429,132.71428571428572,286.0,312.0,inside_visible,916.4222727272728,559.074909090909,1
smwfiZd8HLc_7508-8408-downsampled,351,2,318.1621621621622,1.0,296.0,233.0,inside_visible,1179.0230149253732,267.8087313432836,0
smwfiZd8HLc_7508-8408-downsampled,352,1,1144.2857142857142,132.85714285714286,286.0,312.0,inside_visible,914.4828181818182,562.3477272727273,1
smwfiZd8HLc_7508-8408-downsampled,352,2,318.4594594594595,1.0,296.0,233.0,inside_visible,1179.3016268656716,267.41071641791046,0
smwfiZd8HLc_7508-8408-downsampled,353,1,1145.0,133.0,286.0,312.0,inside_visible,912.5433636363636,565.6205454545454,1
smwfiZd8HLc_7508-8408-downsampled,353,2,318.7567567567568,1.0,296.0,233.0,inside_visible,1179.58023880597,267.0127014925373,0
smwfiZd8HLc_7508-8408-downsampled,354,1,1145.2631578947369,132.94736842105263,286.0,312.0,inside_visible,910.6039090909092,568.8933636363636,1
smwfiZd8HLc_7508-8408-downsampled,354,2,319.05405405405406,1.0,296.0,233.0,inside_visible,1179.858850746269,266.6146865671642,0
smwfiZd8HLc_7508-8408-downsampled,355,1,1145.5263157894738,132.89473684210526,286.0,312.0,inside_visible,908.6644545454544,572.1661818181818,1
smwfiZd8HLc_7508-8408-downsampled,355,2,319.3513513513513,1.0,296.0,233.0,inside_visible,1180.1374626865672,266.21667164179104,0
smwfiZd8HLc_7508-8408-downsampled,356,1,1145.7894736842106,132.8421052631579,286.0,312.0,inside_visible,906.725,575.439,1
smwfiZd8HLc_7508-8408-downsampled,356,2,319.64864864864865,1.0,296.0,233.0,inside_visible,1180.4160746268658,265.81865671641793,0
smwfiZd8HLc_7508-8408-downsampled,357,1,1146.0526315789473,132.78947368421052,286.0,312.0,inside_visible,895.1155,574.6285,1
smwfiZd8HLc_7508-8408-downsampled,357,2,319.94594594594594,1.0,296.0,233.0,inside_visible,1180.694686567164,265.4206417910448,0
smwfiZd8HLc_7508-8408-downsampled,358,1,1146.3157894736842,132.73684210526315,286.0,312.0,inside_visible,883.506,573.818,1
smwfiZd8HLc_7508-8408-downsampled,358,2,320.2432432432432,1.0,296.0,233.0,inside_visible,1180.9732985074627,265.02262686567167,0
smwfiZd8HLc_7508-8408-downsampled,359,1,1146.578947368421,132.68421052631578,286.0,312.0,inside_visible,911.008,579.675,1
smwfiZd8HLc_7508-8408-downsampled,359,2,320.5405405405405,1.0,296.0,233.0,inside_visible,1181.2519104477612,264.6246119402985,0
smwfiZd8HLc_7508-8408-downsampled,360,1,1146.842105263158,132.6315789473684,286.0,312.0,inside_visible,905.177,584.998,1
smwfiZd8HLc_7508-8408-downsampled,360,2,320.8378378378378,1.0,296.0,233.0,inside_visible,1181.5305223880598,264.2265970149254,0
smwfiZd8HLc_7508-8408-downsampled,361,1,1147.1052631578948,132.57894736842104,286.0,312.0,inside_visible,909.012,584.988,1
smwfiZd8HLc_7508-8408-downsampled,361,2,321.1351351351352,1.0,295.99999999999994,233.0,inside_visible,1181.809134328358,263.82858208955224,0
smwfiZd8HLc_7508-8408-downsampled,362,1,1147.3684210526317,132.52631578947367,286.0,312.0,inside_visible,812.846,567.644,1
smwfiZd8HLc_7508-8408-downsampled,362,2,321.43243243243245,1.0,295.99999999999994,233.0,inside_visible,1182.0877462686567,263.43056716417914,0
smwfiZd8HLc_7508-8408-downsampled,363,1,1147.6315789473683,132.47368421052633,286.0,312.0,inside_visible,810.6815,560.3,1
smwfiZd8HLc_7508-8408-downsampled,363,2,321.72972972972974,1.0,295.99999999999994,233.0,inside_visible,1182.3663582089553,263.032552238806,0
smwfiZd8HLc_7508-8408-downsampled,364,1,1147.8947368421052,132.42105263157896,286.0,312.0,inside_visible,808.517,552.956,1
smwfiZd8HLc_7508-8408-downsampled,364,2,322.02702702702703,1.0,295.99999999999994,233.0,inside_visible,1182.6449701492538,262.6345373134329,0
smwfiZd8HLc_7508-8408-downsampled,365,1,1148.157894736842,132.3684210526316,286.0,312.0,inside_visible,809.1300476190477,553.1377142857143,1
smwfiZd8HLc_7508-8408-downsampled,365,2,322.3243243243243,1.0,296.00000000000006,233.0,inside_visible,1182.9235820895522,262.2365223880597,0
smwfiZd8HLc_7508-8408-downsampled,366,1,1148.421052631579,132.31578947368422,286.0,312.0,inside_visible,809.7430952380953,553.3194285714286,1
smwfiZd8HLc_7508-8408-downsampled,366,2,322.6216216216216,1.0,296.00000000000006,233.0,inside_visible,1183.2021940298507,261.8385074626866,0
smwfiZd8HLc_7508-8408-downsampled,367,1,1148.6842105263158,132.26315789473685,286.0,312.0,inside_visible,810.3561428571429,553.5011428571429,1
smwfiZd8HLc_7508-8408-downsampled,367,2,322.9189189189189,1.0,296.00000000000006,233.0,inside_visible,1183.4808059701493,261.44049253731345,0
smwfiZd8HLc_7508-8408-downsampled,368,1,1148.9473684210527,132.21052631578948,286.0,312.0,inside_visible,810.9691904761905,553.6828571428572,1
smwfiZd8HLc_7508-8408-downsampled,368,2,323.2162162162162,1.0,296.00000000000006,233.0,inside_visible,1183.7594179104478,261.0424776119403,0
smwfiZd8HLc_7508-8408-downsampled,369,1,1149.2105263157894,132.1578947368421,286.0,312.0,inside_visible,811.5822380952382,553.8645714285715,1
smwfiZd8HLc_7508-8408-downsampled,369,2,323.5135135135135,1.0,296.00000000000006,233.0,inside_visible,1184.0380298507462,260.6444626865672,0
smwfiZd8HLc_7508-8408-downsampled,370,1,1149.4736842105262,132.10526315789474,286.0,312.0,inside_visible,812.1952857142858,554.0462857142858,1
smwfiZd8HLc_7508-8408-downsampled,370,2,323.81081081081084,1.0,296.0,233.0,inside_visible,1184.3166417910447,260.246447761194,0
smwfiZd8HLc_7508-8408-downsampled,371,1,1149.7368421052631,132.05263157894737,286.0,312.0,inside_visible,812.8083333333334,554.2280000000001,1
smwfiZd8HLc_7508-8408-downsampled,371,2,324.1081081081081,1.0,296.0,233.0,inside_visible,1184.5952537313433,259.8484328358209,0
smwfiZd8HLc_7508-8408-downsampled,372,1,1150.0,132.0,286.0,312.0,inside_visible,813.421380952381,554.4097142857144,1
smwfiZd8HLc_7508-8408-downsampled,372,2,324.4054054054054,1.0,296.0,233.0,inside_visible,1184.873865671642,259.4504179104477,0
smwfiZd8HLc_7508-8408-downsampled,373,1,1150.2820512820513,131.92307692307693,286.0,312.0,inside_visible,814.0344285714286,554.5914285714287,1
smwfiZd8HLc_7508-8408-downsampled,373,2,324.7027027027027,1.0,296.0,233.0,inside_visible,1185.1524776119402,259.05240298507465,0
smwfiZd8HLc_7508-8408-downsampled,374,1,1150.5641025641023,131.84615384615384,286.0,312.0,inside_visible,814.6474761904763,554.773142857143,1
smwfiZd8HLc_7508-8408-downsampled,374,2,325.0,1.0,296.0,233.0,inside_visible,1185.4310895522387,258.6543880597015,0
smwfiZd8HLc_7508-8408-downsampled,375,1,1150.8461538461538,131.76923076923077,286.0,312.0,inside_visible,815.2605238095238,554.9548571428571,1
smwfiZd8HLc_7508-8408-downsampled,375,2,328.5,1.0,296.0,233.0,inside_visible,1185.7097014925373,258.2563731343284,0
smwfiZd8HLc_7508-8408-downsampled,376,1,1151.128205128205,131.69230769230768,286.0,312.0,inside_visible,815.8735714285714,555.1365714285714,1
smwfiZd8HLc_7508-8408-downsampled,376,2,332.0,1.0,296.0,233.0,inside_visible,1185.988313432836,257.8583582089552,0
smwfiZd8HLc_7508-8408-downsampled,377,1,1151.4102564102564,131.6153846153846,286.0,312.0,inside_visible,816.486619047619,555.3182857142857,1
smwfiZd8HLc_7508-8408-downsampled,377,2,334.2,1.0,296.00000000000006,233.0,inside_visible,1186.2669253731342,257.4603432835821,0
smwfiZd8HLc_7508-8408-downsampled,378,1,1151.6923076923076,131.53846153846155,286.0,312.0,inside_visible,817.0996666666666,555.5,1
smwfiZd8HLc_7508-8408-downsampled,378,2,336.4,1.0,296.0,233.0,inside_visible,1186.5455373134328,257.06232835820896,0
smwfiZd8HLc_7508-8408-downsampled,379,1,1151.974358974359,131.46153846153845,286.0,312.0,inside_visible,817.7127142857142,555.6817142857143,1
smwfiZd8HLc_7508-8408-downsampled,379,2,338.6,1.0,296.0,233.0,inside_visible,1186.824149253731,256.66431343283585,0
smwfiZd8HLc_7508-8408-downsampled,380,1,1152.2564102564102,131.3846153846154,286.0,312.0,inside_visible,818.3257619047619,555.8634285714286,1
smwfiZd8HLc_7508-8408-downsampled,380,2,340.8,1.0,295.99999999999994,233.0,inside_visible,1187.10276119403,256.2662985074627,0
smwfiZd8HLc_7508-8408-downsampled,381,1,1152.5384615384614,131.30769230769232,286.0,312.0,inside_visible,818.9388095238095,556.0451428571429,1
smwfiZd8HLc_7508-8408-downsampled,381,2,343.0,1.0,296.0,233.0,inside_visible,1187.3813731343284,255.8682835820896,0
smwfiZd8HLc_7508-8408-downsampled,382,1,1152.820512820513,131.23076923076923,286.0,312.0,inside_visible,819.5518571428571,556.2268571428572,1
smwfiZd8HLc_7508-8408-downsampled,382,2,345.0,1.0,296.0,233.0,inside_visible,1187.6599850746268,255.47026865671643,0
smwfiZd8HLc_7508-8408-downsampled,383,1,1153.1025641025642,131.15384615384616,286.0,312.0,inside_visible,820.1649047619047,556.4085714285715,1
smwfiZd8HLc_7508-8408-downsampled,383,2,347.0,1.0,296.0,233.0,inside_visible,1187.938597014925,255.0722537313433,0
smwfiZd8HLc_7508-8408-downsampled,384,1,1153.3846153846157,131.07692307692307,286.0,312.0,inside_visible,820.7779523809523,556.5902857142858,1
smwfiZd8HLc_7508-8408-downsampled,384,2,349.0,1.0,296.0,233.0,inside_visible,1188.217208955224,254.67423880597016,0
smwfiZd8HLc_7508-8408-downsampled,385,1,1153.6666666666667,131.0,286.0,312.0,gaze_shift,821.391,556.772,1
smwfiZd8HLc_7508-8408-downsampled,385,2,351.0,1.0,296.0,233.0,inside_visible,1188.4958208955225,254.27622388059703,0
smwfiZd8HLc_7508-8408-downsampled,386,1,1153.948717948718,130.92307692307693,286.0,312.0,gaze_shift,831.7059999999999,565.3815,1
smwfiZd8HLc_7508-8408-downsampled,386,2,359.0,0.0,296.0,238.0,inside_visible,1188.7744328358208,253.8782089552239,0
smwfiZd8HLc_7508-8408-downsampled,387,1,1154.2307692307693,130.84615384615384,286.0,312.0,gaze_shift,842.021,573.991,1
smwfiZd8HLc_7508-8408-downsampled,387,2,361.0,0.0,296.0,237.0,inside_visible,1189.0530447761191,253.4801940298508,0
smwfiZd8HLc_7508-8408-downsampled,388,1,1154.5128205128206,130.76923076923077,286.0,312.0,inside_visible,594.333,94.589,1
smwfiZd8HLc_7508-8408-downsampled,388,2,362.5,1.0,296.0,235.0,inside_visible,1189.331656716418,253.08217910447763,0
smwfiZd8HLc_7508-8408-downsampled,389,1,1154.7948717948718,130.69230769230768,286.0,312.0,inside_visible,594.3755833333333,96.08733333333332,1
smwfiZd8HLc_7508-8408-downsampled,389,2,364.0,2.0,296.0,233.0,inside_visible,1189.6102686567165,252.6841641791045,0
smwfiZd8HLc_7508-8408-downsampled,390,1,1155.076923076923,130.6153846153846,286.0,312.0,inside_visible,594.4181666666666,97.58566666666668,1
smwfiZd8HLc_7508-8408-downsampled,390,2,365.0,0.0,296.0,235.0,inside_visible,1189.8888805970148,252.28614925373137,0
smwfiZd8HLc_7508-8408-downsampled,391,1,1155.3589743589744,130.53846153846155,286.0,312.0,inside_visible,594.46075,99.084,1
smwfiZd8HLc_7508-8408-downsampled,391,2,365.6666666666667,0.0833333333333333,295.99999999999994,234.8333333333333,inside_visible,1190.1674925373134,251.88813432835823,0
smwfiZd8HLc_7508-8408-downsampled,392,1,1155.6410256410256,130.46153846153845,286.0,312.0,inside_visible,594.5033333333333,100.58233333333334,1
smwfiZd8HLc_7508-8408-downsampled,392,2,366.3333333333333,0.1666666666666666,296.00000000000006,234.66666666666669,inside_visible,1190.446104477612,251.4901194029851,0
smwfiZd8HLc_7508-8408-downsampled,393,1,1155.923076923077,130.3846153846154,286.0,312.0,inside_visible,594.5459166666667,102.08066666666669,1
smwfiZd8HLc_7508-8408-downsampled,393,2,367.0,0.25,296.0,234.5,inside_visible,1190.7247164179105,251.09210447761197,0
smwfiZd8HLc_7508-8408-downsampled,394,1,1156.2051282051282,130.30769230769232,286.0,312.0,inside_visible,594.5885000000001,103.579,1
smwfiZd8HLc_7508-8408-downsampled,394,2,367.6666666666667,0.3333333333333333,295.99999999999994,234.3333333333333,inside_visible,1191.0033283582088,250.6940895522388,0
smwfiZd8HLc_7508-8408-downsampled,395,1,1156.4871794871794,130.23076923076923,286.0,312.0,inside_visible,594.6310833333333,105.07733333333334,1
smwfiZd8HLc_7508-8408-downsampled,395,2,368.3333333333333,0.4166666666666667,296.00000000000006,234.16666666666669,inside_visible,1191.2819402985074,250.29607462686567,0
smwfiZd8HLc_7508-8408-downsampled,396,1,1156.7692307692307,130.15384615384616,286.0,312.0,inside_visible,594.6736666666667,106.57566666666666,1
smwfiZd8HLc_7508-8408-downsampled,396,2,369.0,0.5,296.0,234.0,inside_visible,1191.560552238806,249.8980597014925,0
smwfiZd8HLc_7508-8408-downsampled,397,1,1157.051282051282,130.07692307692307,286.0,312.0,inside_visible,594.7162500000001,108.074,1
smwfiZd8HLc_7508-8408-downsampled,397,2,369.6666666666667,0.5833333333333334,295.99999999999994,233.8333333333333,inside_visible,1191.8391641791045,249.5000447761194,0
smwfiZd8HLc_7508-8408-downsampled,398,1,1157.3333333333333,130.0,286.0,312.0,inside_visible,594.7588333333333,109.57233333333332,1
smwfiZd8HLc_7508-8408-downsampled,398,2,370.3333333333333,0.6666666666666666,296.00000000000006,233.66666666666669,inside_visible,1192.1177761194028,249.10202985074628,0
smwfiZd8HLc_7508-8408-downsampled,399,1,1157.6153846153843,129.92307692307693,286.0,312.0,inside_visible,594.8014166666667,111.07066666666668,1
smwfiZd8HLc_7508-8408-downsampled,399,2,371.0,0.75,296.0,233.5,inside_visible,1192.3963880597014,248.70401492537317,0
smwfiZd8HLc_7508-8408-downsampled,400,1,1157.8974358974358,129.84615384615384,286.0,312.0,inside_visible,594.844,112.569,1
smwfiZd8HLc_7508-8408-downsampled,400,2,371.6666666666667,0.8333333333333334,295.99999999999994,233.3333333333333,inside_visible,1192.675,248.306,0
smwfiZd8HLc_7508-8408-downsampled,401,1,1158.179487179487,129.76923076923077,286.0,312.0,inside_visible,594.844,112.569,1
smwfiZd8HLc_7508-8408-downsampled,401,2,372.3333333333333,0.9166666666666666,296.00000000000006,233.16666666666669,inside_visible,1193.590039215686,248.123,0
smwfiZd8HLc_7508-8408-downsampled,402,1,1158.4615384615386,129.69230769230768,286.0,312.0,inside_visible,594.844,112.569,1
smwfiZd8HLc_7508-8408-downsampled,402,2,373.0,1.0,296.0,233.0,inside_visible,1194.5050784313726,247.94,0
smwfiZd8HLc_7508-8408-downsampled,403,1,1158.7435897435898,129.6153846153846,286.0,312.0,inside_visible,594.844,112.569,1
smwfiZd8HLc_7508-8408-downsampled,403,2,373.0,1.0,296.0,233.21052631578948,inside_visible,1195.4201176470588,247.757,0
smwfiZd8HLc_7508-8408-downsampled,404,1,1159.025641025641,129.53846153846155,286.0,312.0,inside_visible,594.844,112.569,1
smwfiZd8HLc_7508-8408-downsampled,404,2,373.0,1.0,296.0,233.42105263157896,inside_visible,1196.335156862745,247.574,0
smwfiZd8HLc_7508-8408-downsampled,405,1,1159.3076923076924,129.46153846153845,286.0,312.0,inside_visible,594.844,112.569,1
smwfiZd8HLc_7508-8408-downsampled,405,2,373.0,1.0,296.0,233.6315789473684,inside_visible,1197.2501960784314,247.391,0
smwfiZd8HLc_7508-8408-downsampled,406,1,1159.5897435897436,129.3846153846154,286.0,312.0,inside_visible,594.844,112.569,1
smwfiZd8HLc_7508-8408-downsampled,406,2,373.0,1.0,296.0,233.8421052631579,inside_visible,1198.1652352941176,247.208,0
smwfiZd8HLc_7508-8408-downsampled,407,1,1159.871794871795,129.30769230769232,286.0,312.0,inside_visible,594.844,112.569,1
smwfiZd8HLc_7508-8408-downsampled,407,2,373.0,1.0,296.0,234.05263157894737,inside_visible,1199.080274509804,247.025,0
smwfiZd8HLc_7508-8408-downsampled,408,1,1160.1538461538462,129.23076923076923,286.0,312.0,inside_visible,594.844,112.569,1
smwfiZd8HLc_7508-8408-downsampled,408,2,373.0,1.0,296.0,234.26315789473685,inside_visible,1199.9953137254902,246.842,0
smwfiZd8HLc_7508-8408-downsampled,409,1,1160.4358974358977,129.15384615384616,286.0,312.0,inside_visible,594.844,112.569,1
smwfiZd8HLc_7508-8408-downsampled,409,2,373.0,1.0,296.0,234.47368421052636,inside_visible,1200.9103529411764,246.659,0
smwfiZd8HLc_7508-8408-downsampled,410,1,1160.7179487179487,129.07692307692307,286.0,312.0,inside_visible,594.844,112.569,1
smwfiZd8HLc_7508-8408-downsampled,410,2,373.0,1.0,296.0,234.68421052631575,inside_visible,1201.8253921568628,246.476,0
smwfiZd8HLc_7508-8408-downsampled,411,1,1161.0,129.0,286.0,312.0,inside_visible,594.844,112.569,1
smwfiZd8HLc_7508-8408-downsampled,411,2,373.0,1.0,296.0,234.8947368421053,inside_visible,1202.740431372549,246.293,0
smwfiZd8HLc_7508-8408-downsampled,412,1,1161.5,129.0,286.0,312.0,inside_visible,594.844,112.569,1
smwfiZd8HLc_7508-8408-downsampled,412,2,373.0,1.0,296.0,235.10526315789477,inside_visible,1203.6554705882352,246.11,0
smwfiZd8HLc_7508-8408-downsampled,413,1,1162.0,129.0,286.0,312.0,inside_visible,594.844,112.569,1
smwfiZd8HLc_7508-8408-downsampled,413,2,373.0,1.0,296.0,235.31578947368425,inside_visible,1204.5705098039216,245.927,0
smwfiZd8HLc_7508-8408-downsampled,414,1,1162.5,129.0,286.0,312.0,inside_visible,594.844,112.569,1
smwfiZd8HLc_7508-8408-downsampled,414,2,373.0,1.0,296.0,235.52631578947367,inside_visible,1205.4855490196078,245.744,0
smwfiZd8HLc_7508-8408-downsampled,415,1,1163.0,129.0,286.0,312.0,inside_visible,594.844,112.569,1
smwfiZd8HLc_7508-8408-downsampled,415,2,373.0,1.0,296.0,235.73684210526315,inside_visible,1206.4005882352942,245.561,0
smwfiZd8HLc_7508-8408-downsampled,416,1,1163.5,129.0,286.0,312.0,inside_visible,594.844,112.569,1
smwfiZd8HLc_7508-8408-downsampled,416,2,373.0,1.0,296.0,235.94736842105263,inside_visible,1207.3156274509804,245.378,0
smwfiZd8HLc_7508-8408-downsampled,417,1,1164.0,129.0,286.0,312.0,inside_visible,594.844,112.569,1
smwfiZd8HLc_7508-8408-downsampled,417,2,373.0,1.0,296.0,236.1578947368421,inside_visible,1208.2306666666666,245.195,0
smwfiZd8HLc_7508-8408-downsampled,418,1,1164.5,129.0,286.0,312.0,inside_visible,594.844,112.569,1
smwfiZd8HLc_7508-8408-downsampled,418,2,373.0,1.0,296.0,236.3684210526316,inside_visible,1209.145705882353,245.012,0
smwfiZd8HLc_7508-8408-downsampled,419,1,1165.0,129.0,286.0,312.0,inside_visible,594.844,112.569,1
smwfiZd8HLc_7508-8408-downsampled,419,2,373.0,1.0,296.0,236.57894736842104,inside_visible,1210.0607450980392,244.829,0
smwfiZd8HLc_7508-8408-downsampled,420,1,1165.5,129.0,286.0,312.0,inside_visible,594.844,112.569,1
smwfiZd8HLc_7508-8408-downsampled,420,2,373.0,1.0,296.0,236.7894736842105,inside_visible,1210.9757843137254,244.646,0
smwfiZd8HLc_7508-8408-downsampled,421,1,1166.0,129.0,286.0,312.0,inside_visible,594.844,112.569,1
smwfiZd8HLc_7508-8408-downsampled,421,2,373.0,1.0,296.0,237.0,inside_visible,1211.8908235294118,244.463,0
smwfiZd8HLc_7508-8408-downsampled,422,1,1166.5,129.0,286.0,312.0,inside_visible,594.844,112.569,1
smwfiZd8HLc_7508-8408-downsampled,422,2,373.0,1.0,296.0,237.21052631578948,inside_visible,1212.805862745098,244.28,0
smwfiZd8HLc_7508-8408-downsampled,423,1,1167.0,129.0,286.0,312.0,inside_visible,594.844,112.569,1
smwfiZd8HLc_7508-8408-downsampled,423,2,373.0,1.0,296.0,237.42105263157896,inside_visible,1213.7209019607844,244.097,0
smwfiZd8HLc_7508-8408-downsampled,424,1,1167.5,129.0,286.0,312.0,inside_visible,594.844,112.569,1
smwfiZd8HLc_7508-8408-downsampled,424,2,373.0,1.0,296.0,237.6315789473684,inside_visible,1214.6359411764706,243.914,0
smwfiZd8HLc_7508-8408-downsampled,425,1,1168.0,129.0,286.0,312.0,inside_visible,594.844,112.569,1
smwfiZd8HLc_7508-8408-downsampled,425,2,373.0,1.0,296.0,237.8421052631579,inside_visible,1215.5509803921568,243.731,0
smwfiZd8HLc_7508-8408-downsampled,426,1,1168.5,129.0,286.0,312.0,inside_visible,594.844,112.569,1
smwfiZd8HLc_7508-8408-downsampled,426,2,373.0,1.0,296.0,238.05263157894737,inside_visible,1216.4660196078432,243.548,0
smwfiZd8HLc_7508-8408-downsampled,427,1,1169.0,129.0,286.0,312.0,inside_visible,594.844,112.569,1
smwfiZd8HLc_7508-8408-downsampled,427,2,373.0,1.0,296.0,238.26315789473685,inside_visible,1217.3810588235294,243.365,0
smwfiZd8HLc_7508-8408-downsampled,428,1,1169.5,129.0,286.0,312.0,inside_visible,594.844,112.569,1
smwfiZd8HLc_7508-8408-downsampled,428,2,373.0,1.0,296.0,238.47368421052636,inside_visible,1218.2960980392156,243.182,0
smwfiZd8HLc_7508-8408-downsampled,429,1,1170.0,129.0,286.0,312.0,inside_visible,594.844,112.569,1
smwfiZd8HLc_7508-8408-downsampled,429,2,373.0,1.0,296.0,238.68421052631575,inside_visible,1219.211137254902,242.999,0
smwfiZd8HLc_7508-8408-downsampled,430,1,1170.5,129.0,286.0,312.0,inside_visible,594.844,112.569,1
smwfiZd8HLc_7508-8408-downsampled,430,2,373.0,1.0,296.0,238.8947368421053,inside_visible,1220.1261764705882,242.816,0
smwfiZd8HLc_7508-8408-downsampled,431,1,1171.0,129.0,286.0,312.0,inside_visible,594.844,112.569,1
smwfiZd8HLc_7508-8408-downsampled,431,2,373.0,1.0,296.0,239.10526315789477,inside_visible,1221.0412156862749,242.633,0
smwfiZd8HLc_7508-8408-downsampled,432,1,1171.5,129.0,286.0,312.0,inside_visible,594.844,112.569,1
smwfiZd8HLc_7508-8408-downsampled,432,2,373.0,1.0,296.0,239.31578947368425,inside_visible,1221.9562549019608,242.45,0
smwfiZd8HLc_7508-8408-downsampled,433,1,1172.0,129.0,286.0,312.0,inside_visible,594.844,112.569,1
smwfiZd8HLc_7508-8408-downsampled,433,2,373.0,1.0,296.0,239.52631578947367,inside_visible,1222.871294117647,242.267,0
smwfiZd8HLc_7508-8408-downsampled,434,1,1173.0,129.3846153846154,286.0,312.0,inside_visible,594.844,112.569,1
smwfiZd8HLc_7508-8408-downsampled,434,2,373.0,1.0,296.0,239.73684210526315,inside_visible,1223.7863333333337,242.084,0
smwfiZd8HLc_7508-8408-downsampled,435,1,1174.0,129.76923076923077,286.0,312.0,inside_visible,594.844,112.569,1
smwfiZd8HLc_7508-8408-downsampled,435,2,373.0,1.0,296.0,239.94736842105263,inside_visible,1224.7013725490197,241.901,0
smwfiZd8HLc_7508-8408-downsampled,436,1,1175.0,130.15384615384616,286.0,312.0,inside_visible,594.844,112.569,1
smwfiZd8HLc_7508-8408-downsampled,436,2,373.0,1.0,296.0,240.1578947368421,inside_visible,1225.6164117647058,241.718,0
smwfiZd8HLc_7508-8408-downsampled,437,1,1176.0,130.53846153846155,286.0,312.0,inside_visible,594.844,112.569,1
smwfiZd8HLc_7508-8408-downsampled,437,2,373.0,1.0,296.0,240.3684210526316,inside_visible,1226.5314509803925,241.53500000000005,0
smwfiZd8HLc_7508-8408-downsampled,438,1,1177.0,130.92307692307693,286.0,312.0,inside_visible,594.844,112.569,1
smwfiZd8HLc_7508-8408-downsampled,438,2,373.0,1.0,296.0,240.57894736842104,inside_visible,1227.4464901960785,241.352,0
smwfiZd8HLc_7508-8408-downsampled,439,1,1178.0,131.30769230769232,286.0,312.0,inside_visible,594.844,112.569,1
smwfiZd8HLc_7508-8408-downsampled,439,2,373.0,1.0,296.0,240.7894736842105,inside_visible,1228.3615294117649,241.169,0
smwfiZd8HLc_7508-8408-downsampled,440,1,1179.0,131.69230769230768,286.0,312.0,inside_visible,594.844,112.569,1
smwfiZd8HLc_7508-8408-downsampled,440,2,373.0,1.0,296.0,241.0,inside_visible,1229.276568627451,240.986,0
smwfiZd8HLc_7508-8408-downsampled,441,1,1180.0,132.07692307692307,286.0,312.0,inside_visible,594.844,112.569,1
smwfiZd8HLc_7508-8408-downsampled,441,2,372.5,0.75,294.75,240.75,inside_visible,1230.1916078431373,240.80300000000005,0
smwfiZd8HLc_7508-8408-downsampled,442,1,1181.0,132.46153846153845,286.0,312.0,inside_visible,594.844,112.569,1
smwfiZd8HLc_7508-8408-downsampled,442,2,372.0,0.5,293.5,240.5,inside_visible,1231.1066470588237,240.62,0
smwfiZd8HLc_7508-8408-downsampled,443,1,1182.0,132.84615384615384,286.0,312.0,inside_visible,594.844,112.569,1
smwfiZd8HLc_7508-8408-downsampled,443,2,371.5,0.25,292.25,240.25,inside_visible,1232.02168627451,240.437,0
smwfiZd8HLc_7508-8408-downsampled,444,1,1183.0,133.23076923076923,286.0,312.0,inside_visible,594.844,112.569,1
smwfiZd8HLc_7508-8408-downsampled,444,2,371.0,0.0,291.0,240.0,inside_visible,1232.936725490196,240.254,0
smwfiZd8HLc_7508-8408-downsampled,445,1,1184.0,133.6153846153846,286.0,312.0,inside_visible,594.844,112.569,1
smwfiZd8HLc_7508-8408-downsampled,445,2,371.0,0.0,291.0,241.14285714285717,inside_visible,1233.8517647058825,240.07100000000003,0
smwfiZd8HLc_7508-8408-downsampled,446,1,1185.0,134.0,286.0,312.0,inside_visible,594.844,112.569,1
smwfiZd8HLc_7508-8408-downsampled,446,2,371.0,0.0,291.0,242.28571428571428,inside_visible,1234.766803921569,239.888,0
smwfiZd8HLc_7508-8408-downsampled,447,1,1186.4,133.4,282.79999999999995,311.4,inside_visible,594.844,112.569,1
smwfiZd8HLc_7508-8408-downsampled,447,2,371.0,0.0,291.0,243.42857142857144,inside_visible,1235.6818431372549,239.705,0
smwfiZd8HLc_7508-8408-downsampled,448,1,1187.8,132.8,279.60000000000014,310.8,inside_visible,594.844,112.569,1
smwfiZd8HLc_7508-8408-downsampled,448,2,371.0,0.0,291.0,244.57142857142856,inside_visible,1236.5968823529413,239.522,0
smwfiZd8HLc_7508-8408-downsampled,449,1,1189.2,132.2,276.39999999999986,310.2,inside_visible,594.844,112.569,1
smwfiZd8HLc_7508-8408-downsampled,449,2,371.0,0.0,291.0,245.7142857142857,inside_visible,1237.5119215686277,239.339,0
smwfiZd8HLc_7508-8408-downsampled,450,1,1190.6,131.6,273.20000000000005,309.6,inside_visible,594.844,112.569,1
smwfiZd8HLc_7508-8408-downsampled,450,2,371.0,0.0,291.0,246.8571428571429,inside_visible,1238.426960784314,239.156,0
smwfiZd8HLc_7508-8408-downsampled,451,1,1192.0,131.0,270.0,309.0,inside_visible,594.844,112.569,1
smwfiZd8HLc_7508-8408-downsampled,451,2,371.0,0.0,291.0,248.0,inside_visible,1239.342,238.973,0
