clip,frame,person_id,bbox_x,bbox_y,bbox_width,bbox_height,gaze_class,gaze_x,gaze_y,is_child
smwfiZd8HLc_8799-10332-downsampled,1,1,1170.0,108.0,307.0,335.0,inside_visible,800.682,585.768,1
smwfiZd8HLc_8799-10332-downsampled,1,2,342.0,0.0,328.0,260.0,inside_visible,1250.682,211.768,0
smwfiZd8HLc_8799-10332-downsampled,2,1,1170.0,109.47058823529412,307.0,333.52941176470586,inside_visible,800.682,585.6225454545455,1
smwfiZd8HLc_8799-10332-downsampled,2,2,341.1666666666667,0.0,327.99999999999994,260.0,inside_visible,1247.215333333333,217.43466666666663,0
smwfiZd8HLc_8799-10332-downsampled,3,1,1170.0,110.94117647058825,307.0,332.05882352941177,inside_visible,800.682,585.477090909091,1
smwfiZd8HLc_8799-10332-downsampled,3,2,340.3333333333333,0.0,328.00000000000006,260.0,inside_visible,1243.7486666666666,223.1013333333333,0
smwfiZd8HLc_8799-10332-downsampled,4,1,1170.0,112.41176470588236,307.0,330.5882352941177,inside_visible,800.682,585.3316363636364,1
smwfiZd8HLc_8799-10332-downsampled,4,2,339.5,0.0,328.0,260.0,inside_visible,1240.282,228.768,0
smwfiZd8HLc_8799-10332-downsampled,5,1,1170.0,113.88235294117646,307.0,329.11764705882354,inside_visible,800.682,585.1861818181818,1
smwfiZd8HLc_8799-10332-downsampled,5,2,338.6666666666667,0.0,327.99999999999994,260.0,inside_visible,1236.8153333333332,234.43466666666663,0
smwfiZd8HLc_8799-10332-downsampled,6,1,1170.0,115.3529411764706,307.0,327.6470588235294,inside_visible,800.682,585.0407272727273,1
smwfiZd8HLc_8799-10332-downsampled,6,2,337.8333333333333,0.0,328.00000000000006,260.0,inside_visible,1233.3486666666668,240.1013333333333,0
smwfiZd8HLc_8799-10332-downsampled,7,1,1170.0,116.82352941176472,307.0,326.1764705882353,inside_visible,800.682,584.8952727272728,1
smwfiZd8HLc_8799-10332-downsampled,7,2,337.0,0.0,328.0,260.0,inside_visible,1229.882,245.768,0
smwfiZd8HLc_8799-10332-downsampled,8,1,1170.0,118.29411764705884,307.0,324.7058823529412,inside_visible,800.682,584.7498181818182,1
smwfiZd8HLc_8799-10332-downsampled,8,2,336.1666666666667,0.0,327.99999999999994,260.0,inside_visible,1226.4153333333334,251.43466666666663,0
smwfiZd8HLc_8799-10332-downsampled,9,1,1170.0,119.76470588235294,307.0,323.2352941176471,inside_visible,800.682,584.6043636363637,1
smwfiZd8HLc_8799-10332-downsampled,9,2,335.3333333333333,0.0,328.00000000000006,260.0,inside_visible,1222.948666666667,257.1013333333333,0
smwfiZd8HLc_8799-10332-downsampled,10,1,1170.0,121.23529411764706,307.0,321.7647058823529,inside_visible,800.682,584.4589090909092,1
smwfiZd8HLc_8799-10332-downsampled,10,2,334.5,0.0,328.0,260.0,inside_visible,1219.482,262.768,0
smwfiZd8HLc_8799-10332-downsampled,11,1,1170.0,122.70588235294116,307.0,320.29411764705884,inside_visible,800.682,584.3134545454545,1
smwfiZd8HLc_8799-10332-downsampled,11,2,333.6666666666667,0.0,327.99999999999994,260.0,inside_visible,802.682,581.768,0
smwfiZd8HLc_8799-10332-downsampled,12,1,1170.0,124.17647058823528,307.0,318.8235294117647,inside_visible,800.682,584.168,1
smwfiZd8HLc_8799-10332-downsampled,12,2,332.8333333333333,0.0,328.00000000000006,260.0,inside_visible,802.3007692307692,581.3644230769231,0
smwfiZd8HLc_8799-10332-downsampled,13,1,1170.0,125.64705882352942,307.0,317.3529411764706,inside_visible,800.682,584.0225454545455,1
smwfiZd8HLc_8799-10332-downsampled,13,2,332.0,0.0,328.0,260.0,inside_visible,801.9195384615384,580.9608461538462,0
smwfiZd8HLc_8799-10332-downsampled,14,1,1170.0,127.11764705882354,307.0,315.88235294117646,inside_visible,800.682,583.877090909091,1
smwfiZd8HLc_8799-10332-downsampled,14,2,331.1666666666667,0.0,327.99999999999994,260.0,inside_visible,801.5383076923077,580.5572692307693,0
smwfiZd8HLc_8799-10332-downsampled,15,1,1170.0,128.58823529411765,307.0,314.4117647058823,inside_visible,800.682,583.7316363636364,1
smwfiZd8HLc_8799-10332-downsampled,15,2,330.3333333333333,0.0,328.00000000000006,260.0,inside_visible,801.1570769230769,580.1536923076924,0
smwfiZd8HLc_8799-10332-downsampled,16,1,1170.0,130.05882352941177,307.0,312.94117647058823,inside_visible,800.682,583.5861818181819,1
smwfiZd8HLc_8799-10332-downsampled,16,2,329.5,0.0,328.0,260.0,inside_visible,800.7758461538461,579.7501153846154,0
smwfiZd8HLc_8799-10332-downsampled,17,1,1170.0,131.52941176470588,307.0,311.47058823529414,inside_visible,800.682,583.4407272727273,1
smwfiZd8HLc_8799-10332-downsampled,17,2,328.6666666666667,0.0,327.99999999999994,260.0,inside_visible,800.3946153846153,579.3465384615384,0
smwfiZd8HLc_8799-10332-downsampled,18,1,1170.0,133.0,307.0,310.0,inside_visible,800.682,583.2952727272727,1
smwfiZd8HLc_8799-10332-downsampled,18,2,327.8333333333333,0.0,328.00000000000006,260.0,inside_visible,800.0133846153847,578.9429615384615,0
smwfiZd8HLc_8799-10332-downsampled,19,1,1169.892857142857,133.32142857142858,307.7857142857142,310.0,inside_visible,800.682,583.1498181818182,1
smwfiZd8HLc_8799-10332-downsampled,19,2,327.0,0.0,328.0,260.0,inside_visible,799.6321538461539,578.5393846153846,0
smwfiZd8HLc_8799-10332-downsampled,20,1,1169.7857142857142,133.64285714285714,308.57142857142867,310.0,inside_visible,800.682,583.0043636363637,1
smwfiZd8HLc_8799-10332-downsampled,20,2,327.7894736842105,0.0,327.2105263157895,259.3684210526316,inside_visible,799.2509230769231,578.1358076923077,0
smwfiZd8HLc_8799-10332-downsampled,21,1,1169.678571428571,133.96428571428572,309.3571428571429,310.0,inside_visible,800.682,582.8589090909092,1
smwfiZd8HLc_8799-10332-downsampled,21,2,328.57894736842104,0.0,326.42105263157896,258.7368421052632,inside_visible,798.8696923076923,577.7322307692308,0
smwfiZd8HLc_8799-10332-downsampled,22,1,1169.571428571429,134.28571428571428,310.1428571428571,310.0,inside_visible,800.682,582.7134545454546,1
smwfiZd8HLc_8799-10332-downsampled,22,2,329.3684210526316,0.0,325.63157894736844,258.10526315789474,inside_visible,798.4884615384616,577.3286538461539,0
smwfiZd8HLc_8799-10332-downsampled,23,1,1169.4642857142858,134.60714285714286,310.92857142857133,310.0,inside_visible,800.682,582.568,1
smwfiZd8HLc_8799-10332-downsampled,23,2,330.1578947368421,0.0,324.8421052631579,257.4736842105263,inside_visible,798.1072307692308,576.925076923077,0
smwfiZd8HLc_8799-10332-downsampled,24,1,1169.357142857143,134.92857142857142,311.7142857142858,310.0,inside_visible,800.682,582.4225454545455,1
smwfiZd8HLc_8799-10332-downsampled,24,2,330.94736842105266,0.0,324.05263157894734,256.8421052631579,inside_visible,797.726,576.5215000000001,0
smwfiZd8HLc_8799-10332-downsampled,25,1,1169.25,135.25,312.5,310.0,inside_visible,800.682,582.2770909090909,1
smwfiZd8HLc_8799-10332-downsampled,25,2,331.7368421052632,0.0,323.2631578947368,256.2105263157895,inside_visible,797.3447692307692,576.117923076923,0
smwfiZd8HLc_8799-10332-downsampled,26,1,1169.142857142857,135.57142857142858,313.2857142857142,310.0,inside_visible,800.682,582.1316363636364,1
smwfiZd8HLc_8799-10332-downsampled,26,2,332.5263157894737,0.0,322.4736842105263,255.57894736842104,inside_visible,796.9635384615384,575.7143461538461,0
smwfiZd8HLc_8799-10332-downsampled,27,1,1169.0357142857142,135.89285714285714,314.07142857142867,310.0,inside_visible,800.682,581.9861818181819,1
smwfiZd8HLc_8799-10332-downsampled,27,2,333.3157894736842,0.0,321.6842105263158,254.94736842105263,inside_visible,796.5823076923077,575.3107692307692,0
smwfiZd8HLc_8799-10332-downsampled,28,1,1168.928571428571,136.21428571428572,314.8571428571429,310.0,inside_visible,800.682,581.8407272727273,1
smwfiZd8HLc_8799-10332-downsampled,28,2,334.10526315789474,0.0,320.89473684210526,254.31578947368425,inside_visible,796.2010769230769,574.9071923076923,0
smwfiZd8HLc_8799-10332-downsampled,29,1,1168.821428571429,136.53571428571428,315.6428571428571,310.0,inside_visible,800.682,581.6952727272727,1
smwfiZd8HLc_8799-10332-downsampled,29,2,334.89473684210526,0.0,320.10526315789474,253.68421052631575,inside_visible,795.8198461538461,574.5036153846154,0
smwfiZd8HLc_8799-10332-downsampled,30,1,1168.7142857142858,136.85714285714286,316.42857142857133,310.0,inside_visible,800.682,581.5498181818182,1
smwfiZd8HLc_8799-10332-downsampled,30,2,335.6842105263158,0.0,319.3157894736842,253.05263157894737,inside_visible,795.4386153846153,574.1000384615385,0
smwfiZd8HLc_8799-10332-downsampled,31,1,1168.607142857143,137.17857142857142,317.2142857142858,310.0,inside_visible,800.682,581.4043636363637,1
smwfiZd8HLc_8799-10332-downsampled,31,2,336.4736842105263,0.0,318.5263157894737,252.42105263157896,inside_visible,795.0573846153846,573.6964615384616,0
smwfiZd8HLc_8799-10332-downsampled,32,1,1168.5,137.5,318.0,310.0,inside_visible,800.682,581.2589090909091,1
smwfiZd8HLc_8799-10332-downsampled,32,2,337.2631578947368,0.0,317.7368421052632,251.7894736842105,inside_visible,794.6761538461539,573.2928846153847,0
smwfiZd8HLc_8799-10332-downsampled,33,1,1168.392857142857,137.82142857142858,318.7857142857142,310.0,inside_visible,800.682,581.1134545454546,1
smwfiZd8HLc_8799-10332-downsampled,33,2,338.05263157894734,0.0,316.94736842105266,251.1578947368421,inside_visible,794.294923076923,572.8893076923076,0
smwfiZd8HLc_8799-10332-downsampled,34,1,1168.2857142857142,138.14285714285714,319.57142857142867,310.0,inside_visible,800.682,580.9680000000001,1
smwfiZd8HLc_8799-10332-downsampled,34,2,338.8421052631579,0.0,316.1578947368421,250.5263157894737,inside_visible,793.9136923076923,572.4857307692307,0
smwfiZd8HLc_8799-10332-downsampled,35,1,1168.178571428571,138.46428571428572,320.3571428571429,310.0,inside_visible,800.682,580.8225454545454,1
smwfiZd8HLc_8799-10332-downsampled,35,2,339.63157894736844,0.0,315.3684210526316,249.8947368421053,inside_visible,793.5324615384616,572.0821538461538,0
smwfiZd8HLc_8799-10332-downsampled,36,1,1168.071428571429,138.78571428571428,321.1428571428571,310.0,inside_visible,800.682,580.6770909090909,1
smwfiZd8HLc_8799-10332-downsampled,36,2,340.42105263157896,0.0,314.57894736842104,249.26315789473685,inside_visible,793.1512307692308,571.6785769230769,0
smwfiZd8HLc_8799-10332-downsampled,37,1,1167.9642857142858,139.10714285714286,321.92857142857133,310.0,inside_visible,800.682,580.5316363636364,1
smwfiZd8HLc_8799-10332-downsampled,37,2,341.2105263157895,0.0,313.7894736842105,248.6315789473684,inside_visible,792.77,571.275,0
smwfiZd8HLc_8799-10332-downsampled,38,1,1167.857142857143,139.42857142857142,322.7142857142858,310.0,inside_visible,800.682,580.3861818181819,1
smwfiZd8HLc_8799-10332-downsampled,38,2,342.0,0.0,313.0,248.0,inside_visible,891.927,334.718,0
smwfiZd8HLc_8799-10332-downsampled,39,1,1167.75,139.75,323.5,310.0,inside_visible,800.682,580.2407272727273,1
smwfiZd8HLc_8799-10332-downsampled,39,2,342.8181818181818,0.0,313.00000000000006,248.0,inside_visible,891.084,342.16,0
smwfiZd8HLc_8799-10332-downsampled,40,1,1167.642857142857,140.07142857142858,324.2857142857142,310.0,inside_visible,800.682,580.0952727272728,1
smwfiZd8HLc_8799-10332-downsampled,40,2,343.6363636363636,0.0,313.0,248.0,inside_visible,848.67,389.531,0
smwfiZd8HLc_8799-10332-downsampled,41,1,1167.5357142857142,140.39285714285714,325.07142857142867,310.0,inside_visible,800.682,579.9498181818182,1
smwfiZd8HLc_8799-10332-downsampled,41,2,344.45454545454544,0.0,313.00000000000006,248.0,inside_visible,836.7294999999999,413.4555,0
smwfiZd8HLc_8799-10332-downsampled,42,1,1167.428571428571,140.71428571428572,325.8571428571429,310.0,inside_visible,800.682,579.8043636363636,1
smwfiZd8HLc_8799-10332-downsampled,42,2,345.27272727272725,0.0,313.0,248.0,inside_visible,824.789,437.38,0
smwfiZd8HLc_8799-10332-downsampled,43,1,1167.321428571429,141.03571428571428,326.6428571428571,310.0,inside_visible,800.682,579.6589090909091,1
smwfiZd8HLc_8799-10332-downsampled,43,2,346.09090909090907,0.0,313.00000000000006,248.0,inside_visible,1258.789,231.38,0
smwfiZd8HLc_8799-10332-downsampled,44,1,1167.2142857142858,141.35714285714286,327.42857142857133,310.0,inside_visible,800.682,579.5134545454546,1
smwfiZd8HLc_8799-10332-downsampled,44,2,346.90909090909093,0.0,312.99999999999994,248.0,inside_visible,1252.9556666666667,239.54666666666665,0
smwfiZd8HLc_8799-10332-downsampled,45,1,1167.107142857143,141.67857142857142,328.2142857142858,310.0,inside_visible,800.682,579.368,1
smwfiZd8HLc_8799-10332-downsampled,45,2,347.72727272727275,0.0,313.0,248.0,inside_visible,1247.1223333333332,247.7133333333333,0
smwfiZd8HLc_8799-10332-downsampled,46,1,1167.0,142.0,329.0,310.0,inside_visible,800.682,579.2225454545455,1
smwfiZd8HLc_8799-10332-downsampled,46,2,348.54545454545456,0.0,312.99999999999994,248.0,inside_visible,1241.289,255.88,0
smwfiZd8HLc_8799-10332-downsampled,47,1,1182.0,148.0,329.0,310.0,inside_visible,800.682,579.0770909090909,1
smwfiZd8HLc_8799-10332-downsampled,47,2,349.3636363636364,0.0,313.0,248.0,inside_visible,784.789,581.38,0
smwfiZd8HLc_8799-10332-downsampled,48,1,1188.3333333333333,148.0,329.0,310.0,inside_visible,800.682,578.9316363636364,1
smwfiZd8HLc_8799-10332-downsampled,48,2,350.1818181818182,0.0,312.99999999999994,248.0,inside_visible,787.5368333333333,573.7989166666666,0
smwfiZd8HLc_8799-10332-downsampled,49,1,1194.6666666666667,148.0,329.0,310.0,inside_visible,800.682,578.7861818181818,1
smwfiZd8HLc_8799-10332-downsampled,49,2,351.0,0.0,313.0,248.0,inside_visible,790.2846666666667,566.2178333333334,0
smwfiZd8HLc_8799-10332-downsampled,50,1,1201.0,148.0,329.0,310.0,inside_visible,800.682,578.6407272727273,1
smwfiZd8HLc_8799-10332-downsampled,50,2,351.0,0.0,313.0,249.0,inside_visible,793.0325,558.63675,0
smwfiZd8HLc_8799-10332-downsampled,51,1,1202.5,154.0,329.0,310.0,inside_visible,800.682,578.4952727272728,1
smwfiZd8HLc_8799-10332-downsampled,51,2,351.0,0.0,313.0,250.0,inside_visible,795.7803333333334,551.0556666666666,0
smwfiZd8HLc_8799-10332-downsampled,52,1,1204.0,160.0,329.0,310.0,inside_visible,800.682,578.3498181818183,1
smwfiZd8HLc_8799-10332-downsampled,52,2,351.0,0.0,313.0,251.0,inside_visible,798.5281666666667,543.4745833333333,0
smwfiZd8HLc_8799-10332-downsampled,53,1,1205.8,160.0,329.0,313.0,inside_visible,800.682,578.2043636363636,1
smwfiZd8HLc_8799-10332-downsampled,53,2,351.0,0.0,313.0,252.0,inside_visible,801.2760000000001,535.8935,0
smwfiZd8HLc_8799-10332-downsampled,54,1,1207.6,160.0,329.0,316.0,inside_visible,800.682,578.0589090909091,1
smwfiZd8HLc_8799-10332-downsampled,54,2,351.0,0.0,313.0,253.0,inside_visible,804.0238333333333,528.3124166666666,0
smwfiZd8HLc_8799-10332-downsampled,55,1,1209.4,160.0,329.0,319.0,inside_visible,800.682,577.9134545454546,1
smwfiZd8HLc_8799-10332-downsampled,55,2,351.0,0.0,313.0,254.0,inside_visible,806.7716666666666,520.7313333333333,0
smwfiZd8HLc_8799-10332-downsampled,56,1,1211.2,160.0,329.0,322.0,inside_visible,800.682,577.768,1
smwfiZd8HLc_8799-10332-downsampled,56,2,350.890243902439,0.0,313.0,254.0,inside_visible,809.5195,513.15025,0
smwfiZd8HLc_8799-10332-downsampled,57,1,1213.0,160.0,329.0,325.0,inside_visible,797.3486666666666,553.768,1
smwfiZd8HLc_8799-10332-downsampled,57,2,350.780487804878,0.0,313.0,254.0,inside_visible,812.2673333333333,505.56916666666666,0
smwfiZd8HLc_8799-10332-downsampled,58,1,1216.0,161.5,329.0,325.0,inside_visible,794.0153333333334,529.768,1
smwfiZd8HLc_8799-10332-downsampled,58,2,350.6707317073171,0.0,312.99999999999994,254.0,inside_visible,815.0151666666667,497.9880833333333,0
smwfiZd8HLc_8799-10332-downsampled,59,1,1219.0,163.0,329.0,325.0,inside_visible,790.682,505.768,1
smwfiZd8HLc_8799-10332-downsampled,59,2,350.5609756097561,0.0,312.99999999999994,254.0,inside_visible,817.763,490.407,0
smwfiZd8HLc_8799-10332-downsampled,60,1,1222.0,164.5,329.0,325.0,inside_visible,788.682,488.768,1
smwfiZd8HLc_8799-10332-downsampled,60,2,350.4512195121951,0.0,313.00000000000006,254.0,inside_visible,815.0963333333334,484.407,0
smwfiZd8HLc_8799-10332-downsampled,61,1,1225.0,166.0,329.0,325.0,inside_visible,786.682,471.768,1
smwfiZd8HLc_8799-10332-downsampled,61,2,350.3414634146341,0.0,313.00000000000006,254.0,inside_visible,812.4296666666667,478.407,0
smwfiZd8HLc_8799-10332-downsampled,62,1,1226.7142857142858,165.57142857142858,329.0,325.0,inside_visible,803.3486666666666,466.43466666666666,1
smwfiZd8HLc_8799-10332-downsampled,62,2,350.2317073170732,0.0,313.0,254.0,inside_visible,809.763,472.407,0
smwfiZd8HLc_8799-10332-downsampled,63,1,1228.428571428571,165.14285714285714,329.0,325.0,inside_visible,820.0153333333334,461.1013333333333,1
smwfiZd8HLc_8799-10332-downsampled,63,2,350.1219512195122,0.0,313.0,254.0,inside_visible,807.763,457.407,0
smwfiZd8HLc_8799-10332-downsampled,64,1,1230.142857142857,164.71428571428572,329.0,325.0,inside_visible,836.682,455.768,1
smwfiZd8HLc_8799-10332-downsampled,64,2,350.0121951219512,0.0,313.0,254.0,inside_visible,805.763,442.407,0
smwfiZd8HLc_8799-10332-downsampled,65,1,1231.857142857143,164.28571428571428,329.0,325.0,inside_visible,837.2534285714286,455.4822857142857,1
smwfiZd8HLc_8799-10332-downsampled,65,2,349.9024390243902,0.0,313.0,254.0,inside_visible,807.4296666666667,443.3593333333333,0
smwfiZd8HLc_8799-10332-downsampled,66,1,1233.571428571429,163.85714285714286,329.0,325.0,inside_visible,837.8248571428571,455.1965714285714,1
smwfiZd8HLc_8799-10332-downsampled,66,2,349.7926829268293,0.0,312.99999999999994,254.0,inside_visible,809.0963333333334,444.31166666666667,0
smwfiZd8HLc_8799-10332-downsampled,67,1,1235.2857142857142,163.42857142857142,329.0,325.0,inside_visible,838.3962857142857,454.91085714285714,1
smwfiZd8HLc_8799-10332-downsampled,67,2,349.6829268292683,0.0,312.99999999999994,254.0,inside_visible,810.763,445.264,0
smwfiZd8HLc_8799-10332-downsampled,68,1,1237.0,163.0,329.0,325.0,inside_visible,838.9677142857144,454.6251428571428,1
smwfiZd8HLc_8799-10332-downsampled,68,2,349.5731707317073,0.0,313.00000000000006,254.0,inside_visible,812.4296666666667,446.2163333333333,0
smwfiZd8HLc_8799-10332-downsampled,69,1,1237.0,161.66666666666666,329.0,325.0,inside_visible,839.5391428571429,454.3394285714285,1
smwfiZd8HLc_8799-10332-downsampled,69,2,349.4634146341463,0.0,313.00000000000006,254.0,inside_visible,814.0963333333334,447.1686666666666,0
smwfiZd8HLc_8799-10332-downsampled,70,1,1237.0,160.33333333333334,329.0,325.0,inside_visible,840.1105714285715,454.0537142857143,1
smwfiZd8HLc_8799-10332-downsampled,70,2,349.3536585365854,0.0,313.0,254.0,inside_visible,815.763,448.121,0
smwfiZd8HLc_8799-10332-downsampled,71,1,1237.0,159.0,329.0,325.0,inside_visible,840.682,453.768,1
smwfiZd8HLc_8799-10332-downsampled,71,2,349.2439024390244,0.0,313.0,254.0,inside_visible,1323.763,248.407,0
smwfiZd8HLc_8799-10332-downsampled,72,1,1237.0,157.66666666666666,329.0,325.0,inside_visible,841.2534285714286,453.4822857142857,1
smwfiZd8HLc_8799-10332-downsampled,72,2,349.1341463414634,0.0,313.0,254.0,inside_visible,1323.2236739130435,248.81419565217396,0
smwfiZd8HLc_8799-10332-downsampled,73,1,1237.0,156.33333333333334,329.0,325.0,inside_visible,841.8248571428571,453.1965714285714,1
smwfiZd8HLc_8799-10332-downsampled,73,2,349.0243902439024,0.0,313.0,254.0,inside_visible,1322.6843478260869,249.22139130434783,0
smwfiZd8HLc_8799-10332-downsampled,74,1,1237.0,155.0,329.0,325.0,inside_visible,842.3962857142857,452.91085714285714,1
smwfiZd8HLc_8799-10332-downsampled,74,2,348.9146341463415,0.0,312.99999999999994,254.0,inside_visible,1322.1450217391302,249.62858695652176,0
smwfiZd8HLc_8799-10332-downsampled,75,1,1237.0,153.66666666666666,329.0,325.0,inside_visible,842.9677142857144,452.6251428571428,1
smwfiZd8HLc_8799-10332-downsampled,75,2,348.8048780487805,0.0,312.99999999999994,254.0,inside_visible,1321.6056956521738,250.03578260869563,0
smwfiZd8HLc_8799-10332-downsampled,76,1,1237.0,152.33333333333334,329.0,325.0,inside_visible,843.5391428571429,452.3394285714285,1
smwfiZd8HLc_8799-10332-downsampled,76,2,348.6951219512195,0.0,313.00000000000006,254.0,inside_visible,1321.0663695652174,250.4429782608696,0
smwfiZd8HLc_8799-10332-downsampled,77,1,1237.0,151.0,329.0,325.0,inside_visible,844.1105714285715,452.0537142857143,1
smwfiZd8HLc_8799-10332-downsampled,77,2,348.5853658536585,0.0,313.00000000000006,254.0,inside_visible,1320.5270434782608,250.85017391304348,0
smwfiZd8HLc_8799-10332-downsampled,78,1,1236.55,150.85,329.0,325.0,inside_visible,844.682,451.768,1
smwfiZd8HLc_8799-10332-downsampled,78,2,348.4756097560976,0.0,313.0,254.0,inside_visible,1319.9877173913042,251.2573695652174,0
smwfiZd8HLc_8799-10332-downsampled,79,1,1236.1,150.7,329.0,325.0,inside_visible,845.2534285714286,451.4822857142857,1
smwfiZd8HLc_8799-10332-downsampled,79,2,348.3658536585366,0.0,313.0,254.0,inside_visible,1319.4483913043478,251.6645652173913,0
smwfiZd8HLc_8799-10332-downsampled,80,1,1235.65,150.55,329.0,325.0,inside_visible,845.8248571428571,451.1965714285714,1
smwfiZd8HLc_8799-10332-downsampled,80,2,348.2560975609756,0.0,313.0,254.0,inside_visible,1318.9090652173911,252.0717608695652,0
smwfiZd8HLc_8799-10332-downsampled,81,1,1235.2,150.4,329.0,325.0,inside_visible,846.3962857142857,450.91085714285714,1
smwfiZd8HLc_8799-10332-downsampled,81,2,348.1463414634146,0.0,313.0,254.0,inside_visible,1318.3697391304347,252.47895652173912,0
smwfiZd8HLc_8799-10332-downsampled,82,1,1234.75,150.25,329.0,325.0,inside_visible,846.9677142857144,450.6251428571428,1
smwfiZd8HLc_8799-10332-downsampled,82,2,348.0365853658537,0.0,312.99999999999994,254.0,inside_visible,1317.830413043478,252.88615217391305,0
smwfiZd8HLc_8799-10332-downsampled,83,1,1234.3,150.1,329.0,325.0,inside_visible,847.5391428571429,450.3394285714285,1
smwfiZd8HLc_8799-10332-downsampled,83,2,347.9268292682927,0.0,312.99999999999994,254.0,inside_visible,1317.2910869565217,253.29334782608697,0
smwfiZd8HLc_8799-10332-downsampled,84,1,1233.85,149.95,329.0,325.0,inside_visible,848.1105714285715,450.0537142857143,1
smwfiZd8HLc_8799-10332-downsampled,84,2,347.8170731707317,0.0,313.00000000000006,254.0,inside_visible,1316.7517608695653,253.70054347826087,0
smwfiZd8HLc_8799-10332-downsampled,85,1,1233.4,149.8,329.0,325.0,inside_visible,848.682,449.768,1
smwfiZd8HLc_8799-10332-downsampled,85,2,347.7073170731707,0.0,313.00000000000006,254.0,inside_visible,1316.2124347826086,254.1077391304348,0
smwfiZd8HLc_8799-10332-downsampled,86,1,1232.95,149.65,329.0,325.0,inside_visible,849.8820000000001,446.568,1
smwfiZd8HLc_8799-10332-downsampled,86,2,347.5975609756098,0.0,313.0,254.0,inside_visible,1315.673108695652,254.5149347826087,0
smwfiZd8HLc_8799-10332-downsampled,87,1,1232.5,149.5,329.0,325.0,inside_visible,851.082,443.368,1
smwfiZd8HLc_8799-10332-downsampled,87,2,347.4878048780488,0.0,313.0,254.0,inside_visible,1315.1337826086956,254.92213043478264,0
smwfiZd8HLc_8799-10332-downsampled,88,1,1232.05,149.35,329.0,325.0,inside_visible,852.282,440.168,1
smwfiZd8HLc_8799-10332-downsampled,88,2,347.3780487804878,0.0,313.0,254.0,inside_visible,1314.5944565217392,255.3293260869565,0
smwfiZd8HLc_8799-10332-downsampled,89,1,1231.6,149.2,329.0,325.0,inside_visible,853.482,436.968,1
smwfiZd8HLc_8799-10332-downsampled,89,2,347.2682926829268,0.0,313.0,254.0,inside_visible,1314.0551304347823,255.73652173913044,0
smwfiZd8HLc_8799-10332-downsampled,90,1,1231.15,149.05,329.0,325.0,inside_visible,854.682,433.768,1
smwfiZd8HLc_8799-10332-downsampled,90,2,347.1585365853659,0.0,312.99999999999994,254.0,inside_visible,1313.515804347826,256.14371739130434,0
smwfiZd8HLc_8799-10332-downsampled,91,1,1230.7,148.9,329.0,325.0,inside_visible,856.9042222222222,435.9902222222222,1
smwfiZd8HLc_8799-10332-downsampled,91,2,347.0487804878049,0.0,312.99999999999994,254.0,inside_visible,1312.9764782608695,256.55091304347826,0
smwfiZd8HLc_8799-10332-downsampled,92,1,1230.25,148.75,329.0,325.0,inside_visible,859.1264444444445,438.2124444444444,1
smwfiZd8HLc_8799-10332-downsampled,92,2,346.9390243902439,0.0,313.00000000000006,254.0,inside_visible,1312.437152173913,256.9581086956522,0
smwfiZd8HLc_8799-10332-downsampled,93,1,1229.8,148.6,329.0,325.0,inside_visible,861.3486666666666,440.43466666666666,1
smwfiZd8HLc_8799-10332-downsampled,93,2,346.8292682926829,0.0,313.00000000000006,254.0,inside_visible,1311.8978260869565,257.36530434782605,0
smwfiZd8HLc_8799-10332-downsampled,94,1,1229.35,148.45,329.0,325.0,inside_visible,863.5708888888889,442.6568888888889,1
smwfiZd8HLc_8799-10332-downsampled,94,2,346.719512195122,0.0,313.0,254.0,inside_visible,1311.3584999999998,257.7725,0
smwfiZd8HLc_8799-10332-downsampled,95,1,1228.9,148.3,329.0,325.0,inside_visible,865.7931111111111,444.8791111111111,1
smwfiZd8HLc_8799-10332-downsampled,95,2,346.609756097561,0.0,313.0,254.0,inside_visible,1310.8191739130434,258.1796956521739,0
smwfiZd8HLc_8799-10332-downsampled,96,1,1228.45,148.15,329.0,325.0,inside_visible,868.0153333333334,447.1013333333333,1
smwfiZd8HLc_8799-10332-downsampled,96,2,346.5,0.0,313.0,254.0,inside_visible,1310.279847826087,258.58689130434783,0
smwfiZd8HLc_8799-10332-downsampled,97,1,1228.0,148.0,329.0,325.0,inside_visible,870.2375555555556,449.3235555555555,1
smwfiZd8HLc_8799-10332-downsampled,97,2,346.390243902439,0.0,313.0,254.0,inside_visible,1309.7405217391304,258.99408695652176,0
smwfiZd8HLc_8799-10332-downsampled,98,1,1227.6341463414635,147.85365853658536,329.0,325.0,inside_visible,872.4597777777778,451.54577777777774,1
smwfiZd8HLc_8799-10332-downsampled,98,2,346.280487804878,0.0,313.0,254.0,inside_visible,1309.2011956521735,259.4012826086956,0
smwfiZd8HLc_8799-10332-downsampled,99,1,1227.2682926829268,147.70731707317074,329.0,325.0,inside_visible,874.682,453.768,1
smwfiZd8HLc_8799-10332-downsampled,99,2,346.1707317073171,0.0,312.99999999999994,254.0,inside_visible,1308.661869565217,259.80847826086955,0
smwfiZd8HLc_8799-10332-downsampled,100,1,1226.9024390243903,147.5609756097561,329.0,325.0,inside_visible,874.182,453.768,1
smwfiZd8HLc_8799-10332-downsampled,100,2,346.0609756097561,0.0,312.99999999999994,254.0,inside_visible,1308.122543478261,260.2156739130435,0
smwfiZd8HLc_8799-10332-downsampled,101,1,1226.5365853658536,147.41463414634146,329.0,325.0,inside_visible,873.682,453.768,1
smwfiZd8HLc_8799-10332-downsampled,101,2,345.9512195121951,0.0,313.00000000000006,254.0,inside_visible,1307.5832173913043,260.6228695652174,0
smwfiZd8HLc_8799-10332-downsampled,102,1,1226.1707317073171,147.26829268292684,329.0,325.0,inside_visible,873.182,453.768,1
smwfiZd8HLc_8799-10332-downsampled,102,2,345.8414634146341,0.0,313.00000000000006,254.0,inside_visible,1307.0438913043477,261.03006521739127,0
smwfiZd8HLc_8799-10332-downsampled,103,1,1225.8048780487804,147.1219512195122,329.0,325.0,inside_visible,872.682,453.768,1
smwfiZd8HLc_8799-10332-downsampled,103,2,345.7317073170732,0.0,313.0,254.0,inside_visible,1306.5045652173912,261.4372608695652,0
smwfiZd8HLc_8799-10332-downsampled,104,1,1225.439024390244,146.97560975609755,329.0,325.0,inside_visible,872.182,453.768,1
smwfiZd8HLc_8799-10332-downsampled,104,2,345.6219512195122,0.0,313.0,254.0,inside_visible,1305.9652391304348,261.8444565217391,0
smwfiZd8HLc_8799-10332-downsampled,105,1,1225.0731707317073,146.82926829268294,329.0,325.0,inside_visible,871.682,453.768,1
smwfiZd8HLc_8799-10332-downsampled,105,2,345.5121951219512,0.0,313.0,254.0,inside_visible,1305.4259130434782,262.25165217391304,0
smwfiZd8HLc_8799-10332-downsampled,106,1,1224.7073170731708,146.6829268292683,329.0,325.0,inside_visible,871.182,453.768,1
smwfiZd8HLc_8799-10332-downsampled,106,2,345.4024390243902,0.0,313.0,254.0,inside_visible,1304.8865869565216,262.65884782608697,0
smwfiZd8HLc_8799-10332-downsampled,107,1,1224.341463414634,146.53658536585365,329.0,325.0,inside_visible,870.682,453.768,1
smwfiZd8HLc_8799-10332-downsampled,107,2,345.2926829268293,0.0,312.99999999999994,254.0,inside_visible,1304.3472608695652,263.06604347826084,0
smwfiZd8HLc_8799-10332-downsampled,108,1,1223.9756097560976,146.390243902439,329.0,325.0,inside_visible,870.182,453.768,1
smwfiZd8HLc_8799-10332-downsampled,108,2,345.1829268292683,0.0,312.99999999999994,254.0,inside_visible,1303.8079347826088,263.4732391304348,0
smwfiZd8HLc_8799-10332-downsampled,109,1,1223.6097560975609,146.2439024390244,329.0,325.0,inside_visible,869.682,453.768,1
smwfiZd8HLc_8799-10332-downsampled,109,2,345.0731707317073,0.0,313.00000000000006,254.0,inside_visible,1303.268608695652,263.8804347826087,0
smwfiZd8HLc_8799-10332-downsampled,110,1,1223.2439024390244,146.09756097560975,329.0,325.0,inside_visible,869.182,453.768,1
smwfiZd8HLc_8799-10332-downsampled,110,2,344.9634146341463,0.0,313.00000000000006,254.0,inside_visible,1302.7292826086957,264.2876304347826,0
smwfiZd8HLc_8799-10332-downsampled,111,1,1222.878048780488,145.9512195121951,329.0,325.0,inside_visible,868.682,453.768,1
smwfiZd8HLc_8799-10332-downsampled,111,2,344.8536585365854,0.0,313.0,254.0,inside_visible,1302.189956521739,264.6948260869565,0
smwfiZd8HLc_8799-10332-downsampled,112,1,1222.5121951219512,145.8048780487805,329.0,325.0,inside_visible,868.182,453.768,1
smwfiZd8HLc_8799-10332-downsampled,112,2,344.7439024390244,0.0,313.0,254.0,inside_visible,1301.650630434783,265.1020217391304,0
smwfiZd8HLc_8799-10332-downsampled,113,1,1222.1463414634147,145.65853658536585,329.0,325.0,inside_visible,867.682,453.768,1
smwfiZd8HLc_8799-10332-downsampled,113,2,344.6341463414634,0.0,313.0,254.0,inside_visible,1301.111304347826,265.50921739130433,0
smwfiZd8HLc_8799-10332-downsampled,114,1,1221.780487804878,145.5121951219512,329.0,325.0,inside_visible,867.182,453.768,1
smwfiZd8HLc_8799-10332-downsampled,114,2,344.5243902439024,0.0,313.0,254.0,inside_visible,1300.5719782608694,265.91641304347826,0
smwfiZd8HLc_8799-10332-downsampled,115,1,1221.4146341463415,145.3658536585366,329.0,325.0,inside_visible,866.682,453.768,1
smwfiZd8HLc_8799-10332-downsampled,115,2,344.4146341463415,0.0,312.99999999999994,254.0,inside_visible,1300.032652173913,266.3236086956521,0
smwfiZd8HLc_8799-10332-downsampled,116,1,1221.0487804878048,145.21951219512195,329.0,325.0,inside_visible,866.182,453.768,1
smwfiZd8HLc_8799-10332-downsampled,116,2,344.3048780487805,0.0,312.99999999999994,254.0,inside_visible,1299.4933260869566,266.73080434782605,0
smwfiZd8HLc_8799-10332-downsampled,117,1,1220.6829268292684,145.0731707317073,329.0,325.0,inside_visible,865.682,453.768,1
smwfiZd8HLc_8799-10332-downsampled,117,2,344.1951219512195,0.0,313.00000000000006,254.0,inside_visible,1298.954,267.138,0
smwfiZd8HLc_8799-10332-downsampled,118,1,1220.3170731707316,144.9268292682927,329.0,325.0,inside_visible,865.182,453.768,1
smwfiZd8HLc_8799-10332-downsampled,118,2,344.0853658536585,0.0,313.00000000000006,254.0,inside_visible,877.458,471.893,0
smwfiZd8HLc_8799-10332-downsampled,119,1,1219.9512195121952,144.78048780487805,329.0,325.0,inside_visible,864.682,453.768,1
smwfiZd8HLc_8799-10332-downsampled,119,2,343.9756097560976,0.0,313.0,254.0,inside_visible,874.3325,475.6301666666666,0
smwfiZd8HLc_8799-10332-downsampled,120,1,1219.5853658536585,144.6341463414634,329.0,325.0,inside_visible,857.482,462.168,1
smwfiZd8HLc_8799-10332-downsampled,120,2,343.8658536585366,0.0,313.0,254.0,inside_visible,871.207,479.3673333333333,0
smwfiZd8HLc_8799-10332-downsampled,121,1,1219.219512195122,144.4878048780488,329.0,325.0,inside_visible,850.282,470.568,1
smwfiZd8HLc_8799-10332-downsampled,121,2,343.7560975609756,0.0,313.0,254.0,inside_visible,868.0815,483.1045,0
smwfiZd8HLc_8799-10332-downsampled,122,1,1218.8536585365853,144.34146341463415,329.0,325.0,inside_visible,843.082,478.968,1
smwfiZd8HLc_8799-10332-downsampled,122,2,343.6463414634146,0.0,313.0,254.0,inside_visible,864.956,486.8416666666666,0
smwfiZd8HLc_8799-10332-downsampled,123,1,1218.4878048780488,144.1951219512195,329.0,325.0,inside_visible,835.8820000000001,487.368,1
smwfiZd8HLc_8799-10332-downsampled,123,2,343.5365853658537,0.0,312.99999999999994,254.0,inside_visible,861.8305,490.5788333333333,0
smwfiZd8HLc_8799-10332-downsampled,124,1,1218.121951219512,144.0487804878049,329.0,325.0,inside_visible,828.682,495.768,1
smwfiZd8HLc_8799-10332-downsampled,124,2,343.4268292682927,0.0,312.99999999999994,254.0,inside_visible,858.705,494.316,0
smwfiZd8HLc_8799-10332-downsampled,125,1,1217.7560975609756,143.90243902439025,329.0,325.0,inside_visible,823.682,504.768,1
smwfiZd8HLc_8799-10332-downsampled,125,2,343.3170731707317,0.0,313.00000000000006,254.0,inside_visible,847.3716666666667,504.98266666666666,0
smwfiZd8HLc_8799-10332-downsampled,126,1,1217.3902439024391,143.7560975609756,329.0,325.0,inside_visible,818.682,513.768,1
smwfiZd8HLc_8799-10332-downsampled,126,2,343.2073170731707,0.0,313.00000000000006,254.0,inside_visible,836.0383333333334,515.6493333333333,0
smwfiZd8HLc_8799-10332-downsampled,127,1,1217.0243902439024,143.609756097561,329.0,325.0,inside_visible,814.682,517.768,1
smwfiZd8HLc_8799-10332-downsampled,127,2,343.0975609756098,0.0,313.0,254.0,inside_visible,824.705,526.316,0
smwfiZd8HLc_8799-10332-downsampled,128,1,1216.658536585366,143.46341463414635,329.0,325.0,inside_visible,810.682,521.768,1
smwfiZd8HLc_8799-10332-downsampled,128,2,342.9878048780488,0.0,313.0,254.0,inside_visible,820.705,532.316,0
smwfiZd8HLc_8799-10332-downsampled,129,1,1216.2926829268292,143.3170731707317,329.0,325.0,inside_visible,806.682,525.768,1
smwfiZd8HLc_8799-10332-downsampled,129,2,342.8780487804878,0.0,313.0,254.0,inside_visible,816.705,538.316,0
smwfiZd8HLc_8799-10332-downsampled,130,1,1215.9268292682927,143.17073170731706,329.0,325.0,inside_visible,815.793,533.768,1
smwfiZd8HLc_8799-10332-downsampled,130,2,342.7682926829268,0.0,313.0,254.0,inside_visible,812.705,544.316,0
smwfiZd8HLc_8799-10332-downsampled,131,1,1215.560975609756,143.02439024390245,329.0,325.0,inside_visible,824.904,541.768,1
smwfiZd8HLc_8799-10332-downsampled,131,2,342.6585365853659,0.0,312.99999999999994,254.0,inside_visible,808.705,550.316,0
smwfiZd8HLc_8799-10332-downsampled,132,1,1215.1951219512196,142.8780487804878,329.0,325.0,inside_visible,834.015,549.768,1
smwfiZd8HLc_8799-10332-downsampled,132,2,342.5487804878049,0.0,312.99999999999994,254.0,inside_visible,808.6140909090909,550.9523636363637,0
smwfiZd8HLc_8799-10332-downsampled,133,1,1214.8292682926829,142.73170731707316,329.0,325.0,inside_visible,829.1261666666667,547.768,1
smwfiZd8HLc_8799-10332-downsampled,133,2,342.4390243902439,0.0,313.00000000000006,254.0,inside_visible,808.5231818181819,551.5887272727273,0
smwfiZd8HLc_8799-10332-downsampled,134,1,1214.4634146341464,142.58536585365854,329.0,325.0,inside_visible,824.2373333333334,545.768,1
smwfiZd8HLc_8799-10332-downsampled,134,2,342.3292682926829,0.0,313.00000000000006,254.0,inside_visible,808.4322727272728,552.2250909090909,0
smwfiZd8HLc_8799-10332-downsampled,135,1,1214.0975609756097,142.4390243902439,329.0,325.0,inside_visible,819.3485000000001,543.768,1
smwfiZd8HLc_8799-10332-downsampled,135,2,342.219512195122,0.0,313.0,254.0,inside_visible,808.3413636363637,552.8614545454545,0
smwfiZd8HLc_8799-10332-downsampled,136,1,1213.7317073170732,142.29268292682926,329.0,325.0,inside_visible,814.4596666666666,541.768,1
smwfiZd8HLc_8799-10332-downsampled,136,2,342.109756097561,0.0,313.0,254.0,inside_visible,808.2504545454545,553.4978181818182,0
smwfiZd8HLc_8799-10332-downsampled,137,1,1213.3658536585365,142.14634146341464,329.0,325.0,inside_visible,809.5708333333333,539.768,1
smwfiZd8HLc_8799-10332-downsampled,137,2,342.0,0.0,313.0,254.0,inside_visible,808.1595454545455,554.1341818181819,0
smwfiZd8HLc_8799-10332-downsampled,138,1,1213.0,142.0,329.0,325.0,inside_visible,804.682,537.768,1
smwfiZd8HLc_8799-10332-downsampled,138,2,342.0,0.0,313.0,254.68,inside_visible,808.0686363636364,554.7705454545455,0
smwfiZd8HLc_8799-10332-downsampled,139,1,1213.3243243243244,142.0810810810811,329.0,325.0,inside_visible,823.7284999999999,548.787,1
smwfiZd8HLc_8799-10332-downsampled,139,2,342.0,0.0,313.0,255.36,inside_visible,807.9777272727273,555.4069090909092,0
smwfiZd8HLc_8799-10332-downsampled,140,1,1213.6486486486488,142.16216216216216,329.0,325.0,inside_visible,842.775,559.806,1
smwfiZd8HLc_8799-10332-downsampled,140,2,342.0,0.0,313.0,256.04,inside_visible,807.8868181818182,556.0432727272728,0
smwfiZd8HLc_8799-10332-downsampled,141,1,1213.972972972973,142.24324324324326,329.0,325.0,inside_visible,840.775,560.806,1
smwfiZd8HLc_8799-10332-downsampled,141,2,342.0,0.0,313.0,256.72,inside_visible,807.7959090909092,556.6796363636364,0
smwfiZd8HLc_8799-10332-downsampled,142,1,1214.2972972972973,142.32432432432432,329.0,325.0,inside_visible,838.775,561.806,1
smwfiZd8HLc_8799-10332-downsampled,142,2,342.0,0.0,313.0,257.4,inside_visible,807.705,557.316,0
smwfiZd8HLc_8799-10332-downsampled,143,1,1214.6216216216217,142.40540540540542,329.0,325.0,inside_visible,836.775,562.806,1
smwfiZd8HLc_8799-10332-downsampled,143,2,342.0,0.0,313.0,258.08,inside_visible,807.6140909090909,557.9523636363637,0
smwfiZd8HLc_8799-10332-downsampled,144,1,1214.945945945946,142.48648648648648,329.0,325.0,inside_visible,834.775,563.806,1
smwfiZd8HLc_8799-10332-downsampled,144,2,342.0,0.0,313.0,258.76,inside_visible,807.5231818181819,558.5887272727273,0
smwfiZd8HLc_8799-10332-downsampled,145,1,1215.2702702702702,142.56756756756758,329.0,325.0,inside_visible,832.775,564.806,1
smwfiZd8HLc_8799-10332-downsampled,145,2,342.0,0.0,313.0,259.44,inside_visible,807.4322727272728,559.2250909090909,0
smwfiZd8HLc_8799-10332-downsampled,146,1,1215.5945945945946,142.64864864864865,329.0,325.0,inside_visible,830.775,565.806,1
smwfiZd8HLc_8799-10332-downsampled,146,2,342.0,0.0,313.0,260.12,inside_visible,807.3413636363637,559.8614545454545,0
smwfiZd8HLc_8799-10332-downsampled,147,1,1215.918918918919,142.72972972972974,329.0,325.0,inside_visible,832.775,568.806,1
smwfiZd8HLc_8799-10332-downsampled,147,2,342.0,0.0,313.0,260.8,inside_visible,807.2504545454545,560.4978181818182,0
smwfiZd8HLc_8799-10332-downsampled,148,1,1216.2432432432431,142.8108108108108,329.0,325.0,inside_visible,834.775,571.806,1
smwfiZd8HLc_8799-10332-downsampled,148,2,342.0,0.0,313.0,261.48,inside_visible,807.1595454545455,561.1341818181819,0
smwfiZd8HLc_8799-10332-downsampled,149,1,1216.5675675675675,142.8918918918919,329.0,325.0,inside_visible,836.775,574.806,1
smwfiZd8HLc_8799-10332-downsampled,149,2,342.0,0.0,313.0,262.16,inside_visible,807.0686363636364,561.7705454545455,0
smwfiZd8HLc_8799-10332-downsampled,150,1,1216.891891891892,142.97297297297297,329.0,325.0,inside_visible,838.775,577.806,1
smwfiZd8HLc_8799-10332-downsampled,150,2,342.0,0.0,313.0,262.84,inside_visible,806.9777272727273,562.4069090909092,0
smwfiZd8HLc_8799-10332-downsampled,151,1,1217.2162162162165,143.05405405405406,329.0,325.0,inside_visible,810.775,527.806,1
smwfiZd8HLc_8799-10332-downsampled,151,2,342.0,0.0,313.0,263.52,inside_visible,806.8868181818182,563.0432727272728,0
smwfiZd8HLc_8799-10332-downsampled,152,1,1217.5405405405406,143.13513513513513,329.0,325.0,inside_visible,808.9416666666666,527.1393333333334,1
smwfiZd8HLc_8799-10332-downsampled,152,2,342.0,0.0,313.0,264.2,inside_visible,806.7959090909092,563.6796363636364,0
smwfiZd8HLc_8799-10332-downsampled,153,1,1217.8648648648648,143.21621621621622,329.0,325.0,inside_visible,807.1083333333333,526.4726666666667,1
smwfiZd8HLc_8799-10332-downsampled,153,2,342.0,0.0,313.0,264.88,inside_visible,806.705,564.316,0
smwfiZd8HLc_8799-10332-downsampled,154,1,1218.1891891891892,143.2972972972973,329.0,325.0,inside_visible,805.275,525.806,1
smwfiZd8HLc_8799-10332-downsampled,154,2,342.0,0.0,313.0,265.56,inside_visible,805.705,572.4826666666667,0
smwfiZd8HLc_8799-10332-downsampled,155,1,1218.5135135135135,143.3783783783784,329.0,325.0,inside_visible,803.4416666666666,525.1393333333334,1
smwfiZd8HLc_8799-10332-downsampled,155,2,342.0,0.0,313.0,266.24,inside_visible,804.705,580.6493333333334,0
smwfiZd8HLc_8799-10332-downsampled,156,1,1218.837837837838,143.45945945945945,329.0,325.0,inside_visible,801.6083333333333,524.4726666666667,1
smwfiZd8HLc_8799-10332-downsampled,156,2,342.0,0.0,313.0,266.92,inside_visible,803.705,588.816,0
smwfiZd8HLc_8799-10332-downsampled,157,1,1219.162162162162,143.54054054054055,329.0,325.0,inside_visible,799.775,523.806,1
smwfiZd8HLc_8799-10332-downsampled,157,2,342.0,0.0,313.0,267.6,inside_visible,794.705,514.316,0
smwfiZd8HLc_8799-10332-downsampled,158,1,1219.4864864864865,143.6216216216216,329.0,325.0,inside_visible,797.9416666666666,523.1393333333334,1
smwfiZd8HLc_8799-10332-downsampled,158,2,342.0,0.0,313.0,268.28,inside_visible,792.566,518.0535,0
smwfiZd8HLc_8799-10332-downsampled,159,1,1219.8108108108108,143.7027027027027,329.0,325.0,inside_visible,796.1083333333333,522.4726666666667,1
smwfiZd8HLc_8799-10332-downsampled,159,2,342.0,0.0,313.0,268.96,inside_visible,790.427,521.7909999999999,0
smwfiZd8HLc_8799-10332-downsampled,160,1,1220.1351351351352,143.78378378378378,329.0,325.0,inside_visible,794.275,521.806,1
smwfiZd8HLc_8799-10332-downsampled,160,2,342.0,0.0,313.0,269.64,inside_visible,788.288,525.5285,0
smwfiZd8HLc_8799-10332-downsampled,161,1,1220.4594594594594,143.86486486486487,329.0,325.0,inside_visible,792.4416666666666,521.1393333333334,1
smwfiZd8HLc_8799-10332-downsampled,161,2,342.0,0.0,313.0,270.32,inside_visible,786.149,529.266,0
smwfiZd8HLc_8799-10332-downsampled,162,1,1220.7837837837835,143.94594594594594,329.0,325.0,inside_visible,790.6083333333333,520.4726666666667,1
smwfiZd8HLc_8799-10332-downsampled,162,2,342.0,0.0,313.0,271.0,inside_visible,779.788,527.004,0
smwfiZd8HLc_8799-10332-downsampled,163,1,1221.108108108108,144.02702702702703,329.0,325.0,inside_visible,788.775,519.806,1
smwfiZd8HLc_8799-10332-downsampled,163,2,342.0,0.0,313.0,269.0,inside_visible,797.426,464.741,0
smwfiZd8HLc_8799-10332-downsampled,164,1,1221.4324324324325,144.1081081081081,329.0,325.0,inside_visible,788.775,517.806,1
smwfiZd8HLc_8799-10332-downsampled,164,2,342.0,0.0,313.0,267.0,inside_visible,800.4932857142858,462.05,0
smwfiZd8HLc_8799-10332-downsampled,165,1,1221.7567567567569,144.1891891891892,329.0,325.0,inside_visible,788.775,515.806,1
smwfiZd8HLc_8799-10332-downsampled,165,2,342.0,0.0,313.0,265.0,inside_visible,803.5605714285715,459.359,0
smwfiZd8HLc_8799-10332-downsampled,166,1,1222.081081081081,144.27027027027026,329.0,325.0,inside_visible,788.775,513.806,1
smwfiZd8HLc_8799-10332-downsampled,166,2,342.0,0.0,313.0,263.0,inside_visible,806.6278571428572,456.668,0
smwfiZd8HLc_8799-10332-downsampled,167,1,1222.4054054054054,144.35135135135135,329.0,325.0,inside_visible,788.775,511.806,1
smwfiZd8HLc_8799-10332-downsampled,167,2,342.0,0.0,313.0,261.0,inside_visible,809.6951428571429,453.977,0
smwfiZd8HLc_8799-10332-downsampled,168,1,1222.7297297297298,144.43243243243242,329.0,325.0,inside_visible,788.775,509.806,1
smwfiZd8HLc_8799-10332-downsampled,168,2,342.0,0.0,313.0,259.0,inside_visible,812.7624285714286,451.286,0
smwfiZd8HLc_8799-10332-downsampled,169,1,1223.054054054054,144.51351351351352,329.0,325.0,inside_visible,788.775,507.806,1
smwfiZd8HLc_8799-10332-downsampled,169,2,342.0,0.0,313.0,257.0,inside_visible,815.8297142857143,448.595,0
smwfiZd8HLc_8799-10332-downsampled,170,1,1223.3783783783783,144.59459459459458,329.0,325.0,inside_visible,788.775,505.806,1
smwfiZd8HLc_8799-10332-downsampled,170,2,342.0,0.0,313.0,255.0,inside_visible,818.897,445.904,0
smwfiZd8HLc_8799-10332-downsampled,171,1,1223.7027027027027,144.67567567567568,329.0,325.0,inside_visible,788.775,503.806,1
smwfiZd8HLc_8799-10332-downsampled,171,2,342.0,0.0,313.0,253.0,inside_visible,820.5058,442.0316,0
smwfiZd8HLc_8799-10332-downsampled,172,1,1224.027027027027,144.75675675675674,329.0,325.0,inside_visible,788.775,501.806,1
smwfiZd8HLc_8799-10332-downsampled,172,2,342.0,0.0,313.0,251.0,inside_visible,822.1146,438.1592,0
smwfiZd8HLc_8799-10332-downsampled,173,1,1224.3513513513512,144.83783783783784,329.0,325.0,inside_visible,788.775,499.806,1
smwfiZd8HLc_8799-10332-downsampled,173,2,342.0,0.0,313.0,249.0,inside_visible,823.7234000000001,434.2868,0
smwfiZd8HLc_8799-10332-downsampled,174,1,1224.6756756756756,144.9189189189189,329.0,325.0,inside_visible,788.775,497.806,1
smwfiZd8HLc_8799-10332-downsampled,174,2,342.0,0.0,313.0,247.0,inside_visible,825.3322000000001,430.4144,0
smwfiZd8HLc_8799-10332-downsampled,175,1,1225.0,145.0,329.0,325.0,inside_visible,788.775,495.806,1
smwfiZd8HLc_8799-10332-downsampled,175,2,342.0,0.0,313.0,245.0,inside_visible,826.941,426.542,0
smwfiZd8HLc_8799-10332-downsampled,176,1,1225.8333333333333,144.66666666666666,329.0,325.0,inside_visible,788.775,493.806,1
smwfiZd8HLc_8799-10332-downsampled,176,2,342.0,0.0,313.0,243.0,inside_visible,1284.95,263.869,0
smwfiZd8HLc_8799-10332-downsampled,177,1,1226.6666666666667,144.33333333333334,329.0,325.0,inside_visible,791.275,491.806,1
smwfiZd8HLc_8799-10332-downsampled,177,2,342.0,0.0,313.0,241.0,inside_visible,1272.438,246.855,0
smwfiZd8HLc_8799-10332-downsampled,178,1,1227.5,144.0,329.0,325.0,inside_visible,793.775,489.806,1
smwfiZd8HLc_8799-10332-downsampled,178,2,342.0,0.0,313.0,239.0,inside_visible,1272.777434782609,246.68217391304347,0
smwfiZd8HLc_8799-10332-downsampled,179,1,1228.3333333333333,143.66666666666666,329.0,325.0,inside_visible,796.275,487.806,1
smwfiZd8HLc_8799-10332-downsampled,179,2,342.0,0.0,313.0,237.0,inside_visible,1273.1168695652177,246.50934782608692,0
smwfiZd8HLc_8799-10332-downsampled,180,1,1229.1666666666667,143.33333333333334,329.0,325.0,inside_visible,798.775,485.806,1
smwfiZd8HLc_8799-10332-downsampled,180,2,342.0,0.0,313.0,235.0,inside_visible,1273.456304347826,246.33652173913043,0
smwfiZd8HLc_8799-10332-downsampled,181,1,1230.0,143.0,329.0,325.0,inside_visible,798.2035714285714,484.2345714285714,1
smwfiZd8HLc_8799-10332-downsampled,181,2,345.0,0.0,310.0,232.0,inside_visible,1273.7957391304349,246.1636956521739,0
smwfiZd8HLc_8799-10332-downsampled,182,1,1230.8333333333333,142.66666666666666,329.0,325.0,inside_visible,797.6321428571429,482.6631428571428,1
smwfiZd8HLc_8799-10332-downsampled,182,2,348.0,0.0,307.0,229.0,inside_visible,1274.1351739130437,245.9908695652174,0
smwfiZd8HLc_8799-10332-downsampled,183,1,1231.6666666666667,142.33333333333334,329.0,325.0,inside_visible,797.0607142857143,481.0917142857143,1
smwfiZd8HLc_8799-10332-downsampled,183,2,351.0,0.0,304.0,226.0,inside_visible,1274.4746086956525,245.81804347826085,0
smwfiZd8HLc_8799-10332-downsampled,184,1,1232.5,142.0,329.0,325.0,inside_visible,796.4892857142856,479.5202857142857,1
smwfiZd8HLc_8799-10332-downsampled,184,2,353.0,0.0,304.0,228.5,inside_visible,1274.8140434782608,245.64521739130436,0
smwfiZd8HLc_8799-10332-downsampled,185,1,1233.3333333333333,141.66666666666666,329.0,325.0,inside_visible,795.9178571428571,477.9488571428572,1
smwfiZd8HLc_8799-10332-downsampled,185,2,355.0,0.0,304.0,231.0,inside_visible,1275.1534782608696,245.4723913043478,0
smwfiZd8HLc_8799-10332-downsampled,186,1,1234.1666666666667,141.33333333333334,329.0,325.0,inside_visible,795.3464285714285,476.3774285714285,1
smwfiZd8HLc_8799-10332-downsampled,186,2,357.0,0.0,304.0,233.5,inside_visible,1275.4929130434784,245.2995652173913,0
smwfiZd8HLc_8799-10332-downsampled,187,1,1235.0,141.0,329.0,325.0,inside_visible,794.775,474.806,1
smwfiZd8HLc_8799-10332-downsampled,187,2,359.0,0.0,304.0,236.0,inside_visible,1275.832347826087,245.1267391304348,0
smwfiZd8HLc_8799-10332-downsampled,188,1,1235.8333333333333,140.66666666666666,329.0,325.0,inside_visible,794.2035714285714,473.2345714285714,1
smwfiZd8HLc_8799-10332-downsampled,188,2,361.0,0.0,304.0,238.5,inside_visible,1276.1717826086956,244.95391304347825,0
smwfiZd8HLc_8799-10332-downsampled,189,1,1236.6666666666667,140.33333333333334,329.0,325.0,inside_visible,793.6321428571429,471.6631428571428,1
smwfiZd8HLc_8799-10332-downsampled,189,2,363.0,0.0,304.0,241.0,inside_visible,1276.5112173913044,244.78108695652173,0
smwfiZd8HLc_8799-10332-downsampled,190,1,1237.5,140.0,329.0,325.0,inside_visible,793.0607142857143,470.0917142857143,1
smwfiZd8HLc_8799-10332-downsampled,190,2,363.0,0.0,304.0,247.2,inside_visible,1276.8506521739132,244.6082608695652,0
smwfiZd8HLc_8799-10332-downsampled,191,1,1238.3333333333333,139.66666666666666,329.0,325.0,inside_visible,792.4892857142856,468.5202857142857,1
smwfiZd8HLc_8799-10332-downsampled,191,2,363.0,0.0,304.0,253.4,inside_visible,1277.1900869565218,244.4354347826087,0
smwfiZd8HLc_8799-10332-downsampled,192,1,1239.1666666666667,139.33333333333334,329.0,325.0,inside_visible,791.9178571428571,466.9488571428572,1
smwfiZd8HLc_8799-10332-downsampled,192,2,363.0,0.0,304.0,259.6,inside_visible,1277.5295217391304,244.26260869565215,0
smwfiZd8HLc_8799-10332-downsampled,193,1,1240.0,139.0,329.0,325.0,inside_visible,791.3464285714285,465.3774285714285,1
smwfiZd8HLc_8799-10332-downsampled,193,2,363.0,0.0,304.0,265.8,inside_visible,1277.8689565217392,244.08978260869569,0
smwfiZd8HLc_8799-10332-downsampled,194,1,1239.3076923076924,139.46153846153845,329.0,325.0,inside_visible,790.775,463.806,1
smwfiZd8HLc_8799-10332-downsampled,194,2,363.0,0.0,304.0,272.0,inside_visible,1278.208391304348,243.91695652173917,0
smwfiZd8HLc_8799-10332-downsampled,195,1,1238.6153846153843,139.92307692307693,329.0,325.0,inside_visible,862.775,583.806,1
smwfiZd8HLc_8799-10332-downsampled,195,2,369.0,0.0,304.0,272.0,inside_visible,1278.5478260869563,243.7441304347826,0
smwfiZd8HLc_8799-10332-downsampled,196,1,1237.923076923077,140.3846153846154,329.0,325.0,inside_visible,863.1620967741935,583.9350322580646,1
smwfiZd8HLc_8799-10332-downsampled,196,2,375.0,0.0,304.0,272.0,inside_visible,1278.8872608695651,243.57130434782607,0
smwfiZd8HLc_8799-10332-downsampled,197,1,1237.2307692307693,140.84615384615384,329.0,325.0,inside_visible,863.549193548387,584.0640645161291,1
smwfiZd8HLc_8799-10332-downsampled,197,2,381.0,0.0,304.0,272.0,inside_visible,1279.226695652174,243.39847826086955,0
smwfiZd8HLc_8799-10332-downsampled,198,1,1236.5384615384614,141.30769230769232,329.0,325.0,inside_visible,863.9362903225806,584.1930967741936,1
smwfiZd8HLc_8799-10332-downsampled,198,2,381.12,0.0,304.0,272.0,inside_visible,1279.5661304347827,243.22565217391303,0
smwfiZd8HLc_8799-10332-downsampled,199,1,1235.8461538461538,141.76923076923077,329.0,325.0,inside_visible,864.3233870967741,584.3221290322581,1
smwfiZd8HLc_8799-10332-downsampled,199,2,381.24,0.0,304.0,272.0,inside_visible,1279.9055652173913,243.0528260869565,0
smwfiZd8HLc_8799-10332-downsampled,200,1,1235.1538461538462,142.23076923076923,329.0,325.0,inside_visible,864.7104838709677,584.4511612903226,1
smwfiZd8HLc_8799-10332-downsampled,200,2,381.36,0.0,304.0,272.0,inside_visible,1280.245,242.88,0
smwfiZd8HLc_8799-10332-downsampled,201,1,1234.4615384615386,142.69230769230768,329.0,325.0,inside_visible,865.0975806451613,584.5801935483871,1
smwfiZd8HLc_8799-10332-downsampled,201,2,381.48,0.0,304.0,272.0,inside_visible,1280.5844347826087,242.70717391304348,0
smwfiZd8HLc_8799-10332-downsampled,202,1,1233.7692307692307,143.15384615384616,329.0,325.0,inside_visible,865.4846774193549,584.7092258064516,1
smwfiZd8HLc_8799-10332-downsampled,202,2,381.6,0.0,304.0,272.0,inside_visible,1280.9238695652175,242.53434782608696,0
smwfiZd8HLc_8799-10332-downsampled,203,1,1233.076923076923,143.6153846153846,329.0,325.0,inside_visible,865.8717741935484,584.8382580645161,1
smwfiZd8HLc_8799-10332-downsampled,203,2,381.72,0.0,304.0,272.0,inside_visible,1281.263304347826,242.36152173913044,0
smwfiZd8HLc_8799-10332-downsampled,204,1,1232.3846153846157,144.07692307692307,329.0,325.0,inside_visible,866.2588709677419,584.9672903225807,1
smwfiZd8HLc_8799-10332-downsampled,204,2,381.84,0.0,304.00000000000006,272.0,inside_visible,1281.6027391304349,242.18869565217392,0
smwfiZd8HLc_8799-10332-downsampled,205,1,1231.6923076923076,144.53846153846155,329.0,325.0,inside_visible,866.6459677419355,585.0963225806452,1
smwfiZd8HLc_8799-10332-downsampled,205,2,381.96,0.0,304.00000000000006,272.0,inside_visible,1281.9421739130437,242.0158695652174,0
smwfiZd8HLc_8799-10332-downsampled,206,1,1231.0,145.0,329.0,325.0,inside_visible,867.033064516129,585.2253548387097,1
smwfiZd8HLc_8799-10332-downsampled,206,2,382.08,0.0,304.00000000000006,272.0,inside_visible,1282.2816086956525,241.84304347826085,0
smwfiZd8HLc_8799-10332-downsampled,207,1,1229.5,144.25,329.0,325.0,inside_visible,867.4201612903225,585.3543870967742,1
smwfiZd8HLc_8799-10332-downsampled,207,2,382.2,0.0,304.00000000000006,272.0,inside_visible,1282.6210434782608,241.67021739130436,0
smwfiZd8HLc_8799-10332-downsampled,208,1,1228.0,143.5,329.0,325.0,inside_visible,867.8072580645161,585.4834193548387,1
smwfiZd8HLc_8799-10332-downsampled,208,2,382.32,0.0,304.00000000000006,272.0,inside_visible,1282.9604782608694,241.4973913043478,0
smwfiZd8HLc_8799-10332-downsampled,209,1,1226.5,142.75,329.0,325.0,inside_visible,868.1943548387096,585.6124516129032,1
smwfiZd8HLc_8799-10332-downsampled,209,2,382.44,0.0,304.00000000000006,272.0,inside_visible,1283.2999130434782,241.3245652173913,0
smwfiZd8HLc_8799-10332-downsampled,210,1,1225.0,142.0,329.0,325.0,inside_visible,868.5814516129032,585.7414838709677,1
smwfiZd8HLc_8799-10332-downsampled,210,2,382.56,0.0,303.99999999999994,272.0,inside_visible,1283.639347826087,241.1517391304348,0
smwfiZd8HLc_8799-10332-downsampled,211,1,1223.5,141.25,329.0,325.0,inside_visible,868.9685483870968,585.8705161290324,1
smwfiZd8HLc_8799-10332-downsampled,211,2,382.68,0.0,303.99999999999994,272.0,inside_visible,1283.9787826086956,240.97891304347823,0
smwfiZd8HLc_8799-10332-downsampled,212,1,1222.0,140.5,329.0,325.0,inside_visible,869.3556451612903,585.9995483870969,1
smwfiZd8HLc_8799-10332-downsampled,212,2,382.8,0.0,303.99999999999994,272.0,inside_visible,1284.3182173913042,240.8060869565217,0
smwfiZd8HLc_8799-10332-downsampled,213,1,1220.5,139.75,329.0,325.0,inside_visible,869.7427419354839,586.1285806451614,1
smwfiZd8HLc_8799-10332-downsampled,213,2,382.92,0.0,303.99999999999994,272.0,inside_visible,1284.657652173913,240.6332608695652,0
smwfiZd8HLc_8799-10332-downsampled,214,1,1219.0,139.0,329.0,325.0,inside_visible,870.1298387096774,586.2576129032259,1
smwfiZd8HLc_8799-10332-downsampled,214,2,383.04,0.0,303.99999999999994,272.0,inside_visible,1284.9970869565218,240.4604347826087,0
smwfiZd8HLc_8799-10332-downsampled,215,1,1216.0,138.25,329.0,325.0,inside_visible,870.516935483871,586.3866451612904,1
smwfiZd8HLc_8799-10332-downsampled,215,2,383.16,0.0,303.99999999999994,272.0,inside_visible,1285.3365217391304,240.28760869565215,0
smwfiZd8HLc_8799-10332-downsampled,216,1,1213.0,137.5,329.0,325.0,inside_visible,870.9040322580645,586.5156774193549,1
smwfiZd8HLc_8799-10332-downsampled,216,2,383.28,0.0,304.0,272.0,inside_visible,1285.675956521739,240.1147826086957,0
smwfiZd8HLc_8799-10332-downsampled,217,1,1210.0,136.75,329.0,325.0,inside_visible,871.291129032258,586.6447096774194,1
smwfiZd8HLc_8799-10332-downsampled,217,2,383.4,0.0,304.0,272.0,inside_visible,1286.0153913043478,239.94195652173917,0
smwfiZd8HLc_8799-10332-downsampled,218,1,1207.0,136.0,329.0,325.0,inside_visible,871.6782258064516,586.7737419354839,1
smwfiZd8HLc_8799-10332-downsampled,218,2,383.52,0.0,304.0,272.0,inside_visible,1286.3548260869566,239.7691304347826,0
smwfiZd8HLc_8799-10332-downsampled,219,1,1206.5555555555557,135.44444444444446,329.0,325.0,inside_visible,872.0653225806451,586.9027741935485,1
smwfiZd8HLc_8799-10332-downsampled,219,2,383.64,0.0,304.0,272.0,inside_visible,1286.6942608695651,239.59630434782608,0
smwfiZd8HLc_8799-10332-downsampled,220,1,1206.111111111111,134.88888888888889,329.0,325.0,inside_visible,872.4524193548386,587.031806451613,1
smwfiZd8HLc_8799-10332-downsampled,220,2,383.76,0.0,304.0,272.0,inside_visible,1287.0336956521735,239.4234782608696,0
smwfiZd8HLc_8799-10332-downsampled,221,1,1205.6666666666667,134.33333333333334,329.0,325.0,inside_visible,872.8395161290323,587.1608387096775,1
smwfiZd8HLc_8799-10332-downsampled,221,2,383.88,0.0,304.0,272.0,inside_visible,1287.3731304347823,239.25065217391304,0
smwfiZd8HLc_8799-10332-downsampled,222,1,1205.2222222222222,133.77777777777777,329.0,325.0,inside_visible,873.2266129032258,587.289870967742,1
smwfiZd8HLc_8799-10332-downsampled,222,2,384.0,0.0,304.0,272.0,inside_visible,1287.712565217391,239.0778260869565,0
smwfiZd8HLc_8799-10332-downsampled,223,1,1204.7777777777778,133.22222222222223,329.0,325.0,inside_visible,873.6137096774194,587.4189032258065,1
smwfiZd8HLc_8799-10332-downsampled,223,2,384.12,0.0,304.0,272.0,inside_visible,1288.052,238.905,0
smwfiZd8HLc_8799-10332-downsampled,224,1,1204.3333333333333,132.66666666666666,329.0,325.0,inside_visible,874.0008064516129,587.547935483871,1
smwfiZd8HLc_8799-10332-downsampled,224,2,384.24,0.0,304.0,272.0,inside_visible,867.435,590.21,0
smwfiZd8HLc_8799-10332-downsampled,225,1,1203.888888888889,132.11111111111111,329.0,325.0,inside_visible,874.3879032258064,587.6769677419355,1
smwfiZd8HLc_8799-10332-downsampled,225,2,384.36,0.0,304.0,272.0,inside_visible,867.9874444444443,587.7852222222223,0
smwfiZd8HLc_8799-10332-downsampled,226,1,1203.4444444444443,131.55555555555554,329.0,325.0,inside_visible,874.775,587.806,1
smwfiZd8HLc_8799-10332-downsampled,226,2,384.48,0.0,304.0,272.0,inside_visible,868.5398888888889,585.3604444444445,0
smwfiZd8HLc_8799-10332-downsampled,227,1,1203.0,131.0,329.0,325.0,inside_visible,879.525,582.806,1
smwfiZd8HLc_8799-10332-downsampled,227,2,384.6,0.0,304.0,272.0,inside_visible,869.0923333333333,582.9356666666666,0
smwfiZd8HLc_8799-10332-downsampled,228,1,1202.5555555555557,130.44444444444446,329.0,325.0,inside_visible,884.275,577.806,1
smwfiZd8HLc_8799-10332-downsampled,228,2,384.72,0.0,304.0,272.0,inside_visible,869.6447777777778,580.5108888888889,0
smwfiZd8HLc_8799-10332-downsampled,229,1,1202.111111111111,129.88888888888889,329.0,325.0,inside_visible,889.025,572.806,1
smwfiZd8HLc_8799-10332-downsampled,229,2,384.84,0.0,304.00000000000006,272.0,inside_visible,870.1972222222222,578.0861111111111,0
smwfiZd8HLc_8799-10332-downsampled,230,1,1201.6666666666667,129.33333333333334,329.0,325.0,inside_visible,893.775,567.806,1
smwfiZd8HLc_8799-10332-downsampled,230,2,384.96,0.0,304.00000000000006,272.0,inside_visible,870.7496666666667,575.6613333333333,0
smwfiZd8HLc_8799-10332-downsampled,231,1,1201.2222222222222,128.77777777777777,329.0,325.0,inside_visible,898.525,562.806,1
smwfiZd8HLc_8799-10332-downsampled,231,2,385.08,0.0,304.00000000000006,272.0,inside_visible,871.3021111111111,573.2365555555555,0
smwfiZd8HLc_8799-10332-downsampled,232,1,1200.7777777777778,128.22222222222223,329.0,325.0,inside_visible,903.275,557.806,1
smwfiZd8HLc_8799-10332-downsampled,232,2,385.2,0.0,304.00000000000006,272.0,inside_visible,871.8545555555556,570.8117777777777,0
smwfiZd8HLc_8799-10332-downsampled,233,1,1200.3333333333333,127.66666666666669,329.0,325.0,inside_visible,908.025,552.806,1
smwfiZd8HLc_8799-10332-downsampled,233,2,385.32,0.0,304.00000000000006,272.0,inside_visible,872.407,568.387,0
smwfiZd8HLc_8799-10332-downsampled,234,1,1199.888888888889,127.11111111111111,329.0,325.0,inside_visible,912.775,547.806,1
smwfiZd8HLc_8799-10332-downsampled,234,2,385.44,0.0,304.00000000000006,272.0,inside_visible,882.407,546.387,0
smwfiZd8HLc_8799-10332-downsampled,235,1,1199.4444444444443,126.55555555555556,329.0,325.0,inside_visible,909.775,544.806,1
smwfiZd8HLc_8799-10332-downsampled,235,2,385.56,0.0,303.99999999999994,272.0,inside_visible,892.407,524.387,0
smwfiZd8HLc_8799-10332-downsampled,236,1,1199.0,126.0,329.0,325.0,inside_visible,906.775,541.806,1
smwfiZd8HLc_8799-10332-downsampled,236,2,385.68,0.0,303.99999999999994,272.0,inside_visible,890.907,515.887,0
smwfiZd8HLc_8799-10332-downsampled,237,1,1198.5555555555557,125.44444444444444,329.0,325.0,inside_visible,906.775,513.806,1
smwfiZd8HLc_8799-10332-downsampled,237,2,385.8,0.0,303.99999999999994,272.0,inside_visible,889.407,507.387,0
smwfiZd8HLc_8799-10332-downsampled,238,1,1198.111111111111,124.88888888888889,329.0,325.0,inside_visible,898.775,495.806,1
smwfiZd8HLc_8799-10332-downsampled,238,2,385.92,0.0,303.99999999999994,272.0,inside_visible,887.907,498.887,0
smwfiZd8HLc_8799-10332-downsampled,239,1,1197.6666666666667,124.33333333333331,329.0,325.0,inside_visible,900.1083333333333,487.1393333333333,1
smwfiZd8HLc_8799-10332-downsampled,239,2,386.04,0.0,303.99999999999994,272.0,inside_visible,886.407,490.387,0
smwfiZd8HLc_8799-10332-downsampled,240,1,1197.2222222222222,123.77777777777776,329.0,325.0,inside_visible,901.4416666666666,478.4726666666666,1
smwfiZd8HLc_8799-10332-downsampled,240,2,386.16,0.0,303.99999999999994,272.0,inside_visible,886.407,481.387,0
smwfiZd8HLc_8799-10332-downsampled,241,1,1196.7777777777778,123.22222222222224,329.0,325.0,inside_visible,902.775,469.806,1
smwfiZd8HLc_8799-10332-downsampled,241,2,386.28,0.0,304.0,272.0,inside_visible,886.407,472.387,0
smwfiZd8HLc_8799-10332-downsampled,242,1,1196.3333333333333,122.66666666666669,329.0,325.0,inside_visible,908.775,457.806,1
smwfiZd8HLc_8799-10332-downsampled,242,2,386.4,0.0,304.0,272.0,inside_visible,889.407,459.387,0
smwfiZd8HLc_8799-10332-downsampled,243,1,1195.888888888889,122.11111111111111,329.0,325.0,inside_visible,914.775,445.806,1
smwfiZd8HLc_8799-10332-downsampled,243,2,386.52,0.0,304.0,272.0,inside_visible,892.407,446.387,0
smwfiZd8HLc_8799-10332-downsampled,244,1,1195.4444444444443,121.55555555555556,329.0,325.0,inside_visible,923.775,441.806,1
smwfiZd8HLc_8799-10332-downsampled,244,2,386.64,0.0,304.0,272.0,inside_visible,913.407,441.387,0
smwfiZd8HLc_8799-10332-downsampled,245,1,1195.0,121.0,329.0,325.0,inside_visible,932.775,437.806,1
smwfiZd8HLc_8799-10332-downsampled,245,2,386.76,0.0,304.0,272.0,inside_visible,934.407,436.387,0
smwfiZd8HLc_8799-10332-downsampled,246,1,1195.0,121.0,328.3076923076924,324.7692307692308,inside_visible,938.775,432.806,1
smwfiZd8HLc_8799-10332-downsampled,246,2,386.88,0.0,304.0,272.0,inside_visible,935.7403333333334,435.0536666666667,0
smwfiZd8HLc_8799-10332-downsampled,247,1,1195.0,121.0,327.6153846153845,324.53846153846155,inside_visible,944.775,427.806,1
smwfiZd8HLc_8799-10332-downsampled,247,2,387.0,0.0,304.0,272.0,inside_visible,937.0736666666668,433.7203333333333,0
smwfiZd8HLc_8799-10332-downsampled,248,1,1195.0,121.0,326.9230769230769,324.3076923076923,inside_visible,946.775,424.806,1
smwfiZd8HLc_8799-10332-downsampled,248,2,386.59090909090907,0.0,304.00000000000006,272.0,inside_visible,938.407,432.387,0
smwfiZd8HLc_8799-10332-downsampled,249,1,1195.0,121.0,326.2307692307693,324.0769230769231,inside_visible,948.775,421.806,1
smwfiZd8HLc_8799-10332-downsampled,249,2,386.1818181818182,0.0,303.99999999999994,272.0,inside_visible,939.7403333333334,431.0536666666667,0
smwfiZd8HLc_8799-10332-downsampled,250,1,1195.0,121.0,325.53846153846143,323.84615384615387,inside_visible,950.775,418.806,1
smwfiZd8HLc_8799-10332-downsampled,250,2,385.77272727272725,0.0,304.0,272.0,inside_visible,941.0736666666668,429.7203333333333,0
smwfiZd8HLc_8799-10332-downsampled,251,1,1195.0,121.0,324.8461538461538,323.61538461538464,inside_visible,952.775,415.806,1
smwfiZd8HLc_8799-10332-downsampled,251,2,385.3636363636364,0.0,304.0,272.0,inside_visible,942.407,428.387,0
smwfiZd8HLc_8799-10332-downsampled,252,1,1195.0,121.0,324.1538461538462,323.38461538461536,inside_visible,953.0826923076922,416.0916923076923,1
smwfiZd8HLc_8799-10332-downsampled,252,2,384.95454545454544,0.0,304.00000000000006,272.0,inside_visible,935.1134,418.8536,0
smwfiZd8HLc_8799-10332-downsampled,253,1,1195.0,121.0,323.46153846153857,323.15384615384613,inside_visible,953.3903846153846,416.3773846153846,1
smwfiZd8HLc_8799-10332-downsampled,253,2,384.54545454545456,0.0,303.99999999999994,272.0,inside_visible,927.8198,409.3202,0
smwfiZd8HLc_8799-10332-downsampled,254,1,1195.0,121.0,322.7692307692307,322.9230769230769,inside_visible,953.6980769230768,416.6630769230769,1
smwfiZd8HLc_8799-10332-downsampled,254,2,384.1363636363636,0.0,304.0,272.0,inside_visible,920.5262,399.7868,0
smwfiZd8HLc_8799-10332-downsampled,255,1,1195.0,121.0,322.0769230769231,322.6923076923077,inside_visible,954.0057692307691,416.9487692307692,1
smwfiZd8HLc_8799-10332-downsampled,255,2,383.7272727272728,0.0,304.0,272.0,inside_visible,913.2326,390.2534,0
smwfiZd8HLc_8799-10332-downsampled,256,1,1195.0,121.0,321.3846153846155,322.46153846153845,inside_visible,954.3134615384616,417.2344615384615,1
smwfiZd8HLc_8799-10332-downsampled,256,2,383.3181818181818,0.0,304.00000000000006,272.0,inside_visible,905.939,380.72,0
smwfiZd8HLc_8799-10332-downsampled,257,1,1195.0,121.0,320.6923076923076,322.2307692307692,inside_visible,954.6211538461538,417.52015384615385,1
smwfiZd8HLc_8799-10332-downsampled,257,2,382.9090909090909,0.0,303.99999999999994,272.0,inside_visible,907.5705,383.2616875000001,0
smwfiZd8HLc_8799-10332-downsampled,258,1,1195.0,121.0,320.0,322.0,inside_visible,954.9288461538462,417.8058461538461,1
smwfiZd8HLc_8799-10332-downsampled,258,2,382.5,0.0,304.0,272.0,inside_visible,909.202,385.803375,0
smwfiZd8HLc_8799-10332-downsampled,259,1,1194.7818181818182,121.05454545454543,320.0,322.0,inside_visible,955.2365384615384,418.0915384615385,1
smwfiZd8HLc_8799-10332-downsampled,259,2,382.09090909090907,0.0,304.00000000000006,272.0,inside_visible,910.8335,388.3450625,0
smwfiZd8HLc_8799-10332-downsampled,260,1,1194.5636363636363,121.10909090909092,320.0,322.0,inside_visible,955.5442307692308,418.3772307692308,1
smwfiZd8HLc_8799-10332-downsampled,260,2,381.6818181818182,0.0,303.99999999999994,272.0,inside_visible,912.465,390.88675,0
smwfiZd8HLc_8799-10332-downsampled,261,1,1194.3454545454545,121.16363636363636,320.0,322.0,inside_visible,955.8519230769232,418.6629230769231,1
smwfiZd8HLc_8799-10332-downsampled,261,2,381.27272727272725,0.0,304.0,272.0,inside_visible,914.0965,393.4284375,0
smwfiZd8HLc_8799-10332-downsampled,262,1,1194.1272727272728,121.21818181818182,320.0,322.0,inside_visible,956.1596153846152,418.9486153846154,1
smwfiZd8HLc_8799-10332-downsampled,262,2,380.8636363636364,0.0,304.0,272.0,inside_visible,915.728,395.970125,0
smwfiZd8HLc_8799-10332-downsampled,263,1,1193.909090909091,121.27272727272728,320.0,322.0,inside_visible,956.4673076923076,419.23430769230765,1
smwfiZd8HLc_8799-10332-downsampled,263,2,380.45454545454544,0.0,304.00000000000006,272.0,inside_visible,917.3595,398.5118125,0
smwfiZd8HLc_8799-10332-downsampled,264,1,1193.6909090909091,121.32727272727271,320.0,322.0,inside_visible,956.775,419.52,1
smwfiZd8HLc_8799-10332-downsampled,264,2,380.04545454545456,0.0,303.99999999999994,272.0,inside_visible,918.991,401.0535,0
smwfiZd8HLc_8799-10332-downsampled,265,1,1193.4727272727273,121.38181818181818,320.0,322.0,inside_visible,616.775,139.80600000000004,1
smwfiZd8HLc_8799-10332-downsampled,265,2,379.6363636363636,0.0,304.0,272.0,inside_visible,920.6225,403.5951875,0
smwfiZd8HLc_8799-10332-downsampled,266,1,1193.2545454545457,121.43636363636364,320.0,322.0,inside_visible,617.512909090909,139.211696969697,1
smwfiZd8HLc_8799-10332-downsampled,266,2,379.2272727272728,0.0,304.0,272.0,inside_visible,922.254,406.136875,0
smwfiZd8HLc_8799-10332-downsampled,267,1,1193.0363636363636,121.49090909090908,320.0,322.0,inside_visible,618.2508181818182,138.61739393939396,1
smwfiZd8HLc_8799-10332-downsampled,267,2,378.8181818181818,0.0,304.00000000000006,272.0,inside_visible,923.8855,408.6785625,0
smwfiZd8HLc_8799-10332-downsampled,268,1,1192.8181818181818,121.54545454545456,320.0,322.0,inside_visible,618.9887272727273,138.0230909090909,1
smwfiZd8HLc_8799-10332-downsampled,268,2,378.4090909090909,0.0,303.99999999999994,272.0,inside_visible,925.517,411.22025,0
smwfiZd8HLc_8799-10332-downsampled,269,1,1192.6,121.6,320.0,322.0,inside_visible,619.7266363636363,137.4287878787879,1
smwfiZd8HLc_8799-10332-downsampled,269,2,378.0,0.0,304.0,272.0,inside_visible,927.1485,413.7619375,0
smwfiZd8HLc_8799-10332-downsampled,270,1,1192.3818181818183,121.65454545454546,320.0,322.0,inside_visible,620.4645454545455,136.83448484848486,1
smwfiZd8HLc_8799-10332-downsampled,270,2,378.8181818181818,0.0,304.00000000000006,272.0,inside_visible,928.78,416.303625,0
smwfiZd8HLc_8799-10332-downsampled,271,1,1192.1636363636364,121.7090909090909,320.0,322.0,inside_visible,621.2024545454545,136.24018181818184,1
smwfiZd8HLc_8799-10332-downsampled,271,2,379.6363636363636,0.0,304.0,272.0,inside_visible,930.4115,418.8453125,0
smwfiZd8HLc_8799-10332-downsampled,272,1,1191.9454545454546,121.76363636363637,320.0,322.0,inside_visible,621.9403636363636,135.6458787878788,1
smwfiZd8HLc_8799-10332-downsampled,272,2,380.45454545454544,0.0,304.00000000000006,272.0,inside_visible,932.043,421.387,0
smwfiZd8HLc_8799-10332-downsampled,273,1,1191.7272727272727,121.8181818181818,320.0,322.0,inside_visible,622.6782727272727,135.05157575757576,1
smwfiZd8HLc_8799-10332-downsampled,273,2,381.27272727272725,0.0,304.0,272.0,inside_visible,1258.407,230.387,0
smwfiZd8HLc_8799-10332-downsampled,274,1,1191.509090909091,121.87272727272727,320.0,322.0,inside_visible,623.4161818181818,134.45727272727274,1
smwfiZd8HLc_8799-10332-downsampled,274,2,382.09090909090907,0.0,304.00000000000006,272.0,inside_visible,1256.9904166666663,229.688,0
smwfiZd8HLc_8799-10332-downsampled,275,1,1191.290909090909,121.92727272727272,320.0,322.0,inside_visible,624.1540909090909,133.8629696969697,1
smwfiZd8HLc_8799-10332-downsampled,275,2,382.9090909090909,0.0,303.99999999999994,272.0,inside_visible,1255.5738333333334,228.989,0
smwfiZd8HLc_8799-10332-downsampled,276,1,1191.0727272727272,121.98181818181818,320.0,322.0,inside_visible,624.8919999999999,133.26866666666666,1
smwfiZd8HLc_8799-10332-downsampled,276,2,383.7272727272728,0.0,304.0,272.0,inside_visible,1254.15725,228.29,0
smwfiZd8HLc_8799-10332-downsampled,277,1,1190.8545454545454,122.03636363636365,320.0,322.0,inside_visible,625.6299090909091,132.67436363636364,1
smwfiZd8HLc_8799-10332-downsampled,277,2,384.54545454545456,0.0,303.99999999999994,272.0,inside_visible,1252.7406666666666,227.591,0
smwfiZd8HLc_8799-10332-downsampled,278,1,1190.6363636363635,122.0909090909091,320.0,322.0,inside_visible,626.3678181818182,132.0800606060606,1
smwfiZd8HLc_8799-10332-downsampled,278,2,385.3636363636364,0.0,304.0,272.0,inside_visible,1251.3240833333332,226.892,0
smwfiZd8HLc_8799-10332-downsampled,279,1,1190.418181818182,122.14545454545454,320.0,322.0,inside_visible,627.1057272727272,131.4857575757576,1
smwfiZd8HLc_8799-10332-downsampled,279,2,386.1818181818182,0.0,303.99999999999994,272.0,inside_visible,1249.9074999999998,226.193,0
smwfiZd8HLc_8799-10332-downsampled,280,1,1190.2,122.2,320.0,322.0,inside_visible,627.8436363636364,130.89145454545456,1
smwfiZd8HLc_8799-10332-downsampled,280,2,387.0,0.0,304.0,272.0,inside_visible,1248.4909166666666,225.494,0
smwfiZd8HLc_8799-10332-downsampled,281,1,1189.9818181818182,122.25454545454544,320.0,322.0,inside_visible,628.5815454545454,130.2971515151515,1
smwfiZd8HLc_8799-10332-downsampled,281,2,386.8285714285714,0.0,304.0,272.0,inside_visible,1247.0743333333332,224.795,0
smwfiZd8HLc_8799-10332-downsampled,282,1,1189.7636363636364,122.30909090909093,320.0,322.0,inside_visible,629.3194545454545,129.7028484848485,1
smwfiZd8HLc_8799-10332-downsampled,282,2,386.6571428571429,0.0,304.0,272.0,inside_visible,1245.65775,224.096,0
smwfiZd8HLc_8799-10332-downsampled,283,1,1189.5454545454545,122.36363636363636,320.0,322.0,inside_visible,630.0573636363636,129.10854545454546,1
smwfiZd8HLc_8799-10332-downsampled,283,2,386.4857142857143,0.0,304.0,272.0,inside_visible,1244.241166666667,223.397,0
smwfiZd8HLc_8799-10332-downsampled,284,1,1189.3272727272729,122.41818181818182,320.0,322.0,inside_visible,630.7952727272727,128.51424242424244,1
smwfiZd8HLc_8799-10332-downsampled,284,2,386.3142857142857,0.0,304.0,272.0,inside_visible,1242.8245833333333,222.698,0
smwfiZd8HLc_8799-10332-downsampled,285,1,1189.1090909090908,122.47272727272728,320.0,322.0,inside_visible,631.5331818181818,127.9199393939394,1
smwfiZd8HLc_8799-10332-downsampled,285,2,386.1428571428572,0.0,303.99999999999994,272.0,inside_visible,1241.408,221.999,0
smwfiZd8HLc_8799-10332-downsampled,286,1,1188.8909090909092,122.52727272727272,320.0,322.0,inside_visible,632.2710909090908,127.32563636363636,1
smwfiZd8HLc_8799-10332-downsampled,286,2,385.9714285714286,0.0,303.99999999999994,272.0,inside_visible,917.158,435.8,0
smwfiZd8HLc_8799-10332-downsampled,287,1,1188.6727272727271,122.58181818181818,320.0,322.0,inside_visible,633.009,126.73133333333334,1
smwfiZd8HLc_8799-10332-downsampled,287,2,385.8,0.0,303.99999999999994,272.0,inside_visible,917.784,436.8158571428572,0
smwfiZd8HLc_8799-10332-downsampled,288,1,1188.4545454545455,122.63636363636364,320.0,322.0,inside_visible,633.7469090909091,126.13703030303031,1
smwfiZd8HLc_8799-10332-downsampled,288,2,385.6285714285714,0.0,303.99999999999994,272.0,inside_visible,918.41,437.8317142857143,0
smwfiZd8HLc_8799-10332-downsampled,289,1,1188.2363636363636,122.69090909090907,320.0,322.0,inside_visible,634.4848181818181,125.54272727272728,1
smwfiZd8HLc_8799-10332-downsampled,289,2,385.45714285714286,0.0,304.00000000000006,272.0,inside_visible,919.036,438.8475714285714,0
smwfiZd8HLc_8799-10332-downsampled,290,1,1188.0181818181818,122.74545454545456,320.0,322.0,inside_visible,635.2227272727273,124.94842424242424,1
smwfiZd8HLc_8799-10332-downsampled,290,2,385.2857142857143,0.0,304.00000000000006,272.0,inside_visible,919.662,439.8634285714286,0
smwfiZd8HLc_8799-10332-downsampled,291,1,1187.8,122.8,320.0,322.0,inside_visible,635.9606363636364,124.3541212121212,1
smwfiZd8HLc_8799-10332-downsampled,291,2,385.1142857142857,0.0,304.00000000000006,272.0,inside_visible,920.288,440.87928571428574,0
smwfiZd8HLc_8799-10332-downsampled,292,1,1187.581818181818,122.85454545454546,320.0,322.0,inside_visible,636.6985454545454,123.7598181818182,1
smwfiZd8HLc_8799-10332-downsampled,292,2,384.9428571428571,0.0,304.00000000000006,272.0,inside_visible,920.914,441.8951428571429,0
smwfiZd8HLc_8799-10332-downsampled,293,1,1187.3636363636365,122.9090909090909,320.0,322.0,inside_visible,637.4364545454546,123.16551515151517,1
smwfiZd8HLc_8799-10332-downsampled,293,2,384.7714285714285,0.0,304.00000000000006,272.0,inside_visible,921.54,442.911,0
smwfiZd8HLc_8799-10332-downsampled,294,1,1187.1454545454546,122.96363636363635,320.0,322.0,inside_visible,638.1743636363636,122.57121212121211,1
smwfiZd8HLc_8799-10332-downsampled,294,2,384.6,0.0,304.0,272.0,inside_visible,922.166,443.9268571428572,0
smwfiZd8HLc_8799-10332-downsampled,295,1,1186.9272727272728,123.01818181818182,320.0,322.0,inside_visible,638.9122727272727,121.97690909090907,1
smwfiZd8HLc_8799-10332-downsampled,295,2,384.4285714285714,0.0,304.0,272.0,inside_visible,922.792,444.9427142857143,0
smwfiZd8HLc_8799-10332-downsampled,296,1,1186.709090909091,123.07272727272728,320.0,322.0,inside_visible,639.6501818181817,121.38260606060608,1
smwfiZd8HLc_8799-10332-downsampled,296,2,384.25714285714287,0.0,304.0,272.0,inside_visible,923.418,445.9585714285714,0
smwfiZd8HLc_8799-10332-downsampled,297,1,1186.490909090909,123.12727272727273,320.0,322.0,inside_visible,640.3880909090909,120.78830303030304,1
smwfiZd8HLc_8799-10332-downsampled,297,2,384.0857142857143,0.0,304.0,272.0,inside_visible,924.044,446.9744285714286,0
smwfiZd8HLc_8799-10332-downsampled,298,1,1186.2727272727273,123.1818181818182,320.0,322.0,inside_visible,641.126,120.194,1
smwfiZd8HLc_8799-10332-downsampled,298,2,383.9142857142857,0.0,304.0,272.0,inside_visible,924.67,447.9902857142857,0
smwfiZd8HLc_8799-10332-downsampled,299,1,1186.0545454545454,123.23636363636363,320.0,322.0,inside_visible,633.526,120.194,1
smwfiZd8HLc_8799-10332-downsampled,299,2,383.74285714285713,0.0,304.0,272.0,inside_visible,925.296,449.0061428571428,0
smwfiZd8HLc_8799-10332-downsampled,300,1,1185.8363636363636,123.2909090909091,320.0,322.0,inside_visible,625.9259999999999,120.194,1
smwfiZd8HLc_8799-10332-downsampled,300,2,383.57142857142856,0.0,304.0,272.0,inside_visible,925.922,450.022,0
smwfiZd8HLc_8799-10332-downsampled,301,1,1185.6181818181817,123.34545454545454,320.0,322.0,inside_visible,618.326,120.194,1
smwfiZd8HLc_8799-10332-downsampled,301,2,383.4,0.0,304.0,272.0,inside_visible,924.1886666666668,452.022,0
smwfiZd8HLc_8799-10332-downsampled,302,1,1185.4,123.4,320.0,322.0,inside_visible,610.726,120.194,1
smwfiZd8HLc_8799-10332-downsampled,302,2,383.22857142857146,0.0,303.99999999999994,272.0,inside_visible,922.4553333333332,454.022,0
smwfiZd8HLc_8799-10332-downsampled,303,1,1185.1818181818182,123.45454545454544,320.0,322.0,inside_visible,603.126,120.194,1
smwfiZd8HLc_8799-10332-downsampled,303,2,383.0571428571429,0.0,303.99999999999994,272.0,inside_visible,920.722,456.022,0
smwfiZd8HLc_8799-10332-downsampled,304,1,1184.9636363636364,123.50909090909092,320.0,322.0,inside_visible,917.126,468.194,1
smwfiZd8HLc_8799-10332-downsampled,304,2,382.8857142857143,0.0,303.99999999999994,272.0,inside_visible,1252.322,242.022,0
smwfiZd8HLc_8799-10332-downsampled,305,1,1184.7454545454543,123.56363636363636,320.0,322.0,inside_visible,914.448,491.442,1
smwfiZd8HLc_8799-10332-downsampled,305,2,382.7142857142857,0.0,303.99999999999994,272.0,inside_visible,1263.922,230.022,0
smwfiZd8HLc_8799-10332-downsampled,306,1,1184.5272727272727,123.61818181818182,320.0,322.0,inside_visible,900.448,530.442,1
smwfiZd8HLc_8799-10332-downsampled,306,2,382.54285714285714,0.0,303.99999999999994,272.0,inside_visible,1262.8586666666667,230.06241666666665,0
smwfiZd8HLc_8799-10332-downsampled,307,1,1184.3090909090909,123.67272727272729,320.0,322.0,inside_visible,886.448,569.442,1
smwfiZd8HLc_8799-10332-downsampled,307,2,382.37142857142857,0.0,304.00000000000006,272.0,inside_visible,1261.7953333333337,230.1028333333333,0
smwfiZd8HLc_8799-10332-downsampled,308,1,1184.090909090909,123.72727272727272,320.0,322.0,inside_visible,889.7813333333334,572.7753333333334,1
smwfiZd8HLc_8799-10332-downsampled,308,2,382.2,0.0,304.00000000000006,272.0,inside_visible,1260.732,230.14325,0
smwfiZd8HLc_8799-10332-downsampled,309,1,1183.8727272727272,123.78181818181818,320.0,322.0,inside_visible,893.1146666666666,576.1086666666666,1
smwfiZd8HLc_8799-10332-downsampled,309,2,382.0285714285714,0.0,304.00000000000006,272.0,inside_visible,1259.6686666666667,230.18366666666665,0
smwfiZd8HLc_8799-10332-downsampled,310,1,1183.6545454545455,123.83636363636364,320.0,322.0,inside_visible,896.448,579.442,1
smwfiZd8HLc_8799-10332-downsampled,310,2,381.8571428571428,0.0,304.00000000000006,272.0,inside_visible,1258.6053333333334,230.2240833333333,0
smwfiZd8HLc_8799-10332-downsampled,311,1,1183.4363636363637,123.89090909090908,320.0,322.0,inside_visible,808.448,606.776,1
smwfiZd8HLc_8799-10332-downsampled,311,2,381.6857142857143,0.0,304.0,272.0,inside_visible,1257.542,230.2645,0
smwfiZd8HLc_8799-10332-downsampled,312,1,1183.2181818181818,123.94545454545454,320.0,322.0,inside_visible,808.448,606.109,1
smwfiZd8HLc_8799-10332-downsampled,312,2,381.5142857142857,0.0,304.0,272.0,inside_visible,1256.4786666666666,230.30491666666663,0
smwfiZd8HLc_8799-10332-downsampled,313,1,1183.0,124.0,320.0,322.0,inside_visible,800.448,601.442,1
smwfiZd8HLc_8799-10332-downsampled,313,2,381.3428571428572,0.0,304.0,272.0,inside_visible,1255.4153333333334,230.34533333333331,0
smwfiZd8HLc_8799-10332-downsampled,314,1,1180.6,124.6,320.0,322.0,inside_visible,800.6745820895522,601.5432985074627,1
smwfiZd8HLc_8799-10332-downsampled,314,2,381.1714285714286,0.0,304.0,272.0,inside_visible,1254.352,230.38575,0
smwfiZd8HLc_8799-10332-downsampled,315,1,1178.2,125.2,320.0,322.0,inside_visible,800.9011641791045,601.6445970149254,1
smwfiZd8HLc_8799-10332-downsampled,315,2,381.0,0.0,304.0,272.0,inside_visible,1253.2886666666668,230.42616666666663,0
smwfiZd8HLc_8799-10332-downsampled,316,1,1175.8,125.8,320.0,322.0,inside_visible,801.1277462686567,601.7458955223881,1
smwfiZd8HLc_8799-10332-downsampled,316,2,381.0,0.0,304.0,272.0,inside_visible,1252.2253333333333,230.46658333333332,0
smwfiZd8HLc_8799-10332-downsampled,317,1,1173.4,126.4,320.0,322.0,inside_visible,801.3543283582089,601.8471940298508,1
smwfiZd8HLc_8799-10332-downsampled,317,2,381.0,0.0,304.0,272.0,inside_visible,1251.162,230.507,0
smwfiZd8HLc_8799-10332-downsampled,318,1,1171.0,127.0,320.0,322.0,inside_visible,801.5809104477612,601.9484925373134,1
smwfiZd8HLc_8799-10332-downsampled,318,2,381.0,0.0,304.0,272.0,inside_visible,818.265,592.381,0
smwfiZd8HLc_8799-10332-downsampled,319,1,1171.5,127.2,320.0,322.0,inside_visible,801.8074925373135,602.0497910447762,1
smwfiZd8HLc_8799-10332-downsampled,319,2,381.0,0.0,304.0,272.0,inside_visible,817.1245384615385,591.9706153846154,0
smwfiZd8HLc_8799-10332-downsampled,320,1,1172.0,127.4,320.0,322.0,inside_visible,802.0340746268656,602.1510895522388,1
smwfiZd8HLc_8799-10332-downsampled,320,2,381.0,0.0,304.0,272.0,inside_visible,815.9840769230769,591.5602307692308,0
smwfiZd8HLc_8799-10332-downsampled,321,1,1172.5,127.6,320.0,322.0,inside_visible,802.2606567164179,602.2523880597015,1
smwfiZd8HLc_8799-10332-downsampled,321,2,381.0,0.0,304.0,272.0,inside_visible,814.8436153846154,591.1498461538462,0
smwfiZd8HLc_8799-10332-downsampled,322,1,1173.0,127.8,320.0,322.0,inside_visible,802.4872388059702,602.3536865671642,1
smwfiZd8HLc_8799-10332-downsampled,322,2,381.0,0.0,304.0,272.0,inside_visible,813.7031538461538,590.7394615384616,0
smwfiZd8HLc_8799-10332-downsampled,323,1,1173.5,128.0,320.0,322.0,inside_visible,802.7138208955224,602.4549850746268,1
smwfiZd8HLc_8799-10332-downsampled,323,2,381.0,0.0,304.0,272.0,inside_visible,812.5626923076923,590.329076923077,0
smwfiZd8HLc_8799-10332-downsampled,324,1,1174.0,128.2,320.0,322.0,inside_visible,802.9404029850746,602.5562835820896,1
smwfiZd8HLc_8799-10332-downsampled,324,2,381.0,0.0,304.0,272.0,inside_visible,811.4222307692307,589.9186923076924,0
smwfiZd8HLc_8799-10332-downsampled,325,1,1174.5,128.4,320.0,322.0,inside_visible,803.1669850746268,602.6575820895523,1
smwfiZd8HLc_8799-10332-downsampled,325,2,381.0,0.0,304.0,272.0,inside_visible,810.2817692307692,589.5083076923077,0
smwfiZd8HLc_8799-10332-downsampled,326,1,1175.0,128.6,320.0,322.0,inside_visible,803.3935671641791,602.7588805970149,1
smwfiZd8HLc_8799-10332-downsampled,326,2,381.0,0.0,304.0,272.0,inside_visible,809.1413076923077,589.097923076923,0
smwfiZd8HLc_8799-10332-downsampled,327,1,1175.5,128.8,320.0,322.0,inside_visible,803.6201492537314,602.8601791044777,1
smwfiZd8HLc_8799-10332-downsampled,327,2,381.0,0.0,304.0,272.0,inside_visible,808.0008461538462,588.6875384615385,0
smwfiZd8HLc_8799-10332-downsampled,328,1,1176.0,129.0,320.0,322.0,inside_visible,803.8467313432835,602.9614776119403,1
smwfiZd8HLc_8799-10332-downsampled,328,2,381.0,0.0,304.0,272.0,inside_visible,806.8603846153845,588.2771538461539,0
smwfiZd8HLc_8799-10332-downsampled,329,1,1176.5,129.2,320.0,322.0,inside_visible,804.0733134328358,603.062776119403,1
smwfiZd8HLc_8799-10332-downsampled,329,2,381.0,0.0,304.0,272.0,inside_visible,805.719923076923,587.8667692307693,0
smwfiZd8HLc_8799-10332-downsampled,330,1,1177.0,129.4,320.0,322.0,inside_visible,804.299895522388,603.1640746268657,1
smwfiZd8HLc_8799-10332-downsampled,330,2,381.0,0.0,304.0,272.0,inside_visible,804.5794615384615,587.4563846153846,0
smwfiZd8HLc_8799-10332-downsampled,331,1,1177.5,129.6,320.0,322.0,inside_visible,804.5264776119403,603.2653731343283,1
smwfiZd8HLc_8799-10332-downsampled,331,2,381.0,0.0,304.0,272.0,inside_visible,803.439,587.046,0
smwfiZd8HLc_8799-10332-downsampled,332,1,1178.0,129.8,320.0,322.0,inside_visible,804.7530597014925,603.3666716417911,1
smwfiZd8HLc_8799-10332-downsampled,332,2,381.0,0.0,304.0,272.0,inside_visible,804.2115,586.3235000000001,0
smwfiZd8HLc_8799-10332-downsampled,333,1,1178.5,130.0,320.0,322.0,inside_visible,804.9796417910447,603.4679701492538,1
smwfiZd8HLc_8799-10332-downsampled,333,2,381.0,0.0,304.0,272.0,inside_visible,804.9839999999999,585.601,0
smwfiZd8HLc_8799-10332-downsampled,334,1,1179.0,130.2,320.0,322.0,inside_visible,805.206223880597,603.5692686567164,1
smwfiZd8HLc_8799-10332-downsampled,334,2,381.0,0.0,304.0,272.0,inside_visible,805.7565,584.8785,0
smwfiZd8HLc_8799-10332-downsampled,335,1,1179.5,130.4,320.0,322.0,inside_visible,805.4328059701493,603.6705671641791,1
smwfiZd8HLc_8799-10332-downsampled,335,2,381.0,0.0,304.0,272.0,inside_visible,806.529,584.1560000000001,0
smwfiZd8HLc_8799-10332-downsampled,336,1,1180.0,130.6,320.0,322.0,inside_visible,805.6593880597015,603.7718656716418,1
smwfiZd8HLc_8799-10332-downsampled,336,2,381.0,0.0,304.0,272.0,inside_visible,807.3014999999999,583.4335,0
smwfiZd8HLc_8799-10332-downsampled,337,1,1180.5,130.8,320.0,322.0,inside_visible,805.8859701492537,603.8731641791045,1
smwfiZd8HLc_8799-10332-downsampled,337,2,381.0,0.0,304.0,272.0,inside_visible,808.074,582.711,0
smwfiZd8HLc_8799-10332-downsampled,338,1,1181.0,131.0,320.0,322.0,inside_visible,806.112552238806,603.9744626865672,1
smwfiZd8HLc_8799-10332-downsampled,338,2,381.0,0.0,304.0,272.0,inside_visible,1240.513,222.655,0
smwfiZd8HLc_8799-10332-downsampled,339,1,1181.5,131.2,320.0,322.0,inside_visible,806.3391343283582,604.0757611940298,1
smwfiZd8HLc_8799-10332-downsampled,339,2,381.0,0.0,304.0,272.0,inside_visible,1247.238,231.456,0
smwfiZd8HLc_8799-10332-downsampled,340,1,1182.0,131.4,320.0,322.0,inside_visible,806.5657164179105,604.1770597014926,1
smwfiZd8HLc_8799-10332-downsampled,340,2,381.0,0.0,304.0,272.0,inside_visible,1247.3698461538463,231.86261538461537,0
smwfiZd8HLc_8799-10332-downsampled,341,1,1182.5,131.6,320.0,322.0,inside_visible,806.7922985074626,604.2783582089553,1
smwfiZd8HLc_8799-10332-downsampled,341,2,381.0,0.0,304.0,272.0,inside_visible,1247.5016923076923,232.26923076923077,0
smwfiZd8HLc_8799-10332-downsampled,342,1,1183.0,131.8,320.0,322.0,inside_visible,807.0188805970149,604.3796567164179,1
smwfiZd8HLc_8799-10332-downsampled,342,2,381.0,0.0,304.0,272.0,inside_visible,1247.6335384615386,232.67584615384612,0
smwfiZd8HLc_8799-10332-downsampled,343,1,1183.5,132.0,320.0,322.0,inside_visible,807.2454626865672,604.4809552238806,1
smwfiZd8HLc_8799-10332-downsampled,343,2,381.0,0.0,304.0,272.0,inside_visible,1247.7653846153846,233.08246153846156,0
smwfiZd8HLc_8799-10332-downsampled,344,1,1184.0,132.2,320.0,322.0,inside_visible,807.4720447761194,604.5822537313433,1
smwfiZd8HLc_8799-10332-downsampled,344,2,381.0,0.0,304.0,272.0,inside_visible,1247.8972307692309,233.4890769230769,0
smwfiZd8HLc_8799-10332-downsampled,345,1,1184.5,132.4,320.0,322.0,inside_visible,807.6986268656716,604.683552238806,1
smwfiZd8HLc_8799-10332-downsampled,345,2,381.0,0.0,304.0,272.0,inside_visible,1248.029076923077,233.8956923076923,0
smwfiZd8HLc_8799-10332-downsampled,346,1,1185.0,132.6,320.0,322.0,inside_visible,807.9252089552239,604.7848507462687,1
smwfiZd8HLc_8799-10332-downsampled,346,2,381.0,0.0,304.0,272.0,inside_visible,1248.1609230769232,234.3023076923077,0
smwfiZd8HLc_8799-10332-downsampled,347,1,1185.5,132.8,320.0,322.0,inside_visible,808.1517910447761,604.8861492537313,1
smwfiZd8HLc_8799-10332-downsampled,347,2,381.0,0.0,304.0,272.0,inside_visible,1248.2927692307692,234.70892307692307,0
smwfiZd8HLc_8799-10332-downsampled,348,1,1186.0,133.0,320.0,322.0,inside_visible,808.3783731343284,604.9874477611941,1
smwfiZd8HLc_8799-10332-downsampled,348,2,381.0,0.0,304.0,272.0,inside_visible,1248.4246153846154,235.11553846153845,0
smwfiZd8HLc_8799-10332-downsampled,349,1,1185.25,133.0,320.0,322.0,inside_visible,808.6049552238806,605.0887462686568,1
smwfiZd8HLc_8799-10332-downsampled,349,2,381.0,0.0,304.0,272.0,inside_visible,1248.5564615384617,235.52215384615383,0
smwfiZd8HLc_8799-10332-downsampled,350,1,1184.5,133.0,320.0,322.0,inside_visible,808.8315373134328,605.1900447761194,1
smwfiZd8HLc_8799-10332-downsampled,350,2,381.0,0.0,304.0,272.0,inside_visible,1248.6883076923075,235.92876923076923,0
smwfiZd8HLc_8799-10332-downsampled,351,1,1183.75,133.0,320.0,322.0,inside_visible,809.0581194029851,605.2913432835821,1
smwfiZd8HLc_8799-10332-downsampled,351,2,381.0,0.0,304.0,272.0,inside_visible,1248.8201538461535,236.3353846153846,0
smwfiZd8HLc_8799-10332-downsampled,352,1,1183.0,133.0,320.0,322.0,inside_visible,809.2847014925374,605.3926417910448,1
smwfiZd8HLc_8799-10332-downsampled,352,2,381.0,0.0,304.0,272.0,inside_visible,1248.952,236.742,0
smwfiZd8HLc_8799-10332-downsampled,353,1,1184.5,132.5,320.0,322.0,inside_visible,809.5112835820895,605.4939402985075,1
smwfiZd8HLc_8799-10332-downsampled,353,2,381.0,0.0,304.0,272.0,inside_visible,803.238,605.456,0
smwfiZd8HLc_8799-10332-downsampled,354,1,1186.0,132.0,320.0,322.0,inside_visible,809.7378656716418,605.5952388059702,1
smwfiZd8HLc_8799-10332-downsampled,354,2,381.0,0.0,304.0,272.0,inside_visible,803.4964090909092,605.2926818181818,0
smwfiZd8HLc_8799-10332-downsampled,355,1,1187.5,131.5,320.0,322.0,inside_visible,809.964447761194,605.6965373134328,1
smwfiZd8HLc_8799-10332-downsampled,355,2,381.0,0.0,304.0,272.0,inside_visible,803.7548181818182,605.1293636363637,0
smwfiZd8HLc_8799-10332-downsampled,356,1,1189.0,131.0,320.0,322.0,inside_visible,810.1910298507463,605.7978358208956,1
smwfiZd8HLc_8799-10332-downsampled,356,2,381.0,0.0,304.0,272.0,inside_visible,804.0132272727274,604.9660454545455,0
smwfiZd8HLc_8799-10332-downsampled,357,1,1190.5,130.5,320.0,322.0,inside_visible,810.4176119402985,605.8991343283583,1
smwfiZd8HLc_8799-10332-downsampled,357,2,381.0,0.0,304.0,272.0,inside_visible,804.2716363636364,604.8027272727273,0
smwfiZd8HLc_8799-10332-downsampled,358,1,1192.0,130.0,320.0,322.0,inside_visible,810.6441940298507,606.0004328358209,1
smwfiZd8HLc_8799-10332-downsampled,358,2,381.0,0.0,304.0,272.0,inside_visible,804.5300454545455,604.6394090909091,0
smwfiZd8HLc_8799-10332-downsampled,359,1,1191.0,129.75,320.0,322.0,inside_visible,810.870776119403,606.1017313432836,1
smwfiZd8HLc_8799-10332-downsampled,359,2,381.0,0.0,304.0,272.0,inside_visible,804.7884545454546,604.4760909090909,0
smwfiZd8HLc_8799-10332-downsampled,360,1,1190.0,129.5,320.0,322.0,inside_visible,811.0973582089553,606.2030298507462,1
smwfiZd8HLc_8799-10332-downsampled,360,2,381.0,0.0,304.0,272.0,inside_visible,805.0468636363637,604.3127727272728,0
smwfiZd8HLc_8799-10332-downsampled,361,1,1189.0,129.25,320.0,322.0,inside_visible,811.3239402985075,606.304328358209,1
smwfiZd8HLc_8799-10332-downsampled,361,2,381.0,0.0,304.0,272.0,inside_visible,805.3052727272727,604.1494545454545,0
smwfiZd8HLc_8799-10332-downsampled,362,1,1188.0,129.0,320.0,322.0,inside_visible,811.5505223880597,606.4056268656717,1
smwfiZd8HLc_8799-10332-downsampled,362,2,381.0,0.0,304.0,272.0,inside_visible,805.5636818181819,603.9861363636364,0
smwfiZd8HLc_8799-10332-downsampled,363,1,1187.0,128.75,320.0,322.0,inside_visible,811.7771044776119,606.5069253731343,1
smwfiZd8HLc_8799-10332-downsampled,363,2,381.0,0.0,304.0,272.0,inside_visible,805.8220909090909,603.8228181818182,0
smwfiZd8HLc_8799-10332-downsampled,364,1,1186.0,128.5,320.0,322.0,inside_visible,812.0036865671642,606.608223880597,1
smwfiZd8HLc_8799-10332-downsampled,364,2,381.0,0.0,304.0,272.0,inside_visible,806.0805,603.6595,0
smwfiZd8HLc_8799-10332-downsampled,365,1,1185.0,128.25,320.0,322.0,inside_visible,812.2302686567165,606.7095223880598,1
smwfiZd8HLc_8799-10332-downsampled,365,2,381.0,0.0,304.0,272.0,inside_visible,806.3389090909092,603.4961818181819,0
smwfiZd8HLc_8799-10332-downsampled,366,1,1184.0,128.0,320.0,322.0,inside_visible,812.4568507462686,606.8108208955224,1
smwfiZd8HLc_8799-10332-downsampled,366,2,381.0,0.0,304.0,272.0,inside_visible,806.5973181818182,603.3328636363636,0
smwfiZd8HLc_8799-10332-downsampled,367,1,1183.0,127.75,320.0,322.0,inside_visible,812.6834328358209,606.9121194029851,1
smwfiZd8HLc_8799-10332-downsampled,367,2,381.0,0.0,304.0,272.0,inside_visible,806.8557272727273,603.1695454545455,0
smwfiZd8HLc_8799-10332-downsampled,368,1,1182.0,127.5,320.0,322.0,inside_visible,812.9100149253732,607.0134179104477,1
smwfiZd8HLc_8799-10332-downsampled,368,2,381.0,0.0,304.0,272.0,inside_visible,807.1141363636364,603.0062272727273,0
smwfiZd8HLc_8799-10332-downsampled,369,1,1181.0,127.25,320.0,322.0,inside_visible,813.1365970149254,607.1147164179105,1
smwfiZd8HLc_8799-10332-downsampled,369,2,381.0,0.0,304.0,272.0,inside_visible,807.3725454545455,602.8429090909092,0
smwfiZd8HLc_8799-10332-downsampled,370,1,1180.0,127.0,320.0,322.0,inside_visible,813.3631791044776,607.2160149253732,1
smwfiZd8HLc_8799-10332-downsampled,370,2,381.0,0.0,304.0,272.0,inside_visible,807.6309545454545,602.679590909091,0
smwfiZd8HLc_8799-10332-downsampled,371,1,1178.5,127.375,320.0,322.0,inside_visible,813.5897611940298,607.3173134328358,1
smwfiZd8HLc_8799-10332-downsampled,371,2,381.0,0.0,304.0,272.0,inside_visible,807.8893636363637,602.5162727272727,0
smwfiZd8HLc_8799-10332-downsampled,372,1,1177.0,127.75,320.0,322.0,inside_visible,813.8163432835821,607.4186119402985,1
smwfiZd8HLc_8799-10332-downsampled,372,2,381.0,0.0,304.0,272.0,inside_visible,808.1477727272727,602.3529545454546,0
smwfiZd8HLc_8799-10332-downsampled,373,1,1175.5,128.125,320.0,322.0,inside_visible,814.0429253731344,607.5199104477613,1
smwfiZd8HLc_8799-10332-downsampled,373,2,381.0,0.0,304.0,272.0,inside_visible,808.4061818181818,602.1896363636364,0
smwfiZd8HLc_8799-10332-downsampled,374,1,1174.0,128.5,320.0,322.0,inside_visible,814.2695074626865,607.6212089552239,1
smwfiZd8HLc_8799-10332-downsampled,374,2,381.0,0.0,304.0,272.0,inside_visible,808.6645909090909,602.0263181818183,0
smwfiZd8HLc_8799-10332-downsampled,375,1,1172.5,128.875,320.0,322.0,inside_visible,814.4960895522388,607.7225074626866,1
smwfiZd8HLc_8799-10332-downsampled,375,2,381.0,0.0,304.0,272.0,inside_visible,808.923,601.863,0
smwfiZd8HLc_8799-10332-downsampled,376,1,1171.0,129.25,320.0,322.0,inside_visible,814.7226716417911,607.8238059701492,1
smwfiZd8HLc_8799-10332-downsampled,376,2,381.0,0.0,304.0,272.0,inside_visible,792.5896666666666,589.5296666666667,0
smwfiZd8HLc_8799-10332-downsampled,377,1,1169.5,129.625,320.0,322.0,inside_visible,814.9492537313433,607.925104477612,1
smwfiZd8HLc_8799-10332-downsampled,377,2,381.0,0.0,304.0,272.0,inside_visible,776.2563333333334,577.1963333333334,0
smwfiZd8HLc_8799-10332-downsampled,378,1,1168.0,130.0,320.0,322.0,inside_visible,815.1758358208955,608.0264029850747,1
smwfiZd8HLc_8799-10332-downsampled,378,2,381.0,0.0,304.0,272.0,inside_visible,759.923,564.863,0
smwfiZd8HLc_8799-10332-downsampled,379,1,1166.125,130.0,320.0,322.0,inside_visible,815.4024179104478,608.1277014925373,1
smwfiZd8HLc_8799-10332-downsampled,379,2,381.0,0.0,304.0,272.0,inside_visible,1276.923,213.863,0
smwfiZd8HLc_8799-10332-downsampled,380,1,1164.25,130.0,320.0,322.0,inside_visible,815.629,608.229,1
smwfiZd8HLc_8799-10332-downsampled,380,2,381.0,0.0,304.0,272.0,inside_visible,1271.5822,216.2676,0
smwfiZd8HLc_8799-10332-downsampled,381,1,1162.375,130.0,320.0,322.0,inside_visible,815.2373333333334,608.5206666666667,1
smwfiZd8HLc_8799-10332-downsampled,381,2,381.0,0.0,304.0,272.0,inside_visible,1266.2414,218.6722,0
smwfiZd8HLc_8799-10332-downsampled,382,1,1160.5,130.0,320.0,322.0,inside_visible,814.8456666666667,608.8123333333334,1
smwfiZd8HLc_8799-10332-downsampled,382,2,381.0,0.0,304.0,272.0,inside_visible,1260.9006,221.0768,0
smwfiZd8HLc_8799-10332-downsampled,383,1,1158.625,130.0,320.0,322.0,inside_visible,814.4540000000001,609.104,1
smwfiZd8HLc_8799-10332-downsampled,383,2,381.0,0.0,304.0,272.0,inside_visible,1255.5598,223.4814,0
smwfiZd8HLc_8799-10332-downsampled,384,1,1156.75,130.0,320.0,322.0,inside_visible,814.0623333333333,609.3956666666667,1
smwfiZd8HLc_8799-10332-downsampled,384,2,381.0,0.0,304.0,272.0,inside_visible,1250.219,225.886,0
smwfiZd8HLc_8799-10332-downsampled,385,1,1154.875,130.0,320.0,322.0,inside_visible,813.6706666666666,609.6873333333334,1
smwfiZd8HLc_8799-10332-downsampled,385,2,381.0,0.0,304.0,272.0,inside_visible,1244.8782,228.2906,0
smwfiZd8HLc_8799-10332-downsampled,386,1,1153.0,130.0,320.0,322.0,inside_visible,813.279,609.979,1
smwfiZd8HLc_8799-10332-downsampled,386,2,381.0,0.0,304.0,272.0,inside_visible,1239.5374,230.6952,0
smwfiZd8HLc_8799-10332-downsampled,387,1,1151.5,130.5,320.0,322.0,inside_visible,812.8873333333333,610.2706666666667,1
smwfiZd8HLc_8799-10332-downsampled,387,2,381.0,0.0,304.0,272.0,inside_visible,1234.1966,233.0998,0
smwfiZd8HLc_8799-10332-downsampled,388,1,1150.0,131.0,320.0,322.0,inside_visible,812.4956666666667,610.5623333333334,1
smwfiZd8HLc_8799-10332-downsampled,388,2,381.0,0.0,304.0,272.0,inside_visible,1228.8558,235.5044,0
smwfiZd8HLc_8799-10332-downsampled,389,1,1148.5,131.5,320.0,322.0,inside_visible,812.104,610.854,1
smwfiZd8HLc_8799-10332-downsampled,389,2,381.0,0.0,304.0,272.0,inside_visible,1223.515,237.909,0
smwfiZd8HLc_8799-10332-downsampled,390,1,1147.0,132.0,320.0,322.0,inside_visible,811.7123333333334,611.1456666666667,1
smwfiZd8HLc_8799-10332-downsampled,390,2,381.0,0.0,304.0,272.0,inside_visible,1218.1742,240.3136,0
smwfiZd8HLc_8799-10332-downsampled,391,1,1145.5,132.5,320.0,322.0,inside_visible,811.3206666666667,611.4373333333334,1
smwfiZd8HLc_8799-10332-downsampled,391,2,381.0,0.0,304.0,272.0,inside_visible,1212.8334,242.7182,0
smwfiZd8HLc_8799-10332-downsampled,392,1,1144.0,133.0,320.0,322.0,inside_visible,810.929,611.729,1
smwfiZd8HLc_8799-10332-downsampled,392,2,381.0,0.0,304.0,272.0,inside_visible,1207.4926,245.1228,0
smwfiZd8HLc_8799-10332-downsampled,393,1,1145.3333333333333,132.66666666666666,320.0,322.0,inside_visible,810.5373333333333,612.0206666666667,1
smwfiZd8HLc_8799-10332-downsampled,393,2,381.0,0.0,304.0,272.0,inside_visible,1202.1518,247.5274,0
smwfiZd8HLc_8799-10332-downsampled,394,1,1146.6666666666667,132.33333333333334,320.0,322.0,inside_visible,810.1456666666667,612.3123333333334,1
smwfiZd8HLc_8799-10332-downsampled,394,2,381.0,0.0,304.0,272.0,inside_visible,1196.811,249.932,0
smwfiZd8HLc_8799-10332-downsampled,395,1,1148.0,132.0,320.0,322.0,inside_visible,809.754,612.604,1
smwfiZd8HLc_8799-10332-downsampled,395,2,381.0,0.0,304.0,272.0,inside_visible,777.603,572.337,0
smwfiZd8HLc_8799-10332-downsampled,396,1,1149.3333333333333,131.66666666666666,320.0,322.0,inside_visible,813.629,570.229,1
smwfiZd8HLc_8799-10332-downsampled,396,2,381.0,0.0,304.0,272.0,inside_visible,778.6046666666666,561.5666666666666,0
smwfiZd8HLc_8799-10332-downsampled,397,1,1150.6666666666667,131.33333333333334,320.0,322.0,inside_visible,813.6128648648648,570.2094864864865,1
smwfiZd8HLc_8799-10332-downsampled,397,2,381.0,0.0,304.0,272.0,inside_visible,779.6063333333333,550.7963333333333,0
smwfiZd8HLc_8799-10332-downsampled,398,1,1152.0,131.0,320.0,322.0,inside_visible,813.5967297297298,570.189972972973,1
smwfiZd8HLc_8799-10332-downsampled,398,2,381.0,0.0,304.0,272.0,inside_visible,780.608,540.026,0
smwfiZd8HLc_8799-10332-downsampled,399,1,1153.3333333333333,130.66666666666666,320.0,322.0,inside_visible,813.5805945945946,570.1704594594595,1
smwfiZd8HLc_8799-10332-downsampled,399,2,381.0,0.0,304.0,272.0,inside_visible,781.6096666666666,529.2556666666667,0
smwfiZd8HLc_8799-10332-downsampled,400,1,1154.6666666666667,130.33333333333334,320.0,322.0,inside_visible,813.5644594594595,570.150945945946,1
smwfiZd8HLc_8799-10332-downsampled,400,2,381.0,0.0,304.0,272.0,inside_visible,782.6113333333334,518.4853333333333,0
smwfiZd8HLc_8799-10332-downsampled,401,1,1156.0,130.0,320.0,322.0,inside_visible,813.5483243243243,570.1314324324325,1
smwfiZd8HLc_8799-10332-downsampled,401,2,381.0,0.0,304.0,272.0,inside_visible,783.613,507.715,0
smwfiZd8HLc_8799-10332-downsampled,402,1,1153.75,131.5,320.0,322.0,inside_visible,813.5321891891892,570.111918918919,1
smwfiZd8HLc_8799-10332-downsampled,402,2,381.0,0.0,304.0,272.0,inside_visible,784.6146666666667,496.94466666666665,0
smwfiZd8HLc_8799-10332-downsampled,403,1,1151.5,133.0,320.0,322.0,inside_visible,813.516054054054,570.0924054054054,1
smwfiZd8HLc_8799-10332-downsampled,403,2,381.0,0.0,304.0,272.0,inside_visible,785.6163333333334,486.1743333333333,0
smwfiZd8HLc_8799-10332-downsampled,404,1,1149.25,134.5,320.0,322.0,inside_visible,813.499918918919,570.0728918918919,1
smwfiZd8HLc_8799-10332-downsampled,404,2,381.0,0.0,304.0,272.0,inside_visible,786.618,475.404,0
smwfiZd8HLc_8799-10332-downsampled,405,1,1147.0,136.0,320.0,322.0,inside_visible,813.4837837837838,570.0533783783784,1
smwfiZd8HLc_8799-10332-downsampled,405,2,381.0,0.0,304.0,272.0,inside_visible,790.618,454.7373333333333,0
smwfiZd8HLc_8799-10332-downsampled,406,1,1144.0,136.0,320.0,322.0,inside_visible,813.4676486486487,570.0338648648649,1
smwfiZd8HLc_8799-10332-downsampled,406,2,381.0,0.0,304.0,272.0,inside_visible,794.618,434.0706666666667,0
smwfiZd8HLc_8799-10332-downsampled,407,1,1141.0,136.0,320.0,322.0,inside_visible,813.4515135135135,570.0143513513514,1
smwfiZd8HLc_8799-10332-downsampled,407,2,381.0,0.0,304.0,272.0,inside_visible,798.618,413.404,0
smwfiZd8HLc_8799-10332-downsampled,408,1,1138.0,136.0,320.0,322.0,inside_visible,813.4353783783785,569.9948378378378,1
smwfiZd8HLc_8799-10332-downsampled,408,2,381.0,0.0,304.0,272.0,inside_visible,797.618,394.404,0
smwfiZd8HLc_8799-10332-downsampled,409,1,1135.0,136.0,320.0,322.0,inside_visible,813.4192432432433,569.9753243243243,1
smwfiZd8HLc_8799-10332-downsampled,409,2,381.0,0.0,304.0,272.0,inside_visible,796.618,375.404,0
smwfiZd8HLc_8799-10332-downsampled,410,1,1132.0,136.0,320.0,322.0,inside_visible,813.4031081081081,569.9558108108108,1
smwfiZd8HLc_8799-10332-downsampled,410,2,381.0,0.0,304.0,272.0,inside_visible,806.618,374.404,0
smwfiZd8HLc_8799-10332-downsampled,411,1,1130.0,132.0,320.0,322.0,inside_visible,813.386972972973,569.9362972972973,1
smwfiZd8HLc_8799-10332-downsampled,411,2,381.0,0.0,304.0,272.0,inside_visible,1192.618,249.404,0
smwfiZd8HLc_8799-10332-downsampled,412,1,1128.0,128.0,320.0,322.0,inside_visible,813.3708378378378,569.9167837837838,1
smwfiZd8HLc_8799-10332-downsampled,412,2,381.0,0.0,304.0,272.0,inside_visible,1191.8380232558138,249.6074186046512,0
smwfiZd8HLc_8799-10332-downsampled,413,1,1126.0,124.0,320.0,322.0,inside_visible,813.3547027027028,569.8972702702703,1
smwfiZd8HLc_8799-10332-downsampled,413,2,381.0,0.0,304.0,272.0,inside_visible,1191.058046511628,249.81083720930232,0
smwfiZd8HLc_8799-10332-downsampled,414,1,1126.5625,124.0,320.0,322.0,inside_visible,813.3385675675676,569.8777567567568,1
smwfiZd8HLc_8799-10332-downsampled,414,2,381.0,0.0,304.0,272.0,inside_visible,1190.2780697674418,250.0142558139535,0
smwfiZd8HLc_8799-10332-downsampled,415,1,1127.125,124.0,320.0,322.0,inside_visible,813.3224324324325,569.8582432432432,1
smwfiZd8HLc_8799-10332-downsampled,415,2,381.0,0.0,304.0,272.0,inside_visible,1189.4980930232557,250.21767441860464,0
smwfiZd8HLc_8799-10332-downsampled,416,1,1127.6875,124.0,320.0,322.0,inside_visible,813.3062972972973,569.8387297297297,1
smwfiZd8HLc_8799-10332-downsampled,416,2,381.0,0.0,304.0,272.0,inside_visible,1188.7181162790698,250.42109302325585,0
smwfiZd8HLc_8799-10332-downsampled,417,1,1128.25,124.0,320.0,322.0,inside_visible,813.2901621621622,569.8192162162162,1
smwfiZd8HLc_8799-10332-downsampled,417,2,381.0,0.0,304.0,272.0,inside_visible,1187.9381395348837,250.62451162790697,0
smwfiZd8HLc_8799-10332-downsampled,418,1,1128.8125,124.0,320.0,322.0,inside_visible,813.274027027027,569.7997027027027,1
smwfiZd8HLc_8799-10332-downsampled,418,2,381.0,0.0,304.0,272.0,inside_visible,1187.1581627906976,250.82793023255812,0
smwfiZd8HLc_8799-10332-downsampled,419,1,1129.375,124.0,320.0,322.0,inside_visible,813.257891891892,569.7801891891892,1
smwfiZd8HLc_8799-10332-downsampled,419,2,381.0,0.0,304.0,272.0,inside_visible,1186.3781860465117,251.0313488372093,0
smwfiZd8HLc_8799-10332-downsampled,420,1,1129.9375,124.0,320.0,322.0,inside_visible,813.2417567567568,569.7606756756757,1
smwfiZd8HLc_8799-10332-downsampled,420,2,381.0,0.0,304.0,272.0,inside_visible,1185.5982093023256,251.23476744186047,0
smwfiZd8HLc_8799-10332-downsampled,421,1,1130.5,124.0,320.0,322.0,inside_visible,813.2256216216216,569.7411621621621,1
smwfiZd8HLc_8799-10332-downsampled,421,2,381.0,0.0,304.0,272.0,inside_visible,1184.8182325581397,251.4381860465116,0
smwfiZd8HLc_8799-10332-downsampled,422,1,1131.0625,124.0,320.0,322.0,inside_visible,813.2094864864865,569.7216486486486,1
smwfiZd8HLc_8799-10332-downsampled,422,2,381.0,0.0,304.0,272.0,inside_visible,1184.0382558139534,251.6416046511628,0
smwfiZd8HLc_8799-10332-downsampled,423,1,1131.625,124.0,320.0,322.0,inside_visible,813.1933513513513,569.7021351351351,1
smwfiZd8HLc_8799-10332-downsampled,423,2,381.0,0.0,304.0,272.0,inside_visible,1183.2582790697677,251.84502325581397,0
smwfiZd8HLc_8799-10332-downsampled,424,1,1132.1875,124.0,320.0,322.0,inside_visible,813.1772162162163,569.6826216216216,1
smwfiZd8HLc_8799-10332-downsampled,424,2,381.0,0.0,304.0,272.0,inside_visible,1182.4783023255814,252.04844186046512,0
smwfiZd8HLc_8799-10332-downsampled,425,1,1132.75,124.0,320.0,322.0,inside_visible,813.1610810810811,569.6631081081081,1
smwfiZd8HLc_8799-10332-downsampled,425,2,381.0,0.0,304.0,272.0,inside_visible,1181.6983255813952,252.2518604651163,0
smwfiZd8HLc_8799-10332-downsampled,426,1,1133.3125,124.0,320.0,322.0,inside_visible,813.144945945946,569.6435945945946,1
smwfiZd8HLc_8799-10332-downsampled,426,2,381.0,0.0,304.0,272.0,inside_visible,1180.9183488372094,252.45527906976744,0
smwfiZd8HLc_8799-10332-downsampled,427,1,1133.875,124.0,320.0,322.0,inside_visible,813.1288108108108,569.624081081081,1
smwfiZd8HLc_8799-10332-downsampled,427,2,381.0,0.0,304.0,272.0,inside_visible,1180.1383720930232,252.65869767441865,0
smwfiZd8HLc_8799-10332-downsampled,428,1,1134.4375,124.0,320.0,322.0,inside_visible,813.1126756756757,569.6045675675675,1
smwfiZd8HLc_8799-10332-downsampled,428,2,381.0,0.0,304.0,272.0,inside_visible,1179.3583953488371,252.86211627906977,0
smwfiZd8HLc_8799-10332-downsampled,429,1,1135.0,124.0,320.0,322.0,inside_visible,813.0965405405406,569.585054054054,1
smwfiZd8HLc_8799-10332-downsampled,429,2,381.0,0.0,304.0,272.0,inside_visible,1178.578418604651,253.06553488372091,0
smwfiZd8HLc_8799-10332-downsampled,430,1,1133.3076923076924,124.0,319.53846153846143,322.0,inside_visible,813.0804054054055,569.5655405405405,1
smwfiZd8HLc_8799-10332-downsampled,430,2,381.0,0.0,304.0,272.0,inside_visible,1177.7984418604651,253.2689534883721,0
smwfiZd8HLc_8799-10332-downsampled,431,1,1131.6153846153843,124.0,319.0769230769231,322.0,inside_visible,813.0642702702703,569.546027027027,1
smwfiZd8HLc_8799-10332-downsampled,431,2,381.0,0.0,304.0,272.0,inside_visible,1177.018465116279,253.47237209302327,0
smwfiZd8HLc_8799-10332-downsampled,432,1,1129.923076923077,124.0,318.6153846153845,322.0,inside_visible,813.0481351351352,569.5265135135135,1
smwfiZd8HLc_8799-10332-downsampled,432,2,381.0,0.0,304.0,272.0,inside_visible,1176.238488372093,253.6757906976744,0
smwfiZd8HLc_8799-10332-downsampled,433,1,1128.2307692307693,124.0,318.1538461538462,322.0,inside_visible,813.032,569.507,1
smwfiZd8HLc_8799-10332-downsampled,433,2,381.0,0.0,304.0,272.0,inside_visible,1175.458511627907,253.8792093023256,0
smwfiZd8HLc_8799-10332-downsampled,434,1,1126.5384615384614,124.0,317.69230769230785,322.0,inside_visible,897.232,610.569,1
smwfiZd8HLc_8799-10332-downsampled,434,2,381.0,0.0,304.0,272.0,inside_visible,1174.6785348837209,254.08262790697677,0
smwfiZd8HLc_8799-10332-downsampled,435,1,1124.8461538461538,124.0,317.2307692307693,322.0,inside_visible,897.068,609.2234444444445,1
smwfiZd8HLc_8799-10332-downsampled,435,2,381.0,0.0,304.0,272.0,inside_visible,1173.8985581395348,254.28604651162792,0
smwfiZd8HLc_8799-10332-downsampled,436,1,1123.1538461538462,124.0,316.7692307692307,322.0,inside_visible,896.904,607.8778888888888,1
smwfiZd8HLc_8799-10332-downsampled,436,2,381.0,0.0,304.0,272.0,inside_visible,1173.1185813953489,254.48946511627904,0
smwfiZd8HLc_8799-10332-downsampled,437,1,1121.4615384615386,124.0,316.3076923076921,322.0,inside_visible,896.74,606.5323333333333,1
smwfiZd8HLc_8799-10332-downsampled,437,2,381.0,0.0,304.0,272.0,inside_visible,1172.3386046511628,254.69288372093024,0
smwfiZd8HLc_8799-10332-downsampled,438,1,1119.7692307692307,124.0,315.8461538461538,322.0,inside_visible,896.576,605.1867777777777,1
smwfiZd8HLc_8799-10332-downsampled,438,2,381.0,0.0,304.0,272.0,inside_visible,1171.5586279069769,254.8963023255814,0
smwfiZd8HLc_8799-10332-downsampled,439,1,1118.076923076923,124.0,315.3846153846155,322.0,inside_visible,896.4119999999999,603.8412222222222,1
smwfiZd8HLc_8799-10332-downsampled,439,2,381.0,0.0,304.0,272.0,inside_visible,1170.7786511627903,255.09972093023256,0
smwfiZd8HLc_8799-10332-downsampled,440,1,1116.3846153846157,124.0,314.9230769230769,322.0,inside_visible,896.2479999999999,602.4956666666666,1
smwfiZd8HLc_8799-10332-downsampled,440,2,381.0,0.0,304.0,272.0,inside_visible,1169.9986744186049,255.3031395348837,0
smwfiZd8HLc_8799-10332-downsampled,441,1,1114.6923076923076,124.0,314.46153846153857,322.0,inside_visible,896.084,601.1501111111111,1
smwfiZd8HLc_8799-10332-downsampled,441,2,381.0,0.0,304.0,272.0,inside_visible,1169.2186976744183,255.5065581395349,0
smwfiZd8HLc_8799-10332-downsampled,442,1,1113.0,124.0,314.0,322.0,inside_visible,895.92,599.8045555555555,1
smwfiZd8HLc_8799-10332-downsampled,442,2,381.0,0.0,304.0,272.0,inside_visible,1168.4387209302324,255.7099767441861,0
smwfiZd8HLc_8799-10332-downsampled,443,1,1114.0,124.4,313.0,321.6,inside_visible,895.756,598.459,1
smwfiZd8HLc_8799-10332-downsampled,443,2,381.0,0.0,304.0,272.0,inside_visible,1167.6587441860463,255.9133953488372,0
smwfiZd8HLc_8799-10332-downsampled,444,1,1115.0,124.8,312.0,321.2,inside_visible,806.703,579.336,1
smwfiZd8HLc_8799-10332-downsampled,444,2,381.0,0.0,304.0,272.0,inside_visible,1166.8787674418604,256.1168139534884,0
smwfiZd8HLc_8799-10332-downsampled,445,1,1116.0,125.2,311.0,320.8,inside_visible,806.6501499999999,579.3380500000001,1
smwfiZd8HLc_8799-10332-downsampled,445,2,381.0,0.0,304.0,272.0,inside_visible,1166.0987906976743,256.32023255813954,0
smwfiZd8HLc_8799-10332-downsampled,446,1,1117.0,125.6,310.0,320.4,inside_visible,806.5973,579.3401,1
smwfiZd8HLc_8799-10332-downsampled,446,2,381.0,0.0,304.0,272.0,inside_visible,1165.3188139534884,256.5236511627907,0
smwfiZd8HLc_8799-10332-downsampled,447,1,1118.0,126.0,309.0,320.0,inside_visible,806.54445,579.34215,1
smwfiZd8HLc_8799-10332-downsampled,447,2,381.0,0.0,304.0,272.0,inside_visible,1164.5388372093023,256.7270697674419,0
smwfiZd8HLc_8799-10332-downsampled,448,1,1119.0,126.4,308.0,319.6,inside_visible,806.4916,579.3442,1
smwfiZd8HLc_8799-10332-downsampled,448,2,381.0,0.0,304.0,272.0,inside_visible,1163.7588604651162,256.930488372093,0
smwfiZd8HLc_8799-10332-downsampled,449,1,1120.0,126.8,307.0,319.2,inside_visible,806.43875,579.34625,1
smwfiZd8HLc_8799-10332-downsampled,449,2,381.0,0.0,304.0,272.0,inside_visible,1162.97888372093,257.1339069767442,0
smwfiZd8HLc_8799-10332-downsampled,450,1,1121.0,127.2,306.0,318.8,inside_visible,806.3859,579.3483,1
smwfiZd8HLc_8799-10332-downsampled,450,2,381.0,0.0,304.0,272.0,inside_visible,1162.1989069767442,257.33732558139536,0
smwfiZd8HLc_8799-10332-downsampled,451,1,1122.0,127.6,305.0,318.4,inside_visible,806.33305,579.3503499999999,1
smwfiZd8HLc_8799-10332-downsampled,451,2,381.0,0.0,304.0,272.0,inside_visible,1161.418930232558,257.54074418604654,0
smwfiZd8HLc_8799-10332-downsampled,452,1,1123.0,128.0,304.0,318.0,inside_visible,806.2801999999999,579.3524,1
smwfiZd8HLc_8799-10332-downsampled,452,2,381.0,0.0,304.0,272.0,inside_visible,1160.638953488372,257.74416279069766,0
smwfiZd8HLc_8799-10332-downsampled,453,1,1124.0,128.4,303.0,317.6,inside_visible,806.22735,579.35445,1
smwfiZd8HLc_8799-10332-downsampled,453,2,381.0,0.0,304.0,272.0,inside_visible,1159.858976744186,257.94758139534883,0
smwfiZd8HLc_8799-10332-downsampled,454,1,1125.0,128.8,302.0,317.2,inside_visible,806.1745,579.3565,1
smwfiZd8HLc_8799-10332-downsampled,454,2,381.0,0.0,304.0,272.0,inside_visible,1159.079,258.151,0
smwfiZd8HLc_8799-10332-downsampled,455,1,1126.0,129.2,301.0,316.8,inside_visible,806.1216499999999,579.35855,1
smwfiZd8HLc_8799-10332-downsampled,455,2,381.0,0.0,304.0,272.0,inside_visible,1162.079,256.4843333333333,0
smwfiZd8HLc_8799-10332-downsampled,456,1,1127.0,129.6,300.0,316.4,inside_visible,806.0688,579.3606,1
smwfiZd8HLc_8799-10332-downsampled,456,2,381.0,0.0,304.0,272.0,inside_visible,1165.079,254.81766666666667,0
smwfiZd8HLc_8799-10332-downsampled,457,1,1128.0,130.0,299.0,316.0,inside_visible,806.01595,579.36265,1
smwfiZd8HLc_8799-10332-downsampled,457,2,381.0,0.0,304.0,272.0,inside_visible,1168.079,253.151,0
smwfiZd8HLc_8799-10332-downsampled,458,1,1129.8,129.4,299.0,316.0,inside_visible,805.9630999999999,579.3647,1
smwfiZd8HLc_8799-10332-downsampled,458,2,381.0,0.0,304.0,272.0,inside_visible,1171.079,251.48433333333332,0
smwfiZd8HLc_8799-10332-downsampled,459,1,1131.6,128.8,299.0,316.0,inside_visible,805.9102499999999,579.3667499999999,1
smwfiZd8HLc_8799-10332-downsampled,459,2,381.0,0.0,304.0,272.0,inside_visible,1174.079,249.81766666666667,0
smwfiZd8HLc_8799-10332-downsampled,460,1,1133.4,128.2,299.0,316.0,inside_visible,805.8574,579.3688,1
smwfiZd8HLc_8799-10332-downsampled,460,2,381.0,0.0,304.0,272.0,inside_visible,1177.079,248.151,0
smwfiZd8HLc_8799-10332-downsampled,461,1,1135.2,127.6,299.0,316.0,inside_visible,805.80455,579.37085,1
smwfiZd8HLc_8799-10332-downsampled,461,2,381.0,0.0,304.0,272.0,inside_visible,1182.5456,247.6176,0
smwfiZd8HLc_8799-10332-downsampled,462,1,1137.0,127.0,299.0,316.0,inside_visible,805.7516999999999,579.3729,1
smwfiZd8HLc_8799-10332-downsampled,462,2,381.0,0.0,304.0,272.0,inside_visible,1188.0122,247.0842,0
smwfiZd8HLc_8799-10332-downsampled,463,1,1136.7073170731708,126.85365853658536,299.0,316.0,inside_visible,805.69885,579.3749499999999,1
smwfiZd8HLc_8799-10332-downsampled,463,2,381.0,0.0,304.0,272.0,inside_visible,1193.4788,246.5508,0
smwfiZd8HLc_8799-10332-downsampled,464,1,1136.4146341463415,126.70731707317071,299.0,316.0,inside_visible,805.646,579.377,1
smwfiZd8HLc_8799-10332-downsampled,464,2,381.0,0.0,304.0,272.0,inside_visible,1198.9454,246.0174,0
smwfiZd8HLc_8799-10332-downsampled,465,1,1136.121951219512,126.5609756097561,299.0,316.0,inside_visible,614.493,142.579,1
smwfiZd8HLc_8799-10332-downsampled,465,2,381.0,0.0,304.0,272.0,inside_visible,1204.412,245.484,0
smwfiZd8HLc_8799-10332-downsampled,466,1,1135.8292682926829,126.41463414634148,299.0,316.0,inside_visible,612.792625,141.21975,1
smwfiZd8HLc_8799-10332-downsampled,466,2,381.0,0.0,304.0,272.0,inside_visible,821.079,576.151,0
smwfiZd8HLc_8799-10332-downsampled,467,1,1135.5365853658536,126.26829268292684,299.0,316.0,inside_visible,611.09225,139.8605,1
smwfiZd8HLc_8799-10332-downsampled,467,2,381.0,0.0,304.0,272.0,inside_visible,817.1524999999999,574.5525,0
smwfiZd8HLc_8799-10332-downsampled,468,1,1135.2439024390244,126.1219512195122,299.0,316.0,inside_visible,609.391875,138.50125,1
smwfiZd8HLc_8799-10332-downsampled,468,2,381.0,0.0,304.0,272.0,inside_visible,813.226,572.954,0
smwfiZd8HLc_8799-10332-downsampled,469,1,1134.9512195121952,125.97560975609755,299.0,316.0,inside_visible,607.6915,137.142,1
smwfiZd8HLc_8799-10332-downsampled,469,2,381.0,0.0,304.0,272.0,inside_visible,809.2995000000001,571.3554999999999,0
smwfiZd8HLc_8799-10332-downsampled,470,1,1134.658536585366,125.82926829268293,299.0,316.0,inside_visible,605.991125,135.78275000000002,1
smwfiZd8HLc_8799-10332-downsampled,470,2,381.0,0.0,304.0,272.0,inside_visible,805.373,569.757,0
smwfiZd8HLc_8799-10332-downsampled,471,1,1134.3658536585365,125.6829268292683,299.0,316.0,inside_visible,604.29075,134.42350000000002,1
smwfiZd8HLc_8799-10332-downsampled,471,2,381.0,0.0,304.0,272.0,inside_visible,1181.447,240.658,0
smwfiZd8HLc_8799-10332-downsampled,472,1,1134.0731707317073,125.53658536585364,299.0,316.0,inside_visible,602.590375,133.06425000000002,1
smwfiZd8HLc_8799-10332-downsampled,472,2,381.0,0.0,304.0,272.0,inside_visible,1181.1764642857142,240.91267857142856,0
smwfiZd8HLc_8799-10332-downsampled,473,1,1133.780487804878,125.39024390243902,299.0,316.0,inside_visible,600.89,131.705,1
smwfiZd8HLc_8799-10332-downsampled,473,2,374.0,0.0,304.0,272.0,inside_visible,1180.9059285714284,241.16735714285716,0
smwfiZd8HLc_8799-10332-downsampled,474,1,1133.4878048780488,125.2439024390244,299.0,316.0,inside_visible,806.19,573.596,1
smwfiZd8HLc_8799-10332-downsampled,474,2,367.0,0.0,304.0,272.0,inside_visible,1180.6353928571427,241.4220357142857,0
smwfiZd8HLc_8799-10332-downsampled,475,1,1133.1951219512196,125.09756097560977,299.0,316.0,inside_visible,805.8509230769231,573.2807692307692,1
smwfiZd8HLc_8799-10332-downsampled,475,2,360.0,0.0,304.0,272.0,inside_visible,1180.364857142857,241.67671428571427,0
smwfiZd8HLc_8799-10332-downsampled,476,1,1132.9024390243903,124.95121951219512,299.0,316.0,inside_visible,805.5118461538462,572.9655384615385,1
smwfiZd8HLc_8799-10332-downsampled,476,2,361.5,0.0,304.0,264.5,inside_visible,1180.0943214285714,241.93139285714284,0
smwfiZd8HLc_8799-10332-downsampled,477,1,1132.6097560975609,124.8048780487805,299.0,316.0,inside_visible,805.1727692307693,572.6503076923077,1
smwfiZd8HLc_8799-10332-downsampled,477,2,363.0,0.0,304.0,257.0,inside_visible,1179.8237857142856,242.1860714285714,0
smwfiZd8HLc_8799-10332-downsampled,478,1,1132.3170731707316,124.65853658536584,299.0,316.0,inside_visible,804.8336923076923,572.3350769230769,1
smwfiZd8HLc_8799-10332-downsampled,478,2,354.0,0.0,304.0,249.33333333333331,inside_visible,1179.55325,242.44075,0
smwfiZd8HLc_8799-10332-downsampled,479,1,1132.0243902439024,124.51219512195122,299.0,316.0,inside_visible,804.4946153846155,572.0198461538462,1
smwfiZd8HLc_8799-10332-downsampled,479,2,345.0,0.0,304.0,241.66666666666663,inside_visible,1179.2827142857143,242.69542857142852,0
smwfiZd8HLc_8799-10332-downsampled,480,1,1131.7317073170732,124.36585365853658,299.0,316.0,inside_visible,804.1555384615385,571.7046153846154,1
smwfiZd8HLc_8799-10332-downsampled,480,2,336.0,0.0,304.0,234.0,inside_visible,1179.0121785714284,242.95010714285712,0
smwfiZd8HLc_8799-10332-downsampled,481,1,1131.439024390244,124.21951219512196,299.0,316.0,inside_visible,803.8164615384616,571.3893846153846,1
smwfiZd8HLc_8799-10332-downsampled,481,2,331.6666666666667,0.0,303.99999999999994,234.0,inside_visible,1178.7416428571428,243.2047857142857,0
smwfiZd8HLc_8799-10332-downsampled,482,1,1131.1463414634147,124.07317073170732,299.0,316.0,inside_visible,803.4773846153846,571.0741538461539,1
smwfiZd8HLc_8799-10332-downsampled,482,2,327.3333333333333,0.0,304.00000000000006,234.0,inside_visible,1178.4711071428571,243.45946428571423,0
smwfiZd8HLc_8799-10332-downsampled,483,1,1130.8536585365853,123.92682926829268,299.0,316.0,inside_visible,803.1383076923078,570.7589230769231,1
smwfiZd8HLc_8799-10332-downsampled,483,2,323.0,0.0,304.0,234.0,inside_visible,1178.2005714285715,243.71414285714283,0
smwfiZd8HLc_8799-10332-downsampled,484,1,1130.560975609756,123.78048780487804,299.0,316.0,inside_visible,802.7992307692308,570.4436923076923,1
smwfiZd8HLc_8799-10332-downsampled,484,2,319.0,0.0,304.0,234.0,inside_visible,1177.9300357142856,243.9688214285714,0
smwfiZd8HLc_8799-10332-downsampled,485,1,1130.2682926829268,123.63414634146342,299.0,316.0,inside_visible,802.4601538461538,570.1284615384616,1
smwfiZd8HLc_8799-10332-downsampled,485,2,314.0,0.0,304.0,234.0,inside_visible,1177.6595,244.2235,0
smwfiZd8HLc_8799-10332-downsampled,486,1,1129.9756097560976,123.48780487804878,299.0,316.0,inside_visible,802.121076923077,569.8132307692308,1
smwfiZd8HLc_8799-10332-downsampled,486,2,310.0,0.0,304.0,235.0,inside_visible,1177.3889642857143,244.47817857142857,0
smwfiZd8HLc_8799-10332-downsampled,487,1,1129.6829268292684,123.34146341463416,299.0,316.0,inside_visible,801.782,569.498,1
smwfiZd8HLc_8799-10332-downsampled,487,2,306.0,0.0,304.0,235.0,inside_visible,1177.1184285714285,244.73285714285717,0
smwfiZd8HLc_8799-10332-downsampled,488,1,1129.3902439024391,123.1951219512195,299.0,316.0,inside_visible,799.7154,569.4314,1
smwfiZd8HLc_8799-10332-downsampled,488,2,302.0,0.0,304.0,235.0,inside_visible,1176.8478928571428,244.9875357142857,0
smwfiZd8HLc_8799-10332-downsampled,489,1,1129.0975609756097,123.04878048780488,299.0,316.0,inside_visible,797.6488,569.3648000000001,1
smwfiZd8HLc_8799-10332-downsampled,489,2,298.0,0.0,304.0,235.0,inside_visible,1176.5773571428572,245.24221428571428,0
smwfiZd8HLc_8799-10332-downsampled,490,1,1128.8048780487804,122.90243902439023,299.0,316.0,inside_visible,795.5822,569.2982,1
smwfiZd8HLc_8799-10332-downsampled,490,2,293.0,0.0,304.0,235.0,inside_visible,1176.3068214285715,245.49689285714285,0
smwfiZd8HLc_8799-10332-downsampled,491,1,1128.5121951219512,122.7560975609756,299.0,316.0,inside_visible,793.5156,569.2316,1
smwfiZd8HLc_8799-10332-downsampled,491,2,288.0,0.0,304.0,235.0,inside_visible,1176.0362857142857,245.75157142857145,0
smwfiZd8HLc_8799-10332-downsampled,492,1,1128.219512195122,122.60975609756098,299.0,316.0,inside_visible,791.449,569.165,1
smwfiZd8HLc_8799-10332-downsampled,492,2,283.0,0.0,304.0,235.0,inside_visible,1175.76575,246.00625,0
smwfiZd8HLc_8799-10332-downsampled,493,1,1127.9268292682927,122.46341463414636,299.0,316.0,inside_visible,503.782,427.498,1
smwfiZd8HLc_8799-10332-downsampled,493,2,281.2857142857143,0.0,304.00000000000006,235.0,inside_visible,1175.4952142857144,246.26092857142856,0
smwfiZd8HLc_8799-10332-downsampled,494,1,1127.6341463414635,122.3170731707317,299.0,316.0,inside_visible,500.0318,430.815,1
smwfiZd8HLc_8799-10332-downsampled,494,2,279.57142857142856,0.0,304.0,235.0,inside_visible,1175.2246785714285,246.51560714285716,0
smwfiZd8HLc_8799-10332-downsampled,495,1,1127.341463414634,122.17073170731707,299.0,316.0,inside_visible,496.2816,434.132,1
smwfiZd8HLc_8799-10332-downsampled,495,2,277.85714285714283,0.0,304.00000000000006,235.0,inside_visible,1174.9541428571429,246.7702857142857,0
smwfiZd8HLc_8799-10332-downsampled,496,1,1127.0487804878048,122.02439024390245,299.0,316.0,inside_visible,492.5314,437.449,1
smwfiZd8HLc_8799-10332-downsampled,496,2,276.1428571428572,0.0,303.99999999999994,235.0,inside_visible,1174.6836071428572,247.02496428571428,0
smwfiZd8HLc_8799-10332-downsampled,497,1,1126.7560975609756,121.8780487804878,299.0,316.0,inside_visible,488.7812,440.766,1
smwfiZd8HLc_8799-10332-downsampled,497,2,274.42857142857144,0.0,304.0,235.0,inside_visible,1174.4130714285716,247.27964285714285,0
smwfiZd8HLc_8799-10332-downsampled,498,1,1126.4634146341464,121.73170731707316,299.0,316.0,inside_visible,485.031,444.083,1
smwfiZd8HLc_8799-10332-downsampled,498,2,272.7142857142857,0.0,303.99999999999994,235.0,inside_visible,1174.1425357142855,247.53432142857145,0
smwfiZd8HLc_8799-10332-downsampled,499,1,1126.1707317073171,121.58536585365852,299.0,316.0,inside_visible,485.50158823529415,443.6712352941177,1
smwfiZd8HLc_8799-10332-downsampled,499,2,271.0,0.0,304.0,235.0,inside_visible,1173.872,247.789,0
smwfiZd8HLc_8799-10332-downsampled,500,1,1125.878048780488,121.4390243902439,299.0,316.0,inside_visible,485.9721764705882,443.2594705882353,1
smwfiZd8HLc_8799-10332-downsampled,500,2,270.1,0.0,304.0,235.0,inside_visible,1174.472,247.689,0
smwfiZd8HLc_8799-10332-downsampled,501,1,1125.5853658536585,121.29268292682929,299.0,316.0,inside_visible,486.4427647058824,442.84770588235295,1
smwfiZd8HLc_8799-10332-downsampled,501,2,269.2,0.0,304.00000000000006,235.0,inside_visible,1175.072,247.589,0
smwfiZd8HLc_8799-10332-downsampled,502,1,1125.2926829268292,121.14634146341464,299.0,316.0,inside_visible,486.91335294117647,442.4359411764706,1
smwfiZd8HLc_8799-10332-downsampled,502,2,268.3,0.0,303.99999999999994,235.0,inside_visible,1175.672,247.489,0
smwfiZd8HLc_8799-10332-downsampled,503,1,1125.0,121.0,299.0,316.0,inside_visible,487.3839411764706,442.02417647058826,1
smwfiZd8HLc_8799-10332-downsampled,503,2,267.4,0.0,304.0,235.0,inside_visible,1176.2720000000002,247.389,0
smwfiZd8HLc_8799-10332-downsampled,504,1,1125.3333333333333,121.5,299.0,316.0,inside_visible,487.8545294117647,441.6124117647059,1
smwfiZd8HLc_8799-10332-downsampled,504,2,266.5,0.0,304.0,235.0,inside_visible,1176.872,247.289,0
smwfiZd8HLc_8799-10332-downsampled,505,1,1125.6666666666667,122.0,299.0,316.0,inside_visible,488.3251176470589,441.2006470588236,1
smwfiZd8HLc_8799-10332-downsampled,505,2,265.6,0.0,304.0,235.0,inside_visible,1177.472,247.189,0
smwfiZd8HLc_8799-10332-downsampled,506,1,1126.0,122.5,299.0,316.0,inside_visible,488.7957058823529,440.7888823529412,1
smwfiZd8HLc_8799-10332-downsampled,506,2,264.7,0.0,304.00000000000006,235.0,inside_visible,1178.072,247.089,0
smwfiZd8HLc_8799-10332-downsampled,507,1,1126.3333333333333,123.0,299.0,316.0,inside_visible,489.2662941176471,440.37711764705887,1
smwfiZd8HLc_8799-10332-downsampled,507,2,263.8,0.0,303.99999999999994,235.0,inside_visible,1178.672,246.989,0
smwfiZd8HLc_8799-10332-downsampled,508,1,1126.6666666666667,123.5,299.0,316.0,inside_visible,489.7368823529412,439.9653529411765,1
smwfiZd8HLc_8799-10332-downsampled,508,2,262.9,0.0,304.0,235.0,inside_visible,1179.2720000000002,246.889,0
smwfiZd8HLc_8799-10332-downsampled,509,1,1127.0,124.0,299.0,316.0,inside_visible,490.2074705882353,439.55358823529417,1
smwfiZd8HLc_8799-10332-downsampled,509,2,262.0,0.0,304.0,235.0,inside_visible,1179.872,246.789,0
smwfiZd8HLc_8799-10332-downsampled,510,1,1127.3333333333333,124.5,299.0,316.0,inside_visible,490.6780588235294,439.1418235294118,1
smwfiZd8HLc_8799-10332-downsampled,510,2,262.6,0.2,304.0,235.0,inside_visible,1180.472,246.689,0
smwfiZd8HLc_8799-10332-downsampled,511,1,1127.6666666666667,125.0,299.0,316.0,inside_visible,491.14864705882354,438.7300588235294,1
smwfiZd8HLc_8799-10332-downsampled,511,2,263.2,0.4,304.00000000000006,235.0,inside_visible,1181.072,246.589,0
smwfiZd8HLc_8799-10332-downsampled,512,1,1128.0,125.5,299.0,316.0,inside_visible,491.6192352941176,438.3182941176471,1
smwfiZd8HLc_8799-10332-downsampled,512,2,263.8,0.6000000000000001,303.99999999999994,235.0,inside_visible,1181.672,246.489,0
smwfiZd8HLc_8799-10332-downsampled,513,1,1128.3333333333333,126.0,299.0,316.0,inside_visible,492.0898235294118,437.9065294117647,1
smwfiZd8HLc_8799-10332-downsampled,513,2,264.4,0.8,304.0,235.0,inside_visible,1182.2720000000002,246.389,0
smwfiZd8HLc_8799-10332-downsampled,514,1,1128.6666666666667,126.5,299.0,316.0,inside_visible,492.56041176470586,437.4947647058824,1
smwfiZd8HLc_8799-10332-downsampled,514,2,265.0,1.0,304.0,235.0,inside_visible,1182.872,246.289,0
smwfiZd8HLc_8799-10332-downsampled,515,1,1129.0,127.0,299.0,316.0,inside_visible,493.031,437.083,1
smwfiZd8HLc_8799-10332-downsampled,515,2,265.6,1.2000000000000002,304.0,235.0,inside_visible,1183.472,246.189,0
smwfiZd8HLc_8799-10332-downsampled,516,1,1129.3333333333333,127.5,299.0,316.0,inside_visible,493.50158823529415,436.6712352941177,1
smwfiZd8HLc_8799-10332-downsampled,516,2,266.2,1.4,304.00000000000006,235.0,inside_visible,1184.072,246.089,0
smwfiZd8HLc_8799-10332-downsampled,517,1,1129.6666666666667,128.0,299.0,316.0,inside_visible,493.9721764705882,436.2594705882353,1
smwfiZd8HLc_8799-10332-downsampled,517,2,266.8,1.6,303.99999999999994,235.0,inside_visible,1184.672,245.989,0
smwfiZd8HLc_8799-10332-downsampled,518,1,1130.0,128.5,299.0,316.0,inside_visible,494.4427647058824,435.84770588235295,1
smwfiZd8HLc_8799-10332-downsampled,518,2,267.4,1.7999999999999998,304.0,235.0,inside_visible,1185.2720000000002,245.889,0
smwfiZd8HLc_8799-10332-downsampled,519,1,1130.3333333333333,129.0,299.0,316.0,inside_visible,494.91335294117647,435.4359411764706,1
smwfiZd8HLc_8799-10332-downsampled,519,2,268.0,2.0,304.0,235.0,inside_visible,1185.872,245.789,0
smwfiZd8HLc_8799-10332-downsampled,520,1,1130.6666666666667,129.5,299.0,316.0,inside_visible,495.3839411764706,435.02417647058826,1
smwfiZd8HLc_8799-10332-downsampled,520,2,268.6,2.2,304.0,235.0,inside_visible,1186.472,245.689,0
smwfiZd8HLc_8799-10332-downsampled,521,1,1131.0,130.0,299.0,316.0,inside_visible,495.8545294117647,434.6124117647059,1
smwfiZd8HLc_8799-10332-downsampled,521,2,269.2,2.4000000000000004,304.00000000000006,235.0,inside_visible,1187.072,245.589,0
smwfiZd8HLc_8799-10332-downsampled,522,1,1131.75,129.625,299.0,316.0,inside_visible,496.3251176470589,434.2006470588236,1
smwfiZd8HLc_8799-10332-downsampled,522,2,269.8,2.6,303.99999999999994,235.0,inside_visible,1187.672,245.489,0
smwfiZd8HLc_8799-10332-downsampled,523,1,1132.5,129.25,299.0,316.0,inside_visible,496.7957058823529,433.7888823529412,1
smwfiZd8HLc_8799-10332-downsampled,523,2,270.4,2.8,304.0,235.0,inside_visible,1188.2720000000002,245.389,0
smwfiZd8HLc_8799-10332-downsampled,524,1,1133.25,128.875,299.0,316.0,inside_visible,497.2662941176471,433.37711764705887,1
smwfiZd8HLc_8799-10332-downsampled,524,2,271.0,3.0,304.0,235.0,inside_visible,1188.872,245.289,0
smwfiZd8HLc_8799-10332-downsampled,525,1,1134.0,128.5,299.0,316.0,inside_visible,497.7368823529412,432.9653529411765,1
smwfiZd8HLc_8799-10332-downsampled,525,2,270.0769230769231,2.769230769230769,304.0,235.0,inside_visible,1189.472,245.189,0
smwfiZd8HLc_8799-10332-downsampled,526,1,1134.75,128.125,299.0,316.0,inside_visible,498.2074705882353,432.55358823529417,1
smwfiZd8HLc_8799-10332-downsampled,526,2,269.15384615384613,2.5384615384615383,304.00000000000006,235.0,inside_visible,1190.072,245.089,0
smwfiZd8HLc_8799-10332-downsampled,527,1,1135.5,127.75,299.0,316.0,inside_visible,498.6780588235294,432.1418235294118,1
smwfiZd8HLc_8799-10332-downsampled,527,2,268.2307692307692,2.3076923076923075,304.00000000000006,235.0,inside_visible,1190.672,244.989,0
smwfiZd8HLc_8799-10332-downsampled,528,1,1136.25,127.375,299.0,316.0,inside_visible,499.14864705882354,431.7300588235294,1
smwfiZd8HLc_8799-10332-downsampled,528,2,267.3076923076923,2.0769230769230766,303.99999999999994,235.0,inside_visible,1191.2720000000002,244.889,0
smwfiZd8HLc_8799-10332-downsampled,529,1,1137.0,127.0,299.0,316.0,inside_visible,499.6192352941176,431.3182941176471,1
smwfiZd8HLc_8799-10332-downsampled,529,2,266.38461538461536,1.846153846153846,304.0,235.0,inside_visible,1191.872,244.789,0
smwfiZd8HLc_8799-10332-downsampled,530,1,1137.75,126.625,299.0,316.0,inside_visible,500.0898235294118,430.9065294117647,1
smwfiZd8HLc_8799-10332-downsampled,530,2,265.46153846153845,1.6153846153846154,304.0,235.0,inside_visible,1192.472,244.689,0
smwfiZd8HLc_8799-10332-downsampled,531,1,1138.5,126.25,299.0,316.0,inside_visible,500.56041176470586,430.4947647058824,1
smwfiZd8HLc_8799-10332-downsampled,531,2,264.53846153846155,1.3846153846153846,304.0,235.0,inside_visible,1193.072,244.589,0
smwfiZd8HLc_8799-10332-downsampled,532,1,1139.25,125.875,299.0,316.0,inside_visible,501.031,430.083,1
smwfiZd8HLc_8799-10332-downsampled,532,2,263.61538461538464,1.1538461538461535,304.0,235.0,inside_visible,1193.672,244.489,0
smwfiZd8HLc_8799-10332-downsampled,533,1,1140.0,125.5,299.0,316.0,inside_visible,498.0976666666666,425.8163333333334,1
smwfiZd8HLc_8799-10332-downsampled,533,2,262.6923076923077,0.9230769230769234,304.00000000000006,235.0,inside_visible,1194.2720000000002,244.389,0
smwfiZd8HLc_8799-10332-downsampled,534,1,1140.75,125.125,299.0,316.0,inside_visible,495.1643333333333,421.54966666666667,1
smwfiZd8HLc_8799-10332-downsampled,534,2,261.7692307692308,0.6923076923076921,303.99999999999994,235.0,inside_visible,1194.872,244.289,0
smwfiZd8HLc_8799-10332-downsampled,535,1,1141.5,124.75,299.0,316.0,inside_visible,492.231,417.283,1
smwfiZd8HLc_8799-10332-downsampled,535,2,260.84615384615387,0.4615384615384617,303.99999999999994,235.0,inside_visible,1195.472,244.189,0
smwfiZd8HLc_8799-10332-downsampled,536,1,1142.25,124.375,299.0,316.0,inside_visible,489.29766666666666,413.01633333333336,1
smwfiZd8HLc_8799-10332-downsampled,536,2,259.9230769230769,0.2307692307692308,304.0,235.0,inside_visible,1196.072,244.089,0
smwfiZd8HLc_8799-10332-downsampled,537,1,1143.0,124.0,299.0,316.0,inside_visible,486.3643333333333,408.74966666666666,1
smwfiZd8HLc_8799-10332-downsampled,537,2,259.0,0.0,304.0,235.0,inside_visible,1196.672,243.989,0
smwfiZd8HLc_8799-10332-downsampled,538,1,1143.7916666666667,124.375,299.0,316.0,inside_visible,483.431,404.483,1
smwfiZd8HLc_8799-10332-downsampled,538,2,259.2307692307692,0.0,303.7692307692308,234.65384615384616,inside_visible,1197.2720000000002,243.889,0
smwfiZd8HLc_8799-10332-downsampled,539,1,1144.5833333333333,124.75,299.0,316.0,inside_visible,480.49766666666665,400.21633333333335,1
smwfiZd8HLc_8799-10332-downsampled,539,2,259.46153846153845,0.0,303.53846153846155,234.30769230769232,inside_visible,1197.872,243.789,0
smwfiZd8HLc_8799-10332-downsampled,540,1,1145.375,125.125,299.0,316.0,inside_visible,477.5643333333333,395.9496666666666,1
smwfiZd8HLc_8799-10332-downsampled,540,2,259.6923076923077,0.0,303.3076923076923,233.96153846153845,inside_visible,1198.9286037735849,243.789,0
smwfiZd8HLc_8799-10332-downsampled,541,1,1146.1666666666667,125.5,299.0,316.0,inside_visible,474.631,391.683,1
smwfiZd8HLc_8799-10332-downsampled,541,2,259.9230769230769,0.0,303.0769230769231,233.6153846153846,inside_visible,1199.98520754717,243.789,0
smwfiZd8HLc_8799-10332-downsampled,542,1,1146.9583333333333,125.875,299.0,316.0,inside_visible,809.031,524.083,1
smwfiZd8HLc_8799-10332-downsampled,542,2,260.15384615384613,0.0,302.84615384615387,233.2692307692308,inside_visible,1201.0418113207547,243.789,0
smwfiZd8HLc_8799-10332-downsampled,543,1,1147.75,126.25,299.0,316.0,inside_visible,808.122,521.829,1
smwfiZd8HLc_8799-10332-downsampled,543,2,260.38461538461536,0.0,302.61538461538464,232.92307692307693,inside_visible,1202.0984150943398,243.789,0
smwfiZd8HLc_8799-10332-downsampled,544,1,1148.5416666666667,126.625,299.0,316.0,inside_visible,808.713,524.57525,1
smwfiZd8HLc_8799-10332-downsampled,544,2,260.61538461538464,0.0,302.38461538461536,232.57692307692307,inside_visible,1203.1550188679246,243.789,0
smwfiZd8HLc_8799-10332-downsampled,545,1,1149.3333333333333,127.0,299.0,316.0,inside_visible,809.304,527.3215,1
smwfiZd8HLc_8799-10332-downsampled,545,2,260.84615384615387,0.0,302.15384615384613,232.23076923076923,inside_visible,1204.2116226415094,243.789,0
smwfiZd8HLc_8799-10332-downsampled,546,1,1150.125,127.375,299.0,316.0,inside_visible,809.895,530.0677499999999,1
smwfiZd8HLc_8799-10332-downsampled,546,2,261.0769230769231,0.0,301.9230769230769,231.8846153846154,inside_visible,1205.2682264150944,243.789,0
smwfiZd8HLc_8799-10332-downsampled,547,1,1150.9166666666667,127.75,299.0,316.0,inside_visible,810.486,532.814,1
smwfiZd8HLc_8799-10332-downsampled,547,2,261.3076923076923,0.0,301.6923076923077,231.53846153846155,inside_visible,1206.3248301886792,243.789,0
smwfiZd8HLc_8799-10332-downsampled,548,1,1151.7083333333333,128.125,299.0,316.0,inside_visible,811.8367142857143,531.4897142857143,1
smwfiZd8HLc_8799-10332-downsampled,548,2,261.53846153846155,0.0,301.46153846153845,231.19230769230768,inside_visible,1207.3814339622645,243.789,0
smwfiZd8HLc_8799-10332-downsampled,549,1,1152.5,128.5,299.0,316.0,inside_visible,813.1874285714285,530.1654285714285,1
smwfiZd8HLc_8799-10332-downsampled,549,2,261.7692307692308,0.0,301.2307692307692,230.84615384615384,inside_visible,1208.438037735849,243.789,0
smwfiZd8HLc_8799-10332-downsampled,550,1,1153.2916666666667,128.875,299.0,316.0,inside_visible,814.5381428571428,528.8411428571428,1
smwfiZd8HLc_8799-10332-downsampled,550,2,262.0,0.0,301.0,230.5,inside_visible,1209.494641509434,243.789,0
smwfiZd8HLc_8799-10332-downsampled,551,1,1154.0833333333333,129.25,299.0,316.0,inside_visible,815.8888571428572,527.5168571428571,1
smwfiZd8HLc_8799-10332-downsampled,551,2,262.2307692307692,0.0,300.7692307692308,230.15384615384616,inside_visible,1210.551245283019,243.789,0
smwfiZd8HLc_8799-10332-downsampled,552,1,1154.875,129.625,299.0,316.0,inside_visible,817.2395714285715,526.1925714285715,1
smwfiZd8HLc_8799-10332-downsampled,552,2,262.46153846153845,0.0,300.53846153846155,229.80769230769232,inside_visible,1211.6078490566038,243.789,0
smwfiZd8HLc_8799-10332-downsampled,553,1,1155.6666666666667,130.0,299.0,316.0,inside_visible,818.5902857142858,524.8682857142857,1
smwfiZd8HLc_8799-10332-downsampled,553,2,262.6923076923077,0.0,300.3076923076923,229.46153846153845,inside_visible,1212.6644528301888,243.789,0
smwfiZd8HLc_8799-10332-downsampled,554,1,1156.4583333333333,130.375,299.0,316.0,inside_visible,819.941,523.544,1
smwfiZd8HLc_8799-10332-downsampled,554,2,262.9230769230769,0.0,300.0769230769231,229.1153846153846,inside_visible,1213.7210566037736,243.789,0
smwfiZd8HLc_8799-10332-downsampled,555,1,1157.25,130.75,299.0,316.0,inside_visible,818.5351071428572,523.3617857142857,1
smwfiZd8HLc_8799-10332-downsampled,555,2,263.15384615384613,0.0,299.84615384615387,228.7692307692308,inside_visible,1214.7776603773586,243.789,0
smwfiZd8HLc_8799-10332-downsampled,556,1,1158.0416666666667,131.125,299.0,316.0,inside_visible,817.1292142857143,523.1795714285714,1
smwfiZd8HLc_8799-10332-downsampled,556,2,263.38461538461536,0.0,299.61538461538464,228.42307692307693,inside_visible,1215.8342641509437,243.789,0
smwfiZd8HLc_8799-10332-downsampled,557,1,1158.8333333333333,131.5,299.0,316.0,inside_visible,815.7233214285715,522.9973571428571,1
smwfiZd8HLc_8799-10332-downsampled,557,2,263.61538461538464,0.0,299.38461538461536,228.07692307692307,inside_visible,1216.8908679245285,243.789,0
smwfiZd8HLc_8799-10332-downsampled,558,1,1159.625,131.875,299.0,316.0,inside_visible,814.3174285714286,522.8151428571429,1
smwfiZd8HLc_8799-10332-downsampled,558,2,263.84615384615387,0.0,299.15384615384613,227.73076923076923,inside_visible,1217.9474716981133,243.789,0
smwfiZd8HLc_8799-10332-downsampled,559,1,1160.4166666666667,132.25,299.0,316.0,inside_visible,812.9115357142857,522.6329285714286,1
smwfiZd8HLc_8799-10332-downsampled,559,2,264.0769230769231,0.0,298.9230769230769,227.3846153846154,inside_visible,1219.004075471698,243.789,0
smwfiZd8HLc_8799-10332-downsampled,560,1,1161.2083333333333,132.625,299.0,316.0,inside_visible,811.5056428571429,522.4507142857143,1
smwfiZd8HLc_8799-10332-downsampled,560,2,264.3076923076923,0.0,298.6923076923077,227.03846153846155,inside_visible,1220.0606792452832,243.789,0
smwfiZd8HLc_8799-10332-downsampled,561,1,1162.0,133.0,299.0,316.0,inside_visible,810.0997500000001,522.2685,1
smwfiZd8HLc_8799-10332-downsampled,561,2,264.53846153846155,0.0,298.46153846153845,226.69230769230768,inside_visible,1221.117283018868,243.789,0
smwfiZd8HLc_8799-10332-downsampled,562,1,1162.7058823529412,132.47058823529412,299.0,316.0,inside_visible,808.6938571428572,522.0862857142857,1
smwfiZd8HLc_8799-10332-downsampled,562,2,264.7692307692308,0.0,298.2307692307692,226.34615384615384,inside_visible,1222.173886792453,243.789,0
smwfiZd8HLc_8799-10332-downsampled,563,1,1163.4117647058824,131.94117647058823,299.0,316.0,inside_visible,807.2879642857143,521.9040714285715,1
smwfiZd8HLc_8799-10332-downsampled,563,2,265.0,0.0,298.0,226.0,inside_visible,1223.2304905660378,243.789,0
smwfiZd8HLc_8799-10332-downsampled,564,1,1164.1176470588234,131.41176470588235,299.0,316.0,inside_visible,805.8820714285714,521.7218571428572,1
smwfiZd8HLc_8799-10332-downsampled,564,2,266.5,0.0,298.0,226.0,inside_visible,1224.2870943396226,243.789,0
smwfiZd8HLc_8799-10332-downsampled,565,1,1164.8235294117646,130.88235294117646,299.0,316.0,inside_visible,804.4761785714286,521.5396428571429,1
smwfiZd8HLc_8799-10332-downsampled,565,2,268.0,0.0,298.0,226.0,inside_visible,1225.3436981132077,243.789,0
smwfiZd8HLc_8799-10332-downsampled,566,1,1165.529411764706,130.35294117647058,299.0,316.0,inside_visible,803.0702857142858,521.3574285714286,1
smwfiZd8HLc_8799-10332-downsampled,566,2,269.5,0.0,298.0,226.0,inside_visible,1226.4003018867925,243.789,0
smwfiZd8HLc_8799-10332-downsampled,567,1,1166.235294117647,129.8235294117647,299.0,316.0,inside_visible,801.6643928571428,521.1752142857143,1
smwfiZd8HLc_8799-10332-downsampled,567,2,271.0,0.0,298.0,226.0,inside_visible,1227.4569056603775,243.789,0
smwfiZd8HLc_8799-10332-downsampled,568,1,1166.9411764705883,129.2941176470588,299.0,316.0,inside_visible,800.2585,520.9929999999999,1
smwfiZd8HLc_8799-10332-downsampled,568,2,272.5,0.0,298.0,226.0,inside_visible,1228.5135094339623,243.789,0
smwfiZd8HLc_8799-10332-downsampled,569,1,1167.6470588235295,128.76470588235293,299.0,316.0,inside_visible,798.8526071428572,520.8107857142857,1
smwfiZd8HLc_8799-10332-downsampled,569,2,274.0,0.0,298.0,226.0,inside_visible,1229.5701132075471,243.789,0
smwfiZd8HLc_8799-10332-downsampled,570,1,1168.3529411764705,128.23529411764707,299.0,316.0,inside_visible,797.4467142857143,520.6285714285714,1
smwfiZd8HLc_8799-10332-downsampled,570,2,274.0,0.0,298.0,226.0,inside_visible,1230.6267169811322,243.789,0
smwfiZd8HLc_8799-10332-downsampled,571,1,1169.0588235294117,127.70588235294116,299.0,316.0,inside_visible,796.0408214285715,520.4463571428571,1
smwfiZd8HLc_8799-10332-downsampled,571,2,274.0,0.0,298.0,226.0,inside_visible,1231.683320754717,243.789,0
smwfiZd8HLc_8799-10332-downsampled,572,1,1169.764705882353,127.17647058823528,299.0,316.0,inside_visible,794.6349285714286,520.2641428571428,1
smwfiZd8HLc_8799-10332-downsampled,572,2,274.0,0.0,298.0,226.0,inside_visible,1232.739924528302,243.789,0
smwfiZd8HLc_8799-10332-downsampled,573,1,1170.470588235294,126.6470588235294,299.0,316.0,inside_visible,793.2290357142857,520.0819285714285,1
smwfiZd8HLc_8799-10332-downsampled,573,2,274.0,0.0,298.0,226.0,inside_visible,1233.7965283018868,243.789,0
smwfiZd8HLc_8799-10332-downsampled,574,1,1171.1764705882354,126.11764705882354,299.0,316.0,inside_visible,791.8231428571429,519.8997142857143,1
smwfiZd8HLc_8799-10332-downsampled,574,2,274.0,0.0,298.16666666666663,227.05555555555557,inside_visible,1234.853132075472,243.789,0
smwfiZd8HLc_8799-10332-downsampled,575,1,1171.8823529411766,125.58823529411764,299.0,316.0,inside_visible,790.41725,519.7175,1
smwfiZd8HLc_8799-10332-downsampled,575,2,274.0,0.0,298.33333333333337,228.11111111111111,inside_visible,1235.9097358490567,243.789,0
smwfiZd8HLc_8799-10332-downsampled,576,1,1172.5882352941176,125.05882352941175,299.0,316.0,inside_visible,789.0113571428572,519.5352857142857,1
smwfiZd8HLc_8799-10332-downsampled,576,2,274.0,0.0,298.5,229.16666666666663,inside_visible,1236.9663396226415,243.789,0
smwfiZd8HLc_8799-10332-downsampled,577,1,1173.2941176470588,124.52941176470588,299.0,316.0,inside_visible,787.6054642857143,519.3530714285714,1
smwfiZd8HLc_8799-10332-downsampled,577,2,274.0,0.0,298.66666666666663,230.22222222222223,inside_visible,1238.0229433962263,243.789,0
smwfiZd8HLc_8799-10332-downsampled,578,1,1174.0,124.0,299.0,316.0,inside_visible,786.1995714285714,519.1708571428571,1
smwfiZd8HLc_8799-10332-downsampled,578,2,274.0,0.0,298.83333333333337,231.27777777777777,inside_visible,1239.0795471698111,243.789,0
smwfiZd8HLc_8799-10332-downsampled,579,1,1175.7142857142858,124.0,299.0,316.0,inside_visible,784.7936785714286,518.9886428571428,1
smwfiZd8HLc_8799-10332-downsampled,579,2,274.0,0.0,299.0,232.33333333333331,inside_visible,1240.1361509433964,243.789,0
smwfiZd8HLc_8799-10332-downsampled,580,1,1177.428571428571,124.0,299.0,316.0,inside_visible,783.3877857142858,518.8064285714286,1
smwfiZd8HLc_8799-10332-downsampled,580,2,274.0,0.0,299.16666666666663,233.38888888888889,inside_visible,1241.1927547169812,243.789,0
smwfiZd8HLc_8799-10332-downsampled,581,1,1179.142857142857,124.0,299.0,316.0,inside_visible,781.9818928571428,518.6242142857143,1
smwfiZd8HLc_8799-10332-downsampled,581,2,274.0,0.0,299.33333333333337,234.44444444444449,inside_visible,1242.249358490566,243.789,0
smwfiZd8HLc_8799-10332-downsampled,582,1,1180.857142857143,124.0,299.0,316.0,inside_visible,780.576,518.442,1
smwfiZd8HLc_8799-10332-downsampled,582,2,274.0,0.0,299.5,235.5,inside_visible,1243.305962264151,243.789,0
smwfiZd8HLc_8799-10332-downsampled,583,1,1182.571428571429,124.0,299.0,316.0,inside_visible,468.456,267.617,1
smwfiZd8HLc_8799-10332-downsampled,583,2,274.0,0.0,299.66666666666663,236.55555555555557,inside_visible,1244.362566037736,243.789,0
smwfiZd8HLc_8799-10332-downsampled,584,1,1184.2857142857142,124.0,299.0,316.0,inside_visible,560.152,78.98000000000002,1
smwfiZd8HLc_8799-10332-downsampled,584,2,274.0,0.0,299.83333333333337,237.61111111111111,inside_visible,1245.419169811321,243.789,0
smwfiZd8HLc_8799-10332-downsampled,585,1,1186.0,124.0,299.0,316.0,inside_visible,573.152,78.48,1
smwfiZd8HLc_8799-10332-downsampled,585,2,274.0,0.0,300.0,238.66666666666663,inside_visible,1246.4757735849057,243.789,0
smwfiZd8HLc_8799-10332-downsampled,586,1,1187.7142857142858,124.85714285714286,299.0,316.0,inside_visible,586.152,77.98,1
smwfiZd8HLc_8799-10332-downsampled,586,2,274.0,0.0,300.16666666666663,239.72222222222223,inside_visible,1247.5323773584903,243.789,0
smwfiZd8HLc_8799-10332-downsampled,587,1,1189.428571428571,125.71428571428572,299.0,316.0,inside_visible,599.152,77.48,1
smwfiZd8HLc_8799-10332-downsampled,587,2,274.0,0.0,300.33333333333337,240.77777777777777,inside_visible,1248.5889811320756,243.789,0
smwfiZd8HLc_8799-10332-downsampled,588,1,1191.142857142857,126.57142857142856,299.0,316.0,inside_visible,612.152,76.98,1
smwfiZd8HLc_8799-10332-downsampled,588,2,274.0,0.0,300.5,241.83333333333331,inside_visible,1249.6455849056604,243.789,0
smwfiZd8HLc_8799-10332-downsampled,589,1,1192.857142857143,127.42857142857144,299.0,316.0,inside_visible,632.152,86.98,1
smwfiZd8HLc_8799-10332-downsampled,589,2,274.0,0.0,300.66666666666663,242.88888888888889,inside_visible,1250.7021886792454,243.789,0
smwfiZd8HLc_8799-10332-downsampled,590,1,1194.571428571429,128.28571428571428,299.0,316.0,inside_visible,636.152,91.64666666666668,1
smwfiZd8HLc_8799-10332-downsampled,590,2,274.0,0.0,300.83333333333337,243.94444444444449,inside_visible,1251.7587924528302,243.789,0
smwfiZd8HLc_8799-10332-downsampled,591,1,1196.2857142857142,129.14285714285714,299.0,316.0,inside_visible,640.152,96.31333333333332,1
smwfiZd8HLc_8799-10332-downsampled,591,2,274.0,0.0,301.0,245.0,inside_visible,1252.8153962264153,243.789,0
smwfiZd8HLc_8799-10332-downsampled,592,1,1198.0,130.0,299.0,316.0,inside_visible,644.152,100.98,1
smwfiZd8HLc_8799-10332-downsampled,592,2,275.2857142857143,0.0,301.00000000000006,245.0,inside_visible,1253.872,243.789,0
smwfiZd8HLc_8799-10332-downsampled,593,1,1197.0,129.8421052631579,299.0,316.0,inside_visible,647.152,101.98,1
smwfiZd8HLc_8799-10332-downsampled,593,2,276.57142857142856,0.0,301.0,245.0,inside_visible,1252.0484705882354,243.02429411764703,0
smwfiZd8HLc_8799-10332-downsampled,594,1,1196.0,129.68421052631578,299.0,316.0,inside_visible,650.152,102.98,1
smwfiZd8HLc_8799-10332-downsampled,594,2,277.85714285714283,0.0,301.00000000000006,245.0,inside_visible,1250.2249411764706,242.2595882352941,0
smwfiZd8HLc_8799-10332-downsampled,595,1,1195.0,129.52631578947367,299.0,316.0,inside_visible,652.152,110.98,1
smwfiZd8HLc_8799-10332-downsampled,595,2,279.1428571428572,0.0,300.99999999999994,245.0,inside_visible,1248.401411764706,241.4948823529412,0
smwfiZd8HLc_8799-10332-downsampled,596,1,1194.0,129.3684210526316,299.0,316.0,inside_visible,653.3520000000001,111.38,1
smwfiZd8HLc_8799-10332-downsampled,596,2,280.42857142857144,0.0,301.0,245.0,inside_visible,1246.5778823529413,240.73017647058825,0
smwfiZd8HLc_8799-10332-downsampled,597,1,1193.0,129.21052631578948,299.0,316.0,inside_visible,654.552,111.78,1
smwfiZd8HLc_8799-10332-downsampled,597,2,281.7142857142857,0.0,300.99999999999994,245.0,inside_visible,1244.7543529411766,239.9654705882353,0
smwfiZd8HLc_8799-10332-downsampled,598,1,1192.0,129.05263157894737,299.0,316.0,inside_visible,655.7520000000001,112.18,1
smwfiZd8HLc_8799-10332-downsampled,598,2,283.0,0.0,301.0,245.0,inside_visible,1242.9308235294118,239.20076470588236,0
smwfiZd8HLc_8799-10332-downsampled,599,1,1191.0,128.89473684210526,299.0,316.0,inside_visible,656.952,112.58,1
smwfiZd8HLc_8799-10332-downsampled,599,2,283.75,0.0,301.0,245.0,inside_visible,1241.1072941176471,238.4360588235294,0
smwfiZd8HLc_8799-10332-downsampled,600,1,1190.0,128.73684210526315,299.0,316.0,inside_visible,658.152,112.98,1
smwfiZd8HLc_8799-10332-downsampled,600,2,284.5,0.0,301.0,245.0,inside_visible,1239.2837647058825,237.67135294117645,0
smwfiZd8HLc_8799-10332-downsampled,601,1,1189.0,128.57894736842104,299.0,316.0,inside_visible,658.602590909091,114.37131818181818,1
smwfiZd8HLc_8799-10332-downsampled,601,2,285.25,0.0,301.0,245.0,inside_visible,1237.4602352941176,236.90664705882352,0
smwfiZd8HLc_8799-10332-downsampled,602,1,1188.0,128.42105263157896,299.0,316.0,inside_visible,659.0531818181819,115.76263636363636,1
smwfiZd8HLc_8799-10332-downsampled,602,2,286.0,0.0,301.0,245.0,inside_visible,1235.636705882353,236.14194117647057,0
smwfiZd8HLc_8799-10332-downsampled,603,1,1187.0,128.26315789473685,299.0,316.0,inside_visible,659.5037727272728,117.15395454545455,1
smwfiZd8HLc_8799-10332-downsampled,603,2,286.75,0.0,301.0,245.0,inside_visible,1233.8131764705884,235.37723529411764,0
smwfiZd8HLc_8799-10332-downsampled,604,1,1186.0,128.10526315789474,299.0,316.0,inside_visible,659.9543636363637,118.54527272727272,1
smwfiZd8HLc_8799-10332-downsampled,604,2,287.5,0.0,301.0,245.0,inside_visible,1231.9896470588235,234.61252941176468,0
smwfiZd8HLc_8799-10332-downsampled,605,1,1185.0,127.94736842105264,299.0,316.0,inside_visible,660.4049545454546,119.93659090909092,1
smwfiZd8HLc_8799-10332-downsampled,605,2,288.25,0.0,301.0,245.0,inside_visible,1230.1661176470589,233.84782352941176,0
smwfiZd8HLc_8799-10332-downsampled,606,1,1184.0,127.78947368421052,299.0,316.0,inside_visible,660.8555454545454,121.32790909090907,1
smwfiZd8HLc_8799-10332-downsampled,606,2,289.0,0.0,301.0,245.0,inside_visible,1228.3425882352942,233.0831176470588,0
smwfiZd8HLc_8799-10332-downsampled,607,1,1183.0,127.63157894736842,299.0,316.0,inside_visible,661.3061363636364,122.71922727272728,1
smwfiZd8HLc_8799-10332-downsampled,607,2,289.75,0.0,301.0,245.0,inside_visible,1226.5190588235296,232.31841176470587,0
smwfiZd8HLc_8799-10332-downsampled,608,1,1182.0,127.47368421052632,299.0,316.0,inside_visible,661.7567272727273,124.11054545454546,1
smwfiZd8HLc_8799-10332-downsampled,608,2,290.5,0.0,301.0,245.0,inside_visible,1224.6955294117647,231.5537058823529,0
smwfiZd8HLc_8799-10332-downsampled,609,1,1181.0,127.3157894736842,299.0,316.0,inside_visible,662.2073181818182,125.50186363636364,1
smwfiZd8HLc_8799-10332-downsampled,609,2,291.25,0.0,301.0,245.0,inside_visible,1222.872,230.789,0
smwfiZd8HLc_8799-10332-downsampled,610,1,1180.0,127.15789473684212,299.0,316.0,inside_visible,662.6579090909091,126.89318181818182,1
smwfiZd8HLc_8799-10332-downsampled,610,2,292.0,0.0,301.0,245.0,inside_visible,1221.0484705882354,230.02429411764703,0
smwfiZd8HLc_8799-10332-downsampled,611,1,1179.0,127.0,299.0,316.0,inside_visible,663.1085,128.2845,1
smwfiZd8HLc_8799-10332-downsampled,611,2,291.1851851851852,0.0,301.00000000000006,245.0,inside_visible,1219.2249411764706,229.2595882352941,0
smwfiZd8HLc_8799-10332-downsampled,612,1,1169.6666666666667,126.0,299.0,316.0,inside_visible,663.559090909091,129.6758181818182,1
smwfiZd8HLc_8799-10332-downsampled,612,2,290.3703703703704,0.0,300.99999999999994,245.0,inside_visible,1217.401411764706,228.4948823529412,0
smwfiZd8HLc_8799-10332-downsampled,613,1,1160.3333333333333,125.0,299.0,316.0,inside_visible,664.0096818181819,131.06713636363637,1
smwfiZd8HLc_8799-10332-downsampled,613,2,289.55555555555554,0.0,301.0,245.0,inside_visible,1215.5778823529413,227.73017647058825,0
smwfiZd8HLc_8799-10332-downsampled,614,1,1151.0,124.0,299.0,316.0,inside_visible,664.4602727272728,132.45845454545454,1
smwfiZd8HLc_8799-10332-downsampled,614,2,288.7407407407408,0.0,301.0,245.0,inside_visible,1213.7543529411766,226.9654705882353,0
smwfiZd8HLc_8799-10332-downsampled,615,1,1144.0,123.25,299.0,316.0,inside_visible,664.9108636363637,133.84977272727272,1
smwfiZd8HLc_8799-10332-downsampled,615,2,287.9259259259259,0.0,301.00000000000006,245.0,inside_visible,1211.9308235294118,226.20076470588236,0
smwfiZd8HLc_8799-10332-downsampled,616,1,1137.0,122.5,299.0,316.0,inside_visible,665.3614545454546,135.2410909090909,1
smwfiZd8HLc_8799-10332-downsampled,616,2,287.1111111111111,0.0,301.0,245.0,inside_visible,1210.1072941176471,225.4360588235294,0
smwfiZd8HLc_8799-10332-downsampled,617,1,1130.0,121.75,299.0,316.0,inside_visible,665.8120454545455,136.63240909090908,1
smwfiZd8HLc_8799-10332-downsampled,617,2,286.2962962962963,0.0,301.0,245.0,inside_visible,1208.2837647058825,224.67135294117645,0
smwfiZd8HLc_8799-10332-downsampled,618,1,1123.0,121.0,299.0,316.0,inside_visible,666.2626363636364,138.02372727272729,1
smwfiZd8HLc_8799-10332-downsampled,618,2,285.48148148148147,0.0,301.00000000000006,245.0,inside_visible,1206.4602352941176,223.90664705882352,0
smwfiZd8HLc_8799-10332-downsampled,619,1,1119.25,119.5,299.0,316.0,inside_visible,666.7132272727273,139.41504545454546,1
smwfiZd8HLc_8799-10332-downsampled,619,2,284.6666666666667,0.0,300.99999999999994,245.0,inside_visible,1204.636705882353,223.14194117647057,0
smwfiZd8HLc_8799-10332-downsampled,620,1,1115.5,118.0,299.0,316.0,inside_visible,667.1638181818182,140.80636363636364,1
smwfiZd8HLc_8799-10332-downsampled,620,2,283.85185185185185,0.0,301.0,245.0,inside_visible,1202.8131764705884,222.37723529411764,0
smwfiZd8HLc_8799-10332-downsampled,621,1,1111.75,116.5,299.0,316.0,inside_visible,667.6144090909091,142.19768181818182,1
smwfiZd8HLc_8799-10332-downsampled,621,2,283.03703703703707,0.0,301.0,245.0,inside_visible,1200.9896470588235,221.61252941176468,0
smwfiZd8HLc_8799-10332-downsampled,622,1,1108.0,115.0,299.0,316.0,inside_visible,668.065,143.589,1
smwfiZd8HLc_8799-10332-downsampled,622,2,282.22222222222223,0.0,300.99999999999994,245.0,inside_visible,1199.1661176470589,220.84782352941176,0
smwfiZd8HLc_8799-10332-downsampled,623,1,1107.3333333333333,114.66666666666669,299.0,316.0,inside_visible,660.152,144.98,1
smwfiZd8HLc_8799-10332-downsampled,623,2,281.4074074074074,0.0,301.0,245.0,inside_visible,1197.3425882352942,220.0831176470588,0
smwfiZd8HLc_8799-10332-downsampled,624,1,1106.6666666666667,114.33333333333331,299.0,316.0,inside_visible,647.152,153.98,1
smwfiZd8HLc_8799-10332-downsampled,624,2,280.5925925925926,0.0,301.0,245.0,inside_visible,1195.5190588235296,219.31841176470587,0
smwfiZd8HLc_8799-10332-downsampled,625,1,1106.0,114.0,299.0,316.0,inside_visible,644.152,158.98,1
smwfiZd8HLc_8799-10332-downsampled,625,2,279.77777777777777,0.0,301.00000000000006,245.0,inside_visible,1193.6955294117647,218.5537058823529,0
smwfiZd8HLc_8799-10332-downsampled,626,1,1102.0,113.0,299.0,316.0,inside_visible,662.32,170.872,1
smwfiZd8HLc_8799-10332-downsampled,626,2,278.962962962963,0.0,300.99999999999994,245.0,inside_visible,1191.872,217.789,0
smwfiZd8HLc_8799-10332-downsampled,627,1,1107.0,115.2,299.0,316.0,inside_visible,710.32,200.872,1
smwfiZd8HLc_8799-10332-downsampled,627,2,278.1481481481481,0.0,301.0,245.0,inside_visible,1193.3005714285714,217.93185714285715,0
smwfiZd8HLc_8799-10332-downsampled,628,1,1112.0,117.4,299.0,316.0,inside_visible,792.32,284.872,1
smwfiZd8HLc_8799-10332-downsampled,628,2,277.3333333333333,0.0,301.00000000000006,245.0,inside_visible,1194.729142857143,218.07471428571424,0
smwfiZd8HLc_8799-10332-downsampled,629,1,1117.0,119.6,299.0,316.0,inside_visible,808.32,280.872,1
smwfiZd8HLc_8799-10332-downsampled,629,2,276.51851851851853,0.0,300.99999999999994,245.0,inside_visible,1196.1577142857143,218.2175714285714,0
smwfiZd8HLc_8799-10332-downsampled,630,1,1122.0,121.8,299.0,316.0,inside_visible,518.32,82.87200000000001,1
smwfiZd8HLc_8799-10332-downsampled,630,2,275.7037037037037,0.0,301.0,245.0,inside_visible,1197.586285714286,218.36042857142857,0
smwfiZd8HLc_8799-10332-downsampled,631,1,1127.0,124.0,299.0,316.0,inside_visible,515.32,90.372,1
smwfiZd8HLc_8799-10332-downsampled,631,2,274.8888888888889,0.0,301.0,245.0,inside_visible,1199.0148571428572,218.5032857142857,0
smwfiZd8HLc_8799-10332-downsampled,632,1,1130.75,127.75,299.0,316.0,inside_visible,512.32,97.872,1
smwfiZd8HLc_8799-10332-downsampled,632,2,274.0740740740741,0.0,301.00000000000006,245.0,inside_visible,1200.4434285714287,218.64614285714285,0
smwfiZd8HLc_8799-10332-downsampled,633,1,1134.5,131.5,299.0,316.0,inside_visible,512.72,97.272,1
smwfiZd8HLc_8799-10332-downsampled,633,2,273.25925925925924,0.0,301.0,245.0,inside_visible,1201.872,218.789,0
smwfiZd8HLc_8799-10332-downsampled,634,1,1138.25,135.25,299.0,316.0,inside_visible,513.12,96.672,1
smwfiZd8HLc_8799-10332-downsampled,634,2,272.44444444444446,0.0,301.0,245.0,inside_visible,1203.3005714285714,218.93185714285715,0
smwfiZd8HLc_8799-10332-downsampled,635,1,1142.0,139.0,299.0,316.0,inside_visible,513.5200000000001,96.072,1
smwfiZd8HLc_8799-10332-downsampled,635,2,271.6296296296296,0.0,301.00000000000006,245.0,inside_visible,1204.729142857143,219.07471428571424,0
smwfiZd8HLc_8799-10332-downsampled,636,1,1152.3333333333333,139.0,299.0,316.0,inside_visible,513.9200000000001,95.472,1
smwfiZd8HLc_8799-10332-downsampled,636,2,270.81481481481484,0.0,300.99999999999994,245.0,inside_visible,1206.1577142857143,219.2175714285714,0
smwfiZd8HLc_8799-10332-downsampled,637,1,1162.6666666666667,139.0,299.0,316.0,inside_visible,514.32,94.872,1
smwfiZd8HLc_8799-10332-downsampled,637,2,270.0,0.0,301.0,245.0,inside_visible,1207.586285714286,219.36042857142857,0
smwfiZd8HLc_8799-10332-downsampled,638,1,1173.0,139.0,299.0,316.0,inside_visible,514.72,94.272,1
smwfiZd8HLc_8799-10332-downsampled,638,2,270.0,0.0,296.5,243.5,inside_visible,1209.0148571428572,219.5032857142857,0
smwfiZd8HLc_8799-10332-downsampled,639,1,1177.0,135.0,299.0,316.0,inside_visible,515.12,93.672,1
smwfiZd8HLc_8799-10332-downsampled,639,2,270.0,0.0,292.0,242.0,inside_visible,1210.4434285714287,219.64614285714285,0
smwfiZd8HLc_8799-10332-downsampled,640,1,1181.0,131.0,299.0,316.0,inside_visible,515.5200000000001,93.072,1
smwfiZd8HLc_8799-10332-downsampled,640,2,270.0,0.0,295.0,242.0,inside_visible,1211.872,219.789,0
smwfiZd8HLc_8799-10332-downsampled,641,1,1185.0,127.0,299.0,316.0,inside_visible,515.9200000000001,92.472,1
smwfiZd8HLc_8799-10332-downsampled,641,2,270.0,0.0,298.0,242.0,inside_visible,1214.672,228.189,0
smwfiZd8HLc_8799-10332-downsampled,642,1,1185.0,131.75,299.0,316.0,inside_visible,516.32,91.872,1
smwfiZd8HLc_8799-10332-downsampled,642,2,265.0,0.0,298.0,242.0,inside_visible,1217.472,236.589,0
smwfiZd8HLc_8799-10332-downsampled,643,1,1185.0,136.5,299.0,316.0,inside_visible,806.32,571.872,1
smwfiZd8HLc_8799-10332-downsampled,643,2,260.0,0.0,298.0,242.0,inside_visible,1220.2720000000002,244.989,0
smwfiZd8HLc_8799-10332-downsampled,644,1,1185.0,141.25,299.0,316.0,inside_visible,804.5949230769231,572.2577115384615,1
smwfiZd8HLc_8799-10332-downsampled,644,2,255.0,0.0,298.0,242.0,inside_visible,1223.072,253.389,0
smwfiZd8HLc_8799-10332-downsampled,645,1,1185.0,146.0,299.0,316.0,inside_visible,802.8698461538462,572.643423076923,1
smwfiZd8HLc_8799-10332-downsampled,645,2,250.0,0.0,298.0,242.0,inside_visible,1225.872,261.789,0
smwfiZd8HLc_8799-10332-downsampled,646,1,1187.4,143.0,299.0,316.0,inside_visible,801.1447692307693,573.0291346153846,1
smwfiZd8HLc_8799-10332-downsampled,646,2,245.0,0.0,298.0,242.0,inside_visible,1228.372,261.789,0
smwfiZd8HLc_8799-10332-downsampled,647,1,1189.8,140.0,299.0,316.0,inside_visible,799.4196923076923,573.4148461538462,1
smwfiZd8HLc_8799-10332-downsampled,647,2,242.75,0.0,298.0,242.0,inside_visible,1230.872,261.789,0
smwfiZd8HLc_8799-10332-downsampled,648,1,1192.2,137.0,299.0,316.0,inside_visible,797.6946153846154,573.8005576923076,1
smwfiZd8HLc_8799-10332-downsampled,648,2,240.5,0.0,298.0,242.0,inside_visible,1233.372,261.789,0
smwfiZd8HLc_8799-10332-downsampled,649,1,1194.6,134.0,299.0,316.0,inside_visible,795.9695384615385,574.1862692307692,1
smwfiZd8HLc_8799-10332-downsampled,649,2,238.25,0.0,298.0,242.0,inside_visible,1235.872,261.789,0
smwfiZd8HLc_8799-10332-downsampled,650,1,1197.0,131.0,299.0,316.0,inside_visible,794.2444615384616,574.5719807692308,1
smwfiZd8HLc_8799-10332-downsampled,650,2,236.0,0.0,298.0,242.0,inside_visible,1238.372,261.789,0
smwfiZd8HLc_8799-10332-downsampled,651,1,1203.3333333333333,132.0,299.0,316.0,inside_visible,792.5193846153846,574.9576923076922,1
smwfiZd8HLc_8799-10332-downsampled,651,2,231.5,0.0,298.0,242.0,inside_visible,1240.872,261.789,0
smwfiZd8HLc_8799-10332-downsampled,652,1,1209.6666666666667,133.0,299.0,316.0,inside_visible,790.7943076923077,575.3434038461538,1
smwfiZd8HLc_8799-10332-downsampled,652,2,227.0,0.0,298.0,242.0,inside_visible,1243.372,261.789,0
smwfiZd8HLc_8799-10332-downsampled,653,1,1216.0,134.0,299.0,316.0,inside_visible,789.0692307692308,575.7291153846154,1
smwfiZd8HLc_8799-10332-downsampled,653,2,227.42857142857144,0.0,298.0,242.0,inside_visible,1245.872,261.789,0
smwfiZd8HLc_8799-10332-downsampled,654,1,1213.625,134.375,299.0,316.0,inside_visible,787.3441538461539,576.1148269230769,1
smwfiZd8HLc_8799-10332-downsampled,654,2,227.8571428571429,0.0,298.0,242.0,inside_visible,1243.1577083333334,261.02708333333334,0
smwfiZd8HLc_8799-10332-downsampled,655,1,1211.25,134.75,299.0,316.0,inside_visible,785.6190769230769,576.5005384615384,1
smwfiZd8HLc_8799-10332-downsampled,655,2,228.28571428571428,0.0,298.00000000000006,242.0,inside_visible,1240.4434166666667,260.26516666666663,0
smwfiZd8HLc_8799-10332-downsampled,656,1,1208.875,135.125,299.0,316.0,inside_visible,783.894,576.88625,1
smwfiZd8HLc_8799-10332-downsampled,656,2,228.7142857142857,0.0,297.99999999999994,242.0,inside_visible,1237.729125,259.50325,0
smwfiZd8HLc_8799-10332-downsampled,657,1,1206.5,135.5,299.0,316.0,inside_visible,782.1689230769231,577.2719615384615,1
smwfiZd8HLc_8799-10332-downsampled,657,2,229.14285714285717,0.0,298.0,242.0,inside_visible,1235.0148333333334,258.74133333333333,0
smwfiZd8HLc_8799-10332-downsampled,658,1,1204.125,135.875,299.0,316.0,inside_visible,780.4438461538462,577.6576730769231,1
smwfiZd8HLc_8799-10332-downsampled,658,2,229.57142857142856,0.0,298.0,242.0,inside_visible,1232.3005416666667,257.9794166666667,0
smwfiZd8HLc_8799-10332-downsampled,659,1,1201.75,136.25,299.0,316.0,inside_visible,778.7187692307692,578.0433846153845,1
smwfiZd8HLc_8799-10332-downsampled,659,2,230.0,0.0,298.0,242.0,inside_visible,1229.58625,257.2175,0
smwfiZd8HLc_8799-10332-downsampled,660,1,1199.375,136.625,299.0,316.0,inside_visible,776.9936923076923,578.4290961538461,1
smwfiZd8HLc_8799-10332-downsampled,660,2,230.42857142857144,0.0,298.0,242.0,inside_visible,1226.8719583333334,256.4555833333333,0
smwfiZd8HLc_8799-10332-downsampled,661,1,1197.0,137.0,299.0,316.0,inside_visible,775.2686153846154,578.8148076923077,1
smwfiZd8HLc_8799-10332-downsampled,661,2,230.8571428571429,0.0,298.0,242.0,inside_visible,1224.1576666666667,255.69366666666664,0
smwfiZd8HLc_8799-10332-downsampled,662,1,1194.0,139.0,299.0,316.0,inside_visible,773.5435384615384,579.2005192307691,1
smwfiZd8HLc_8799-10332-downsampled,662,2,231.28571428571428,0.0,298.00000000000006,242.0,inside_visible,1221.443375,254.93175,0
smwfiZd8HLc_8799-10332-downsampled,663,1,1191.0,141.0,299.0,316.0,inside_visible,771.8184615384615,579.5862307692307,1
smwfiZd8HLc_8799-10332-downsampled,663,2,231.7142857142857,0.0,297.99999999999994,242.0,inside_visible,1218.7290833333334,254.1698333333333,0
smwfiZd8HLc_8799-10332-downsampled,664,1,1188.0,143.0,299.0,316.0,inside_visible,770.0933846153846,579.9719423076923,1
smwfiZd8HLc_8799-10332-downsampled,664,2,232.14285714285717,0.0,298.0,242.0,inside_visible,1216.0147916666667,253.4079166666667,0
smwfiZd8HLc_8799-10332-downsampled,665,1,1181.6666666666667,142.0,299.0,316.0,inside_visible,768.3683076923077,580.3576538461538,1
smwfiZd8HLc_8799-10332-downsampled,665,2,232.57142857142856,0.0,298.0,242.0,inside_visible,1213.3005,252.646,0
smwfiZd8HLc_8799-10332-downsampled,666,1,1175.3333333333333,141.0,299.0,316.0,inside_visible,766.6432307692307,580.7433653846153,1
smwfiZd8HLc_8799-10332-downsampled,666,2,233.0,0.0,298.0,242.0,inside_visible,1210.5862083333334,251.8840833333333,0
smwfiZd8HLc_8799-10332-downsampled,667,1,1169.0,140.0,299.0,316.0,inside_visible,764.9181538461538,581.1290769230769,1
smwfiZd8HLc_8799-10332-downsampled,667,2,233.42857142857144,0.0,298.0,242.0,inside_visible,1207.8719166666667,251.12216666666663,0
smwfiZd8HLc_8799-10332-downsampled,668,1,1162.6666666666667,138.0,299.0,316.0,inside_visible,763.1930769230769,581.5147884615384,1
smwfiZd8HLc_8799-10332-downsampled,668,2,233.8571428571429,0.0,298.0,242.0,inside_visible,1205.157625,250.36025,0
smwfiZd8HLc_8799-10332-downsampled,669,1,1156.3333333333333,136.0,299.0,316.0,inside_visible,761.4680000000001,581.9005,1
smwfiZd8HLc_8799-10332-downsampled,669,2,234.28571428571428,0.0,298.00000000000006,242.0,inside_visible,1202.4433333333334,249.59833333333333,0
smwfiZd8HLc_8799-10332-downsampled,670,1,1150.0,134.0,299.0,316.0,inside_visible,759.742923076923,582.2862115384615,1
smwfiZd8HLc_8799-10332-downsampled,670,2,234.7142857142857,0.0,297.99999999999994,242.0,inside_visible,1199.7290416666667,248.83641666666665,0
smwfiZd8HLc_8799-10332-downsampled,671,1,1146.25,135.5,299.0,316.0,inside_visible,758.0178461538462,582.671923076923,1
smwfiZd8HLc_8799-10332-downsampled,671,2,235.14285714285717,0.0,298.0,242.0,inside_visible,1197.01475,248.0745,0
smwfiZd8HLc_8799-10332-downsampled,672,1,1142.5,137.0,299.0,316.0,inside_visible,756.2927692307693,583.0576346153846,1
smwfiZd8HLc_8799-10332-downsampled,672,2,235.57142857142856,0.0,298.0,242.0,inside_visible,1194.3004583333334,247.3125833333333,0
smwfiZd8HLc_8799-10332-downsampled,673,1,1138.75,138.5,299.0,316.0,inside_visible,754.5676923076924,583.4433461538462,1
smwfiZd8HLc_8799-10332-downsampled,673,2,236.0,0.0,298.0,242.0,inside_visible,1191.5861666666667,246.55066666666664,0
smwfiZd8HLc_8799-10332-downsampled,674,1,1135.0,140.0,299.0,316.0,inside_visible,752.8426153846154,583.8290576923076,1
smwfiZd8HLc_8799-10332-downsampled,674,2,239.125,0.0,298.0,242.0,inside_visible,1188.871875,245.78875,0
smwfiZd8HLc_8799-10332-downsampled,675,1,1135.0,138.5,299.0,316.0,inside_visible,751.1175384615385,584.2147692307692,1
smwfiZd8HLc_8799-10332-downsampled,675,2,242.25,0.0,298.0,242.0,inside_visible,1186.1575833333334,245.0268333333333,0
smwfiZd8HLc_8799-10332-downsampled,676,1,1135.0,137.0,299.0,316.0,inside_visible,749.3924615384616,584.6004807692308,1
smwfiZd8HLc_8799-10332-downsampled,676,2,245.375,0.0,298.0,242.0,inside_visible,1183.4432916666667,244.26491666666664,0
smwfiZd8HLc_8799-10332-downsampled,677,1,1135.0,135.5,299.0,316.0,inside_visible,747.6673846153847,584.9861923076922,1
smwfiZd8HLc_8799-10332-downsampled,677,2,248.5,0.0,298.0,242.0,inside_visible,1180.729,243.503,0
smwfiZd8HLc_8799-10332-downsampled,678,1,1135.0,134.0,299.0,316.0,inside_visible,745.9423076923077,585.3719038461538,1
smwfiZd8HLc_8799-10332-downsampled,678,2,251.625,0.0,298.0,242.0,inside_visible,1181.515,238.574,0
smwfiZd8HLc_8799-10332-downsampled,679,1,1135.0,132.5,299.0,316.0,inside_visible,744.2172307692308,585.7576153846154,1
smwfiZd8HLc_8799-10332-downsampled,679,2,254.75,0.0,298.0,242.0,inside_visible,1175.5745000000002,237.7765,0
smwfiZd8HLc_8799-10332-downsampled,680,1,1135.0,131.0,299.0,316.0,inside_visible,742.4921538461539,586.1433269230769,1
smwfiZd8HLc_8799-10332-downsampled,680,2,257.875,0.0,298.0,242.0,inside_visible,1169.634,236.979,0
smwfiZd8HLc_8799-10332-downsampled,681,1,1128.6666666666667,130.0,299.0,316.0,inside_visible,740.767076923077,586.5290384615384,1
smwfiZd8HLc_8799-10332-downsampled,681,2,261.0,0.0,298.0,242.0,inside_visible,791.872,599.789,0
smwfiZd8HLc_8799-10332-downsampled,682,1,1122.3333333333333,129.0,299.0,316.0,inside_visible,739.042,586.9147499999999,1
smwfiZd8HLc_8799-10332-downsampled,682,2,262.26666666666665,0.0,298.0,242.0,inside_visible,791.9487894736842,600.3071052631578,0
smwfiZd8HLc_8799-10332-downsampled,683,1,1116.0,128.0,299.0,316.0,inside_visible,737.3169230769231,587.3004615384615,1
smwfiZd8HLc_8799-10332-downsampled,683,2,263.53333333333336,0.0,297.99999999999994,242.0,inside_visible,792.0255789473683,600.8252105263158,0
smwfiZd8HLc_8799-10332-downsampled,684,1,1114.875,127.625,299.0,316.0,inside_visible,735.5918461538462,587.6861730769231,1
smwfiZd8HLc_8799-10332-downsampled,684,2,264.8,0.0,297.99999999999994,242.0,inside_visible,792.1023684210526,601.3433157894736,0
smwfiZd8HLc_8799-10332-downsampled,685,1,1113.75,127.25,299.0,316.0,inside_visible,733.8667692307693,588.0718846153845,1
smwfiZd8HLc_8799-10332-downsampled,685,2,266.06666666666666,0.0,298.00000000000006,242.0,inside_visible,792.1791578947368,601.8614210526316,0
smwfiZd8HLc_8799-10332-downsampled,686,1,1112.625,126.875,299.0,316.0,inside_visible,732.1416923076923,588.4575961538461,1
smwfiZd8HLc_8799-10332-downsampled,686,2,267.3333333333333,0.0,298.00000000000006,242.0,inside_visible,792.2559473684211,602.3795263157895,0
smwfiZd8HLc_8799-10332-downsampled,687,1,1111.5,126.5,299.0,316.0,inside_visible,730.4166153846154,588.8433076923077,1
smwfiZd8HLc_8799-10332-downsampled,687,2,268.6,0.0,298.0,242.0,inside_visible,792.3327368421052,602.8976315789474,0
smwfiZd8HLc_8799-10332-downsampled,688,1,1110.375,126.125,299.0,316.0,inside_visible,728.6915384615385,589.2290192307692,1
smwfiZd8HLc_8799-10332-downsampled,688,2,269.8666666666667,0.0,298.0,242.0,inside_visible,792.4095263157894,603.4157368421053,0
smwfiZd8HLc_8799-10332-downsampled,689,1,1109.25,125.75,299.0,316.0,inside_visible,726.9664615384615,589.6147307692307,1
smwfiZd8HLc_8799-10332-downsampled,689,2,271.1333333333333,0.0,298.0,242.0,inside_visible,792.4863157894737,603.9338421052631,0
smwfiZd8HLc_8799-10332-downsampled,690,1,1108.125,125.375,299.0,316.0,inside_visible,725.2413846153846,590.0004423076923,1
smwfiZd8HLc_8799-10332-downsampled,690,2,272.4,0.0,298.0,242.0,inside_visible,792.5631052631579,604.4519473684211,0
smwfiZd8HLc_8799-10332-downsampled,691,1,1107.0,125.0,299.0,316.0,inside_visible,723.5163076923077,590.3861538461538,1
smwfiZd8HLc_8799-10332-downsampled,691,2,273.6666666666667,0.0,297.99999999999994,242.0,inside_visible,792.639894736842,604.9700526315789,0
smwfiZd8HLc_8799-10332-downsampled,692,1,1105.7142857142858,125.0,299.0,316.0,inside_visible,721.7912307692308,590.7718653846154,1
smwfiZd8HLc_8799-10332-downsampled,692,2,274.93333333333334,0.0,297.99999999999994,242.0,inside_visible,792.7166842105263,605.4881578947369,0
smwfiZd8HLc_8799-10332-downsampled,693,1,1104.428571428571,125.0,299.0,316.0,inside_visible,720.0661538461538,591.1575769230769,1
smwfiZd8HLc_8799-10332-downsampled,693,2,276.2,0.0,298.00000000000006,242.0,inside_visible,792.7934736842105,606.0062631578948,0
smwfiZd8HLc_8799-10332-downsampled,694,1,1103.142857142857,125.0,299.0,316.0,inside_visible,718.3410769230769,591.5432884615384,1
smwfiZd8HLc_8799-10332-downsampled,694,2,277.4666666666667,0.0,298.0,242.0,inside_visible,792.8702631578948,606.5243684210526,0
smwfiZd8HLc_8799-10332-downsampled,695,1,1101.857142857143,125.0,299.0,316.0,inside_visible,716.616,591.929,1
smwfiZd8HLc_8799-10332-downsampled,695,2,278.7333333333333,0.0,298.0,242.0,inside_visible,792.9470526315789,607.0424736842106,0
smwfiZd8HLc_8799-10332-downsampled,696,1,1100.571428571429,125.0,299.0,316.0,inside_visible,714.75,594.469,1
smwfiZd8HLc_8799-10332-downsampled,696,2,280.0,0.0,298.0,242.0,inside_visible,793.0238421052632,607.5605789473684,0
smwfiZd8HLc_8799-10332-downsampled,697,1,1099.2857142857142,125.0,299.0,316.0,inside_visible,711.884,597.009,1
smwfiZd8HLc_8799-10332-downsampled,697,2,280.0,0.0,295.0,243.5,inside_visible,793.1006315789474,608.0786842105264,0
smwfiZd8HLc_8799-10332-downsampled,698,1,1098.0,125.0,299.0,316.0,inside_visible,777.018,491.548,1
smwfiZd8HLc_8799-10332-downsampled,698,2,280.0,0.0,292.0,245.0,inside_visible,793.1774210526316,608.5967894736842,0
smwfiZd8HLc_8799-10332-downsampled,699,1,1099.2,125.3,299.0,316.0,inside_visible,774.267,493.4148333333333,1
smwfiZd8HLc_8799-10332-downsampled,699,2,280.0,0.0,289.0,246.5,inside_visible,793.2542105263158,609.1148947368422,0
smwfiZd8HLc_8799-10332-downsampled,700,1,1100.4,125.6,299.0,316.0,inside_visible,771.516,495.2816666666667,1
smwfiZd8HLc_8799-10332-downsampled,700,2,280.0,0.0,286.0,248.0,inside_visible,793.331,609.633,0
smwfiZd8HLc_8799-10332-downsampled,701,1,1101.6,125.9,299.0,316.0,inside_visible,768.765,497.1485,1
smwfiZd8HLc_8799-10332-downsampled,701,2,277.3333333333333,0.0,288.6666666666667,248.0,inside_visible,793.4504090909091,609.5262575757577,0
smwfiZd8HLc_8799-10332-downsampled,702,1,1102.8,126.2,299.0,316.0,inside_visible,766.014,499.0153333333333,1
smwfiZd8HLc_8799-10332-downsampled,702,2,274.6666666666667,0.0,291.3333333333333,248.0,inside_visible,793.5698181818182,609.4195151515152,0
smwfiZd8HLc_8799-10332-downsampled,703,1,1104.0,126.5,299.0,316.0,inside_visible,763.2629999999999,500.8821666666667,1
smwfiZd8HLc_8799-10332-downsampled,703,2,272.0,0.0,294.0,248.0,inside_visible,793.6892272727273,609.3127727272728,0
smwfiZd8HLc_8799-10332-downsampled,704,1,1105.2,126.8,299.0,316.0,inside_visible,760.512,502.749,1
smwfiZd8HLc_8799-10332-downsampled,704,2,269.3333333333333,0.0,296.6666666666667,248.0,inside_visible,793.8086363636364,609.2060303030304,0
smwfiZd8HLc_8799-10332-downsampled,705,1,1106.4,127.1,299.0,316.0,inside_visible,759.1626666666666,504.00925,1
smwfiZd8HLc_8799-10332-downsampled,705,2,266.6666666666667,0.0,299.3333333333333,248.0,inside_visible,793.9280454545454,609.0992878787879,0
smwfiZd8HLc_8799-10332-downsampled,706,1,1107.6,127.4,299.0,316.0,inside_visible,757.8133333333333,505.2695,1
smwfiZd8HLc_8799-10332-downsampled,706,2,264.0,0.0,302.0,248.0,inside_visible,794.0474545454546,608.9925454545455,0
smwfiZd8HLc_8799-10332-downsampled,707,1,1108.8,127.7,299.0,316.0,inside_visible,756.4639999999999,506.52975,1
smwfiZd8HLc_8799-10332-downsampled,707,2,268.0,0.0,298.0,248.0,inside_visible,794.1668636363637,608.885803030303,0
smwfiZd8HLc_8799-10332-downsampled,708,1,1110.0,128.0,299.0,316.0,inside_visible,755.1146666666666,507.79,1
smwfiZd8HLc_8799-10332-downsampled,708,2,268.0,0.0,298.0,248.0,gaze_shift,794.2862727272727,608.7790606060606,0
smwfiZd8HLc_8799-10332-downsampled,709,1,1110.6666666666667,127.0,299.0,316.0,inside_visible,753.7653333333333,509.05025,1
smwfiZd8HLc_8799-10332-downsampled,709,2,268.0,0.0,296.5,247.5,gaze_shift,794.4056818181818,608.6723181818182,0
smwfiZd8HLc_8799-10332-downsampled,710,1,1111.3333333333333,126.0,299.0,316.0,inside_visible,752.4159999999999,510.3105,1
smwfiZd8HLc_8799-10332-downsampled,710,2,268.0,0.0,295.0,247.0,gaze_shift,794.525090909091,608.5655757575757,0
smwfiZd8HLc_8799-10332-downsampled,711,1,1112.0,125.0,299.0,316.0,inside_visible,751.0666666666667,511.57075,1
smwfiZd8HLc_8799-10332-downsampled,711,2,268.0,0.0,293.5,246.5,outside_frame,794.6445,608.4588333333334,0
smwfiZd8HLc_8799-10332-downsampled,712,1,1112.6666666666667,124.0,299.0,316.0,inside_visible,749.7173333333334,512.831,1
smwfiZd8HLc_8799-10332-downsampled,712,2,268.0,0.0,292.0,246.0,outside_frame,794.7639090909091,608.352090909091,0
smwfiZd8HLc_8799-10332-downsampled,713,1,1113.3333333333333,123.0,299.0,316.0,inside_visible,748.368,514.09125,1
smwfiZd8HLc_8799-10332-downsampled,713,2,268.0,0.0,290.5,245.5,outside_frame,794.8833181818181,608.2453484848485,0
smwfiZd8HLc_8799-10332-downsampled,714,1,1114.0,122.0,299.0,316.0,inside_visible,747.0186666666667,515.3515,1
smwfiZd8HLc_8799-10332-downsampled,714,2,268.0,0.0,289.0,245.0,outside_frame,795.0027272727273,608.1386060606061,0
smwfiZd8HLc_8799-10332-downsampled,715,1,1114.6666666666667,121.0,299.0,316.0,inside_visible,745.6693333333334,516.6117499999999,1
smwfiZd8HLc_8799-10332-downsampled,715,2,265.75,0.0,289.0,242.0,outside_frame,795.1221363636364,608.0318636363637,0
smwfiZd8HLc_8799-10332-downsampled,716,1,1115.3333333333333,120.0,299.0,316.0,inside_visible,744.32,517.872,1
smwfiZd8HLc_8799-10332-downsampled,716,2,263.5,0.0,289.0,239.0,outside_frame,795.2415454545454,607.9251212121212,0
smwfiZd8HLc_8799-10332-downsampled,717,1,1116.0,119.0,299.0,316.0,inside_visible,743.8658181818182,524.2721818181818,1
smwfiZd8HLc_8799-10332-downsampled,717,2,261.25,0.0,289.0,236.0,outside_frame,795.3609545454545,607.8183787878788,0
smwfiZd8HLc_8799-10332-downsampled,718,1,1116.5,119.16666666666669,299.0,316.0,inside_visible,743.4116363636364,530.6723636363636,1
smwfiZd8HLc_8799-10332-downsampled,718,2,259.0,0.0,289.0,233.0,outside_frame,795.4803636363637,607.7116363636363,0
smwfiZd8HLc_8799-10332-downsampled,719,1,1117.0,119.33333333333331,299.0,316.0,inside_visible,742.9574545454545,537.0725454545454,1
smwfiZd8HLc_8799-10332-downsampled,719,2,257.2857142857143,0.0,289.00000000000006,233.0,outside_frame,795.5997727272727,607.604893939394,0
smwfiZd8HLc_8799-10332-downsampled,720,1,1117.5,119.5,299.0,316.0,inside_visible,742.5032727272727,543.4727272727273,1
smwfiZd8HLc_8799-10332-downsampled,720,2,255.57142857142856,0.0,289.0,233.0,outside_frame,795.7191818181818,607.4981515151516,0
smwfiZd8HLc_8799-10332-downsampled,721,1,1118.0,119.66666666666669,299.0,316.0,inside_visible,742.0490909090909,549.872909090909,1
smwfiZd8HLc_8799-10332-downsampled,721,2,253.8571428571429,0.0,289.0,233.0,outside_frame,795.838590909091,607.3914090909091,0
smwfiZd8HLc_8799-10332-downsampled,722,1,1118.5,119.83333333333331,299.0,316.0,inside_visible,741.5949090909091,556.2730909090909,1
smwfiZd8HLc_8799-10332-downsampled,722,2,252.14285714285717,0.0,289.0,233.0,outside_frame,795.958,607.2846666666667,0
smwfiZd8HLc_8799-10332-downsampled,723,1,1119.0,120.0,299.0,316.0,inside_visible,741.1407272727273,562.6732727272727,1
smwfiZd8HLc_8799-10332-downsampled,723,2,250.42857142857144,0.0,289.0,233.0,outside_frame,796.0774090909091,607.1779242424243,0
smwfiZd8HLc_8799-10332-downsampled,724,1,1119.5,120.16666666666669,299.0,316.0,inside_visible,740.6865454545455,569.0734545454545,1
smwfiZd8HLc_8799-10332-downsampled,724,2,248.7142857142857,0.0,288.99999999999994,233.0,outside_frame,796.1968181818182,607.0711818181818,0
smwfiZd8HLc_8799-10332-downsampled,725,1,1120.0,120.33333333333331,299.0,316.0,inside_visible,740.2323636363636,575.4736363636364,1
smwfiZd8HLc_8799-10332-downsampled,725,2,247.0,0.0,289.0,233.0,outside_frame,796.3162272727272,606.9644393939394,0
smwfiZd8HLc_8799-10332-downsampled,726,1,1120.5,120.5,299.0,316.0,inside_visible,739.7781818181818,581.8738181818181,1
smwfiZd8HLc_8799-10332-downsampled,726,2,247.0,0.0,289.0,214.0,outside_frame,796.4356363636364,606.857696969697,0
smwfiZd8HLc_8799-10332-downsampled,727,1,1121.0,120.66666666666669,299.0,316.0,inside_visible,739.324,588.274,1
smwfiZd8HLc_8799-10332-downsampled,727,2,238.0,0.0,298.0,214.0,outside_frame,796.5550454545455,606.7509545454545,0
smwfiZd8HLc_8799-10332-downsampled,728,1,1121.5,120.83333333333331,299.0,316.0,inside_visible,904.688,592.492,1
smwfiZd8HLc_8799-10332-downsampled,728,2,237.4,0.0,298.0,214.0,outside_frame,796.6744545454545,606.6442121212121,0
smwfiZd8HLc_8799-10332-downsampled,729,1,1122.0,121.0,299.0,316.0,inside_visible,905.697875,593.967125,1
smwfiZd8HLc_8799-10332-downsampled,729,2,236.8,0.0,297.99999999999994,214.0,outside_frame,796.7938636363637,606.5374696969697,0
smwfiZd8HLc_8799-10332-downsampled,730,1,1122.5,121.16666666666669,299.0,316.0,inside_visible,906.70775,595.44225,1
smwfiZd8HLc_8799-10332-downsampled,730,2,236.2,0.0,298.00000000000006,214.0,outside_frame,796.9132727272728,606.4307272727273,0
smwfiZd8HLc_8799-10332-downsampled,731,1,1123.0,121.33333333333331,299.0,316.0,inside_visible,907.717625,596.917375,1
smwfiZd8HLc_8799-10332-downsampled,731,2,235.6,0.0,298.0,214.0,outside_frame,797.0326818181818,606.3239848484849,0
smwfiZd8HLc_8799-10332-downsampled,732,1,1123.5,121.5,299.0,316.0,inside_visible,908.7275,598.3924999999999,1
smwfiZd8HLc_8799-10332-downsampled,732,2,235.0,0.0,298.0,214.0,outside_frame,797.1520909090909,606.2172424242424,0
smwfiZd8HLc_8799-10332-downsampled,733,1,1124.0,121.66666666666669,299.0,316.0,inside_visible,909.737375,599.867625,1
smwfiZd8HLc_8799-10332-downsampled,733,2,234.4,0.0,298.0,214.0,outside_frame,797.2715000000001,606.1105,0
smwfiZd8HLc_8799-10332-downsampled,734,1,1124.5,121.83333333333331,299.0,316.0,inside_visible,910.74725,601.34275,1
smwfiZd8HLc_8799-10332-downsampled,734,2,233.8,0.0,297.99999999999994,214.0,outside_frame,797.3909090909091,606.0037575757576,0
smwfiZd8HLc_8799-10332-downsampled,735,1,1125.0,122.0,299.0,316.0,inside_visible,911.757125,602.817875,1
smwfiZd8HLc_8799-10332-downsampled,735,2,233.2,0.0,298.00000000000006,214.0,outside_frame,797.5103181818182,605.8970151515151,0
smwfiZd8HLc_8799-10332-downsampled,736,1,1128.875,122.75,299.0,316.0,inside_visible,912.767,604.293,1
smwfiZd8HLc_8799-10332-downsampled,736,2,232.6,0.0,298.0,214.0,outside_frame,797.6297272727272,605.7902727272727,0
smwfiZd8HLc_8799-10332-downsampled,737,1,1132.75,123.5,299.0,316.0,inside_visible,824.767,584.293,1
smwfiZd8HLc_8799-10332-downsampled,737,2,232.0,0.0,298.0,214.0,outside_frame,797.7491363636364,605.6835303030304,0
smwfiZd8HLc_8799-10332-downsampled,738,1,1136.625,124.25,299.0,316.0,inside_visible,822.447,583.9266666666666,1
smwfiZd8HLc_8799-10332-downsampled,738,2,231.4,0.0,298.0,214.0,outside_frame,797.8685454545455,605.5767878787879,0
smwfiZd8HLc_8799-10332-downsampled,739,1,1140.5,125.0,299.0,316.0,inside_visible,820.1270000000001,583.5603333333333,1
smwfiZd8HLc_8799-10332-downsampled,739,2,230.8,0.0,297.99999999999994,214.0,outside_frame,797.9879545454545,605.4700454545455,0
smwfiZd8HLc_8799-10332-downsampled,740,1,1144.375,125.75,299.0,316.0,inside_visible,817.807,583.194,1
smwfiZd8HLc_8799-10332-downsampled,740,2,230.2,0.0,298.00000000000006,214.0,outside_frame,798.1073636363636,605.363303030303,0
smwfiZd8HLc_8799-10332-downsampled,741,1,1148.25,126.5,299.0,316.0,inside_visible,816.5868125000001,582.3965,1
smwfiZd8HLc_8799-10332-downsampled,741,2,229.6,0.0,298.0,214.0,outside_frame,798.2267727272728,605.2565606060606,0
smwfiZd8HLc_8799-10332-downsampled,742,1,1152.125,127.25,299.0,316.0,inside_visible,815.366625,581.5989999999999,1
smwfiZd8HLc_8799-10332-downsampled,742,2,229.0,0.0,298.0,214.0,outside_frame,798.3461818181818,605.1498181818182,0
smwfiZd8HLc_8799-10332-downsampled,743,1,1156.0,128.0,299.0,316.0,inside_visible,814.1464375,580.8014999999999,1
smwfiZd8HLc_8799-10332-downsampled,743,2,228.4,0.0,298.0,214.0,outside_frame,798.4655909090909,605.0430757575757,0
smwfiZd8HLc_8799-10332-downsampled,744,1,1158.7142857142858,128.0,299.0,316.0,inside_visible,812.92625,580.0039999999999,1
smwfiZd8HLc_8799-10332-downsampled,744,2,227.8,0.0,297.99999999999994,214.0,outside_frame,798.585,604.9363333333333,0
smwfiZd8HLc_8799-10332-downsampled,745,1,1161.428571428571,128.0,299.0,316.0,inside_visible,811.7060625,579.2065,1
smwfiZd8HLc_8799-10332-downsampled,745,2,227.2,0.0,298.00000000000006,214.0,outside_frame,798.704409090909,604.8295909090909,0
smwfiZd8HLc_8799-10332-downsampled,746,1,1164.142857142857,128.0,299.0,316.0,inside_visible,810.485875,578.409,1
smwfiZd8HLc_8799-10332-downsampled,746,2,226.6,0.0,298.0,214.0,outside_frame,798.8238181818182,604.7228484848484,0
smwfiZd8HLc_8799-10332-downsampled,747,1,1166.857142857143,128.0,299.0,316.0,inside_visible,809.2656875,577.6115,1
smwfiZd8HLc_8799-10332-downsampled,747,2,226.0,0.0,298.0,214.0,inside_visible,798.9432272727273,604.6161060606061,0
smwfiZd8HLc_8799-10332-downsampled,748,1,1169.571428571429,128.0,299.0,316.0,inside_visible,808.0455,576.814,1
smwfiZd8HLc_8799-10332-downsampled,748,2,226.8571428571429,0.0,298.0,214.0,inside_visible,799.0626363636363,604.5093636363637,0
smwfiZd8HLc_8799-10332-downsampled,749,1,1172.2857142857142,128.0,299.0,316.0,inside_visible,806.8253125,576.0165,1
smwfiZd8HLc_8799-10332-downsampled,749,2,227.7142857142857,0.0,297.99999999999994,214.0,inside_visible,799.1820454545455,604.4026212121212,0
smwfiZd8HLc_8799-10332-downsampled,750,1,1175.0,128.0,299.0,316.0,inside_visible,805.605125,575.2189999999999,1
smwfiZd8HLc_8799-10332-downsampled,750,2,228.57142857142856,0.0,298.0,214.0,inside_visible,799.3014545454546,604.2958787878788,0
smwfiZd8HLc_8799-10332-downsampled,751,1,1171.2,127.4,299.0,316.0,inside_visible,804.3849375,574.4214999999999,1
smwfiZd8HLc_8799-10332-downsampled,751,2,229.42857142857144,0.0,298.0,214.0,inside_visible,799.4208636363636,604.1891363636363,0
smwfiZd8HLc_8799-10332-downsampled,752,1,1167.4,126.8,299.0,316.0,inside_visible,803.16475,573.624,1
smwfiZd8HLc_8799-10332-downsampled,752,2,230.28571428571428,0.0,298.00000000000006,214.0,inside_visible,799.5402727272727,604.0823939393939,0
smwfiZd8HLc_8799-10332-downsampled,753,1,1163.6,126.2,299.0,316.0,inside_visible,801.9445625,572.8265,1
smwfiZd8HLc_8799-10332-downsampled,753,2,231.14285714285717,0.0,298.0,214.0,inside_visible,799.6596818181819,603.9756515151515,0
smwfiZd8HLc_8799-10332-downsampled,754,1,1159.8,125.6,299.0,316.0,inside_visible,800.724375,572.029,1
smwfiZd8HLc_8799-10332-downsampled,754,2,232.0,0.0,298.0,214.0,inside_visible,799.7790909090909,603.868909090909,0
smwfiZd8HLc_8799-10332-downsampled,755,1,1156.0,125.0,299.0,316.0,inside_visible,799.5041875,571.2315,1
smwfiZd8HLc_8799-10332-downsampled,755,2,232.8571428571429,0.0,298.0,214.0,inside_visible,799.8985,603.7621666666666,0
smwfiZd8HLc_8799-10332-downsampled,756,1,1153.0,132.5,299.0,316.0,inside_visible,798.284,570.434,1
smwfiZd8HLc_8799-10332-downsampled,756,2,233.7142857142857,0.0,297.99999999999994,214.0,inside_visible,800.017909090909,603.6554242424243,0
smwfiZd8HLc_8799-10332-downsampled,757,1,1150.0,140.0,299.0,316.0,inside_visible,612.189,335.886,1
smwfiZd8HLc_8799-10332-downsampled,757,2,234.57142857142856,0.0,298.0,214.0,inside_visible,800.1373181818182,603.5486818181818,0
smwfiZd8HLc_8799-10332-downsampled,758,1,1147.75,138.5,299.0,316.0,inside_visible,613.646,333.47700000000003,1
smwfiZd8HLc_8799-10332-downsampled,758,2,235.42857142857144,0.0,298.0,214.0,inside_visible,800.2567272727273,603.4419393939394,0
smwfiZd8HLc_8799-10332-downsampled,759,1,1145.5,137.0,299.0,316.0,inside_visible,615.1030000000001,331.068,1
smwfiZd8HLc_8799-10332-downsampled,759,2,236.28571428571428,0.0,298.00000000000006,214.0,inside_visible,800.3761363636363,603.335196969697,0
smwfiZd8HLc_8799-10332-downsampled,760,1,1143.25,135.5,299.0,316.0,inside_visible,616.5600000000001,328.659,1
smwfiZd8HLc_8799-10332-downsampled,760,2,237.14285714285717,0.0,298.0,214.0,inside_visible,800.4955454545454,603.2284545454545,0
smwfiZd8HLc_8799-10332-downsampled,761,1,1141.0,134.0,299.0,316.0,inside_visible,618.017,326.25,1
smwfiZd8HLc_8799-10332-downsampled,761,2,238.0,0.0,298.0,214.0,inside_visible,800.6149545454546,603.1217121212121,0
smwfiZd8HLc_8799-10332-downsampled,762,1,1141.0,131.0,299.0,316.0,inside_visible,618.017,326.25,1
smwfiZd8HLc_8799-10332-downsampled,762,2,241.0,0.0,298.0,214.0,inside_visible,800.7343636363636,603.0149696969696,0
smwfiZd8HLc_8799-10332-downsampled,763,1,1141.0,128.0,299.0,316.0,inside_visible,618.017,326.25,1
smwfiZd8HLc_8799-10332-downsampled,763,2,244.0,0.0,298.0,214.0,inside_visible,800.8537727272727,602.9082272727272,0
smwfiZd8HLc_8799-10332-downsampled,764,1,1141.0,125.0,299.0,316.0,inside_visible,618.017,326.25,1
smwfiZd8HLc_8799-10332-downsampled,764,2,247.0,0.0,298.0,214.0,inside_visible,800.9731818181818,602.8014848484848,0
smwfiZd8HLc_8799-10332-downsampled,765,1,1138.0,123.5,299.0,316.0,inside_visible,618.017,326.25,1
smwfiZd8HLc_8799-10332-downsampled,765,2,250.0,0.0,298.0,214.0,inside_visible,801.0925909090909,602.6947424242423,0
smwfiZd8HLc_8799-10332-downsampled,766,1,1135.0,122.0,299.0,316.0,inside_visible,618.017,326.25,1
smwfiZd8HLc_8799-10332-downsampled,766,2,259.0,0.0,298.0,231.0,inside_visible,801.212,602.588,0
smwfiZd8HLc_8799-10332-downsampled,767,1,1106.0,114.0,299.0,316.0,inside_visible,618.017,326.25,1
smwfiZd8HLc_8799-10332-downsampled,767,2,268.0,0.0,298.0,248.0,inside_visible,801.331,545.633,0
