clip,frame,person_id,bbox_x,bbox_y,bbox_width,bbox_height,gaze_class,gaze_x,gaze_y,is_child
tw91epryD28_1264-1925,1,1,531.0,357.0,248.0,267.0,inside_visible,1142.446,198.157,1
tw91epryD28_1264-1925,1,2,1068.0,36.0,383.0,385.0,inside_visible,949.112,893.491,0
tw91epryD28_1264-1925,2,1,531.3636363636364,356.77272727272725,248.0,267.5909090909091,inside_visible,1144.646,203.057,1
tw91epryD28_1264-1925,2,2,1068.0,36.0,383.0,393.0,inside_visible,950.36,893.5517027027026,0
tw91epryD28_1264-1925,3,1,531.7272727272727,356.54545454545456,248.0,268.1818181818182,inside_visible,1146.846,207.957,1
tw91epryD28_1264-1925,3,2,1068.0,36.0,383.0,401.0,inside_visible,951.608,893.6124054054054,0
tw91epryD28_1264-1925,4,1,532.0909090909091,356.3181818181818,248.0,268.7727272727273,inside_visible,1149.046,212.857,1
tw91epryD28_1264-1925,4,2,1068.0,36.0,383.0,409.0,inside_visible,952.856,893.6731081081081,0
tw91epryD28_1264-1925,5,1,532.4545454545455,356.09090909090907,248.0,269.36363636363643,inside_visible,1151.246,217.757,1
tw91epryD28_1264-1925,5,2,1070.5,42.0,381.5,410.0,inside_visible,954.104,893.7338108108108,0
tw91epryD28_1264-1925,6,1,532.8181818181819,355.8636363636364,248.0,269.9545454545455,inside_visible,1098.446,680.157,1
tw91epryD28_1264-1925,6,2,1073.0,48.0,380.0,411.0,inside_visible,955.352,893.7945135135135,0
tw91epryD28_1264-1925,7,1,533.1818181818181,355.6363636363636,248.0,270.5454545454545,inside_visible,974.526,895.452,1
tw91epryD28_1264-1925,7,2,1073.0,42.0,379.0,411.5,inside_visible,956.6,893.8552162162161,0
tw91epryD28_1264-1925,8,1,533.5454545454545,355.40909090909093,248.0,271.1363636363636,inside_visible,974.09932,894.96176,1
tw91epryD28_1264-1925,8,2,1073.0,36.0,378.0,412.0,inside_visible,957.848,893.9159189189189,0
tw91epryD28_1264-1925,9,1,533.9090909090909,355.1818181818182,248.0,271.7272727272727,inside_visible,973.67264,894.47152,1
tw91epryD28_1264-1925,9,2,1073.3333333333333,36.0,377.66666666666674,412.55555555555554,inside_visible,959.096,893.9766216216216,0
tw91epryD28_1264-1925,10,1,534.2727272727273,354.95454545454544,248.0,272.3181818181818,inside_visible,973.24596,893.98128,1
tw91epryD28_1264-1925,10,2,1073.6666666666667,36.0,377.33333333333326,413.1111111111111,inside_visible,960.344,894.0373243243243,0
tw91epryD28_1264-1925,11,1,534.6363636363636,354.72727272727275,248.0,272.9090909090909,inside_visible,972.81928,893.49104,1
tw91epryD28_1264-1925,11,2,1074.0,36.0,377.0,413.6666666666667,inside_visible,961.592,894.098027027027,0
tw91epryD28_1264-1925,12,1,535.0,354.5,248.0,273.5,inside_visible,972.3926,893.0008,1
tw91epryD28_1264-1925,12,2,1074.3333333333333,36.0,376.66666666666674,414.22222222222223,inside_visible,962.84,894.1587297297297,0
tw91epryD28_1264-1925,13,1,535.3636363636364,354.27272727272725,248.0,274.0909090909091,inside_visible,971.96592,892.51056,1
tw91epryD28_1264-1925,13,2,1074.6666666666667,36.0,376.33333333333326,414.77777777777777,inside_visible,964.088,894.2194324324324,0
tw91epryD28_1264-1925,14,1,535.7272727272727,354.04545454545456,248.0,274.6818181818182,inside_visible,971.53924,892.02032,1
tw91epryD28_1264-1925,14,2,1075.0,36.0,376.0,415.3333333333333,inside_visible,965.336,894.2801351351351,0
tw91epryD28_1264-1925,15,1,536.0909090909091,353.8181818181818,248.0,275.2727272727273,inside_visible,971.11256,891.53008,1
tw91epryD28_1264-1925,15,2,1075.3333333333333,36.0,375.66666666666674,415.8888888888889,inside_visible,966.584,894.3408378378379,0
tw91epryD28_1264-1925,16,1,536.4545454545455,353.59090909090907,248.0,275.86363636363643,inside_visible,970.68588,891.03984,1
tw91epryD28_1264-1925,16,2,1075.6666666666667,36.0,375.33333333333326,416.44444444444446,inside_visible,967.832,894.4015405405405,0
tw91epryD28_1264-1925,17,1,536.8181818181819,353.3636363636364,248.0,276.4545454545455,inside_visible,970.2592,890.5496,1
tw91epryD28_1264-1925,17,2,1076.0,36.0,375.0,417.0,inside_visible,969.08,894.4622432432432,0
tw91epryD28_1264-1925,18,1,537.1818181818181,353.1363636363636,248.0,277.0454545454545,inside_visible,969.83252,890.05936,1
tw91epryD28_1264-1925,18,2,1075.8235294117646,36.0,375.17647058823536,417.0,inside_visible,970.328,894.5229459459459,0
tw91epryD28_1264-1925,19,1,537.5454545454545,352.90909090909093,248.0,277.6363636363636,inside_visible,969.40584,889.56912,1
tw91epryD28_1264-1925,19,2,1075.6470588235295,36.0,375.3529411764705,417.0,inside_visible,971.576,894.5836486486486,0
tw91epryD28_1264-1925,20,1,537.9090909090909,352.6818181818182,248.0,278.2272727272727,inside_visible,968.97916,889.07888,1
tw91epryD28_1264-1925,20,2,1075.470588235294,36.0,375.52941176470586,417.0,inside_visible,972.824,894.6443513513514,0
tw91epryD28_1264-1925,21,1,538.2727272727273,352.45454545454544,248.0,278.8181818181818,inside_visible,968.55248,888.58864,1
tw91epryD28_1264-1925,21,2,1075.2941176470588,36.0,375.7058823529412,417.0,inside_visible,974.072,894.705054054054,0
tw91epryD28_1264-1925,22,1,538.6363636363636,352.22727272727275,248.0,279.4090909090909,inside_visible,968.1258,888.0984,1
tw91epryD28_1264-1925,22,2,1075.1176470588234,36.0,375.8823529411766,417.0,inside_visible,975.32,894.7657567567568,0
tw91epryD28_1264-1925,23,1,539.0,352.0,248.0,280.0,inside_visible,967.69912,887.60816,1
tw91epryD28_1264-1925,23,2,1074.9411764705883,36.0,376.0588235294117,417.0,inside_visible,976.568,894.8264594594594,0
tw91epryD28_1264-1925,24,1,539.0,352.0,248.0,281.83333333333337,inside_visible,967.27244,887.11792,1
tw91epryD28_1264-1925,24,2,1074.764705882353,36.0,376.2352941176471,417.0,inside_visible,977.816,894.8871621621621,0
tw91epryD28_1264-1925,25,1,539.0,352.0,248.0,283.66666666666663,inside_visible,966.84576,886.62768,1
tw91epryD28_1264-1925,25,2,1074.5882352941176,36.0,376.4117647058824,417.0,inside_visible,979.064,894.9478648648649,0
tw91epryD28_1264-1925,26,1,539.0,352.0,248.0,285.5,inside_visible,966.41908,886.13744,1
tw91epryD28_1264-1925,26,2,1074.4117647058824,36.0,376.5882352941176,417.0,inside_visible,980.312,895.0085675675675,0
tw91epryD28_1264-1925,27,1,539.0,352.0,248.0,287.33333333333337,inside_visible,965.9924,885.6472,1
tw91epryD28_1264-1925,27,2,1074.235294117647,36.0,376.7647058823529,417.0,inside_visible,981.56,895.0692702702703,0
tw91epryD28_1264-1925,28,1,539.0,352.0,248.0,289.16666666666663,inside_visible,965.56572,885.15696,1
tw91epryD28_1264-1925,28,2,1074.0588235294117,36.0,376.9411764705883,417.0,inside_visible,982.808,895.129972972973,0
tw91epryD28_1264-1925,29,1,539.0,352.0,248.0,291.0,inside_visible,965.13904,884.66672,1
tw91epryD28_1264-1925,29,2,1073.8823529411766,36.0,377.1176470588234,417.0,inside_visible,984.056,895.1906756756756,0
tw91epryD28_1264-1925,30,1,540.0,351.625,248.0,291.0,inside_visible,964.71236,884.17648,1
tw91epryD28_1264-1925,30,2,1073.7058823529412,36.0,377.2941176470588,417.0,inside_visible,985.304,895.2513783783784,0
tw91epryD28_1264-1925,31,1,541.0,351.25,248.0,291.0,inside_visible,964.28568,883.68624,1
tw91epryD28_1264-1925,31,2,1073.529411764706,36.0,377.4705882352941,417.0,inside_visible,986.552,895.312081081081,0
tw91epryD28_1264-1925,32,1,542.0,350.875,248.0,291.0,inside_visible,963.859,883.196,1
tw91epryD28_1264-1925,32,2,1073.3529411764705,36.0,377.6470588235295,417.0,inside_visible,987.8,895.3727837837838,0
tw91epryD28_1264-1925,33,1,543.0,350.5,248.0,291.0,inside_visible,949.192,902.119,1
tw91epryD28_1264-1925,33,2,1073.1764705882354,36.0,377.82352941176464,417.0,inside_visible,989.048,895.4334864864865,0
tw91epryD28_1264-1925,34,1,544.0,350.125,248.0,291.0,inside_visible,964.731,888.145,1
tw91epryD28_1264-1925,34,2,1073.0,36.0,378.0,417.0,inside_visible,990.296,895.4941891891891,0
tw91epryD28_1264-1925,35,1,545.0,349.75,248.0,291.0,inside_visible,962.1738571428572,891.6951428571429,1
tw91epryD28_1264-1925,35,2,1071.6666666666667,36.833333333333336,378.0,417.0,inside_visible,991.544,895.5548918918919,0
tw91epryD28_1264-1925,36,1,546.0,349.375,248.0,291.0,inside_visible,959.6167142857142,895.2452857142857,1
tw91epryD28_1264-1925,36,2,1070.3333333333333,37.66666666666666,378.0,417.0,inside_visible,992.792,895.6155945945945,0
tw91epryD28_1264-1925,37,1,547.0,349.0,248.0,291.0,inside_visible,957.0595714285714,898.7954285714286,1
tw91epryD28_1264-1925,37,2,1069.0,38.5,378.0,417.0,inside_visible,994.04,895.6762972972973,0
tw91epryD28_1264-1925,38,1,547.3478260869565,349.1304347826087,248.0,291.00000000000006,inside_visible,954.5024285714286,902.3455714285714,1
tw91epryD28_1264-1925,38,2,1067.6666666666667,39.333333333333336,378.0,417.0,inside_visible,995.288,895.737,0
tw91epryD28_1264-1925,39,1,547.695652173913,349.2608695652174,248.0,291.0,inside_visible,951.9452857142858,905.8957142857142,1
tw91epryD28_1264-1925,39,2,1066.3333333333333,40.16666666666666,378.0,417.0,inside_visible,955.779,878.825,0
tw91epryD28_1264-1925,40,1,548.0434782608696,349.39130434782606,248.0,291.00000000000006,inside_visible,949.3881428571428,909.4458571428572,1
tw91epryD28_1264-1925,40,2,1065.0,41.0,378.0,417.0,inside_visible,951.978,880.453,0
tw91epryD28_1264-1925,41,1,548.3913043478261,349.5217391304348,248.0,290.99999999999994,inside_visible,946.831,912.996,1
tw91epryD28_1264-1925,41,2,1063.5555555555557,41.0,378.0,417.0,inside_visible,954.9253333333334,880.65,0
tw91epryD28_1264-1925,42,1,548.7391304347826,349.6521739130435,248.0,291.0,inside_visible,946.0502162162162,912.9575135135136,1
tw91epryD28_1264-1925,42,2,1062.111111111111,41.0,378.0,417.0,inside_visible,957.8726666666666,880.847,0
tw91epryD28_1264-1925,43,1,549.0869565217391,349.7826086956522,248.0,290.99999999999994,inside_visible,945.2694324324324,912.919027027027,1
tw91epryD28_1264-1925,43,2,1060.6666666666667,41.0,378.0,417.0,inside_visible,960.82,881.044,0
tw91epryD28_1264-1925,44,1,549.4347826086956,349.9130434782609,248.0,291.0,inside_visible,944.4886486486488,912.8805405405406,1
tw91epryD28_1264-1925,44,2,1059.2222222222222,41.0,378.0,417.0,inside_visible,960.1406428571428,880.4916428571429,0
tw91epryD28_1264-1925,45,1,549.7826086956521,350.0434782608696,248.0,291.00000000000006,inside_visible,943.7078648648647,912.842054054054,1
tw91epryD28_1264-1925,45,2,1057.7777777777778,41.0,378.0,417.0,inside_visible,959.4612857142856,879.9392857142857,0
tw91epryD28_1264-1925,46,1,550.1304347826087,350.17391304347825,248.0,291.0,inside_visible,942.927081081081,912.8035675675676,1
tw91epryD28_1264-1925,46,2,1056.3333333333333,41.0,378.0,417.0,inside_visible,958.7819285714286,879.3869285714286,0
tw91epryD28_1264-1925,47,1,550.4782608695652,350.30434782608694,248.0,291.00000000000006,inside_visible,942.1462972972972,912.7650810810812,1
tw91epryD28_1264-1925,47,2,1054.888888888889,41.0,378.0,417.0,inside_visible,958.1025714285714,878.8345714285714,0
tw91epryD28_1264-1925,48,1,550.8260869565217,350.4347826086956,248.0,291.0,inside_visible,941.3655135135136,912.7265945945944,1
tw91epryD28_1264-1925,48,2,1053.4444444444443,41.0,378.0,417.0,inside_visible,957.4232142857144,878.2822142857143,0
tw91epryD28_1264-1925,49,1,551.1739130434783,350.5652173913044,248.0,291.0,inside_visible,940.5847297297296,912.688108108108,1
tw91epryD28_1264-1925,49,2,1052.0,41.0,378.0,417.0,inside_visible,956.7438571428572,877.7298571428571,0
tw91epryD28_1264-1925,50,1,551.5217391304348,350.69565217391306,248.0,290.99999999999994,inside_visible,939.803945945946,912.6496216216216,1
tw91epryD28_1264-1925,50,2,1052.0,42.85714285714285,378.0,417.0,inside_visible,956.0645,877.1775,0
tw91epryD28_1264-1925,51,1,551.8695652173913,350.8260869565217,248.0,291.0,inside_visible,939.0231621621622,912.6111351351352,1
tw91epryD28_1264-1925,51,2,1052.0,44.71428571428572,378.0,417.0,inside_visible,955.3851428571428,876.6251428571429,0
tw91epryD28_1264-1925,52,1,552.2173913043479,350.95652173913044,248.0,290.99999999999994,inside_visible,938.2423783783784,912.5726486486486,1
tw91epryD28_1264-1925,52,2,1052.0,46.57142857142857,378.0,417.0,inside_visible,954.7057857142858,876.0727857142857,0
tw91epryD28_1264-1925,53,1,552.5652173913044,351.0869565217391,248.0,291.0,inside_visible,937.4615945945948,912.534162162162,1
tw91epryD28_1264-1925,53,2,1052.0,48.42857142857143,378.0,417.0,inside_visible,954.0264285714286,875.5204285714286,0
tw91epryD28_1264-1925,54,1,552.9130434782609,351.2173913043478,248.0,291.00000000000006,inside_visible,936.6808108108108,912.4956756756756,1
tw91epryD28_1264-1925,54,2,1052.0,50.285714285714285,378.0,417.0,inside_visible,953.3470714285714,874.9680714285714,0
tw91epryD28_1264-1925,55,1,553.2608695652174,351.3478260869565,248.0,291.0,inside_visible,935.900027027027,912.4571891891892,1
tw91epryD28_1264-1925,55,2,1052.0,52.14285714285714,378.0,417.0,inside_visible,952.6677142857144,874.4157142857143,0
tw91epryD28_1264-1925,56,1,553.6086956521739,351.4782608695652,248.0,291.00000000000006,inside_visible,935.1192432432432,912.4187027027028,1
tw91epryD28_1264-1925,56,2,1052.0,54.0,378.0,417.0,inside_visible,951.9883571428572,873.8633571428571,0
tw91epryD28_1264-1925,57,1,553.9565217391304,351.60869565217394,248.0,290.99999999999994,inside_visible,934.3384594594596,912.3802162162162,1
tw91epryD28_1264-1925,57,2,1052.0,54.0,379.0,416.0,inside_visible,951.309,873.311,0
tw91epryD28_1264-1925,58,1,554.304347826087,351.7391304347826,248.0,291.0,inside_visible,933.5576756756756,912.3417297297298,1
tw91epryD28_1264-1925,58,2,1052.0,54.0,380.0,415.0,inside_visible,743.487,517.044,0
tw91epryD28_1264-1925,59,1,554.6521739130435,351.8695652173913,248.0,290.99999999999994,inside_visible,932.776891891892,912.3032432432432,1
tw91epryD28_1264-1925,59,2,1052.0,54.0,381.0,414.0,inside_visible,741.2752499999999,514.646,0
tw91epryD28_1264-1925,60,1,555.0,352.0,248.0,291.0,inside_visible,931.9961081081082,912.2647567567568,1
tw91epryD28_1264-1925,60,2,1050.8181818181818,54.0,381.0,414.0,inside_visible,739.0635,512.2479999999999,0
tw91epryD28_1264-1925,61,1,555.0,352.0,248.0,292.0,inside_visible,931.2153243243245,912.2262702702702,1
tw91epryD28_1264-1925,61,2,1049.6363636363635,54.0,381.0,414.0,inside_visible,736.85175,509.85,0
tw91epryD28_1264-1925,62,1,555.0,352.0,248.0,293.0,inside_visible,930.4345405405404,912.1877837837836,1
tw91epryD28_1264-1925,62,2,1048.4545454545455,54.0,381.0,414.0,inside_visible,734.64,507.452,0
tw91epryD28_1264-1925,63,1,555.0,352.0,248.0,294.0,inside_visible,929.6537567567568,912.1492972972972,1
tw91epryD28_1264-1925,63,2,1047.2727272727273,54.0,381.0,414.0,inside_visible,732.4282499999999,505.054,0
tw91epryD28_1264-1925,64,1,555.0,352.0,248.0,295.0,inside_visible,928.872972972973,912.1108108108108,1
tw91epryD28_1264-1925,64,2,1046.090909090909,54.0,381.0,414.0,inside_visible,730.2165,502.656,0
tw91epryD28_1264-1925,65,1,555.0,352.0,248.0,296.0,inside_visible,928.0921891891892,912.0723243243244,1
tw91epryD28_1264-1925,65,2,1044.909090909091,54.0,381.0,414.0,inside_visible,728.0047500000001,500.258,0
tw91epryD28_1264-1925,66,1,555.0,352.0,248.0,297.0,inside_visible,927.3114054054054,912.0338378378378,1
tw91epryD28_1264-1925,66,2,1043.7272727272727,54.0,381.0,414.0,inside_visible,725.793,497.86,0
tw91epryD28_1264-1925,67,1,555.0,352.0,248.0,298.0,inside_visible,926.5306216216215,911.9953513513514,1
tw91epryD28_1264-1925,67,2,1042.5454545454545,54.0,381.0,414.0,inside_visible,723.58125,495.462,0
tw91epryD28_1264-1925,68,1,555.0,352.0,248.0,299.0,inside_visible,925.7498378378378,911.9568648648648,1
tw91epryD28_1264-1925,68,2,1041.3636363636365,54.0,381.0,414.0,inside_visible,721.3695,493.064,0
tw91epryD28_1264-1925,69,1,559.3333333333334,353.0,248.0,299.0,inside_visible,924.969054054054,911.9183783783784,1
tw91epryD28_1264-1925,69,2,1040.1818181818182,54.0,381.0,414.0,inside_visible,719.1577500000001,490.666,0
tw91epryD28_1264-1925,70,1,563.6666666666666,354.0,248.0,299.0,inside_visible,924.1882702702704,911.879891891892,1
tw91epryD28_1264-1925,70,2,1039.0,54.0,381.0,414.0,inside_visible,716.946,488.268,0
tw91epryD28_1264-1925,71,1,568.0,355.0,248.0,299.0,inside_visible,923.4074864864864,911.8414054054056,1
tw91epryD28_1264-1925,71,2,1039.578947368421,54.0,381.0,414.0,inside_visible,714.73425,485.87,0
tw91epryD28_1264-1925,72,1,572.3333333333334,354.0,248.0,301.66666666666663,inside_visible,922.6267027027028,911.8029189189187,1
tw91epryD28_1264-1925,72,2,1040.157894736842,54.0,381.0,414.0,inside_visible,712.5225,483.472,0
tw91epryD28_1264-1925,73,1,576.6666666666666,353.0,248.0,304.33333333333337,inside_visible,921.8459189189188,911.7644324324324,1
tw91epryD28_1264-1925,73,2,1040.7368421052631,54.0,381.0,414.0,inside_visible,710.3107500000001,481.074,0
tw91epryD28_1264-1925,74,1,581.0,352.0,248.0,307.0,inside_visible,921.0651351351352,911.725945945946,1
tw91epryD28_1264-1925,74,2,1041.3157894736842,54.0,381.0,414.0,inside_visible,708.099,478.676,0
tw91epryD28_1264-1925,75,1,589.0,353.5,248.0,307.0,inside_visible,920.2843513513512,911.6874594594594,1
tw91epryD28_1264-1925,75,2,1041.8947368421052,54.0,381.0,414.0,inside_visible,946.67,860.405,0
tw91epryD28_1264-1925,76,1,597.0,355.0,248.0,307.0,inside_visible,919.5035675675676,911.648972972973,1
tw91epryD28_1264-1925,76,2,1042.4736842105262,54.0,381.0,414.0,inside_visible,958.2636666666666,874.4213333333333,0
tw91epryD28_1264-1925,77,1,605.0,359.0,248.0,307.0,inside_visible,918.7227837837838,911.6104864864864,1
tw91epryD28_1264-1925,77,2,1043.0526315789473,54.0,381.0,414.0,inside_visible,969.8573333333334,888.4376666666666,0
tw91epryD28_1264-1925,78,1,613.0,363.0,248.0,307.0,inside_visible,917.942,911.572,1
tw91epryD28_1264-1925,78,2,1043.6315789473683,54.0,381.0,414.0,inside_visible,981.451,902.454,0
tw91epryD28_1264-1925,79,1,622.5,360.5,248.0,307.0,inside_visible,916.573,907.827,1
tw91epryD28_1264-1925,79,2,1044.2105263157894,54.0,381.0,414.0,inside_visible,980.83972,902.34528,0
tw91epryD28_1264-1925,80,1,632.0,358.0,248.0,307.0,inside_visible,918.348,905.101,1
tw91epryD28_1264-1925,80,2,1044.7894736842106,54.0,381.0,414.0,inside_visible,980.22844,902.23656,0
tw91epryD28_1264-1925,81,1,640.0,359.5,248.0,307.0,inside_visible,920.123,902.375,1
tw91epryD28_1264-1925,81,2,1045.3684210526317,54.0,381.0,414.0,inside_visible,979.61716,902.12784,0
tw91epryD28_1264-1925,82,1,648.0,361.0,248.0,307.0,inside_visible,921.898,899.649,1
tw91epryD28_1264-1925,82,2,1045.9473684210527,54.0,381.0,414.0,inside_visible,979.00588,902.01912,0
tw91epryD28_1264-1925,83,1,660.0,361.0,248.0,312.5,inside_visible,923.9368181818182,899.7181818181818,1
tw91epryD28_1264-1925,83,2,1046.5263157894738,54.0,381.0,414.0,inside_visible,978.3946,901.9104,0
tw91epryD28_1264-1925,84,1,672.0,361.0,248.0,318.0,inside_visible,925.9756363636365,899.7873636363636,1
tw91epryD28_1264-1925,84,2,1047.1052631578948,54.0,381.0,414.0,inside_visible,977.78332,901.80168,0
tw91epryD28_1264-1925,85,1,676.0,361.0,248.0,318.0,inside_visible,928.0144545454546,899.8565454545454,1
tw91epryD28_1264-1925,85,2,1047.6842105263158,54.0,381.0,414.0,inside_visible,977.17204,901.69296,0
tw91epryD28_1264-1925,86,1,680.0,361.0,248.0,318.0,inside_visible,930.0532727272728,899.9257272727273,1
tw91epryD28_1264-1925,86,2,1048.2631578947369,54.0,381.0,414.0,inside_visible,976.56076,901.58424,0
tw91epryD28_1264-1925,87,1,686.5,361.0,248.0,318.0,inside_visible,932.092090909091,899.9949090909091,1
tw91epryD28_1264-1925,87,2,1048.842105263158,54.0,381.0,414.0,inside_visible,975.94948,901.47552,0
tw91epryD28_1264-1925,88,1,693.0,361.0,248.0,318.0,inside_visible,934.1309090909092,900.0640909090909,1
tw91epryD28_1264-1925,88,2,1049.421052631579,54.0,381.0,414.0,inside_visible,975.3382,901.3668,0
tw91epryD28_1264-1925,89,1,697.0,363.5,248.0,318.0,inside_visible,936.1697272727272,900.1332727272727,1
tw91epryD28_1264-1925,89,2,1050.0,54.0,381.0,414.0,inside_visible,974.72692,901.25808,0
tw91epryD28_1264-1925,90,1,701.0,366.0,248.0,318.0,inside_visible,938.2085454545456,900.2024545454545,1
tw91epryD28_1264-1925,90,2,1050.0,54.0,377.0,411.5,inside_visible,974.11564,901.14936,0
tw91epryD28_1264-1925,91,1,701.0,366.0,248.0,318.0,inside_visible,940.2473636363636,900.2716363636364,1
tw91epryD28_1264-1925,91,2,1050.0,54.0,373.0,409.0,inside_visible,973.50436,901.04064,0
tw91epryD28_1264-1925,92,1,703.6666666666666,367.0,248.0,318.0,inside_visible,942.2861818181818,900.3408181818181,1
tw91epryD28_1264-1925,92,2,1049.5555555555557,54.16666666666666,373.0,409.0,inside_visible,972.89308,900.93192,0
tw91epryD28_1264-1925,93,1,706.3333333333334,368.0,248.0,318.0,inside_visible,944.325,900.41,1
tw91epryD28_1264-1925,93,2,1049.111111111111,54.333333333333336,373.0,409.0,inside_visible,972.2818,900.8232,0
tw91epryD28_1264-1925,94,1,709.0,369.0,248.0,318.0,inside_visible,944.5659090909091,899.6576363636364,1
tw91epryD28_1264-1925,94,2,1048.6666666666667,54.5,373.0,409.0,inside_visible,971.67052,900.71448,0
tw91epryD28_1264-1925,95,1,707.8571428571429,369.4285714285714,248.0,318.0,inside_visible,944.8068181818182,898.9052727272727,1
tw91epryD28_1264-1925,95,2,1048.2222222222222,54.66666666666666,373.0,409.0,inside_visible,971.05924,900.60576,0
tw91epryD28_1264-1925,96,1,706.7142857142857,369.8571428571428,248.0,318.00000000000006,inside_visible,945.0477272727272,898.152909090909,1
tw91epryD28_1264-1925,96,2,1047.7777777777778,54.833333333333336,373.0,409.0,inside_visible,970.44796,900.49704,0
tw91epryD28_1264-1925,97,1,705.5714285714286,370.2857142857143,248.0,318.00000000000006,inside_visible,945.2886363636364,897.4005454545454,1
tw91epryD28_1264-1925,97,2,1047.3333333333333,55.0,373.0,409.0,inside_visible,969.83668,900.38832,0
tw91epryD28_1264-1925,98,1,704.4285714285714,370.7142857142857,248.0,317.99999999999994,inside_visible,945.5295454545457,896.6481818181818,1
tw91epryD28_1264-1925,98,2,1046.888888888889,55.16666666666666,373.0,409.0,inside_visible,969.2254,900.2796,0
tw91epryD28_1264-1925,99,1,703.2857142857143,371.1428571428572,248.0,317.99999999999994,inside_visible,945.7704545454544,895.8958181818182,1
tw91epryD28_1264-1925,99,2,1046.4444444444443,55.333333333333336,373.0,409.0,inside_visible,968.61412,900.17088,0
tw91epryD28_1264-1925,100,1,702.1428571428571,371.57142857142856,248.0,318.0,inside_visible,946.0113636363636,895.1434545454546,1
tw91epryD28_1264-1925,100,2,1046.0,55.5,373.0,409.0,inside_visible,968.00284,900.06216,0
tw91epryD28_1264-1925,101,1,701.0,372.0,248.0,318.0,inside_visible,946.2522727272728,894.391090909091,1
tw91epryD28_1264-1925,101,2,1045.5555555555557,55.66666666666666,373.0,409.0,inside_visible,967.39156,899.95344,0
tw91epryD28_1264-1925,102,1,700.3333333333334,372.0,248.0,318.0,inside_visible,946.4931818181818,893.6387272727272,1
tw91epryD28_1264-1925,102,2,1045.111111111111,55.833333333333336,373.0,409.0,inside_visible,966.78028,899.8447199999999,0
tw91epryD28_1264-1925,103,1,699.6666666666666,372.0,248.0,318.0,inside_visible,946.7340909090908,892.8863636363636,1
tw91epryD28_1264-1925,103,2,1044.6666666666667,56.0,373.0,409.0,inside_visible,966.169,899.736,0
tw91epryD28_1264-1925,104,1,699.0,372.0,248.0,318.0,inside_visible,946.975,892.134,1
tw91epryD28_1264-1925,104,2,1044.2222222222222,56.16666666666666,373.0,409.0,inside_visible,858.784,869.121,0
tw91epryD28_1264-1925,105,1,698.3333333333334,372.0,248.0,318.0,inside_visible,930.068,969.518,1
tw91epryD28_1264-1925,105,2,1043.7777777777778,56.333333333333336,373.0,409.0,inside_visible,853.547,861.815,0
tw91epryD28_1264-1925,106,1,697.6666666666666,372.0,248.0,318.0,inside_visible,917.161,1002.902,1
tw91epryD28_1264-1925,106,2,1043.3333333333333,56.5,373.0,409.0,inside_visible,848.31,854.509,0
tw91epryD28_1264-1925,107,1,697.0,372.0,248.0,318.0,inside_visible,917.1112857142856,1001.1432142857144,1
tw91epryD28_1264-1925,107,2,1042.888888888889,56.66666666666666,373.0,409.0,inside_visible,840.64325,848.509,0
tw91epryD28_1264-1925,108,1,696.3333333333334,372.0,248.0,318.0,inside_visible,917.0615714285714,999.3844285714288,1
tw91epryD28_1264-1925,108,2,1042.4444444444443,56.833333333333336,373.0,409.0,inside_visible,832.9765,842.509,0
tw91epryD28_1264-1925,109,1,695.6666666666666,372.0,248.0,318.0,inside_visible,917.0118571428573,997.6256428571428,1
tw91epryD28_1264-1925,109,2,1042.0,57.0,373.0,409.0,inside_visible,825.30975,836.509,0
tw91epryD28_1264-1925,110,1,695.0,372.0,248.0,318.0,inside_visible,916.9621428571428,995.8668571428572,1
tw91epryD28_1264-1925,110,2,1040.428571428571,57.0,373.0,409.0,inside_visible,817.643,830.509,0
tw91epryD28_1264-1925,111,1,694.3333333333334,372.0,248.0,318.0,inside_visible,916.9124285714286,994.1080714285714,1
tw91epryD28_1264-1925,111,2,1038.857142857143,57.0,373.0,409.0,inside_visible,806.976,810.509,0
tw91epryD28_1264-1925,112,1,693.6666666666666,372.0,248.0,318.0,inside_visible,916.8627142857142,992.3492857142858,1
tw91epryD28_1264-1925,112,2,1037.2857142857142,57.0,373.0,409.0,inside_visible,798.087,819.398,0
tw91epryD28_1264-1925,113,1,693.0,372.0,248.0,318.0,inside_visible,916.813,990.5905,1
tw91epryD28_1264-1925,113,2,1035.7142857142858,57.0,373.0,409.0,inside_visible,789.198,828.287,0
tw91epryD28_1264-1925,114,1,690.8333333333334,371.1666666666667,248.0,317.99999999999994,inside_visible,916.7632857142858,988.8317142857144,1
tw91epryD28_1264-1925,114,2,1034.142857142857,57.0,373.0,409.0,inside_visible,780.309,837.176,0
tw91epryD28_1264-1925,115,1,688.6666666666666,370.3333333333333,248.0,318.00000000000006,inside_visible,916.7135714285714,987.0729285714286,1
tw91epryD28_1264-1925,115,2,1032.571428571429,57.0,373.0,409.0,inside_visible,770.976,849.176,0
tw91epryD28_1264-1925,116,1,686.5,369.5,248.0,318.0,inside_visible,916.6638571428572,985.3141428571428,1
tw91epryD28_1264-1925,116,2,1031.0,57.0,373.0,409.0,inside_visible,774.5316666666666,857.176,0
tw91epryD28_1264-1925,117,1,684.3333333333334,368.6666666666667,248.0,317.99999999999994,inside_visible,916.6141428571428,983.5553571428572,1
tw91epryD28_1264-1925,117,2,1033.75,58.25,373.0,409.0,inside_visible,778.0873333333334,865.176,0
tw91epryD28_1264-1925,118,1,682.1666666666666,367.8333333333333,248.0,318.00000000000006,inside_visible,916.5644285714286,981.7965714285714,1
tw91epryD28_1264-1925,118,2,1036.5,59.5,373.0,409.0,inside_visible,781.643,873.176,0
tw91epryD28_1264-1925,119,1,680.0,367.0,248.0,318.0,inside_visible,916.5147142857144,980.0377857142856,1
tw91epryD28_1264-1925,119,2,1039.25,60.75,373.0,409.0,inside_visible,776.31,878.509,0
tw91epryD28_1264-1925,120,1,680.1764705882352,367.1764705882353,248.0,318.29411764705884,inside_visible,916.465,978.279,1
tw91epryD28_1264-1925,120,2,1042.0,62.0,373.0,409.0,inside_visible,776.5444615384615,878.128,0
tw91epryD28_1264-1925,121,1,680.3529411764706,367.3529411764706,248.0,318.5882352941177,inside_visible,935.798,982.279,1
tw91epryD28_1264-1925,121,2,1042.1363636363635,61.5,373.0,409.0,inside_visible,776.778923076923,877.7470000000001,0
tw91epryD28_1264-1925,122,1,680.5294117647059,367.52941176470586,248.0,318.88235294117646,inside_visible,765.798,874.279,1
tw91epryD28_1264-1925,122,2,1042.2727272727273,61.0,373.0,409.0,inside_visible,777.0133846153846,877.366,0
tw91epryD28_1264-1925,123,1,680.7058823529412,367.7058823529412,248.0,319.1764705882353,inside_visible,766.7795,873.4123,1
tw91epryD28_1264-1925,123,2,1042.409090909091,60.5,373.0,409.0,inside_visible,777.2478461538461,876.985,0
tw91epryD28_1264-1925,124,1,680.8823529411765,367.88235294117646,248.0,319.47058823529414,inside_visible,767.761,872.5456,1
tw91epryD28_1264-1925,124,2,1042.5454545454545,60.0,373.0,409.0,inside_visible,777.4823076923076,876.604,0
tw91epryD28_1264-1925,125,1,681.0588235294117,368.05882352941177,248.0,319.764705882353,inside_visible,768.7425000000001,871.6789,1
tw91epryD28_1264-1925,125,2,1042.6818181818182,59.5,373.0,409.0,inside_visible,777.7167692307692,876.2230000000001,0
tw91epryD28_1264-1925,126,1,681.2352941176471,368.2352941176471,248.0,320.0588235294117,inside_visible,769.724,870.8122,1
tw91epryD28_1264-1925,126,2,1042.8181818181818,59.0,373.0,409.0,inside_visible,777.9512307692307,875.842,0
tw91epryD28_1264-1925,127,1,681.4117647058823,368.4117647058824,248.0,320.3529411764705,inside_visible,770.7055,869.9455,1
tw91epryD28_1264-1925,127,2,1042.9545454545455,58.5,373.0,409.0,inside_visible,778.1856923076923,875.461,0
tw91epryD28_1264-1925,128,1,681.5882352941177,368.5882352941176,248.0,320.64705882352945,inside_visible,771.687,869.0788,1
tw91epryD28_1264-1925,128,2,1043.090909090909,58.0,373.0,409.0,inside_visible,778.4201538461538,875.08,0
tw91epryD28_1264-1925,129,1,681.7647058823529,368.7647058823529,248.0,320.9411764705883,inside_visible,772.6685,868.2121,1
tw91epryD28_1264-1925,129,2,1043.2272727272727,57.5,373.0,409.0,inside_visible,778.6546153846153,874.6990000000001,0
tw91epryD28_1264-1925,130,1,681.9411764705883,368.9411764705882,248.0,321.235294117647,inside_visible,773.6500000000001,867.3453999999999,1
tw91epryD28_1264-1925,130,2,1043.3636363636365,57.0,373.0,409.0,inside_visible,778.8890769230769,874.318,0
tw91epryD28_1264-1925,131,1,682.1176470588235,369.11764705882354,248.0,321.52941176470586,inside_visible,774.6315000000001,866.4787,1
tw91epryD28_1264-1925,131,2,1043.5,56.5,373.0,409.0,inside_visible,779.1235384615384,873.937,0
tw91epryD28_1264-1925,132,1,682.2941176470588,369.2941176470589,248.0,321.8235294117647,inside_visible,775.613,865.612,1
tw91epryD28_1264-1925,132,2,1043.6363636363635,56.0,373.0,409.0,inside_visible,779.358,873.556,0
tw91epryD28_1264-1925,133,1,682.4705882352941,369.4705882352941,248.0,322.11764705882354,inside_visible,776.2161666666667,866.977,1
tw91epryD28_1264-1925,133,2,1043.7727272727273,55.5,373.0,409.0,inside_visible,938.977,891.842,0
tw91epryD28_1264-1925,134,1,682.6470588235294,369.6470588235294,248.0,322.4117647058823,inside_visible,776.8193333333334,868.342,1
tw91epryD28_1264-1925,134,2,1043.909090909091,55.0,373.0,409.0,inside_visible,939.5641111111112,891.9555555555555,0
tw91epryD28_1264-1925,135,1,682.8235294117648,369.8235294117647,248.0,322.7058823529412,inside_visible,777.4225,869.707,1
tw91epryD28_1264-1925,135,2,1044.0454545454545,54.5,373.0,409.0,inside_visible,940.151222222222,892.069111111111,0
tw91epryD28_1264-1925,136,1,683.0,370.0,248.0,323.0,inside_visible,778.0256666666667,871.072,1
tw91epryD28_1264-1925,136,2,1044.1818181818182,54.0,373.0,409.0,inside_visible,940.7383333333332,892.1826666666667,0
tw91epryD28_1264-1925,137,1,683.4285714285714,370.4285714285714,248.0,323.0,inside_visible,778.6288333333333,872.437,1
tw91epryD28_1264-1925,137,2,1044.3181818181818,53.5,373.0,409.0,inside_visible,941.3254444444444,892.2962222222222,0
tw91epryD28_1264-1925,138,1,683.8571428571429,370.8571428571428,248.0,323.00000000000006,inside_visible,779.232,873.802,1
tw91epryD28_1264-1925,138,2,1044.4545454545455,53.0,373.0,409.0,inside_visible,941.9125555555556,892.4097777777778,0
tw91epryD28_1264-1925,139,1,684.2857142857143,371.2857142857143,248.0,323.00000000000006,inside_visible,918.28,966.945,1
tw91epryD28_1264-1925,139,2,1044.590909090909,52.5,373.0,409.0,inside_visible,942.4996666666666,892.5233333333333,0
tw91epryD28_1264-1925,140,1,684.7142857142857,371.7142857142857,248.0,322.99999999999994,inside_visible,918.3898636363635,966.6537727272728,1
tw91epryD28_1264-1925,140,2,1044.7272727272727,52.0,373.0,409.0,inside_visible,943.0867777777778,892.636888888889,0
tw91epryD28_1264-1925,141,1,685.1428571428571,372.1428571428572,248.0,322.99999999999994,inside_visible,918.4997272727272,966.3625454545456,1
tw91epryD28_1264-1925,141,2,1044.8636363636365,51.5,373.0,409.0,inside_visible,943.6738888888888,892.7504444444445,0
tw91epryD28_1264-1925,142,1,685.5714285714286,372.57142857142856,248.0,323.0,inside_visible,918.6095909090908,966.0713181818182,1
tw91epryD28_1264-1925,142,2,1045.0,51.0,373.0,409.0,inside_visible,944.261,892.864,0
tw91epryD28_1264-1925,143,1,686.0,373.0,248.0,323.0,inside_visible,918.7194545454544,965.780090909091,1
tw91epryD28_1264-1925,143,2,1048.25,51.0,373.0,409.0,inside_visible,944.15,896.3085000000001,0
tw91epryD28_1264-1925,144,1,686.5333333333333,373.73333333333335,248.0,323.0,inside_visible,918.8293181818182,965.4888636363636,1
tw91epryD28_1264-1925,144,2,1051.5,51.0,373.0,409.0,inside_visible,944.039,899.753,0
tw91epryD28_1264-1925,145,1,687.0666666666667,374.4666666666666,248.0,323.00000000000006,inside_visible,918.939181818182,965.1976363636364,1
tw91epryD28_1264-1925,145,2,1054.75,51.0,373.0,409.0,inside_visible,947.7426666666668,899.6046666666667,0
tw91epryD28_1264-1925,146,1,687.6,375.2,248.0,323.00000000000006,inside_visible,919.0490454545454,964.9064090909092,1
tw91epryD28_1264-1925,146,2,1058.0,51.0,373.0,409.0,inside_visible,951.4463333333332,899.4563333333333,0
tw91epryD28_1264-1925,147,1,688.1333333333333,375.9333333333333,248.0,322.99999999999994,inside_visible,919.1589090909092,964.615181818182,1
tw91epryD28_1264-1925,147,2,1058.0,51.0,373.0,409.44444444444446,inside_visible,955.15,899.308,0
tw91epryD28_1264-1925,148,1,688.6666666666666,376.6666666666667,248.0,322.99999999999994,inside_visible,919.2687727272728,964.3239545454546,1
tw91epryD28_1264-1925,148,2,1058.0,51.0,373.0,409.8888888888889,inside_visible,867.595,909.53,0
tw91epryD28_1264-1925,149,1,689.2,377.4,248.0,323.0,inside_visible,919.3786363636364,964.0327272727274,1
tw91epryD28_1264-1925,149,2,1058.0,51.0,373.0,410.3333333333333,inside_visible,867.2615000000001,915.8635,0
tw91epryD28_1264-1925,150,1,689.7333333333333,378.1333333333333,248.0,323.0,inside_visible,919.4885,963.7415,1
tw91epryD28_1264-1925,150,2,1058.0,51.0,373.0,410.77777777777777,inside_visible,866.928,922.197,0
tw91epryD28_1264-1925,151,1,690.2666666666667,378.8666666666667,248.0,323.0,inside_visible,919.5983636363636,963.4502727272728,1
tw91epryD28_1264-1925,151,2,1058.0,51.0,373.0,411.22222222222223,inside_visible,869.767,928.4856666666668,0
tw91epryD28_1264-1925,152,1,690.8,379.6,248.0,323.0,inside_visible,919.7082272727272,963.1590454545454,1
tw91epryD28_1264-1925,152,2,1058.0,51.0,373.0,411.6666666666667,inside_visible,872.606,934.7743333333332,0
tw91epryD28_1264-1925,153,1,691.3333333333334,380.3333333333333,248.0,323.00000000000006,inside_visible,919.8180909090908,962.8678181818182,1
tw91epryD28_1264-1925,153,2,1058.0,51.0,373.0,412.1111111111111,inside_visible,875.4449999999999,941.063,0
tw91epryD28_1264-1925,154,1,691.8666666666667,381.06666666666666,248.0,323.00000000000006,inside_visible,919.9279545454546,962.5765909090908,1
tw91epryD28_1264-1925,154,2,1058.0,51.0,373.0,412.55555555555554,inside_visible,878.284,947.3516666666668,0
tw91epryD28_1264-1925,155,1,692.4,381.8,248.0,322.99999999999994,inside_visible,920.037818181818,962.2853636363636,1
tw91epryD28_1264-1925,155,2,1058.0,51.0,373.0,413.0,inside_visible,881.123,953.6403333333332,0
tw91epryD28_1264-1925,156,1,692.9333333333333,382.53333333333336,248.0,322.99999999999994,inside_visible,920.1476818181818,961.9941363636364,1
tw91epryD28_1264-1925,156,2,1058.0,51.0,373.0,413.44444444444446,inside_visible,883.962,959.929,0
tw91epryD28_1264-1925,157,1,693.4666666666667,383.26666666666665,248.0,323.0,inside_visible,920.2575454545456,961.7029090909092,1
tw91epryD28_1264-1925,157,2,1058.0,51.0,373.0,413.8888888888889,inside_visible,887.962,959.929,0
tw91epryD28_1264-1925,158,1,694.0,384.0,248.0,323.0,inside_visible,920.3674090909092,961.4116818181818,1
tw91epryD28_1264-1925,158,2,1058.0,51.0,373.0,414.3333333333333,inside_visible,891.962,959.929,0
tw91epryD28_1264-1925,159,1,694.0,384.0,248.0,324.8571428571429,inside_visible,920.4772727272727,961.1204545454544,1
tw91epryD28_1264-1925,159,2,1058.0,51.0,373.0,414.77777777777777,inside_visible,895.962,959.929,0
tw91epryD28_1264-1925,160,1,694.0,384.0,248.0,326.71428571428567,inside_visible,920.5871363636364,960.8292272727272,1
tw91epryD28_1264-1925,160,2,1058.0,51.0,373.0,415.22222222222223,inside_visible,899.962,959.929,0
tw91epryD28_1264-1925,161,1,694.0,384.0,248.0,328.57142857142856,inside_visible,920.697,960.538,1
tw91epryD28_1264-1925,161,2,1058.0,51.0,373.0,415.6666666666667,inside_visible,903.962,959.929,0
tw91epryD28_1264-1925,162,1,694.0,384.0,248.0,330.42857142857144,inside_visible,921.91125,962.1095,1
tw91epryD28_1264-1925,162,2,1058.0,51.0,373.0,416.1111111111111,inside_visible,905.8946923076924,958.929,0
tw91epryD28_1264-1925,163,1,694.0,384.0,248.0,332.28571428571433,inside_visible,923.1255,963.681,1
tw91epryD28_1264-1925,163,2,1058.0,51.0,373.0,416.55555555555554,inside_visible,907.8273846153846,957.929,0
tw91epryD28_1264-1925,164,1,694.0,384.0,248.0,334.1428571428571,inside_visible,924.33975,965.2525,1
tw91epryD28_1264-1925,164,2,1058.0,51.0,373.0,417.0,inside_visible,909.7600769230768,956.929,0
tw91epryD28_1264-1925,165,1,694.0,384.0,248.0,336.0,inside_visible,925.554,966.824,1
tw91epryD28_1264-1925,165,2,1057.5,51.0,373.0,417.0,inside_visible,911.6927692307692,955.929,0
tw91epryD28_1264-1925,166,1,693.6,383.85,248.0,336.0,inside_visible,926.76825,968.3955,1
tw91epryD28_1264-1925,166,2,1057.0,51.0,373.0,417.0,inside_visible,913.6254615384616,954.929,0
tw91epryD28_1264-1925,167,1,693.2,383.7,248.0,336.00000000000006,inside_visible,927.9825,969.967,1
tw91epryD28_1264-1925,167,2,1056.5,51.0,373.0,417.0,inside_visible,915.5581538461538,953.929,0
tw91epryD28_1264-1925,168,1,692.8,383.55,248.0,335.99999999999994,inside_visible,929.19675,971.5385,1
tw91epryD28_1264-1925,168,2,1056.0,51.0,373.0,417.0,inside_visible,917.4908461538462,952.929,0
tw91epryD28_1264-1925,169,1,692.4,383.4,248.0,336.0,inside_visible,930.411,973.11,1
tw91epryD28_1264-1925,169,2,1055.5,51.0,373.0,417.0,inside_visible,919.4235384615384,951.929,0
tw91epryD28_1264-1925,170,1,692.0,383.25,248.0,336.0,inside_visible,935.237,972.126,1
tw91epryD28_1264-1925,170,2,1055.0,51.0,373.0,417.0,inside_visible,921.3562307692308,950.929,0
tw91epryD28_1264-1925,171,1,691.6,383.1,248.0,336.0,inside_visible,934.996,979.942,1
tw91epryD28_1264-1925,171,2,1054.5,51.0,373.0,417.0,inside_visible,923.2889230769232,949.929,0
tw91epryD28_1264-1925,172,1,691.2,382.95,248.0,336.00000000000006,inside_visible,936.042,979.683,1
tw91epryD28_1264-1925,172,2,1054.0,51.0,373.0,417.0,inside_visible,925.2216153846152,948.929,0
tw91epryD28_1264-1925,173,1,690.8,382.8,248.0,335.99999999999994,inside_visible,937.088,979.424,1
tw91epryD28_1264-1925,173,2,1053.5,51.0,373.0,417.0,inside_visible,927.1543076923076,947.929,0
tw91epryD28_1264-1925,174,1,690.4,382.65,248.0,336.0,inside_visible,932.226,975.981,1
tw91epryD28_1264-1925,174,2,1053.0,51.0,373.0,417.0,inside_visible,929.087,946.929,0
tw91epryD28_1264-1925,175,1,690.0,382.5,248.0,336.0,inside_occluded,767.364,791.205,1
tw91epryD28_1264-1925,175,2,1052.5,51.0,373.0,417.0,inside_visible,918.712,935.2623333333332,0
tw91epryD28_1264-1925,176,1,689.6,382.35,248.0,336.0,inside_occluded,769.969,833.1845000000001,1
tw91epryD28_1264-1925,176,2,1052.0,51.0,373.0,417.0,inside_visible,908.337,923.5956666666666,0
tw91epryD28_1264-1925,177,1,689.2,382.2,248.0,336.00000000000006,inside_visible,772.574,875.164,1
tw91epryD28_1264-1925,177,2,1051.5,51.0,373.0,417.0,inside_visible,897.962,911.929,0
tw91epryD28_1264-1925,178,1,688.8,382.05,248.0,335.99999999999994,inside_visible,771.846,874.9209999999999,1
tw91epryD28_1264-1925,178,2,1051.0,51.0,373.0,417.0,inside_visible,887.338,900.6436666666666,0
tw91epryD28_1264-1925,179,1,688.4,381.9,248.0,336.0,inside_visible,771.1179999999999,874.678,1
tw91epryD28_1264-1925,179,2,1050.5,51.0,373.0,417.0,inside_visible,876.714,889.3583333333333,0
tw91epryD28_1264-1925,180,1,688.0,381.75,248.0,336.0,inside_visible,770.39,874.435,1
tw91epryD28_1264-1925,180,2,1050.0,51.0,373.0,417.0,inside_visible,866.09,878.073,0
tw91epryD28_1264-1925,181,1,687.6,381.6,248.0,336.0,inside_visible,774.3945,871.103,1
tw91epryD28_1264-1925,181,2,1049.5,51.0,373.0,417.0,inside_visible,847.59,872.073,0
tw91epryD28_1264-1925,182,1,687.2,381.45,248.0,336.00000000000006,inside_visible,778.399,867.771,1
tw91epryD28_1264-1925,182,2,1049.0,51.0,373.0,417.0,inside_visible,829.09,866.073,0
tw91epryD28_1264-1925,183,1,686.8,381.3,248.0,335.99999999999994,inside_visible,777.9546666666666,870.882,1
tw91epryD28_1264-1925,183,2,1048.5,51.0,373.0,417.0,inside_visible,810.59,860.073,0
tw91epryD28_1264-1925,184,1,686.4,381.15,248.0,336.0,inside_visible,777.5103333333334,873.993,1
tw91epryD28_1264-1925,184,2,1048.0,51.0,373.0,417.0,inside_visible,792.09,854.073,0
tw91epryD28_1264-1925,185,1,686.0,381.0,248.0,336.0,inside_visible,777.066,877.104,1
tw91epryD28_1264-1925,185,2,1047.5,51.0,373.0,417.0,inside_visible,783.69,849.673,0
tw91epryD28_1264-1925,186,1,679.25,381.0,248.0,336.0,inside_visible,777.5548,875.3706000000001,1
tw91epryD28_1264-1925,186,2,1047.0,51.0,373.0,417.0,inside_visible,775.2900000000001,845.273,0
tw91epryD28_1264-1925,187,1,672.5,381.0,248.0,336.0,gaze_shift,778.0436,873.6372,1
tw91epryD28_1264-1925,187,2,1046.857142857143,50.42857142857143,373.0,417.0,inside_visible,766.89,840.8729999999999,0
tw91epryD28_1264-1925,188,1,665.75,381.0,248.0,336.0,gaze_shift,778.5324,871.9038,1
tw91epryD28_1264-1925,188,2,1046.7142857142858,49.85714285714285,373.0,417.0,inside_visible,758.49,836.473,0
tw91epryD28_1264-1925,189,1,659.0,381.0,248.0,336.0,gaze_shift,779.0212,870.1704,1
tw91epryD28_1264-1925,189,2,1046.571428571429,49.285714285714285,373.0,417.0,inside_visible,750.09,832.073,0
tw91epryD28_1264-1925,190,1,643.0,368.0,255.0,329.0,gaze_shift,779.51,868.437,1
tw91epryD28_1264-1925,190,2,1046.428571428571,48.71428571428572,373.0,417.0,inside_visible,744.2013333333333,834.2953333333334,0
tw91epryD28_1264-1925,191,1,646.0,365.0,261.0,323.0,inside_visible,1125.066,298.437,1
tw91epryD28_1264-1925,191,2,1046.2857142857142,48.142857142857146,373.0,417.0,inside_visible,738.3126666666667,836.5176666666666,0
tw91epryD28_1264-1925,192,1,638.0,381.0,269.0,304.0,inside_visible,1130.869,290.863,1
tw91epryD28_1264-1925,192,2,1046.142857142857,47.57142857142857,373.0,417.0,inside_visible,732.424,838.74,0
tw91epryD28_1264-1925,193,1,631.6666666666666,381.0,269.0,304.0,inside_visible,1142.005,281.956,1
tw91epryD28_1264-1925,193,2,1046.0,47.0,373.0,417.0,inside_visible,804.757,560.073,0
tw91epryD28_1264-1925,194,1,625.3333333333334,381.0,269.0,304.0,inside_visible,1142.4743571428571,275.04857142857145,1
tw91epryD28_1264-1925,194,2,1045.857142857143,46.42857142857143,373.0,417.0,inside_visible,801.70912,558.14548,0
tw91epryD28_1264-1925,195,1,619.0,381.0,269.0,304.0,inside_visible,1142.9437142857143,268.1411428571429,1
tw91epryD28_1264-1925,195,2,1045.7142857142858,45.85714285714286,373.0,417.0,inside_visible,798.6612399999999,556.21796,0
tw91epryD28_1264-1925,196,1,611.0,375.5,269.0,304.0,inside_visible,1143.4130714285716,261.2337142857143,1
tw91epryD28_1264-1925,196,2,1045.571428571429,45.285714285714285,373.0,417.0,inside_visible,795.61336,554.29044,0
tw91epryD28_1264-1925,197,1,603.0,370.0,269.0,304.0,inside_visible,1143.8824285714286,254.32628571428572,1
tw91epryD28_1264-1925,197,2,1045.428571428571,44.71428571428572,373.0,417.0,inside_visible,792.56548,552.36292,0
tw91epryD28_1264-1925,198,1,601.0,370.75,269.0,304.0,inside_visible,1144.3517857142858,247.41885714285715,1
tw91epryD28_1264-1925,198,2,1045.2857142857142,44.142857142857146,373.0,417.0,inside_visible,789.5175999999999,550.4354,0
tw91epryD28_1264-1925,199,1,599.0,371.5,269.0,304.0,inside_visible,1144.8211428571428,240.51142857142855,1
tw91epryD28_1264-1925,199,2,1045.142857142857,43.57142857142857,373.0,417.0,inside_visible,786.4697199999999,548.50788,0
tw91epryD28_1264-1925,200,1,597.0,372.25,269.0,304.0,inside_visible,1145.2905,233.604,1
tw91epryD28_1264-1925,200,2,1045.0,43.0,373.0,417.0,inside_visible,783.42184,546.5803599999999,0
tw91epryD28_1264-1925,201,1,595.0,373.0,269.0,304.0,inside_visible,1145.7598571428573,226.69657142857145,1
tw91epryD28_1264-1925,201,2,1044.857142857143,42.42857142857143,373.0,417.0,inside_visible,780.3739599999999,544.65284,0
tw91epryD28_1264-1925,202,1,593.0,374.2,271.6,301.8,inside_visible,1146.2292142857143,219.78914285714285,1
tw91epryD28_1264-1925,202,2,1044.7142857142858,41.85714285714286,373.0,417.0,inside_visible,777.3260799999999,542.72532,0
tw91epryD28_1264-1925,203,1,591.0,375.4,274.20000000000005,299.6,inside_visible,1146.6985714285715,212.88171428571428,1
tw91epryD28_1264-1925,203,2,1044.571428571429,41.285714285714285,373.0,417.0,inside_visible,774.2782,540.7977999999999,0
tw91epryD28_1264-1925,204,1,589.0,376.6,276.79999999999995,297.4,inside_visible,1147.1679285714283,205.9742857142857,1
tw91epryD28_1264-1925,204,2,1044.428571428571,40.71428571428572,373.0,417.0,inside_visible,771.2303199999999,538.87028,0
tw91epryD28_1264-1925,205,1,587.0,377.8,279.4,295.2,inside_visible,1147.6372857142858,199.06685714285717,1
tw91epryD28_1264-1925,205,2,1044.2857142857142,40.14285714285714,373.0,417.0,inside_visible,768.1824399999999,536.94276,0
tw91epryD28_1264-1925,206,1,585.0,379.0,282.0,293.0,inside_visible,1148.1066428571428,192.15942857142855,1
tw91epryD28_1264-1925,206,2,1044.142857142857,39.57142857142857,373.0,417.0,inside_visible,765.13456,535.01524,0
tw91epryD28_1264-1925,207,1,585.0,379.0,282.0,294.8571428571429,inside_visible,1148.576,185.252,1
tw91epryD28_1264-1925,207,2,1044.0,39.0,373.0,417.0,inside_visible,762.0866799999999,533.08772,0
tw91epryD28_1264-1925,208,1,585.0,379.0,282.0,296.71428571428567,inside_visible,1093.9094285714286,283.5377142857143,1
tw91epryD28_1264-1925,208,2,1044.1666666666667,39.18181818181818,373.0,417.0,inside_visible,759.0387999999999,531.1602,0
tw91epryD28_1264-1925,209,1,585.0,379.0,282.0,298.57142857142856,inside_visible,1039.2428571428572,381.82342857142856,1
tw91epryD28_1264-1925,209,2,1044.3333333333333,39.36363636363637,373.0,417.0,inside_visible,755.99092,529.23268,0
tw91epryD28_1264-1925,210,1,585.0,379.0,282.0,300.42857142857144,gaze_shift,984.5762857142856,480.1091428571429,1
tw91epryD28_1264-1925,210,2,1044.5,39.54545454545455,373.0,417.0,inside_visible,752.9430399999999,527.30516,0
tw91epryD28_1264-1925,211,1,585.0,379.0,282.0,302.28571428571433,gaze_shift,929.9097142857142,578.3948571428571,1
tw91epryD28_1264-1925,211,2,1044.6666666666667,39.72727272727273,373.0,417.0,inside_visible,749.8951599999999,525.37764,0
tw91epryD28_1264-1925,212,1,585.0,379.0,282.0,304.1428571428571,gaze_shift,875.2431428571429,676.6805714285715,1
tw91epryD28_1264-1925,212,2,1044.8333333333333,39.90909090909091,373.0,417.0,inside_visible,746.84728,523.45012,0
tw91epryD28_1264-1925,213,1,585.0,379.0,282.0,306.0,gaze_shift,820.5765714285715,774.9662857142857,1
tw91epryD28_1264-1925,213,2,1045.0,40.09090909090909,373.0,417.0,inside_visible,743.7994,521.5226,0
tw91epryD28_1264-1925,214,1,591.5,375.5,276.5,309.5,inside_visible,765.91,873.252,1
tw91epryD28_1264-1925,214,2,1045.1666666666667,40.27272727272727,373.0,417.0,inside_visible,740.7515199999999,519.5950799999999,0
tw91epryD28_1264-1925,215,1,598.0,372.0,271.0,313.0,inside_visible,715.243,877.252,1
tw91epryD28_1264-1925,215,2,1045.3333333333333,40.45454545454545,373.0,417.0,inside_visible,737.70364,517.66756,0
tw91epryD28_1264-1925,216,1,590.0,376.0,266.0,317.0,inside_visible,714.2952666666667,877.4875333333333,1
tw91epryD28_1264-1925,216,2,1045.5,40.63636363636363,373.0,417.0,inside_visible,734.65576,515.74004,0
tw91epryD28_1264-1925,217,1,592.6666666666666,374.3333333333333,266.0,320.6666666666667,inside_visible,713.3475333333333,877.7230666666666,1
tw91epryD28_1264-1925,217,2,1045.6666666666667,40.81818181818182,373.0,417.0,inside_visible,731.6078799999999,513.81252,0
tw91epryD28_1264-1925,218,1,595.3333333333334,372.6666666666667,266.0,324.3333333333333,inside_visible,712.3998,877.9585999999999,1
tw91epryD28_1264-1925,218,2,1045.8333333333333,41.0,373.0,417.0,inside_visible,728.56,511.885,0
tw91epryD28_1264-1925,219,1,598.0,371.0,266.0,328.0,inside_visible,711.4520666666667,878.1941333333333,1
tw91epryD28_1264-1925,219,2,1046.0,41.18181818181818,373.0,417.0,inside_visible,703.325,878.811,0
tw91epryD28_1264-1925,220,1,598.7333333333333,371.2,266.0,328.00000000000006,inside_visible,710.5043333333334,878.4296666666667,1
tw91epryD28_1264-1925,220,2,1046.1666666666667,41.36363636363636,373.0,417.0,inside_visible,703.8597500000001,877.2495,0
tw91epryD28_1264-1925,221,1,599.4666666666667,371.4,266.0,328.0,inside_visible,709.5566,878.6651999999999,1
tw91epryD28_1264-1925,221,2,1046.3333333333333,41.54545454545455,373.0,417.0,inside_visible,704.3945000000001,875.6880000000001,0
tw91epryD28_1264-1925,222,1,600.2,371.6,266.0,328.0,inside_visible,708.6088666666667,878.9007333333333,1
tw91epryD28_1264-1925,222,2,1046.5,41.72727272727273,373.0,417.0,inside_visible,704.92925,874.1265000000001,0
tw91epryD28_1264-1925,223,1,600.9333333333333,371.8,266.0,327.99999999999994,inside_visible,707.6611333333334,879.1362666666666,1
tw91epryD28_1264-1925,223,2,1046.6666666666667,41.90909090909091,373.0,417.0,inside_visible,705.464,872.565,0
tw91epryD28_1264-1925,224,1,601.6666666666666,372.0,266.0,328.0,inside_visible,706.7134000000001,879.3718,1
tw91epryD28_1264-1925,224,2,1046.8333333333333,42.09090909090909,373.0,417.0,inside_visible,704.08,877.736,0
tw91epryD28_1264-1925,225,1,602.4,372.2,266.0,328.00000000000006,inside_visible,705.7656666666667,879.6073333333333,1
tw91epryD28_1264-1925,225,2,1047.0,42.27272727272727,373.0,417.0,inside_visible,702.083,867.058,0
tw91epryD28_1264-1925,226,1,603.1333333333333,372.4,266.0,328.0,inside_visible,704.8179333333334,879.8428666666666,1
tw91epryD28_1264-1925,226,2,1047.1666666666667,42.45454545454545,373.0,417.0,inside_visible,702.753,863.046,0
tw91epryD28_1264-1925,227,1,603.8666666666667,372.6,266.0,328.0,inside_visible,703.8702000000001,880.0784,1
tw91epryD28_1264-1925,227,2,1047.3333333333333,42.63636363636364,373.0,417.0,inside_visible,705.013,860.635,0
tw91epryD28_1264-1925,228,1,604.6,372.8,266.0,327.99999999999994,inside_visible,702.9224666666668,880.3139333333334,1
tw91epryD28_1264-1925,228,2,1047.5,42.81818181818182,373.0,417.0,inside_visible,704.606,862.225,0
tw91epryD28_1264-1925,229,1,605.3333333333334,373.0,266.0,328.0,inside_visible,701.9747333333333,880.5494666666666,1
tw91epryD28_1264-1925,229,2,1047.6666666666667,43.0,373.0,417.0,inside_visible,699.533,851.148,0
tw91epryD28_1264-1925,230,1,606.0666666666667,373.2,266.0,328.00000000000006,inside_visible,701.027,880.785,1
tw91epryD28_1264-1925,230,2,1047.8333333333333,43.18181818181818,373.0,417.0,inside_visible,699.349,844.96,0
tw91epryD28_1264-1925,231,1,606.8,373.4,266.0,328.0,inside_visible,886.39,989.109,1
tw91epryD28_1264-1925,231,2,1048.0,43.36363636363636,373.0,417.0,inside_visible,673.831,831.105,0
tw91epryD28_1264-1925,232,1,607.5333333333333,373.6,266.0,328.0,inside_visible,887.7305,988.9833333333332,1
tw91epryD28_1264-1925,232,2,1048.1666666666667,43.54545454545455,373.0,417.0,inside_visible,669.646,832.45,0
tw91epryD28_1264-1925,233,1,608.2666666666667,373.8,266.0,327.99999999999994,inside_visible,889.071,988.8576666666668,1
tw91epryD28_1264-1925,233,2,1048.3333333333333,43.72727272727273,373.0,417.0,inside_visible,684.573,827.573,0
tw91epryD28_1264-1925,234,1,609.0,374.0,266.0,328.0,inside_visible,890.4114999999999,988.732,1
tw91epryD28_1264-1925,234,2,1048.5,43.90909090909091,373.0,417.0,inside_visible,686.928,829.172,0
tw91epryD28_1264-1925,235,1,613.75,373.25,266.0,328.0,inside_visible,891.752,988.6063333333334,1
tw91epryD28_1264-1925,235,2,1048.6666666666667,44.09090909090909,373.0,417.0,inside_visible,685.95,834.771,0
tw91epryD28_1264-1925,236,1,618.5,372.5,266.0,328.0,inside_visible,893.0925,988.4806666666668,1
tw91epryD28_1264-1925,236,2,1048.8333333333333,44.27272727272727,373.0,417.0,inside_visible,702.6560000000001,839.8372499999999,0
tw91epryD28_1264-1925,237,1,623.25,371.75,266.0,328.0,inside_visible,894.433,988.355,1
tw91epryD28_1264-1925,237,2,1049.0,44.45454545454545,373.0,417.0,inside_visible,719.3620000000001,844.9034999999999,0
tw91epryD28_1264-1925,238,1,628.0,371.0,266.0,328.0,inside_visible,894.9458461538461,988.2524615384616,1
tw91epryD28_1264-1925,238,2,1049.1666666666667,44.63636363636364,373.0,417.0,inside_visible,736.068,849.96975,0
tw91epryD28_1264-1925,239,1,636.6,372.6,266.0,328.0,inside_visible,895.4586923076923,988.1499230769232,1
tw91epryD28_1264-1925,239,2,1049.3333333333333,44.81818181818182,373.0,417.0,inside_visible,752.774,855.036,0
tw91epryD28_1264-1925,240,1,645.2,374.2,266.0,328.00000000000006,inside_visible,895.9715384615384,988.0473846153848,1
tw91epryD28_1264-1925,240,2,1049.5,45.0,373.0,417.0,inside_visible,762.1075000000001,866.3695,0
tw91epryD28_1264-1925,241,1,653.8,375.8,266.0,327.99999999999994,inside_visible,896.4843846153847,987.944846153846,1
tw91epryD28_1264-1925,241,2,1049.6666666666667,45.18181818181818,373.0,417.0,inside_visible,771.441,877.703,0
tw91epryD28_1264-1925,242,1,662.4,377.4,266.0,328.0,inside_visible,896.9972307692308,987.8423076923076,1
tw91epryD28_1264-1925,242,2,1049.8333333333333,45.36363636363636,373.0,417.0,inside_visible,943.441,981.703,0
tw91epryD28_1264-1925,243,1,671.0,379.0,266.0,328.0,inside_visible,897.5100769230769,987.7397692307692,1
tw91epryD28_1264-1925,243,2,1050.0,45.54545454545455,373.0,417.0,inside_visible,940.041,982.703,0
tw91epryD28_1264-1925,244,1,673.2,380.0,266.0,328.0,inside_visible,898.0229230769231,987.6372307692308,1
tw91epryD28_1264-1925,244,2,1050.1666666666667,45.72727272727273,373.0,417.0,inside_visible,936.641,983.703,0
tw91epryD28_1264-1925,245,1,675.4,381.0,266.0,328.0,inside_visible,898.5357692307692,987.5346923076924,1
tw91epryD28_1264-1925,245,2,1050.3333333333333,45.90909090909091,373.0,417.0,inside_visible,933.241,984.703,0
tw91epryD28_1264-1925,246,1,677.6,382.0,266.0,328.0,inside_visible,899.0486153846153,987.432153846154,1
tw91epryD28_1264-1925,246,2,1050.5,46.09090909090909,373.0,417.0,inside_visible,929.841,985.703,0
tw91epryD28_1264-1925,247,1,679.8,383.0,266.0,328.0,inside_visible,899.5614615384616,987.3296153846154,1
tw91epryD28_1264-1925,247,2,1050.6666666666667,46.27272727272727,373.0,417.0,inside_visible,926.441,986.703,0
tw91epryD28_1264-1925,248,1,682.0,384.0,266.0,328.0,inside_visible,900.0743076923077,987.227076923077,1
tw91epryD28_1264-1925,248,2,1050.8333333333333,46.45454545454545,373.0,417.0,inside_visible,923.041,987.703,0
tw91epryD28_1264-1925,249,1,684.0,385.25,266.0,328.0,inside_visible,900.5871538461539,987.1245384615384,1
tw91epryD28_1264-1925,249,2,1051.0,46.63636363636364,373.0,417.0,inside_visible,919.641,988.703,0
tw91epryD28_1264-1925,250,1,686.0,386.5,266.0,328.0,inside_visible,901.1,987.022,1
tw91epryD28_1264-1925,250,2,1051.1666666666667,46.81818181818182,373.0,417.0,inside_visible,916.241,989.703,0
tw91epryD28_1264-1925,251,1,688.0,387.75,266.0,328.0,inside_visible,900.4846153846154,987.1245384615384,1
tw91epryD28_1264-1925,251,2,1051.3333333333333,47.0,373.0,417.0,inside_visible,912.841,990.703,0
tw91epryD28_1264-1925,252,1,690.0,389.0,266.0,328.0,inside_visible,899.8692307692307,987.227076923077,1
tw91epryD28_1264-1925,252,2,1051.5,47.18181818181818,373.0,417.0,inside_visible,909.441,991.703,0
tw91epryD28_1264-1925,253,1,689.7407407407408,388.8518518518519,266.0,328.33333333333337,inside_visible,899.2538461538462,987.3296153846154,1
tw91epryD28_1264-1925,253,2,1051.6666666666667,47.36363636363636,373.0,417.0,inside_visible,906.0124285714286,991.1315714285714,0
tw91epryD28_1264-1925,254,1,689.4814814814815,388.7037037037037,266.0,328.66666666666663,inside_visible,898.6384615384616,987.432153846154,1
tw91epryD28_1264-1925,254,2,1051.8333333333333,47.54545454545455,373.0,417.0,inside_visible,902.5838571428573,990.5601428571428,0
tw91epryD28_1264-1925,255,1,689.2222222222222,388.55555555555554,266.0,329.0,inside_visible,898.0230769230769,987.5346923076924,1
tw91epryD28_1264-1925,255,2,1052.0,47.72727272727273,373.0,417.0,inside_visible,899.1552857142857,989.9887142857144,0
tw91epryD28_1264-1925,256,1,688.9629629629629,388.4074074074074,266.0,329.33333333333337,inside_visible,897.4076923076923,987.6372307692308,1
tw91epryD28_1264-1925,256,2,1052.1666666666667,47.90909090909091,373.0,417.0,inside_visible,895.7267142857144,989.4172857142856,0
tw91epryD28_1264-1925,257,1,688.7037037037037,388.2592592592592,266.0,329.66666666666674,inside_visible,896.7923076923078,987.7397692307692,1
tw91epryD28_1264-1925,257,2,1052.3333333333333,48.09090909090909,373.0,417.0,inside_visible,892.2981428571429,988.8458571428572,0
tw91epryD28_1264-1925,258,1,688.4444444444445,388.1111111111111,266.0,330.0,inside_visible,896.1769230769231,987.8423076923076,1
tw91epryD28_1264-1925,258,2,1052.5,48.27272727272727,373.0,417.0,inside_visible,888.8695714285715,988.2744285714284,0
tw91epryD28_1264-1925,259,1,688.1851851851852,387.962962962963,266.0,330.3333333333333,inside_visible,895.5615384615385,987.944846153846,1
tw91epryD28_1264-1925,259,2,1052.6666666666667,48.45454545454545,373.0,417.0,inside_visible,885.441,987.703,0
tw91epryD28_1264-1925,260,1,687.925925925926,387.8148148148149,266.0,330.6666666666667,inside_visible,894.9461538461538,988.0473846153848,1
tw91epryD28_1264-1925,260,2,1052.8333333333333,48.63636363636364,373.0,417.0,inside_visible,885.1552857142857,981.1315714285714,0
tw91epryD28_1264-1925,261,1,687.6666666666666,387.6666666666667,266.0,330.99999999999994,inside_visible,894.3307692307693,988.1499230769232,1
tw91epryD28_1264-1925,261,2,1053.0,48.81818181818182,373.0,417.0,inside_visible,884.8695714285715,974.5601428571428,0
tw91epryD28_1264-1925,262,1,687.4074074074074,387.5185185185185,266.0,331.3333333333333,inside_visible,893.7153846153847,988.2524615384616,1
tw91epryD28_1264-1925,262,2,1053.1666666666667,49.0,373.0,417.0,inside_visible,884.5838571428571,967.9887142857144,0
tw91epryD28_1264-1925,263,1,687.1481481481482,387.3703703703704,266.0,331.6666666666667,inside_visible,893.1,988.355,1
tw91epryD28_1264-1925,263,2,1053.3333333333333,49.18181818181818,373.0,417.0,inside_visible,884.2981428571429,961.4172857142856,0
tw91epryD28_1264-1925,264,1,686.8888888888889,387.22222222222223,266.0,331.99999999999994,inside_visible,892.0445,989.7995,1
tw91epryD28_1264-1925,264,2,1053.5,49.36363636363636,373.0,417.0,inside_visible,884.0124285714286,954.8458571428572,0
tw91epryD28_1264-1925,265,1,686.6296296296297,387.0740740740741,266.0,332.3333333333333,inside_visible,890.989,991.244,1
tw91epryD28_1264-1925,265,2,1053.6666666666667,49.54545454545455,373.0,417.0,inside_visible,883.7267142857144,948.2744285714284,0
tw91epryD28_1264-1925,266,1,686.3703703703703,386.9259259259259,266.0,332.6666666666667,inside_visible,889.9335000000001,992.6885,1
tw91epryD28_1264-1925,266,2,1053.8333333333333,49.72727272727273,373.0,417.0,inside_visible,883.441,941.703,0
tw91epryD28_1264-1925,267,1,686.1111111111111,386.77777777777777,266.0,333.00000000000006,inside_visible,888.878,994.133,1
tw91epryD28_1264-1925,267,2,1054.0,49.90909090909091,373.0,417.0,inside_visible,883.1552857142857,935.1315714285714,0
tw91epryD28_1264-1925,268,1,685.8518518518518,386.6296296296296,266.0,333.3333333333333,inside_visible,887.8225,995.5775,1
tw91epryD28_1264-1925,268,2,1054.1666666666667,50.09090909090909,373.0,417.0,inside_visible,882.8695714285715,928.5601428571428,0
tw91epryD28_1264-1925,269,1,685.5925925925926,386.4814814814815,266.0,333.6666666666667,inside_visible,886.767,997.022,1
tw91epryD28_1264-1925,269,2,1054.3333333333333,50.27272727272727,373.0,417.0,inside_visible,882.5838571428571,921.9887142857142,0
tw91epryD28_1264-1925,270,1,685.3333333333334,386.3333333333333,266.0,334.00000000000006,inside_visible,957.267,928.688,1
tw91epryD28_1264-1925,270,2,1054.5,50.45454545454545,373.0,417.0,inside_visible,882.2981428571429,915.4172857142858,0
tw91epryD28_1264-1925,271,1,685.074074074074,386.1851851851852,266.0,334.3333333333333,inside_visible,955.767,897.688,1
tw91epryD28_1264-1925,271,2,1054.6666666666667,50.63636363636364,373.0,417.0,inside_visible,882.0124285714286,908.8458571428572,0
tw91epryD28_1264-1925,272,1,684.8148148148148,386.037037037037,266.0,334.6666666666667,inside_visible,957.186,908.264,1
tw91epryD28_1264-1925,272,2,1054.8333333333333,50.81818181818182,373.0,417.0,inside_visible,881.7267142857144,902.2744285714284,0
tw91epryD28_1264-1925,273,1,684.5555555555555,385.8888888888889,266.0,335.0,inside_visible,956.8014285714286,907.5702142857144,1
tw91epryD28_1264-1925,273,2,1055.0,51.0,373.0,417.0,inside_visible,881.441,895.703,0
tw91epryD28_1264-1925,274,1,684.2962962962963,385.7407407407408,266.0,335.33333333333326,inside_visible,956.4168571428572,906.8764285714286,1
tw91epryD28_1264-1925,274,2,1054.918918918919,50.91891891891892,373.0,417.0,inside_visible,896.1076666666667,892.203,0
tw91epryD28_1264-1925,275,1,684.0370370370371,385.5925925925926,266.0,335.66666666666663,inside_visible,956.0322857142858,906.1826428571428,1
tw91epryD28_1264-1925,275,2,1054.837837837838,50.83783783783784,373.0,417.0,inside_visible,910.7743333333334,888.703,0
tw91epryD28_1264-1925,276,1,683.7777777777778,385.44444444444446,266.0,336.0,inside_visible,955.6477142857144,905.4888571428572,1
tw91epryD28_1264-1925,276,2,1054.7567567567569,50.75675675675676,373.0,417.0,inside_visible,925.441,885.203,0
tw91epryD28_1264-1925,277,1,683.5185185185185,385.2962962962963,266.0,336.33333333333337,inside_visible,955.2631428571428,904.7950714285714,1
tw91epryD28_1264-1925,277,2,1054.6756756756756,50.67567567567568,373.0,417.0,inside_visible,953.441,881.703,0
tw91epryD28_1264-1925,278,1,683.2592592592592,385.14814814814815,266.0,336.66666666666663,inside_visible,954.8785714285716,904.1012857142856,1
tw91epryD28_1264-1925,278,2,1054.5945945945946,50.5945945945946,373.0,417.0,inside_visible,947.3926666666669,876.3756666666667,0
tw91epryD28_1264-1925,279,1,683.0,385.0,266.0,337.0,inside_visible,954.494,903.4075,1
tw91epryD28_1264-1925,279,2,1054.5135135135135,50.51351351351352,373.0,417.0,inside_visible,941.3443333333332,871.0483333333333,0
tw91epryD28_1264-1925,280,1,683.1304347826087,384.7826086956522,266.0,336.65217391304344,inside_visible,954.1094285714286,902.7137142857144,1
tw91epryD28_1264-1925,280,2,1054.4324324324325,50.43243243243244,373.0,417.0,inside_visible,935.296,865.721,0
tw91epryD28_1264-1925,281,1,683.2608695652174,384.5652173913044,266.0,336.3043478260869,inside_visible,953.7248571428572,902.0199285714286,1
tw91epryD28_1264-1925,281,2,1054.3513513513512,50.35135135135136,373.0,417.0,inside_visible,939.296,867.321,0
tw91epryD28_1264-1925,282,1,683.3913043478261,384.3478260869565,266.0,335.9565217391305,inside_visible,953.3402857142858,901.3261428571428,1
tw91epryD28_1264-1925,282,2,1054.2702702702702,50.270270270270274,373.0,417.0,inside_visible,943.296,868.921,0
tw91epryD28_1264-1925,283,1,683.5217391304348,384.1304347826087,266.0,335.60869565217394,inside_visible,952.9557142857144,900.6323571428571,1
tw91epryD28_1264-1925,283,2,1054.1891891891892,50.18918918918919,373.0,417.0,inside_visible,947.296,870.521,0
tw91epryD28_1264-1925,284,1,683.6521739130435,383.9130434782609,266.0,335.2608695652174,inside_visible,952.5711428571428,899.9385714285714,1
tw91epryD28_1264-1925,284,2,1054.108108108108,50.108108108108105,373.0,417.0,inside_visible,951.296,872.121,0
tw91epryD28_1264-1925,285,1,683.7826086956521,383.69565217391306,266.0,334.9130434782608,inside_visible,952.1865714285716,899.2447857142857,1
tw91epryD28_1264-1925,285,2,1054.027027027027,50.02702702702703,373.0,417.0,inside_visible,955.296,873.721,0
tw91epryD28_1264-1925,286,1,683.9130434782609,383.4782608695652,266.0,334.56521739130443,inside_visible,951.802,898.551,1
tw91epryD28_1264-1925,286,2,1053.945945945946,49.94594594594594,373.0,417.0,inside_visible,952.12925,873.49875,0
tw91epryD28_1264-1925,287,1,684.0434782608696,383.2608695652174,266.0,334.21739130434787,inside_visible,947.802,897.9956666666667,1
tw91epryD28_1264-1925,287,2,1053.8648648648648,49.86486486486486,373.0,417.0,inside_visible,948.9625,873.2764999999999,0
tw91epryD28_1264-1925,288,1,684.1739130434783,383.0434782608696,266.0,333.8695652173913,inside_visible,943.802,897.4403333333333,1
tw91epryD28_1264-1925,288,2,1053.7837837837835,49.78378378378378,373.0,417.0,inside_visible,945.79575,873.05425,0
tw91epryD28_1264-1925,289,1,684.304347826087,382.82608695652175,266.0,333.52173913043475,inside_visible,939.802,896.885,1
tw91epryD28_1264-1925,289,2,1053.7027027027027,49.7027027027027,373.0,417.0,inside_visible,942.629,872.832,0
tw91epryD28_1264-1925,290,1,684.4347826086956,382.60869565217394,266.0,333.1739130434782,inside_visible,930.468,893.218,1
tw91epryD28_1264-1925,290,2,1053.6216216216217,49.62162162162162,373.0,417.0,inside_visible,936.7624,865.4098,0
tw91epryD28_1264-1925,291,1,684.5652173913044,382.39130434782606,266.0,332.8260869565218,inside_visible,779.265,882.475,1
tw91epryD28_1264-1925,291,2,1053.5405405405406,49.54054054054054,373.0,417.0,inside_visible,930.8958,857.9876,0
tw91epryD28_1264-1925,292,1,684.695652173913,382.1739130434783,266.0,332.47826086956525,inside_visible,721.395,878.399,1
tw91epryD28_1264-1925,292,2,1053.4594594594594,49.45945945945946,373.0,417.0,inside_visible,925.0292,850.5654,0
tw91epryD28_1264-1925,293,1,684.8260869565217,381.9565217391304,266.0,332.1304347826087,inside_visible,716.858,876.99,1
tw91epryD28_1264-1925,293,2,1053.3783783783783,49.37837837837838,373.0,417.0,inside_visible,919.1626,843.1432,0
tw91epryD28_1264-1925,294,1,684.9565217391304,381.7391304347826,266.0,331.78260869565213,inside_visible,717.99,876.6279999999999,1
tw91epryD28_1264-1925,294,2,1053.2972972972973,49.2972972972973,373.0,417.0,inside_visible,913.296,835.721,0
tw91epryD28_1264-1925,295,1,685.0869565217391,381.5217391304348,266.0,331.4347826086956,inside_visible,719.122,876.266,1
tw91epryD28_1264-1925,295,2,1053.2162162162165,49.21621621621622,373.0,417.0,inside_visible,855.376,811.822,0
tw91epryD28_1264-1925,296,1,685.2173913043479,381.3043478260869,266.0,331.0869565217392,inside_visible,712.955,874.964,1
tw91epryD28_1264-1925,296,2,1053.1351351351352,49.13513513513514,373.0,417.0,inside_visible,838.376,812.822,0
tw91epryD28_1264-1925,297,1,685.3478260869565,381.0869565217391,266.0,330.7391304347826,inside_visible,721.454,876.33,1
tw91epryD28_1264-1925,297,2,1053.054054054054,49.054054054054056,373.0,417.0,inside_visible,821.376,813.822,0
tw91epryD28_1264-1925,298,1,685.4782608695652,380.8695652173913,266.0,330.39130434782606,inside_visible,716.3425,878.552,1
tw91epryD28_1264-1925,298,2,1052.972972972973,48.972972972972975,373.0,417.0,inside_visible,776.376,810.822,0
tw91epryD28_1264-1925,299,1,685.6086956521739,380.6521739130435,266.0,330.0434782608695,inside_visible,711.231,880.774,1
tw91epryD28_1264-1925,299,2,1052.891891891892,48.891891891891895,373.0,417.0,inside_visible,763.376,811.822,0
tw91epryD28_1264-1925,300,1,685.7391304347826,380.4347826086956,266.0,329.6956521739131,inside_visible,714.787,877.663,1
tw91epryD28_1264-1925,300,2,1052.8108108108108,48.810810810810814,373.0,417.0,inside_visible,731.412,807.819,0
tw91epryD28_1264-1925,301,1,685.8695652173913,380.2173913043478,266.0,329.34782608695656,inside_visible,717.339,884.343,1
tw91epryD28_1264-1925,301,2,1052.7297297297298,48.729729729729726,373.0,417.0,inside_visible,699.448,803.816,0
tw91epryD28_1264-1925,302,1,686.0,380.0,266.0,329.0,inside_visible,715.3320000000001,882.991,1
tw91epryD28_1264-1925,302,2,1052.6486486486488,48.648648648648646,373.0,417.0,inside_visible,679.948,808.816,0
tw91epryD28_1264-1925,303,1,682.6666666666666,380.3333333333333,266.0,328.6666666666667,inside_visible,713.325,881.639,1
tw91epryD28_1264-1925,303,2,1052.5675675675675,48.567567567567565,373.0,417.0,inside_visible,660.448,813.816,0
tw91epryD28_1264-1925,304,1,679.3333333333334,380.6666666666667,266.0,328.3333333333333,inside_visible,662.651,844.287,1
tw91epryD28_1264-1925,304,2,1052.4864864864865,48.48648648648648,373.0,417.0,inside_visible,640.948,818.816,0
tw91epryD28_1264-1925,305,1,676.0,381.0,266.0,328.0,inside_visible,661.762,857.6203333333334,1
tw91epryD28_1264-1925,305,2,1052.4054054054054,48.4054054054054,373.0,417.0,inside_visible,621.448,823.816,0
tw91epryD28_1264-1925,306,1,674.0,379.75,266.0,328.0,inside_visible,660.873,870.9536666666667,1
tw91epryD28_1264-1925,306,2,1052.3243243243244,48.32432432432432,373.0,417.0,inside_visible,624.7813333333334,831.816,0
tw91epryD28_1264-1925,307,1,672.0,378.5,266.0,328.0,inside_visible,659.984,884.287,1
tw91epryD28_1264-1925,307,2,1052.2432432432431,48.24324324324324,373.0,417.0,inside_visible,628.1146666666666,839.816,0
tw91epryD28_1264-1925,308,1,670.0,377.25,266.0,328.0,inside_visible,655.984,896.287,1
tw91epryD28_1264-1925,308,2,1052.162162162162,48.16216216216216,373.0,417.0,inside_visible,631.448,847.816,0
tw91epryD28_1264-1925,309,1,668.0,376.0,266.0,328.0,inside_visible,657.0210000000001,895.6944444444445,1
tw91epryD28_1264-1925,309,2,1052.081081081081,48.08108108108108,373.0,417.0,inside_visible,635.7337142857143,850.6731428571429,0
tw91epryD28_1264-1925,310,1,667.6666666666666,375.6666666666667,265.44444444444446,327.5555555555555,inside_visible,658.058,895.1018888888889,1
tw91epryD28_1264-1925,310,2,1052.0,48.0,373.0,417.0,inside_visible,640.0194285714285,853.5302857142857,0
tw91epryD28_1264-1925,311,1,667.3333333333334,375.3333333333333,264.8888888888888,327.11111111111114,inside_visible,659.095,894.5093333333333,1
tw91epryD28_1264-1925,311,2,1053.2222222222222,46.77777777777778,373.0,417.0,inside_visible,644.3051428571429,856.3874285714286,0
tw91epryD28_1264-1925,312,1,667.0,375.0,264.33333333333337,326.66666666666663,inside_visible,660.1320000000001,893.9167777777777,1
tw91epryD28_1264-1925,312,2,1054.4444444444443,45.55555555555556,373.0,417.0,inside_visible,648.5908571428571,859.2445714285715,0
tw91epryD28_1264-1925,313,1,666.6666666666666,374.6666666666667,263.7777777777778,326.22222222222223,inside_visible,661.169,893.3242222222223,1
tw91epryD28_1264-1925,313,2,1055.6666666666667,44.333333333333336,373.0,417.0,inside_visible,652.8765714285714,862.1017142857144,0
tw91epryD28_1264-1925,314,1,666.3333333333334,374.3333333333333,263.2222222222222,325.77777777777777,inside_visible,662.206,892.7316666666667,1
tw91epryD28_1264-1925,314,2,1056.888888888889,43.11111111111112,373.0,417.0,inside_visible,657.1622857142856,864.9588571428571,0
tw91epryD28_1264-1925,315,1,666.0,374.0,262.66666666666663,325.33333333333337,inside_visible,663.243,892.1391111111111,1
tw91epryD28_1264-1925,315,2,1058.111111111111,41.888888888888886,373.0,417.0,inside_visible,661.448,867.816,0
tw91epryD28_1264-1925,316,1,665.6666666666666,373.6666666666667,262.1111111111112,324.88888888888886,inside_visible,664.28,891.5465555555555,1
tw91epryD28_1264-1925,316,2,1059.3333333333333,40.66666666666666,373.0,417.0,inside_visible,661.0504864864864,867.8745675675676,0
tw91epryD28_1264-1925,317,1,665.3333333333334,373.3333333333333,261.55555555555554,324.4444444444445,inside_visible,665.317,890.954,1
tw91epryD28_1264-1925,317,2,1060.5555555555557,39.44444444444444,373.0,417.0,inside_visible,660.652972972973,867.9331351351352,0
tw91epryD28_1264-1925,318,1,665.0,373.0,261.0,324.0,inside_visible,664.5762777777778,890.2132777777778,1
tw91epryD28_1264-1925,318,2,1061.7777777777778,38.22222222222222,373.0,417.0,inside_visible,660.2554594594594,867.9917027027027,0
tw91epryD28_1264-1925,319,1,668.0,372.0,258.0,324.0,inside_visible,663.8355555555555,889.4725555555555,1
tw91epryD28_1264-1925,319,2,1063.0,37.0,373.0,417.0,inside_visible,659.857945945946,868.0502702702703,0
tw91epryD28_1264-1925,320,1,667.25,371.125,258.375,324.625,inside_visible,663.0948333333333,888.7318333333333,1
tw91epryD28_1264-1925,320,2,1065.75,37.0,373.0,417.0,inside_visible,659.4604324324324,868.1088378378379,0
tw91epryD28_1264-1925,321,1,666.5,370.25,258.75,325.25,inside_visible,662.3541111111111,887.9911111111111,1
tw91epryD28_1264-1925,321,2,1068.5,37.0,373.0,417.0,inside_visible,659.0629189189189,868.1674054054055,0
tw91epryD28_1264-1925,322,1,665.75,369.375,259.125,325.875,inside_visible,661.613388888889,887.2503888888889,1
tw91epryD28_1264-1925,322,2,1071.25,37.0,373.0,417.0,inside_visible,658.6654054054054,868.225972972973,0
tw91epryD28_1264-1925,323,1,665.0,368.5,259.5,326.5,inside_visible,660.8726666666666,886.5096666666666,1
tw91epryD28_1264-1925,323,2,1074.0,37.0,373.0,417.0,inside_visible,658.2678918918918,868.2845405405405,0
tw91epryD28_1264-1925,324,1,664.25,367.625,259.875,327.125,inside_visible,660.1319444444445,885.7689444444444,1
tw91epryD28_1264-1925,324,2,1075.0,37.0,373.0,415.625,inside_visible,657.8703783783784,868.3431081081081,0
tw91epryD28_1264-1925,325,1,663.5,366.75,260.25,327.75,inside_visible,659.3912222222223,885.0282222222222,1
tw91epryD28_1264-1925,325,2,1076.0,37.0,373.0,414.25,inside_visible,657.4728648648648,868.4016756756757,0
tw91epryD28_1264-1925,326,1,662.75,365.875,260.625,328.375,inside_visible,658.6505,884.2874999999999,1
tw91epryD28_1264-1925,326,2,1077.0,37.0,373.0,412.875,inside_visible,657.0753513513513,868.4602432432432,0
tw91epryD28_1264-1925,327,1,662.0,365.0,261.0,329.0,inside_visible,657.9097777777778,883.5467777777777,1
tw91epryD28_1264-1925,327,2,1078.0,37.0,373.0,411.5,inside_visible,656.6778378378378,868.5188108108108,0
tw91epryD28_1264-1925,328,1,660.1428571428571,364.57142857142856,261.7142857142858,328.8571428571429,inside_visible,657.1690555555556,882.8060555555555,1
tw91epryD28_1264-1925,328,2,1079.0,37.0,373.0,410.125,inside_visible,656.2803243243243,868.5773783783784,0
tw91epryD28_1264-1925,329,1,658.2857142857143,364.1428571428572,262.42857142857133,328.7142857142857,inside_visible,656.4283333333334,882.0653333333333,1
tw91epryD28_1264-1925,329,2,1080.0,37.0,373.0,408.75,inside_visible,655.8828108108108,868.635945945946,0
tw91epryD28_1264-1925,330,1,656.4285714285714,363.7142857142857,263.1428571428571,328.5714285714286,inside_visible,655.6876111111111,881.324611111111,1
tw91epryD28_1264-1925,330,2,1081.0,37.0,373.0,407.375,inside_visible,655.4852972972973,868.6945135135135,0
tw91epryD28_1264-1925,331,1,654.5714285714286,363.2857142857143,263.8571428571429,328.4285714285714,inside_visible,654.9468888888889,880.5838888888889,1
tw91epryD28_1264-1925,331,2,1082.0,37.0,373.0,406.0,inside_visible,655.0877837837837,868.7530810810811,0
tw91epryD28_1264-1925,332,1,652.7142857142857,362.8571428571428,264.57142857142867,328.2857142857143,inside_visible,654.2061666666667,879.8431666666667,1
tw91epryD28_1264-1925,332,2,1082.5,34.833333333333336,373.0,406.0,inside_visible,654.6902702702703,868.8116486486487,0
tw91epryD28_1264-1925,333,1,650.8571428571429,362.4285714285714,265.2857142857142,328.1428571428571,inside_visible,653.4654444444445,879.1024444444445,1
tw91epryD28_1264-1925,333,2,1083.0,32.666666666666664,373.0,406.0,inside_visible,654.2927567567567,868.8702162162162,0
tw91epryD28_1264-1925,334,1,649.0,362.0,266.0,328.0,inside_visible,652.7247222222222,878.3617222222222,1
tw91epryD28_1264-1925,334,2,1083.5,30.5,373.0,406.0,inside_visible,653.8952432432433,868.9287837837837,0
tw91epryD28_1264-1925,335,1,648.5,361.2,266.0,328.00000000000006,inside_visible,651.984,877.621,1
tw91epryD28_1264-1925,335,2,1084.0,28.333333333333336,373.0,406.0,inside_visible,653.4977297297297,868.9873513513513,0
tw91epryD28_1264-1925,336,1,648.0,360.4,266.0,328.0,inside_visible,655.5175,880.8875,1
tw91epryD28_1264-1925,336,2,1084.5,26.166666666666664,373.0,406.0,inside_visible,653.1002162162163,869.0459189189189,0
tw91epryD28_1264-1925,337,1,647.5,359.6,266.0,328.0,inside_visible,659.051,884.154,1
tw91epryD28_1264-1925,337,2,1085.0,24.0,373.0,406.0,inside_visible,652.7027027027027,869.1044864864865,0
tw91epryD28_1264-1925,338,1,647.0,358.8,266.0,327.99999999999994,inside_visible,662.5845,887.4205,1
tw91epryD28_1264-1925,338,2,1087.7142857142858,24.428571428571427,373.0,406.0,inside_visible,652.3051891891892,869.163054054054,0
tw91epryD28_1264-1925,339,1,646.5,358.0,266.0,328.0,inside_visible,666.118,890.687,1
tw91epryD28_1264-1925,339,2,1090.428571428571,24.857142857142858,373.0,406.0,inside_visible,651.9076756756757,869.2216216216216,0
tw91epryD28_1264-1925,340,1,646.0,357.2,266.0,328.00000000000006,inside_visible,674.651,758.954,1
tw91epryD28_1264-1925,340,2,1093.142857142857,25.285714285714285,373.0,406.0,inside_visible,651.5101621621621,869.2801891891892,0
tw91epryD28_1264-1925,341,1,645.5,356.4,266.0,328.0,inside_visible,676.6244999999999,757.5853333333333,1
tw91epryD28_1264-1925,341,2,1095.857142857143,25.714285714285715,373.0,406.0,inside_visible,651.1126486486487,869.3387567567568,0
tw91epryD28_1264-1925,342,1,645.0,355.6,266.0,328.0,inside_visible,678.598,756.2166666666666,1
tw91epryD28_1264-1925,342,2,1098.571428571429,26.142857142857142,373.0,406.0,inside_visible,650.7151351351351,869.3973243243242,0
tw91epryD28_1264-1925,343,1,644.5,354.8,266.0,327.99999999999994,inside_visible,680.5715,754.848,1
tw91epryD28_1264-1925,343,2,1101.2857142857142,26.57142857142857,373.0,406.0,inside_visible,650.3176216216216,869.4558918918918,0
tw91epryD28_1264-1925,344,1,644.0,354.0,266.0,328.0,inside_visible,682.545,753.4793333333333,1
tw91epryD28_1264-1925,344,2,1104.0,27.0,373.0,406.0,inside_visible,649.9201081081081,869.5144594594594,0
tw91epryD28_1264-1925,345,1,640.75,354.0,266.0,328.0,inside_visible,684.5184999999999,752.1106666666666,1
tw91epryD28_1264-1925,345,2,1109.3333333333333,24.33333333333333,370.3333333333335,405.0,inside_visible,649.5225945945946,869.573027027027,0
tw91epryD28_1264-1925,346,1,637.5,354.0,266.0,328.0,inside_visible,686.492,750.742,1
tw91epryD28_1264-1925,346,2,1114.6666666666667,21.666666666666668,367.6666666666665,404.0,inside_visible,649.1250810810811,869.6315945945945,0
tw91epryD28_1264-1925,347,1,634.25,354.0,266.0,328.0,inside_visible,688.7996153846153,749.7603846153846,1
tw91epryD28_1264-1925,347,2,1120.0,19.0,365.0,403.0,inside_visible,648.7275675675676,869.6901621621621,0
tw91epryD28_1264-1925,348,1,631.0,354.0,266.0,328.0,inside_visible,691.1072307692307,748.7787692307692,1
tw91epryD28_1264-1925,348,2,1120.0,16.333333333333332,365.0,403.0,inside_visible,648.330054054054,869.7487297297297,0
tw91epryD28_1264-1925,349,1,630.6666666666666,353.1111111111111,266.0,328.0,inside_visible,693.4148461538462,747.7971538461538,1
tw91epryD28_1264-1925,349,2,1120.0,13.666666666666668,365.0,403.0,inside_visible,647.9325405405406,869.8072972972973,0
tw91epryD28_1264-1925,350,1,630.3333333333334,352.22222222222223,266.0,327.99999999999994,inside_visible,695.7224615384615,746.8155384615384,1
tw91epryD28_1264-1925,350,2,1120.0,11.0,365.0,403.0,inside_visible,647.535027027027,869.8658648648648,0
tw91epryD28_1264-1925,351,1,630.0,351.3333333333333,266.0,328.00000000000006,inside_visible,698.0300769230769,745.833923076923,1
tw91epryD28_1264-1925,351,2,1119.4666666666667,11.2,365.0,403.0,inside_visible,647.1375135135136,869.9244324324324,0
tw91epryD28_1264-1925,352,1,629.6666666666666,350.44444444444446,266.0,328.0,inside_visible,700.3376923076922,744.8523076923077,1
tw91epryD28_1264-1925,352,2,1118.9333333333334,11.4,365.0,403.0,inside_visible,646.74,869.983,0
tw91epryD28_1264-1925,353,1,629.3333333333334,349.55555555555554,266.0,328.0,inside_visible,702.6453076923077,743.8706923076923,1
tw91epryD28_1264-1925,353,2,1118.4,11.6,365.0,403.0,inside_visible,658.053,868.967,0
tw91epryD28_1264-1925,354,1,629.0,348.6666666666667,266.0,327.99999999999994,inside_visible,704.9529230769231,742.8890769230769,1
tw91epryD28_1264-1925,354,2,1117.8666666666666,11.8,365.0,403.0,inside_visible,669.366,867.951,0
tw91epryD28_1264-1925,355,1,628.6666666666666,347.77777777777777,266.0,328.00000000000006,inside_visible,707.2605384615384,741.9074615384616,1
tw91epryD28_1264-1925,355,2,1117.3333333333333,12.0,365.0,403.0,inside_visible,662.346,866.9353333333333,0
tw91epryD28_1264-1925,356,1,628.3333333333334,346.8888888888889,266.0,328.0,inside_visible,709.5681538461538,740.9258461538461,1
tw91epryD28_1264-1925,356,2,1116.8,12.2,365.0,403.0,inside_visible,655.326,865.9196666666667,0
tw91epryD28_1264-1925,357,1,628.0,346.0,266.0,328.0,inside_visible,711.8757692307693,739.9442307692308,1
tw91epryD28_1264-1925,357,2,1116.2666666666669,12.4,365.0,403.0,inside_visible,648.306,864.904,0
tw91epryD28_1264-1925,358,1,630.375,346.0,264.625,327.0,inside_visible,714.1833846153846,738.9626153846153,1
tw91epryD28_1264-1925,358,2,1115.7333333333331,12.6,365.0,403.0,inside_visible,653.8296666666666,867.3893333333333,0
tw91epryD28_1264-1925,359,1,632.75,346.0,263.25,326.0,inside_visible,716.491,737.981,1
tw91epryD28_1264-1925,359,2,1115.2,12.8,365.0,403.0,inside_visible,659.3533333333334,869.8746666666667,0
tw91epryD28_1264-1925,360,1,635.125,346.0,261.875,325.0,inside_visible,957.158,892.076,1
tw91epryD28_1264-1925,360,2,1114.6666666666667,13.0,365.0,403.0,inside_visible,664.877,872.36,0
tw91epryD28_1264-1925,361,1,637.5,346.0,260.5,324.0,inside_visible,957.3372857142856,893.3515714285714,1
tw91epryD28_1264-1925,361,2,1114.1333333333334,13.2,365.0,403.0,inside_visible,710.401,880.179,0
tw91epryD28_1264-1925,362,1,639.875,346.0,259.125,323.0,inside_visible,957.5165714285714,894.6271428571429,1
tw91epryD28_1264-1925,362,2,1113.6,13.4,365.0,403.0,inside_visible,704.9245,877.9975,0
tw91epryD28_1264-1925,363,1,642.25,346.0,257.75,322.0,inside_visible,957.6958571428572,895.9027142857143,1
tw91epryD28_1264-1925,363,2,1113.0666666666666,13.6,365.0,403.0,inside_visible,699.448,875.816,0
tw91epryD28_1264-1925,364,1,644.625,346.0,256.375,321.0,inside_visible,957.8751428571428,897.1782857142857,1
tw91epryD28_1264-1925,364,2,1112.5333333333333,13.8,365.0,403.0,inside_visible,715.332,879.804,0
tw91epryD28_1264-1925,365,1,647.0,346.0,255.0,320.0,inside_visible,958.0544285714286,898.4538571428571,1
tw91epryD28_1264-1925,365,2,1112.0,14.0,365.0,403.0,inside_visible,715.3371282051282,879.7527179487179,0
tw91epryD28_1264-1925,366,1,647.0,346.0,255.0,320.0,inside_visible,958.2337142857144,899.7294285714286,1
tw91epryD28_1264-1925,366,2,1113.375,14.0,363.625,402.5,inside_visible,715.3422564102564,879.7014358974359,0
tw91epryD28_1264-1925,367,1,660.0,346.0,242.0,320.0,inside_visible,958.413,901.005,1
tw91epryD28_1264-1925,367,2,1114.75,14.0,362.25,402.0,inside_visible,715.3473846153846,879.6501538461538,0
tw91epryD28_1264-1925,368,1,660.0,346.0,242.0,320.0,inside_visible,652.116,871.994,1
tw91epryD28_1264-1925,368,2,1116.125,14.0,360.875,401.5,inside_visible,715.3525128205129,879.5988717948718,0
tw91epryD28_1264-1925,369,1,665.5,351.5,242.0,317.5,inside_visible,654.812,871.3045,1
tw91epryD28_1264-1925,369,2,1117.5,14.0,359.5,401.0,inside_visible,715.357641025641,879.5475897435897,0
tw91epryD28_1264-1925,370,1,671.0,357.0,242.0,315.0,inside_visible,657.508,870.615,1
tw91epryD28_1264-1925,370,2,1118.875,14.0,358.125,400.5,inside_visible,715.3627692307692,879.4963076923077,0
tw91epryD28_1264-1925,371,1,669.8571428571429,356.2857142857143,242.0,315.00000000000006,inside_visible,660.204,869.9255,1
tw91epryD28_1264-1925,371,2,1120.25,14.0,356.75,400.0,inside_visible,715.3678974358975,879.4450256410256,0
tw91epryD28_1264-1925,372,1,668.7142857142857,355.57142857142856,242.0,315.0,inside_visible,662.9,869.236,1
tw91epryD28_1264-1925,372,2,1121.625,14.0,355.375,399.5,inside_visible,715.3730256410256,879.3937435897435,0
tw91epryD28_1264-1925,373,1,667.5714285714286,354.85714285714283,242.0,315.00000000000006,inside_visible,660.9195,868.5541666666667,1
tw91epryD28_1264-1925,373,2,1123.0,14.0,354.0,399.0,inside_visible,715.3781538461539,879.3424615384615,0
tw91epryD28_1264-1925,374,1,666.4285714285714,354.1428571428572,242.0,314.99999999999994,inside_visible,658.939,867.8723333333334,1
tw91epryD28_1264-1925,374,2,1124.375,14.0,352.625,398.5,inside_visible,715.3832820512821,879.2911794871794,0
tw91epryD28_1264-1925,375,1,665.2857142857143,353.42857142857144,242.0,315.0,inside_visible,656.9585,867.1904999999999,1
tw91epryD28_1264-1925,375,2,1125.75,14.0,351.25,398.0,inside_visible,715.3884102564102,879.2398974358974,0
tw91epryD28_1264-1925,376,1,664.1428571428571,352.7142857142857,242.0,314.99999999999994,inside_visible,654.9780000000001,866.5086666666666,1
tw91epryD28_1264-1925,376,2,1127.125,14.0,349.875,397.5,inside_visible,715.3935384615385,879.1886153846153,0
tw91epryD28_1264-1925,377,1,663.0,352.0,242.0,315.0,inside_visible,652.9975000000001,865.8268333333333,1
tw91epryD28_1264-1925,377,2,1128.5,14.0,348.5,397.0,inside_visible,715.3986666666667,879.1373333333333,0
tw91epryD28_1264-1925,378,1,660.25,352.0,242.0,315.0,inside_visible,651.017,865.145,1
tw91epryD28_1264-1925,378,2,1129.875,14.0,347.125,396.5,inside_visible,715.4037948717948,879.0860512820512,0
tw91epryD28_1264-1925,379,1,657.5,352.0,242.0,315.0,inside_visible,653.485,865.3933333333333,1
tw91epryD28_1264-1925,379,2,1131.25,14.0,345.75,396.0,gaze_shift,715.4089230769231,879.0347692307693,0
tw91epryD28_1264-1925,380,1,654.75,352.0,242.0,315.0,inside_visible,655.9530000000001,865.6416666666667,1
tw91epryD28_1264-1925,380,2,1132.625,14.0,344.375,395.5,gaze_shift,715.4140512820513,878.9834871794872,0
tw91epryD28_1264-1925,381,1,652.0,352.0,242.0,315.0,inside_visible,658.421,865.89,1
tw91epryD28_1264-1925,381,2,1134.0,14.0,343.0,395.0,gaze_shift,715.4191794871795,878.932205128205,0
tw91epryD28_1264-1925,382,1,647.6666666666666,351.0,242.0,315.0,inside_visible,659.5215000000001,865.5229999999999,1
tw91epryD28_1264-1925,382,2,1139.0,14.0,338.0,395.0,gaze_shift,715.4243076923077,878.8809230769231,0
tw91epryD28_1264-1925,383,1,643.3333333333334,350.0,242.0,315.0,inside_visible,660.622,865.156,1
tw91epryD28_1264-1925,383,2,1144.0,14.0,333.0,392.0,gaze_shift,715.429435897436,878.829641025641,0
tw91epryD28_1264-1925,384,1,639.0,349.0,242.0,315.0,inside_visible,660.5261999999999,865.1261647058823,1
tw91epryD28_1264-1925,384,2,1149.0,14.0,328.0,387.0,outside_frame,715.4345641025641,878.778358974359,0
tw91epryD28_1264-1925,385,1,638.2857142857143,349.0,242.7142857142857,315.0,inside_visible,660.4304,865.0963294117646,1
tw91epryD28_1264-1925,385,2,1148.2666666666669,14.2,328.0,387.0,outside_frame,715.4396923076923,878.7270769230769,0
tw91epryD28_1264-1925,386,1,637.5714285714286,349.0,243.42857142857144,315.0,inside_visible,660.3345999999999,865.066494117647,1
tw91epryD28_1264-1925,386,2,1147.5333333333333,14.4,328.0,387.0,outside_frame,715.4448205128206,878.6757948717949,0
tw91epryD28_1264-1925,387,1,636.8571428571429,349.0,244.1428571428571,315.0,inside_visible,660.2388,865.0366588235294,1
tw91epryD28_1264-1925,387,2,1146.8,14.6,328.0,387.0,outside_frame,715.4499487179487,878.6245128205128,0
tw91epryD28_1264-1925,388,1,636.1428571428571,349.0,244.8571428571429,315.0,inside_visible,660.1429999999999,865.0068235294117,1
tw91epryD28_1264-1925,388,2,1146.0666666666666,14.8,328.0,387.0,outside_frame,715.455076923077,878.5732307692307,0
tw91epryD28_1264-1925,389,1,635.4285714285714,349.0,245.57142857142856,315.0,inside_visible,660.0472,864.976988235294,1
tw91epryD28_1264-1925,389,2,1145.3333333333333,15.0,328.0,387.0,outside_frame,715.4602051282052,878.5219487179487,0
tw91epryD28_1264-1925,390,1,634.7142857142857,349.0,246.28571428571436,315.0,inside_visible,659.9513999999999,864.9471529411765,1
tw91epryD28_1264-1925,390,2,1144.6,15.2,328.0,387.0,outside_frame,715.4653333333333,878.4706666666666,0
tw91epryD28_1264-1925,391,1,634.0,349.0,247.0,315.0,inside_visible,659.8556,864.9173176470588,1
tw91epryD28_1264-1925,391,2,1143.8666666666666,15.4,328.0,387.0,outside_frame,715.4704615384616,878.4193846153846,0
tw91epryD28_1264-1925,392,1,634.046511627907,348.90697674418607,246.93023255813955,314.95348837209303,inside_visible,659.7597999999999,864.8874823529411,1
tw91epryD28_1264-1925,392,2,1143.1333333333334,15.6,328.0,387.0,outside_frame,715.4755897435898,878.3681025641025,0
tw91epryD28_1264-1925,393,1,634.0930232558139,348.8139534883721,246.8604651162791,314.906976744186,inside_visible,659.664,864.8576470588234,1
tw91epryD28_1264-1925,393,2,1142.4,15.8,328.0,387.0,outside_frame,715.4807179487179,878.3168205128205,0
tw91epryD28_1264-1925,394,1,634.1395348837209,348.72093023255815,246.79069767441865,314.86046511627904,inside_visible,659.5681999999999,864.8278117647059,1
tw91epryD28_1264-1925,394,2,1141.6666666666667,16.0,328.0,387.0,outside_frame,715.4858461538462,878.2655384615384,0
tw91epryD28_1264-1925,395,1,634.1860465116279,348.6279069767442,246.7209302325582,314.8139534883721,inside_visible,659.4724,864.7979764705882,1
tw91epryD28_1264-1925,395,2,1140.9333333333334,16.2,328.0,387.0,outside_frame,715.4909743589744,878.2142564102564,0
tw91epryD28_1264-1925,396,1,634.2325581395348,348.5348837209302,246.65116279069773,314.7674418604652,inside_visible,659.3765999999999,864.7681411764705,1
tw91epryD28_1264-1925,396,2,1140.2,16.4,328.0,387.0,gaze_shift,715.4961025641026,878.1629743589743,0
tw91epryD28_1264-1925,397,1,634.2790697674419,348.4418604651163,246.5813953488372,314.7209302325581,inside_visible,659.2808,864.7383058823528,1
tw91epryD28_1264-1925,397,2,1139.4666666666667,16.6,328.0,387.0,gaze_shift,715.5012307692308,878.1116923076922,0
tw91epryD28_1264-1925,398,1,634.3255813953489,348.3488372093023,246.51162790697677,314.6744186046512,inside_visible,659.185,864.7084705882353,1
tw91epryD28_1264-1925,398,2,1138.7333333333331,16.8,328.0,387.0,gaze_shift,715.506358974359,878.0604102564103,0
tw91epryD28_1264-1925,399,1,634.3720930232558,348.2558139534884,246.4418604651163,314.6279069767442,inside_visible,659.0892,864.6786352941176,1
tw91epryD28_1264-1925,399,2,1138.0,17.0,328.0,387.0,gaze_shift,715.5114871794872,878.0091282051281,0
tw91epryD28_1264-1925,400,1,634.4186046511628,348.16279069767444,246.37209302325584,314.58139534883713,inside_visible,658.9934,864.6487999999999,1
tw91epryD28_1264-1925,400,2,1136.1666666666667,17.0,329.83333333333326,387.5,gaze_shift,715.5166153846154,877.9578461538462,0
tw91epryD28_1264-1925,401,1,634.4651162790698,348.06976744186045,246.3023255813954,314.5348837209302,inside_visible,658.8976,864.6189647058823,1
tw91epryD28_1264-1925,401,2,1134.3333333333333,17.0,331.66666666666674,388.0,gaze_shift,715.5217435897437,877.9065641025641,0
tw91epryD28_1264-1925,402,1,634.5116279069767,347.9767441860465,246.23255813953483,314.48837209302326,inside_visible,658.8018,864.5891294117647,1
tw91epryD28_1264-1925,402,2,1132.5,17.0,333.5,388.5,gaze_shift,715.5268717948718,877.8552820512821,0
tw91epryD28_1264-1925,403,1,634.5581395348837,347.8837209302326,246.1627906976744,314.4418604651163,inside_visible,658.706,864.559294117647,1
tw91epryD28_1264-1925,403,2,1130.6666666666667,17.0,335.33333333333326,389.0,inside_visible,715.532,877.804,0
tw91epryD28_1264-1925,404,1,634.6046511627907,347.7906976744186,246.09302325581396,314.39534883720927,inside_visible,658.6102,864.5294588235294,1
tw91epryD28_1264-1925,404,2,1128.8333333333333,17.0,337.16666666666674,389.5,inside_visible,787.332,879.804,0
tw91epryD28_1264-1925,405,1,634.6511627906976,347.69767441860466,246.02325581395348,314.3488372093023,inside_visible,658.5144,864.4996235294117,1
tw91epryD28_1264-1925,405,2,1127.0,17.0,339.0,390.0,inside_visible,780.054,875.796,0
tw91epryD28_1264-1925,406,1,634.6976744186046,347.6046511627907,245.95348837209303,314.3023255813954,inside_visible,658.4186,864.4697882352941,1
tw91epryD28_1264-1925,406,2,1123.0,17.0,343.0,391.5,inside_visible,724.775,863.788,0
tw91epryD28_1264-1925,407,1,634.7441860465116,347.51162790697674,245.88372093023256,314.2558139534884,inside_visible,658.3228,864.4399529411764,1
tw91epryD28_1264-1925,407,2,1119.0,17.0,347.0,393.0,inside_visible,696.991,877.835,0
tw91epryD28_1264-1925,408,1,634.7906976744187,347.4186046511628,245.813953488372,314.20930232558135,inside_visible,658.227,864.4101176470588,1
tw91epryD28_1264-1925,408,2,1114.0,17.0,352.0,396.0,inside_visible,700.991,875.4350000000001,0
tw91epryD28_1264-1925,409,1,634.8372093023256,347.3255813953488,245.7441860465116,314.16279069767444,inside_visible,658.1312,864.3802823529411,1
tw91epryD28_1264-1925,409,2,1111.5,17.0,354.5,396.0,inside_visible,704.991,873.0350000000001,0
tw91epryD28_1264-1925,410,1,634.8837209302326,347.2325581395349,245.67441860465112,314.1162790697675,inside_visible,658.0354,864.3504470588235,1
tw91epryD28_1264-1925,410,2,1109.0,17.0,357.0,396.0,inside_visible,708.991,870.635,0
tw91epryD28_1264-1925,411,1,634.9302325581396,347.13953488372096,245.60465116279067,314.0697674418604,inside_visible,657.9396,864.3206117647059,1
tw91epryD28_1264-1925,411,2,1106.5,17.0,359.5,396.0,inside_visible,712.991,868.235,0
tw91epryD28_1264-1925,412,1,634.9767441860465,347.04651162790697,245.53488372093025,314.0232558139535,inside_visible,657.8438,864.2907764705882,1
tw91epryD28_1264-1925,412,2,1104.0,17.0,362.0,396.0,inside_visible,716.991,865.835,0
tw91epryD28_1264-1925,413,1,635.0232558139535,346.95348837209303,245.46511627906975,313.9767441860465,inside_visible,657.7479999999999,864.2609411764705,1
tw91epryD28_1264-1925,413,2,1096.0,17.0,370.0,401.0,inside_visible,717.6576666666666,865.9683333333334,0
tw91epryD28_1264-1925,414,1,635.0697674418604,346.86046511627904,245.39534883720933,313.9302325581396,inside_visible,657.6522,864.231105882353,1
tw91epryD28_1264-1925,414,2,1095.7857142857142,17.928571428571427,370.0,401.0,inside_visible,718.3243333333334,866.1016666666667,0
tw91epryD28_1264-1925,415,1,635.1162790697674,346.7674418604651,245.32558139534888,313.8837209302325,inside_visible,657.5563999999999,864.2012705882353,1
tw91epryD28_1264-1925,415,2,1095.571428571429,18.857142857142858,370.0,401.0,inside_visible,718.991,866.235,0
tw91epryD28_1264-1925,416,1,635.1627906976744,346.6744186046512,245.25581395348843,313.8372093023256,inside_visible,657.4606,864.1714352941176,1
tw91epryD28_1264-1925,416,2,1095.357142857143,19.785714285714285,370.0,401.0,inside_visible,719.6576666666666,866.3683333333333,0
tw91epryD28_1264-1925,417,1,635.2093023255813,346.5813953488372,245.186046511628,313.79069767441865,inside_visible,657.3648,864.1415999999999,1
tw91epryD28_1264-1925,417,2,1095.142857142857,20.714285714285715,370.0,401.0,inside_visible,720.3243333333334,866.5016666666667,0
tw91epryD28_1264-1925,418,1,635.2558139534884,346.48837209302326,245.11627906976744,313.7441860465116,inside_visible,657.269,864.1117647058824,1
tw91epryD28_1264-1925,418,2,1094.928571428571,21.642857142857142,370.0,401.0,inside_visible,720.991,866.635,0
tw91epryD28_1264-1925,419,1,635.3023255813954,346.3953488372093,245.04651162790697,313.6976744186046,inside_visible,657.1732,864.0819294117647,1
tw91epryD28_1264-1925,419,2,1094.7142857142858,22.57142857142857,370.0,401.0,inside_visible,721.6576666666666,866.7683333333333,0
tw91epryD28_1264-1925,420,1,635.3488372093024,346.30232558139534,244.9767441860465,313.6511627906977,inside_visible,657.0774,864.052094117647,1
tw91epryD28_1264-1925,420,2,1094.5,23.5,370.0,401.0,inside_visible,722.3243333333334,866.9016666666668,0
tw91epryD28_1264-1925,421,1,635.3953488372093,346.2093023255814,244.90697674418607,313.6046511627908,inside_visible,656.9816,864.0222588235293,1
tw91epryD28_1264-1925,421,2,1094.2857142857142,24.428571428571427,370.0,401.0,inside_visible,722.991,867.0350000000001,0
tw91epryD28_1264-1925,422,1,635.4418604651163,346.1162790697674,244.8372093023256,313.5581395348837,inside_visible,656.8858,863.9924235294118,1
tw91epryD28_1264-1925,422,2,1094.071428571429,25.357142857142858,370.0,401.0,inside_visible,723.6576666666666,867.1683333333334,0
tw91epryD28_1264-1925,423,1,635.4883720930233,346.0232558139535,244.7674418604652,313.51162790697674,inside_visible,656.79,863.9625882352941,1
tw91epryD28_1264-1925,423,2,1093.857142857143,26.285714285714285,370.0,401.0,inside_visible,724.3243333333334,867.3016666666667,0
tw91epryD28_1264-1925,424,1,635.5348837209302,345.93023255813955,244.6976744186046,313.4651162790698,inside_visible,656.6942,863.9327529411764,1
tw91epryD28_1264-1925,424,2,1093.642857142857,27.214285714285715,370.0,401.0,inside_visible,724.991,867.4350000000001,0
tw91epryD28_1264-1925,425,1,635.5813953488372,345.8372093023256,244.62790697674416,313.41860465116287,inside_visible,656.5984,863.9029176470588,1
tw91epryD28_1264-1925,425,2,1093.428571428571,28.142857142857142,370.0,401.0,inside_visible,725.6576666666666,867.5683333333334,0
tw91epryD28_1264-1925,426,1,635.6279069767442,345.74418604651163,244.5581395348837,313.3720930232558,inside_visible,656.5026,863.8730823529412,1
tw91epryD28_1264-1925,426,2,1093.2142857142858,29.07142857142857,370.0,401.0,inside_visible,726.3243333333334,867.7016666666667,0
tw91epryD28_1264-1925,427,1,635.6744186046511,345.6511627906977,244.4883720930233,313.3255813953488,inside_visible,656.4068,863.8432470588235,1
tw91epryD28_1264-1925,427,2,1093.0,30.0,370.0,401.0,inside_visible,726.991,867.835,0
tw91epryD28_1264-1925,428,1,635.7209302325581,345.5581395348837,244.4186046511628,313.2790697674419,inside_visible,656.311,863.8134117647058,1
tw91epryD28_1264-1925,428,2,1092.2,30.0,370.8,401.0,inside_visible,729.191,867.0350000000001,0
tw91epryD28_1264-1925,429,1,635.7674418604652,345.4651162790698,244.34883720930225,313.23255813953483,inside_visible,656.2152,863.7835764705882,1
tw91epryD28_1264-1925,429,2,1091.4,30.0,371.5999999999999,401.0,inside_visible,731.391,866.235,0
tw91epryD28_1264-1925,430,1,635.8139534883721,345.3720930232558,244.2790697674418,313.1860465116279,inside_visible,656.1194,863.7537411764706,1
tw91epryD28_1264-1925,430,2,1090.6,30.0,372.4000000000001,401.0,inside_visible,733.591,865.435,0
tw91epryD28_1264-1925,431,1,635.8604651162791,345.27906976744185,244.20930232558132,313.13953488372096,inside_visible,656.0236,863.7239058823529,1
tw91epryD28_1264-1925,431,2,1089.8,30.0,373.2000000000001,401.0,inside_visible,735.791,864.635,0
tw91epryD28_1264-1925,432,1,635.9069767441861,345.1860465116279,244.1395348837209,313.093023255814,inside_visible,655.9278,863.6940705882353,1
tw91epryD28_1264-1925,432,2,1089.0,30.0,374.0,401.0,inside_visible,737.991,863.835,0
tw91epryD28_1264-1925,433,1,635.953488372093,345.09302325581393,244.06976744186045,313.04651162790697,inside_visible,655.832,863.6642352941176,1
tw91epryD28_1264-1925,433,2,1088.2,30.0,374.8,401.0,inside_visible,740.191,863.035,0
tw91epryD28_1264-1925,434,1,636.0,345.0,244.0,313.0,inside_visible,655.7362,863.6344,1
tw91epryD28_1264-1925,434,2,1087.4,30.0,375.5999999999999,401.0,inside_visible,787.891,877.235,0
tw91epryD28_1264-1925,435,1,635.6666666666666,346.6666666666667,243.8888888888889,312.22222222222223,inside_visible,655.6404,863.6045647058824,1
tw91epryD28_1264-1925,435,2,1086.6,30.0,376.4000000000001,401.0,inside_visible,788.2576666666666,878.1016666666667,0
tw91epryD28_1264-1925,436,1,635.3333333333334,348.3333333333333,243.7777777777777,311.4444444444445,inside_visible,655.5446000000001,863.5747294117647,1
tw91epryD28_1264-1925,436,2,1085.8,30.0,377.2000000000001,401.0,inside_visible,788.6243333333333,878.9683333333334,0
tw91epryD28_1264-1925,437,1,635.0,350.0,243.66666666666663,310.66666666666663,inside_visible,655.4488,863.544894117647,1
tw91epryD28_1264-1925,437,2,1085.0,30.0,378.0,401.0,inside_visible,788.991,879.835,0
tw91epryD28_1264-1925,438,1,634.6666666666666,351.6666666666667,243.55555555555557,309.88888888888886,inside_visible,655.3530000000001,863.5150588235294,1
tw91epryD28_1264-1925,438,2,1083.375,29.625,378.0,401.0,inside_visible,788.2089166666667,878.4504166666667,0
tw91epryD28_1264-1925,439,1,634.3333333333334,353.3333333333333,243.44444444444449,309.11111111111114,inside_visible,655.2572,863.4852235294118,1
tw91epryD28_1264-1925,439,2,1081.75,29.25,378.0,401.0,inside_visible,787.4268333333333,877.0658333333333,0
tw91epryD28_1264-1925,440,1,634.0,355.0,243.33333333333337,308.33333333333337,inside_visible,655.1614,863.4553882352941,1
tw91epryD28_1264-1925,440,2,1080.125,28.875,378.0,401.0,inside_visible,786.6447499999999,875.6812500000001,0
tw91epryD28_1264-1925,441,1,633.6666666666666,356.6666666666667,243.22222222222229,307.5555555555555,inside_visible,655.0656,863.4255529411764,1
tw91epryD28_1264-1925,441,2,1078.5,28.5,378.0,401.0,inside_visible,785.8626666666667,874.2966666666667,0
tw91epryD28_1264-1925,442,1,633.3333333333334,358.3333333333333,243.1111111111111,306.77777777777777,inside_visible,654.9698,863.3957176470589,1
tw91epryD28_1264-1925,442,2,1076.875,28.125,378.0,401.0,inside_visible,785.0805833333334,872.9120833333334,0
tw91epryD28_1264-1925,443,1,633.0,360.0,243.0,306.0,inside_visible,654.874,863.3658823529412,1
tw91epryD28_1264-1925,443,2,1075.25,27.75,378.0,401.0,inside_visible,784.2985,871.5275,0
tw91epryD28_1264-1925,444,1,632.9705882352941,359.88235294117646,242.94117647058815,306.0588235294118,inside_visible,654.7782,863.3360470588235,1
tw91epryD28_1264-1925,444,2,1073.625,27.375,378.0,401.0,inside_visible,783.5164166666666,870.1429166666667,0
tw91epryD28_1264-1925,445,1,632.9411764705883,359.7647058823529,242.8823529411765,306.11764705882354,inside_visible,654.6824,863.3062117647058,1
tw91epryD28_1264-1925,445,2,1072.0,27.0,378.0,401.0,inside_visible,782.7343333333333,868.7583333333333,0
tw91epryD28_1264-1925,446,1,632.9117647058823,359.6470588235294,242.82352941176475,306.17647058823536,inside_visible,654.5866,863.2763764705883,1
tw91epryD28_1264-1925,446,2,1071.5555555555557,27.0,378.0,401.0,inside_visible,781.95225,867.37375,0
tw91epryD28_1264-1925,447,1,632.8823529411765,359.52941176470586,242.76470588235293,306.2352941176471,inside_visible,654.4908,863.2465411764706,1
tw91epryD28_1264-1925,447,2,1071.111111111111,27.0,378.0,401.0,inside_visible,781.1701666666667,865.9891666666667,0
tw91epryD28_1264-1925,448,1,632.8529411764706,359.4117647058824,242.7058823529411,306.29411764705884,inside_visible,654.395,863.2167058823529,1
tw91epryD28_1264-1925,448,2,1070.6666666666667,27.0,378.0,401.0,inside_visible,780.3880833333333,864.6045833333334,0
tw91epryD28_1264-1925,449,1,632.8235294117648,359.29411764705884,242.6470588235294,306.3529411764705,inside_visible,654.2992,863.1868705882353,1
tw91epryD28_1264-1925,449,2,1070.2222222222222,27.0,378.0,401.0,inside_visible,779.606,863.22,0
tw91epryD28_1264-1925,450,1,632.7941176470588,359.1764705882353,242.58823529411768,306.4117647058824,inside_visible,654.2034,863.1570352941177,1
tw91epryD28_1264-1925,450,2,1069.7777777777778,27.0,378.0,401.0,inside_visible,754.991,523.835,0
tw91epryD28_1264-1925,451,1,632.7647058823529,359.05882352941177,242.52941176470583,306.4705882352941,inside_visible,654.1076,863.1272,1
tw91epryD28_1264-1925,451,2,1069.3333333333333,27.0,378.0,401.0,inside_visible,755.3624255319148,524.1025319148937,0
tw91epryD28_1264-1925,452,1,632.7352941176471,358.94117647058823,242.47058823529412,306.5294117647059,inside_visible,654.0118,863.0973647058823,1
tw91epryD28_1264-1925,452,2,1068.888888888889,27.0,378.0,401.0,inside_visible,755.7338510638298,524.3700638297872,0
tw91epryD28_1264-1925,453,1,632.7058823529412,358.8235294117647,242.41176470588232,306.5882352941176,inside_visible,653.916,863.0675294117647,1
tw91epryD28_1264-1925,453,2,1068.4444444444443,27.0,378.0,401.0,inside_visible,756.1052765957446,524.6375957446809,0
tw91epryD28_1264-1925,454,1,632.6764705882352,358.7058823529412,242.3529411764706,306.64705882352945,inside_visible,653.8202,863.0376941176471,1
tw91epryD28_1264-1925,454,2,1068.0,27.0,378.0,401.0,inside_visible,756.4767021276596,524.9051276595745,0
tw91epryD28_1264-1925,455,1,632.6470588235294,358.5882352941176,242.2941176470589,306.7058823529412,inside_visible,653.7244000000001,863.0078588235294,1
tw91epryD28_1264-1925,455,2,1067.5555555555557,27.0,378.0,401.0,inside_visible,756.8481276595744,525.1726595744681,0
tw91epryD28_1264-1925,456,1,632.6176470588235,358.47058823529414,242.23529411764707,306.7647058823529,inside_visible,653.6286,862.9780235294118,1
tw91epryD28_1264-1925,456,2,1067.111111111111,27.0,378.0,401.0,inside_visible,757.2195531914894,525.4401914893617,0
tw91epryD28_1264-1925,457,1,632.5882352941177,358.3529411764706,242.17647058823525,306.82352941176464,inside_visible,653.5328000000001,862.9481882352941,1
tw91epryD28_1264-1925,457,2,1066.6666666666667,27.0,378.0,401.0,inside_visible,757.5909787234042,525.7077234042554,0
tw91epryD28_1264-1925,458,1,632.5588235294117,358.2352941176471,242.11764705882356,306.88235294117646,inside_visible,653.437,862.9183529411765,1
tw91epryD28_1264-1925,458,2,1066.2222222222222,27.0,378.0,401.0,inside_visible,757.9624042553191,525.9752553191489,0
tw91epryD28_1264-1925,459,1,632.5294117647059,358.11764705882354,242.05882352941185,306.9411764705882,inside_visible,653.3412000000001,862.8885176470588,1
tw91epryD28_1264-1925,459,2,1065.7777777777778,27.0,378.0,401.0,inside_visible,758.333829787234,526.2427872340426,0
tw91epryD28_1264-1925,460,1,632.5,358.0,242.0,307.0,inside_visible,653.2454,862.8586823529412,1
tw91epryD28_1264-1925,460,2,1065.3333333333333,27.0,378.0,401.0,inside_visible,758.7052553191489,526.5103191489362,0
tw91epryD28_1264-1925,461,1,632.4705882352941,357.88235294117646,241.94117647058815,307.0588235294118,inside_visible,653.1496000000001,862.8288470588235,1
tw91epryD28_1264-1925,461,2,1064.888888888889,27.0,378.0,401.0,inside_visible,759.0766808510638,526.7778510638298,0
tw91epryD28_1264-1925,462,1,632.4411764705883,357.7647058823529,241.8823529411765,307.11764705882354,inside_visible,653.0538,862.7990117647059,1
tw91epryD28_1264-1925,462,2,1064.4444444444443,27.0,378.0,401.0,inside_visible,759.4481063829787,527.0453829787234,0
tw91epryD28_1264-1925,463,1,632.4117647058823,357.6470588235294,241.82352941176475,307.17647058823536,inside_visible,652.9580000000001,862.7691764705883,1
tw91epryD28_1264-1925,463,2,1064.0,27.0,378.0,401.0,inside_visible,759.8195319148936,527.3129148936171,0
tw91epryD28_1264-1925,464,1,632.3823529411765,357.52941176470586,241.76470588235293,307.2352941176471,inside_visible,652.8622,862.7393411764706,1
tw91epryD28_1264-1925,464,2,1063.0,27.0,379.0,401.0,inside_visible,760.1909574468085,527.5804468085107,0
tw91epryD28_1264-1925,465,1,632.3529411764706,357.4117647058824,241.7058823529411,307.29411764705884,inside_visible,652.7664000000001,862.7095058823529,1
tw91epryD28_1264-1925,465,2,1062.0,27.0,380.0,401.0,inside_visible,760.5623829787233,527.8479787234043,0
tw91epryD28_1264-1925,466,1,632.3235294117648,357.29411764705884,241.6470588235294,307.3529411764705,inside_visible,652.6706,862.6796705882354,1
tw91epryD28_1264-1925,466,2,1061.0,27.0,381.0,401.0,inside_visible,760.9338085106383,528.1155106382979,0
tw91epryD28_1264-1925,467,1,632.2941176470588,357.1764705882353,241.58823529411768,307.4117647058824,inside_visible,652.5748000000001,862.6498352941177,1
tw91epryD28_1264-1925,467,2,1060.0,27.0,382.0,401.0,inside_visible,761.3052340425531,528.3830425531916,0
tw91epryD28_1264-1925,468,1,632.2647058823529,357.05882352941177,241.52941176470583,307.4705882352941,inside_visible,652.479,862.62,1
tw91epryD28_1264-1925,468,2,1059.0,27.0,383.0,401.0,inside_visible,761.6766595744681,528.6505744680851,0
tw91epryD28_1264-1925,469,1,632.2352941176471,356.94117647058823,241.47058823529412,307.5294117647059,inside_visible,729.277,873.382,1
tw91epryD28_1264-1925,469,2,1058.0,27.0,384.0,401.0,inside_visible,762.0480851063829,528.9181063829787,0
tw91epryD28_1264-1925,470,1,632.2058823529412,356.8235294117647,241.41176470588232,307.5882352941176,inside_visible,729.4356388888889,873.6365555555556,1
tw91epryD28_1264-1925,470,2,1057.0,27.0,385.0,401.0,inside_visible,762.4195106382979,529.1856382978724,0
tw91epryD28_1264-1925,471,1,632.1764705882352,356.7058823529412,241.3529411764706,307.64705882352945,inside_visible,729.5942777777778,873.8911111111111,1
tw91epryD28_1264-1925,471,2,1056.0,27.0,386.0,401.0,inside_visible,762.7909361702127,529.4531702127659,0
tw91epryD28_1264-1925,472,1,632.1470588235294,356.5882352941176,241.2941176470589,307.7058823529412,inside_visible,729.7529166666667,874.1456666666667,1
tw91epryD28_1264-1925,472,2,1056.0,27.0,386.0,402.1428571428572,inside_visible,763.1623617021277,529.7207021276596,0
tw91epryD28_1264-1925,473,1,632.1176470588235,356.47058823529414,241.23529411764707,307.7647058823529,inside_visible,729.9115555555557,874.4002222222222,1
tw91epryD28_1264-1925,473,2,1056.0,27.0,386.0,403.2857142857143,inside_visible,763.5337872340425,529.9882340425532,0
tw91epryD28_1264-1925,474,1,632.0882352941177,356.3529411764706,241.17647058823525,307.82352941176464,inside_visible,730.0701944444445,874.6547777777778,1
tw91epryD28_1264-1925,474,2,1056.0,27.0,386.0,404.4285714285714,inside_visible,763.9052127659575,530.2557659574468,0
tw91epryD28_1264-1925,475,1,632.0588235294117,356.2352941176471,241.11764705882356,307.88235294117646,inside_visible,730.2288333333333,874.9093333333333,1
tw91epryD28_1264-1925,475,2,1056.0,27.0,386.0,405.57142857142856,inside_visible,764.2766382978723,530.5232978723404,0
tw91epryD28_1264-1925,476,1,632.0294117647059,356.11764705882354,241.05882352941185,307.9411764705882,inside_visible,730.3874722222223,875.1638888888889,1
tw91epryD28_1264-1925,476,2,1056.0,27.0,386.0,406.7142857142857,inside_visible,764.6480638297872,530.7908297872341,0
tw91epryD28_1264-1925,477,1,632.0,356.0,241.0,308.0,inside_visible,730.5461111111111,875.4184444444444,1
tw91epryD28_1264-1925,477,2,1056.0,27.0,386.0,407.8571428571428,inside_visible,765.0194893617021,531.0583617021276,0
tw91epryD28_1264-1925,478,1,631.75,354.625,241.0,308.125,inside_visible,730.7047500000001,875.673,1
tw91epryD28_1264-1925,478,2,1056.0,27.0,386.0,409.0,inside_visible,765.390914893617,531.3258936170213,0
tw91epryD28_1264-1925,479,1,631.5,353.25,241.0,308.25,inside_visible,730.863388888889,875.9275555555555,1
tw91epryD28_1264-1925,479,2,1056.0,27.0,386.0,413.3333333333333,inside_visible,765.7623404255319,531.5934255319149,0
tw91epryD28_1264-1925,480,1,631.25,351.875,241.0,308.375,inside_visible,731.0220277777778,876.1821111111111,1
tw91epryD28_1264-1925,480,2,1056.0,27.0,386.0,417.6666666666667,inside_visible,766.1337659574468,531.8609574468085,0
tw91epryD28_1264-1925,481,1,631.0,350.5,241.0,308.5,inside_visible,731.1806666666668,876.4366666666666,1
tw91epryD28_1264-1925,481,2,1056.0,27.0,386.0,422.0,inside_visible,766.5051914893617,532.1284893617021,0
tw91epryD28_1264-1925,482,1,630.75,349.125,241.0,308.625,inside_visible,731.3393055555556,876.6912222222222,1
tw91epryD28_1264-1925,482,2,1055.111111111111,27.0,386.8888888888889,422.0,inside_visible,766.8766170212766,532.3960212765958,0
tw91epryD28_1264-1925,483,1,630.5,347.75,241.0,308.75,inside_visible,731.4979444444444,876.9457777777777,1
tw91epryD28_1264-1925,483,2,1054.2222222222222,27.0,387.7777777777778,422.0,inside_visible,767.2480425531915,532.6635531914893,0
tw91epryD28_1264-1925,484,1,630.25,346.375,241.0,308.875,inside_visible,731.6565833333334,877.2003333333333,1
tw91epryD28_1264-1925,484,2,1053.3333333333333,27.0,388.66666666666674,422.0,inside_visible,767.6194680851064,532.931085106383,0
tw91epryD28_1264-1925,485,1,630.0,345.0,241.0,309.0,inside_visible,731.8152222222222,877.4548888888888,1
tw91epryD28_1264-1925,485,2,1052.4444444444443,27.0,389.55555555555566,422.0,inside_visible,767.9908936170212,533.1986170212766,0
tw91epryD28_1264-1925,486,1,632.6666666666666,349.0,241.0,309.0,inside_visible,731.9738611111112,877.7094444444444,1
tw91epryD28_1264-1925,486,2,1051.5555555555557,27.0,390.44444444444434,422.0,inside_visible,768.3623191489362,533.4661489361703,0
tw91epryD28_1264-1925,487,1,635.3333333333334,353.0,241.0,309.0,inside_visible,732.1325,877.9639999999999,1
tw91epryD28_1264-1925,487,2,1050.6666666666667,27.0,391.33333333333326,422.0,inside_visible,768.733744680851,533.7336808510638,0
tw91epryD28_1264-1925,488,1,638.0,357.0,241.0,309.0,inside_visible,732.2911388888889,878.2185555555556,1
tw91epryD28_1264-1925,488,2,1049.7777777777778,27.0,392.2222222222222,422.0,inside_visible,769.105170212766,534.0012127659575,0
tw91epryD28_1264-1925,489,1,637.1428571428571,355.57142857142856,240.8571428571429,309.0,inside_visible,732.4497777777779,878.4731111111112,1
tw91epryD28_1264-1925,489,2,1048.888888888889,27.0,393.1111111111111,422.0,inside_visible,769.4765957446808,534.2687446808511,0
tw91epryD28_1264-1925,490,1,636.2857142857143,354.1428571428572,240.7142857142857,308.99999999999994,inside_visible,732.6084166666667,878.7276666666667,1
tw91epryD28_1264-1925,490,2,1048.0,27.0,394.0,422.0,inside_visible,769.8480212765958,534.5362765957447,0
tw91epryD28_1264-1925,491,1,635.4285714285714,352.7142857142857,240.57142857142856,308.99999999999994,inside_visible,732.7670555555557,878.9822222222223,1
tw91epryD28_1264-1925,491,2,1048.0,40.0,394.0,409.0,inside_visible,770.2194468085106,534.8038085106383,0
tw91epryD28_1264-1925,492,1,634.5714285714286,351.2857142857143,240.42857142857144,309.00000000000006,inside_visible,732.9256944444445,879.2367777777778,1
tw91epryD28_1264-1925,492,2,1047.375,41.375,394.0,409.0,inside_visible,770.5908723404256,535.071340425532,0
tw91epryD28_1264-1925,493,1,633.7142857142857,349.85714285714283,240.28571428571436,309.00000000000006,inside_visible,733.0843333333333,879.4913333333334,1
tw91epryD28_1264-1925,493,2,1046.75,42.75,394.0,409.0,inside_visible,770.9622978723404,535.3388723404255,0
tw91epryD28_1264-1925,494,1,632.8571428571429,348.42857142857144,240.1428571428571,309.0,inside_visible,733.2429722222223,879.7458888888889,1
tw91epryD28_1264-1925,494,2,1046.125,44.125,394.0,409.0,inside_visible,771.3337234042554,535.6064042553191,0
tw91epryD28_1264-1925,495,1,632.0,347.0,240.0,309.0,inside_visible,733.4016111111112,880.0004444444445,1
tw91epryD28_1264-1925,495,2,1045.5,45.5,394.0,409.0,inside_visible,771.7051489361702,535.8739361702128,0
tw91epryD28_1264-1925,496,1,632.5,351.0,240.0,309.5,inside_visible,733.56025,880.255,1
tw91epryD28_1264-1925,496,2,1044.875,46.875,394.0,409.0,inside_visible,772.076574468085,536.1414680851063,0
tw91epryD28_1264-1925,497,1,633.0,355.0,240.0,310.0,inside_visible,733.718888888889,880.5095555555556,1
tw91epryD28_1264-1925,497,2,1044.25,48.25,394.0,409.0,inside_visible,772.448,536.409,0
tw91epryD28_1264-1925,498,1,636.3333333333334,352.1666666666667,239.8333333333333,309.99999999999994,inside_visible,733.8775277777778,880.7641111111111,1
tw91epryD28_1264-1925,498,2,1043.625,49.625,394.0,409.0,inside_visible,772.798894736842,532.9704210526315,0
tw91epryD28_1264-1925,499,1,639.6666666666666,349.3333333333333,239.66666666666677,310.00000000000006,inside_visible,734.0361666666668,881.0186666666667,1
tw91epryD28_1264-1925,499,2,1043.0,51.0,394.0,409.0,inside_visible,773.1497894736842,529.5318421052632,0
tw91epryD28_1264-1925,500,1,643.0,346.5,239.5,310.0,inside_visible,734.1948055555556,881.2732222222222,1
tw91epryD28_1264-1925,500,2,1043.0,51.0,393.33333333333326,409.0,inside_visible,773.5006842105263,526.0932631578947,0
tw91epryD28_1264-1925,501,1,646.3333333333334,343.6666666666667,239.3333333333333,309.99999999999994,inside_visible,734.3534444444444,881.5277777777778,1
tw91epryD28_1264-1925,501,2,1043.0,51.0,392.66666666666674,409.0,inside_visible,773.8515789473684,522.6546842105263,0
tw91epryD28_1264-1925,502,1,649.6666666666666,340.8333333333333,239.16666666666677,310.00000000000006,inside_visible,734.5120833333334,881.7823333333333,1
tw91epryD28_1264-1925,502,2,1043.0,51.0,392.0,409.0,inside_visible,774.2024736842105,519.2161052631579,0
tw91epryD28_1264-1925,503,1,653.0,338.0,239.0,310.0,gaze_shift,734.6707222222223,882.0368888888889,1
tw91epryD28_1264-1925,503,2,1043.0,51.0,391.33333333333326,409.0,inside_visible,774.5533684210526,515.7775263157895,0
tw91epryD28_1264-1925,504,1,653.0,338.0,239.0,306.0,gaze_shift,734.8293611111112,882.2914444444444,1
tw91epryD28_1264-1925,504,2,1043.0,51.0,390.66666666666674,409.0,inside_visible,774.9042631578948,512.338947368421,0
tw91epryD28_1264-1925,505,1,653.0,338.0,239.0,302.0,gaze_shift,734.988,882.546,1
tw91epryD28_1264-1925,505,2,1043.0,51.0,390.0,409.0,inside_visible,775.2551578947368,508.90036842105263,0
tw91epryD28_1264-1925,506,1,645.0,339.5,243.0,294.0,inside_visible,1157.221,359.319,1
tw91epryD28_1264-1925,506,2,1043.0,51.0,389.33333333333326,409.0,inside_visible,775.6060526315789,505.4617894736842,0
tw91epryD28_1264-1925,507,1,637.0,341.0,247.0,286.0,inside_visible,1145.6253333333334,341.3396666666667,1
tw91epryD28_1264-1925,507,2,1043.0,51.0,388.66666666666674,409.0,inside_visible,775.9569473684211,502.0232105263158,0
tw91epryD28_1264-1925,508,1,633.3333333333334,340.0,244.3333333333333,279.66666666666663,inside_visible,1134.0296666666666,323.3603333333333,1
tw91epryD28_1264-1925,508,2,1043.0,51.0,388.0,409.0,inside_visible,776.3078421052631,498.5846315789474,0
tw91epryD28_1264-1925,509,1,629.6666666666666,339.0,241.66666666666677,273.33333333333337,inside_visible,1122.434,305.381,1
tw91epryD28_1264-1925,509,2,1043.0,51.0,387.33333333333326,409.0,inside_visible,776.6587368421052,495.146052631579,0
tw91epryD28_1264-1925,510,1,626.0,338.0,239.0,267.0,inside_visible,1119.7673571428572,304.3333571428571,1
tw91epryD28_1264-1925,510,2,1043.0,51.0,386.66666666666674,409.0,inside_visible,777.0096315789474,491.7074736842105,0
tw91epryD28_1264-1925,511,1,618.0,340.5,239.0,267.0,inside_visible,1117.1007142857145,303.2857142857143,1
tw91epryD28_1264-1925,511,2,1043.0,51.0,386.0,409.0,inside_visible,777.3605263157895,488.2688947368421,0
tw91epryD28_1264-1925,512,1,610.0,343.0,239.0,267.0,inside_visible,1114.434071428571,302.2380714285714,1
tw91epryD28_1264-1925,512,2,1039.8,50.4,384.4000000000001,409.0,inside_visible,777.7114210526316,484.8303157894737,0
tw91epryD28_1264-1925,513,1,607.25,343.0,239.0,267.0,inside_visible,1111.7674285714286,301.1904285714285,1
tw91epryD28_1264-1925,513,2,1036.6,49.8,382.8000000000002,409.0,inside_visible,778.0623157894737,481.3917368421053,0
tw91epryD28_1264-1925,514,1,604.5,343.0,239.0,267.0,inside_visible,1109.1007857142858,300.1427857142857,1
tw91epryD28_1264-1925,514,2,1033.4,49.2,381.1999999999998,409.0,inside_visible,778.4132105263158,477.9531578947369,0
tw91epryD28_1264-1925,515,1,601.75,343.0,239.0,267.0,inside_visible,1106.434142857143,299.09514285714283,1
tw91epryD28_1264-1925,515,2,1030.2,48.6,379.5999999999999,409.0,inside_visible,778.764105263158,474.5145789473684,0
tw91epryD28_1264-1925,516,1,599.0,343.0,239.0,267.0,inside_visible,1103.7675,298.0475,1
tw91epryD28_1264-1925,516,2,1027.0,48.0,378.0,409.0,inside_visible,779.115,471.076,0
tw91epryD28_1264-1925,517,1,599.52,342.88,239.0,267.0,inside_visible,1101.1008571428572,296.99985714285714,1
tw91epryD28_1264-1925,517,2,1023.0,50.0,378.0,409.0,inside_visible,778.8133750000001,472.0890125,0
tw91epryD28_1264-1925,518,1,600.04,342.76,239.0,267.0,inside_visible,1098.4342142857145,295.95221428571426,1
tw91epryD28_1264-1925,518,2,1019.0,52.0,378.0,409.0,inside_visible,778.51175,473.102025,0
tw91epryD28_1264-1925,519,1,600.56,342.64,239.0,267.0,inside_visible,1095.7675714285715,294.90457142857144,1
tw91epryD28_1264-1925,519,2,1015.0,54.0,378.0,409.0,inside_visible,778.2101250000001,474.1150375,0
tw91epryD28_1264-1925,520,1,601.08,342.52,239.0,267.0,inside_visible,1093.1009285714283,293.85692857142857,1
tw91epryD28_1264-1925,520,2,1011.0,56.0,378.0,409.0,inside_visible,777.9085,475.12805,0
tw91epryD28_1264-1925,521,1,601.6,342.4,239.0,267.0,inside_visible,1090.4342857142858,292.8092857142857,1
tw91epryD28_1264-1925,521,2,1002.5,64.0,375.5,406.5,inside_visible,777.6068750000001,476.1410625,0
tw91epryD28_1264-1925,522,1,602.12,342.28,239.0,267.0,inside_visible,1087.767642857143,291.7616428571429,1
tw91epryD28_1264-1925,522,2,994.0,72.0,373.0,404.0,inside_visible,777.30525,477.154075,0
tw91epryD28_1264-1925,523,1,602.64,342.16,239.0,266.99999999999994,inside_visible,1085.101,290.714,1
tw91epryD28_1264-1925,523,2,994.0,76.0,361.0,392.0,inside_visible,777.003625,478.1670875,0
tw91epryD28_1264-1925,524,1,603.16,342.04,239.0,266.99999999999994,inside_visible,1085.4265714285716,290.58257142857144,1
tw91epryD28_1264-1925,524,2,994.0,80.0,349.0,380.0,inside_visible,776.702,479.1801,0
tw91epryD28_1264-1925,525,1,603.68,341.92,239.0,266.99999999999994,inside_visible,1085.7521428571429,290.4511428571429,1
tw91epryD28_1264-1925,525,2,983.0,80.0,349.0,380.0,inside_visible,776.400375,480.1931125,0
tw91epryD28_1264-1925,526,1,604.2,341.8,239.0,266.99999999999994,inside_visible,1086.0777142857144,290.31971428571427,1
tw91epryD28_1264-1925,526,2,982.5,82.16666666666667,349.5,377.8333333333333,inside_visible,776.09875,481.206125,0
tw91epryD28_1264-1925,527,1,604.72,341.68,239.0,266.99999999999994,inside_visible,1086.403285714286,290.1882857142857,1
tw91epryD28_1264-1925,527,2,982.0,84.33333333333333,350.0,375.6666666666667,inside_visible,775.797125,482.2191375,0
tw91epryD28_1264-1925,528,1,605.24,341.56,239.0,266.99999999999994,inside_visible,1086.7288571428574,290.05685714285715,1
tw91epryD28_1264-1925,528,2,981.5,86.5,350.5,373.5,inside_visible,775.4955,483.23215,0
tw91epryD28_1264-1925,529,1,605.76,341.44,239.0,267.00000000000006,inside_visible,1087.0544285714286,289.9254285714286,1
tw91epryD28_1264-1925,529,2,981.0,88.66666666666667,351.0,371.3333333333333,inside_visible,775.193875,484.2451625,0
tw91epryD28_1264-1925,530,1,606.28,341.32,239.0,267.00000000000006,inside_visible,1087.38,289.794,1
tw91epryD28_1264-1925,530,2,980.5,90.83333333333331,351.5,369.1666666666667,inside_visible,774.89225,485.258175,0
tw91epryD28_1264-1925,531,1,606.8,341.2,239.0,267.00000000000006,inside_visible,1087.7055714285716,289.6625714285714,1
tw91epryD28_1264-1925,531,2,980.0,93.0,352.0,367.0,inside_visible,774.590625,486.2711875,0
tw91epryD28_1264-1925,532,1,607.32,341.08,239.0,267.00000000000006,inside_visible,1088.0311428571429,289.53114285714287,1
tw91epryD28_1264-1925,532,2,978.75,93.75,352.0,367.0,inside_visible,774.289,487.2842,0
tw91epryD28_1264-1925,533,1,607.84,340.96,239.0,267.00000000000006,inside_visible,1088.3567142857144,289.3997142857143,1
tw91epryD28_1264-1925,533,2,977.5,94.5,352.0,367.0,inside_visible,773.987375,488.2972125,0
tw91epryD28_1264-1925,534,1,608.36,340.84,239.0,267.00000000000006,inside_visible,1088.682285714286,289.2682857142857,1
tw91epryD28_1264-1925,534,2,976.25,95.25,352.0,367.0,inside_visible,773.68575,489.310225,0
tw91epryD28_1264-1925,535,1,608.88,340.72,239.0,267.0,inside_visible,1089.0078571428571,289.13685714285714,1
tw91epryD28_1264-1925,535,2,975.0,96.0,352.0,367.0,inside_visible,773.384125,490.3232375,0
tw91epryD28_1264-1925,536,1,609.4,340.6,239.0,267.0,inside_visible,1089.3334285714286,289.0054285714286,1
tw91epryD28_1264-1925,536,2,975.0943396226417,95.69811320754717,352.2075471698114,367.0,inside_visible,773.0825,491.33625,0
tw91epryD28_1264-1925,537,1,609.92,340.48,239.0,267.0,inside_visible,1089.659,288.874,1
tw91epryD28_1264-1925,537,2,975.188679245283,95.39622641509432,352.41509433962267,367.0,inside_visible,772.780875,492.3492625,0
tw91epryD28_1264-1925,538,1,610.44,340.36,239.0,267.0,inside_visible,1089.9845714285716,288.7425714285714,1
tw91epryD28_1264-1925,538,2,975.2830188679244,95.09433962264151,352.62264150943406,367.0,inside_visible,772.47925,493.362275,0
tw91epryD28_1264-1925,539,1,610.96,340.24,239.0,267.0,inside_visible,1090.3101428571429,288.61114285714285,1
tw91epryD28_1264-1925,539,2,975.377358490566,94.79245283018868,352.8301886792452,367.0,inside_visible,772.177625,494.3752875,0
tw91epryD28_1264-1925,540,1,611.48,340.12,239.0,267.0,inside_visible,1090.6357142857144,288.4797142857143,1
tw91epryD28_1264-1925,540,2,975.4716981132076,94.49056603773585,353.0377358490566,367.0,inside_visible,771.876,495.3883,0
tw91epryD28_1264-1925,541,1,612.0,340.0,239.0,267.0,inside_visible,1090.961285714286,288.34828571428574,1
tw91epryD28_1264-1925,541,2,975.566037735849,94.188679245283,353.2452830188679,367.0,inside_visible,771.574375,496.4013125,0
tw91epryD28_1264-1925,542,1,615.25,340.75,239.0,267.0,inside_visible,1091.2868571428571,288.2168571428571,1
tw91epryD28_1264-1925,542,2,975.6603773584906,93.8867924528302,353.4528301886793,367.0,inside_visible,771.27275,497.414325,0
tw91epryD28_1264-1925,543,1,618.5,341.5,239.0,267.0,inside_visible,1091.6124285714286,288.08542857142857,1
tw91epryD28_1264-1925,543,2,975.754716981132,93.58490566037736,353.66037735849045,367.0,inside_visible,770.971125,498.4273375,0
tw91epryD28_1264-1925,544,1,621.75,342.25,239.0,267.0,inside_visible,1091.938,287.954,1
tw91epryD28_1264-1925,544,2,975.8490566037736,93.28301886792453,353.867924528302,367.0,inside_visible,770.6695,499.44035,0
tw91epryD28_1264-1925,545,1,625.0,343.0,239.0,267.0,inside_visible,1092.2635714285716,287.82257142857145,1
tw91epryD28_1264-1925,545,2,975.9433962264152,92.98113207547168,354.0754716981131,367.0,inside_visible,770.367875,500.4533625,0
tw91epryD28_1264-1925,546,1,628.6666666666666,344.0,239.0,267.0,inside_visible,1092.5891428571429,287.6911428571429,1
tw91epryD28_1264-1925,546,2,976.0377358490566,92.67924528301889,354.2830188679245,367.0,inside_visible,770.06625,501.466375,0
tw91epryD28_1264-1925,547,1,632.3333333333334,345.0,239.0,267.0,inside_visible,1092.9147142857144,287.5597142857143,1
tw91epryD28_1264-1925,547,2,976.1320754716982,92.37735849056604,354.4905660377359,367.0,inside_visible,769.764625,502.4793875,0
tw91epryD28_1264-1925,548,1,636.0,346.0,239.0,267.0,inside_visible,1093.2402857142858,287.4282857142857,1
tw91epryD28_1264-1925,548,2,976.2264150943396,92.0754716981132,354.6981132075472,367.0,inside_visible,769.463,503.4924,0
tw91epryD28_1264-1925,549,1,635.3333333333334,347.6666666666667,239.0,266.99999999999994,inside_visible,1093.565857142857,287.2968571428572,1
tw91epryD28_1264-1925,549,2,976.3207547169812,91.77358490566036,354.9056603773586,367.0,inside_visible,769.161375,504.5054125,0
tw91epryD28_1264-1925,550,1,634.6666666666666,349.3333333333333,239.0,267.00000000000006,inside_visible,1093.8914285714286,287.1654285714286,1
tw91epryD28_1264-1925,550,2,976.4150943396228,91.47169811320757,355.11320754716974,367.0,inside_visible,768.85975,505.518425,0
tw91epryD28_1264-1925,551,1,634.0,351.0,239.0,267.0,inside_visible,1094.217,287.034,1
tw91epryD28_1264-1925,551,2,976.509433962264,91.16981132075472,355.32075471698124,367.0,inside_visible,768.558125,506.5314375,0
tw91epryD28_1264-1925,552,1,637.6666666666666,352.0,239.0,267.0,inside_visible,1094.5425714285716,286.90257142857143,1
tw91epryD28_1264-1925,552,2,976.6037735849056,90.86792452830188,355.5283018867924,367.0,inside_visible,768.2565,507.54445,0
tw91epryD28_1264-1925,553,1,641.3333333333334,353.0,239.0,267.0,inside_visible,1094.8681428571429,286.7711428571429,1
tw91epryD28_1264-1925,553,2,976.6981132075472,90.56603773584904,355.7358490566038,367.0,inside_visible,767.954875,508.5574625,0
tw91epryD28_1264-1925,554,1,645.0,354.0,239.0,267.0,inside_visible,1095.1937142857143,286.6397142857143,1
tw91epryD28_1264-1925,554,2,976.7924528301888,90.26415094339625,355.94339622641496,367.0,inside_visible,767.65325,509.570475,0
tw91epryD28_1264-1925,555,1,645.0,352.9,239.0,268.1,inside_visible,1095.5192857142858,286.5082857142857,1
tw91epryD28_1264-1925,555,2,976.8867924528302,89.9622641509434,356.15094339622647,367.0,inside_visible,767.351625,510.5834875,0
tw91epryD28_1264-1925,556,1,645.0,351.8,239.0,269.2,inside_visible,1095.844857142857,286.37685714285715,1
tw91epryD28_1264-1925,556,2,976.9811320754716,89.66037735849056,356.35849056603763,367.0,inside_visible,767.05,511.5965,0
tw91epryD28_1264-1925,557,1,645.0,350.7,239.0,270.3,inside_visible,1096.1704285714286,286.2454285714286,1
tw91epryD28_1264-1925,557,2,977.0754716981132,89.35849056603773,356.566037735849,367.0,inside_visible,766.748375,512.6095124999999,0
tw91epryD28_1264-1925,558,1,645.0,349.6,239.0,271.4,inside_visible,1096.496,286.11400000000003,1
tw91epryD28_1264-1925,558,2,977.1698113207548,89.05660377358491,356.7735849056605,367.0,inside_visible,766.4467500000001,513.622525,0
tw91epryD28_1264-1925,559,1,645.0,348.5,239.0,272.5,inside_visible,1096.8215714285716,285.9825714285714,1
tw91epryD28_1264-1925,559,2,977.2641509433962,88.75471698113208,356.9811320754717,367.0,inside_visible,766.145125,514.6355374999999,0
tw91epryD28_1264-1925,560,1,645.0,347.4,239.0,273.6,inside_visible,1097.1471428571429,285.85114285714286,1
tw91epryD28_1264-1925,560,2,977.3584905660376,88.45283018867924,357.1886792452831,367.0,inside_visible,765.8435000000001,515.64855,0
tw91epryD28_1264-1925,561,1,645.0,346.3,239.0,274.7,gaze_shift,1097.4727142857143,285.7197142857143,1
tw91epryD28_1264-1925,561,2,977.4528301886792,88.15094339622641,357.39622641509425,367.0,inside_visible,765.541875,516.6615625,0
tw91epryD28_1264-1925,562,1,645.0,345.2,239.0,275.8,gaze_shift,1097.7982857142858,285.58828571428575,1
tw91epryD28_1264-1925,562,2,977.5471698113208,87.84905660377359,357.6037735849057,367.0,inside_visible,765.2402500000001,517.674575,0
tw91epryD28_1264-1925,563,1,645.0,344.1,239.0,276.9,gaze_shift,1098.123857142857,285.45685714285713,1
tw91epryD28_1264-1925,563,2,977.6415094339624,87.54716981132076,357.8113207547169,367.0,inside_visible,764.938625,518.6875875,0
tw91epryD28_1264-1925,564,1,645.0,343.0,239.0,278.0,gaze_shift,1098.4494285714286,285.3254285714286,1
tw91epryD28_1264-1925,564,2,977.7358490566038,87.24528301886792,358.0188679245283,367.0,inside_visible,764.6370000000001,519.7006,0
tw91epryD28_1264-1925,565,1,641.75,341.75,239.0,280.75,gaze_shift,1098.775,285.194,1
tw91epryD28_1264-1925,565,2,977.8301886792452,86.94339622641509,358.2264150943395,367.0,inside_visible,764.335375,520.7136125,0
tw91epryD28_1264-1925,566,1,638.5,340.5,239.0,283.5,inside_visible,726.434,872.047,1
tw91epryD28_1264-1925,566,2,977.9245283018868,86.64150943396227,358.433962264151,367.0,inside_visible,764.03375,521.726625,0
tw91epryD28_1264-1925,567,1,635.25,339.25,239.0,286.25,inside_visible,727.2015,871.7116666666667,1
tw91epryD28_1264-1925,567,2,978.0188679245284,86.33962264150944,358.6415094339624,367.0,inside_visible,763.732125,522.7396375,0
tw91epryD28_1264-1925,568,1,632.0,338.0,239.0,289.0,inside_visible,727.9689999999999,871.3763333333334,1
tw91epryD28_1264-1925,568,2,978.1132075471698,86.0377358490566,358.84905660377353,367.0,inside_visible,763.4305,523.75265,0
tw91epryD28_1264-1925,569,1,632.0,338.0,239.0,291.5,inside_visible,728.7365,871.0409999999999,1
tw91epryD28_1264-1925,569,2,978.2075471698112,85.73584905660377,359.05660377358504,367.0,inside_visible,763.128875,524.7656625,0
tw91epryD28_1264-1925,570,1,632.0,338.0,239.0,294.0,inside_visible,729.504,870.7056666666666,1
tw91epryD28_1264-1925,570,2,978.3018867924528,85.43396226415095,359.2641509433962,367.0,inside_visible,762.82725,525.778675,0
tw91epryD28_1264-1925,571,1,632.0,338.0,239.0,296.0,inside_visible,730.2715,870.3703333333333,1
tw91epryD28_1264-1925,571,2,978.3962264150944,85.13207547169812,359.4716981132076,367.0,inside_visible,762.525625,526.7916875,0
tw91epryD28_1264-1925,572,1,632.0,338.0,239.0,298.0,inside_visible,731.039,870.035,1
tw91epryD28_1264-1925,572,2,978.490566037736,84.83018867924528,359.6792452830188,367.0,inside_visible,762.224,527.8047,0
tw91epryD28_1264-1925,573,1,632.0,338.0,239.0,300.0,inside_visible,731.5723,870.7017,1
tw91epryD28_1264-1925,573,2,978.5849056603772,84.52830188679245,359.88679245283026,367.0,inside_visible,761.922375,528.8177125,0
tw91epryD28_1264-1925,574,1,632.0,338.0,239.0,302.0,inside_visible,732.1056,871.3684,1
tw91epryD28_1264-1925,574,2,978.6792452830188,84.22641509433963,360.0943396226414,367.0,inside_visible,761.62075,529.830725,0
tw91epryD28_1264-1925,575,1,648.0,338.0,239.0,302.0,inside_visible,732.6388999999999,872.0350999999999,1
tw91epryD28_1264-1925,575,2,978.7735849056604,83.9245283018868,360.3018867924528,367.0,inside_visible,761.319125,530.8437375,0
tw91epryD28_1264-1925,576,1,648.0,339.0,239.0,302.83333333333337,inside_visible,733.1722,872.7017999999999,1
tw91epryD28_1264-1925,576,2,978.8679245283018,83.62264150943396,360.5094339622641,367.0,inside_visible,761.0175,531.8567499999999,0
tw91epryD28_1264-1925,577,1,648.0,340.0,239.0,303.66666666666663,inside_visible,733.7055,873.3685,1
tw91epryD28_1264-1925,577,2,978.9622641509434,83.32075471698113,360.7169811320755,367.0,inside_visible,760.715875,532.8697625,0
tw91epryD28_1264-1925,578,1,648.0,341.0,239.0,304.5,inside_visible,734.2388,874.0352,1
tw91epryD28_1264-1925,578,2,979.0566037735848,83.01886792452831,360.9245283018869,367.0,inside_visible,760.41425,533.8827749999999,0
tw91epryD28_1264-1925,579,1,648.0,342.0,239.0,305.33333333333337,inside_visible,734.7720999999999,874.7019,1
tw91epryD28_1264-1925,579,2,979.1509433962264,82.71698113207547,361.1320754716981,367.0,inside_visible,760.112625,534.8957875,0
tw91epryD28_1264-1925,580,1,648.0,343.0,239.0,306.16666666666663,inside_visible,735.3054,875.3686,1
tw91epryD28_1264-1925,580,2,979.245283018868,82.41509433962264,361.3396226415096,367.0,inside_visible,759.811,535.9087999999999,0
tw91epryD28_1264-1925,581,1,648.0,344.0,239.0,307.0,inside_visible,735.8387,876.0353,1
tw91epryD28_1264-1925,581,2,979.3396226415094,82.11320754716981,361.5471698113207,367.0,inside_visible,759.509375,536.9218125,0
tw91epryD28_1264-1925,582,1,641.5,345.5,239.0,307.0,inside_visible,736.372,876.702,1
tw91epryD28_1264-1925,582,2,979.433962264151,81.81132075471697,361.7547169811321,367.0,inside_visible,759.20775,537.9348249999999,0
tw91epryD28_1264-1925,583,1,635.0,347.0,239.0,307.0,inside_visible,932.372,966.035,1
tw91epryD28_1264-1925,583,2,979.5283018867924,81.50943396226415,361.9622641509434,367.0,inside_visible,758.906125,538.9478375,0
tw91epryD28_1264-1925,584,1,632.8,346.4,239.0,307.0,inside_visible,932.9391,967.0173,1
tw91epryD28_1264-1925,584,2,979.622641509434,81.20754716981132,362.1698113207548,367.0,inside_visible,758.6045,539.9608499999999,0
tw91epryD28_1264-1925,585,1,630.6,345.8,239.0,306.99999999999994,inside_visible,933.5062,967.9996,1
tw91epryD28_1264-1925,585,2,979.7169811320756,80.90566037735849,362.37735849056594,367.0,inside_visible,758.302875,540.9738625,0
tw91epryD28_1264-1925,586,1,628.4,345.2,239.0,307.00000000000006,inside_visible,934.0733,968.9819,1
tw91epryD28_1264-1925,586,2,979.811320754717,80.60377358490567,362.5849056603773,367.0,inside_visible,758.00125,541.9868749999999,0
tw91epryD28_1264-1925,587,1,626.2,344.6,239.0,307.0,inside_visible,934.6404,969.9642,1
tw91epryD28_1264-1925,587,2,979.9056603773583,80.30188679245283,362.7924528301886,367.0,inside_visible,757.699625,542.9998875,0
tw91epryD28_1264-1925,588,1,624.0,344.0,239.0,307.0,inside_visible,935.2075,970.9465,1
tw91epryD28_1264-1925,588,2,980.0,80.0,363.0,367.0,inside_visible,757.398,544.0129,0
tw91epryD28_1264-1925,589,1,624.0,344.0,239.0,310.66666666666663,inside_visible,935.7746,971.9288,1
tw91epryD28_1264-1925,589,2,991.0,80.0,352.0,367.0,inside_visible,757.096375,545.0259125,0
tw91epryD28_1264-1925,590,1,624.0,344.0,239.0,314.33333333333337,inside_visible,936.3417,972.9111,1
tw91epryD28_1264-1925,590,2,994.3333333333334,77.33333333333333,352.33333333333337,367.0,inside_visible,756.79475,546.038925,0
tw91epryD28_1264-1925,591,1,624.0,344.0,239.0,318.0,inside_visible,936.9088,973.8934,1
tw91epryD28_1264-1925,591,2,997.6666666666666,74.66666666666667,352.66666666666663,367.0,inside_visible,756.493125,547.0519375,0
tw91epryD28_1264-1925,592,1,624.1304347826087,344.0,238.86956521739123,318.0,inside_visible,937.4759,974.8757,1
tw91epryD28_1264-1925,592,2,1001.0,72.0,353.0,367.0,inside_visible,756.1915,548.06495,0
tw91epryD28_1264-1925,593,1,624.2608695652174,344.0,238.73913043478265,318.0,inside_visible,938.043,975.858,1
tw91epryD28_1264-1925,593,2,998.0,64.0,356.0,391.0,inside_visible,755.889875,549.0779625,0
tw91epryD28_1264-1925,594,1,624.3913043478261,344.0,238.60869565217388,318.0,inside_visible,937.7566216216215,976.260108108108,1
tw91epryD28_1264-1925,594,2,1011.0,56.0,356.0,391.0,inside_visible,755.58825,550.090975,0
tw91epryD28_1264-1925,595,1,624.5217391304348,344.0,238.47826086956525,318.0,inside_visible,937.4702432432432,976.6622162162162,1
tw91epryD28_1264-1925,595,2,1015.0,54.0,356.0,413.0,inside_visible,755.286625,551.1039874999999,0
tw91epryD28_1264-1925,596,1,624.6521739130435,344.0,238.3478260869565,318.0,inside_visible,937.1838648648647,977.0643243243244,1
tw91epryD28_1264-1925,596,2,1019.0,51.0,356.0,406.0,inside_visible,754.985,552.117,0
tw91epryD28_1264-1925,597,1,624.7826086956521,344.0,238.21739130434787,318.0,inside_visible,936.8974864864864,977.4664324324324,1
tw91epryD28_1264-1925,597,2,1021.5,47.0,356.0,409.5,inside_visible,730.384,863.597,0
tw91epryD28_1264-1925,598,1,624.9130434782609,344.0,238.08695652173915,318.0,inside_visible,936.6111081081082,977.8685405405404,1
tw91epryD28_1264-1925,598,2,1024.0,43.0,356.0,413.0,inside_visible,729.782,865.743,0
tw91epryD28_1264-1925,599,1,625.0434782608696,344.0,237.9565217391304,318.0,inside_visible,936.3247297297296,978.2706486486486,1
tw91epryD28_1264-1925,599,2,1032.0,35.0,356.0,413.0,inside_visible,729.79140625,865.70946875,0
tw91epryD28_1264-1925,600,1,625.1739130434783,344.0,237.82608695652172,318.0,inside_visible,936.0383513513514,978.6727567567568,1
tw91epryD28_1264-1925,600,2,1036.0,33.5,356.0,413.0,inside_visible,729.8008125,865.6759375,0
tw91epryD28_1264-1925,601,1,625.304347826087,344.0,237.695652173913,318.0,inside_visible,935.751972972973,979.0748648648648,1
tw91epryD28_1264-1925,601,2,1040.0,32.0,356.0,413.0,inside_visible,729.81021875,865.64240625,0
tw91epryD28_1264-1925,602,1,625.4347826086956,344.0,237.5652173913044,318.0,inside_visible,935.4655945945946,979.4769729729728,1
tw91epryD28_1264-1925,602,2,1042.5,28.0,356.0,413.0,inside_visible,729.8196250000001,865.608875,0
tw91epryD28_1264-1925,603,1,625.5652173913044,344.0,237.43478260869563,318.0,inside_visible,935.1792162162162,979.879081081081,1
tw91epryD28_1264-1925,603,2,1045.0,24.0,356.0,413.0,inside_visible,729.8290312500001,865.57534375,0
tw91epryD28_1264-1925,604,1,625.695652173913,344.0,237.304347826087,318.0,inside_visible,934.892837837838,980.2811891891891,1
tw91epryD28_1264-1925,604,2,1053.0,19.0,356.0,413.0,inside_visible,729.8384375,865.5418125,0
tw91epryD28_1264-1925,605,1,625.8260869565217,344.0,237.17391304347825,318.0,inside_visible,934.6064594594594,980.6832972972971,1
tw91epryD28_1264-1925,605,2,1057.0,19.0,356.0,409.0,inside_visible,729.84784375,865.5082812500001,0
tw91epryD28_1264-1925,606,1,625.9565217391304,344.0,237.0434782608696,318.0,inside_visible,934.3200810810812,981.0854054054054,1
tw91epryD28_1264-1925,606,2,1061.0,19.0,356.0,405.0,inside_visible,729.85725,865.4747500000001,0
tw91epryD28_1264-1925,607,1,626.0869565217391,344.0,236.91304347826087,318.0,inside_visible,934.0337027027028,981.4875135135136,1
tw91epryD28_1264-1925,607,2,1061.0,19.0,357.33333333333326,405.0,inside_visible,729.86665625,865.4412187500001,0
tw91epryD28_1264-1925,608,1,626.2173913043479,344.0,236.78260869565213,318.0,inside_visible,933.7473243243244,981.8896216216216,1
tw91epryD28_1264-1925,608,2,1061.0,19.0,358.66666666666674,405.0,inside_visible,729.8760625,865.4076875000001,0
tw91epryD28_1264-1925,609,1,626.3478260869565,344.0,236.6521739130435,318.0,inside_visible,933.460945945946,982.2917297297296,1
tw91epryD28_1264-1925,609,2,1061.0,19.0,360.0,405.0,inside_visible,729.8854687500001,865.37415625,0
tw91epryD28_1264-1925,610,1,626.4782608695652,344.0,236.52173913043475,318.0,inside_visible,933.1745675675676,982.6938378378378,1
tw91epryD28_1264-1925,610,2,1061.0,19.0,361.33333333333326,405.0,inside_visible,729.8948750000001,865.340625,0
tw91epryD28_1264-1925,611,1,626.6086956521739,344.0,236.3913043478261,318.0,inside_visible,932.8881891891892,983.095945945946,1
tw91epryD28_1264-1925,611,2,1061.0,19.0,362.66666666666674,405.0,inside_visible,729.90428125,865.30709375,0
tw91epryD28_1264-1925,612,1,626.7391304347826,344.0,236.26086956521735,318.0,inside_visible,932.6018108108108,983.498054054054,1
tw91epryD28_1264-1925,612,2,1061.0,19.0,364.0,405.0,inside_visible,729.9136875,865.2735625,0
tw91epryD28_1264-1925,613,1,626.8695652173913,344.0,236.13043478260877,318.0,inside_visible,932.3154324324324,983.900162162162,1
tw91epryD28_1264-1925,613,2,1061.0,19.0,364.0,405.2173913043478,inside_visible,729.92309375,865.24003125,0
tw91epryD28_1264-1925,614,1,627.0,344.0,236.0,318.0,inside_visible,932.029054054054,984.3022702702702,1
tw91epryD28_1264-1925,614,2,1061.0,19.0,364.0,405.4347826086956,inside_visible,729.9325,865.2065,0
tw91epryD28_1264-1925,615,1,628.6,344.0,234.4,316.4,inside_visible,931.7426756756756,984.7043783783784,1
tw91epryD28_1264-1925,615,2,1061.0,19.0,364.0,405.6521739130435,inside_visible,729.94190625,865.17296875,0
tw91epryD28_1264-1925,616,1,630.2,344.0,232.79999999999995,314.79999999999995,inside_visible,931.4562972972972,985.1064864864863,1
tw91epryD28_1264-1925,616,2,1061.0,19.0,364.0,405.8695652173913,inside_visible,729.9513125000001,865.1394375,0
tw91epryD28_1264-1925,617,1,631.8,344.0,231.20000000000005,313.20000000000005,inside_visible,931.1699189189188,985.5085945945946,1
tw91epryD28_1264-1925,617,2,1061.0,19.0,364.0,406.0869565217391,inside_visible,729.9607187500001,865.10590625,0
tw91epryD28_1264-1925,618,1,633.4,344.0,229.6,311.6,inside_visible,930.8835405405406,985.9107027027028,1
tw91epryD28_1264-1925,618,2,1061.0,19.0,364.0,406.3043478260869,inside_visible,729.970125,865.0723750000001,0
tw91epryD28_1264-1925,619,1,635.0,344.0,228.0,310.0,inside_visible,930.597162162162,986.3128108108108,1
tw91epryD28_1264-1925,619,2,1061.0,19.0,364.0,406.5217391304348,inside_visible,729.97953125,865.0388437500001,0
tw91epryD28_1264-1925,620,1,635.0,344.0,233.33333333333337,311.0,inside_visible,930.3107837837838,986.7149189189188,1
tw91epryD28_1264-1925,620,2,1061.0,19.0,364.0,406.7391304347826,inside_visible,729.9889375,865.0053125000001,0
tw91epryD28_1264-1925,621,1,635.0,344.0,238.66666666666663,312.0,inside_visible,930.0244054054054,987.117027027027,1
tw91epryD28_1264-1925,621,2,1061.0,19.0,364.0,406.9565217391304,inside_visible,729.99834375,864.97178125,0
tw91epryD28_1264-1925,622,1,635.0,344.0,244.0,313.0,inside_visible,929.738027027027,987.5191351351352,1
tw91epryD28_1264-1925,622,2,1061.0,19.0,364.0,407.1739130434783,inside_visible,730.00775,864.93825,0
tw91epryD28_1264-1925,623,1,634.1111111111111,344.0,244.0,313.0,inside_visible,929.4516486486486,987.9212432432432,1
tw91epryD28_1264-1925,623,2,1061.0,19.0,364.0,407.39130434782606,inside_visible,730.0171562500001,864.90471875,0
tw91epryD28_1264-1925,624,1,633.2222222222222,344.0,244.0,313.0,inside_visible,929.1652702702704,988.3233513513512,1
tw91epryD28_1264-1925,624,2,1061.0,19.0,364.0,407.60869565217394,inside_visible,730.0265625000001,864.8711875,0
tw91epryD28_1264-1925,625,1,632.3333333333334,344.0,244.0,313.0,inside_visible,928.8788918918918,988.7254594594594,1
tw91epryD28_1264-1925,625,2,1061.0,19.0,364.0,407.82608695652175,inside_visible,730.03596875,864.83765625,0
tw91epryD28_1264-1925,626,1,631.4444444444445,344.0,244.0,313.0,inside_visible,928.5925135135136,989.1275675675676,1
tw91epryD28_1264-1925,626,2,1061.0,19.0,364.0,408.0434782608696,inside_visible,730.045375,864.804125,0
tw91epryD28_1264-1925,627,1,630.5555555555555,344.0,244.0,313.0,inside_visible,928.3061351351352,989.5296756756755,1
tw91epryD28_1264-1925,627,2,1061.0,19.0,364.0,408.2608695652174,inside_visible,730.05478125,864.77059375,0
tw91epryD28_1264-1925,628,1,629.6666666666666,344.0,244.0,313.0,inside_visible,928.0197567567568,989.9317837837838,1
tw91epryD28_1264-1925,628,2,1061.0,19.0,364.0,408.4782608695652,inside_visible,730.0641875,864.7370625,0
tw91epryD28_1264-1925,629,1,628.7777777777778,344.0,244.0,313.0,inside_visible,927.7333783783783,990.333891891892,1
tw91epryD28_1264-1925,629,2,1061.0,19.0,364.0,408.69565217391306,inside_visible,730.07359375,864.70353125,0
tw91epryD28_1264-1925,630,1,627.8888888888889,344.0,244.0,313.0,inside_visible,927.447,990.736,1
tw91epryD28_1264-1925,630,2,1061.0,19.0,364.0,408.9130434782609,inside_visible,730.0830000000001,864.6700000000001,0
tw91epryD28_1264-1925,631,1,627.0,344.0,244.0,313.0,inside_visible,732.71,866.525,1
tw91epryD28_1264-1925,631,2,1061.0,19.0,364.0,409.1304347826087,inside_visible,730.0924062500001,864.6364687500001,0
tw91epryD28_1264-1925,632,1,627.0,344.0,244.0,313.33333333333337,inside_visible,729.6585,866.5319999999999,1
tw91epryD28_1264-1925,632,2,1061.0,19.0,364.0,409.3478260869565,inside_visible,730.1018125,864.6029375,0
tw91epryD28_1264-1925,633,1,627.0,344.0,244.0,313.66666666666663,inside_visible,726.607,866.539,1
tw91epryD28_1264-1925,633,2,1061.0,19.0,364.0,409.5652173913044,inside_visible,730.11121875,864.56940625,0
tw91epryD28_1264-1925,634,1,627.0,344.0,244.0,314.0,inside_visible,726.4274761904761,866.4749047619048,1
tw91epryD28_1264-1925,634,2,1061.0,19.0,364.0,409.7826086956522,inside_visible,730.120625,864.535875,0
tw91epryD28_1264-1925,635,1,627.0,344.0,244.0,314.33333333333337,inside_visible,726.2479523809524,866.4108095238095,1
tw91epryD28_1264-1925,635,2,1061.0,19.0,364.0,410.0,inside_visible,730.13003125,864.50234375,0
tw91epryD28_1264-1925,636,1,627.0,344.0,244.0,314.66666666666663,inside_visible,726.0684285714285,866.3467142857143,1
tw91epryD28_1264-1925,636,2,1061.388888888889,19.444444444444443,363.66666666666674,409.8333333333333,inside_visible,730.1394375,864.4688125,0
tw91epryD28_1264-1925,637,1,627.0,344.0,244.0,315.0,inside_visible,725.8889047619048,866.282619047619,1
tw91epryD28_1264-1925,637,2,1061.7777777777778,19.88888888888889,363.33333333333326,409.6666666666666,inside_visible,730.14884375,864.43528125,0
tw91epryD28_1264-1925,638,1,627.0,344.0,244.0,315.33333333333337,inside_visible,725.7093809523809,866.2185238095238,1
tw91epryD28_1264-1925,638,2,1062.1666666666667,20.33333333333333,363.0,409.5,inside_visible,730.1582500000001,864.40175,0
tw91epryD28_1264-1925,639,1,627.0,344.0,244.0,315.66666666666663,inside_visible,725.5298571428572,866.1544285714285,1
tw91epryD28_1264-1925,639,2,1062.5555555555557,20.77777777777778,362.6666666666665,409.3333333333333,inside_visible,730.16765625,864.36821875,0
tw91epryD28_1264-1925,640,1,627.0,344.0,244.0,316.0,inside_visible,725.3503333333333,866.0903333333333,1
tw91epryD28_1264-1925,640,2,1062.9444444444443,21.22222222222222,362.3333333333335,409.1666666666667,inside_visible,730.1770625,864.3346875,0
tw91epryD28_1264-1925,641,1,628.25,347.25,244.0,316.0,inside_visible,725.1708095238095,866.0262380952381,1
tw91epryD28_1264-1925,641,2,1063.3333333333333,21.666666666666668,362.0,409.0,inside_visible,730.18646875,864.30115625,0
tw91epryD28_1264-1925,642,1,629.5,350.5,244.0,316.0,inside_visible,724.9912857142857,865.9621428571428,1
tw91epryD28_1264-1925,642,2,1063.7222222222222,22.11111111111111,361.66666666666674,408.83333333333337,inside_visible,730.195875,864.267625,0
tw91epryD28_1264-1925,643,1,630.75,353.75,244.0,316.0,inside_visible,724.8117619047619,865.8980476190476,1
tw91epryD28_1264-1925,643,2,1064.111111111111,22.55555555555556,361.33333333333326,408.6666666666667,inside_visible,730.20528125,864.23409375,0
tw91epryD28_1264-1925,644,1,632.0,357.0,244.0,316.0,inside_visible,724.6322380952381,865.8339523809524,1
tw91epryD28_1264-1925,644,2,1064.5,23.0,361.0,408.5,inside_visible,730.2146875,864.2005625,0
tw91epryD28_1264-1925,645,1,632.0,357.47058823529414,244.0,316.0,inside_visible,724.4527142857143,865.7698571428572,1
tw91epryD28_1264-1925,645,2,1064.888888888889,23.444444444444443,360.66666666666674,408.3333333333333,inside_visible,730.2240937500001,864.16703125,0
tw91epryD28_1264-1925,646,1,632.0,357.94117647058823,244.0,316.00000000000006,inside_visible,724.2731904761905,865.7057619047619,1
tw91epryD28_1264-1925,646,2,1065.2777777777778,23.88888888888889,360.33333333333326,408.1666666666666,inside_visible,730.2335,864.1335,0
tw91epryD28_1264-1925,647,1,632.0,358.4117647058824,244.0,315.99999999999994,inside_visible,724.0936666666666,865.6416666666667,1
tw91epryD28_1264-1925,647,2,1065.6666666666667,24.33333333333333,360.0,408.0,inside_visible,730.24290625,864.09996875,0
tw91epryD28_1264-1925,648,1,632.0,358.88235294117646,244.0,316.0,inside_visible,723.9141428571428,865.5775714285714,1
tw91epryD28_1264-1925,648,2,1066.0555555555557,24.77777777777778,359.6666666666665,407.8333333333333,inside_visible,730.2523125,864.0664375,0
tw91epryD28_1264-1925,649,1,632.0,359.3529411764706,244.0,316.0,inside_visible,723.734619047619,865.5134761904761,1
tw91epryD28_1264-1925,649,2,1066.4444444444443,25.22222222222222,359.3333333333335,407.6666666666667,inside_visible,730.26171875,864.03290625,0
tw91epryD28_1264-1925,650,1,632.0,359.8235294117647,244.0,316.00000000000006,inside_visible,723.5550952380952,865.4493809523809,1
tw91epryD28_1264-1925,650,2,1066.8333333333333,25.666666666666668,359.0,407.5,inside_visible,730.271125,863.999375,0
tw91epryD28_1264-1925,651,1,632.0,360.2941176470589,244.0,315.99999999999994,inside_visible,723.3755714285714,865.3852857142857,1
tw91epryD28_1264-1925,651,2,1067.2222222222222,26.11111111111111,358.66666666666674,407.33333333333337,inside_visible,730.28053125,863.96584375,0
tw91epryD28_1264-1925,652,1,632.0,360.7647058823529,244.0,316.0,inside_visible,723.1960476190476,865.3211904761905,1
tw91epryD28_1264-1925,652,2,1067.611111111111,26.55555555555556,358.33333333333326,407.1666666666667,inside_visible,730.2899375000001,863.9323125,0
tw91epryD28_1264-1925,653,1,632.0,361.2352941176471,244.0,316.0,inside_visible,723.0165238095238,865.2570952380952,1
tw91epryD28_1264-1925,653,2,1068.0,27.0,358.0,407.0,inside_visible,730.29934375,863.89878125,0
tw91epryD28_1264-1925,654,1,632.0,361.7058823529412,244.0,316.00000000000006,inside_visible,722.837,865.193,1
tw91epryD28_1264-1925,654,2,1068.0,27.0,358.0,407.0,inside_visible,730.30875,863.86525,0
tw91epryD28_1264-1925,655,1,632.0,362.1764705882353,244.0,315.99999999999994,inside_visible,722.837,865.193,1
tw91epryD28_1264-1925,655,2,1068.0,27.0,358.0,407.0,inside_visible,730.31815625,863.8317187499999,0
tw91epryD28_1264-1925,656,1,632.0,362.6470588235294,244.0,316.0,inside_visible,722.837,865.193,1
tw91epryD28_1264-1925,656,2,1068.0,27.0,358.0,407.0,inside_visible,730.3275625,863.7981875,0
tw91epryD28_1264-1925,657,1,632.0,363.11764705882354,244.0,316.0,inside_visible,722.837,865.193,1
tw91epryD28_1264-1925,657,2,1068.0,27.0,358.0,407.0,inside_visible,730.33696875,863.76465625,0
tw91epryD28_1264-1925,658,1,632.0,363.5882352941176,244.0,316.00000000000006,inside_visible,722.837,865.193,1
tw91epryD28_1264-1925,658,2,1068.0,27.0,358.0,407.0,inside_visible,730.346375,863.731125,0
tw91epryD28_1264-1925,659,1,632.0,364.05882352941177,244.0,315.99999999999994,inside_visible,722.837,865.193,1
tw91epryD28_1264-1925,659,2,1068.0,27.0,358.0,407.0,inside_visible,730.3557812500001,863.69759375,0
tw91epryD28_1264-1925,660,1,632.0,364.52941176470586,244.0,316.0,inside_visible,722.837,865.193,1
tw91epryD28_1264-1925,660,2,1068.0,27.0,358.0,407.0,inside_visible,730.3651875,863.6640625,0
tw91epryD28_1264-1925,661,1,632.0,365.0,244.0,316.0,inside_visible,722.837,865.193,1
tw91epryD28_1264-1925,661,2,1068.0,27.0,358.0,407.0,inside_visible,730.37459375,863.63053125,0
tw91epryD28_1264-1925,662,1,633.0,355.0,240.0,310.0,inside_visible,722.837,865.193,1
tw91epryD28_1264-1925,662,2,1068.0,27.0,358.0,407.0,inside_visible,730.384,863.597,0
