clip,frame,person_id,bbox_x,bbox_y,bbox_width,bbox_height,gaze_class,gaze_x,gaze_y,is_child
zUdMBtK2UVE_36737-37596,1,1,1130.0,331.0,143.0,167.0,inside_visible,1180.839,666.502,1
zUdMBtK2UVE_36737-37596,1,2,701.0,0.0,202.0,188.0,inside_visible,1152.788,669.125,1
zUdMBtK2UVE_36737-37596,2,1,1132.6666666666667,331.0,143.0,167.0,inside_visible,1179.8535,666.4053333333333,1
zUdMBtK2UVE_36737-37596,2,2,706.5,0.0,199.5,188.0,inside_visible,1152.5213333333334,669.125,1
zUdMBtK2UVE_36737-37596,3,1,1135.3333333333333,331.0,143.0,167.0,inside_visible,1178.868,666.3086666666667,1
zUdMBtK2UVE_36737-37596,3,2,712.0,0.0,197.0,188.0,inside_visible,1152.2546666666667,669.125,1
zUdMBtK2UVE_36737-37596,4,1,1138.0,331.0,143.0,167.0,inside_visible,1177.8825,666.212,1
zUdMBtK2UVE_36737-37596,4,2,717.5,0.0,197.0,188.0,inside_visible,1151.988,669.125,1
zUdMBtK2UVE_36737-37596,5,1,1140.2,331.6,143.0,167.0,inside_visible,1176.897,666.1153333333333,1
zUdMBtK2UVE_36737-37596,5,2,723.0,0.0,197.0,188.0,inside_visible,1151.7215,671.4585,1
zUdMBtK2UVE_36737-37596,6,1,1142.4,332.2,143.0,167.0,inside_visible,1175.9115,666.0186666666667,1
zUdMBtK2UVE_36737-37596,6,2,727.75,0.0,197.0,188.0,inside_visible,1151.455,673.792,1
zUdMBtK2UVE_36737-37596,7,1,1144.6,332.8,143.0,167.0,inside_visible,1174.926,665.922,1
zUdMBtK2UVE_36737-37596,7,2,732.5,0.0,197.0,188.0,inside_visible,1152.836,670.568,1
zUdMBtK2UVE_36737-37596,8,1,1146.8,333.4,143.0,167.0,inside_visible,1174.61125,664.03075,1
zUdMBtK2UVE_36737-37596,8,2,737.25,0.0,197.0,188.0,inside_visible,1148.836,667.235,1
zUdMBtK2UVE_36737-37596,9,1,1149.0,334.0,143.0,167.0,inside_visible,1174.2965,662.1395,1
zUdMBtK2UVE_36737-37596,9,2,742.0,0.0,197.0,188.0,inside_visible,1136.836,597.235,1
zUdMBtK2UVE_36737-37596,10,1,1155.5,336.5,143.0,167.0,inside_visible,1173.98175,660.24825,1
zUdMBtK2UVE_36737-37596,10,2,746.0,1.5,197.0,188.0,inside_visible,1129.537,619.44,1
zUdMBtK2UVE_36737-37596,11,1,1162.0,339.0,143.0,167.0,inside_visible,1173.667,658.357,1
zUdMBtK2UVE_36737-37596,11,2,750.0,3.0,197.0,188.0,inside_visible,1131.7387142857144,618.4571428571429,1
zUdMBtK2UVE_36737-37596,12,1,1162.571428571429,339.0,143.0,167.0,inside_visible,1161.685,628.132,1
zUdMBtK2UVE_36737-37596,12,2,769.0,3.0,197.0,188.0,inside_visible,1133.9404285714286,617.4742857142858,1
zUdMBtK2UVE_36737-37596,13,1,1163.142857142857,339.0,143.0,167.0,inside_visible,1161.4812,625.0852,1
zUdMBtK2UVE_36737-37596,13,2,773.0,3.0,197.0,188.0,inside_visible,1136.142142857143,616.4914285714286,1
zUdMBtK2UVE_36737-37596,14,1,1163.7142857142858,339.0,143.0,167.0,inside_visible,1161.2774,622.0384,1
zUdMBtK2UVE_36737-37596,14,2,777.0,3.0,197.0,188.0,inside_visible,1138.3438571428571,615.5085714285714,1
zUdMBtK2UVE_36737-37596,15,1,1164.2857142857142,339.0,143.0,167.0,inside_visible,1161.0736,618.9916,1
zUdMBtK2UVE_36737-37596,15,2,793.0,0.0,197.0,207.0,inside_visible,1140.5455714285715,614.5257142857142,1
zUdMBtK2UVE_36737-37596,16,1,1164.857142857143,339.0,143.0,167.0,inside_visible,1160.8698,615.9448,1
zUdMBtK2UVE_36737-37596,16,2,809.5,0.0,197.0,216.5,inside_visible,1142.7472857142857,613.5428571428571,1
zUdMBtK2UVE_36737-37596,17,1,1165.428571428571,339.0,143.0,167.0,inside_visible,1160.666,612.898,1
zUdMBtK2UVE_36737-37596,17,2,826.0,0.0,197.0,226.0,inside_visible,1144.949,612.56,1
zUdMBtK2UVE_36737-37596,18,1,1166.0,339.0,143.0,167.0,inside_visible,1166.151,611.9843333333333,1
zUdMBtK2UVE_36737-37596,18,2,837.0,0.0,197.0,237.0,inside_visible,1151.1713333333337,623.2266666666666,1
zUdMBtK2UVE_36737-37596,19,1,1166.571428571429,339.0,143.0,167.0,inside_visible,1171.636,611.0706666666667,1
zUdMBtK2UVE_36737-37596,19,2,850.0,16.0,197.0,237.0,inside_visible,1157.3936666666666,633.8933333333333,1
zUdMBtK2UVE_36737-37596,20,1,1167.142857142857,339.0,143.0,167.0,inside_visible,1177.121,610.157,1
zUdMBtK2UVE_36737-37596,20,2,858.0,29.0,197.0,237.0,inside_visible,1163.616,644.56,1
zUdMBtK2UVE_36737-37596,21,1,1167.7142857142858,339.0,143.0,167.0,inside_visible,1124.718,614.132,1
zUdMBtK2UVE_36737-37596,21,2,861.0,45.0,197.0,237.0,inside_visible,1152.2825,647.2265,1
zUdMBtK2UVE_36737-37596,22,1,1168.2857142857142,339.0,143.0,167.0,inside_visible,1128.314,615.44,1
zUdMBtK2UVE_36737-37596,22,2,866.0,69.0,197.0,229.0,inside_visible,1140.949,649.893,1
zUdMBtK2UVE_36737-37596,23,1,1168.857142857143,339.0,143.0,167.0,inside_visible,1129.91,612.082,1
zUdMBtK2UVE_36737-37596,23,2,871.0,82.0,197.0,229.0,inside_visible,1136.4156,648.293,1
zUdMBtK2UVE_36737-37596,24,1,1169.428571428571,339.0,143.0,167.0,inside_visible,1135.506,614.502,1
zUdMBtK2UVE_36737-37596,24,2,868.0,98.0,197.0,216.0,inside_visible,1131.8822,646.693,1
zUdMBtK2UVE_36737-37596,25,1,1170.0,339.0,143.0,167.0,inside_visible,1142.573,616.568,1
zUdMBtK2UVE_36737-37596,25,2,872.0,102.0,197.0,221.5,inside_visible,1127.3488,645.0930000000001,1
zUdMBtK2UVE_36737-37596,26,1,1169.3333333333333,339.25,143.0,167.0,inside_visible,1130.973,631.968,1
zUdMBtK2UVE_36737-37596,26,2,876.0,106.0,197.0,227.0,inside_visible,1122.8154,643.493,1
zUdMBtK2UVE_36737-37596,27,1,1168.6666666666667,339.5,143.0,167.0,inside_visible,1124.706,630.701,1
zUdMBtK2UVE_36737-37596,27,2,874.0,106.75,197.0,227.0,inside_visible,1118.282,641.893,1
zUdMBtK2UVE_36737-37596,28,1,1168.0,339.75,143.0,167.0,inside_visible,1126.439,630.768,1
zUdMBtK2UVE_36737-37596,28,2,872.0,107.5,197.0,227.0,inside_visible,1118.282,642.8708,1
zUdMBtK2UVE_36737-37596,29,1,1167.3333333333333,340.0,143.0,167.0,inside_visible,1124.839,631.835,1
zUdMBtK2UVE_36737-37596,29,2,870.0,108.25,197.0,227.0,inside_visible,1118.282,643.8486,1
zUdMBtK2UVE_36737-37596,30,1,1166.6666666666667,340.25,143.0,167.0,inside_visible,1130.173,631.169,1
zUdMBtK2UVE_36737-37596,30,2,868.0,109.0,197.0,227.0,inside_visible,1118.282,644.8264,1
zUdMBtK2UVE_36737-37596,31,1,1166.0,340.5,143.0,167.0,inside_visible,1136.839,634.502,1
zUdMBtK2UVE_36737-37596,31,2,864.3333333333334,114.33333333333331,195.33333333333337,229.66666666666669,inside_visible,1118.282,645.8042,1
zUdMBtK2UVE_36737-37596,32,1,1165.3333333333333,340.75,143.0,167.0,inside_visible,1135.506,635.835,1
zUdMBtK2UVE_36737-37596,32,2,860.6666666666666,119.66666666666669,193.66666666666663,232.3333333333333,inside_visible,1118.282,646.782,1
zUdMBtK2UVE_36737-37596,33,1,1164.6666666666667,341.0,143.0,167.0,inside_visible,1134.4264,638.2302000000001,1
zUdMBtK2UVE_36737-37596,33,2,857.0,125.0,192.0,235.0,inside_visible,1118.282,647.7598,1
zUdMBtK2UVE_36737-37596,34,1,1164.0,341.25,143.0,167.0,inside_visible,1133.3468,640.6254,1
zUdMBtK2UVE_36737-37596,34,2,854.5,130.5,192.0,229.5,inside_visible,1118.282,648.7376,1
zUdMBtK2UVE_36737-37596,35,1,1163.3333333333333,341.5,143.0,167.0,inside_visible,1132.2672,643.0206000000001,1
zUdMBtK2UVE_36737-37596,35,2,852.0,136.0,192.0,224.0,inside_visible,1118.282,649.7153999999999,1
zUdMBtK2UVE_36737-37596,36,1,1162.6666666666667,341.75,143.0,167.0,inside_visible,1131.1876,645.4158,1
zUdMBtK2UVE_36737-37596,36,2,852.0,147.0,192.0,224.0,inside_visible,1118.282,650.6931999999999,1
zUdMBtK2UVE_36737-37596,37,1,1162.0,342.0,143.0,167.0,inside_visible,1130.108,647.811,1
zUdMBtK2UVE_36737-37596,37,2,838.0,155.0,203.0,213.0,inside_visible,1118.282,651.6709999999999,1
zUdMBtK2UVE_36737-37596,38,1,1161.5,343.8333333333333,143.0,167.0,inside_visible,1129.4415,654.4775,1
zUdMBtK2UVE_36737-37596,38,2,838.0,163.0,195.0,213.0,inside_visible,1118.282,652.6487999999999,1
zUdMBtK2UVE_36737-37596,39,1,1161.0,345.6666666666667,143.0,166.99999999999994,inside_visible,1128.775,661.144,1
zUdMBtK2UVE_36737-37596,39,2,835.3333333333334,165.66666666666666,194.9999999999999,213.00000000000003,inside_visible,1118.282,653.6265999999999,1
zUdMBtK2UVE_36737-37596,40,1,1160.5,347.5,143.0,167.0,inside_visible,1128.3306666666667,664.255,1
zUdMBtK2UVE_36737-37596,40,2,832.6666666666666,168.33333333333334,195.0000000000001,213.0,inside_visible,1118.282,654.6043999999999,1
zUdMBtK2UVE_36737-37596,41,1,1160.0,349.3333333333333,143.0,167.00000000000006,inside_visible,1127.8863333333334,667.366,1
zUdMBtK2UVE_36737-37596,41,2,830.0,171.0,195.0,213.0,inside_visible,1118.282,655.5822,1
zUdMBtK2UVE_36737-37596,42,1,1159.5,351.1666666666667,143.0,166.99999999999994,inside_visible,1127.442,670.477,1
zUdMBtK2UVE_36737-37596,42,2,826.0,173.5,195.0,213.0,inside_visible,1118.282,656.56,1
zUdMBtK2UVE_36737-37596,43,1,1159.0,353.0,143.0,167.0,inside_visible,1134.109,671.143,1
zUdMBtK2UVE_36737-37596,43,2,822.0,176.0,195.0,213.0,inside_visible,1210.282,444.56,1
zUdMBtK2UVE_36737-37596,44,1,1163.0,353.0,143.0,167.0,inside_visible,1167.442,645.143,1
zUdMBtK2UVE_36737-37596,44,2,819.3333333333334,176.0,195.0,213.0,inside_visible,1214.5043333333333,432.7823333333333,1
zUdMBtK2UVE_36737-37596,45,1,1167.0,353.0,143.0,167.0,inside_visible,1164.29,644.7303333333333,1
zUdMBtK2UVE_36737-37596,45,2,816.6666666666666,176.0,195.0,213.0,inside_visible,1218.7266666666667,421.00466666666665,1
zUdMBtK2UVE_36737-37596,46,1,1165.6666666666667,351.6666666666667,143.0,166.99999999999994,inside_visible,1161.138,644.3176666666667,1
zUdMBtK2UVE_36737-37596,46,2,814.0,176.0,195.0,213.0,inside_visible,1222.949,409.227,1
zUdMBtK2UVE_36737-37596,47,1,1164.3333333333333,350.3333333333333,143.0,167.00000000000006,inside_visible,1157.986,643.905,1
zUdMBtK2UVE_36737-37596,47,2,816.1666666666666,176.0,195.0,213.0,inside_visible,1220.049,413.077,1
zUdMBtK2UVE_36737-37596,48,1,1163.0,349.0,143.0,167.0,inside_visible,1153.986,643.905,1
zUdMBtK2UVE_36737-37596,48,2,818.3333333333334,176.0,195.0,213.0,inside_visible,1217.149,416.927,1
zUdMBtK2UVE_36737-37596,49,1,1161.6666666666667,347.6666666666667,143.0,166.99999999999994,inside_visible,1149.986,643.905,1
zUdMBtK2UVE_36737-37596,49,2,820.5,176.0,195.0,213.0,inside_visible,1214.249,420.777,1
zUdMBtK2UVE_36737-37596,50,1,1160.3333333333333,346.3333333333333,143.0,167.00000000000006,inside_visible,1139.3193333333334,638.5716666666666,1
zUdMBtK2UVE_36737-37596,50,2,822.6666666666666,176.0,195.0,213.0,inside_visible,1211.349,424.627,1
zUdMBtK2UVE_36737-37596,51,1,1159.0,345.0,143.0,167.0,inside_visible,1128.6526666666668,633.2383333333333,1
zUdMBtK2UVE_36737-37596,51,2,824.8333333333334,176.0,195.0,213.0,inside_visible,1116.949,623.227,1
zUdMBtK2UVE_36737-37596,52,1,1159.0,345.0,142.16666666666674,167.5,inside_visible,1117.986,627.905,1
zUdMBtK2UVE_36737-37596,52,2,827.0,176.0,195.0,213.0,inside_visible,1108.949,617.893,1
zUdMBtK2UVE_36737-37596,53,1,1159.0,345.0,141.33333333333326,168.0,inside_visible,1111.32,622.571,1
zUdMBtK2UVE_36737-37596,53,2,825.5,176.0,195.0,213.0,inside_visible,1105.28225,616.55975,1
zUdMBtK2UVE_36737-37596,54,1,1159.0,345.0,140.5,168.5,inside_visible,1101.9865,623.238,1
zUdMBtK2UVE_36737-37596,54,2,824.0,176.0,195.0,213.0,inside_visible,1101.6155,615.2265,1
zUdMBtK2UVE_36737-37596,55,1,1159.0,345.0,139.66666666666674,169.0,inside_visible,1092.653,623.905,1
zUdMBtK2UVE_36737-37596,55,2,820.0,176.0,195.0,213.0,inside_visible,1097.94875,613.89325,1
zUdMBtK2UVE_36737-37596,56,1,1159.0,345.0,138.83333333333326,169.5,inside_visible,1086.8983333333333,621.2366666666667,1
zUdMBtK2UVE_36737-37596,56,2,816.0,176.0,195.0,213.0,inside_visible,1094.282,612.56,1
zUdMBtK2UVE_36737-37596,57,1,1159.0,345.0,138.0,170.0,inside_visible,1081.1436666666666,618.5683333333333,1
zUdMBtK2UVE_36737-37596,57,2,814.5,180.0,195.0,213.0,inside_visible,1084.949,611.227,1
zUdMBtK2UVE_36737-37596,58,1,1154.6666666666667,343.3333333333333,138.0,169.00000000000006,inside_visible,1075.389,615.9,1
zUdMBtK2UVE_36737-37596,58,2,813.0,184.0,195.0,213.0,inside_visible,1081.949,611.227,1
zUdMBtK2UVE_36737-37596,59,1,1150.3333333333333,341.6666666666667,138.0,168.0,inside_visible,1074.643882352941,615.1941176470588,1
zUdMBtK2UVE_36737-37596,59,2,805.0,182.5,195.0,213.0,inside_visible,1078.949,611.227,1
zUdMBtK2UVE_36737-37596,60,1,1146.0,340.0,138.0,167.0,inside_visible,1073.8987647058825,614.4882352941177,1
zUdMBtK2UVE_36737-37596,60,2,797.0,181.0,195.0,213.0,inside_visible,1075.949,611.227,1
zUdMBtK2UVE_36737-37596,61,1,1140.5,333.5,138.0,167.0,inside_visible,1073.1536470588237,613.7823529411764,1
zUdMBtK2UVE_36737-37596,61,2,793.3333333333334,183.66666666666663,195.0,213.00000000000003,inside_visible,1072.949,611.227,1
zUdMBtK2UVE_36737-37596,62,1,1135.0,327.0,138.0,167.0,inside_visible,1072.408529411765,613.0764705882352,1
zUdMBtK2UVE_36737-37596,62,2,789.6666666666666,186.33333333333331,195.0,213.0,inside_visible,1069.949,611.227,1
zUdMBtK2UVE_36737-37596,63,1,1133.0,328.0,136.33333333333326,167.0,inside_visible,1071.663411764706,612.3705882352941,1
zUdMBtK2UVE_36737-37596,63,2,786.0,189.0,195.0,213.0,inside_visible,1066.949,611.227,1
zUdMBtK2UVE_36737-37596,64,1,1131.0,329.0,134.66666666666674,167.0,inside_visible,1070.918294117647,611.6647058823529,1
zUdMBtK2UVE_36737-37596,64,2,770.0,189.0,195.0,213.0,inside_visible,1063.949,611.227,1
zUdMBtK2UVE_36737-37596,65,1,1129.0,330.0,133.0,167.0,inside_visible,1070.1731764705885,610.9588235294117,1
zUdMBtK2UVE_36737-37596,65,2,770.0,176.0,195.0,226.0,inside_visible,1060.949,611.227,1
zUdMBtK2UVE_36737-37596,66,1,1123.5,330.0,133.0,167.0,inside_visible,1069.4280588235297,610.2529411764706,1
zUdMBtK2UVE_36737-37596,66,2,764.5,176.0,195.0,226.0,inside_visible,1059.3193333333334,609.4492222222221,1
zUdMBtK2UVE_36737-37596,67,1,1118.0,330.0,133.0,167.0,inside_visible,1068.6829411764704,609.5470588235294,1
zUdMBtK2UVE_36737-37596,67,2,759.0,176.0,195.0,226.0,inside_visible,1057.6896666666669,607.6714444444444,1
zUdMBtK2UVE_36737-37596,68,1,1116.4,330.0,134.5999999999999,165.39999999999998,inside_visible,1067.9378235294116,608.8411764705883,1
zUdMBtK2UVE_36737-37596,68,2,753.5,176.0,195.0,226.0,inside_visible,1056.06,605.8936666666666,1
zUdMBtK2UVE_36737-37596,69,1,1114.8,330.0,136.20000000000005,163.8,inside_visible,1067.1927058823528,608.135294117647,1
zUdMBtK2UVE_36737-37596,69,2,748.0,176.0,195.0,226.0,inside_visible,1054.4303333333332,604.1158888888889,1
zUdMBtK2UVE_36737-37596,70,1,1113.2,330.0,137.79999999999995,162.2,inside_visible,1066.447588235294,607.4294117647058,1
zUdMBtK2UVE_36737-37596,70,2,750.6,177.0,193.4,224.4,inside_visible,1052.8006666666668,602.3381111111111,1
zUdMBtK2UVE_36737-37596,71,1,1111.6,330.0,139.4000000000001,160.60000000000002,inside_visible,1065.7024705882352,606.7235294117647,1
zUdMBtK2UVE_36737-37596,71,2,753.2,178.0,191.79999999999995,222.8,inside_visible,1051.171,600.5603333333333,1
zUdMBtK2UVE_36737-37596,72,1,1110.0,330.0,141.0,159.0,inside_visible,1064.9573529411764,606.0176470588235,1
zUdMBtK2UVE_36737-37596,72,2,755.8,179.0,190.20000000000005,221.2,inside_visible,1049.5413333333331,598.7825555555555,1
zUdMBtK2UVE_36737-37596,73,1,1107.3333333333333,328.3333333333333,141.0,159.0,inside_visible,1064.2122352941176,605.3117647058823,1
zUdMBtK2UVE_36737-37596,73,2,758.4,180.0,188.6,219.6,inside_visible,1047.9116666666666,597.0047777777778,1
zUdMBtK2UVE_36737-37596,74,1,1104.6666666666667,326.6666666666667,141.0,159.0,inside_visible,1063.4671176470588,604.6058823529412,1
zUdMBtK2UVE_36737-37596,74,2,761.0,181.0,187.0,218.0,inside_visible,1046.282,595.227,1
zUdMBtK2UVE_36737-37596,75,1,1102.0,325.0,141.0,159.0,inside_visible,1062.722,603.9,1
zUdMBtK2UVE_36737-37596,75,2,765.0,179.0,187.0,218.0,inside_visible,1045.242,595.6445576923077,1
zUdMBtK2UVE_36737-37596,76,1,1101.4347826086955,325.2173913043478,141.0,159.0,inside_visible,1054.4996666666666,601.789,1
zUdMBtK2UVE_36737-37596,76,2,769.0,177.0,187.0,218.0,inside_visible,1044.202,596.0621153846154,1
zUdMBtK2UVE_36737-37596,77,1,1100.8695652173913,325.4347826086956,141.0,159.0,inside_visible,1046.2773333333334,599.678,1
zUdMBtK2UVE_36737-37596,77,2,773.0,175.0,187.0,218.0,inside_visible,1043.162,596.4796730769231,1
zUdMBtK2UVE_36737-37596,78,1,1100.304347826087,325.6521739130435,141.0,159.0,inside_visible,1038.055,597.567,1
zUdMBtK2UVE_36737-37596,78,2,777.0,173.0,187.0,218.0,inside_visible,1042.1219999999998,596.8972307692308,1
zUdMBtK2UVE_36737-37596,79,1,1099.7391304347825,325.8695652173913,141.0,159.0,inside_visible,1020.944,620.345,1
zUdMBtK2UVE_36737-37596,79,2,781.3333333333334,173.0,187.0,218.0,inside_visible,1041.082,597.3147884615385,1
zUdMBtK2UVE_36737-37596,80,1,1099.1739130434785,326.0869565217391,141.0,159.0,inside_visible,1017.833,619.123,1
zUdMBtK2UVE_36737-37596,80,2,785.6666666666666,173.0,187.0,218.0,inside_visible,1040.042,597.7323461538462,1
zUdMBtK2UVE_36737-37596,81,1,1098.608695652174,326.30434782608694,141.0,159.0,inside_visible,1021.388,619.9,1
zUdMBtK2UVE_36737-37596,81,2,790.0,173.0,187.0,218.0,inside_visible,1039.002,598.1499038461538,1
zUdMBtK2UVE_36737-37596,82,1,1098.0434782608695,326.5217391304348,141.0,159.0,inside_visible,1020.05475,618.06675,1
zUdMBtK2UVE_36737-37596,82,2,789.5,171.5,187.0,224.0,inside_visible,1037.962,598.5674615384615,1
zUdMBtK2UVE_36737-37596,83,1,1097.4782608695652,326.7391304347826,141.0,159.0,inside_visible,1018.7215,616.2335,1
zUdMBtK2UVE_36737-37596,83,2,789.0,170.0,187.0,230.0,inside_visible,1036.922,598.9850192307692,1
zUdMBtK2UVE_36737-37596,84,1,1096.9130434782608,326.95652173913044,141.0,159.0,inside_visible,1017.38825,614.40025,1
zUdMBtK2UVE_36737-37596,84,2,788.5,168.75,187.0,227.0,inside_visible,1035.8819999999998,599.4025769230769,1
zUdMBtK2UVE_36737-37596,85,1,1096.3478260869565,327.17391304347825,141.0,159.0,inside_visible,1016.055,612.567,1
zUdMBtK2UVE_36737-37596,85,2,788.0,167.5,187.0,224.0,inside_uncertain,1034.842,599.8201346153846,1
zUdMBtK2UVE_36737-37596,86,1,1095.7826086956522,327.39130434782606,141.0,159.0,inside_visible,999.721,647.234,1
zUdMBtK2UVE_36737-37596,86,2,787.5,166.25,187.0,221.0,inside_uncertain,1033.802,600.2376923076923,1
zUdMBtK2UVE_36737-37596,87,1,1095.2173913043478,327.60869565217394,141.0,159.0,inside_visible,999.388,648.567,1
zUdMBtK2UVE_36737-37596,87,2,787.0,165.0,187.0,218.0,inside_uncertain,1032.762,600.65525,1
zUdMBtK2UVE_36737-37596,88,1,1094.6521739130435,327.8260869565217,141.0,159.0,inside_visible,999.22175,647.232,1
zUdMBtK2UVE_36737-37596,88,2,781.6666666666666,165.66666666666666,187.0,221.33333333333331,inside_uncertain,1031.722,601.0728076923077,1
zUdMBtK2UVE_36737-37596,89,1,1094.0869565217392,328.0434782608696,141.0,159.0,inside_visible,999.0555,645.8969999999999,1
zUdMBtK2UVE_36737-37596,89,2,776.3333333333334,166.33333333333334,187.0,224.66666666666663,inside_uncertain,1030.682,601.4903653846154,1
zUdMBtK2UVE_36737-37596,90,1,1093.5217391304348,328.2608695652174,141.0,159.0,inside_visible,998.88925,644.562,1
zUdMBtK2UVE_36737-37596,90,2,771.0,167.0,187.0,228.0,inside_uncertain,1029.642,601.9079230769231,1
zUdMBtK2UVE_36737-37596,91,1,1092.9565217391305,328.4782608695652,141.0,159.0,inside_visible,998.723,643.227,1
zUdMBtK2UVE_36737-37596,91,2,765.5,167.5,187.0,223.0,inside_uncertain,1028.602,602.3254807692308,1
zUdMBtK2UVE_36737-37596,92,1,1092.391304347826,328.69565217391306,141.0,159.0,inside_visible,999.2785,641.3381666666667,1
zUdMBtK2UVE_36737-37596,92,2,760.0,168.0,187.0,218.0,inside_uncertain,1027.562,602.7430384615385,1
zUdMBtK2UVE_36737-37596,93,1,1091.8260869565215,328.9130434782609,141.0,159.0,inside_visible,999.834,639.4493333333334,1
zUdMBtK2UVE_36737-37596,93,2,757.3333333333334,168.22222222222223,187.0,218.0,inside_uncertain,1026.522,603.1605961538462,1
zUdMBtK2UVE_36737-37596,94,1,1091.2608695652175,329.1304347826087,141.0,159.0,inside_visible,1000.3895,637.5605,1
zUdMBtK2UVE_36737-37596,94,2,754.6666666666666,168.44444444444446,187.0,218.0,inside_uncertain,1025.482,603.5781538461539,1
zUdMBtK2UVE_36737-37596,95,1,1090.695652173913,329.3478260869565,141.0,159.0,inside_visible,1000.945,635.6716666666666,1
zUdMBtK2UVE_36737-37596,95,2,752.0,168.66666666666666,187.0,218.00000000000003,inside_uncertain,1024.442,603.9957115384616,1
zUdMBtK2UVE_36737-37596,96,1,1090.1304347826087,329.5652173913044,141.0,159.0,inside_visible,1001.5005,633.7828333333333,1
zUdMBtK2UVE_36737-37596,96,2,749.3333333333334,168.88888888888889,187.0,218.00000000000003,inside_uncertain,1023.402,604.4132692307693,1
zUdMBtK2UVE_36737-37596,97,1,1089.5652173913045,329.7826086956522,141.0,159.0,inside_visible,1002.056,631.894,1
zUdMBtK2UVE_36737-37596,97,2,746.6666666666666,169.11111111111111,187.0,218.0,inside_uncertain,1022.362,604.830826923077,1
zUdMBtK2UVE_36737-37596,98,1,1089.0,330.0,141.0,159.0,inside_visible,1011.167,626.4495,1
zUdMBtK2UVE_36737-37596,98,2,744.0,169.33333333333334,187.0,218.0,inside_uncertain,1021.322,605.2483846153847,1
zUdMBtK2UVE_36737-37596,99,1,1089.3333333333333,330.0,141.0,159.0,inside_visible,1020.278,621.005,1
zUdMBtK2UVE_36737-37596,99,2,741.3333333333334,169.55555555555554,187.0,218.0,inside_uncertain,1020.282,605.6659423076924,1
zUdMBtK2UVE_36737-37596,100,1,1089.6666666666667,330.0,141.0,159.0,inside_visible,1023.389,621.228,1
zUdMBtK2UVE_36737-37596,100,2,738.6666666666666,169.77777777777777,187.0,218.0,inside_uncertain,1019.242,606.0835,1
zUdMBtK2UVE_36737-37596,101,1,1090.0,330.0,141.0,159.0,inside_visible,1086.139,614.994,1
zUdMBtK2UVE_36737-37596,101,2,736.0,170.0,187.0,218.0,inside_uncertain,1018.202,606.5010576923077,1
zUdMBtK2UVE_36737-37596,102,1,1090.3333333333333,330.0,141.0,159.0,inside_visible,1086.889,622.092,1
zUdMBtK2UVE_36737-37596,102,2,736.0,166.6,187.0,218.00000000000003,inside_uncertain,1017.162,606.9186153846154,1
zUdMBtK2UVE_36737-37596,103,1,1090.6666666666667,330.0,141.0,159.0,inside_visible,1086.639,621.857,1
zUdMBtK2UVE_36737-37596,103,2,736.0,163.2,187.0,218.0,inside_uncertain,1016.122,607.336173076923,1
zUdMBtK2UVE_36737-37596,104,1,1091.0,330.0,141.0,159.0,inside_visible,1081.5555,627.5229999999999,1
zUdMBtK2UVE_36737-37596,104,2,736.0,159.8,187.0,218.0,inside_uncertain,1015.082,607.7537307692307,1
zUdMBtK2UVE_36737-37596,105,1,1091.3333333333333,330.0,141.0,159.0,inside_visible,1076.472,633.189,1
zUdMBtK2UVE_36737-37596,105,2,736.0,156.4,187.0,218.0,inside_uncertain,1014.042,608.1712884615384,1
zUdMBtK2UVE_36737-37596,106,1,1091.6666666666667,330.0,141.0,159.0,inside_visible,1063.139,655.856,1
zUdMBtK2UVE_36737-37596,106,2,736.0,153.0,187.0,218.0,inside_uncertain,1013.002,608.5888461538461,1
zUdMBtK2UVE_36737-37596,107,1,1092.0,330.0,141.0,159.0,inside_visible,1193.806,583.189,1
zUdMBtK2UVE_36737-37596,107,2,729.0,150.5,187.0,218.0,inside_uncertain,1011.962,609.0064038461538,1
zUdMBtK2UVE_36737-37596,108,1,1092.8333333333333,330.8333333333333,141.0,159.0,inside_visible,1193.5615,583.7858571428571,1
zUdMBtK2UVE_36737-37596,108,2,722.0,148.0,187.0,218.0,inside_uncertain,1010.922,609.4239615384615,1
zUdMBtK2UVE_36737-37596,109,1,1093.6666666666667,331.6666666666667,141.0,159.0,inside_visible,1193.317,584.3827142857142,1
zUdMBtK2UVE_36737-37596,109,2,713.5,148.5,187.0,218.0,inside_uncertain,1009.882,609.8415192307692,1
zUdMBtK2UVE_36737-37596,110,1,1094.5,332.5,141.0,159.0,inside_visible,1193.0725,584.9795714285714,1
zUdMBtK2UVE_36737-37596,110,2,705.0,149.0,187.0,218.0,inside_uncertain,1008.842,610.2590769230769,1
zUdMBtK2UVE_36737-37596,111,1,1095.3333333333333,333.3333333333333,141.0,159.0,inside_visible,1192.828,585.5764285714286,1
zUdMBtK2UVE_36737-37596,111,2,696.5,149.5,187.0,218.0,inside_uncertain,1007.802,610.6766346153846,1
zUdMBtK2UVE_36737-37596,112,1,1096.1666666666667,334.1666666666667,141.0,159.0,inside_visible,1192.5835,586.1732857142857,1
zUdMBtK2UVE_36737-37596,112,2,688.0,150.0,187.0,218.0,inside_uncertain,1006.762,611.0941923076923,1
zUdMBtK2UVE_36737-37596,113,1,1097.0,335.0,141.0,159.0,inside_visible,1192.339,586.7701428571428,1
zUdMBtK2UVE_36737-37596,113,2,678.5,152.5,187.0,218.0,inside_uncertain,1005.722,611.51175,1
zUdMBtK2UVE_36737-37596,114,1,1096.5,335.0,141.0,159.0,inside_visible,1192.0945000000002,587.367,1
zUdMBtK2UVE_36737-37596,114,2,669.0,155.0,187.0,218.0,inside_uncertain,1004.682,611.9293076923077,1
zUdMBtK2UVE_36737-37596,115,1,1096.0,335.0,141.0,159.0,inside_visible,1191.85,587.9638571428571,1
zUdMBtK2UVE_36737-37596,115,2,655.5,154.0,187.0,218.0,inside_uncertain,1003.642,612.3468653846154,1
zUdMBtK2UVE_36737-37596,116,1,1095.5,335.0,141.0,159.0,inside_visible,1191.6055,588.5607142857142,1
zUdMBtK2UVE_36737-37596,116,2,642.0,153.0,187.0,218.0,inside_uncertain,1002.602,612.7644230769231,1
zUdMBtK2UVE_36737-37596,117,1,1095.0,335.0,141.0,159.0,inside_visible,1191.361,589.1575714285714,1
zUdMBtK2UVE_36737-37596,117,2,627.5,153.0,187.0,218.0,inside_uncertain,1001.562,613.1819807692308,1
zUdMBtK2UVE_36737-37596,118,1,1094.5,335.0,141.0,159.0,inside_visible,1191.1165,589.7544285714285,1
zUdMBtK2UVE_36737-37596,118,2,613.0,153.0,187.0,218.0,inside_uncertain,1000.522,613.5995384615385,1
zUdMBtK2UVE_36737-37596,119,1,1094.0,335.0,141.0,159.0,inside_visible,1190.872,590.3512857142857,1
zUdMBtK2UVE_36737-37596,119,2,608.0,153.0,187.0,218.0,inside_uncertain,999.482,614.0170961538462,1
zUdMBtK2UVE_36737-37596,120,1,1093.5,335.0,141.0,159.0,inside_visible,1190.6275,590.9481428571428,1
zUdMBtK2UVE_36737-37596,120,2,603.0,153.0,187.0,218.0,inside_uncertain,998.442,614.4346538461539,1
zUdMBtK2UVE_36737-37596,121,1,1093.0,335.0,141.0,159.0,inside_visible,1190.383,591.545,1
zUdMBtK2UVE_36737-37596,121,2,596.0,153.0,187.0,218.0,inside_uncertain,997.402,614.8522115384616,1
zUdMBtK2UVE_36737-37596,122,1,1092.5,335.0,141.0,159.0,inside_visible,1025.139,627.856,1
zUdMBtK2UVE_36737-37596,122,2,584.0,153.0,187.0,218.0,inside_uncertain,996.362,615.2697692307693,1
zUdMBtK2UVE_36737-37596,123,1,1092.0,335.0,141.0,159.0,inside_visible,1024.6962727272726,627.0795454545455,1
zUdMBtK2UVE_36737-37596,123,2,574.0,158.0,187.0,218.0,inside_uncertain,995.322,615.687326923077,1
zUdMBtK2UVE_36737-37596,124,1,1091.5,335.0,141.0,159.0,inside_visible,1024.2535454545457,626.3030909090909,1
zUdMBtK2UVE_36737-37596,124,2,577.1666666666666,157.66666666666666,187.0,218.00000000000003,inside_uncertain,994.282,616.1048846153847,1
zUdMBtK2UVE_36737-37596,125,1,1091.0,335.0,141.0,159.0,inside_visible,1023.810818181818,625.5266363636364,1
zUdMBtK2UVE_36737-37596,125,2,580.3333333333334,157.33333333333334,187.0,218.0,inside_uncertain,993.242,616.5224423076924,1
zUdMBtK2UVE_36737-37596,126,1,1090.5,335.0,141.0,159.0,inside_visible,1023.3680909090908,624.7501818181819,1
zUdMBtK2UVE_36737-37596,126,2,583.5,157.0,187.0,218.0,inside_visible,992.202,616.94,1
zUdMBtK2UVE_36737-37596,127,1,1090.0,335.0,141.0,159.0,inside_visible,1022.9253636363636,623.9737272727273,1
zUdMBtK2UVE_36737-37596,127,2,586.6666666666666,156.66666666666666,187.0,218.00000000000003,inside_visible,993.2734285714286,616.6542857142857,1
zUdMBtK2UVE_36737-37596,128,1,1089.5,335.0,141.0,159.0,inside_visible,1022.4826363636364,623.1972727272728,1
zUdMBtK2UVE_36737-37596,128,2,589.8333333333334,156.33333333333334,187.0,218.0,inside_visible,994.3448571428572,616.3685714285715,1
zUdMBtK2UVE_36737-37596,129,1,1089.0,335.0,141.0,159.0,inside_visible,1022.0399090909092,622.4208181818182,1
zUdMBtK2UVE_36737-37596,129,2,593.0,156.0,187.0,218.0,inside_visible,995.4162857142856,616.0828571428572,1
zUdMBtK2UVE_36737-37596,130,1,1086.3333333333333,335.0,141.0,159.0,inside_visible,1021.5971818181818,621.6443636363637,1
zUdMBtK2UVE_36737-37596,130,2,605.0,158.33333333333334,187.0,218.0,inside_visible,996.4877142857144,615.797142857143,1
zUdMBtK2UVE_36737-37596,131,1,1083.6666666666667,335.0,141.0,159.0,inside_visible,1021.1544545454544,620.8679090909092,1
zUdMBtK2UVE_36737-37596,131,2,617.0,160.66666666666666,187.0,218.00000000000003,inside_visible,997.5591428571428,615.5114285714286,1
zUdMBtK2UVE_36737-37596,132,1,1081.0,335.0,141.0,159.0,inside_visible,1020.7117272727272,620.0914545454546,1
zUdMBtK2UVE_36737-37596,132,2,629.0,163.0,187.0,218.0,inside_visible,998.6305714285714,615.2257142857144,1
zUdMBtK2UVE_36737-37596,133,1,1081.0,334.46666666666664,141.0,159.0,inside_visible,1020.269,619.315,1
zUdMBtK2UVE_36737-37596,133,2,636.0,163.0,187.0,218.0,inside_visible,999.702,614.94,1
zUdMBtK2UVE_36737-37596,134,1,1081.0,333.93333333333334,141.0,159.0,inside_visible,1011.158,617.6115,1
zUdMBtK2UVE_36737-37596,134,2,646.0,163.0,187.0,218.0,inside_visible,1000.7734285714286,614.6542857142857,1
zUdMBtK2UVE_36737-37596,135,1,1081.0,333.4,141.0,159.0,inside_visible,1002.047,615.908,1
zUdMBtK2UVE_36737-37596,135,2,670.0,163.0,187.0,218.0,inside_visible,1001.8448571428572,614.3685714285715,1
zUdMBtK2UVE_36737-37596,136,1,1081.0,332.8666666666667,141.0,159.0,inside_visible,1003.2215714285716,615.9185714285715,1
zUdMBtK2UVE_36737-37596,136,2,684.0,163.0,187.0,218.0,inside_visible,1002.9162857142856,614.0828571428572,1
zUdMBtK2UVE_36737-37596,137,1,1081.0,332.3333333333333,141.0,159.0,inside_visible,1004.3961428571428,615.9291428571429,1
zUdMBtK2UVE_36737-37596,137,2,708.0,163.0,187.0,218.0,inside_visible,1003.9877142857144,613.797142857143,1
zUdMBtK2UVE_36737-37596,138,1,1081.0,331.8,141.0,159.0,inside_visible,1005.5707142857144,615.9397142857143,1
zUdMBtK2UVE_36737-37596,138,2,722.0,165.0,187.0,211.0,inside_visible,1005.0591428571428,613.5114285714286,1
zUdMBtK2UVE_36737-37596,139,1,1081.0,331.26666666666665,141.0,159.0,inside_visible,1006.7452857142856,615.9502857142857,1
zUdMBtK2UVE_36737-37596,139,2,722.0,165.0,187.0,201.0,inside_visible,1006.1305714285714,613.2257142857144,1
zUdMBtK2UVE_36737-37596,140,1,1081.0,330.7333333333333,141.0,159.0,inside_visible,1007.9198571428572,615.9608571428571,1
zUdMBtK2UVE_36737-37596,140,2,729.0,163.0,187.0,201.0,inside_visible,1007.202,612.94,1
zUdMBtK2UVE_36737-37596,141,1,1081.0,330.2,141.0,159.0,inside_visible,1009.0944285714286,615.9714285714285,1
zUdMBtK2UVE_36737-37596,141,2,746.0,163.0,177.0,206.0,inside_visible,1007.3505,615.9055000000001,1
zUdMBtK2UVE_36737-37596,142,1,1081.0,329.6666666666667,141.0,159.0,inside_visible,1010.269,615.982,1
zUdMBtK2UVE_36737-37596,142,2,746.0,163.0,177.0,194.0,inside_visible,1007.499,618.871,1
zUdMBtK2UVE_36737-37596,143,1,1081.0,329.1333333333333,141.0,159.0,inside_visible,1008.4913333333334,615.7596666666667,1
zUdMBtK2UVE_36737-37596,143,2,748.5,163.0,177.0,195.0,inside_visible,848.648,561.837,1
zUdMBtK2UVE_36737-37596,144,1,1081.0,328.6,141.0,159.0,inside_visible,1006.7136666666668,615.5373333333333,1
zUdMBtK2UVE_36737-37596,144,2,751.0,163.0,177.0,196.0,inside_visible,855.796,556.802,1
zUdMBtK2UVE_36737-37596,145,1,1081.0,328.06666666666666,141.0,159.0,inside_visible,1004.936,615.315,1
zUdMBtK2UVE_36737-37596,145,2,747.0,163.625,177.0,197.25,inside_visible,856.695,557.767,1
zUdMBtK2UVE_36737-37596,146,1,1081.0,327.53333333333336,141.0,159.0,inside_visible,1000.936,623.982,1
zUdMBtK2UVE_36737-37596,146,2,743.0,164.25,177.0,198.5,inside_visible,855.393,562.333,1
zUdMBtK2UVE_36737-37596,147,1,1081.0,327.0,141.0,159.0,inside_visible,978.936,646.649,1
zUdMBtK2UVE_36737-37596,147,2,739.0,164.875,177.0,199.75,inside_visible,858.091,562.065,1
zUdMBtK2UVE_36737-37596,148,1,1078.3333333333333,326.0,141.0,159.0,inside_visible,948.936,589.982,1
zUdMBtK2UVE_36737-37596,148,2,735.0,165.5,177.0,201.0,inside_visible,851.646,555.94,1
zUdMBtK2UVE_36737-37596,149,1,1075.6666666666667,325.0,141.0,159.0,inside_visible,936.269,581.982,1
zUdMBtK2UVE_36737-37596,149,2,731.0,166.125,177.0,202.25,inside_visible,850.202,549.94,1
zUdMBtK2UVE_36737-37596,150,1,1073.0,324.0,141.0,159.0,inside_visible,932.602,573.316,1
zUdMBtK2UVE_36737-37596,150,2,727.0,166.75,177.0,203.5,inside_visible,844.423,558.537,1
zUdMBtK2UVE_36737-37596,151,1,1071.857142857143,324.0,142.1428571428571,159.0,inside_visible,914.268,571.316,1
zUdMBtK2UVE_36737-37596,151,2,723.0,167.375,177.0,204.75,inside_visible,838.644,567.134,1
zUdMBtK2UVE_36737-37596,152,1,1070.7142857142858,324.0,143.28571428571422,159.0,inside_visible,890.935,556.649,1
zUdMBtK2UVE_36737-37596,152,2,719.0,168.0,177.0,206.0,inside_visible,831.644,569.134,1
zUdMBtK2UVE_36737-37596,153,1,1069.571428571429,324.0,144.42857142857133,159.0,inside_visible,890.602,554.649,1
zUdMBtK2UVE_36737-37596,153,2,709.3333333333334,167.33333333333334,177.0,206.0,inside_occluded,842.144,552.134,1
zUdMBtK2UVE_36737-37596,154,1,1068.428571428571,324.0,145.57142857142867,159.0,inside_visible,874.268,546.982,1
zUdMBtK2UVE_36737-37596,154,2,699.6666666666666,166.66666666666666,177.0,206.00000000000003,inside_occluded,852.644,535.134,1
zUdMBtK2UVE_36737-37596,155,1,1067.2857142857142,324.0,146.71428571428578,159.0,inside_visible,943.935,672.315,1
zUdMBtK2UVE_36737-37596,155,2,690.0,166.0,177.0,206.0,inside_occluded,847.644,526.134,1
zUdMBtK2UVE_36737-37596,156,1,1066.142857142857,324.0,147.8571428571429,159.0,inside_visible,938.768,663.482,1
zUdMBtK2UVE_36737-37596,156,2,678.0,166.0,177.0,206.0,inside_occluded,842.644,517.134,1
zUdMBtK2UVE_36737-37596,157,1,1065.0,324.0,149.0,159.0,inside_visible,934.602,666.648,1
zUdMBtK2UVE_36737-37596,157,2,668.0,166.0,177.0,206.0,inside_visible,837.644,508.134,1
zUdMBtK2UVE_36737-37596,158,1,1065.357142857143,324.57142857142856,148.6428571428571,158.42857142857144,inside_visible,933.393,666.7041,1
zUdMBtK2UVE_36737-37596,158,2,651.0,159.0,177.0,213.0,inside_visible,831.644,498.934,1
zUdMBtK2UVE_36737-37596,159,1,1065.7142857142858,325.1428571428572,148.28571428571422,157.85714285714283,inside_visible,932.184,666.7602,1
zUdMBtK2UVE_36737-37596,159,2,639.0,159.0,177.0,213.0,inside_visible,825.644,489.734,1
zUdMBtK2UVE_36737-37596,160,1,1066.071428571429,325.7142857142857,147.92857142857133,157.28571428571428,inside_visible,930.975,666.8163,1
zUdMBtK2UVE_36737-37596,160,2,629.0,159.0,177.0,213.0,inside_visible,819.644,480.534,1
zUdMBtK2UVE_36737-37596,161,1,1066.428571428571,326.2857142857143,147.57142857142867,156.71428571428572,inside_visible,929.766,666.8724,1
zUdMBtK2UVE_36737-37596,161,2,619.0,159.0,177.0,213.0,inside_visible,813.644,471.334,1
zUdMBtK2UVE_36737-37596,162,1,1066.7857142857142,326.85714285714283,147.21428571428578,156.14285714285717,inside_visible,928.557,666.9285,1
zUdMBtK2UVE_36737-37596,162,2,607.0,159.0,177.0,213.0,inside_visible,807.644,462.134,1
zUdMBtK2UVE_36737-37596,163,1,1067.142857142857,327.42857142857144,146.8571428571429,155.57142857142856,inside_visible,927.348,666.9846,1
zUdMBtK2UVE_36737-37596,163,2,602.0,159.0,178.0,218.0,inside_visible,804.644,459.634,1
zUdMBtK2UVE_36737-37596,164,1,1067.5,328.0,146.5,155.0,inside_visible,926.139,667.0407,1
zUdMBtK2UVE_36737-37596,164,2,597.0,159.0,179.0,223.0,inside_visible,801.644,457.134,1
zUdMBtK2UVE_36737-37596,165,1,1067.857142857143,328.57142857142856,146.1428571428571,154.42857142857144,inside_visible,924.93,667.0967999999999,1
zUdMBtK2UVE_36737-37596,165,2,595.0,152.0,179.0,223.0,inside_visible,798.644,454.634,1
zUdMBtK2UVE_36737-37596,166,1,1068.2142857142858,329.1428571428572,145.78571428571422,153.85714285714283,inside_visible,923.721,667.1528999999999,1
zUdMBtK2UVE_36737-37596,166,2,588.0,152.0,179.0,223.0,inside_visible,795.644,452.134,1
zUdMBtK2UVE_36737-37596,167,1,1068.571428571429,329.7142857142857,145.42857142857133,153.28571428571428,inside_visible,922.512,667.209,1
zUdMBtK2UVE_36737-37596,167,2,581.0,154.0,179.0,223.0,inside_visible,792.644,449.634,1
zUdMBtK2UVE_36737-37596,168,1,1068.928571428571,330.2857142857143,145.07142857142867,152.71428571428572,inside_visible,924.5177142857142,667.4177142857143,1
zUdMBtK2UVE_36737-37596,168,2,574.0,154.0,184.0,216.0,inside_visible,789.644,447.134,1
zUdMBtK2UVE_36737-37596,169,1,1069.2857142857142,330.85714285714283,144.71428571428578,152.14285714285717,inside_visible,926.5234285714286,667.6264285714285,1
zUdMBtK2UVE_36737-37596,169,2,566.5,155.0,189.0,216.0,inside_visible,788.5530909090909,449.8612727272728,1
zUdMBtK2UVE_36737-37596,170,1,1069.642857142857,331.42857142857144,144.3571428571429,151.57142857142856,inside_visible,928.5291428571428,667.8351428571428,1
zUdMBtK2UVE_36737-37596,170,2,559.0,156.0,194.0,216.0,inside_visible,787.4621818181819,452.5885454545455,1
zUdMBtK2UVE_36737-37596,171,1,1070.0,332.0,144.0,151.0,inside_visible,930.5348571428572,668.0438571428571,1
zUdMBtK2UVE_36737-37596,171,2,556.6,156.0,194.0,216.0,inside_visible,786.3712727272728,455.3158181818182,1
zUdMBtK2UVE_36737-37596,172,1,1070.3333333333333,332.0,144.0,151.0,inside_visible,932.5405714285714,668.2525714285714,1
zUdMBtK2UVE_36737-37596,172,2,554.2,156.0,194.0,216.0,inside_visible,785.2803636363636,458.04309090909095,1
zUdMBtK2UVE_36737-37596,173,1,1070.6666666666667,332.0,144.0,151.0,inside_visible,934.5462857142858,668.4612857142856,1
zUdMBtK2UVE_36737-37596,173,2,551.8,156.0,194.0,216.0,inside_visible,784.1894545454545,460.7703636363637,1
zUdMBtK2UVE_36737-37596,174,1,1071.0,332.0,144.0,151.0,inside_visible,936.552,668.67,1
zUdMBtK2UVE_36737-37596,174,2,549.4,156.0,194.0,216.0,inside_visible,783.0985454545455,463.4976363636364,1
zUdMBtK2UVE_36737-37596,175,1,1071.3333333333333,332.0,144.0,151.0,inside_visible,936.0576,669.8122,1
zUdMBtK2UVE_36737-37596,175,2,547.0,156.0,194.0,216.0,inside_visible,782.0076363636364,466.2249090909091,1
zUdMBtK2UVE_36737-37596,176,1,1071.6666666666667,332.0,144.0,151.0,inside_visible,935.5632,670.9544,1
zUdMBtK2UVE_36737-37596,176,2,540.0,158.0,194.0,216.0,inside_visible,780.9167272727273,468.9521818181818,1
zUdMBtK2UVE_36737-37596,177,1,1072.0,332.0,144.0,151.0,inside_visible,935.0688,672.0966,1
zUdMBtK2UVE_36737-37596,177,2,536.0,159.0,194.0,216.0,inside_visible,779.8258181818181,471.6794545454546,1
zUdMBtK2UVE_36737-37596,178,1,1074.0,332.0,142.0,149.0,inside_visible,934.5744,673.2388,1
zUdMBtK2UVE_36737-37596,178,2,532.0,160.0,194.0,216.0,inside_visible,778.7349090909091,474.40672727272727,1
zUdMBtK2UVE_36737-37596,179,1,1071.5,330.5,142.5,149.5,inside_visible,934.08,674.381,1
zUdMBtK2UVE_36737-37596,179,2,528.0,161.0,194.0,216.0,inside_visible,777.644,477.134,1
zUdMBtK2UVE_36737-37596,180,1,1069.0,329.0,143.0,150.0,inside_visible,931.93025,672.1865,1
zUdMBtK2UVE_36737-37596,180,2,523.0,161.0,199.0,216.0,inside_visible,776.244,481.334,1
zUdMBtK2UVE_36737-37596,181,1,1066.0,323.75,143.25,150.25,inside_visible,929.7805,669.992,1
zUdMBtK2UVE_36737-37596,181,2,518.0,161.0,204.0,216.0,inside_visible,774.844,485.534,1
zUdMBtK2UVE_36737-37596,182,1,1063.0,318.5,143.5,150.5,inside_visible,927.63075,667.7974999999999,1
zUdMBtK2UVE_36737-37596,182,2,518.0,161.0,198.0,217.0,inside_visible,773.444,489.734,1
zUdMBtK2UVE_36737-37596,183,1,1060.0,313.25,143.75,150.75,inside_visible,925.481,665.603,1
zUdMBtK2UVE_36737-37596,183,2,518.0,161.0,192.0,218.0,inside_visible,772.044,493.934,1
zUdMBtK2UVE_36737-37596,184,1,1057.0,308.0,144.0,151.0,inside_visible,926.369,665.2343333333333,1
zUdMBtK2UVE_36737-37596,184,2,514.5,161.0,194.5,218.0,inside_visible,770.644,498.134,1
zUdMBtK2UVE_36737-37596,185,1,1055.5,299.0,144.0,153.5,inside_visible,927.257,664.8656666666666,1
zUdMBtK2UVE_36737-37596,185,2,511.0,161.0,197.0,218.0,inside_visible,773.644,505.134,1
zUdMBtK2UVE_36737-37596,186,1,1054.0,290.0,144.0,156.0,inside_visible,928.145,664.497,1
zUdMBtK2UVE_36737-37596,186,2,511.7142857142857,160.0,195.99999999999997,218.0,inside_visible,776.644,512.134,1
zUdMBtK2UVE_36737-37596,187,1,1052.5,274.0,144.0,156.0,inside_visible,931.033,668.6949999999999,1
zUdMBtK2UVE_36737-37596,187,2,512.4285714285714,159.0,195.0,218.0,inside_visible,783.144,506.634,1
zUdMBtK2UVE_36737-37596,188,1,1051.0,258.0,144.0,156.0,inside_visible,933.921,672.893,1
zUdMBtK2UVE_36737-37596,188,2,513.1428571428571,158.0,194.0,218.0,inside_visible,789.644,501.134,1
zUdMBtK2UVE_36737-37596,189,1,1040.0,245.0,144.0,156.0,inside_visible,930.7733333333332,671.722,1
zUdMBtK2UVE_36737-37596,189,2,513.8571428571429,157.0,193.0,218.0,inside_visible,786.3106666666666,500.8006666666667,1
zUdMBtK2UVE_36737-37596,190,1,1043.0,234.0,144.0,156.0,inside_visible,927.6256666666668,670.551,1
zUdMBtK2UVE_36737-37596,190,2,514.5714285714286,156.0,192.0,218.0,inside_visible,782.9773333333334,500.4673333333333,1
zUdMBtK2UVE_36737-37596,191,1,1044.5,218.0,144.0,156.0,inside_visible,924.478,669.38,1
zUdMBtK2UVE_36737-37596,191,2,515.2857142857143,155.0,191.0,218.0,inside_visible,779.644,500.134,1
zUdMBtK2UVE_36737-37596,192,1,1046.0,202.0,144.0,156.0,inside_visible,923.0905,670.2225000000001,1
zUdMBtK2UVE_36737-37596,192,2,516.0,154.0,190.0,218.0,inside_visible,807.644,546.134,1
zUdMBtK2UVE_36737-37596,193,1,1043.0,191.0,144.0,156.0,inside_visible,921.703,671.065,1
zUdMBtK2UVE_36737-37596,193,2,521.0,153.0,190.0,218.0,inside_visible,802.644,548.134,1
zUdMBtK2UVE_36737-37596,194,1,1040.0,178.0,144.0,156.0,inside_visible,921.5231666666666,669.5836666666667,1
zUdMBtK2UVE_36737-37596,194,2,526.0,152.0,190.0,218.0,inside_visible,797.644,550.134,1
zUdMBtK2UVE_36737-37596,195,1,1040.0,163.5,144.0,161.5,inside_visible,921.3433333333334,668.1023333333334,1
zUdMBtK2UVE_36737-37596,195,2,531.0,152.0,185.0,218.0,inside_visible,792.644,552.134,1
zUdMBtK2UVE_36737-37596,196,1,1040.0,149.0,144.0,167.0,inside_visible,921.1635,666.6210000000001,1
zUdMBtK2UVE_36737-37596,196,2,536.0,152.0,180.0,218.0,inside_visible,788.644,552.134,1
zUdMBtK2UVE_36737-37596,197,1,1035.0,138.0,144.0,167.0,inside_visible,920.9836666666666,665.1396666666667,1
zUdMBtK2UVE_36737-37596,197,2,539.5,152.0,180.0,218.0,inside_visible,784.644,552.134,1
zUdMBtK2UVE_36737-37596,198,1,1035.0,127.0,144.0,167.0,inside_visible,920.8038333333334,663.6583333333333,1
zUdMBtK2UVE_36737-37596,198,2,543.0,152.0,180.0,218.0,inside_visible,780.644,552.134,1
zUdMBtK2UVE_36737-37596,199,1,1035.0,119.0,144.0,167.0,inside_visible,920.624,662.177,1
zUdMBtK2UVE_36737-37596,199,2,543.0,152.0,181.66666666666663,218.0,inside_visible,780.844,552.734,1
zUdMBtK2UVE_36737-37596,200,1,1032.0,114.0,144.0,167.0,inside_visible,924.261,663.8199999999999,1
zUdMBtK2UVE_36737-37596,200,2,543.0,152.0,183.33333333333337,218.0,inside_visible,781.044,553.3340000000001,1
zUdMBtK2UVE_36737-37596,201,1,1032.0,106.0,144.0,167.0,inside_visible,927.898,665.463,1
zUdMBtK2UVE_36737-37596,201,2,543.0,152.0,185.0,218.0,inside_visible,781.244,553.934,1
zUdMBtK2UVE_36737-37596,202,1,1031.0,108.5,144.0,167.0,inside_visible,928.6905,666.7945,1
zUdMBtK2UVE_36737-37596,202,2,543.0,152.0,186.0,219.7142857142857,inside_visible,781.444,554.534,1
zUdMBtK2UVE_36737-37596,203,1,1030.0,111.0,144.0,167.0,inside_visible,929.483,668.126,1
zUdMBtK2UVE_36737-37596,203,2,543.0,152.0,187.0,221.42857142857144,inside_visible,781.644,555.134,1
zUdMBtK2UVE_36737-37596,204,1,1019.0,106.0,144.0,167.0,inside_visible,929.404,668.6713333333333,1
zUdMBtK2UVE_36737-37596,204,2,543.0,152.0,188.0,223.1428571428572,inside_visible,781.644,559.134,1
zUdMBtK2UVE_36737-37596,205,1,1014.0,108.0,144.0,167.0,inside_visible,929.325,669.2166666666666,1
zUdMBtK2UVE_36737-37596,205,2,543.0,152.0,189.0,224.85714285714283,inside_visible,781.644,563.134,1
zUdMBtK2UVE_36737-37596,206,1,1013.4,107.0,144.0000000000001,168.60000000000002,inside_visible,929.246,669.762,1
zUdMBtK2UVE_36737-37596,206,2,543.0,152.0,190.0,226.57142857142856,inside_visible,781.644,567.134,1
zUdMBtK2UVE_36737-37596,207,1,1012.8,106.0,144.0,170.2,inside_visible,929.078,671.774,1
zUdMBtK2UVE_36737-37596,207,2,543.0,152.0,191.0,228.28571428571428,inside_visible,781.6201666666667,566.253,1
zUdMBtK2UVE_36737-37596,208,1,1012.2,105.0,144.0,171.8,inside_visible,928.91,673.786,1
zUdMBtK2UVE_36737-37596,208,2,543.0,152.0,192.0,230.0,inside_visible,781.5963333333333,565.372,1
zUdMBtK2UVE_36737-37596,209,1,1011.6,104.0,143.9999999999999,173.39999999999998,inside_visible,928.742,675.798,1
zUdMBtK2UVE_36737-37596,209,2,540.6666666666666,152.0,194.33333333333337,230.0,inside_visible,781.5725,564.491,1
zUdMBtK2UVE_36737-37596,210,1,1011.0,103.0,144.0,175.0,inside_visible,927.559,668.032,1
zUdMBtK2UVE_36737-37596,210,2,538.3333333333334,152.0,196.66666666666663,230.0,inside_visible,781.5486666666667,563.61,1
zUdMBtK2UVE_36737-37596,211,1,1011.0,107.0,144.0,175.0,inside_visible,790.375,574.933,1
zUdMBtK2UVE_36737-37596,211,2,536.0,152.0,199.0,230.0,inside_visible,781.5248333333333,562.7289999999999,1
zUdMBtK2UVE_36737-37596,212,1,1011.0,111.0,144.0,175.0,inside_visible,782.524,569.834,1
zUdMBtK2UVE_36737-37596,212,2,537.4,153.4,199.0,230.0,inside_visible,781.501,561.848,1
zUdMBtK2UVE_36737-37596,213,1,1009.5,119.0,144.0,175.0,inside_visible,785.341,564.736,1
zUdMBtK2UVE_36737-37596,213,2,538.8,154.8,199.0,230.0,inside_visible,915.644,674.134,1
zUdMBtK2UVE_36737-37596,214,1,1008.0,127.0,144.0,175.0,inside_visible,786.8236666666667,564.9703333333333,1
zUdMBtK2UVE_36737-37596,214,2,540.2,156.2,199.0,230.0,inside_visible,918.9925,679.0715,1
zUdMBtK2UVE_36737-37596,215,1,1003.0,143.0,144.0,175.0,inside_visible,788.3063333333333,565.2046666666666,1
zUdMBtK2UVE_36737-37596,215,2,541.6,157.6,199.0,230.00000000000003,gaze_shift,922.341,684.009,1
zUdMBtK2UVE_36737-37596,216,1,995.0,156.0,144.0,175.0,inside_visible,789.789,565.439,1
zUdMBtK2UVE_36737-37596,216,2,543.0,159.0,199.0,230.0,gaze_shift,809.689,846.947,1
zUdMBtK2UVE_36737-37596,217,1,995.0,164.0,144.0,175.0,inside_visible,794.37,576.085,1
zUdMBtK2UVE_36737-37596,217,2,541.3333333333334,160.66666666666666,198.3333333333333,233.00000000000003,inside_visible,809.6218799999999,846.9668,1
zUdMBtK2UVE_36737-37596,218,1,984.0,172.0,147.0,178.0,inside_visible,790.37,566.752,1
zUdMBtK2UVE_36737-37596,218,2,539.6666666666666,162.33333333333334,197.66666666666677,236.0,inside_visible,809.55476,846.9866,1
zUdMBtK2UVE_36737-37596,219,1,976.0,191.0,147.0,178.0,inside_visible,794.2,573.378,1
zUdMBtK2UVE_36737-37596,219,2,538.0,164.0,197.0,239.0,inside_visible,809.4876399999999,847.0064,1
zUdMBtK2UVE_36737-37596,220,1,968.0,213.0,147.0,178.0,inside_visible,791.935,578.648,1
zUdMBtK2UVE_36737-37596,220,2,538.0,164.0,193.5,239.0,inside_visible,809.42052,847.0262,1
zUdMBtK2UVE_36737-37596,221,1,968.0,226.0,147.0,178.0,inside_visible,790.9385,580.0840000000001,1
zUdMBtK2UVE_36737-37596,221,2,538.0,164.0,190.0,239.0,inside_visible,809.3534,847.046,1
zUdMBtK2UVE_36737-37596,222,1,965.0,256.0,147.0,178.0,inside_visible,789.942,581.52,1
zUdMBtK2UVE_36737-37596,222,2,535.0,164.0,190.0,239.0,inside_visible,809.2862799999999,847.0658,1
zUdMBtK2UVE_36737-37596,223,1,960.0,286.0,147.0,167.0,inside_visible,806.946,536.957,1
zUdMBtK2UVE_36737-37596,223,2,532.0,164.0,190.0,239.0,inside_visible,809.21916,847.0856,1
zUdMBtK2UVE_36737-37596,224,1,960.0,302.0,147.0,167.0,inside_visible,806.616,542.615,1
zUdMBtK2UVE_36737-37596,224,2,529.0,164.0,190.0,239.0,inside_visible,809.1520399999999,847.1054,1
zUdMBtK2UVE_36737-37596,225,1,957.0,318.0,147.0,167.0,inside_visible,805.423125,543.328125,1
zUdMBtK2UVE_36737-37596,225,2,526.0,164.0,190.0,239.0,inside_visible,809.08492,847.1252,1
zUdMBtK2UVE_36737-37596,226,1,954.0,326.0,147.0,167.0,inside_visible,804.23025,544.04125,1
zUdMBtK2UVE_36737-37596,226,2,527.75,164.0,188.25,238.5,inside_visible,809.0178,847.145,1
zUdMBtK2UVE_36737-37596,227,1,946.0,331.0,147.0,167.0,inside_visible,803.037375,544.754375,1
zUdMBtK2UVE_36737-37596,227,2,529.5,164.0,186.5,238.0,inside_visible,808.9506799999999,847.1648,1
zUdMBtK2UVE_36737-37596,228,1,944.75,331.0,148.25,167.0,inside_visible,801.8444999999999,545.4675,1
zUdMBtK2UVE_36737-37596,228,2,531.25,164.0,184.75,237.5,inside_visible,808.88356,847.1846,1
zUdMBtK2UVE_36737-37596,229,1,943.5,331.0,149.5,167.0,inside_visible,800.651625,546.1806250000001,1
zUdMBtK2UVE_36737-37596,229,2,533.0,164.0,183.0,237.0,inside_visible,808.81644,847.2044,1
zUdMBtK2UVE_36737-37596,230,1,942.25,331.0,150.75,167.0,inside_visible,799.45875,546.8937500000001,1
zUdMBtK2UVE_36737-37596,230,2,532.3333333333334,164.0,184.1111111111111,238.0,inside_visible,808.74932,847.2242,1
zUdMBtK2UVE_36737-37596,231,1,941.0,331.0,152.0,167.0,inside_visible,798.2658749999999,547.6068750000001,1
zUdMBtK2UVE_36737-37596,231,2,531.6666666666666,164.0,185.22222222222229,239.0,inside_visible,808.6822,847.244,1
zUdMBtK2UVE_36737-37596,232,1,945.0,332.5,152.0,167.0,inside_visible,797.073,548.32,1
zUdMBtK2UVE_36737-37596,232,2,531.0,164.0,186.33333333333337,240.0,inside_visible,808.6150799999999,847.2638000000001,1
zUdMBtK2UVE_36737-37596,233,1,949.0,334.0,152.0,167.0,inside_visible,796.9016399999999,547.9995200000001,1
zUdMBtK2UVE_36737-37596,233,2,530.3333333333334,164.0,187.44444444444449,241.0,inside_visible,808.54796,847.2836,1
zUdMBtK2UVE_36737-37596,234,1,953.0,335.5,152.0,167.0,inside_visible,796.73028,547.6790400000001,1
zUdMBtK2UVE_36737-37596,234,2,529.6666666666666,164.0,188.55555555555557,242.0,inside_visible,808.48084,847.3034,1
zUdMBtK2UVE_36737-37596,235,1,957.0,337.0,152.0,167.0,inside_visible,796.55892,547.35856,1
zUdMBtK2UVE_36737-37596,235,2,529.0,164.0,189.66666666666663,243.0,inside_visible,808.41372,847.3232,1
zUdMBtK2UVE_36737-37596,236,1,957.75,335.0,152.0,167.0,inside_visible,796.38756,547.03808,1
zUdMBtK2UVE_36737-37596,236,2,528.3333333333334,164.0,190.7777777777777,244.0,inside_visible,808.3466,847.343,1
zUdMBtK2UVE_36737-37596,237,1,958.5,333.0,152.0,167.0,inside_visible,796.2162,546.7176000000001,1
zUdMBtK2UVE_36737-37596,237,2,527.6666666666666,164.0,191.8888888888889,245.0,inside_visible,808.2794799999999,847.3628,1
zUdMBtK2UVE_36737-37596,238,1,959.25,331.0,152.0,167.0,inside_visible,796.04484,546.3971200000001,1
zUdMBtK2UVE_36737-37596,238,2,527.0,164.0,193.0,246.0,inside_visible,808.21236,847.3826,1
zUdMBtK2UVE_36737-37596,239,1,960.0,329.0,152.0,167.0,inside_visible,795.87348,546.07664,1
zUdMBtK2UVE_36737-37596,239,2,526.25,164.0,194.125,244.875,gaze_shift,808.14524,847.4024000000001,1
zUdMBtK2UVE_36737-37596,240,1,955.0,310.0,152.0,167.0,inside_visible,795.70212,545.75616,1
zUdMBtK2UVE_36737-37596,240,2,525.5,164.0,195.25,243.75,gaze_shift,808.07812,847.4222,1
zUdMBtK2UVE_36737-37596,241,1,958.0,302.0,152.0,167.0,inside_visible,795.53076,545.43568,1
zUdMBtK2UVE_36737-37596,241,2,524.75,164.0,196.375,242.625,gaze_shift,808.011,847.442,1
zUdMBtK2UVE_36737-37596,242,1,958.0,290.0,152.0,167.0,inside_visible,795.3593999999999,545.1152000000001,1
zUdMBtK2UVE_36737-37596,242,2,524.0,164.0,197.5,241.5,gaze_shift,1040.904,559.035,1
zUdMBtK2UVE_36737-37596,243,1,958.0,278.0,152.0,167.0,inside_visible,795.18804,544.79472,1
zUdMBtK2UVE_36737-37596,243,2,523.25,164.0,198.625,240.375,gaze_shift,1035.52725,550.16825,1
zUdMBtK2UVE_36737-37596,244,1,958.0,256.0,152.0,167.0,inside_visible,795.01668,544.47424,1
zUdMBtK2UVE_36737-37596,244,2,522.5,164.0,199.75,239.25,gaze_shift,1030.1505,541.3015,1
zUdMBtK2UVE_36737-37596,245,1,955.0,232.0,152.0,167.0,inside_visible,794.84532,544.15376,1
zUdMBtK2UVE_36737-37596,245,2,521.75,164.0,200.875,238.125,gaze_shift,1024.77375,532.43475,1
zUdMBtK2UVE_36737-37596,246,1,958.0,221.0,152.0,167.0,inside_visible,794.67396,543.8332800000001,1
zUdMBtK2UVE_36737-37596,246,2,521.0,164.0,202.0,237.0,gaze_shift,1019.397,523.568,1
zUdMBtK2UVE_36737-37596,247,1,963.0,198.0,152.0,167.0,inside_visible,794.5026,543.5128,1
zUdMBtK2UVE_36737-37596,247,2,522.7,164.5,202.0,237.0,inside_visible,792.063,544.235,1
zUdMBtK2UVE_36737-37596,248,1,968.0,175.0,152.0,167.0,inside_visible,794.33124,543.19232,1
zUdMBtK2UVE_36737-37596,248,2,524.4,165.0,202.0,237.0,inside_visible,788.73,540.901,1
zUdMBtK2UVE_36737-37596,249,1,971.0,162.0,152.0,167.0,inside_visible,794.1598799999999,542.87184,1
zUdMBtK2UVE_36737-37596,249,2,526.1,165.5,202.0,237.0,inside_visible,767.397,542.901,1
zUdMBtK2UVE_36737-37596,250,1,974.0,146.0,152.0,167.0,inside_visible,793.98852,542.55136,1
zUdMBtK2UVE_36737-37596,250,2,527.8,166.0,202.0,237.0,inside_visible,772.731,534.235,1
zUdMBtK2UVE_36737-37596,251,1,980.5,130.0,152.0,172.5,inside_visible,793.81716,542.23088,1
zUdMBtK2UVE_36737-37596,251,2,529.5,166.5,202.0,237.0,inside_visible,755.065,546.384,1
zUdMBtK2UVE_36737-37596,252,1,987.0,114.0,152.0,178.0,inside_visible,793.6458,541.9104,1
zUdMBtK2UVE_36737-37596,252,2,531.2,167.0,202.0,237.0,inside_visible,757.5385,544.364,1
zUdMBtK2UVE_36737-37596,253,1,990.0,103.0,152.0,178.0,inside_visible,793.47444,541.58992,1
zUdMBtK2UVE_36737-37596,253,2,532.9,167.5,202.0,237.0,inside_visible,760.0120000000001,542.344,1
zUdMBtK2UVE_36737-37596,254,1,993.0,103.0,160.0,178.0,inside_visible,793.30308,541.26944,1
zUdMBtK2UVE_36737-37596,254,2,534.6,168.0,202.0,237.0,inside_visible,762.4855,540.3240000000001,1
zUdMBtK2UVE_36737-37596,255,1,990.8333333333334,102.16666666666669,159.9999999999999,178.83333333333331,inside_visible,793.13172,540.9489599999999,1
zUdMBtK2UVE_36737-37596,255,2,536.3,168.5,202.0,237.0,inside_visible,764.959,538.304,1
zUdMBtK2UVE_36737-37596,256,1,988.6666666666666,101.33333333333331,160.0000000000001,179.66666666666669,inside_visible,792.96036,540.62848,1
zUdMBtK2UVE_36737-37596,256,2,538.0,169.0,202.0,237.0,inside_visible,767.4325,536.284,1
zUdMBtK2UVE_36737-37596,257,1,986.5,100.5,160.0,180.5,inside_visible,792.789,540.308,1
zUdMBtK2UVE_36737-37596,257,2,545.0,169.0,202.0,237.0,inside_visible,769.906,534.264,1
zUdMBtK2UVE_36737-37596,258,1,984.3333333333334,99.66666666666669,159.9999999999999,181.3333333333333,inside_visible,796.1225,537.6415,1
zUdMBtK2UVE_36737-37596,258,2,559.0,167.0,195.0,235.0,inside_visible,769.3931538461538,532.2126923076924,1
zUdMBtK2UVE_36737-37596,259,1,982.1666666666666,98.83333333333331,160.0000000000001,182.16666666666669,inside_visible,799.456,534.975,1
zUdMBtK2UVE_36737-37596,259,2,562.3333333333334,165.33333333333334,195.0,235.0,inside_visible,768.8803076923076,530.1613846153846,1
zUdMBtK2UVE_36737-37596,260,1,980.0,98.0,160.0,183.0,inside_visible,795.0116666666667,534.086,1
zUdMBtK2UVE_36737-37596,260,2,565.6666666666666,163.66666666666666,195.0,235.00000000000003,inside_visible,768.3674615384615,528.1100769230769,1
zUdMBtK2UVE_36737-37596,261,1,972.0,95.0,160.0,183.0,inside_visible,790.5673333333334,533.197,1
zUdMBtK2UVE_36737-37596,261,2,569.0,162.0,195.0,235.0,inside_visible,767.8546153846154,526.0587692307693,1
zUdMBtK2UVE_36737-37596,262,1,964.0,87.0,160.0,183.0,inside_visible,786.123,532.308,1
zUdMBtK2UVE_36737-37596,262,2,581.0,167.0,195.0,235.0,inside_visible,767.3417692307692,524.0074615384615,1
zUdMBtK2UVE_36737-37596,263,1,953.0,95.0,160.0,183.0,inside_visible,784.123,531.97475,1
zUdMBtK2UVE_36737-37596,263,2,588.0,165.0,195.0,235.0,inside_visible,766.828923076923,521.9561538461538,1
zUdMBtK2UVE_36737-37596,264,1,950.3333333333334,95.0,159.9999999999999,183.0,inside_visible,782.123,531.6415,1
zUdMBtK2UVE_36737-37596,264,2,587.8333333333334,163.5,195.0,235.0,inside_visible,766.3160769230769,519.9048461538462,1
zUdMBtK2UVE_36737-37596,265,1,947.6666666666666,95.0,160.0000000000001,183.0,inside_visible,780.123,531.30825,1
zUdMBtK2UVE_36737-37596,265,2,587.6666666666666,162.0,195.0,235.0,inside_visible,765.8032307692308,517.8535384615385,1
zUdMBtK2UVE_36737-37596,266,1,945.0,95.0,160.0,183.0,inside_visible,778.123,530.975,1
zUdMBtK2UVE_36737-37596,266,2,587.5,160.5,195.0,235.0,inside_visible,765.2903846153846,515.8022307692307,1
zUdMBtK2UVE_36737-37596,267,1,932.0,95.0,160.0,183.0,inside_visible,774.123,529.642,1
zUdMBtK2UVE_36737-37596,267,2,587.3333333333334,159.0,195.0,235.0,inside_visible,764.7775384615385,513.7509230769231,1
zUdMBtK2UVE_36737-37596,268,1,910.0,98.0,160.0,180.0,inside_visible,764.79,541.642,1
zUdMBtK2UVE_36737-37596,268,2,587.1666666666666,157.5,195.0,235.0,inside_visible,764.2646923076924,511.69961538461536,1
zUdMBtK2UVE_36737-37596,269,1,908.7058823529412,97.70588235294116,160.0,180.0,inside_visible,763.457,517.642,1
zUdMBtK2UVE_36737-37596,269,2,587.0,156.0,195.0,235.0,inside_visible,763.7518461538461,509.6483076923077,1
zUdMBtK2UVE_36737-37596,270,1,907.4117647058824,97.41176470588236,160.0000000000001,180.00000000000003,inside_visible,751.457,582.975,1
zUdMBtK2UVE_36737-37596,270,2,580.5,157.0,195.0,235.0,inside_visible,763.239,507.597,1
zUdMBtK2UVE_36737-37596,271,1,906.1176470588236,97.11764705882354,159.9999999999999,180.0,inside_visible,761.835,576.975,1
zUdMBtK2UVE_36737-37596,271,2,574.0,158.0,195.0,235.0,inside_occluded,765.239,484.2635,1
zUdMBtK2UVE_36737-37596,272,1,904.8235294117648,96.82352941176472,159.9999999999999,180.0,inside_visible,772.213,570.975,1
zUdMBtK2UVE_36737-37596,272,2,566.6428571428571,158.78571428571428,195.07142857142856,233.78571428571428,inside_occluded,767.239,460.93,1
zUdMBtK2UVE_36737-37596,273,1,903.529411764706,96.52941176470588,160.0,179.99999999999997,inside_visible,786.591,556.975,1
zUdMBtK2UVE_36737-37596,273,2,559.2857142857143,159.57142857142858,195.1428571428571,232.57142857142856,inside_occluded,766.5056500000001,463.33,1
zUdMBtK2UVE_36737-37596,274,1,902.2352941176472,96.23529411764706,160.0,180.0,inside_visible,787.635,542.975,1
zUdMBtK2UVE_36737-37596,274,2,551.9285714285714,160.35714285714286,195.2142857142857,231.3571428571429,inside_occluded,765.7723000000001,465.73,1
zUdMBtK2UVE_36737-37596,275,1,900.9411764705884,95.94117647058825,160.0,180.0,inside_visible,791.68,539.642,1
zUdMBtK2UVE_36737-37596,275,2,544.5714285714286,161.14285714285714,195.28571428571436,230.14285714285717,inside_occluded,765.03895,468.13,1
zUdMBtK2UVE_36737-37596,276,1,899.6470588235294,95.6470588235294,160.0000000000001,180.0,inside_visible,782.124,538.975,1
zUdMBtK2UVE_36737-37596,276,2,537.2142857142857,161.92857142857142,195.3571428571429,228.92857142857144,inside_occluded,764.3056,470.53,1
zUdMBtK2UVE_36737-37596,277,1,898.3529411764706,95.3529411764706,159.9999999999999,180.0,inside_visible,790.132,539.006,1
zUdMBtK2UVE_36737-37596,277,2,529.8571428571429,162.71428571428572,195.42857142857144,227.7142857142857,inside_occluded,763.57225,472.93,1
zUdMBtK2UVE_36737-37596,278,1,897.0588235294117,95.05882352941175,160.0,180.0,inside_visible,789.2986666666666,539.117125,1
zUdMBtK2UVE_36737-37596,278,2,522.5,163.5,195.5,226.5,inside_occluded,762.8389,475.33,1
zUdMBtK2UVE_36737-37596,279,1,895.7647058823529,94.76470588235294,160.0,180.0,inside_visible,788.4653333333333,539.22825,1
zUdMBtK2UVE_36737-37596,279,2,515.1428571428571,164.28571428571428,195.57142857142856,225.28571428571428,inside_occluded,762.10555,477.73,1
zUdMBtK2UVE_36737-37596,280,1,894.4705882352941,94.47058823529412,160.0,180.00000000000003,inside_visible,787.632,539.339375,1
zUdMBtK2UVE_36737-37596,280,2,507.7857142857143,165.07142857142858,195.6428571428572,224.07142857142856,inside_occluded,761.3722,480.13,1
zUdMBtK2UVE_36737-37596,281,1,893.1764705882352,94.17647058823528,160.0000000000001,180.0,inside_visible,786.7986666666666,539.4504999999999,1
zUdMBtK2UVE_36737-37596,281,2,500.4285714285714,165.85714285714286,195.7142857142857,222.8571428571429,inside_occluded,760.63885,482.53,1
zUdMBtK2UVE_36737-37596,282,1,891.8823529411765,93.88235294117646,160.0000000000001,180.0,inside_visible,785.9653333333333,539.5616249999999,1
zUdMBtK2UVE_36737-37596,282,2,493.07142857142856,166.64285714285714,195.78571428571436,221.64285714285717,inside_occluded,759.9055000000001,484.93,1
zUdMBtK2UVE_36737-37596,283,1,890.5882352941177,93.58823529411764,159.9999999999999,179.99999999999997,inside_visible,785.132,539.67275,1
zUdMBtK2UVE_36737-37596,283,2,485.7142857142857,167.42857142857142,195.85714285714283,220.42857142857144,inside_occluded,759.17215,487.33,1
zUdMBtK2UVE_36737-37596,284,1,889.2941176470588,93.29411764705884,160.0,180.0,inside_visible,784.2986666666666,539.783875,1
zUdMBtK2UVE_36737-37596,284,2,478.3571428571428,168.21428571428572,195.9285714285714,219.2142857142857,inside_occluded,758.4388,489.73,1
zUdMBtK2UVE_36737-37596,285,1,888.0,93.0,160.0,180.0,inside_visible,783.4653333333333,539.895,1
zUdMBtK2UVE_36737-37596,285,2,471.0,169.0,196.0,218.0,inside_occluded,757.70545,492.13,1
zUdMBtK2UVE_36737-37596,286,1,884.3333333333334,93.0,159.9999999999999,180.0,inside_visible,782.632,540.006125,1
zUdMBtK2UVE_36737-37596,286,2,470.5,169.66666666666666,196.0,217.00000000000003,inside_occluded,756.9721,494.53,1
zUdMBtK2UVE_36737-37596,287,1,880.6666666666666,93.0,160.0000000000001,180.0,inside_visible,781.7986666666666,540.11725,1
zUdMBtK2UVE_36737-37596,287,2,470.0,170.33333333333334,196.0,216.0,inside_occluded,756.23875,496.93,1
zUdMBtK2UVE_36737-37596,288,1,877.0,93.0,160.0,180.0,inside_visible,780.9653333333333,540.228375,1
zUdMBtK2UVE_36737-37596,288,2,469.5,171.0,196.0,215.0,inside_occluded,755.5054,499.33,1
zUdMBtK2UVE_36737-37596,289,1,871.6666666666666,92.0,160.0000000000001,180.0,inside_visible,780.132,540.3395,1
zUdMBtK2UVE_36737-37596,289,2,469.0,171.66666666666666,196.0,214.00000000000003,inside_occluded,754.77205,501.73,1
zUdMBtK2UVE_36737-37596,290,1,866.3333333333334,91.0,159.9999999999999,180.0,inside_visible,779.2986666666666,540.450625,1
zUdMBtK2UVE_36737-37596,290,2,468.5,172.33333333333334,196.0,213.0,inside_occluded,754.0387000000001,504.13,1
zUdMBtK2UVE_36737-37596,291,1,861.0,90.0,160.0,180.0,inside_visible,778.4653333333333,540.56175,1
zUdMBtK2UVE_36737-37596,291,2,468.0,173.0,196.0,212.0,inside_occluded,753.30535,506.53,1
zUdMBtK2UVE_36737-37596,292,1,859.1428571428571,90.71428571428572,160.0,180.0,inside_visible,777.632,540.672875,1
zUdMBtK2UVE_36737-37596,292,2,474.25,173.0,196.0,210.75,inside_visible,752.572,508.93,1
zUdMBtK2UVE_36737-37596,293,1,857.2857142857143,91.42857142857144,160.0,180.0,inside_visible,776.7986666666666,540.784,1
zUdMBtK2UVE_36737-37596,293,2,480.5,173.0,196.0,209.5,inside_visible,753.461,511.1523333333333,1
zUdMBtK2UVE_36737-37596,294,1,855.4285714285714,92.14285714285714,160.0,180.00000000000003,inside_visible,775.9653333333333,540.895125,1
zUdMBtK2UVE_36737-37596,294,2,486.75,173.0,196.0,208.25,inside_visible,754.35,513.3746666666666,1
zUdMBtK2UVE_36737-37596,295,1,853.5714285714286,92.85714285714286,160.0,179.99999999999997,inside_visible,775.132,541.00625,1
zUdMBtK2UVE_36737-37596,295,2,493.0,173.0,196.0,207.0,inside_visible,755.239,515.597,1
zUdMBtK2UVE_36737-37596,296,1,851.7142857142857,93.57142857142856,160.0,180.0,inside_visible,774.2986666666666,541.117375,1
zUdMBtK2UVE_36737-37596,296,2,496.1666666666667,174.0,195.99999999999997,207.16666666666669,inside_visible,759.239,522.264,1
zUdMBtK2UVE_36737-37596,297,1,849.8571428571429,94.28571428571428,160.0,180.0,inside_visible,773.4653333333333,541.2284999999999,1
zUdMBtK2UVE_36737-37596,297,2,499.3333333333333,175.0,196.00000000000009,207.3333333333333,inside_visible,759.239,524.4863333333334,1
zUdMBtK2UVE_36737-37596,298,1,848.0,95.0,160.0,180.0,inside_visible,772.632,541.339625,1
zUdMBtK2UVE_36737-37596,298,2,502.5,176.0,196.0,207.5,inside_visible,759.239,526.7086666666667,1
zUdMBtK2UVE_36737-37596,299,1,846.3333333333334,95.0,156.33333333333326,179.0,inside_visible,771.7986666666666,541.45075,1
zUdMBtK2UVE_36737-37596,299,2,505.6666666666667,177.0,195.99999999999997,207.66666666666669,inside_visible,759.239,528.931,1
zUdMBtK2UVE_36737-37596,300,1,844.6666666666666,95.0,152.66666666666674,178.0,inside_visible,770.9653333333333,541.561875,1
zUdMBtK2UVE_36737-37596,300,2,508.8333333333333,178.0,196.00000000000009,207.8333333333333,inside_visible,758.5725,532.2645,1
zUdMBtK2UVE_36737-37596,301,1,843.0,95.0,149.0,177.0,inside_visible,770.132,541.673,1
zUdMBtK2UVE_36737-37596,301,2,512.0,179.0,196.0,208.0,inside_visible,757.906,535.598,1
zUdMBtK2UVE_36737-37596,302,1,840.25,95.0,149.0,178.25,inside_visible,766.132,543.673,1
zUdMBtK2UVE_36737-37596,302,2,512.1666666666666,180.33333333333331,196.16666666666677,208.16666666666663,inside_visible,836.573,527.598,1
zUdMBtK2UVE_36737-37596,303,1,837.5,95.0,149.0,179.5,inside_visible,762.132,545.673,1
zUdMBtK2UVE_36737-37596,303,2,512.3333333333334,181.66666666666663,196.3333333333333,208.33333333333331,inside_visible,836.573,527.598,1
zUdMBtK2UVE_36737-37596,304,1,834.75,95.0,149.0,180.75,inside_visible,834.899,527.806,1
zUdMBtK2UVE_36737-37596,304,2,512.5,183.0,196.5,208.5,inside_visible,836.573,527.598,1
zUdMBtK2UVE_36737-37596,305,1,832.0,95.0,149.0,182.0,inside_visible,834.332,525.939,1
zUdMBtK2UVE_36737-37596,305,2,512.6666666666666,184.33333333333331,196.66666666666677,208.66666666666663,inside_visible,836.573,526.265,1
zUdMBtK2UVE_36737-37596,306,1,828.3333333333334,95.0,149.0,182.0,inside_visible,834.432,529.406,1
zUdMBtK2UVE_36737-37596,306,2,512.8333333333334,185.66666666666663,196.8333333333333,208.83333333333331,inside_visible,839.24,530.265,1
zUdMBtK2UVE_36737-37596,307,1,824.6666666666666,95.0,149.0,182.0,inside_visible,836.31,532.428,1
zUdMBtK2UVE_36737-37596,307,2,513.0,187.0,197.0,209.0,inside_visible,840.573,526.265,1
zUdMBtK2UVE_36737-37596,308,1,821.0,95.0,149.0,182.0,inside_visible,838.854,531.45,1
zUdMBtK2UVE_36737-37596,308,2,512.3333333333334,187.22222222222223,197.1111111111111,209.1111111111111,inside_visible,841.906,528.932,1
zUdMBtK2UVE_36737-37596,309,1,819.75,98.25,149.0,182.0,inside_visible,843.799,532.339,1
zUdMBtK2UVE_36737-37596,309,2,511.6666666666667,187.44444444444449,197.22222222222223,209.22222222222223,inside_visible,840.573,530.265,1
zUdMBtK2UVE_36737-37596,310,1,818.5,101.5,149.0,182.0,inside_visible,793.632,509.672,1
zUdMBtK2UVE_36737-37596,310,2,511.0,187.66666666666663,197.33333333333337,209.33333333333331,inside_visible,799.24,506.265,1
zUdMBtK2UVE_36737-37596,311,1,817.25,104.75,149.0,182.0,inside_visible,796.799,511.006,1
zUdMBtK2UVE_36737-37596,311,2,510.3333333333333,187.88888888888889,197.4444444444445,209.44444444444443,inside_visible,795.0178333333333,508.48716666666667,1
zUdMBtK2UVE_36737-37596,312,1,816.0,108.0,149.0,182.0,inside_visible,796.5455999999999,511.2639,1
zUdMBtK2UVE_36737-37596,312,2,509.6666666666667,188.11111111111111,197.5555555555555,209.5555555555556,inside_visible,790.7956666666666,510.7093333333333,1
zUdMBtK2UVE_36737-37596,313,1,813.25,109.25,149.0,182.0,inside_visible,796.2922,511.5218,1
zUdMBtK2UVE_36737-37596,313,2,509.0,188.33333333333331,197.66666666666663,209.66666666666663,inside_visible,786.5735,512.9314999999999,1
zUdMBtK2UVE_36737-37596,314,1,810.5,110.5,149.0,182.0,inside_visible,796.0388,511.7797,1
zUdMBtK2UVE_36737-37596,314,2,508.3333333333333,188.55555555555557,197.77777777777777,209.77777777777777,inside_visible,782.3513333333334,515.1536666666666,1
zUdMBtK2UVE_36737-37596,315,1,807.75,111.75,149.0,182.0,inside_visible,795.7854,512.0376,1
zUdMBtK2UVE_36737-37596,315,2,507.6666666666667,188.77777777777777,197.88888888888889,209.8888888888889,inside_visible,778.1291666666667,517.3758333333333,1
zUdMBtK2UVE_36737-37596,316,1,805.0,113.0,149.0,182.0,inside_visible,795.5319999999999,512.2955,1
zUdMBtK2UVE_36737-37596,316,2,507.0,189.0,198.0,210.0,inside_visible,773.907,519.598,1
zUdMBtK2UVE_36737-37596,317,1,806.8333333333334,111.16666666666669,149.0,182.0,inside_visible,795.2786,512.5534,1
zUdMBtK2UVE_36737-37596,317,2,515.0,192.25,198.0,210.0,inside_visible,773.37375,519.9979999999999,1
zUdMBtK2UVE_36737-37596,318,1,808.6666666666666,109.33333333333331,149.0,182.0,inside_visible,795.0252,512.8113,1
zUdMBtK2UVE_36737-37596,318,2,523.0,195.5,198.0,210.0,inside_visible,772.8405,520.3979999999999,1
zUdMBtK2UVE_36737-37596,319,1,810.5,107.5,149.0,182.0,inside_visible,794.7718,513.0692,1
zUdMBtK2UVE_36737-37596,319,2,531.0,198.75,198.0,210.0,inside_visible,772.3072500000001,520.798,1
zUdMBtK2UVE_36737-37596,320,1,812.3333333333334,105.66666666666669,149.0,182.0,inside_visible,794.5183999999999,513.3271,1
zUdMBtK2UVE_36737-37596,320,2,539.0,202.0,198.0,210.0,inside_visible,771.774,521.198,1
zUdMBtK2UVE_36737-37596,321,1,814.1666666666666,103.83333333333331,149.0,182.0,inside_visible,794.265,513.585,1
zUdMBtK2UVE_36737-37596,321,2,546.6666666666666,204.66666666666663,198.0,210.00000000000003,inside_visible,797.907,424.931,1
zUdMBtK2UVE_36737-37596,322,1,816.0,102.0,149.0,182.0,inside_visible,794.0115999999999,513.8429,1
zUdMBtK2UVE_36737-37596,322,2,554.3333333333334,207.33333333333331,198.0,210.0,inside_visible,798.6682000000001,424.0072,1
zUdMBtK2UVE_36737-37596,323,1,818.75,102.0,149.0,182.0,inside_visible,793.7582,514.1007999999999,1
zUdMBtK2UVE_36737-37596,323,2,562.0,210.0,198.0,210.0,inside_visible,799.4294,423.0834,1
zUdMBtK2UVE_36737-37596,324,1,821.5,102.0,149.0,182.0,inside_visible,793.5047999999999,514.3587,1
zUdMBtK2UVE_36737-37596,324,2,569.4,212.0,198.0,210.0,inside_visible,800.1906,422.1596,1
zUdMBtK2UVE_36737-37596,325,1,824.25,102.0,149.0,182.0,inside_visible,793.2514,514.6166,1
zUdMBtK2UVE_36737-37596,325,2,576.8,214.0,198.0,210.0,inside_visible,800.9517999999999,421.2358,1
zUdMBtK2UVE_36737-37596,326,1,827.0,102.0,149.0,182.0,inside_visible,792.998,514.8745,1
zUdMBtK2UVE_36737-37596,326,2,584.2,216.0,198.0,210.0,inside_visible,801.713,420.312,1
zUdMBtK2UVE_36737-37596,327,1,833.5,100.5,149.0,182.0,inside_visible,792.7446,515.1324,1
zUdMBtK2UVE_36737-37596,327,2,591.6,218.0,198.0,210.0,inside_visible,808.157,425.868,1
zUdMBtK2UVE_36737-37596,328,1,840.0,99.0,149.0,182.0,inside_visible,792.4911999999999,515.3903,1
zUdMBtK2UVE_36737-37596,328,2,599.0,220.0,198.0,210.0,inside_visible,785.268,519.423,1
zUdMBtK2UVE_36737-37596,329,1,840.0,99.0,154.0,174.0,inside_visible,792.2378,515.6482,1
zUdMBtK2UVE_36737-37596,329,2,612.5,220.0,198.0,210.0,inside_visible,783.046,510.979,1
zUdMBtK2UVE_36737-37596,330,1,841.3333333333334,98.16666666666669,154.0,174.0,inside_visible,791.9844,515.9061,1
zUdMBtK2UVE_36737-37596,330,2,626.0,220.0,198.0,210.0,inside_visible,786.6766250000001,510.8186875,1
zUdMBtK2UVE_36737-37596,331,1,842.6666666666666,97.33333333333331,154.0,174.0,inside_visible,791.731,516.164,1
zUdMBtK2UVE_36737-37596,331,2,633.3333333333334,222.33333333333331,198.0,210.0,inside_visible,790.3072500000001,510.658375,1
zUdMBtK2UVE_36737-37596,332,1,844.0,96.5,154.0,174.0,inside_visible,844.678,401.622,1
zUdMBtK2UVE_36737-37596,332,2,640.6666666666666,224.66666666666663,198.0,210.00000000000003,inside_visible,793.9378750000001,510.4980625,1
zUdMBtK2UVE_36737-37596,333,1,845.3333333333334,95.66666666666669,154.0,174.0,inside_visible,848.5775,401.839,1
zUdMBtK2UVE_36737-37596,333,2,648.0,227.0,198.0,210.0,inside_visible,797.5685000000001,510.33775,1
zUdMBtK2UVE_36737-37596,334,1,846.6666666666666,94.83333333333331,154.0,174.0,inside_visible,852.477,402.056,1
zUdMBtK2UVE_36737-37596,334,2,658.0,235.0,192.0,209.5,inside_visible,801.199125,510.1774375,1
zUdMBtK2UVE_36737-37596,335,1,848.0,94.0,154.0,174.0,inside_visible,791.955,512.77,1
zUdMBtK2UVE_36737-37596,335,2,668.0,243.0,186.0,209.0,inside_visible,804.82975,510.017125,1
zUdMBtK2UVE_36737-37596,336,1,852.0,94.0,154.0,174.0,inside_visible,794.084,503.003,1
zUdMBtK2UVE_36737-37596,336,2,669.0,251.66666666666663,186.33333333333337,209.00000000000003,inside_visible,808.460375,509.8568125,1
zUdMBtK2UVE_36737-37596,337,1,856.0,94.0,154.0,174.0,inside_visible,789.811,507.389,1
zUdMBtK2UVE_36737-37596,337,2,670.0,260.3333333333333,186.66666666666663,209.0,inside_visible,812.091,509.6965,1
zUdMBtK2UVE_36737-37596,338,1,862.3333333333334,94.0,154.0,174.0,inside_visible,792.477,508.722,1
zUdMBtK2UVE_36737-37596,338,2,671.0,269.0,187.0,209.0,inside_visible,815.721625,509.5361875,1
zUdMBtK2UVE_36737-37596,339,1,868.6666666666666,94.0,154.0,174.0,inside_visible,792.4008873239436,508.7673098591549,1
zUdMBtK2UVE_36737-37596,339,2,667.3333333333334,276.6666666666667,187.0,204.66666666666663,inside_uncertain,819.35225,509.375875,1
zUdMBtK2UVE_36737-37596,340,1,875.0,94.0,154.0,174.0,inside_visible,792.3247746478874,508.81261971830986,1
zUdMBtK2UVE_36737-37596,340,2,663.6666666666666,284.3333333333333,187.0,200.33333333333337,inside_uncertain,822.982875,509.2155625,1
zUdMBtK2UVE_36737-37596,341,1,877.2,94.0,154.0,174.0,inside_visible,792.248661971831,508.8579295774648,1
zUdMBtK2UVE_36737-37596,341,2,660.0,292.0,187.0,196.0,inside_uncertain,826.6134999999999,509.05525,1
zUdMBtK2UVE_36737-37596,342,1,879.4,94.0,154.0000000000001,174.0,inside_visible,792.1725492957746,508.9032394366197,1
zUdMBtK2UVE_36737-37596,342,2,654.0,301.0,183.5,195.5,inside_uncertain,830.2441249999999,508.8949375,1
zUdMBtK2UVE_36737-37596,343,1,881.6,94.0,153.9999999999999,174.0,inside_visible,792.0964366197182,508.9485492957746,1
zUdMBtK2UVE_36737-37596,343,2,648.0,310.0,180.0,195.0,inside_uncertain,833.87475,508.734625,1
zUdMBtK2UVE_36737-37596,344,1,883.8,94.0,154.0,174.0,inside_visible,792.020323943662,508.9938591549296,1
zUdMBtK2UVE_36737-37596,344,2,632.5,319.0,180.0,195.5,inside_uncertain,837.505375,508.5743125,1
zUdMBtK2UVE_36737-37596,345,1,886.0,94.0,154.0,174.0,inside_visible,791.9442112676056,509.0391690140845,1
zUdMBtK2UVE_36737-37596,345,2,617.0,328.0,180.0,196.0,inside_visible,841.136,508.414,1
zUdMBtK2UVE_36737-37596,346,1,887.6,94.0,153.9999999999999,175.60000000000002,inside_visible,791.8680985915493,509.08447887323945,1
zUdMBtK2UVE_36737-37596,346,2,604.0,337.0,180.0,196.0,inside_visible,838.136,509.8583333333333,1
zUdMBtK2UVE_36737-37596,347,1,889.2,94.0,154.0,177.2,inside_visible,791.7919859154929,509.12978873239433,1
zUdMBtK2UVE_36737-37596,347,2,591.0,346.0,180.0,196.0,inside_visible,835.136,511.30266666666665,1
zUdMBtK2UVE_36737-37596,348,1,890.8,94.0,154.0,178.8,inside_visible,791.7158732394366,509.1750985915493,1
zUdMBtK2UVE_36737-37596,348,2,578.5,356.5,180.0,196.0,inside_visible,832.136,512.747,1
zUdMBtK2UVE_36737-37596,349,1,892.4,94.0,154.0000000000001,180.4,inside_visible,791.6397605633803,509.2204084507042,1
zUdMBtK2UVE_36737-37596,349,2,566.0,367.0,180.0,196.0,inside_visible,717.136,528.414,1
zUdMBtK2UVE_36737-37596,350,1,894.0,94.0,154.0,182.0,inside_visible,791.5636478873239,509.2657183098592,1
zUdMBtK2UVE_36737-37596,350,2,559.0,372.0,180.0,196.0,inside_visible,718.6943333333334,530.6056666666667,1
zUdMBtK2UVE_36737-37596,351,1,895.8333333333334,94.0,153.9999999999999,182.0,inside_visible,791.4875352112675,509.3110281690141,1
zUdMBtK2UVE_36737-37596,351,2,552.0,377.0,180.0,196.0,inside_visible,720.2526666666666,532.7973333333333,1
zUdMBtK2UVE_36737-37596,352,1,897.6666666666666,94.0,154.0000000000001,182.0,inside_visible,791.4114225352113,509.356338028169,1
zUdMBtK2UVE_36737-37596,352,2,548.0,379.5,180.0,196.0,inside_visible,721.811,534.989,1
zUdMBtK2UVE_36737-37596,353,1,899.5,94.0,154.0,182.0,inside_visible,791.3353098591549,509.4016478873239,1
zUdMBtK2UVE_36737-37596,353,2,544.0,382.0,180.0,196.0,inside_visible,722.0891,535.0309,1
zUdMBtK2UVE_36737-37596,354,1,901.3333333333334,94.0,153.9999999999999,182.0,inside_visible,791.2591971830985,509.44695774647886,1
zUdMBtK2UVE_36737-37596,354,2,536.0,388.0,180.0,196.0,inside_visible,722.3672,535.0728,1
zUdMBtK2UVE_36737-37596,355,1,903.1666666666666,94.0,154.0000000000001,182.0,inside_visible,791.1830845070423,509.4922676056338,1
zUdMBtK2UVE_36737-37596,355,2,540.5,396.5,180.0,198.5,inside_visible,722.6453,535.1147000000001,1
zUdMBtK2UVE_36737-37596,356,1,905.0,94.0,154.0,182.0,inside_visible,791.1069718309859,509.5375774647888,1
zUdMBtK2UVE_36737-37596,356,2,545.0,405.0,180.0,201.0,inside_visible,722.9234,535.1566,1
zUdMBtK2UVE_36737-37596,357,1,905.0,94.0,154.0,179.39999999999998,inside_visible,791.0308591549295,509.5828873239437,1
zUdMBtK2UVE_36737-37596,357,2,539.5,408.5,180.5,201.0,inside_visible,723.2015,535.1985,1
zUdMBtK2UVE_36737-37596,358,1,905.0,94.0,154.0,176.8,inside_visible,790.9547464788732,509.62819718309856,1
zUdMBtK2UVE_36737-37596,358,2,534.0,412.0,181.0,201.0,inside_visible,723.4796,535.2404,1
zUdMBtK2UVE_36737-37596,359,1,905.0,94.0,154.0,174.2,inside_visible,790.8786338028169,509.6735070422535,1
zUdMBtK2UVE_36737-37596,359,2,541.0,411.0,184.0,194.0,inside_visible,723.7577,535.2823000000001,1
zUdMBtK2UVE_36737-37596,360,1,905.0,94.0,154.0,171.60000000000002,inside_visible,790.8025211267606,509.7188169014085,1
zUdMBtK2UVE_36737-37596,360,2,541.25,412.25,184.0,194.25,inside_visible,724.0358,535.3242,1
zUdMBtK2UVE_36737-37596,361,1,905.0,94.0,154.0,169.0,inside_visible,790.7264084507042,509.7641267605634,1
zUdMBtK2UVE_36737-37596,361,2,541.5,413.5,184.0,194.5,inside_visible,724.3139,535.3661,1
zUdMBtK2UVE_36737-37596,362,1,905.0,92.4,154.0,168.99999999999997,inside_visible,790.6502957746478,509.8094366197183,1
zUdMBtK2UVE_36737-37596,362,2,541.75,414.75,184.0,194.75,inside_visible,724.5920000000001,535.408,1
zUdMBtK2UVE_36737-37596,363,1,905.0,90.8,154.0,169.0,inside_visible,790.5741830985916,509.8547464788732,1
zUdMBtK2UVE_36737-37596,363,2,542.0,416.0,184.0,195.0,inside_visible,724.8701000000001,535.4499000000001,1
zUdMBtK2UVE_36737-37596,364,1,905.0,89.2,154.0,169.0,inside_visible,790.4980704225352,509.90005633802815,1
zUdMBtK2UVE_36737-37596,364,2,548.0,416.0,184.0,195.33333333333337,inside_visible,725.1482000000001,535.4918,1
zUdMBtK2UVE_36737-37596,365,1,905.0,87.6,154.0,169.00000000000003,inside_visible,790.4219577464788,509.9453661971831,1
zUdMBtK2UVE_36737-37596,365,2,554.0,416.0,184.0,195.66666666666663,inside_visible,725.4263000000001,535.5337,1
zUdMBtK2UVE_36737-37596,366,1,905.0,86.0,154.0,169.0,inside_visible,790.3458450704225,509.990676056338,1
zUdMBtK2UVE_36737-37596,366,2,560.0,416.0,184.0,196.0,inside_visible,725.7044000000001,535.5756,1
zUdMBtK2UVE_36737-37596,367,1,903.6666666666666,86.0,154.0000000000001,169.0,inside_visible,790.2697323943662,510.035985915493,1
zUdMBtK2UVE_36737-37596,367,2,559.7272727272727,416.3636363636364,184.18181818181813,195.09090909090912,inside_visible,725.9825000000001,535.6175000000001,1
zUdMBtK2UVE_36737-37596,368,1,902.3333333333334,86.0,153.9999999999999,169.0,inside_visible,790.1936197183098,510.0812957746479,1
zUdMBtK2UVE_36737-37596,368,2,559.4545454545455,416.7272727272728,184.3636363636364,194.18181818181813,inside_visible,726.2606000000001,535.6594,1
zUdMBtK2UVE_36737-37596,369,1,901.0,86.0,154.0,169.0,inside_visible,790.1175070422535,510.1266056338028,1
zUdMBtK2UVE_36737-37596,369,2,559.1818181818181,417.09090909090907,184.54545454545465,193.2727272727273,inside_visible,726.5387000000001,535.7013,1
zUdMBtK2UVE_36737-37596,370,1,899.6666666666666,86.0,154.0000000000001,169.0,inside_visible,790.0413943661972,510.17191549295774,1
zUdMBtK2UVE_36737-37596,370,2,558.9090909090909,417.45454545454544,184.72727272727275,192.36363636363643,inside_visible,726.8168000000001,535.7432,1
zUdMBtK2UVE_36737-37596,371,1,898.3333333333334,86.0,153.9999999999999,169.0,inside_visible,789.9652816901408,510.2172253521127,1
zUdMBtK2UVE_36737-37596,371,2,558.6363636363636,417.8181818181818,184.90909090909088,191.45454545454544,inside_visible,727.0949,535.7851,1
zUdMBtK2UVE_36737-37596,372,1,897.0,86.0,154.0,169.0,inside_visible,789.8891690140845,510.2625352112676,1
zUdMBtK2UVE_36737-37596,372,2,558.3636363636364,418.1818181818182,185.09090909090912,190.54545454545456,inside_visible,727.373,535.827,1
zUdMBtK2UVE_36737-37596,373,1,894.8,87.6,154.0,172.79999999999998,inside_visible,789.8130563380281,510.30784507042256,1
zUdMBtK2UVE_36737-37596,373,2,558.0909090909091,418.54545454545456,185.27272727272725,189.6363636363636,inside_visible,728.318,533.869,1
zUdMBtK2UVE_36737-37596,374,1,892.6,89.2,153.9999999999999,176.60000000000002,inside_visible,789.7369436619718,510.35315492957744,1
zUdMBtK2UVE_36737-37596,374,2,557.8181818181819,418.9090909090909,185.45454545454535,188.7272727272727,inside_visible,727.929,530.911,1
zUdMBtK2UVE_36737-37596,375,1,890.4,90.8,154.0000000000001,180.4,inside_visible,789.6608309859155,510.3984647887324,1
zUdMBtK2UVE_36737-37596,375,2,557.5454545454545,419.27272727272725,185.63636363636363,187.81818181818187,inside_visible,730.207,532.397,1
zUdMBtK2UVE_36737-37596,376,1,888.2,92.4,154.0,184.2,inside_visible,789.5847183098591,510.4437746478873,1
zUdMBtK2UVE_36737-37596,376,2,557.2727272727273,419.6363636363636,185.81818181818187,186.90909090909088,inside_visible,759.152,564.55,1
zUdMBtK2UVE_36737-37596,377,1,886.0,94.0,154.0,188.0,inside_visible,789.5086056338027,510.4890845070423,1
zUdMBtK2UVE_36737-37596,377,2,557.0,420.0,186.0,186.0,inside_visible,758.764,559.37,1
zUdMBtK2UVE_36737-37596,378,1,884.75,96.0,155.25,186.0,inside_visible,789.4324929577465,510.5343943661972,1
zUdMBtK2UVE_36737-37596,378,2,556.375,420.125,186.25,187.0,inside_visible,758.9354,559.5986,1
zUdMBtK2UVE_36737-37596,379,1,883.5,98.0,156.5,184.0,inside_visible,789.3563802816901,510.5797042253521,1
zUdMBtK2UVE_36737-37596,379,2,555.75,420.25,186.5,188.0,inside_visible,759.1068,559.8272,1
zUdMBtK2UVE_36737-37596,380,1,882.25,100.0,157.75,182.0,inside_visible,789.2802676056338,510.62501408450703,1
zUdMBtK2UVE_36737-37596,380,2,555.125,420.375,186.75,189.0,inside_visible,759.2782,560.0558,1
zUdMBtK2UVE_36737-37596,381,1,881.0,102.0,159.0,180.0,inside_visible,789.2041549295775,510.670323943662,1
zUdMBtK2UVE_36737-37596,381,2,554.5,420.5,187.0,190.0,inside_visible,759.4496,560.2844,1
zUdMBtK2UVE_36737-37596,382,1,879.0,102.0,159.0,180.0,inside_visible,789.1280422535211,510.7156338028169,1
zUdMBtK2UVE_36737-37596,382,2,553.875,420.625,187.25,191.0,inside_visible,759.621,560.5129999999999,1
zUdMBtK2UVE_36737-37596,383,1,877.0,102.0,159.0,180.0,inside_visible,789.0519295774648,510.7609436619719,1
zUdMBtK2UVE_36737-37596,383,2,553.25,420.75,187.5,192.0,inside_visible,759.7923999999999,560.7416,1
zUdMBtK2UVE_36737-37596,384,1,875.0,102.0,159.0,180.0,inside_visible,788.9758169014084,510.8062535211268,1
zUdMBtK2UVE_36737-37596,384,2,552.625,420.875,187.75,193.0,inside_visible,759.9638,560.9702,1
zUdMBtK2UVE_36737-37596,385,1,873.0,102.0,159.0,180.0,inside_visible,788.8997042253521,510.8515633802817,1
zUdMBtK2UVE_36737-37596,385,2,552.0,421.0,188.0,194.0,inside_visible,760.1351999999999,561.1988,1
zUdMBtK2UVE_36737-37596,386,1,871.75,104.0,159.0,180.0,inside_visible,788.8235915492958,510.8968732394366,1
zUdMBtK2UVE_36737-37596,386,2,552.4,421.4,188.0,194.4,inside_visible,760.3066,561.4273999999999,1
zUdMBtK2UVE_36737-37596,387,1,870.5,106.0,159.0,180.0,inside_visible,788.7474788732394,510.9421830985916,1
zUdMBtK2UVE_36737-37596,387,2,552.8,421.8,188.0,194.8,inside_visible,760.478,561.656,1
zUdMBtK2UVE_36737-37596,388,1,869.25,108.0,159.0,180.0,inside_visible,788.671366197183,510.9874929577465,1
zUdMBtK2UVE_36737-37596,388,2,553.2,422.2,188.0,195.2,inside_visible,760.2565789473683,560.9030526315789,1
zUdMBtK2UVE_36737-37596,389,1,868.0,110.0,159.0,180.0,inside_visible,788.5952535211268,511.03280281690144,1
zUdMBtK2UVE_36737-37596,389,2,553.6,422.6,188.0,195.6,inside_visible,760.0351578947368,560.1501052631578,1
zUdMBtK2UVE_36737-37596,390,1,862.6666666666666,112.66666666666669,159.0,180.0,inside_visible,788.5191408450704,511.0781126760563,1
zUdMBtK2UVE_36737-37596,390,2,554.0,423.0,188.0,196.0,inside_visible,759.8137368421052,559.3971578947368,1
zUdMBtK2UVE_36737-37596,391,1,857.3333333333334,115.33333333333331,159.0,180.0,inside_visible,788.443028169014,511.12342253521126,1
zUdMBtK2UVE_36737-37596,391,2,553.6666666666666,422.55555555555554,188.22222222222229,196.33333333333337,inside_visible,759.5923157894737,558.6442105263158,1
zUdMBtK2UVE_36737-37596,392,1,852.0,118.0,159.0,180.0,inside_visible,788.3669154929577,511.1687323943662,1
zUdMBtK2UVE_36737-37596,392,2,553.3333333333334,422.1111111111111,188.44444444444449,196.66666666666677,inside_visible,759.370894736842,557.8912631578947,1
zUdMBtK2UVE_36737-37596,393,1,848.0,118.0,159.0,180.0,inside_visible,788.2908028169014,511.21404225352114,1
zUdMBtK2UVE_36737-37596,393,2,553.0,421.6666666666667,188.66666666666663,196.99999999999997,inside_visible,759.1494736842105,557.1383157894736,1
zUdMBtK2UVE_36737-37596,394,1,844.0,118.0,159.0,180.0,inside_visible,788.214690140845,511.2593521126761,1
zUdMBtK2UVE_36737-37596,394,2,552.6666666666666,421.22222222222223,188.8888888888889,197.3333333333333,inside_visible,758.9280526315789,556.3853684210526,1
zUdMBtK2UVE_36737-37596,395,1,841.0,137.0,156.0,175.0,inside_visible,788.1385774647887,511.304661971831,1
zUdMBtK2UVE_36737-37596,395,2,552.3333333333334,420.77777777777777,189.1111111111111,197.66666666666669,inside_visible,758.7066315789473,555.6324210526316,1
zUdMBtK2UVE_36737-37596,396,1,833.6666666666666,137.0,156.0,175.0,inside_visible,788.0624647887324,511.3499718309859,1
zUdMBtK2UVE_36737-37596,396,2,552.0,420.3333333333333,189.33333333333337,198.00000000000009,inside_visible,758.4852105263158,554.8794736842106,1
zUdMBtK2UVE_36737-37596,397,1,826.3333333333334,137.0,156.0,175.0,inside_visible,787.9863521126761,511.3952816901409,1
zUdMBtK2UVE_36737-37596,397,2,551.6666666666666,419.8888888888889,189.55555555555557,198.3333333333333,inside_visible,758.2637894736841,554.1265263157894,1
zUdMBtK2UVE_36737-37596,398,1,819.0,137.0,156.0,175.0,inside_visible,787.9102394366197,511.4405915492958,1
zUdMBtK2UVE_36737-37596,398,2,551.3333333333334,419.44444444444446,189.7777777777777,198.66666666666663,inside_visible,758.0423684210526,553.3735789473684,1
zUdMBtK2UVE_36737-37596,399,1,815.3333333333334,137.0,156.0,175.0,inside_visible,787.8341267605633,511.48590140845073,1
zUdMBtK2UVE_36737-37596,399,2,551.0,419.0,190.0,199.0,inside_visible,757.820947368421,552.6206315789474,1
zUdMBtK2UVE_36737-37596,400,1,811.6666666666666,137.0,156.0,175.0,inside_visible,787.7580140845071,511.53121126760567,1
zUdMBtK2UVE_36737-37596,400,2,551.0,418.5,189.70000000000005,199.1,inside_visible,757.5995263157894,551.8676842105264,1
zUdMBtK2UVE_36737-37596,401,1,808.0,137.0,156.0,175.0,inside_visible,787.6819014084507,511.57652112676055,1
zUdMBtK2UVE_36737-37596,401,2,551.0,418.0,189.4,199.20000000000005,inside_visible,757.3781052631579,551.1147368421052,1
zUdMBtK2UVE_36737-37596,402,1,805.25,137.75,156.0,175.0,inside_visible,787.6057887323943,511.6218309859155,1
zUdMBtK2UVE_36737-37596,402,2,551.0,417.5,189.1,199.29999999999995,inside_visible,757.1566842105262,550.3617894736842,1
zUdMBtK2UVE_36737-37596,403,1,802.5,138.5,156.0,175.0,inside_visible,787.529676056338,511.6671408450704,1
zUdMBtK2UVE_36737-37596,403,2,551.0,417.0,188.79999999999995,199.4,inside_visible,756.9352631578947,549.6088421052632,1
zUdMBtK2UVE_36737-37596,404,1,799.75,139.25,156.0,175.0,inside_visible,787.4535633802817,511.7124507042254,1
zUdMBtK2UVE_36737-37596,404,2,551.0,416.5,188.5,199.5,inside_visible,756.7138421052631,548.8558947368422,1
zUdMBtK2UVE_36737-37596,405,1,797.0,140.0,156.0,175.0,inside_visible,787.3774507042253,511.7577605633803,1
zUdMBtK2UVE_36737-37596,405,2,551.0,416.0,188.20000000000005,199.6,inside_visible,756.4924210526316,548.102947368421,1
zUdMBtK2UVE_36737-37596,406,1,786.0,140.0,156.0,175.0,inside_visible,787.301338028169,511.80307042253526,1
zUdMBtK2UVE_36737-37596,406,2,551.0,415.5,187.9,199.70000000000005,inside_visible,756.271,547.35,1
zUdMBtK2UVE_36737-37596,407,1,783.3333333333334,141.66666666666666,156.0,175.00000000000003,inside_visible,787.2252253521126,511.8483802816901,1
zUdMBtK2UVE_36737-37596,407,2,551.0,415.0,187.6,199.79999999999995,inside_visible,755.376,543.9022,1
zUdMBtK2UVE_36737-37596,408,1,780.6666666666666,143.33333333333334,156.0,174.99999999999997,inside_visible,787.1491126760563,511.8936901408451,1
zUdMBtK2UVE_36737-37596,408,2,551.0,414.5,187.29999999999995,199.9,inside_visible,754.481,540.4544,1
zUdMBtK2UVE_36737-37596,409,1,778.0,145.0,156.0,175.0,inside_visible,787.073,511.939,1
zUdMBtK2UVE_36737-37596,409,2,551.0,414.0,187.0,200.0,inside_visible,753.586,537.0066,1
zUdMBtK2UVE_36737-37596,410,1,778.2631578947369,145.42105263157896,156.0,175.0,inside_visible,786.184,514.6056666666667,1
zUdMBtK2UVE_36737-37596,410,2,551.3333333333334,414.0,186.1111111111111,198.77777777777783,inside_visible,752.691,533.5588,1
zUdMBtK2UVE_36737-37596,411,1,778.5263157894736,145.8421052631579,156.0,175.00000000000003,inside_visible,785.295,517.2723333333333,1
zUdMBtK2UVE_36737-37596,411,2,551.6666666666666,414.0,185.22222222222229,197.55555555555557,inside_visible,751.796,530.111,1
zUdMBtK2UVE_36737-37596,412,1,778.7894736842105,146.26315789473685,156.0,174.99999999999997,inside_visible,784.406,519.939,1
zUdMBtK2UVE_36737-37596,412,2,552.0,414.0,184.33333333333337,196.33333333333337,inside_visible,751.434,535.2964999999999,1
zUdMBtK2UVE_36737-37596,413,1,779.0526315789474,146.68421052631578,156.0,175.0,inside_visible,784.1495769230769,520.4518076923076,1
zUdMBtK2UVE_36737-37596,413,2,552.3333333333334,414.0,183.44444444444449,195.1111111111111,inside_visible,751.072,540.482,1
zUdMBtK2UVE_36737-37596,414,1,779.3157894736842,147.10526315789474,156.0,175.0,inside_visible,783.8931538461538,520.9646153846154,1
zUdMBtK2UVE_36737-37596,414,2,552.6666666666666,414.0,182.55555555555557,193.8888888888889,inside_visible,750.0721379310345,541.233,1
zUdMBtK2UVE_36737-37596,415,1,779.578947368421,147.52631578947367,156.0,175.00000000000003,inside_visible,783.6367307692308,521.4774230769231,1
zUdMBtK2UVE_36737-37596,415,2,553.0,414.0,181.66666666666663,192.66666666666663,inside_visible,749.072275862069,541.9839999999999,1
zUdMBtK2UVE_36737-37596,416,1,779.8421052631579,147.94736842105263,156.0,175.00000000000003,inside_visible,783.3803076923076,521.9902307692307,1
zUdMBtK2UVE_36737-37596,416,2,553.3333333333334,414.0,180.7777777777777,191.44444444444449,inside_visible,748.0724137931035,542.735,1
zUdMBtK2UVE_36737-37596,417,1,780.1052631578947,148.3684210526316,156.0,174.99999999999997,inside_visible,783.1238846153846,522.5030384615385,1
zUdMBtK2UVE_36737-37596,417,2,553.6666666666666,414.0,179.8888888888889,190.22222222222217,inside_visible,747.072551724138,543.486,1
zUdMBtK2UVE_36737-37596,418,1,780.3684210526316,148.78947368421052,156.0,175.0,inside_visible,782.8674615384615,523.0158461538462,1
zUdMBtK2UVE_36737-37596,418,2,554.0,414.0,179.0,189.0,inside_visible,746.0726896551724,544.237,1
zUdMBtK2UVE_36737-37596,419,1,780.6315789473684,149.21052631578948,156.0,175.0,inside_visible,782.6110384615384,523.5286538461538,1
zUdMBtK2UVE_36737-37596,419,2,553.6666666666666,413.6666666666667,179.33333333333337,189.66666666666669,inside_visible,745.0728275862069,544.9879999999999,1
zUdMBtK2UVE_36737-37596,420,1,780.8947368421053,149.6315789473684,156.0,175.00000000000003,inside_visible,782.3546153846154,524.0414615384615,1
zUdMBtK2UVE_36737-37596,420,2,553.3333333333334,413.3333333333333,179.66666666666663,190.3333333333333,inside_visible,744.0729655172414,545.7389999999999,1
zUdMBtK2UVE_36737-37596,421,1,781.1578947368421,150.05263157894737,156.0,174.99999999999997,inside_visible,782.0981923076923,524.5542692307693,1
zUdMBtK2UVE_36737-37596,421,2,553.0,413.0,180.0,191.0,inside_visible,743.0731034482759,546.49,1
zUdMBtK2UVE_36737-37596,422,1,781.421052631579,150.47368421052633,156.0,174.99999999999997,inside_visible,781.8417692307692,525.0670769230769,1
zUdMBtK2UVE_36737-37596,422,2,554.0,415.0,180.66666666666663,191.66666666666663,inside_visible,742.0732413793104,547.241,1
zUdMBtK2UVE_36737-37596,423,1,781.6842105263158,150.89473684210526,156.0,175.0,inside_visible,781.5853461538461,525.5798846153846,1
zUdMBtK2UVE_36737-37596,423,2,555.0,417.0,181.33333333333337,192.33333333333337,inside_visible,741.0733793103449,547.992,1
zUdMBtK2UVE_36737-37596,424,1,781.9473684210526,151.31578947368422,156.0,175.0,inside_visible,781.328923076923,526.0926923076923,1
zUdMBtK2UVE_36737-37596,424,2,556.0,419.0,182.0,193.0,inside_visible,740.0735172413794,548.7429999999999,1
zUdMBtK2UVE_36737-37596,425,1,782.2105263157895,151.73684210526315,156.0,175.00000000000003,inside_visible,781.0725,526.6055,1
zUdMBtK2UVE_36737-37596,425,2,555.2857142857143,418.7142857142857,182.42857142857133,193.5714285714286,inside_visible,739.0736551724139,549.4939999999999,1
zUdMBtK2UVE_36737-37596,426,1,782.4736842105264,152.1578947368421,156.0,174.99999999999997,inside_visible,780.8160769230769,527.1183076923077,1
zUdMBtK2UVE_36737-37596,426,2,554.5714285714286,418.4285714285714,182.8571428571429,194.1428571428571,inside_visible,738.0737931034483,550.245,1
zUdMBtK2UVE_36737-37596,427,1,782.7368421052631,152.57894736842104,156.0,175.0,inside_visible,780.5596538461539,527.6311153846154,1
zUdMBtK2UVE_36737-37596,427,2,553.8571428571429,418.1428571428572,183.28571428571425,194.7142857142857,inside_visible,737.0739310344828,550.996,1
zUdMBtK2UVE_36737-37596,428,1,783.0,153.0,156.0,175.0,inside_visible,780.3032307692308,528.1439230769231,1
zUdMBtK2UVE_36737-37596,428,2,553.1428571428571,417.8571428571428,183.71428571428575,195.28571428571428,inside_visible,736.0740689655172,551.747,1
zUdMBtK2UVE_36737-37596,429,1,783.6,153.2,155.4666666666667,174.8,inside_visible,780.0468076923077,528.6567307692308,1
zUdMBtK2UVE_36737-37596,429,2,552.4285714285714,417.57142857142856,184.1428571428571,195.8571428571429,inside_visible,735.0742068965517,552.4979999999999,1
zUdMBtK2UVE_36737-37596,430,1,784.2,153.4,154.93333333333328,174.6,inside_visible,779.7903846153846,529.1695384615385,1
zUdMBtK2UVE_36737-37596,430,2,551.7142857142857,417.2857142857143,184.57142857142867,196.4285714285714,inside_visible,734.0743448275862,553.249,1
zUdMBtK2UVE_36737-37596,431,1,784.8,153.6,154.4000000000001,174.4,inside_visible,779.5339615384615,529.6823461538462,1
zUdMBtK2UVE_36737-37596,431,2,551.0,417.0,185.0,197.0,inside_visible,733.0744827586207,554.0,1
zUdMBtK2UVE_36737-37596,432,1,785.4,153.8,153.86666666666667,174.2,inside_visible,779.2775384615385,530.1951538461539,1
zUdMBtK2UVE_36737-37596,432,2,550.0,418.0,185.4,195.0,inside_visible,732.0746206896551,554.751,1
zUdMBtK2UVE_36737-37596,433,1,786.0,154.0,153.33333333333337,174.0,inside_visible,779.0211153846154,530.7079615384615,1
zUdMBtK2UVE_36737-37596,433,2,549.0,419.0,185.79999999999995,193.0,inside_visible,731.0747586206896,555.502,1
zUdMBtK2UVE_36737-37596,434,1,786.6,154.2,152.79999999999995,173.8,inside_visible,778.7646923076924,531.2207692307693,1
zUdMBtK2UVE_36737-37596,434,2,548.0,420.0,186.20000000000005,191.0,inside_visible,730.0748965517241,556.2529999999999,1
zUdMBtK2UVE_36737-37596,435,1,787.2,154.4,152.26666666666665,173.6,inside_visible,778.5082692307692,531.733576923077,1
zUdMBtK2UVE_36737-37596,435,2,547.0,421.0,186.6,189.0,inside_visible,729.0750344827586,557.004,1
zUdMBtK2UVE_36737-37596,436,1,787.8,154.6,151.73333333333335,173.4,inside_visible,778.2518461538461,532.2463846153846,1
zUdMBtK2UVE_36737-37596,436,2,546.0,422.0,187.0,187.0,inside_visible,728.0751724137931,557.755,1
zUdMBtK2UVE_36737-37596,437,1,788.4,154.8,151.20000000000005,173.2,inside_visible,777.9954230769231,532.7591923076924,1
zUdMBtK2UVE_36737-37596,437,2,547.6,420.8,187.19999999999996,188.99999999999997,inside_visible,727.0753103448276,558.506,1
zUdMBtK2UVE_36737-37596,438,1,789.0,155.0,150.66666666666663,173.0,inside_visible,777.739,533.272,1
zUdMBtK2UVE_36737-37596,438,2,549.2,419.6,187.4,191.0,inside_visible,726.0754482758621,559.257,1
zUdMBtK2UVE_36737-37596,439,1,789.6,155.2,150.13333333333333,172.8,inside_visible,773.739,536.93875,1
zUdMBtK2UVE_36737-37596,439,2,550.8,418.4,187.6,193.0,inside_visible,725.0755862068966,560.0079999999999,1
zUdMBtK2UVE_36737-37596,440,1,790.2,155.4,149.5999999999999,172.6,inside_visible,769.739,540.6055,1
zUdMBtK2UVE_36737-37596,440,2,552.4,417.2,187.80000000000007,195.00000000000009,inside_visible,724.075724137931,560.759,1
zUdMBtK2UVE_36737-37596,441,1,790.8,155.6,149.06666666666672,172.4,inside_visible,765.739,544.27225,1
zUdMBtK2UVE_36737-37596,441,2,554.0,416.0,188.0,197.0,inside_visible,723.0758620689655,561.51,1
zUdMBtK2UVE_36737-37596,442,1,791.4,155.8,148.5333333333333,172.2,inside_visible,761.739,547.939,1
zUdMBtK2UVE_36737-37596,442,2,553.2857142857143,415.4285714285714,188.28571428571425,196.57142857142856,inside_visible,722.076,562.261,1
zUdMBtK2UVE_36737-37596,443,1,792.0,156.0,148.0,172.0,inside_visible,745.739,553.272,1
zUdMBtK2UVE_36737-37596,443,2,552.5714285714286,414.8571428571428,188.57142857142856,196.1428571428572,inside_visible,721.2531111111111,561.3761111111111,1
zUdMBtK2UVE_36737-37596,444,1,793.75,154.75,150.0,172.75,inside_visible,741.739,552.6053333333334,1
zUdMBtK2UVE_36737-37596,444,2,551.8571428571429,414.2857142857143,188.8571428571428,195.7142857142857,inside_visible,720.4302222222223,560.4912222222222,1
zUdMBtK2UVE_36737-37596,445,1,795.5,153.5,152.0,173.5,inside_visible,737.739,551.9386666666667,1
zUdMBtK2UVE_36737-37596,445,2,551.1428571428571,413.7142857142857,189.1428571428572,195.28571428571428,inside_visible,719.6073333333334,559.6063333333333,1
zUdMBtK2UVE_36737-37596,446,1,797.25,152.25,154.0,174.25,inside_visible,733.739,551.272,1
zUdMBtK2UVE_36737-37596,446,2,550.4285714285714,413.1428571428572,189.42857142857144,194.85714285714283,inside_visible,718.7844444444445,558.7214444444444,1
zUdMBtK2UVE_36737-37596,447,1,799.0,151.0,156.0,175.0,inside_visible,729.739,550.6053333333334,1
zUdMBtK2UVE_36737-37596,447,2,549.7142857142857,412.57142857142856,189.71428571428575,194.42857142857144,inside_visible,717.9615555555555,557.8365555555556,1
zUdMBtK2UVE_36737-37596,448,1,799.0,148.25,156.0,175.0,inside_visible,725.739,549.9386666666667,1
zUdMBtK2UVE_36737-37596,448,2,549.0,412.0,190.0,194.0,inside_visible,717.1386666666666,556.9516666666667,1
zUdMBtK2UVE_36737-37596,449,1,799.0,145.5,156.0,175.0,inside_visible,721.739,549.272,1
zUdMBtK2UVE_36737-37596,449,2,548.75,412.75,189.25,194.75,inside_visible,716.3157777777777,556.0667777777778,1
zUdMBtK2UVE_36737-37596,450,1,799.0,142.75,156.0,175.0,inside_visible,721.739,554.272,1
zUdMBtK2UVE_36737-37596,450,2,548.5,413.5,188.5,195.5,inside_visible,715.4928888888888,555.1818888888889,1
zUdMBtK2UVE_36737-37596,451,1,799.0,140.0,156.0,175.0,inside_visible,721.739,559.272,1
zUdMBtK2UVE_36737-37596,451,2,548.25,414.25,187.75,196.25,inside_visible,714.67,554.297,1
zUdMBtK2UVE_36737-37596,452,1,800.1428571428571,139.57142857142858,156.0,174.99999999999997,inside_visible,721.739,564.272,1
zUdMBtK2UVE_36737-37596,452,2,548.0,415.0,187.0,197.0,inside_visible,888.662,633.412,1
zUdMBtK2UVE_36737-37596,453,1,801.2857142857143,139.14285714285714,156.0,175.00000000000003,inside_visible,721.739,569.272,1
zUdMBtK2UVE_36737-37596,453,2,549.6,415.0,187.6,196.79999999999995,inside_visible,896.521,637.594,1
zUdMBtK2UVE_36737-37596,454,1,802.4285714285714,138.71428571428572,156.0,175.0,inside_visible,720.406,591.939,1
zUdMBtK2UVE_36737-37596,454,2,551.2,415.0,188.19999999999996,196.6,inside_visible,900.743,634.261,1
zUdMBtK2UVE_36737-37596,455,1,803.5714285714286,138.28571428571428,156.0,175.0,inside_visible,719.0725,602.6055,1
zUdMBtK2UVE_36737-37596,455,2,552.8,415.0,188.80000000000007,196.4,inside_visible,900.5029000000001,634.8761999999999,1
zUdMBtK2UVE_36737-37596,456,1,804.7142857142857,137.85714285714286,156.0,174.99999999999997,inside_visible,717.739,613.272,1
zUdMBtK2UVE_36737-37596,456,2,554.4,415.0,189.4,196.20000000000005,inside_visible,900.2628000000001,635.4914,1
zUdMBtK2UVE_36737-37596,457,1,805.8571428571429,137.42857142857142,156.0,175.00000000000003,inside_visible,713.0725,624.6055,1
zUdMBtK2UVE_36737-37596,457,2,556.0,415.0,190.0,196.0,inside_visible,900.0227,636.1066,1
zUdMBtK2UVE_36737-37596,458,1,807.0,137.0,156.0,175.0,inside_visible,708.406,635.939,1
zUdMBtK2UVE_36737-37596,458,2,555.6666666666666,417.0,190.33333333333337,197.0,inside_visible,899.7826,636.7218,1
zUdMBtK2UVE_36737-37596,459,1,807.0,137.0,151.0,170.0,inside_visible,714.1836666666667,647.939,1
zUdMBtK2UVE_36737-37596,459,2,555.3333333333334,419.0,190.66666666666663,198.0,inside_visible,899.5425,637.337,1
zUdMBtK2UVE_36737-37596,460,1,808.5,134.5,151.0,170.0,inside_visible,719.9613333333333,659.939,1
zUdMBtK2UVE_36737-37596,460,2,555.0,421.0,191.0,199.0,inside_visible,899.3024,637.9522,1
zUdMBtK2UVE_36737-37596,461,1,810.0,132.0,151.0,170.0,inside_visible,725.739,671.939,1
zUdMBtK2UVE_36737-37596,461,2,559.0,420.3333333333333,187.66666666666663,200.00000000000009,inside_visible,899.0623,638.5674,1
zUdMBtK2UVE_36737-37596,462,1,810.0,124.0,151.0,170.0,inside_visible,725.2541515151515,672.2218181818181,1
zUdMBtK2UVE_36737-37596,462,2,563.0,419.6666666666667,184.33333333333337,200.99999999999997,inside_visible,898.8222,639.1826,1
zUdMBtK2UVE_36737-37596,463,1,811.0,122.4,151.0,169.99999999999997,inside_visible,724.769303030303,672.5046363636363,1
zUdMBtK2UVE_36737-37596,463,2,567.0,419.0,181.0,202.0,inside_visible,898.5821,639.7978,1
zUdMBtK2UVE_36737-37596,464,1,812.0,120.8,151.0,170.0,inside_visible,724.2844545454545,672.7874545454545,1
zUdMBtK2UVE_36737-37596,464,2,566.5,419.5,182.0,203.0,inside_visible,898.342,640.413,1
zUdMBtK2UVE_36737-37596,465,1,813.0,119.2,151.0,170.0,inside_visible,723.799606060606,673.0702727272727,1
zUdMBtK2UVE_36737-37596,465,2,566.0,420.0,183.0,204.0,inside_visible,769.035,645.428,1
zUdMBtK2UVE_36737-37596,466,1,814.0,117.6,151.0,170.00000000000003,inside_visible,723.3147575757577,673.3530909090908,1
zUdMBtK2UVE_36737-37596,466,2,563.3333333333334,419.6666666666667,184.0,204.66666666666669,inside_visible,766.992,645.4153333333334,1
zUdMBtK2UVE_36737-37596,467,1,815.0,116.0,151.0,170.0,inside_visible,722.8299090909092,673.6359090909091,1
zUdMBtK2UVE_36737-37596,467,2,560.6666666666666,419.3333333333333,185.0,205.3333333333333,inside_visible,764.949,645.4026666666666,1
zUdMBtK2UVE_36737-37596,468,1,818.0,108.0,151.0,170.0,inside_visible,722.3450606060607,673.9187272727272,1
zUdMBtK2UVE_36737-37596,468,2,558.0,419.0,186.0,206.0,inside_visible,762.906,645.39,1
zUdMBtK2UVE_36737-37596,469,1,820.0,104.75,151.0,170.0,inside_visible,721.8602121212122,674.2015454545455,1
zUdMBtK2UVE_36737-37596,469,2,562.0,415.5,187.0,207.0,inside_visible,760.8629999999999,645.3773333333334,1
zUdMBtK2UVE_36737-37596,470,1,822.0,101.5,151.0,170.0,inside_visible,721.3753636363637,674.4843636363636,1
zUdMBtK2UVE_36737-37596,470,2,566.0,412.0,188.0,208.0,inside_visible,758.82,645.3646666666666,1
zUdMBtK2UVE_36737-37596,471,1,824.0,98.25,151.0,170.0,inside_visible,720.8905151515152,674.7671818181818,1
zUdMBtK2UVE_36737-37596,471,2,567.0,406.5,188.0,205.0,inside_visible,756.777,645.352,1
zUdMBtK2UVE_36737-37596,472,1,826.0,95.0,151.0,170.0,inside_visible,720.4056666666667,675.05,1
zUdMBtK2UVE_36737-37596,472,2,568.0,401.0,188.0,202.0,inside_visible,754.734,645.3393333333333,1
zUdMBtK2UVE_36737-37596,473,1,828.0,99.0,151.0,170.0,inside_visible,719.9208181818182,675.3328181818182,1
zUdMBtK2UVE_36737-37596,473,2,567.3333333333334,389.3333333333333,187.0,203.3333333333333,inside_visible,752.691,645.3266666666666,1
zUdMBtK2UVE_36737-37596,474,1,829.5,98.0,151.0,170.0,inside_visible,719.4359696969698,675.6156363636363,1
zUdMBtK2UVE_36737-37596,474,2,566.6666666666666,377.6666666666667,186.0,204.66666666666669,inside_visible,750.648,645.314,1
zUdMBtK2UVE_36737-37596,475,1,831.0,97.0,151.0,170.0,inside_visible,718.9511212121213,675.8984545454546,1
zUdMBtK2UVE_36737-37596,475,2,566.0,366.0,185.0,206.0,inside_visible,748.648,647.0918333333333,1
zUdMBtK2UVE_36737-37596,476,1,832.5,96.0,151.0,170.0,inside_visible,718.4662727272728,676.1812727272727,1
zUdMBtK2UVE_36737-37596,476,2,559.5,354.0,187.0,207.5,inside_visible,746.648,648.8696666666666,1
zUdMBtK2UVE_36737-37596,477,1,834.0,95.0,151.0,170.0,inside_visible,717.9814242424243,676.4640909090909,1
zUdMBtK2UVE_36737-37596,477,2,553.0,342.0,189.0,209.0,inside_visible,744.648,650.6475,1
zUdMBtK2UVE_36737-37596,478,1,837.6666666666666,95.0,151.0,170.0,inside_visible,717.4965757575758,676.7469090909091,1
zUdMBtK2UVE_36737-37596,478,2,551.5,326.5,190.5,210.5,inside_visible,742.648,652.4253333333334,1
zUdMBtK2UVE_36737-37596,479,1,841.3333333333334,95.0,151.0,170.0,inside_visible,717.0117272727273,677.0297272727273,1
zUdMBtK2UVE_36737-37596,479,2,550.0,311.0,192.0,212.0,inside_visible,740.648,654.2031666666667,1
zUdMBtK2UVE_36737-37596,480,1,845.0,95.0,151.0,170.0,inside_visible,716.5268787878788,677.3125454545454,1
zUdMBtK2UVE_36737-37596,480,2,539.0,294.0,193.0,214.0,inside_visible,738.648,655.981,1
zUdMBtK2UVE_36737-37596,481,1,850.5,93.5,151.0,170.0,inside_visible,716.0420303030303,677.5953636363637,1
zUdMBtK2UVE_36737-37596,481,2,552.0,283.0,181.0,213.0,inside_visible,737.7591666666667,656.4255,1
zUdMBtK2UVE_36737-37596,482,1,856.0,92.0,151.0,170.0,inside_visible,715.5571818181819,677.8781818181818,1
zUdMBtK2UVE_36737-37596,482,2,540.1428571428571,274.85714285714283,184.57142857142856,214.5714285714286,inside_visible,736.8703333333334,656.87,1
zUdMBtK2UVE_36737-37596,483,1,859.25,92.0,151.0,170.0,inside_visible,715.0723333333334,678.1610000000001,1
zUdMBtK2UVE_36737-37596,483,2,528.2857142857143,266.7142857142857,188.1428571428571,216.1428571428571,inside_visible,735.9815000000001,657.3145,1
zUdMBtK2UVE_36737-37596,484,1,862.5,92.0,151.0,170.0,inside_visible,714.5874848484849,678.4438181818182,1
zUdMBtK2UVE_36737-37596,484,2,516.4285714285714,258.57142857142856,191.7142857142857,217.7142857142857,inside_visible,735.0926666666667,657.759,1
zUdMBtK2UVE_36737-37596,485,1,865.75,92.0,151.0,170.0,inside_visible,714.1026363636364,678.7266363636364,1
zUdMBtK2UVE_36737-37596,485,2,504.57142857142856,250.42857142857144,195.28571428571436,219.28571428571428,inside_visible,734.2038333333334,658.2035000000001,1
zUdMBtK2UVE_36737-37596,486,1,869.0,92.0,151.0,170.0,inside_visible,713.6177878787879,679.0094545454546,1
zUdMBtK2UVE_36737-37596,486,2,492.7142857142857,242.28571428571428,198.85714285714283,220.85714285714283,inside_visible,733.315,658.648,1
zUdMBtK2UVE_36737-37596,487,1,873.3333333333334,91.0,150.9999999999999,170.0,inside_visible,713.1329393939394,679.2922727272728,1
zUdMBtK2UVE_36737-37596,487,2,480.8571428571429,234.14285714285717,202.42857142857144,222.42857142857144,inside_visible,728.5150000000001,661.5145,1
zUdMBtK2UVE_36737-37596,488,1,877.6666666666666,90.0,151.0000000000001,170.0,inside_visible,712.6480909090909,679.5750909090909,1
zUdMBtK2UVE_36737-37596,488,2,469.0,226.0,206.0,224.0,inside_visible,723.715,664.3810000000001,1
zUdMBtK2UVE_36737-37596,489,1,882.0,89.0,151.0,170.0,inside_visible,712.1632424242424,679.8579090909092,1
zUdMBtK2UVE_36737-37596,489,2,457.5,227.0,206.5,224.0,inside_visible,718.915,667.2475000000001,1
zUdMBtK2UVE_36737-37596,490,1,893.0,89.0,151.0,181.0,inside_visible,711.678393939394,680.1407272727273,1
zUdMBtK2UVE_36737-37596,490,2,446.0,228.0,207.0,224.0,inside_visible,714.115,670.114,1
zUdMBtK2UVE_36737-37596,491,1,893.25,88.33333333333333,151.0,181.0,inside_visible,711.1935454545455,680.4235454545455,1
zUdMBtK2UVE_36737-37596,491,2,434.0,226.5,207.0,223.5,inside_visible,1029.315,387.981,1
zUdMBtK2UVE_36737-37596,492,1,893.5,87.66666666666667,151.0,181.0,inside_visible,710.708696969697,680.7063636363637,1
zUdMBtK2UVE_36737-37596,492,2,422.0,225.0,207.0,223.0,inside_visible,1035.1273333333334,393.19,1
zUdMBtK2UVE_36737-37596,493,1,893.75,87.0,151.0,181.0,inside_visible,710.2238484848485,680.9891818181819,1
zUdMBtK2UVE_36737-37596,493,2,412.0,223.0,207.0,223.0,inside_visible,1040.9396666666669,398.399,1
zUdMBtK2UVE_36737-37596,494,1,894.0,86.33333333333333,151.0,181.0,inside_visible,709.739,681.272,1
zUdMBtK2UVE_36737-37596,494,2,402.0,221.0,207.0,223.0,inside_visible,1046.752,403.608,1
zUdMBtK2UVE_36737-37596,495,1,894.25,85.66666666666667,151.0,181.0,inside_visible,704.4055000000001,670.6055,1
zUdMBtK2UVE_36737-37596,495,2,392.0,219.0,207.0,223.0,inside_visible,938.752,194.275,1
zUdMBtK2UVE_36737-37596,496,1,894.5,85.0,151.0,181.0,inside_visible,699.072,659.939,1
zUdMBtK2UVE_36737-37596,496,2,390.0,210.25,206.75,223.0,inside_visible,939.78055,193.6496,1
zUdMBtK2UVE_36737-37596,497,1,894.75,84.33333333333333,151.0,181.0,inside_visible,689.072,654.6055,1
zUdMBtK2UVE_36737-37596,497,2,388.0,201.5,206.5,223.0,inside_visible,940.8091,193.0242,1
zUdMBtK2UVE_36737-37596,498,1,895.0,83.66666666666667,151.0,181.0,inside_visible,679.072,649.272,1
zUdMBtK2UVE_36737-37596,498,2,386.0,192.75,206.25,223.0,inside_visible,941.83765,192.3988,1
zUdMBtK2UVE_36737-37596,499,1,895.25,83.0,151.0,181.0,inside_visible,656.405,634.605,1
zUdMBtK2UVE_36737-37596,499,2,384.0,184.0,206.0,223.0,inside_visible,942.8662,191.7734,1
zUdMBtK2UVE_36737-37596,500,1,895.5,82.33333333333333,151.0,181.0,inside_visible,620.405,610.605,1
zUdMBtK2UVE_36737-37596,500,2,375.5,169.5,206.0,223.0,inside_visible,943.89475,191.148,1
zUdMBtK2UVE_36737-37596,501,1,895.75,81.66666666666667,151.0,181.0,inside_visible,583.072,589.272,1
zUdMBtK2UVE_36737-37596,501,2,367.0,155.0,206.0,223.0,inside_visible,944.9233,190.5226,1
zUdMBtK2UVE_36737-37596,502,1,896.0,81.0,151.0,181.0,inside_visible,581.072,577.272,1
zUdMBtK2UVE_36737-37596,502,2,354.0,160.0,215.0,223.0,inside_visible,945.95185,189.8972,1
zUdMBtK2UVE_36737-37596,503,1,896.0,78.4,151.0,181.0,inside_visible,579.072,565.272,1
zUdMBtK2UVE_36737-37596,503,2,343.0,159.0,215.0,223.0,inside_visible,946.9804,189.2718,1
zUdMBtK2UVE_36737-37596,504,1,896.0,75.8,151.0,181.0,inside_visible,579.072,552.6055,1
zUdMBtK2UVE_36737-37596,504,2,330.625,160.125,215.875,223.0,inside_visible,948.00895,188.6464,1
zUdMBtK2UVE_36737-37596,505,1,896.0,73.2,151.0,181.0,inside_visible,579.072,539.939,1
zUdMBtK2UVE_36737-37596,505,2,318.25,161.25,216.75,223.0,inside_visible,949.0375,188.021,1
zUdMBtK2UVE_36737-37596,506,1,896.0,70.6,151.0,181.0,inside_visible,575.072,541.2725,1
zUdMBtK2UVE_36737-37596,506,2,305.875,162.375,217.625,223.0,inside_visible,950.06605,187.3956,1
zUdMBtK2UVE_36737-37596,507,1,896.0,68.0,151.0,181.0,inside_visible,571.072,542.606,1
zUdMBtK2UVE_36737-37596,507,2,293.5,163.5,218.5,223.0,inside_visible,951.0946,186.7702,1
zUdMBtK2UVE_36737-37596,508,1,897.625,67.625,151.0,181.0,inside_visible,629.738,617.939,1
zUdMBtK2UVE_36737-37596,508,2,281.125,164.625,219.375,223.0,inside_visible,952.12315,186.1448,1
zUdMBtK2UVE_36737-37596,509,1,899.25,67.25,151.0,181.0,inside_visible,616.405,599.939,1
zUdMBtK2UVE_36737-37596,509,2,268.75,165.75,220.25,223.0,inside_visible,953.1517,185.5194,1
zUdMBtK2UVE_36737-37596,510,1,900.875,66.875,151.0,181.0,inside_visible,613.1095,593.9905,1
zUdMBtK2UVE_36737-37596,510,2,256.375,166.875,221.125,223.0,inside_visible,954.18025,184.894,1
zUdMBtK2UVE_36737-37596,511,1,902.5,66.5,151.0,181.0,inside_visible,609.814,588.042,1
zUdMBtK2UVE_36737-37596,511,2,244.0,168.0,222.0,223.0,inside_visible,955.2088,184.2686,1
zUdMBtK2UVE_36737-37596,512,1,904.125,66.125,151.0,181.0,inside_visible,600.4805,578.042,1
zUdMBtK2UVE_36737-37596,512,2,235.5,166.5,222.0,223.0,inside_visible,956.23735,183.6432,1
zUdMBtK2UVE_36737-37596,513,1,905.75,65.75,151.0,181.0,inside_visible,591.147,568.042,1
zUdMBtK2UVE_36737-37596,513,2,227.0,165.0,222.0,223.0,inside_visible,957.2659,183.0178,1
zUdMBtK2UVE_36737-37596,514,1,907.375,65.375,151.0,181.0,inside_visible,589.547,566.1754,1
zUdMBtK2UVE_36737-37596,514,2,221.28571428571428,165.14285714285714,222.0,224.7142857142857,inside_visible,958.29445,182.3924,1
zUdMBtK2UVE_36737-37596,515,1,909.0,65.0,151.0,181.0,inside_visible,587.947,564.3088,1
zUdMBtK2UVE_36737-37596,515,2,215.57142857142856,165.28571428571428,222.0,226.42857142857144,inside_visible,959.323,181.767,1
zUdMBtK2UVE_36737-37596,516,1,910.3333333333334,65.5,150.9999999999999,181.0,inside_visible,586.3470000000001,562.4422,1
zUdMBtK2UVE_36737-37596,516,2,209.8571428571429,165.42857142857142,222.0,228.14285714285717,inside_visible,534.752,512.942,1
zUdMBtK2UVE_36737-37596,517,1,911.6666666666666,66.0,151.0000000000001,181.0,inside_visible,584.7470000000001,560.5756,1
zUdMBtK2UVE_36737-37596,517,2,204.14285714285717,165.57142857142858,222.00000000000003,229.8571428571429,inside_visible,532.9862499999999,519.97925,1
zUdMBtK2UVE_36737-37596,518,1,913.0,66.5,151.0,181.0,inside_visible,583.147,558.709,1
zUdMBtK2UVE_36737-37596,518,2,198.42857142857144,165.71428571428572,222.00000000000003,231.57142857142856,inside_visible,531.2204999999999,527.0165,1
zUdMBtK2UVE_36737-37596,519,1,914.3333333333334,67.0,150.9999999999999,181.0,inside_visible,871.147,730.709,1
zUdMBtK2UVE_36737-37596,519,2,192.7142857142857,165.85714285714286,222.0,233.2857142857143,inside_visible,529.45475,534.05375,1
zUdMBtK2UVE_36737-37596,520,1,915.6666666666666,67.5,151.0000000000001,181.0,inside_visible,870.6838421052632,730.5546315789474,1
zUdMBtK2UVE_36737-37596,520,2,187.0,166.0,222.0,235.0,inside_visible,527.689,541.091,1
zUdMBtK2UVE_36737-37596,521,1,917.0,68.0,151.0,181.0,inside_visible,870.2206842105263,730.4002631578946,1
zUdMBtK2UVE_36737-37596,521,2,184.66666666666663,167.0,222.00000000000003,237.66666666666669,inside_visible,533.0225,548.4245000000001,1
zUdMBtK2UVE_36737-37596,522,1,918.8333333333334,69.33333333333333,150.4999999999999,180.16666666666669,inside_visible,869.7575263157895,730.245894736842,1
zUdMBtK2UVE_36737-37596,522,2,182.33333333333331,168.0,222.0,240.3333333333333,inside_visible,538.356,555.758,1
zUdMBtK2UVE_36737-37596,523,1,920.6666666666666,70.66666666666667,150.0000000000001,179.33333333333331,inside_visible,869.2943684210527,730.0915263157895,1
zUdMBtK2UVE_36737-37596,523,2,180.0,169.0,222.0,243.0,inside_visible,529.0225,553.0915,1
zUdMBtK2UVE_36737-37596,524,1,922.5,72.0,149.5,178.5,inside_visible,868.8312105263158,729.9371578947367,1
zUdMBtK2UVE_36737-37596,524,2,173.5,172.5,222.0,243.0,inside_visible,519.689,550.425,1
zUdMBtK2UVE_36737-37596,525,1,924.3333333333334,73.33333333333333,148.9999999999999,177.66666666666669,inside_visible,868.368052631579,729.7827894736841,1
zUdMBtK2UVE_36737-37596,525,2,167.0,176.0,222.0,243.0,inside_visible,517.02225,550.75825,1
zUdMBtK2UVE_36737-37596,526,1,926.1666666666666,74.66666666666667,148.5000000000001,176.83333333333331,inside_visible,867.9048947368422,729.6284210526316,1
zUdMBtK2UVE_36737-37596,526,2,163.0,175.4,222.0,243.0,inside_visible,514.3555,551.0915,1
zUdMBtK2UVE_36737-37596,527,1,928.0,76.0,148.0,176.0,inside_visible,867.4417368421052,729.4740526315788,1
zUdMBtK2UVE_36737-37596,527,2,159.0,174.8,222.0,243.0,inside_visible,511.68875,551.42475,1
zUdMBtK2UVE_36737-37596,528,1,930.6666666666666,76.0,148.0000000000001,176.0,inside_visible,866.9785789473684,729.3196842105262,1
zUdMBtK2UVE_36737-37596,528,2,155.0,174.2,222.0,243.0,inside_visible,509.022,551.758,1
zUdMBtK2UVE_36737-37596,529,1,933.3333333333334,76.0,147.9999999999999,176.0,inside_visible,866.5154210526316,729.1653157894737,1
zUdMBtK2UVE_36737-37596,529,2,151.0,173.6,222.0,243.00000000000003,inside_visible,503.6885,557.758,1
zUdMBtK2UVE_36737-37596,530,1,936.0,76.0,148.0,176.0,inside_visible,866.0522631578948,729.0109473684211,1
zUdMBtK2UVE_36737-37596,530,2,147.0,173.0,222.0,243.0,inside_visible,498.355,563.758,1
zUdMBtK2UVE_36737-37596,531,1,937.3333333333334,76.0,147.9999999999999,176.0,inside_visible,865.5891052631579,728.8565789473683,1
zUdMBtK2UVE_36737-37596,531,2,145.8,173.0,224.4,243.0,inside_visible,493.0215,569.758,1
zUdMBtK2UVE_36737-37596,532,1,938.6666666666666,76.0,148.0000000000001,176.0,inside_visible,865.1259473684211,728.7022105263158,1
zUdMBtK2UVE_36737-37596,532,2,144.6,173.0,226.8,243.0,inside_visible,487.688,575.758,1
zUdMBtK2UVE_36737-37596,533,1,940.0,76.0,148.0,176.0,inside_visible,864.6627894736843,728.5478421052632,1
zUdMBtK2UVE_36737-37596,533,2,143.4,173.0,229.2,243.0,inside_visible,487.688,570.091,1
zUdMBtK2UVE_36737-37596,534,1,941.3333333333334,76.0,147.9999999999999,176.0,inside_visible,864.1996315789473,728.3934736842104,1
zUdMBtK2UVE_36737-37596,534,2,142.2,173.0,231.6,243.0,inside_visible,490.355,577.758,1
zUdMBtK2UVE_36737-37596,535,1,942.6666666666666,76.0,148.0000000000001,176.0,inside_visible,863.7364736842105,728.2391052631579,1
zUdMBtK2UVE_36737-37596,535,2,141.0,173.0,234.0,243.0,inside_visible,489.0215,584.0915,1
zUdMBtK2UVE_36737-37596,536,1,944.0,76.0,148.0,176.0,inside_visible,863.2733157894737,728.0847368421053,1
zUdMBtK2UVE_36737-37596,536,2,143.5,172.9,232.8,243.0,inside_visible,487.688,590.425,1
zUdMBtK2UVE_36737-37596,537,1,945.0,75.0,148.0,176.0,inside_visible,862.8101578947368,727.9303684210525,1
zUdMBtK2UVE_36737-37596,537,2,146.0,172.8,231.6,243.0,inside_visible,487.0848333333333,589.1733333333333,1
zUdMBtK2UVE_36737-37596,538,1,946.0,74.0,148.0,176.0,inside_visible,862.347,727.776,1
zUdMBtK2UVE_36737-37596,538,2,148.5,172.7,230.4,243.0,inside_visible,486.4816666666667,587.9216666666666,1
zUdMBtK2UVE_36737-37596,539,1,947.0,73.0,148.0,176.0,inside_visible,489.813,592.043,1
zUdMBtK2UVE_36737-37596,539,2,151.0,172.6,229.2,243.00000000000003,inside_visible,485.8785,586.67,1
zUdMBtK2UVE_36737-37596,540,1,948.0,72.0,148.0,176.0,inside_visible,481.695,591.257,1
zUdMBtK2UVE_36737-37596,540,2,153.5,172.5,228.0,243.0,inside_visible,485.2753333333333,585.4183333333333,1
zUdMBtK2UVE_36737-37596,541,1,949.0,71.0,148.0,176.0,inside_visible,484.244,590.471,1
zUdMBtK2UVE_36737-37596,541,2,156.0,172.4,226.8,243.0,inside_visible,484.6721666666666,584.1666666666666,1
zUdMBtK2UVE_36737-37596,542,1,950.6,70.0,147.9999999999999,176.0,inside_visible,488.126,579.019,1
zUdMBtK2UVE_36737-37596,542,2,158.5,172.3,225.6,243.0,inside_visible,484.069,582.915,1
zUdMBtK2UVE_36737-37596,543,1,952.2,69.0,148.0,176.0,inside_visible,488.453,585.345,1
zUdMBtK2UVE_36737-37596,543,2,161.0,172.2,224.4,243.0,inside_visible,867.688,724.775,1
zUdMBtK2UVE_36737-37596,544,1,953.8,68.0,148.0,176.0,inside_visible,483.779,587.671,1
zUdMBtK2UVE_36737-37596,544,2,163.5,172.1,223.2,243.00000000000003,inside_visible,867.6119285714285,725.0261428571429,1
zUdMBtK2UVE_36737-37596,545,1,955.4,67.0,148.0000000000001,176.0,inside_visible,483.639,594.263,1
zUdMBtK2UVE_36737-37596,545,2,166.0,172.0,222.0,243.0,inside_visible,867.5358571428571,725.2772857142857,1
zUdMBtK2UVE_36737-37596,546,1,957.0,66.0,148.0,176.0,inside_visible,483.499,600.855,1
zUdMBtK2UVE_36737-37596,546,2,168.66666666666666,171.16666666666666,222.00000000000003,243.00000000000003,inside_visible,867.4597857142858,725.5284285714285,1
zUdMBtK2UVE_36737-37596,547,1,957.578947368421,65.84210526315789,148.0,176.0,inside_visible,484.3635555555556,598.9010000000001,1
zUdMBtK2UVE_36737-37596,547,2,171.33333333333334,170.33333333333334,222.0,243.0,inside_visible,867.3837142857143,725.7795714285714,1
zUdMBtK2UVE_36737-37596,548,1,958.157894736842,65.6842105263158,148.0,176.0,inside_visible,485.2281111111111,596.947,1
zUdMBtK2UVE_36737-37596,548,2,174.0,169.5,222.0,243.0,inside_visible,867.3076428571428,726.0307142857143,1
zUdMBtK2UVE_36737-37596,549,1,958.7368421052632,65.52631578947368,148.0,176.0,inside_visible,486.0926666666667,594.993,1
zUdMBtK2UVE_36737-37596,549,2,176.66666666666666,168.66666666666666,222.00000000000003,243.00000000000003,inside_visible,867.2315714285714,726.2818571428571,1
zUdMBtK2UVE_36737-37596,550,1,959.3157894736842,65.36842105263158,148.0,176.0,inside_visible,486.95722222222224,593.039,1
zUdMBtK2UVE_36737-37596,550,2,179.33333333333334,167.83333333333334,222.0,243.0,inside_visible,867.1555000000001,726.533,1
zUdMBtK2UVE_36737-37596,551,1,959.8947368421052,65.21052631578948,147.9999999999999,176.0,inside_visible,487.82177777777775,591.085,1
zUdMBtK2UVE_36737-37596,551,2,182.0,167.0,222.0,243.0,inside_visible,867.0794285714286,726.7841428571429,1
zUdMBtK2UVE_36737-37596,552,1,960.4736842105264,65.05263157894737,147.9999999999999,176.0,inside_visible,488.6863333333333,589.131,1
zUdMBtK2UVE_36737-37596,552,2,192.4,167.2,222.0,243.0,inside_visible,867.0033571428571,727.0352857142857,1
zUdMBtK2UVE_36737-37596,553,1,961.0526315789474,64.89473684210526,147.9999999999999,176.0,inside_visible,489.5508888888889,587.177,1
zUdMBtK2UVE_36737-37596,553,2,202.8,167.4,222.0,243.0,inside_visible,866.9272857142857,727.2864285714286,1
zUdMBtK2UVE_36737-37596,554,1,961.6315789473684,64.73684210526316,147.9999999999999,176.0,inside_visible,490.4154444444444,585.223,1
zUdMBtK2UVE_36737-37596,554,2,213.2,167.6,222.0,243.00000000000003,inside_visible,866.8512142857144,727.5375714285715,1
zUdMBtK2UVE_36737-37596,555,1,962.2105263157896,64.57894736842105,147.9999999999999,176.0,inside_visible,491.28,583.269,1
zUdMBtK2UVE_36737-37596,555,2,223.6,167.8,222.00000000000003,243.0,inside_visible,866.7751428571429,727.7887142857144,1
zUdMBtK2UVE_36737-37596,556,1,962.7894736842104,64.42105263157895,148.0000000000001,176.0,inside_visible,407.7,307.241,1
zUdMBtK2UVE_36737-37596,556,2,234.0,168.0,222.0,243.0,inside_visible,866.6990714285714,728.0398571428572,1
zUdMBtK2UVE_36737-37596,557,1,963.3684210526316,64.26315789473684,148.0000000000001,176.0,inside_visible,422.1315,305.739375,1
zUdMBtK2UVE_36737-37596,557,2,249.0,168.66666666666666,222.0,243.00000000000003,inside_visible,866.623,728.291,1
zUdMBtK2UVE_36737-37596,558,1,963.9473684210526,64.10526315789474,148.0000000000001,176.0,inside_visible,436.563,304.23775,1
zUdMBtK2UVE_36737-37596,558,2,264.0,169.33333333333334,222.0,243.0,inside_visible,866.50404,729.3864000000001,1
zUdMBtK2UVE_36737-37596,559,1,964.5263157894736,63.94736842105263,148.0000000000001,176.0,outside_frame,450.9945,302.736125,1
zUdMBtK2UVE_36737-37596,559,2,279.0,170.0,222.0,243.0,inside_visible,866.38508,730.4818,1
zUdMBtK2UVE_36737-37596,560,1,965.1052631578948,63.78947368421053,148.0000000000001,176.0,outside_frame,465.426,301.2345,1
zUdMBtK2UVE_36737-37596,560,2,304.0,181.0,222.0,243.0,inside_visible,866.26612,731.5772000000001,1
zUdMBtK2UVE_36737-37596,561,1,965.6842105263158,63.631578947368425,148.0,176.0,outside_frame,479.8575,299.732875,1
zUdMBtK2UVE_36737-37596,561,2,325.6666666666667,187.33333333333331,221.99999999999997,237.33333333333331,inside_visible,866.14716,732.6726000000001,1
zUdMBtK2UVE_36737-37596,562,1,966.2631578947368,63.47368421052632,148.0,176.0,outside_frame,494.289,298.23125,1
zUdMBtK2UVE_36737-37596,562,2,347.3333333333333,193.66666666666663,222.00000000000009,231.66666666666663,inside_visible,866.0282000000001,733.768,1
zUdMBtK2UVE_36737-37596,563,1,966.842105263158,63.31578947368421,148.0,176.0,outside_frame,508.7205,296.729625,1
zUdMBtK2UVE_36737-37596,563,2,369.0,200.0,222.0,226.0,inside_visible,865.9092400000001,734.8634000000001,1
zUdMBtK2UVE_36737-37596,564,1,967.421052631579,63.1578947368421,148.0,176.0,outside_frame,523.152,295.228,1
zUdMBtK2UVE_36737-37596,564,2,396.0,200.0,222.0,226.0,inside_visible,865.79028,735.9588,1
zUdMBtK2UVE_36737-37596,565,1,968.0,63.0,148.0,176.0,inside_visible,548.453,331.372,1
zUdMBtK2UVE_36737-37596,565,2,423.0,203.0,222.0,233.0,inside_visible,865.67132,737.0542,1
zUdMBtK2UVE_36737-37596,566,1,970.3333333333334,64.66666666666667,147.9999999999999,174.33333333333331,inside_visible,583.393,656.674,1
zUdMBtK2UVE_36737-37596,566,2,445.0,203.0,222.0,233.0,inside_visible,865.55236,738.1496000000001,1
zUdMBtK2UVE_36737-37596,567,1,972.6666666666666,66.33333333333333,148.0000000000001,172.66666666666669,inside_visible,706.285,791.614,1
zUdMBtK2UVE_36737-37596,567,2,464.0,204.0,222.0,243.0,inside_visible,865.4334,739.245,1
zUdMBtK2UVE_36737-37596,568,1,975.0,68.0,148.0,171.0,inside_visible,703.8753333333333,790.4093333333334,1
zUdMBtK2UVE_36737-37596,568,2,484.0,215.0,222.0,233.0,inside_visible,865.31444,740.3404,1
zUdMBtK2UVE_36737-37596,569,1,975.8,68.6,148.0,171.0,inside_visible,701.4656666666667,789.2046666666666,1
zUdMBtK2UVE_36737-37596,569,2,498.0,216.0,222.0,233.0,inside_visible,865.19548,741.4358000000001,1
zUdMBtK2UVE_36737-37596,570,1,976.6,69.2,147.9999999999999,171.0,inside_visible,699.056,788.0,1
zUdMBtK2UVE_36737-37596,570,2,509.0,214.0,217.0,240.0,inside_visible,865.0765200000001,742.5312,1
zUdMBtK2UVE_36737-37596,571,1,977.4,69.8,148.0000000000001,171.0,inside_visible,754.478,745.831,1
zUdMBtK2UVE_36737-37596,571,2,521.0,219.0,212.5,236.5,inside_visible,864.9575600000001,743.6266,1
zUdMBtK2UVE_36737-37596,572,1,978.2,70.4,148.0,171.0,inside_visible,783.973,728.064,1
zUdMBtK2UVE_36737-37596,572,2,533.0,224.0,208.0,233.0,inside_visible,864.8386,744.7220000000001,1
zUdMBtK2UVE_36737-37596,573,1,979.0,71.0,148.0,171.0,inside_visible,801.721,717.224,1
zUdMBtK2UVE_36737-37596,573,2,541.0,229.0,208.0,233.0,inside_visible,864.71964,745.8174,1
zUdMBtK2UVE_36737-37596,574,1,977.8571428571428,71.0,148.0,171.0,inside_visible,835.303,698.467,1
zUdMBtK2UVE_36737-37596,574,2,541.75,229.5,205.25,232.0,inside_visible,864.60068,746.9128000000001,1
zUdMBtK2UVE_36737-37596,575,1,976.7142857142856,71.0,148.0000000000001,171.0,inside_visible,843.183,714.65,1
zUdMBtK2UVE_36737-37596,575,2,542.5,230.0,202.5,231.0,inside_visible,864.48172,748.0082,1
zUdMBtK2UVE_36737-37596,576,1,975.5714285714286,71.0,148.0000000000001,171.0,inside_visible,848.171,719.2662,1
zUdMBtK2UVE_36737-37596,576,2,543.25,230.5,199.75,230.0,inside_visible,864.36276,749.1036,1
zUdMBtK2UVE_36737-37596,577,1,974.4285714285714,71.0,147.9999999999999,171.0,inside_visible,853.159,723.8824,1
zUdMBtK2UVE_36737-37596,577,2,544.0,231.0,197.0,229.0,inside_visible,864.2438,750.1990000000001,1
zUdMBtK2UVE_36737-37596,578,1,973.2857142857144,71.0,147.9999999999999,171.0,inside_visible,858.147,728.4986,1
zUdMBtK2UVE_36737-37596,578,2,543.0,229.0,199.0,230.0,inside_visible,864.1248400000001,751.2944,1
zUdMBtK2UVE_36737-37596,579,1,972.1428571428572,71.0,148.0,171.0,inside_visible,863.135,733.1148,1
zUdMBtK2UVE_36737-37596,579,2,536.25,225.5,200.75,230.25,gaze_shift,864.00588,752.3898,1
zUdMBtK2UVE_36737-37596,580,1,971.0,71.0,148.0,171.0,inside_visible,868.123,737.731,1
zUdMBtK2UVE_36737-37596,580,2,529.5,222.0,202.5,230.5,gaze_shift,863.88692,753.4852000000001,1
zUdMBtK2UVE_36737-37596,581,1,971.125,71.16666666666667,148.0,171.0,inside_visible,860.8050000000001,729.6163333333333,1
zUdMBtK2UVE_36737-37596,581,2,522.75,218.5,204.25,230.75,gaze_shift,863.76796,754.5806,1
zUdMBtK2UVE_36737-37596,582,1,971.25,71.33333333333333,148.0,171.0,inside_visible,853.487,721.5016666666667,1
zUdMBtK2UVE_36737-37596,582,2,516.0,215.0,206.0,231.0,gaze_shift,863.649,755.676,1
zUdMBtK2UVE_36737-37596,583,1,971.375,71.5,148.0,171.0,inside_visible,846.169,713.387,1
zUdMBtK2UVE_36737-37596,583,2,498.6666666666667,210.55555555555557,207.77777777777777,231.33333333333337,inside_visible,666.623,570.958,1
zUdMBtK2UVE_36737-37596,584,1,971.5,71.66666666666667,148.0,171.0,inside_visible,850.557875,713.387,1
zUdMBtK2UVE_36737-37596,584,2,481.3333333333333,206.11111111111111,209.5555555555556,231.66666666666663,inside_visible,665.3343333333333,563.6248333333333,1
zUdMBtK2UVE_36737-37596,585,1,971.625,71.83333333333333,148.0,171.0,inside_visible,854.94675,713.387,1
zUdMBtK2UVE_36737-37596,585,2,464.0,201.66666666666663,211.33333333333337,232.00000000000003,inside_visible,664.0456666666666,556.2916666666666,1
zUdMBtK2UVE_36737-37596,586,1,971.75,72.0,148.0,171.0,inside_visible,859.3356249999999,713.387,1
zUdMBtK2UVE_36737-37596,586,2,446.6666666666667,197.22222222222223,213.11111111111117,232.3333333333333,inside_visible,662.7570000000001,548.9585,1
zUdMBtK2UVE_36737-37596,587,1,971.875,72.16666666666667,148.0,171.0,inside_visible,863.7245,713.387,1
zUdMBtK2UVE_36737-37596,587,2,429.3333333333333,192.77777777777777,214.88888888888889,232.66666666666669,inside_visible,661.4683333333334,541.6253333333333,1
zUdMBtK2UVE_36737-37596,588,1,972.0,72.33333333333333,148.0,171.0,inside_visible,868.113375,713.387,1
zUdMBtK2UVE_36737-37596,588,2,412.0,188.33333333333331,216.66666666666663,233.0,inside_visible,660.1796666666667,534.2921666666666,1
zUdMBtK2UVE_36737-37596,589,1,972.125,72.5,148.0,171.0,inside_visible,872.50225,713.387,1
zUdMBtK2UVE_36737-37596,589,2,394.6666666666667,183.88888888888889,218.4444444444444,233.33333333333331,inside_visible,658.891,526.959,1
zUdMBtK2UVE_36737-37596,590,1,972.25,72.66666666666667,148.0,171.0,inside_visible,876.891125,713.387,1
zUdMBtK2UVE_36737-37596,590,2,377.33333333333337,179.44444444444446,220.22222222222217,233.66666666666663,inside_visible,652.891,519.29225,1
zUdMBtK2UVE_36737-37596,591,1,972.375,72.83333333333333,148.0,171.0,inside_visible,881.28,713.387,1
zUdMBtK2UVE_36737-37596,591,2,360.0,175.0,222.0,234.0,inside_visible,646.891,511.6255,1
zUdMBtK2UVE_36737-37596,592,1,972.5,73.0,148.0,171.0,inside_visible,879.502,724.054,1
zUdMBtK2UVE_36737-37596,592,2,331.0,178.0,222.0,234.0,inside_visible,640.891,503.95875,1
zUdMBtK2UVE_36737-37596,593,1,972.625,73.16666666666667,148.0,171.0,inside_visible,640.835,502.721,1
zUdMBtK2UVE_36737-37596,593,2,308.0,159.0,222.0,234.0,inside_visible,634.891,496.292,1
zUdMBtK2UVE_36737-37596,594,1,972.75,73.33333333333333,148.0,171.0,inside_visible,635.0573333333333,505.3876666666667,1
zUdMBtK2UVE_36737-37596,594,2,299.0,159.0,222.0,234.0,inside_visible,625.5577499999999,493.62525,1
zUdMBtK2UVE_36737-37596,595,1,972.875,73.5,148.0,171.0,inside_visible,629.2796666666667,508.0543333333333,1
zUdMBtK2UVE_36737-37596,595,2,282.75,158.75,222.0,234.0,inside_visible,616.2245,490.9585,1
zUdMBtK2UVE_36737-37596,596,1,973.0,73.66666666666667,148.0,171.0,inside_visible,623.502,510.721,1
zUdMBtK2UVE_36737-37596,596,2,266.5,158.5,222.0,234.0,inside_visible,606.89125,488.29175,1
zUdMBtK2UVE_36737-37596,597,1,973.125,73.83333333333333,148.0,171.0,inside_visible,616.391,501.832,1
zUdMBtK2UVE_36737-37596,597,2,250.25,158.25,222.0,234.0,inside_visible,597.558,485.625,1
zUdMBtK2UVE_36737-37596,598,1,973.25,74.0,148.0,171.0,inside_visible,609.28,492.943,1
zUdMBtK2UVE_36737-37596,598,2,234.0,158.0,222.0,234.0,inside_visible,591.7803333333334,484.2916666666667,1
zUdMBtK2UVE_36737-37596,599,1,973.375,74.16666666666667,148.0,171.0,inside_visible,602.169,484.054,1
zUdMBtK2UVE_36737-37596,599,2,224.6,158.6,222.00000000000003,234.00000000000003,inside_visible,586.0026666666666,482.9583333333333,1
zUdMBtK2UVE_36737-37596,600,1,973.5,74.33333333333333,148.0,171.0,inside_visible,592.836,484.054,1
zUdMBtK2UVE_36737-37596,600,2,215.2,159.2,222.0,234.0,inside_visible,580.225,481.625,1
zUdMBtK2UVE_36737-37596,601,1,973.625,74.5,148.0,171.0,inside_visible,589.2803333333334,478.72066666666666,1
zUdMBtK2UVE_36737-37596,601,2,205.8,159.8,222.0,234.0,inside_visible,577.225,475.625,1
zUdMBtK2UVE_36737-37596,602,1,973.75,74.66666666666667,148.0,171.0,inside_visible,585.7246666666666,473.3873333333333,1
zUdMBtK2UVE_36737-37596,602,2,196.4,160.4,222.0,234.0,inside_visible,574.225,469.625,1
zUdMBtK2UVE_36737-37596,603,1,973.875,74.83333333333333,148.0,171.0,inside_visible,582.169,468.054,1
zUdMBtK2UVE_36737-37596,603,2,187.0,161.0,222.0,234.0,inside_visible,571.225,463.625,1
zUdMBtK2UVE_36737-37596,604,1,974.0,75.0,148.0,171.0,inside_visible,576.8354999999999,460.054,1
zUdMBtK2UVE_36737-37596,604,2,181.57142857142856,160.14285714285714,223.0,234.00000000000003,inside_visible,568.225,457.625,1
zUdMBtK2UVE_36737-37596,605,1,973.5217391304348,74.82608695652173,148.0,171.0,inside_visible,571.502,452.054,1
zUdMBtK2UVE_36737-37596,605,2,176.14285714285714,159.28571428571428,224.00000000000003,234.0,inside_visible,565.89175,454.95825,1
zUdMBtK2UVE_36737-37596,606,1,973.0434782608696,74.65217391304348,147.9999999999999,171.0,inside_visible,571.252,450.804,1
zUdMBtK2UVE_36737-37596,606,2,170.71428571428572,158.42857142857142,225.0,234.00000000000003,inside_visible,563.5585000000001,452.2915,1
zUdMBtK2UVE_36737-37596,607,1,972.5652173913044,74.47826086956522,147.9999999999999,171.0,inside_visible,571.002,449.554,1
zUdMBtK2UVE_36737-37596,607,2,165.28571428571428,157.57142857142858,226.0,234.0,inside_visible,561.2252500000001,449.62475,1
zUdMBtK2UVE_36737-37596,608,1,972.0869565217392,74.30434782608695,148.0000000000001,171.0,inside_visible,570.752,448.304,1
zUdMBtK2UVE_36737-37596,608,2,159.85714285714286,156.71428571428572,227.0,234.0,inside_visible,558.892,446.958,1
zUdMBtK2UVE_36737-37596,609,1,971.608695652174,74.1304347826087,148.0000000000001,171.0,inside_visible,570.502,447.054,1
zUdMBtK2UVE_36737-37596,609,2,154.42857142857144,155.85714285714286,228.0,234.0,inside_visible,550.0350000000001,430.863,1
zUdMBtK2UVE_36737-37596,610,1,971.1304347826087,73.95652173913044,148.0,171.0,inside_visible,570.252,445.804,1
zUdMBtK2UVE_36737-37596,610,2,149.0,155.0,229.0,234.0,inside_visible,541.178,414.768,1
zUdMBtK2UVE_36737-37596,611,1,970.6521739130436,73.78260869565217,148.0,171.0,inside_visible,570.002,444.554,1
zUdMBtK2UVE_36737-37596,611,2,148.44444444444446,155.0,229.0,234.0,inside_visible,542.3208,416.6726,1
zUdMBtK2UVE_36737-37596,612,1,970.1739130434784,73.6086956521739,148.0,171.0,inside_visible,569.752,443.304,1
zUdMBtK2UVE_36737-37596,612,2,147.88888888888889,155.0,229.00000000000003,234.0,inside_visible,543.4636,418.5772,1
zUdMBtK2UVE_36737-37596,613,1,969.695652173913,73.43478260869566,148.0,171.0,inside_visible,569.502,442.054,1
zUdMBtK2UVE_36737-37596,613,2,147.33333333333334,155.0,229.0,234.0,inside_visible,544.6064,420.4818,1
zUdMBtK2UVE_36737-37596,614,1,969.217391304348,73.26086956521739,147.9999999999999,171.0,inside_visible,569.252,440.804,1
zUdMBtK2UVE_36737-37596,614,2,146.77777777777777,155.0,229.0,234.0,inside_visible,545.7492000000001,422.3864,1
zUdMBtK2UVE_36737-37596,615,1,968.7391304347826,73.08695652173913,147.9999999999999,171.0,inside_visible,569.002,439.554,1
zUdMBtK2UVE_36737-37596,615,2,146.22222222222223,155.0,229.0,234.0,inside_visible,546.892,424.291,1
zUdMBtK2UVE_36737-37596,616,1,968.2608695652174,72.91304347826087,148.0000000000001,171.0,inside_visible,568.752,438.304,1
zUdMBtK2UVE_36737-37596,616,2,145.66666666666666,155.0,229.00000000000003,234.0,inside_visible,546.058625,425.01325,1
zUdMBtK2UVE_36737-37596,617,1,967.782608695652,72.73913043478261,148.0000000000001,171.0,inside_visible,568.502,437.054,1
zUdMBtK2UVE_36737-37596,617,2,145.11111111111111,155.0,229.0,234.0,inside_visible,545.2252500000001,425.7355,1
zUdMBtK2UVE_36737-37596,618,1,967.304347826087,72.56521739130434,148.0,171.0,inside_visible,568.252,435.804,1
zUdMBtK2UVE_36737-37596,618,2,144.55555555555554,155.0,229.0,234.0,inside_visible,544.391875,426.45775,1
zUdMBtK2UVE_36737-37596,619,1,966.8260869565216,72.3913043478261,148.0,171.0,inside_visible,568.002,434.554,1
zUdMBtK2UVE_36737-37596,619,2,144.0,155.0,229.0,234.0,inside_visible,543.5585000000001,427.18,1
zUdMBtK2UVE_36737-37596,620,1,966.3478260869564,72.21739130434783,148.0,171.0,inside_visible,567.752,433.304,1
zUdMBtK2UVE_36737-37596,620,2,145.44444444444446,155.88888888888889,229.0,234.88888888888889,inside_visible,542.725125,427.90225,1
zUdMBtK2UVE_36737-37596,621,1,965.8695652173913,72.04347826086956,148.0,171.0,inside_visible,567.502,432.054,1
zUdMBtK2UVE_36737-37596,621,2,146.88888888888889,156.77777777777777,229.00000000000003,235.77777777777777,inside_visible,541.89175,428.6245,1
zUdMBtK2UVE_36737-37596,622,1,965.391304347826,71.8695652173913,147.9999999999999,171.0,inside_visible,566.3908333333333,442.4985,1
zUdMBtK2UVE_36737-37596,622,2,148.33333333333334,157.66666666666666,229.0,236.66666666666663,inside_visible,541.0583750000001,429.34675,1
zUdMBtK2UVE_36737-37596,623,1,964.9130434782608,71.69565217391305,147.9999999999999,171.0,inside_visible,565.2796666666667,452.943,1
zUdMBtK2UVE_36737-37596,623,2,149.77777777777777,158.55555555555554,229.0,237.55555555555557,inside_visible,540.225,430.069,1
zUdMBtK2UVE_36737-37596,624,1,964.4347826086956,71.52173913043478,148.0000000000001,171.0,inside_visible,564.1685,463.3875,1
zUdMBtK2UVE_36737-37596,624,2,151.22222222222223,159.44444444444446,229.0,238.44444444444449,inside_visible,537.89175,446.29125,1
zUdMBtK2UVE_36737-37596,625,1,963.9565217391304,71.34782608695652,148.0000000000001,171.0,inside_visible,563.0573333333333,473.832,1
zUdMBtK2UVE_36737-37596,625,2,152.66666666666666,160.33333333333334,229.00000000000003,239.33333333333331,inside_visible,535.5585000000001,462.5135,1
zUdMBtK2UVE_36737-37596,626,1,963.4782608695652,71.17391304347827,148.0,171.0,inside_visible,561.9461666666667,484.2765,1
zUdMBtK2UVE_36737-37596,626,2,154.11111111111111,161.22222222222223,229.0,240.22222222222223,inside_visible,533.2252500000001,478.73575000000005,1
zUdMBtK2UVE_36737-37596,627,1,963.0,71.0,148.0,171.0,inside_visible,560.835,494.721,1
zUdMBtK2UVE_36737-37596,627,2,155.55555555555554,162.11111111111111,229.0,241.11111111111111,inside_visible,530.892,494.958,1
zUdMBtK2UVE_36737-37596,628,1,962.9545454545456,71.07575757575758,148.0,171.0,inside_visible,530.168,522.721,1
zUdMBtK2UVE_36737-37596,628,2,157.0,163.0,229.0,242.0,inside_visible,509.599,534.68,1
zUdMBtK2UVE_36737-37596,629,1,962.9090909090908,71.15151515151516,148.0000000000001,171.0,inside_visible,524.835,542.721,1
zUdMBtK2UVE_36737-37596,629,2,158.5,162.83333333333334,229.0,242.0,inside_visible,504.9325,554.68,1
zUdMBtK2UVE_36737-37596,630,1,962.8636363636364,71.22727272727273,147.9999999999999,171.0,inside_visible,528.1685,554.0545,1
zUdMBtK2UVE_36737-37596,630,2,160.0,162.66666666666666,229.0,242.00000000000003,inside_visible,500.266,574.68,1
zUdMBtK2UVE_36737-37596,631,1,962.818181818182,71.3030303030303,147.9999999999999,171.0,inside_visible,531.502,565.388,1
zUdMBtK2UVE_36737-37596,631,2,161.5,162.5,229.0,242.0,inside_visible,496.266,584.68,1
zUdMBtK2UVE_36737-37596,632,1,962.7727272727273,71.37878787878788,148.0,171.0,inside_visible,530.169,588.055,1
zUdMBtK2UVE_36737-37596,632,2,163.0,162.33333333333334,229.0,242.0,inside_visible,492.266,594.68,1
zUdMBtK2UVE_36737-37596,633,1,962.7272727272727,71.45454545454545,148.0,171.0,inside_visible,528.8354999999999,596.055,1
zUdMBtK2UVE_36737-37596,633,2,164.5,162.16666666666666,229.0,242.00000000000003,inside_visible,485.599,606.68,1
zUdMBtK2UVE_36737-37596,634,1,962.681818181818,71.53030303030303,148.0000000000001,171.0,inside_visible,527.502,604.055,1
zUdMBtK2UVE_36737-37596,634,2,166.0,162.0,229.0,242.0,inside_visible,482.9325,612.68,1
zUdMBtK2UVE_36737-37596,635,1,962.6363636363636,71.60606060606061,148.0000000000001,171.0,inside_visible,527.502,614.722,1
zUdMBtK2UVE_36737-37596,635,2,170.33333333333334,161.83333333333334,229.0,242.0,inside_visible,480.266,618.68,1
zUdMBtK2UVE_36737-37596,636,1,962.5909090909092,71.68181818181819,147.9999999999999,171.0,inside_visible,529.7321428571428,615.23,1
zUdMBtK2UVE_36737-37596,636,2,174.66666666666666,161.66666666666666,229.00000000000003,242.00000000000003,inside_visible,483.9994,617.88,1
zUdMBtK2UVE_36737-37596,637,1,962.5454545454544,71.75757575757575,148.0,171.0,inside_visible,531.9622857142857,615.7379999999999,1
zUdMBtK2UVE_36737-37596,637,2,179.0,161.5,229.0,242.0,inside_visible,487.7328,617.0799999999999,1
zUdMBtK2UVE_36737-37596,638,1,962.5,71.83333333333333,148.0,171.0,inside_visible,534.1924285714285,616.246,1
zUdMBtK2UVE_36737-37596,638,2,183.33333333333331,161.33333333333334,229.0,242.0,inside_visible,491.4662,616.28,1
zUdMBtK2UVE_36737-37596,639,1,962.4545454545456,71.9090909090909,148.0,171.0,inside_visible,536.4225714285715,616.754,1
zUdMBtK2UVE_36737-37596,639,2,187.66666666666663,161.16666666666666,229.00000000000003,242.00000000000003,inside_visible,495.1996,615.4799999999999,1
zUdMBtK2UVE_36737-37596,640,1,962.4090909090908,71.98484848484848,148.0000000000001,171.0,inside_visible,538.6527142857143,617.2620000000001,1
zUdMBtK2UVE_36737-37596,640,2,192.0,161.0,229.0,242.0,inside_visible,498.933,614.68,1
zUdMBtK2UVE_36737-37596,641,1,962.3636363636364,72.06060606060606,147.9999999999999,171.0,inside_visible,540.8828571428572,617.77,1
zUdMBtK2UVE_36737-37596,641,2,196.0,161.28571428571428,229.0,242.0,inside_visible,487.4885,618.3465,1
zUdMBtK2UVE_36737-37596,642,1,962.318181818182,72.13636363636364,147.9999999999999,171.0,inside_visible,543.113,618.278,1
zUdMBtK2UVE_36737-37596,642,2,200.0,161.57142857142858,229.0,242.0,inside_visible,476.044,622.013,1
zUdMBtK2UVE_36737-37596,643,1,962.2727272727273,72.21212121212122,148.0,171.0,inside_visible,537.724,664.5,1
zUdMBtK2UVE_36737-37596,643,2,204.0,161.85714285714286,229.0,242.0,inside_visible,474.6,673.68,1
zUdMBtK2UVE_36737-37596,644,1,962.2272727272727,72.28787878787878,148.0,171.0,inside_visible,555.502,670.722,1
zUdMBtK2UVE_36737-37596,644,2,208.0,162.14285714285714,229.0,242.00000000000003,inside_visible,473.6,677.347,1
zUdMBtK2UVE_36737-37596,645,1,962.181818181818,72.36363636363636,148.0000000000001,171.0,inside_visible,550.111,665.146,1
zUdMBtK2UVE_36737-37596,645,2,212.0,162.42857142857142,229.0,242.00000000000003,inside_visible,479.2114,674.9574,1
zUdMBtK2UVE_36737-37596,646,1,962.1363636363636,72.43939393939394,148.0000000000001,171.0,inside_visible,554.3776,667.0126,1
zUdMBtK2UVE_36737-37596,646,2,216.0,162.71428571428572,229.0,242.0,inside_visible,484.8228,672.5678,1
zUdMBtK2UVE_36737-37596,647,1,962.0909090909092,72.51515151515152,147.9999999999999,171.0,inside_visible,558.6442,668.8792,1
zUdMBtK2UVE_36737-37596,647,2,220.0,163.0,229.0,242.0,inside_visible,490.4342,670.1782,1
zUdMBtK2UVE_36737-37596,648,1,962.0454545454544,72.5909090909091,148.0,171.0,inside_visible,562.9108,670.7458,1
zUdMBtK2UVE_36737-37596,648,2,222.28571428571428,163.85714285714286,229.0,242.0,inside_visible,496.0456,667.7886,1
zUdMBtK2UVE_36737-37596,649,1,962.0,72.66666666666667,148.0,171.0,inside_visible,567.1773999999999,672.6124,1
zUdMBtK2UVE_36737-37596,649,2,224.57142857142856,164.71428571428572,229.0,242.0,inside_visible,501.657,665.399,1
zUdMBtK2UVE_36737-37596,650,1,961.9545454545456,72.74242424242425,148.0,171.0,inside_visible,571.444,674.479,1
zUdMBtK2UVE_36737-37596,650,2,226.8571428571429,165.57142857142858,229.0,242.0,inside_visible,504.99,668.732,1
zUdMBtK2UVE_36737-37596,651,1,961.9090909090908,72.81818181818181,148.0000000000001,171.0,inside_visible,569.3487142857142,673.1457142857143,1
zUdMBtK2UVE_36737-37596,651,2,229.14285714285717,166.42857142857142,229.00000000000003,242.00000000000003,inside_visible,465.657,618.732,1
zUdMBtK2UVE_36737-37596,652,1,961.8636363636364,72.89393939393939,147.9999999999999,171.0,inside_visible,567.2534285714286,671.8124285714285,1
zUdMBtK2UVE_36737-37596,652,2,231.42857142857144,167.28571428571428,229.00000000000003,242.0,inside_visible,462.512,618.3045,1
zUdMBtK2UVE_36737-37596,653,1,961.818181818182,72.96969696969697,147.9999999999999,171.0,inside_visible,565.1581428571428,670.4791428571428,1
zUdMBtK2UVE_36737-37596,653,2,233.7142857142857,168.14285714285714,229.0,242.00000000000003,inside_visible,459.367,617.877,1
zUdMBtK2UVE_36737-37596,654,1,961.7727272727273,73.04545454545455,148.0,171.0,inside_visible,563.0628571428572,669.1458571428572,1
zUdMBtK2UVE_36737-37596,654,2,236.0,169.0,229.0,242.0,inside_visible,462.4145714285714,618.4484285714285,1
zUdMBtK2UVE_36737-37596,655,1,961.7272727272727,73.12121212121212,148.0,171.0,inside_visible,560.9675714285714,667.8125714285715,1
zUdMBtK2UVE_36737-37596,655,2,236.0,169.25,229.0,242.0,inside_visible,465.4621428571429,619.0198571428571,1
zUdMBtK2UVE_36737-37596,656,1,961.681818181818,73.1969696969697,148.0000000000001,171.0,inside_visible,558.8722857142858,666.4792857142857,1
zUdMBtK2UVE_36737-37596,656,2,236.0,169.5,229.0,242.0,inside_visible,468.5097142857143,619.5912857142856,1
zUdMBtK2UVE_36737-37596,657,1,961.6363636363636,73.27272727272727,148.0000000000001,171.0,inside_visible,556.777,665.146,1
zUdMBtK2UVE_36737-37596,657,2,236.0,169.75,229.0,242.0,inside_visible,471.55728571428574,620.1627142857143,1
zUdMBtK2UVE_36737-37596,658,1,961.5909090909092,73.34848484848484,147.9999999999999,171.0,inside_visible,539.444,637.146,1
zUdMBtK2UVE_36737-37596,658,2,236.0,170.0,229.0,242.0,inside_visible,474.6048571428572,620.7341428571428,1
zUdMBtK2UVE_36737-37596,659,1,961.5454545454544,73.42424242424242,148.0,171.0,inside_visible,515.444,619.813,1
zUdMBtK2UVE_36737-37596,659,2,236.0,170.25,229.0,242.0,inside_visible,477.6524285714286,621.3055714285714,1
zUdMBtK2UVE_36737-37596,660,1,961.5,73.5,148.0,171.0,inside_visible,513.8885,618.4796666666666,1
zUdMBtK2UVE_36737-37596,660,2,236.0,170.5,229.0,242.0,inside_visible,480.7,621.877,1
zUdMBtK2UVE_36737-37596,661,1,961.4545454545456,73.57575757575758,148.0,171.0,inside_visible,512.333,617.1463333333334,1
zUdMBtK2UVE_36737-37596,661,2,236.0,170.75,229.0,242.0,inside_visible,480.7,615.877,1
zUdMBtK2UVE_36737-37596,662,1,961.4090909090908,73.65151515151516,148.0000000000001,171.0,inside_visible,510.7775,615.813,1
zUdMBtK2UVE_36737-37596,662,2,236.0,171.0,229.0,242.0,inside_visible,480.7,609.877,1
zUdMBtK2UVE_36737-37596,663,1,961.3636363636364,73.72727272727273,147.9999999999999,171.0,inside_visible,509.222,614.4796666666666,1
zUdMBtK2UVE_36737-37596,663,2,233.28571428571428,170.71428571428572,229.0,242.0,inside_visible,479.533375,608.043625,1
zUdMBtK2UVE_36737-37596,664,1,961.318181818182,73.8030303030303,147.9999999999999,171.0,inside_visible,507.6665,613.1463333333334,1
zUdMBtK2UVE_36737-37596,664,2,230.57142857142856,170.42857142857142,229.0,242.00000000000003,inside_visible,478.36675,606.21025,1
zUdMBtK2UVE_36737-37596,665,1,961.2727272727273,73.87878787878788,148.0,171.0,inside_visible,506.111,611.813,1
zUdMBtK2UVE_36737-37596,665,2,227.8571428571429,170.14285714285714,229.0,242.00000000000003,inside_visible,477.200125,604.3768749999999,1
zUdMBtK2UVE_36737-37596,666,1,961.2272727272727,73.95454545454545,148.0,171.0,inside_visible,504.3333333333333,612.702,1
zUdMBtK2UVE_36737-37596,666,2,225.14285714285717,169.85714285714286,229.00000000000003,242.0,inside_visible,476.0335,602.5435,1
zUdMBtK2UVE_36737-37596,667,1,961.181818181818,74.03030303030303,148.0000000000001,171.0,inside_visible,502.5556666666667,613.591,1
zUdMBtK2UVE_36737-37596,667,2,222.42857142857144,169.57142857142858,229.00000000000003,242.0,inside_visible,474.866875,600.7101250000001,1
zUdMBtK2UVE_36737-37596,668,1,961.1363636363636,74.10606060606061,148.0000000000001,171.0,inside_visible,500.778,614.48,1
zUdMBtK2UVE_36737-37596,668,2,219.7142857142857,169.28571428571428,229.0,242.0,inside_visible,473.70025,598.87675,1
zUdMBtK2UVE_36737-37596,669,1,961.0909090909092,74.18181818181819,147.9999999999999,171.0,inside_visible,498.44475,612.81325,1
zUdMBtK2UVE_36737-37596,669,2,217.0,169.0,229.0,242.0,inside_visible,472.533625,597.043375,1
zUdMBtK2UVE_36737-37596,670,1,961.0454545454544,74.25757575757575,148.0,171.0,inside_visible,496.1115,611.1465000000001,1
zUdMBtK2UVE_36737-37596,670,2,217.0,169.0,229.0,243.375,inside_visible,471.367,595.21,1
zUdMBtK2UVE_36737-37596,671,1,961.0,74.33333333333333,148.0,171.0,inside_visible,493.77825,609.47975,1
zUdMBtK2UVE_36737-37596,671,2,217.0,169.0,229.0,244.75,inside_visible,470.700375,594.71,1
zUdMBtK2UVE_36737-37596,672,1,960.9545454545456,74.4090909090909,148.0,171.0,inside_visible,491.445,607.813,1
zUdMBtK2UVE_36737-37596,672,2,217.0,169.0,229.0,246.125,inside_visible,470.03375,594.21,1
zUdMBtK2UVE_36737-37596,673,1,960.9090909090908,74.48484848484848,148.0000000000001,171.0,inside_visible,488.6673333333333,603.702,1
zUdMBtK2UVE_36737-37596,673,2,217.0,169.0,229.0,247.5,inside_visible,469.367125,593.71,1
zUdMBtK2UVE_36737-37596,674,1,960.8636363636364,74.56060606060606,147.9999999999999,171.0,inside_visible,485.8896666666667,599.591,1
zUdMBtK2UVE_36737-37596,674,2,217.0,169.0,229.0,248.875,inside_visible,468.7005,593.21,1
zUdMBtK2UVE_36737-37596,675,1,960.818181818182,74.63636363636364,147.9999999999999,171.0,inside_visible,483.112,595.48,1
zUdMBtK2UVE_36737-37596,675,2,217.0,169.0,229.0,250.25,inside_visible,468.033875,592.71,1
zUdMBtK2UVE_36737-37596,676,1,960.7727272727273,74.71212121212122,148.0,171.0,inside_visible,674.112,667.813,1
zUdMBtK2UVE_36737-37596,676,2,217.0,169.0,229.0,251.625,inside_visible,467.36725,592.21,1
zUdMBtK2UVE_36737-37596,677,1,960.7272727272727,74.78787878787878,148.0,171.0,inside_visible,674.7035555555556,668.0124444444444,1
zUdMBtK2UVE_36737-37596,677,2,217.0,169.0,229.0,253.0,inside_visible,466.700625,591.71,1
zUdMBtK2UVE_36737-37596,678,1,960.681818181818,74.86363636363636,148.0000000000001,171.0,inside_visible,675.295111111111,668.2118888888889,1
zUdMBtK2UVE_36737-37596,678,2,216.41379310344828,169.0,229.0,253.0,inside_visible,466.034,591.21,1
zUdMBtK2UVE_36737-37596,679,1,960.6363636363636,74.93939393939394,148.0000000000001,171.0,inside_visible,675.8866666666667,668.4113333333333,1
zUdMBtK2UVE_36737-37596,679,2,215.8275862068965,169.0,229.00000000000003,253.0,inside_visible,467.6530714285714,589.3052142857143,1
zUdMBtK2UVE_36737-37596,680,1,960.5909090909092,75.01515151515152,147.9999999999999,171.0,inside_visible,676.4782222222223,668.6107777777778,1
zUdMBtK2UVE_36737-37596,680,2,215.24137931034485,169.0,229.0,253.0,inside_visible,469.27214285714285,587.4004285714286,1
zUdMBtK2UVE_36737-37596,681,1,960.5454545454544,75.0909090909091,148.0,171.0,inside_visible,677.0697777777777,668.8102222222221,1
zUdMBtK2UVE_36737-37596,681,2,214.6551724137931,169.0,229.0,253.0,inside_visible,470.8912142857143,585.4956428571429,1
zUdMBtK2UVE_36737-37596,682,1,960.5,75.16666666666667,148.0,171.0,inside_visible,677.6613333333333,669.0096666666666,1
zUdMBtK2UVE_36737-37596,682,2,214.06896551724137,169.0,229.00000000000003,253.0,inside_visible,472.5102857142857,583.5908571428572,1
zUdMBtK2UVE_36737-37596,683,1,960.4545454545456,75.24242424242425,148.0,171.0,inside_visible,678.252888888889,669.209111111111,1
zUdMBtK2UVE_36737-37596,683,2,213.48275862068965,169.0,229.0,253.0,inside_visible,474.1293571428572,581.6860714285715,1
zUdMBtK2UVE_36737-37596,684,1,960.4090909090908,75.31818181818181,148.0000000000001,171.0,inside_visible,678.8444444444444,669.4085555555555,1
zUdMBtK2UVE_36737-37596,684,2,212.89655172413796,169.0,229.0,253.0,inside_visible,475.7484285714286,579.7812857142858,1
zUdMBtK2UVE_36737-37596,685,1,960.3636363636364,75.39393939393939,147.9999999999999,171.0,inside_visible,679.436,669.608,1
zUdMBtK2UVE_36737-37596,685,2,212.31034482758625,169.0,229.0,253.0,inside_visible,477.3675,577.8765000000001,1
zUdMBtK2UVE_36737-37596,686,1,960.318181818182,75.46969696969697,147.9999999999999,171.0,inside_visible,678.5159782608696,667.1526739130434,1
zUdMBtK2UVE_36737-37596,686,2,211.72413793103448,169.0,229.0,253.0,inside_visible,478.9865714285714,575.9717142857143,1
zUdMBtK2UVE_36737-37596,687,1,960.2727272727273,75.54545454545455,148.0,171.0,inside_visible,677.5959565217391,664.6973478260869,1
zUdMBtK2UVE_36737-37596,687,2,211.1379310344828,169.0,229.0,253.0,inside_visible,480.60564285714287,574.0669285714285,1
zUdMBtK2UVE_36737-37596,688,1,960.2272727272727,75.62121212121212,148.0,171.0,inside_visible,676.6759347826087,662.2420217391303,1
zUdMBtK2UVE_36737-37596,688,2,210.55172413793105,169.0,229.0,253.0,inside_visible,482.2247142857143,572.1621428571428,1
zUdMBtK2UVE_36737-37596,689,1,960.181818181818,75.6969696969697,148.0000000000001,171.0,inside_visible,675.7559130434782,659.7866956521739,1
zUdMBtK2UVE_36737-37596,689,2,209.9655172413793,169.0,229.0,253.0,inside_visible,483.8437857142857,570.2573571428571,1
zUdMBtK2UVE_36737-37596,690,1,960.1363636363636,75.77272727272728,148.0000000000001,171.0,inside_visible,674.8358913043479,657.3313695652173,1
zUdMBtK2UVE_36737-37596,690,2,209.3793103448276,169.0,229.0,253.0,inside_visible,485.4628571428572,568.3525714285714,1
zUdMBtK2UVE_36737-37596,691,1,960.0909090909092,75.84848484848484,147.9999999999999,171.0,inside_visible,673.9158695652175,654.8760434782608,1
zUdMBtK2UVE_36737-37596,691,2,208.79310344827587,169.0,229.0,253.0,inside_visible,487.0819285714286,566.4477857142857,1
zUdMBtK2UVE_36737-37596,692,1,960.0454545454544,75.92424242424242,148.0,171.0,inside_visible,672.995847826087,652.4207173913043,1
zUdMBtK2UVE_36737-37596,692,2,208.20689655172413,169.0,229.0,253.0,inside_visible,488.701,564.543,1
zUdMBtK2UVE_36737-37596,693,1,960.0,76.0,148.0,171.0,inside_visible,672.0758260869566,649.9653913043478,1
zUdMBtK2UVE_36737-37596,693,2,207.6206896551724,169.0,229.00000000000003,253.0,inside_visible,486.701,564.87625,1
zUdMBtK2UVE_36737-37596,694,1,958.2352941176472,76.29411764705883,148.0,171.0,inside_visible,671.1558043478261,647.5100652173912,1
zUdMBtK2UVE_36737-37596,694,2,207.0344827586207,169.0,229.0,253.0,inside_visible,484.701,565.2094999999999,1
zUdMBtK2UVE_36737-37596,695,1,956.470588235294,76.58823529411765,148.0,171.0,inside_visible,670.2357826086957,645.0547391304348,1
zUdMBtK2UVE_36737-37596,695,2,206.44827586206893,169.0,229.0,253.0,inside_visible,482.701,565.54275,1
zUdMBtK2UVE_36737-37596,696,1,954.7058823529412,76.88235294117646,148.0,171.0,inside_visible,669.3157608695652,642.5994130434782,1
zUdMBtK2UVE_36737-37596,696,2,205.86206896551724,169.0,229.00000000000003,253.0,inside_visible,480.701,565.876,1
zUdMBtK2UVE_36737-37596,697,1,952.9411764705884,77.17647058823529,148.0,171.0,inside_visible,668.3957391304348,640.1440869565217,1
zUdMBtK2UVE_36737-37596,697,2,205.27586206896552,169.0,229.0,253.0,inside_visible,487.59,567.431,1
zUdMBtK2UVE_36737-37596,698,1,951.1764705882352,77.47058823529412,148.0000000000001,171.0,inside_visible,667.4757173913043,637.6887608695652,1
zUdMBtK2UVE_36737-37596,698,2,204.68965517241375,169.0,229.0,253.0,inside_visible,537.146,568.987,1
zUdMBtK2UVE_36737-37596,699,1,949.4117647058824,77.76470588235294,148.0000000000001,171.0,inside_visible,666.555695652174,635.2334347826087,1
zUdMBtK2UVE_36737-37596,699,2,204.1034482758621,169.0,229.00000000000003,253.0,inside_visible,551.368,560.543,1
zUdMBtK2UVE_36737-37596,700,1,947.6470588235294,78.05882352941177,148.0000000000001,171.0,inside_visible,665.6356739130435,632.7781086956521,1
zUdMBtK2UVE_36737-37596,700,2,203.51724137931035,169.0,229.0,253.0,inside_visible,542.3050000000001,550.586,1
zUdMBtK2UVE_36737-37596,701,1,945.8823529411764,78.3529411764706,148.0000000000001,171.0,inside_visible,664.7156521739131,630.3227826086957,1
zUdMBtK2UVE_36737-37596,701,2,202.93103448275863,169.0,229.0,253.0,inside_visible,533.242,540.629,1
zUdMBtK2UVE_36737-37596,702,1,944.1176470588236,78.6470588235294,147.9999999999999,171.0,inside_visible,663.7956304347827,627.8674565217391,1
zUdMBtK2UVE_36737-37596,702,2,202.3448275862069,169.0,229.00000000000003,253.0,inside_visible,526.131,543.2956666666666,1
zUdMBtK2UVE_36737-37596,703,1,942.3529411764706,78.94117647058823,147.9999999999999,171.0,inside_visible,662.8756086956522,625.4121304347826,1
zUdMBtK2UVE_36737-37596,703,2,201.7586206896552,169.0,229.0,253.0,inside_visible,519.02,545.9623333333334,1
zUdMBtK2UVE_36737-37596,704,1,940.5882352941176,79.23529411764706,147.9999999999999,171.0,inside_visible,661.9555869565218,622.956804347826,1
zUdMBtK2UVE_36737-37596,704,2,201.17241379310343,169.0,229.0,253.0,inside_visible,511.909,548.629,1
zUdMBtK2UVE_36737-37596,705,1,938.8235294117648,79.52941176470588,147.9999999999999,171.0,inside_visible,661.0355652173913,620.5014782608696,1
zUdMBtK2UVE_36737-37596,705,2,200.5862068965517,169.0,229.00000000000003,253.0,inside_visible,505.2423333333333,555.2956666666666,1
zUdMBtK2UVE_36737-37596,706,1,937.0588235294116,79.82352941176471,148.0,171.0,inside_visible,660.1155434782609,618.046152173913,1
zUdMBtK2UVE_36737-37596,706,2,200.0,169.0,229.0,253.0,inside_visible,498.5756666666667,561.9623333333334,1
zUdMBtK2UVE_36737-37596,707,1,935.2941176470588,80.11764705882354,148.0,171.0,inside_visible,659.1955217391304,615.5908260869564,1
zUdMBtK2UVE_36737-37596,707,2,199.83333333333331,170.0,228.83333333333331,253.0,inside_visible,491.909,568.629,1
zUdMBtK2UVE_36737-37596,708,1,933.529411764706,80.41176470588235,148.0,171.0,inside_visible,658.2755,613.1355,1
zUdMBtK2UVE_36737-37596,708,2,199.66666666666663,171.0,228.66666666666663,253.0,inside_visible,486.5757142857143,570.9147142857144,1
zUdMBtK2UVE_36737-37596,709,1,931.7647058823528,80.70588235294117,148.0,171.0,inside_visible,657.3554782608696,610.6801739130435,1
zUdMBtK2UVE_36737-37596,709,2,199.5,172.0,228.5,253.0,inside_visible,481.24242857142855,573.2004285714286,1
zUdMBtK2UVE_36737-37596,710,1,930.0,81.0,148.0,171.0,inside_visible,656.4354565217392,608.224847826087,1
zUdMBtK2UVE_36737-37596,710,2,199.33333333333331,173.0,228.33333333333331,253.0,inside_visible,475.90914285714285,575.4861428571429,1
zUdMBtK2UVE_36737-37596,711,1,924.6,81.0,147.9999999999999,171.0,inside_visible,655.5154347826087,605.7695217391304,1
zUdMBtK2UVE_36737-37596,711,2,199.16666666666663,174.0,228.16666666666663,253.0,inside_visible,470.5758571428572,577.7718571428571,1
zUdMBtK2UVE_36737-37596,712,1,919.2,81.0,148.0,171.0,inside_visible,654.5954130434783,603.3141956521739,1
zUdMBtK2UVE_36737-37596,712,2,199.0,175.0,228.0,253.0,inside_visible,465.24257142857147,580.0575714285715,1
zUdMBtK2UVE_36737-37596,713,1,913.8,81.0,148.0,171.0,inside_visible,653.6753913043478,600.8588695652173,1
zUdMBtK2UVE_36737-37596,713,2,200.125,175.125,227.875,253.0,inside_visible,459.9092857142857,582.3432857142857,1
zUdMBtK2UVE_36737-37596,714,1,908.4,81.0,148.0000000000001,171.0,inside_visible,652.7553695652174,598.4035434782609,1
zUdMBtK2UVE_36737-37596,714,2,201.25,175.25,227.75,253.0,inside_visible,454.576,584.629,1
zUdMBtK2UVE_36737-37596,715,1,903.0,81.0,148.0,171.0,inside_visible,651.835347826087,595.9482173913043,1
zUdMBtK2UVE_36737-37596,715,2,202.375,175.375,227.625,253.0,inside_visible,454.8425,585.7845,1
zUdMBtK2UVE_36737-37596,716,1,895.6666666666666,78.33333333333333,148.0000000000001,171.0,inside_visible,650.9153260869565,593.4928913043478,1
zUdMBtK2UVE_36737-37596,716,2,203.5,175.5,227.5,253.0,inside_visible,455.109,586.94,1
zUdMBtK2UVE_36737-37596,717,1,888.3333333333334,75.66666666666667,147.9999999999999,171.0,inside_visible,649.995304347826,591.0375652173913,1
zUdMBtK2UVE_36737-37596,717,2,204.625,175.625,227.375,253.0,inside_visible,455.3755,588.0955,1
zUdMBtK2UVE_36737-37596,718,1,881.0,73.0,148.0,171.0,inside_visible,649.0752826086957,588.5822391304348,1
zUdMBtK2UVE_36737-37596,718,2,205.75,175.75,227.25,253.0,inside_visible,455.642,589.251,1
zUdMBtK2UVE_36737-37596,719,1,879.3333333333334,78.33333333333333,147.9999999999999,171.0,inside_visible,648.1552608695653,586.1269130434782,1
zUdMBtK2UVE_36737-37596,719,2,206.875,175.875,227.125,253.0,inside_visible,635.909,813.74,1
zUdMBtK2UVE_36737-37596,720,1,877.6666666666666,83.66666666666667,148.0000000000001,171.0,inside_visible,647.2352391304348,583.6715869565218,1
zUdMBtK2UVE_36737-37596,720,2,208.0,176.0,227.0,253.0,inside_visible,630.576,809.962,1
zUdMBtK2UVE_36737-37596,721,1,876.0,89.0,148.0,171.0,inside_visible,646.3152173913044,581.2162608695652,1
zUdMBtK2UVE_36737-37596,721,2,207.5,174.75,226.75,253.0,inside_visible,628.9495000000001,811.6949999999999,1
zUdMBtK2UVE_36737-37596,722,1,866.0,96.33333333333331,148.0,171.0,inside_visible,645.3951956521739,578.7609347826087,1
zUdMBtK2UVE_36737-37596,722,2,207.0,173.5,226.5,253.0,inside_visible,627.3230000000001,813.428,1
zUdMBtK2UVE_36737-37596,723,1,856.0,103.66666666666669,148.0,171.0,inside_visible,644.4751739130435,576.3056086956522,1
zUdMBtK2UVE_36737-37596,723,2,206.5,172.25,226.25,253.0,inside_visible,625.6965,815.1610000000001,1
zUdMBtK2UVE_36737-37596,724,1,846.0,111.0,148.0,171.0,inside_visible,643.555152173913,573.8502826086957,1
zUdMBtK2UVE_36737-37596,724,2,206.0,171.0,226.0,253.0,inside_visible,624.07,816.894,1
zUdMBtK2UVE_36737-37596,725,1,834.0,124.5,148.0,171.0,inside_visible,642.6351304347826,571.3949565217391,1
zUdMBtK2UVE_36737-37596,725,2,205.33333333333331,171.33333333333334,225.66666666666663,253.0,inside_visible,432.685,580.675,1
zUdMBtK2UVE_36737-37596,726,1,822.0,138.0,148.0,171.0,inside_visible,641.7151086956521,568.9396304347827,1
zUdMBtK2UVE_36737-37596,726,2,204.66666666666663,171.66666666666666,225.33333333333331,253.00000000000003,inside_visible,439.507,589.217,1
zUdMBtK2UVE_36737-37596,727,1,811.0,162.0,148.0,171.0,inside_visible,640.7950869565218,566.4843043478261,1
zUdMBtK2UVE_36737-37596,727,2,204.0,172.0,225.0,253.0,inside_visible,440.329,585.093,1
zUdMBtK2UVE_36737-37596,728,1,798.0,189.0,148.0,171.0,inside_visible,639.8750652173914,564.0289782608695,1
zUdMBtK2UVE_36737-37596,728,2,208.75,172.5,225.0,253.0,inside_visible,440.58,588.017,1
zUdMBtK2UVE_36737-37596,729,1,779.0,219.0,148.0,171.0,inside_visible,638.9550434782609,561.573652173913,1
zUdMBtK2UVE_36737-37596,729,2,213.5,173.0,225.0,253.0,inside_visible,442.3715,589.751,1
zUdMBtK2UVE_36737-37596,730,1,768.0,243.0,148.0,171.0,inside_visible,638.0350217391305,559.1183260869566,1
zUdMBtK2UVE_36737-37596,730,2,218.25,173.5,225.0,253.0,inside_visible,444.163,591.485,1
zUdMBtK2UVE_36737-37596,731,1,757.0,267.0,148.0,171.0,inside_visible,637.115,556.663,1
zUdMBtK2UVE_36737-37596,731,2,223.0,174.0,225.0,253.0,inside_visible,637.521,571.532,1
zUdMBtK2UVE_36737-37596,732,1,747.5,295.0,148.0,171.0,inside_visible,660.243,591.039,1
zUdMBtK2UVE_36737-37596,732,2,224.66666666666663,172.0,224.66666666666663,253.0,inside_visible,669.757,617.47,1
zUdMBtK2UVE_36737-37596,733,1,738.0,323.0,148.0,171.0,inside_visible,659.371,613.415,1
zUdMBtK2UVE_36737-37596,733,2,226.33333333333331,170.0,224.33333333333331,253.0,inside_visible,667.3475,628.3135,1
zUdMBtK2UVE_36737-37596,734,1,735.0,350.0,148.0,166.0,inside_visible,658.5,611.79,1
zUdMBtK2UVE_36737-37596,734,2,228.0,168.0,224.0,253.0,inside_visible,664.938,639.157,1
zUdMBtK2UVE_36737-37596,735,1,738.0,361.0,148.0,166.0,inside_visible,662.154,633.739,1
zUdMBtK2UVE_36737-37596,735,2,239.0,169.25,222.5,251.0,inside_visible,668.938,690.515,1
zUdMBtK2UVE_36737-37596,736,1,735.8,360.0,148.0,166.0,inside_visible,663.436,642.941,1
zUdMBtK2UVE_36737-37596,736,2,250.0,170.5,221.0,249.0,inside_visible,664.938,693.872,1
zUdMBtK2UVE_36737-37596,737,1,733.6,359.0,148.0,166.0,inside_visible,697.221,640.824,1
zUdMBtK2UVE_36737-37596,737,2,261.0,171.75,219.5,247.0,inside_visible,659.7415,704.8275,1
zUdMBtK2UVE_36737-37596,738,1,731.4,358.0,148.0,166.0,inside_visible,697.221,648.1575,1
zUdMBtK2UVE_36737-37596,738,2,272.0,173.0,218.0,245.0,inside_visible,654.545,715.783,1
zUdMBtK2UVE_36737-37596,739,1,729.2,357.0,148.0,166.0,inside_visible,697.221,655.491,1
zUdMBtK2UVE_36737-37596,739,2,282.6666666666667,174.33333333333334,218.66666666666663,242.0,inside_visible,650.015,714.739,1
zUdMBtK2UVE_36737-37596,740,1,727.0,356.0,148.0,166.0,inside_visible,695.6653333333334,656.2686666666666,1
zUdMBtK2UVE_36737-37596,740,2,293.3333333333333,175.66666666666666,219.3333333333333,239.00000000000003,inside_visible,656.34825,715.739,1
zUdMBtK2UVE_36737-37596,741,1,730.25,357.25,148.0,166.0,inside_visible,694.1096666666666,657.0463333333333,1
zUdMBtK2UVE_36737-37596,741,2,304.0,177.0,220.0,236.0,inside_visible,662.6814999999999,716.739,1
zUdMBtK2UVE_36737-37596,742,1,733.5,358.5,148.0,166.0,inside_visible,692.554,657.824,1
zUdMBtK2UVE_36737-37596,742,2,315.0,178.0,220.66666666666663,241.3333333333333,inside_visible,669.0147499999999,717.739,1
zUdMBtK2UVE_36737-37596,743,1,736.75,359.75,148.0,166.0,inside_visible,694.554,715.491,1
zUdMBtK2UVE_36737-37596,743,2,326.0,179.0,221.33333333333337,246.66666666666669,inside_visible,675.348,718.739,1
zUdMBtK2UVE_36737-37596,744,1,740.0,361.0,148.0,166.0,inside_visible,692.2035,715.998,1
zUdMBtK2UVE_36737-37596,744,2,337.0,180.0,222.0,252.0,inside_visible,676.237,725.4056666666667,1
zUdMBtK2UVE_36737-37596,745,1,740.0,359.0,148.0,166.0,inside_visible,689.8530000000001,716.505,1
zUdMBtK2UVE_36737-37596,745,2,350.0,178.33333333333334,222.0,252.0,inside_visible,677.126,732.0723333333334,1
zUdMBtK2UVE_36737-37596,746,1,740.0,357.0,148.0,166.0,inside_visible,687.5025,717.012,1
zUdMBtK2UVE_36737-37596,746,2,363.0,176.66666666666666,222.0,252.00000000000003,inside_visible,678.015,738.739,1
zUdMBtK2UVE_36737-37596,747,1,740.0,355.0,148.0,166.0,inside_visible,685.152,717.519,1
zUdMBtK2UVE_36737-37596,747,2,376.0,175.0,222.0,252.0,inside_visible,676.6816666666666,738.739,1
zUdMBtK2UVE_36737-37596,748,1,740.0,353.0,148.0,166.0,inside_visible,683.6853000000001,715.6523,1
zUdMBtK2UVE_36737-37596,748,2,391.0,171.0,222.0,252.0,inside_visible,675.3483333333334,738.739,1
zUdMBtK2UVE_36737-37596,749,1,741.5,347.5,148.0,166.0,inside_visible,682.2186,713.7856,1
zUdMBtK2UVE_36737-37596,749,2,399.0,176.33333333333334,222.0,248.33333333333331,inside_visible,674.015,738.739,1
zUdMBtK2UVE_36737-37596,750,1,743.0,342.0,148.0,166.0,inside_visible,680.7519,711.9189,1
zUdMBtK2UVE_36737-37596,750,2,407.0,181.66666666666663,222.0,244.66666666666663,inside_visible,672.68175,737.40575,1
zUdMBtK2UVE_36737-37596,751,1,742.7,340.1,148.0,166.0,inside_visible,679.2852,710.0522,1
zUdMBtK2UVE_36737-37596,751,2,415.0,187.0,222.0,241.0,inside_visible,671.3485000000001,736.0725,1
zUdMBtK2UVE_36737-37596,752,1,742.4,338.2,148.0,166.0,inside_visible,677.8185000000001,708.1855,1
zUdMBtK2UVE_36737-37596,752,2,418.5,185.0,220.5,241.0,inside_visible,670.01525,734.73925,1
zUdMBtK2UVE_36737-37596,753,1,742.1,336.3,148.0,166.0,inside_visible,676.3518,706.3188,1
zUdMBtK2UVE_36737-37596,753,2,422.0,183.0,219.0,241.0,inside_visible,668.682,733.406,1
zUdMBtK2UVE_36737-37596,754,1,741.8,334.4,148.0,166.0,inside_visible,674.8851,704.4521,1
zUdMBtK2UVE_36737-37596,754,2,425.5,181.0,217.5,241.0,inside_visible,656.0155,734.7394999999999,1
zUdMBtK2UVE_36737-37596,755,1,741.5,332.5,148.0,166.0,inside_visible,673.4184,702.5853999999999,1
zUdMBtK2UVE_36737-37596,755,2,429.0,179.0,216.0,241.0,inside_visible,643.349,736.073,1
zUdMBtK2UVE_36737-37596,756,1,741.2,330.6,148.0,166.0,inside_visible,671.9517000000001,700.7187,1
zUdMBtK2UVE_36737-37596,756,2,421.5,178.5,215.0,241.0,inside_visible,686.016,698.74,1
zUdMBtK2UVE_36737-37596,757,1,740.9,328.7,148.0,166.0,inside_visible,670.485,698.852,1
zUdMBtK2UVE_36737-37596,757,2,414.0,178.0,214.0,241.0,inside_visible,679.349,686.74,1
zUdMBtK2UVE_36737-37596,758,1,740.6,326.8,148.0,166.0,inside_visible,679.1514999999999,676.852,1
zUdMBtK2UVE_36737-37596,758,2,395.0,166.0,213.0,241.0,inside_visible,666.6825,676.74,1
zUdMBtK2UVE_36737-37596,759,1,740.3,324.9,148.0,166.0,inside_visible,687.818,654.852,1
zUdMBtK2UVE_36737-37596,759,2,383.0,168.0,213.0,241.0,inside_visible,654.016,666.74,1
zUdMBtK2UVE_36737-37596,760,1,740.0,323.0,148.0,166.0,inside_visible,694.4845,629.5184999999999,1
zUdMBtK2UVE_36737-37596,760,2,371.0,170.0,213.0,241.0,inside_visible,614.016,636.073,1
zUdMBtK2UVE_36737-37596,761,1,737.25,314.75,148.0,166.0,inside_visible,701.151,604.185,1
zUdMBtK2UVE_36737-37596,761,2,359.0,172.0,213.0,241.0,inside_visible,580.683,602.74,1
zUdMBtK2UVE_36737-37596,762,1,734.5,306.5,148.0,166.0,inside_visible,702.484,585.518,1
zUdMBtK2UVE_36737-37596,762,2,347.0,174.0,213.0,241.0,inside_visible,560.683,593.407,1
zUdMBtK2UVE_36737-37596,763,1,731.75,298.25,148.0,166.0,inside_visible,703.817,554.851,1
zUdMBtK2UVE_36737-37596,763,2,335.0,176.0,213.0,241.0,inside_visible,538.016,585.407,1
zUdMBtK2UVE_36737-37596,764,1,729.0,290.0,148.0,166.0,inside_visible,729.15,521.518,1
zUdMBtK2UVE_36737-37596,764,2,322.0,172.0,213.0,241.0,inside_visible,526.016,588.074,1
zUdMBtK2UVE_36737-37596,765,1,726.0,277.0,148.0,166.0,inside_visible,547.817,599.518,1
zUdMBtK2UVE_36737-37596,765,2,309.0,168.0,213.0,241.0,inside_visible,492.683,574.741,1
zUdMBtK2UVE_36737-37596,766,1,726.0,266.0,148.0,166.0,inside_visible,550.484,584.185,1
zUdMBtK2UVE_36737-37596,766,2,296.0,164.0,213.0,241.0,inside_visible,491.01625,569.07425,1
zUdMBtK2UVE_36737-37596,767,1,721.0,253.0,148.0,166.0,inside_visible,545.9286666666667,576.8516666666666,1
zUdMBtK2UVE_36737-37596,767,2,289.0,163.71428571428572,213.0,241.0,inside_visible,489.3495,563.4075,1
zUdMBtK2UVE_36737-37596,768,1,721.0,234.0,148.0,166.0,inside_visible,541.3733333333333,569.5183333333333,1
zUdMBtK2UVE_36737-37596,768,2,282.0,163.42857142857142,213.0,241.00000000000003,inside_visible,487.68275,557.7407499999999,1
zUdMBtK2UVE_36737-37596,769,1,718.0,223.0,148.0,166.0,inside_visible,536.818,562.185,1
zUdMBtK2UVE_36737-37596,769,2,275.0,163.14285714285714,213.0,241.00000000000003,inside_visible,486.016,552.074,1
zUdMBtK2UVE_36737-37596,770,1,713.0,201.0,148.0,166.0,inside_visible,570.645,554.53,1
zUdMBtK2UVE_36737-37596,770,2,268.0,162.85714285714286,213.0,241.0,inside_visible,486.016,544.074,1
zUdMBtK2UVE_36737-37596,771,1,713.0,190.0,148.0,166.0,inside_visible,779.399,499.381,1
zUdMBtK2UVE_36737-37596,771,2,261.0,162.57142857142858,213.0,241.0,inside_visible,485.3495,538.074,1
zUdMBtK2UVE_36737-37596,772,1,710.0,168.0,148.0,166.0,inside_visible,829.117,902.063,1
zUdMBtK2UVE_36737-37596,772,2,254.0,162.28571428571428,213.0,241.0,inside_visible,484.683,532.074,1
zUdMBtK2UVE_36737-37596,773,1,707.0,149.0,140.0,171.0,inside_visible,819.799,881.853,1
zUdMBtK2UVE_36737-37596,773,2,247.0,162.0,213.0,241.0,inside_visible,489.3495,526.074,1
zUdMBtK2UVE_36737-37596,774,1,705.5,137.0,140.0,171.0,inside_visible,819.345,892.548,1
zUdMBtK2UVE_36737-37596,774,2,246.0,162.0,213.0,241.0,inside_visible,494.016,520.074,1
zUdMBtK2UVE_36737-37596,775,1,704.0,125.0,140.0,171.0,outside_frame,820.349,893.6667619047619,1
zUdMBtK2UVE_36737-37596,775,2,245.0,162.0,213.0,241.0,inside_visible,502.016,513.407,1
zUdMBtK2UVE_36737-37596,776,1,704.0,106.0,140.0,171.0,outside_frame,821.3530000000001,894.7855238095239,1
zUdMBtK2UVE_36737-37596,776,2,239.0,163.66666666666666,215.3333333333333,241.00000000000003,inside_visible,508.683,513.407,1
zUdMBtK2UVE_36737-37596,777,1,701.5,100.5,140.0,171.0,outside_frame,822.357,895.9042857142857,1
zUdMBtK2UVE_36737-37596,777,2,233.0,165.33333333333334,217.66666666666669,241.0,inside_visible,508.683,514.407,1
zUdMBtK2UVE_36737-37596,778,1,699.0,95.0,140.0,171.0,outside_frame,823.361,897.0230476190476,1
zUdMBtK2UVE_36737-37596,778,2,227.0,167.0,220.0,241.0,inside_visible,508.683,515.407,1
zUdMBtK2UVE_36737-37596,779,1,693.5,88.5,140.0,171.0,outside_frame,824.365,898.1418095238096,1
zUdMBtK2UVE_36737-37596,779,2,226.45,166.85,219.65000000000003,241.00000000000003,inside_visible,508.683,516.407,1
zUdMBtK2UVE_36737-37596,780,1,688.0,82.0,140.0,171.0,outside_frame,825.369,899.2605714285714,1
zUdMBtK2UVE_36737-37596,780,2,225.9,166.7,219.3,241.0,inside_visible,508.683,517.407,1
zUdMBtK2UVE_36737-37596,781,1,688.8461538461538,82.0,140.0,171.0,outside_frame,826.373,900.3793333333333,1
zUdMBtK2UVE_36737-37596,781,2,225.35,166.55,218.95,241.0,inside_visible,507.83454545454543,518.3767272727273,1
zUdMBtK2UVE_36737-37596,782,1,689.6923076923077,82.0,140.0,171.0,outside_frame,827.377,901.4980952380952,1
zUdMBtK2UVE_36737-37596,782,2,224.8,166.4,218.6,241.0,inside_visible,506.9860909090909,519.3464545454545,1
zUdMBtK2UVE_36737-37596,783,1,690.5384615384615,82.0,140.0,171.0,outside_frame,828.381,902.6168571428572,1
zUdMBtK2UVE_36737-37596,783,2,224.25,166.25,218.25,241.0,inside_visible,506.1376363636364,520.3161818181818,1
zUdMBtK2UVE_36737-37596,784,1,691.3846153846154,82.0,140.0,171.0,outside_frame,829.385,903.735619047619,1
zUdMBtK2UVE_36737-37596,784,2,223.7,166.1,217.90000000000003,241.00000000000003,inside_visible,505.2891818181818,521.2859090909091,1
zUdMBtK2UVE_36737-37596,785,1,692.2307692307693,82.0,140.0,171.0,outside_frame,830.389,904.854380952381,1
zUdMBtK2UVE_36737-37596,785,2,223.15,165.95,217.55,241.0,inside_visible,504.44072727272726,522.2556363636363,1
zUdMBtK2UVE_36737-37596,786,1,693.0769230769231,82.0,140.0,171.0,outside_frame,831.393,905.9731428571428,1
zUdMBtK2UVE_36737-37596,786,2,222.6,165.8,217.2,241.0,inside_visible,503.5922727272728,523.2253636363637,1
zUdMBtK2UVE_36737-37596,787,1,693.9230769230769,82.0,140.0,171.0,outside_frame,832.397,907.0919047619047,1
zUdMBtK2UVE_36737-37596,787,2,222.05,165.65,216.85,241.0,inside_visible,502.7438181818182,524.1950909090909,1
zUdMBtK2UVE_36737-37596,788,1,694.7692307692307,82.0,140.0,171.0,outside_frame,833.401,908.2106666666668,1
zUdMBtK2UVE_36737-37596,788,2,221.5,165.5,216.5,241.0,inside_visible,501.8953636363637,525.1648181818182,1
zUdMBtK2UVE_36737-37596,789,1,695.6153846153846,82.0,140.0,171.0,outside_frame,834.405,909.3294285714286,1
zUdMBtK2UVE_36737-37596,789,2,220.95,165.35,216.15000000000003,241.00000000000003,inside_visible,501.0469090909091,526.1345454545454,1
zUdMBtK2UVE_36737-37596,790,1,696.4615384615385,82.0,140.0,171.0,outside_frame,835.409,910.4481904761903,1
zUdMBtK2UVE_36737-37596,790,2,220.4,165.2,215.8,241.0,inside_visible,500.1984545454546,527.1042727272727,1
zUdMBtK2UVE_36737-37596,791,1,697.3076923076923,82.0,140.0,171.0,outside_frame,836.413,911.5669523809524,1
zUdMBtK2UVE_36737-37596,791,2,219.85,165.05,215.45,241.0,inside_visible,499.35,528.074,1
zUdMBtK2UVE_36737-37596,792,1,698.1538461538462,82.0,140.0,171.0,outside_frame,837.417,912.6857142857144,1
zUdMBtK2UVE_36737-37596,792,2,219.3,164.9,215.1,241.0,inside_visible,499.2474615384616,528.4842307692307,1
zUdMBtK2UVE_36737-37596,793,1,699.0,82.0,140.0,171.0,outside_frame,838.4209999999999,913.8044761904762,1
zUdMBtK2UVE_36737-37596,793,2,218.75,164.75,214.75,241.0,inside_visible,499.1449230769231,528.8944615384615,1
zUdMBtK2UVE_36737-37596,794,1,701.6666666666666,83.66666666666667,140.0,171.0,outside_frame,839.425,914.9232380952382,1
zUdMBtK2UVE_36737-37596,794,2,218.2,164.6,214.40000000000003,241.00000000000003,inside_visible,499.0423846153846,529.3046923076923,1
zUdMBtK2UVE_36737-37596,795,1,704.3333333333334,85.33333333333333,140.0,171.0,gaze_shift,840.429,916.042,1
zUdMBtK2UVE_36737-37596,795,2,217.65,164.45,214.05,241.0,inside_visible,498.9398461538462,529.714923076923,1
zUdMBtK2UVE_36737-37596,796,1,707.0,87.0,140.0,171.0,gaze_shift,827.779,896.966,1
zUdMBtK2UVE_36737-37596,796,2,217.1,164.3,213.7,241.0,inside_visible,498.8373076923077,530.1251538461538,1
zUdMBtK2UVE_36737-37596,797,1,710.0,76.0,140.0,171.0,inside_visible,830.791,901.986,1
zUdMBtK2UVE_36737-37596,797,2,216.55,164.15,213.35,241.0,inside_visible,498.7347692307693,530.5353846153846,1
zUdMBtK2UVE_36737-37596,798,1,715.0,79.0,140.0,171.0,inside_visible,939.827,396.162,1
zUdMBtK2UVE_36737-37596,798,2,216.0,164.0,213.0,241.0,inside_visible,498.6322307692308,530.9456153846154,1
zUdMBtK2UVE_36737-37596,799,1,716.5,84.5,140.0,171.0,inside_visible,932.3455,391.971,1
zUdMBtK2UVE_36737-37596,799,2,215.0,164.66666666666666,218.0,241.00000000000003,inside_visible,498.5296923076923,531.3558461538462,1
zUdMBtK2UVE_36737-37596,800,1,718.0,90.0,140.0,171.0,inside_visible,924.864,387.78,1
zUdMBtK2UVE_36737-37596,800,2,214.0,165.33333333333334,223.0,241.0,inside_visible,498.4271538461538,531.766076923077,1
zUdMBtK2UVE_36737-37596,801,1,723.0,82.0,140.0,171.0,inside_visible,917.3825,383.589,1
zUdMBtK2UVE_36737-37596,801,2,213.0,166.0,228.0,241.0,inside_visible,498.3246153846154,532.1763076923077,1
zUdMBtK2UVE_36737-37596,802,1,723.0,82.0,140.0,182.0,inside_visible,909.901,379.398,1
zUdMBtK2UVE_36737-37596,802,2,213.25,166.75,227.25,241.0,inside_visible,498.22207692307694,532.5865384615385,1
zUdMBtK2UVE_36737-37596,803,1,727.0,82.0,140.0,182.0,inside_visible,902.4195,375.207,1
zUdMBtK2UVE_36737-37596,803,2,213.5,167.5,226.5,241.0,inside_visible,498.11953846153847,532.9967692307692,1
zUdMBtK2UVE_36737-37596,804,1,731.0,82.0,140.0,182.0,inside_visible,894.938,371.016,1
zUdMBtK2UVE_36737-37596,804,2,213.75,168.25,225.75,241.0,inside_visible,498.017,533.407,1
zUdMBtK2UVE_36737-37596,805,1,739.0,79.0,140.0,182.0,inside_visible,887.4565,366.825,1
zUdMBtK2UVE_36737-37596,805,2,214.0,169.0,225.0,241.0,inside_visible,498.4613333333333,535.7563333333334,1
zUdMBtK2UVE_36737-37596,806,1,739.32,79.0,140.0,182.0,inside_visible,879.975,362.634,1
zUdMBtK2UVE_36737-37596,806,2,213.0,169.66666666666666,224.3333333333333,241.00000000000003,inside_visible,498.90566666666666,538.1056666666667,1
zUdMBtK2UVE_36737-37596,807,1,739.64,79.0,140.0,182.0,inside_visible,879.975,363.5531111111112,1
zUdMBtK2UVE_36737-37596,807,2,212.0,170.33333333333334,223.66666666666669,241.0,inside_visible,499.35,540.455,1
zUdMBtK2UVE_36737-37596,808,1,739.96,79.0,140.0,182.0,inside_visible,879.975,364.47222222222223,1
zUdMBtK2UVE_36737-37596,808,2,211.0,171.0,223.0,241.0,inside_visible,499.7943333333333,542.8043333333334,1
zUdMBtK2UVE_36737-37596,809,1,740.28,79.0,140.0,182.0,inside_visible,879.975,365.39133333333336,1
zUdMBtK2UVE_36737-37596,809,2,212.5,171.5,222.5,241.0,inside_visible,500.2386666666666,545.1536666666667,1
zUdMBtK2UVE_36737-37596,810,1,740.6,79.0,140.0,182.0,inside_visible,879.975,366.3104444444445,1
zUdMBtK2UVE_36737-37596,810,2,214.0,172.0,222.0,241.0,inside_visible,500.683,547.503,1
zUdMBtK2UVE_36737-37596,811,1,740.92,79.0,140.0,182.0,inside_visible,879.975,367.2295555555556,1
zUdMBtK2UVE_36737-37596,811,2,214.0,171.0,221.3333333333333,241.0,inside_visible,647.35,808.074,1
zUdMBtK2UVE_36737-37596,812,1,741.24,79.0,140.0,182.0,inside_visible,879.975,368.14866666666666,1
zUdMBtK2UVE_36737-37596,812,2,214.0,170.0,220.66666666666669,241.0,inside_visible,646.357,808.756,1
zUdMBtK2UVE_36737-37596,813,1,741.56,79.0,140.0,182.0,inside_visible,879.975,369.0677777777778,1
zUdMBtK2UVE_36737-37596,813,2,214.0,169.0,220.0,241.0,inside_visible,645.364,809.438,1
zUdMBtK2UVE_36737-37596,814,1,741.88,79.0,140.0,182.0,inside_visible,879.975,369.98688888888887,1
zUdMBtK2UVE_36737-37596,814,2,218.0,168.8,219.4,241.0,inside_visible,649.530625,808.271375,1
zUdMBtK2UVE_36737-37596,815,1,742.2,79.0,140.0,182.0,inside_visible,879.975,370.906,1
zUdMBtK2UVE_36737-37596,815,2,222.0,168.6,218.8,241.00000000000003,inside_visible,653.69725,807.10475,1
zUdMBtK2UVE_36737-37596,816,1,742.52,79.0,140.0,182.0,inside_visible,879.975,371.8251111111112,1
zUdMBtK2UVE_36737-37596,816,2,226.0,168.4,218.2,241.0,inside_visible,657.863875,805.938125,1
zUdMBtK2UVE_36737-37596,817,1,742.84,79.0,140.0,182.0,inside_visible,879.975,372.7442222222222,1
zUdMBtK2UVE_36737-37596,817,2,230.0,168.2,217.6,241.0,inside_visible,662.0305000000001,804.7715000000001,1
zUdMBtK2UVE_36737-37596,818,1,743.16,79.0,140.0,182.0,inside_visible,879.975,373.66333333333336,1
zUdMBtK2UVE_36737-37596,818,2,234.0,168.0,217.0,241.0,inside_visible,666.197125,803.604875,1
zUdMBtK2UVE_36737-37596,819,1,743.48,79.0,140.0,182.0,inside_visible,879.975,374.5824444444444,1
zUdMBtK2UVE_36737-37596,819,2,244.5,169.5,216.5,241.0,inside_visible,670.36375,802.43825,1
zUdMBtK2UVE_36737-37596,820,1,743.8,79.0,140.0,182.0,inside_visible,879.975,375.5015555555556,1
zUdMBtK2UVE_36737-37596,820,2,255.0,171.0,216.0,241.0,inside_visible,674.530375,801.271625,1
zUdMBtK2UVE_36737-37596,821,1,744.12,79.0,140.0,182.0,inside_visible,879.975,376.42066666666665,1
zUdMBtK2UVE_36737-37596,821,2,265.5,172.5,215.5,241.0,inside_visible,678.697,800.105,1
zUdMBtK2UVE_36737-37596,822,1,744.44,79.0,140.0,182.0,inside_visible,879.975,377.3397777777778,1
zUdMBtK2UVE_36737-37596,822,2,276.0,174.0,215.0,241.0,inside_visible,678.1636,799.0384,1
zUdMBtK2UVE_36737-37596,823,1,744.76,79.0,140.0,182.0,inside_visible,879.975,378.25888888888886,1
zUdMBtK2UVE_36737-37596,823,2,290.6666666666667,177.0,214.3333333333333,241.0,inside_visible,677.6302,797.9718,1
zUdMBtK2UVE_36737-37596,824,1,745.08,79.0,140.0,182.0,inside_visible,879.975,379.178,1
zUdMBtK2UVE_36737-37596,824,2,305.3333333333333,180.0,213.66666666666669,241.0,inside_visible,677.0968,796.9052,1
zUdMBtK2UVE_36737-37596,825,1,745.4,79.0,140.0,182.0,inside_visible,879.975,380.09711111111113,1
zUdMBtK2UVE_36737-37596,825,2,320.0,183.0,213.0,241.0,inside_visible,676.5634,795.8386,1
zUdMBtK2UVE_36737-37596,826,1,745.72,79.0,140.0,182.0,inside_visible,879.975,381.0162222222222,1
zUdMBtK2UVE_36737-37596,826,2,331.6,184.0,213.0,241.0,inside_visible,676.03,794.772,1
zUdMBtK2UVE_36737-37596,827,1,746.04,79.0,140.0,182.0,inside_visible,879.975,381.93533333333335,1
zUdMBtK2UVE_36737-37596,827,2,343.2,185.0,213.00000000000009,241.0,inside_visible,681.3634999999999,800.1055,1
zUdMBtK2UVE_36737-37596,828,1,746.36,79.0,140.0,182.0,inside_visible,879.975,382.8544444444444,1
zUdMBtK2UVE_36737-37596,828,2,354.8,186.0,212.99999999999997,241.0,inside_visible,686.697,805.439,1
zUdMBtK2UVE_36737-37596,829,1,746.68,79.0,140.0,182.0,inside_visible,879.975,383.7735555555556,1
zUdMBtK2UVE_36737-37596,829,2,366.4,187.0,213.0,241.0,inside_visible,686.697,794.77225,1
zUdMBtK2UVE_36737-37596,830,1,747.0,79.0,140.0,182.0,inside_visible,879.975,384.6926666666666,1
zUdMBtK2UVE_36737-37596,830,2,378.0,188.0,213.0,241.0,inside_visible,686.697,784.1055,1
zUdMBtK2UVE_36737-37596,831,1,749.6666666666666,80.0,140.0,182.0,inside_visible,879.975,385.6117777777778,1
zUdMBtK2UVE_36737-37596,831,2,384.3333333333333,189.66666666666663,213.00000000000009,241.00000000000003,inside_visible,686.697,773.43875,1
zUdMBtK2UVE_36737-37596,832,1,752.3333333333334,81.0,140.0,182.0,inside_visible,879.975,386.53088888888885,1
zUdMBtK2UVE_36737-37596,832,2,390.6666666666667,191.33333333333331,212.99999999999997,241.0,inside_visible,686.697,762.772,1
zUdMBtK2UVE_36737-37596,833,1,755.0,82.0,140.0,182.0,inside_visible,879.975,387.45,1
zUdMBtK2UVE_36737-37596,833,2,397.0,193.0,213.0,241.0,inside_visible,689.364,712.105,1
zUdMBtK2UVE_36737-37596,834,1,753.1428571428571,82.0,140.0,182.0,inside_visible,879.975,388.3691111111111,1
zUdMBtK2UVE_36737-37596,834,2,396.6666666666667,192.66666666666663,212.99999999999997,241.00000000000003,inside_visible,682.697,676.105,1
zUdMBtK2UVE_36737-37596,835,1,751.2857142857143,82.0,140.0,182.0,inside_visible,879.975,389.2882222222222,1
zUdMBtK2UVE_36737-37596,835,2,396.3333333333333,192.33333333333331,213.00000000000009,241.0,inside_visible,678.697,641.438,1
zUdMBtK2UVE_36737-37596,836,1,749.4285714285714,82.0,140.0,182.0,inside_visible,879.975,390.2073333333333,1
zUdMBtK2UVE_36737-37596,836,2,396.0,192.0,213.0,241.0,inside_visible,662.0305000000001,606.1044999999999,1
zUdMBtK2UVE_36737-37596,837,1,747.5714285714286,82.0,140.0,182.0,inside_visible,879.975,391.1264444444444,1
zUdMBtK2UVE_36737-37596,837,2,386.0,190.0,213.0,241.0,inside_visible,645.364,570.771,1
zUdMBtK2UVE_36737-37596,838,1,745.7142857142857,82.0,140.0,182.0,inside_visible,879.975,392.0455555555556,1
zUdMBtK2UVE_36737-37596,838,2,375.8,189.0,212.99999999999997,241.0,inside_visible,634.697,548.104,1
zUdMBtK2UVE_36737-37596,839,1,743.8571428571429,82.0,140.0,182.0,inside_visible,879.975,392.9646666666666,1
zUdMBtK2UVE_36737-37596,839,2,365.6,188.0,213.0,241.0,inside_visible,622.515,528.4675,1
zUdMBtK2UVE_36737-37596,840,1,742.0,82.0,140.0,182.0,inside_visible,879.975,393.88377777777777,1
zUdMBtK2UVE_36737-37596,840,2,355.4,187.0,213.0,241.0,inside_visible,610.333,508.831,1
zUdMBtK2UVE_36737-37596,841,1,742.0,86.75,140.0,182.0,inside_visible,879.975,394.8028888888888,1
zUdMBtK2UVE_36737-37596,841,2,345.2,186.0,213.00000000000009,241.0,inside_visible,591.666,479.498,1
zUdMBtK2UVE_36737-37596,842,1,742.0,91.5,140.0,182.0,inside_visible,879.975,395.722,1
zUdMBtK2UVE_36737-37596,842,2,335.0,185.0,213.0,241.0,inside_visible,586.3325,476.8315,1
zUdMBtK2UVE_36737-37596,843,1,742.0,96.25,140.0,182.0,inside_visible,879.975,405.9718,1
zUdMBtK2UVE_36737-37596,843,2,325.3333333333333,181.0,213.00000000000009,241.0,inside_visible,580.999,474.165,1
zUdMBtK2UVE_36737-37596,844,1,742.0,101.0,140.0,182.0,inside_visible,879.975,416.2216,1
zUdMBtK2UVE_36737-37596,844,2,315.6666666666667,177.0,212.99999999999997,241.0,inside_visible,572.999,470.165,1
zUdMBtK2UVE_36737-37596,845,1,742.0,106.33333333333331,140.0,182.0,inside_visible,879.975,426.4714,1
zUdMBtK2UVE_36737-37596,845,2,306.0,173.0,213.0,241.0,inside_visible,564.999,466.165,1
zUdMBtK2UVE_36737-37596,846,1,742.0,111.66666666666669,140.0,182.0,inside_visible,879.975,436.7212,1
zUdMBtK2UVE_36737-37596,846,2,297.0,174.75,213.0,241.0,inside_visible,556.999,462.165,1
zUdMBtK2UVE_36737-37596,847,1,742.0,117.0,140.0,182.0,inside_visible,879.975,446.971,1
zUdMBtK2UVE_36737-37596,847,2,288.0,176.5,213.0,241.0,inside_visible,548.999,458.165,1
zUdMBtK2UVE_36737-37596,848,1,742.0,130.0,140.0,182.0,inside_visible,884.7945,458.6915,1
zUdMBtK2UVE_36737-37596,848,2,279.0,178.25,213.0,241.0,inside_visible,520.999,444.832,1
zUdMBtK2UVE_36737-37596,849,1,755.0,149.0,140.0,182.0,inside_visible,889.614,470.412,1
zUdMBtK2UVE_36737-37596,849,2,270.0,180.0,213.0,241.0,inside_visible,511.6656666666667,442.6096666666666,1
zUdMBtK2UVE_36737-37596,850,1,755.0,176.0,140.0,182.0,inside_visible,889.614,499.3275,1
zUdMBtK2UVE_36737-37596,850,2,261.0,178.66666666666666,213.0,241.00000000000003,inside_visible,502.3323333333333,440.3873333333333,1
zUdMBtK2UVE_36737-37596,851,1,763.0,199.0,140.0,182.0,inside_visible,889.614,528.243,1
zUdMBtK2UVE_36737-37596,851,2,252.0,177.33333333333334,213.0,241.0,inside_visible,492.999,438.165,1
zUdMBtK2UVE_36737-37596,852,1,771.0,222.0,140.0,182.0,inside_visible,889.614,537.882,1
zUdMBtK2UVE_36737-37596,852,2,243.0,176.0,213.0,241.0,inside_visible,491.2211666666667,432.3871666666667,1
zUdMBtK2UVE_36737-37596,853,1,778.0,245.0,140.0,182.0,inside_visible,895.2363333333334,561.9783333333334,1
zUdMBtK2UVE_36737-37596,853,2,236.0,180.0,213.0,241.0,inside_visible,489.4433333333333,426.6093333333333,1
zUdMBtK2UVE_36737-37596,854,1,785.0,268.0,140.0,182.0,inside_visible,900.8586666666666,586.0746666666666,1
zUdMBtK2UVE_36737-37596,854,2,225.5,175.5,220.0,245.0,inside_visible,487.6655,420.8315,1
zUdMBtK2UVE_36737-37596,855,1,790.0,281.0,140.0,182.0,inside_visible,906.481,610.171,1
zUdMBtK2UVE_36737-37596,855,2,215.0,171.0,227.0,249.0,inside_visible,485.8876666666667,415.0536666666667,1
zUdMBtK2UVE_36737-37596,856,1,787.0,300.0,140.0,182.0,inside_visible,906.481,619.8095000000001,1
zUdMBtK2UVE_36737-37596,856,2,212.4,172.0,226.0,247.4,inside_visible,484.1098333333333,409.2758333333333,1
zUdMBtK2UVE_36737-37596,857,1,798.0,313.0,140.0,182.0,inside_visible,906.481,629.448,1
zUdMBtK2UVE_36737-37596,857,2,209.8,173.0,225.0,245.8,inside_visible,482.332,403.498,1
zUdMBtK2UVE_36737-37596,858,1,802.0,318.5,140.0,182.0,inside_visible,938.3363333333332,624.9346666666667,1
zUdMBtK2UVE_36737-37596,858,2,207.2,174.0,224.0,244.2,inside_visible,496.9985,403.498,1
zUdMBtK2UVE_36737-37596,859,1,806.0,324.0,140.0,182.0,inside_visible,970.1916666666668,620.4213333333333,1
zUdMBtK2UVE_36737-37596,859,2,204.6,175.0,223.00000000000003,242.6,inside_visible,511.665,403.498,1
zUdMBtK2UVE_36737-37596,860,1,710.0,76.0,140.0,171.0,inside_visible,1002.047,615.908,1
zUdMBtK2UVE_36737-37596,860,2,202.0,176.0,222.0,241.0,inside_visible,511.665,403.498,1
